"step","frac_sig","within_mean","seed"
1e-04,1,1.90507171738858e-08,1
0.000112533558260077,1,2.41207951242236e-08,1
0.00012663801734674,1,3.05394661932617e-08,1
0.0001425102670303,1,3.86651315205374e-08,1
0.000160371874375133,1,4.89513082716919e-08,1
0.000180472176682717,1,6.19718177226861e-08,1
0.000203091762090474,1,7.84526172434719e-08,1
0.000228546386413499,1,9.93120249589017e-08,1
0.000257191380905935,1,1.2571152932849e-07,1
0.000289426612471675,1,1.59119953231891e-07,1
0.000325702065565979,1,2.01394454336012e-07,1
0.000366524123707963,1,2.5488273685108e-07,1
0.000412462638290136,1,3.22551975459707e-07,1
0.000464158883361278,1,4.08151352404698e-07,1
0.000522334507426684,1,5.16416857274931e-07,1
0.000587801607227492,1,6.53329183181821e-07,1
0.000661474064123015,1,8.26438259492936e-07,1
0.00074438030132517,1,1.04527132792211e-06,1
0.000837677640068293,1,1.32184562746644e-06,1
0.000942668455117886,1,1.67131189211579e-06,1
0.00106081835513945,1,2.11276117690154e-06,1
0.00119377664171444,1,2.67023527172814e-06,1
0.0013433993325989,1,3.37399041039985e-06,1
0.00151177507061566,1,4.26207546721326e-06,1
0.00170125427985259,1,5.38229971565574e-06,1
0.00191448197616996,1,6.79468192799859e-06,1
0.00215443469003189,1,8.57449254493018e-06,1
0.00242446201708233,1,1.08160243249585e-05,1
0.00272833337648677,1,1.3637254774314e-05,1
0.00307029062975785,1,1.71855962110628e-05,1
0.00345510729459222,1,2.16449669613983e-05,1
0.00388815518030809,1,2.72444602515109e-05,1
0.00437547937507419,1,3.42689360386301e-05,1
0.00492388263170674,1,4.30719153345835e-05,1
0.0055410203300095,1,5.40912162825511e-05,1
0.00623550734127392,1,6.78678358421127e-05,1
0.00701703828670383,1,8.50686495742029e-05,1
0.00789652286849973,1,0.000106513573551692,1
0.0088862381627434,1,0.000133207905416494,1
0.01,1,0.000166380634434282,1
0.0106002584880688,1,0.000185592794600899,1
0.0112365480013875,1,0.000206951706858599,1
0.0119110313328301,1,0.00023068593531706,1
0.0126260010987486,1,0.000257046691848043,1
0.0133838875317376,1,0.000286309846614514,1
0.014187266741166,1,0.000318778087962888,1
0.0150388694695541,1,0.00035478323968575,1
0.01594159037456,1,0.000394688743859284,1
0.0168984978681246,1,0.000438892317658235,1
0.0179128445462201,1,0.000487828792752239,1
0.0189880782446526,1,0.000541973146115192,1
0.0201278537584994,1,0.000601843731313576,1
0.0213360452650141,1,0.000668005719613702,1
0.0226167594922287,1,0.000741074760544753,1
0.0239743496780108,1,0.000821720871916491,1
0.0254134303670264,1,0.000910672569678024,1
0.0269388930959017,1,0.00100872124848694,1
0.0285559230199011,1,0.0011167258243875,1
0.0302700165376346,1,0.0012356176516353,1
0.0320869999737045,1,0.00136640572642431,1
0.0340130493827925,1,0.00151018219110775,1
0.0360547115425051,1,0.00166812815345952,1
0.0382189262063312,1,0.00184151983660568,1
0.0405130496923538,1,0.00203173507648381,1
0.0429448798878928,1,0.002240260185074,1
0.0455226827550731,1,0.0024686971991897,1
0.0482552204274128,1,0.00271877153635125,1
0.0511517809929315,1,0.0029923400811756,1
0.0542222100650159,1,0.00329139972784573,1
0.0574769442483535,1,0.00361809640655496,1
0.0609270466136868,1,0.0039747346243939,1
0.0645842443019698,1,0.00436378755396829,1
0.0684609683857466,1,0.00478790770610687,1
0.0725703961232421,1,0.00524993822639971,1
0.0769264957487914,1,0.00575292485896933,1
0.0815440739518516,1,0.00630012862489557,1
0.0864388262059827,1,0.00689503926709098,1
0.0916273901188674,1,0.00754138951820248,1
0.0971274019847117,1,0.00824317025335183,1
0.102957556731251,1,0.00900464659525478,1
0.109137671465127,1,0.00983037504555891,1
0.115688752831628,1,0.0107252217231786,1
0.122633068417756,1,0.0116943817980769,1
0.129994222441325,1,0.0127434002174551,1
0.137797235983356,1,0.0138781938308079,1
0.146068632036499,1,0.0151050750309321,1
0.15483652565855,1,0.016430777039967,1
0.164130719537513,1,0.017862480983114,1
0.173982805293036,1,0.0194078449081838,1
0.184426270858553,1,0.02107503492691,1
0.195496614309126,1,0.0228727586745564,1
0.207231464521903,1,0.0248103013083798,1
0.219670709079324,1,0.0268975642937559,1
0.23285662984982,1,0.0291451072603384,1
0.246834046706865,1,0.0315641932508105,1
0.261650469874882,1,0.0341668377334455,1
0.277356261419841,1,0.0369658618092081,1
0.294004806433471,1,0.0399749501177257,1
0.311652694492943,1,0.0432087140385613,1
0.330359912012834,1,0.0466827609009079,1
0.350190046143171,1,0.0504137700646029,1
0.371210500906636,1,0.0544195769303344,1
0.393492726309585,1,0.058719266194509,1
0.417112461205652,1,0.0633332760100748,1
0.442149990737449,1,0.0682835151869737,1
0.468690419231419,1,0.0735934962233305,1
0.496823959473438,1,0.0792884878925083,1
0.526646239348428,1,0.0853956924685764,1
0.558258626886269,1,0.0919444546959882,1
0.591768574818882,1,0.0989665127120003,1
0.627289985819624,1,0.106496306045113,1
0.664943599666504,1,0.114571363893746,1
0.70485740364519,1,0.123232810768434,1
0.747167067586808,1,0.13252605168603,1
0.792016405019255,1,0.142501747458666,1
0.839557861999511,1,0.153217291299677,1
0.889953035288523,1,0.164739229552096,1
0.943373221629978,1,0.177147677506872,1
1,1,0.190545705695412,1
1e-04,1,2.0212892656284e-08,2
0.000112533558260077,1,2.55917241949368e-08,2
0.00012663801734674,1,3.24010448600576e-08,2
0.0001425102670303,1,4.10209230676014e-08,2
0.000160371874375133,1,5.19322535378162e-08,2
0.000180472176682717,1,6.57434385328129e-08,2
0.000203091762090474,1,8.32241037024911e-08,2
0.000228546386413499,1,1.05347689071237e-07,2
0.000257191380905935,1,1.33345236209174e-07,2
0.000289426612471675,1,1.68773291934373e-07,2
0.000325702065565979,1,2.13599599156042e-07,2
0.000366524123707963,1,2.70311190333316e-07,2
0.000412462638290136,1,3.42050671864605e-07,2
0.000464158883361278,1,4.3278796196028e-07,2
0.000522334507426684,1,5.47536575110716e-07,2
0.000587801607227492,1,6.92625823272041e-07,2
0.000661474064123015,1,8.7604313699204e-07,2
0.00074438030132517,1,1.10786420940669e-06,2
0.000837677640068293,1,1.4007929922769e-06,2
0.000942668455117886,1,1.7708389000944e-06,2
0.00106081835513945,1,2.23816510992036e-06,2
0.00119377664171444,1,2.82814983475367e-06,2
0.0013433993325989,1,3.5727121657147e-06,2
0.00151177507061566,1,4.51196586043324e-06,2
0.00170125427985259,1,5.69627864757688e-06,2
0.00191448197616996,1,7.18883162692174e-06,2
0.00215443469003189,1,9.06879359553323e-06,2
0.00242446201708233,1,1.14352490699888e-05,2
0.00272833337648677,1,1.44120468479236e-05,2
0.00307029062975785,1,1.81537685916468e-05,2
0.00345510729459222,1,2.28530544978418e-05,2
0.00388815518030809,1,2.87495659216948e-05,2
0.00437547937507419,1,3.61409130117906e-05,2
0.00492388263170674,1,4.53959289633115e-05,2
0.0055410203300095,1,5.69707311484614e-05,2
0.00623550734127392,1,7.14280726476839e-05,2
0.00701703828670383,1,8.9460554780104e-05,2
0.00789652286849973,1,0.000111918341066058,2
0.0088862381627434,1,0.000139842084379948,2
0.01,1,0.000174501850451776,2
0.0106002584880688,1,0.000194557373683455,2
0.0112365480013875,1,0.000216840207835253,2
0.0119110313328301,1,0.00024158567253615,2
0.0126260010987486,1,0.000269052189094928,2
0.0133838875317376,1,0.000299523310166727,2
0.014187266741166,1,0.00033330989878697,2
0.0150388694695541,1,0.000370752464793929,2
0.01594159037456,1,0.000412223666873078,2
0.0168984978681246,1,0.000458130988684072,2
0.0179128445462201,1,0.000508919597760348,2
0.0189880782446526,1,0.000565075396127113,2
0.0201278537584994,1,0.000627128271855765,2
0.0213360452650141,1,0.000695655561072522,2
0.0226167594922287,1,0.00077128573029103,2
0.0239743496780108,1,0.000854702289310825,2
0.0254134303670264,1,0.000946647945377863,2
0.0269388930959017,1,0.00104792900979562,2
0.0285559230199011,1,0.0011594200687613,2
0.0302700165376346,1,0.00128206893085739,2
0.0320869999737045,1,0.00141690186438638,2
0.0340130493827925,1,0.00156502913859249,2
0.0360547115425051,1,0.00172765088379382,2
0.0382189262063312,1,0.00190606328654573,2
0.0405130496923538,1,0.00210166513720076,2
0.0429448798878928,1,0.0023159647486164,2
0.0455226827550731,1,0.00255058726631822,2
0.0482552204274128,1,0.00280728239214528,2
0.0511517809929315,1,0.00308793254532137,2
0.0542222100650159,1,0.00339456148700426,2
0.0574769442483535,1,0.00372934343668883,2
0.0609270466136868,1,0.00409461271139574,2
0.0645842443019698,1,0.00449287392137405,2
0.0684609683857466,1,0.00492681275911134,2
0.0725703961232421,1,0.0053993074217956,2
0.0769264957487914,1,0.00591344071102883,2
0.0815440739518516,1,0.00647251285759746,2
0.0864388262059827,1,0.00708005512346589,2
0.0916273901188674,1,0.00773984423794617,2
0.0971274019847117,1,0.00845591773022564,2
0.102957556731251,1,0.00923259022617926,2
0.109137671465127,1,0.0100744707837099,2
0.115688752831628,1,0.0109864813478239,2
0.122633068417756,1,0.0119738764143593,2
0.129994222441325,1,0.0130422639998447,2
0.137797235983356,1,0.0141976280245181,2
0.146068632036499,1,0.0154463522262486,2
0.15483652565855,1,0.0167952457351631,2
0.164130719537513,1,0.0182515704524709,2
0.173982805293036,1,0.0198230703925797,2
0.184426270858553,1,0.0215180031655322,2
0.195496614309126,1,0.0233451737975371,2
0.207231464521903,1,0.0253139711115764,2
0.219670709079324,1,0.0274344069185324,2
0.23285662984982,1,0.0297171583030772,2
0.246834046706865,1,0.03217361332904,2
0.261650469874882,1,0.0348159205379689,2
0.277356261419841,1,0.0376570426745142,2
0.294004806433471,1,0.0407108151463688,2
0.311652694492943,1,0.0439920098192172,2
0.330359912012834,1,0.0475164048646342,2
0.350190046143171,1,0.0513008615296896,2
0.371210500906636,1,0.055363408893371,2
0.393492726309585,1,0.0597233379344264,2
0.417112461205652,1,0.0644013065836992,2
0.442149990737449,1,0.0694194579101918,2
0.468690419231419,1,0.0748015542531075,2
0.496823959473438,1,0.0805731310545686,2
0.526646239348428,1,0.0867616755182405,2
0.558258626886269,1,0.0933968372634324,2
0.591768574818882,1,0.100510681282091,2
0.627289985819624,1,0.108137998481725,2
0.664943599666504,1,0.116316697288627,2
0.70485740364519,1,0.125088313875975,2
0.747167067586808,1,0.134498704116141,2
0.792016405019255,1,0.1445990296525,2
0.839557861999511,1,0.155447253427768,2
0.889953035288523,1,0.167110597692833,2
0.943373221629978,1,0.179670044874537,2
1,1,0.193229960940131,2
1e-04,1,1.97424468234393e-08,3
0.000112533558260077,1,2.49963112085045e-08,3
0.00012663801734674,1,3.16475238471097e-08,3
0.0001425102670303,1,4.00673879506503e-08,3
0.000160371874375133,1,5.07257240081856e-08,3
0.000180472176682717,1,6.42169476285136e-08,3
0.000203091762090474,1,8.12930245594424e-08,3
0.000228546386413499,1,1.02905106189767e-07,3
0.000257191380905935,1,1.30256114545446e-07,3
0.000289426612471675,1,1.64867136113622e-07,3
0.000325702065565979,1,2.08661221416438e-07,3
0.000366524123707963,1,2.64069104920221e-07,3
0.000412462638290136,1,3.34162522785185e-07,3
0.000464158883361278,1,4.2282224336056e-07,3
0.000522334507426684,1,5.34949724965676e-07,3
0.000587801607227492,1,6.7673355790376e-07,3
0.000661474064123015,1,8.55984628316613e-07,3
0.00074438030132517,1,1.082557385335e-06,3
0.000837677640068293,1,1.36887886005599e-06,3
0.000942668455117886,1,1.7306123249001e-06,3
0.00106081835513945,1,2.18748893922502e-06,3
0.00119377664171444,1,2.76434860442248e-06,3
0.0013433993325989,1,3.49244087311546e-06,3
0.00151177507061566,1,4.41104840671286e-06,3
0.00170125427985259,1,5.56950955168232e-06,3
0.00191448197616996,1,7.02973347552447e-06,3
0.00215443469003189,1,8.86932143322445e-06,3
0.00242446201708233,1,1.1185431551806e-05,3
0.00272833337648677,1,1.40995524985076e-05,3
0.00307029062975785,1,1.77633839803179e-05,3
0.00345510729459222,1,2.23660595844771e-05,3
0.00388815518030809,1,2.81429903391345e-05,3
0.00437547937507419,1,3.53866557118568e-05,3
0.00492388263170674,1,4.44597225688841e-05,3
0.0055410203300095,1,5.58109316815001e-05,3
0.00623550734127392,1,6.99942551788574e-05,3
0.00701703828670383,1,8.76918961509415e-05,3
0.00789652286849973,1,0.000109741772346504,3
0.0088862381627434,1,0.000137170198308477,3
0.01,1,0.000171230552892005,3
0.0106002584880688,1,0.000190945980008386,3
0.0112365480013875,1,0.000212856116426334,3
0.0119110313328301,1,0.000237193529682445,3
0.0126260010987486,1,0.000264213703415012,3
0.0133838875317376,1,0.000294197059867196,3
0.014187266741166,1,0.000327451132047415,3
0.0150388694695541,1,0.000364312893621375,3
0.01594159037456,1,0.000405151254828984,3
0.0168984978681246,1,0.000450369732936722,3
0.0179128445462201,1,0.000500409305964035,3
0.0189880782446526,1,0.000555751458664377,3
0.0201278537584994,1,0.000616921430006434,3
0.0213360452650141,1,0.000684491671689229,3
0.0226167594922287,1,0.000759085527554112,3
0.0239743496780108,1,0.000841381144119743,3
0.0254134303670264,1,0.000932115622890229,3
0.0269388930959017,1,0.00103208942556552,3
0.0285559230199011,1,0.00114217104383486,3
0.0302700165376346,1,0.00126330194607012,3
0.0320869999737045,1,0.00139650181395915,3
0.0340130493827925,1,0.00154287408295222,3
0.0360547115425051,1,0.00170361180133672,3
0.0382189262063312,1,0.00188000382383057,3
0.0405130496923538,1,0.00207344135679463,3
0.0429448798878928,1,0.00228542487352528,3
0.0455226827550731,1,0.00251757141961496,3
0.0482552204274128,1,0.00277162233007361,3
0.0511517809929315,1,0.00304945138178881,3
0.0542222100650159,1,0.00335307340700202,3
0.0574769442483535,1,0.00368465339579083,3
0.0609270466136868,1,0.00404651611809008,3
0.0645842443019698,1,0.00444115629858364,3
0.0684609683857466,1,0.00487124938086672,3
0.0725703961232421,1,0.00533966292063187,3
0.0769264957487914,1,0.00584946865130786,3
0.0815440739518516,1,0.00640395526959653,3
0.0864388262059827,1,0.00700664199273983,3
0.0916273901188674,1,0.0076612929441593,3
0.0971274019847117,1,0.00837193242936525,3
0.102957556731251,1,0.00914286116981324,3
0.109137671465127,1,0.00997867356872459,3
0.115688752831628,1,0.0108842760898908,3
0.122633068417756,1,0.011864906838212,3
0.129994222441325,1,0.0129261564393151,3
0.137797235983356,1,0.0140739903251695,3
0.146068632036499,1,0.0153147725433456,3
0.15483652565855,1,0.0166552912196437,3
0.164130719537513,1,0.0181027858175156,3
0.173982805293036,1,0.0196649763533046,3
0.184426270858553,1,0.0213500947442642,3
0.195496614309126,1,0.0231669184870594,3
0.207231464521903,1,0.0251248068886419,3
0.219670709079324,1,0.0272337400998629,3
0.23285662984982,1,0.0295043612359635,3
0.246834046706865,1,0.031948021908586,3
0.261650469874882,1,0.0345768315429653,3
0.277356261419841,1,0.0374037109139551,3
0.294004806433471,1,0.0404424504087696,3
0.311652694492943,1,0.0437077736172765,3
0.330359912012834,1,0.0472154069685284,3
0.350190046143171,1,0.0509821562836481,3
0.371210500906636,1,0.0550259913124974,3
0.393492726309585,1,0.0593661395825875,3
0.417112461205652,1,0.0640231912396093,3
0.442149990737449,1,0.0690192170390595,3
0.468690419231419,1,0.0743779023178698,3
0.496823959473438,1,0.0801247007280006,3
0.526646239348428,1,0.0862870129024137,3
0.558258626886269,1,0.0928943972991815,3
0.591768574818882,1,0.0999788236625436,3
0.627289985819624,1,0.107574984616979,3
0.664943599666504,1,0.115720689296381,3
0.70485740364519,1,0.124457377391116,3
0.747167067586808,1,0.133830818358308,3
0.792016405019255,1,0.143892111711759,3
0.839557861999511,1,0.154699211858892,3
0.889953035288523,1,0.166319451194807,3
0.943373221629978,1,0.178834201627434,3
1,1,0.19234896040961,3
1e-04,1,1.91865597802267e-08,4
0.000112533558260077,1,2.42925476453406e-08,4
0.00012663801734674,1,3.07565776512778e-08,4
0.0001425102670303,1,3.89395183969899e-08,4
0.000160371874375133,1,4.92979917646852e-08,4
0.000180472176682717,1,6.24097207120408e-08,4
0.000203091762090474,1,7.90055625328204e-08,4
0.000228546386413499,1,1.00009980528701e-07,4
0.000257191380905935,1,1.26592162050002e-07,4
0.000289426612471675,1,1.6023056160226e-07,4
0.000325702065565979,1,2.02794364953236e-07,4
0.000366524123707963,1,2.56646273073539e-07,4
0.000412462638290136,1,3.24772117115203e-07,4
0.000464158883361278,1,4.10944233939536e-07,4
0.000522334507426684,1,5.19927272819445e-07,4
0.000587801607227492,1,6.57737287150148e-07,4
0.000661474064123015,1,8.31967677460318e-07,4
0.00074438030132517,1,1.05219890232361e-06,4
0.000837677640068293,1,1.33051303202671e-06,4
0.000942668455117886,1,1.68213932807525e-06,4
0.00106081835513945,1,2.12626332340625e-06,4
0.00119377664171444,1,2.68703956495395e-06,4
0.0013433993325989,1,3.3948575628137e-06,4
0.00151177507061566,1,4.28792186846179e-06,4
0.00170125427985259,1,5.41422094387075e-06,4
0.00191448197616996,1,6.83397598001228e-06,4
0.00215443469003189,1,8.62268050252886e-06,4
0.00242446201708233,1,1.08748649119981e-05,4
0.00272833337648677,1,1.37087475174963e-05,4
0.00307029062975785,1,1.72719655577002e-05,4
0.00345510729459222,1,2.17486165808784e-05,4
0.00388815518030809,1,2.73678826739643e-05,4
0.00437547937507419,1,3.44145575990594e-05,4
0.00492388263170674,1,4.3241849915405e-05,4
0.0055410203300095,1,5.42868934598935e-05,4
0.00623550734127392,1,6.80894596572228e-05,4
0.00701703828670383,1,8.531443330012e-05,4
0.00789652286849973,1,0.000106778683665797,4
0.0088862381627434,1,0.000133483034846732,4
0.01,1,0.000166650111548262,4
0.0106002584880688,1,0.000185851111637262,4
0.0112365480013875,1,0.0002071916138773,4
0.0119110313328301,1,0.000230898645517706,4
0.0126260010987486,1,0.000257221647375236,4
0.0133838875317376,1,0.000286434457455091,4
0.014187266741166,1,0.000318837441930804,4
0.0150388694695541,1,0.000354759781481883,4
0.01594159037456,1,0.000394561921194741,4
0.0168984978681246,1,0.000438638192456216,4
0.0179128445462201,1,0.000487419615485432,4
0.0189880782446526,1,0.000541376891390684,4
0.0201278537584994,1,0.000601023592900311,4
0.0213360452650141,1,0.000666919563191196,4
0.0226167594922287,1,0.000739674532567672,4
0.0239743496780108,1,0.000819951963093919,4
0.0254134303670264,1,0.000908473131701772,4
0.0269388930959017,1,0.00100602146276102,4
0.0285559230199011,1,0.00111344712164993,4
0.0302700165376346,1,0.00123167188147833,4
0.0320869999737045,1,0.00136169427583968,4
0.0340130493827925,1,0.00150459505128634,4
0.0360547115425051,1,0.00166154293415697,4
0.0382189262063312,1,0.00183380072744945,4
0.0405130496923538,1,0.00202273175463679,4
0.0429448798878928,1,0.00222980666867388,4
0.0455226827550731,1,0.0024566106459637,4
0.0482552204274128,1,0.00270485098674579,4
0.0511517809929315,1,0.00297636514524907,4
0.0542222100650159,1,0.00327312921504349,4
0.0574769442483535,1,0.00359726689732183,4
0.0609270466136868,1,0.00395105898238096,4
0.0645842443019698,1,0.00433695337735496,4
0.0684609683857466,1,0.00475757571630116,4
0.0725703961232421,1,0.0052157405920811,4
0.0769264957487914,1,0.00571446345312322,4
0.0815440739518516,1,0.00625697321214694,4
0.0864388262059827,1,0.00684672561827978,4
0.0916273901188674,1,0.00748741744877149,4
0.0971274019847117,1,0.00818300158171916,4
0.102957556731251,1,0.00893770301694743,4
0.109137671465127,1,0.0097560359184731,4
0.115688752831628,1,0.01064282175892,4
0.122633068417756,1,0.0116032086539205,4
0.129994222441325,1,0.0126426919830558,4
0.137797235983356,1,0.0137671364033896,4
0.146068632036499,1,0.0149827993722941,4
0.15483652565855,1,0.016296356308274,4
0.164130719537513,1,0.0177149275320998,4
0.173982805293036,1,0.019246107146092,4
0.184426270858553,1,0.0208979940272561,4
0.195496614309126,1,0.0226792251306294,4
0.207231464521903,1,0.0245990113233422,4
0.219670709079324,1,0.0266671759982992,4
0.23285662984982,1,0.028894196750139,4
0.246834046706865,1,0.0312912504366062,4
0.261650469874882,1,0.0338702619975079,4
0.277356261419841,1,0.0366439574634538,4
0.294004806433471,1,0.0396259216609112,4
0.311652694492943,1,0.0428306612132054,4
0.330359912012834,1,0.0462736735551913,4
0.350190046143171,1,0.0499715228311099,4
0.371210500906636,1,0.0539419237429753,4
0.393492726309585,1,0.0582038346786201,4
0.417112461205652,1,0.0627775618005369,4
0.442149990737449,1,0.0676848762583361,4
0.468690419231419,1,0.0729491473593815,4
0.496823959473438,1,0.0785954954886609,4
0.526646239348428,1,0.0846509699625671,4
0.558258626886269,1,0.0911447590845007,4
0.591768574818882,1,0.0981084428755408,4
0.627289985819624,1,0.105576304050094,4
0.664943599666504,1,0.113585721223561,4
0.70485740364519,1,0.122177682869805,4
0.747167067586808,1,0.131397486987618,4
0.792016405019255,1,0.141295742718371,4
0.839557861999511,1,0.151929897798443,4
0.889953035288523,1,0.163366765621323,4
0.943373221629978,1,0.1756871886821,4
1,1,0.188996095457903,4
1e-04,1,2.03297326886941e-08,5
0.000112533558260077,1,2.57400546224086e-08,5
0.00012663801734674,1,3.25894085518769e-08,5
0.0001425102670303,1,4.12602042481334e-08,5
0.000160371874375133,1,5.22363281040688e-08,5
0.000180472176682717,1,6.61300097514631e-08,5
0.000203091762090474,1,8.37157771028973e-08,5
0.000228546386413499,1,1.05973355205058e-07,5
0.000257191380905935,1,1.34141855416458e-07,5
0.000289426612471675,1,1.69788198321543e-07,5
0.000325702065565979,1,2.14893483346951e-07,5
0.000366524123707963,1,2.71961964886534e-07,5
0.000412462638290136,1,3.44158493143965e-07,5
0.000464158883361278,1,4.35481764290728e-07,5
0.000522334507426684,1,5.50982591322056e-07,5
0.000587801607227492,1,6.97038715855769e-07,5
0.000661474064123015,1,8.8170056887295e-07,5
0.00074438030132517,1,1.11512595228861e-06,5
0.000837677640068293,1,1.41012603023232e-06,5
0.000942668455117886,1,1.78285046381171e-06,5
0.00106081835513945,1,2.25364621050364e-06,5
0.00119377664171444,1,2.84813270607625e-06,5
0.0013433993325989,1,3.59854613566885e-06,5
0.00151177507061566,1,4.54541763197684e-06,5
0.00170125427985259,1,5.73966489005738e-06,5
0.00191448197616996,1,7.24519428712916e-06,5
0.00215443469003189,1,9.14213158865076e-06,5
0.00242446201708233,1,1.15308242121186e-05,5
0.00272833337648677,1,1.45367872712942e-05,5
0.00307029062975785,1,1.83167997138054e-05,5
0.00345510729459222,1,2.30663962071211e-05,5
0.00388815518030809,1,2.90290453376915e-05,5
0.00437547937507419,1,3.65073553341388e-05,5
0.00492388263170674,1,4.58767048769759e-05,5
0.0055410203300095,1,5.76017583444285e-05,5
0.00623550734127392,1,7.22563914531594e-05,5
0.00701703828670383,1,9.0547623788307e-05,5
0.00789652286849973,1,0.000113344227916934,5
0.0088862381627434,1,0.000141710759093521,5
0.01,1,0.000176947823296046,5
0.0106002584880688,1,0.000197349454859264,5
0.0112365480013875,1,0.000220026014333216,5
0.0119110313328301,1,0.000245219023665517,5
0.0126260010987486,1,0.000273193842968574,5
0.0133838875317376,1,0.000304241775021283,5
0.014187266741166,1,0.000338682324774922,5
0.0150388694695541,1,0.000376865622033958,5
0.01594159037456,1,0.000419175015669976,5
0.0168984978681246,1,0.000466029847911473,5
0.0179128445462201,1,0.000517888417446326,5
0.0189880782446526,1,0.000575251140289984,5
0.0201278537584994,1,0.000638663917596131,5
0.0213360452650141,1,0.000708721719852594,5
0.0226167594922287,1,0.000786072397196151,5
0.0239743496780108,1,0.000871420725928631,5
0.0254134303670264,1,0.000965532701713419,5
0.0269388930959017,1,0.00106924009040264,5
0.0285559230199011,1,0.00118344524798797,5
0.0302700165376346,1,0.00130912622180779,5
0.0320869999737045,1,0.00144734214588528,5
0.0340130493827925,1,0.00159923894412068,5
0.0360547115425051,1,0.00176605535604963,5
0.0382189262063312,1,0.00194912930099533,5
0.0405130496923538,1,0.00214990459771957,5
0.0429448798878928,1,0.00236993805811136,5
0.0455226827550731,1,0.00261090697506779,5
0.0482552204274128,1,0.00287461702652137,5
0.0511517809929315,1,0.00316301061957354,5
0.0542222100650159,1,0.00347817570090595,5
0.0574769442483535,1,0.00382235506208859,5
0.0609270466136868,1,0.00419795617108387,5
0.0645842443019698,1,0.00460756156418606,5
0.0684609683857466,1,0.00505393983585094,5
0.0725703961232421,1,0.00554005726737233,5
0.0769264957487914,1,0.00606909013918446,5
0.0815440739518516,1,0.00664443777573049,5
0.0864388262059827,1,0.0072697363763684,5
0.0916273901188674,1,0.007948873690727,5
0.0971274019847117,1,0.00868600460231391,5
0.102957556731251,1,0.00948556769007261,5
0.109137671465127,1,0.0103523028440439,5
0.115688752831628,1,0.0112912700183875,5
0.122633068417756,1,0.0123078692128496,5
0.129994222441325,1,0.0134078617824388,5
0.137797235983356,1,0.0145973931847217,5
0.146068632036499,1,0.0158830172849485,5
0.15483652565855,1,0.0172717223513611,5
0.164130719537513,1,0.0187709588867799,5
0.173982805293036,1,0.0203886694582259,5
0.184426270858553,1,0.0221333207043029,5
0.195496614309126,1,0.0240139377208442,5
0.207231464521903,1,0.0260401410495484,5
0.219670709079324,1,0.0282221865228076,5
0.23285662984982,1,0.0305710082517224,5
0.246834046706865,1,0.0330982650847681,5
0.261650469874882,1,0.0358163909135566,5
0.277356261419841,1,0.0387386492620227,5
0.294004806433471,1,0.0418791926694318,5
0.311652694492943,1,0.0452531274702698,5
0.330359912012834,1,0.0488765846914969,5
0.350190046143171,1,0.0527667979383715,5
0.371210500906636,1,0.0569421893362957,5
0.393492726309585,1,0.0614224648554849,5
0.417112461205652,1,0.0662287206935791,5
0.442149990737449,1,0.0713835628673208,5
0.468690419231419,1,0.0769112428273365,5
0.496823959473438,1,0.0828378128525865,5
0.526646239348428,1,0.0891913063521312,5
0.558258626886269,1,0.0960019502478573,5
0.591768574818882,1,0.103302419753817,5
0.627289985819624,1,0.111128150853291,5
0.664943599666504,1,0.119517733988873,5
0.70485740364519,1,0.128513426624564,5
0.747167067586808,1,0.138161848002691,5
0.792016405019255,1,0.148514969040897,5
0.839557861999511,1,0.159631614141586,5
0.889953035288523,1,0.171579932018296,5
0.943373221629978,1,0.184441929067061,5
1,1,0.198323196365099,5
1e-04,1,1.99326893780465e-08,6
0.000112533558260077,1,2.52372188649798e-08,6
0.00012663801734674,1,3.19525876768938e-08,6
0.0001425102670303,1,4.04536910041859e-08,6
0.000160371874375133,1,5.12148962633728e-08,6
0.000180472176682717,1,6.48363771210448e-08,6
0.000203091762090474,1,8.20773890544071e-08,6
0.000228546386413499,1,1.03898311804625e-07,6
0.000257191380905935,1,1.31513750978411e-07,6
0.000289426612471675,1,1.66459583949589e-07,6
0.000325702065565979,1,2.10677584356691e-07,6
0.000366524123707963,1,2.66622186966649e-07,6
0.000412462638290136,1,3.37395127789031e-07,6
0.000464158883361278,1,4.26915144228997e-07,6
0.000522334507426684,1,5.40131750131201e-07,6
0.000587801607227492,1,6.83294350184163e-07,6
0.000661474064123015,1,8.64290786273051e-07,6
0.00074438030132517,1,1.09307288054468e-06,6
0.000837677640068293,1,1.3821908582849e-06,6
0.000942668455117886,1,1.7474638379501e-06,6
0.00106081835513945,1,2.20882010552218e-06,6
0.00119377664171444,1,2.79134887066888e-06,6
0.0013433993325989,1,3.52661493665724e-06,6
0.00151177507061566,1,4.45429953002098e-06,6
0.00170125427985259,1,5.62424478876479e-06,6
0.00191448197616996,1,7.09899652857337e-06,6
0.00215443469003189,1,8.95696032047429e-06,6
0.00242446201708233,1,1.12963100991866e-05,6
0.00272833337648677,1,1.42398169467483e-05,6
0.00307029062975785,1,1.79407988148618e-05,6
0.00345510729459222,1,2.25904301799621e-05,6
0.00388815518030809,1,2.84266942679431e-05,6
0.00437547937507419,1,3.57453097530552e-05,6
0.00492388263170674,1,4.49130187068388e-05,6
0.0055410203300095,1,5.63836828376103e-05,6
0.00623550734127392,1,7.07177001946304e-05,6
0.00701703828670383,1,8.86053237110165e-05,6
0.00789652286849973,1,0.000110894535095343,6
0.0088862381627434,1,0.000138624201271598,6
0.01,1,0.000173063314231966,6
0.0106002584880688,1,0.000193000069975841,6
0.0112365480013875,1,0.000215157793379134,6
0.0119110313328301,1,0.000239772066553589,6
0.0126260010987486,1,0.000267101713120335,6
0.0133838875317376,1,0.000297430851888437,6
0.014187266741166,1,0.000331071102487378,6
0.0150388694695541,1,0.000368363951096441,6
0.01594159037456,1,0.000409683284615282,6
0.0168984978681246,1,0.000455438101820936,6
0.0179128445462201,1,0.00050607541026938,6
0.0189880782446526,1,0.00056208331792435,6
0.0201278537584994,1,0.000623994328742311,6
0.0213360452650141,1,0.000692388851710204,6
0.0226167594922287,1,0.000767898933145069,6
0.0239743496780108,1,0.000851212222407394,6
0.0254134303670264,1,0.000943076181588707,6
0.0269388930959017,1,0.001044302550196,6
0.0285559230199011,1,0.00115577207639878,6
0.0302700165376346,1,0.0012784395270244,6
0.0320869999737045,1,0.00141333898921779,6
0.0340130493827925,1,0.0015615894775032,6
0.0360547115425051,1,0.00172440086094158,6
0.0382189262063312,1,0.0019030801261656,6
0.0405130496923538,1,0.00209903799329575,6
0.0429448798878928,1,0.0023137959031406,6
0.0455226827550731,1,0.00254899339563411,6
0.0482552204274128,1,0.00280639590121686,6
0.0511517809929315,1,0.00308790296879394,6
0.0542222100650159,1,0.00339555695607234,6
0.0574769442483535,1,0.00373155221043432,6
0.0609270466136868,1,0.0040982447711352,6
0.0645842443019698,1,0.00449816262647368,6
0.0684609683857466,1,0.00493401656272972,6
0.0725703961232421,1,0.00540871164510497,6
0.0769264957487914,1,0.00592535937465058,6
0.0815440739518516,1,0.00648729056927001,6
0.0864388262059827,1,0.00709806902135578,6
0.0916273901188674,1,0.00776150598950095,6
0.0971274019847117,1,0.00848167558706986,6
0.102957556731251,1,0.00926293113625426,6
0.109137671465127,1,0.010109922562658,6
0.115688752831628,1,0.0110276149125132,6
0.122633068417756,1,0.0120213080824261,6
0.129994222441325,1,0.0130966578601873,6
0.137797235983356,1,0.014259698384812,6
0.146068632036499,1,0.0155168661447362,6
0.15483652565855,1,0.0168750256452198,6
0.164130719537513,1,0.0183414968897322,6
0.173982805293036,1,0.0199240848357377,6
0.184426270858553,1,0.0216311110032619,6
0.195496614309126,1,0.0234714474353977,6
0.207231464521903,1,0.0254545532341408,6
0.219670709079324,1,0.0275905139234503,6
0.23285662984982,1,0.0298900839252697,6
0.246834046706865,1,0.0323647324747889,6
0.261650469874882,1,0.0350266933503303,6
0.277356261419841,1,0.037889018853289,6
0.294004806433471,1,0.0409656385478881,6
0.311652694492943,1,0.0442714233635136,6
0.330359912012834,1,0.0478222557803292,6
0.350190046143171,1,0.0516351069702951,6
0.371210500906636,1,0.0557281219629786,6
0.393492726309585,1,0.0601207141663191,6
0.417112461205652,1,0.0648336709229035,6
0.442149990737449,1,0.0698892722613057,6
0.468690419231419,1,0.0753114256693866,6
0.496823959473438,1,0.0811258206656045,6
0.526646239348428,1,0.0873601083255922,6
0.558258626886269,1,0.094044112983071,6
0.591768574818882,1,0.101210086491589,6
0.627289985819624,1,0.108893020461096,6
0.664943599666504,1,0.117131040169891,6
0.70485740364519,1,0.125965918126241,6
0.747167067586808,1,0.135443771164561,6
0.792016405019255,1,0.145616055084338,6
0.839557861999511,1,0.156541075774083,6
0.889953035288523,1,0.168286478829723,6
0.943373221629978,1,0.180933823954987,6
1,1,0.194588415770822,6
1e-04,1,1.98121263464685e-08,7
0.000112533558260077,1,2.50845761075771e-08,7
0.00012663801734674,1,3.17593349146209e-08,7
0.0001425102670303,1,4.02090320178487e-08,7
0.000160371874375133,1,5.0905168343207e-08,7
0.000180472176682717,1,6.44442904331638e-08,7
0.000203091762090474,1,8.15810666276146e-08,7
0.000228546386413499,1,1.03270075253805e-07,7
0.000257191380905935,1,1.30718585440431e-07,7
0.000289426612471675,1,1.65453199519415e-07,7
0.000325702065565979,1,2.09403966683367e-07,7
0.000366524123707963,1,2.65010505319748e-07,7
0.000412462638290136,1,3.35355830830653e-07,7
0.000464158883361278,1,4.24335034297794e-07,7
0.000522334507426684,1,5.36867769486313e-07,7
0.000587801607227492,1,6.79165747109103e-07,7
0.000661474064123015,1,8.59069242982723e-07,7
0.00074438030132517,1,1.08647007773178e-06,7
0.000837677640068293,1,1.37384282135348e-06,7
0.000942668455117886,1,1.73691124460533e-06,7
0.00106081835513945,1,2.19548352540841e-06,7
0.00119377664171444,1,2.77449765915864e-06,7
0.0013433993325989,1,3.5053281842175e-06,7
0.00151177507061566,1,4.42741707666622e-06,7
0.00170125427985259,1,5.59030583237896e-06,7
0.00191448197616996,1,7.05616275311034e-06,7
0.00215443469003189,1,8.90291973621045e-06,7
0.00242446201708233,1,1.12281568821472e-05,7
0.00272833337648677,1,1.41539014541759e-05,7
0.00307029062975785,1,1.78325406047212e-05,7
0.00345510729459222,1,2.24540852148679e-05,7
0.00388815518030809,1,2.82550655090121e-05,7
0.00437547937507419,1,3.55293879669591e-05,7
0.00492388263170674,1,4.46415375033737e-05,7
0.0055410203300095,1,5.60425686518238e-05,7
0.00623550734127392,1,7.02893941361283e-05,7
0.00701703828670383,1,8.80679479160011e-05,7
0.00789652286849973,1,0.000110220871511417,7
0.0088862381627434,1,0.000137780445805457,7
0.01,1,0.000172007564132593,7
0.0106002584880688,1,0.000191821253856481,7
0.0112365480013875,1,0.000213841931938799,7
0.0119110313328301,1,0.000238303657032983,7
0.0126260010987486,1,0.000265463575060543,7
0.0133838875317376,1,0.000295603959433724,7
0.014187266741166,1,0.000329034402439307,7
0.0150388694695541,1,0.000366094165941905,7
0.01594159037456,1,0.000407154699772136,7
0.0168984978681246,1,0.000452622336389131,7
0.0179128445462201,1,0.000502941170618851,7
0.0189880782446526,1,0.000558596133520146,7
0.0201278537584994,1,0.000620116269676126,7
0.0213360452650141,1,0.000688078227500744,7
0.0226167594922287,1,0.000763109972461577,7
0.0239743496780108,1,0.000845894733484028,7
0.0254134303670264,1,0.000937175193210806,7
0.0269388930959017,1,0.00103775793325994,7
0.0285559230199011,1,0.00114851814617122,7
0.0302700165376346,1,0.00127040462635306,7
0.0320869999737045,1,0.00140444505305615,7
0.0340130493827925,1,0.00155175157922891,7
0.0360547115425051,1,0.00171352674103879,7
0.0382189262063312,1,0.00189106970391889,7
0.0405130496923538,1,0.00208578286220165,7
0.0429448798878928,1,0.00229917881076421,7
0.0455226827550731,1,0.00253288770864011,7
0.0482552204274128,1,0.00278866505625756,7
0.0511517809929315,1,0.00306839990986809,7
0.0542222100650159,1,0.00337412355883757,7
0.0574769442483535,1,0.00370801869380617,7
0.0609270466136868,1,0.00407242909629096,7
0.0645842443019698,1,0.00446986988313701,7
0.0684609683857466,1,0.00490303834232095,7
0.0725703961232421,1,0.00537482540001464,7
0.0769264957487914,1,0.00588832776252972,7
0.0815440739518516,1,0.00644686078083855,7
0.0864388262059827,1,0.0070539720898096,7
0.0916273901188674,1,0.00771345607916309,7
0.0971274019847117,1,0.0084293692584777,7
0.102957556731251,1,0.00920604658442271,7
0.109137671465127,1,0.0100481188248032,7
0.115688752831628,1,0.0109605310410777,7
0.122633068417756,1,0.0119485622788165,7
0.129994222441325,1,0.0130178465642351,7
0.137797235983356,1,0.0141743953145856,7
0.146068632036499,1,0.0154246212809943,7
0.15483652565855,1,0.0167753641544919,7
0.164130719537513,1,0.0182339179797524,7
0.173982805293036,1,0.0198080605367479,7
0.184426270858553,1,0.0215060848685386,7
0.195496614309126,1,0.0233368331542509,7
0.207231464521903,1,0.0253097331505902,7
0.219670709079324,1,0.0274348374538073,7
0.23285662984982,1,0.0297228658679488,7
0.246834046706865,1,0.0321852512058717,7
0.261650469874882,1,0.0348341888987038,7
0.277356261419841,1,0.0376826908496494,7
0.294004806433471,1,0.0407446440425489,7
0.311652694492943,1,0.0440348745089188,7
0.330359912012834,1,0.0475692173755096,7
0.350190046143171,1,0.0513645938664678,7
0.371210500906636,1,0.0554390963323111,7
0.393492726309585,1,0.0598120826400596,7
0.417112461205652,1,0.0645042816113098,7
0.442149990737449,1,0.0695379116772712,7
0.468690419231419,1,0.0749368155922953,7
0.496823959473438,1,0.0807266150050133,7
0.526646239348428,1,0.0869348900815529,7
0.558258626886269,1,0.0935913914614732,7
0.591768574818882,1,0.1007282950378,7
0.627289985819624,1,0.108380515160027,7
0.664943599666504,1,0.116586100299322,7
0.70485740364519,1,0.125386749799852,7
0.747167067586808,1,0.134828516916492,7
0.792016405019255,1,0.144962814989632,7
0.839557861999511,1,0.155847952353867,7
0.889953035288523,1,0.167551675220862,7
0.943373221629978,1,0.180155875729902,7
1,1,0.193766817193806,7
1e-04,1,2.046075054288e-08,8
0.000112533558260077,1,2.5905649297221e-08,8
0.00012663801734674,1,3.27986538323424e-08,8
0.0001425102670303,1,4.15245330180649e-08,8
0.000160371874375133,1,5.2570136369588e-08,8
0.000180472176682717,1,6.65514123049419e-08,8
0.000203091762090474,1,8.42475481806553e-08,8
0.000228546386413499,1,1.0664410139302e-07,8
0.000257191380905935,1,1.34987469687791e-07,8
0.000289426612471675,1,1.70853663303518e-07,8
0.000325702065565979,1,2.16235095449202e-07,8
0.000366524123707963,1,2.73650070661671e-07,8
0.000412462638290136,1,3.46280840274622e-07,8
0.000464158883361278,1,4.38147584917532e-07,8
0.000522334507426684,1,5.54327547547619e-07,8
0.000587801607227492,1,7.01230849259332e-07,8
0.000661474064123015,1,8.86947393710234e-07,8
0.00074438030132517,1,1.12168282583128e-06,8
0.000837677640068293,1,1.41830590097722e-06,8
0.000942668455117886,1,1.79303503725666e-06,8
0.00106081835513945,1,2.26629846095876e-06,8
0.00119377664171444,1,2.86381048222044e-06,8
0.0013433993325989,1,3.61791632656341e-06,8
0.00151177507061566,1,4.56926993110514e-06,8
0.00170125427985259,1,5.7689235742782e-06,8
0.00191448197616996,1,7.28092551897104e-06,8
0.00215443469003189,1,9.18554249401583e-06,8
0.00242446201708233,1,1.1583248221328e-05,8
0.00272833337648677,1,1.45996478293471e-05,8
0.00307029062975785,1,1.83915412638948e-05,8
0.00345510729459222,1,2.31543671419047e-05,8
0.00388815518030809,1,2.9131312154832e-05,8
0.00437547937507419,1,3.66244202929277e-05,8
0.00492388263170674,1,4.60080907831787e-05,8
0.0055410203300095,1,5.77454134888729e-05,8
0.00623550734127392,1,7.2407855032791e-05,8
0.00701703828670383,1,9.06988773210738e-05,8
0.00789652286849973,1,0.000113482141321737,8
0.0088862381627434,1,0.000141815021587663,8
0.01,1,0.000176988229624815,8
0.0106002584880688,1,0.000197343254477748,8
0.0112365480013875,1,0.000219960658410579,8
0.0119110313328301,1,0.000245079677593072,8
0.0126260010987486,1,0.000272963055137814,8
0.0133838875317376,1,0.000303899107779629,8
0.014187266741166,1,0.000338203944617108,8
0.0150388694695541,1,0.00037622384605023,8
0.01594159037456,1,0.000418337811242754,8
0.0168984978681246,1,0.000464960282670085,8
0.0179128445462201,1,0.000516544056516968,8
0.0189880782446526,1,0.000573583387944769,8
0.0201278537584994,1,0.000636617300501708,8
0.0213360452650141,1,0.000706233109233038,8
0.0226167594922287,1,0.000783070167384181,8
0.0239743496780108,1,0.000867823846946743,8
0.0254134303670264,1,0.000961249763728125,8
0.0269388930959017,1,0.00106416825810599,8
0.0285559230199011,1,0.00117746914319363,8
0.0302700165376346,1,0.00130211673277964,8
0.0320869999737045,1,0.00143915516215535,8
0.0340130493827925,1,0.00158971401578364,8
0.0360547115425051,1,0.00175501427673265,8
0.0382189262063312,1,0.00193637461390261,8
0.0405130496923538,1,0.0021352180243099,8
0.0429448798878928,1,0.00235307884909694,8
0.0455226827550731,1,0.00259161018350592,8
0.0482552204274128,1,0.0028525917028014,8
0.0511517809929315,1,0.00313793792807635,8
0.0542222100650159,1,0.00344970695802636,8
0.0574769442483535,1,0.00379010969515911,8
0.0609270466136868,1,0.00416151959751428,8
0.0645842443019698,1,0.00456648298984604,8
0.0684609683857466,1,0.00500772997135816,8
0.0725703961232421,1,0.00548818596052291,8
0.0769264957487914,1,0.00601098392126366,8
0.0815440739518516,1,0.00657947731888551,8
0.0864388262059827,1,0.00719725385860625,8
0.0916273901188674,1,0.00786815006443361,8
0.0971274019847117,1,0.00859626676146978,8
0.102957556731251,1,0.00938598553058803,8
0.109137671465127,1,0.0102419862108434,8
0.115688752831628,1,0.0111692655320596,8
0.122633068417756,1,0.0121731569678431,8
0.129994222441325,1,0.0132593519079457,8
0.137797235983356,1,0.0144339222585443,8
0.146068632036499,1,0.0157033445898149,8
0.15483652565855,1,0.0170745259623384,8
0.164130719537513,1,0.0185548315776507,8
0.173982805293036,1,0.0201521144139611,8
0.184426270858553,1,0.0218747470260768,8
0.195496614309126,1,0.0237316557094449,8
0.207231464521903,1,0.025732357252534,8
0.219670709079324,1,0.0278869985303861,8
0.23285662984982,1,0.0302063992261248,8
0.246834046706865,1,0.0327020980078765,8
0.261650469874882,1,0.0353864025378016,8
0.277356261419841,1,0.038272443750141,8
0.294004806433471,1,0.0413742349096605,8
0.311652694492943,1,0.0447067360550707,8
0.330359912012834,1,0.048285924550075,8
0.350190046143171,1,0.0521288726162798,8
0.371210500906636,1,0.0562538329195257,8
0.393492726309585,1,0.0606803335419299,8
0.417112461205652,1,0.0654292840220065,8
0.442149990737449,1,0.0705230946234494,8
0.468690419231419,1,0.075985811658805,8
0.496823959473438,1,0.0818432726400482,8
0.526646239348428,1,0.088123286402697,8
0.558258626886269,1,0.0948558453991834,8
0.591768574818882,1,0.102073380499724,8
0.627289985819624,1,0.109811073616885,8
0.664943599666504,1,0.118107251654963,8
0.70485740364519,1,0.12700389934267,8
0.747167067586808,1,0.136547353934578,8
0.792016405019255,1,0.146789293740801,8
0.839557861999511,1,0.157788234428838,8
0.889953035288523,1,0.169611981752734,8
0.943373221629978,1,0.182342106685946,8
1,1,0.196083470271262,8
1e-04,1,2.04488588087632e-08,9
0.000112533558260077,1,2.58905863711926e-08,9
0.00012663801734674,1,3.27795736866831e-08,9
0.0001425102670303,1,4.15003638940539e-08,9
0.000160371874375133,1,5.25395206094275e-08,9
0.000180472176682717,1,6.65126302898905e-08,9
0.000203091762090474,1,8.4198421281157e-08,9
0.000228546386413499,1,1.0658187047593e-07,9
0.000257191380905935,1,1.34908641068176e-07,9
0.000289426612471675,1,1.70753813587721e-07,9
0.000325702065565979,1,2.16108625384985e-07,9
0.000366524123707963,1,2.73489896294489e-07,9
0.000412462638290136,1,3.46078002728921e-07,9
0.000464158883361278,1,4.37890762023509e-07,9
0.000522334507426684,1,5.54002443039018e-07,9
0.000587801607227492,1,7.00819429949217e-07,9
0.000661474064123015,1,8.86426945788812e-07,9
0.00074438030132517,1,1.12102479070884e-06,9
0.000837677640068293,1,1.41747445357711e-06,9
0.000942668455117886,1,1.79198536604161e-06,9
0.00106081835513945,1,2.26497472015556e-06,9
0.00119377664171444,1,2.86214339723945e-06,9
0.0013433993325989,1,3.61582047150611e-06,9
0.00151177507061566,1,4.56664075592127e-06,9
0.00170125427985259,1,5.76563435915476e-06,9
0.00191448197616996,1,7.27682460469995e-06,9
0.00215443469003189,1,9.1804513883297e-06,9
0.00242446201708233,1,1.15769615872944e-05,9
0.00272833337648677,1,1.45919369414586e-05,9
0.00307029062975785,1,1.83821633837136e-05,9
0.00345510729459222,1,2.31430844842173e-05,9
0.00388815518030809,1,2.91179258165007e-05,9
0.00437547937507419,1,3.66088268418316e-05,9
0.00492388263170674,1,4.59903722959329e-05,9
0.0055410203300095,1,5.77259758358907e-05,9
0.00623550734127392,1,7.23876342941071e-05,9
0.00701703828670383,1,9.06796404497874e-05,9
0.00789652286849973,1,0.000113466914585687,9
0.0088862381627434,1,0.000141808688813855,9
0.01,1,0.000176998351583139,9
0.0106002584880688,1,0.000197365393444871,9
0.0112365480013875,1,0.00021999813178718,9
0.0119110313328301,1,0.000245136476647453,9
0.0126260010987486,1,0.000273043955995996,9
0.0133838875317376,1,0.000304009796854716,9
0.014187266741166,1,0.00033835115974394,9
0.0150388694695541,1,0.000376415534608135,9
0.01594159037456,1,0.000418583306551986,9
0.0168984978681246,1,0.000465270499927908,9
0.0179128445462201,1,0.000516931709517924,9
0.0189880782446526,1,0.000574063227770324,9
0.0201278537584994,1,0.000637206377299952,9
0.0213360452650141,1,0.000706951058125497,9
0.0226167594922287,1,0.000783939519425033,9
0.0239743496780108,1,0.000868870365943571,9
0.0254134303670264,1,0.000962502809592054,9
0.0269388930959017,1,0.00106566117725238,9
0.0285559230199011,1,0.00117923968635027,9
0.0302700165376346,1,0.00130420750039544,9
0.0320869999737045,1,0.00144161407743043,9
0.0340130493827925,1,0.00159259482517113,9
0.0360547115425051,1,0.00175837707760482,9
0.0382189262063312,1,0.00194028640891212,9
0.0405130496923538,1,0.00213975330184544,9
0.0429448798878928,1,0.0023583201891122,9
0.0455226827550731,1,0.00259764888790313,9
0.0482552204274128,1,0.00285952844948914,9
0.0511517809929315,1,0.00314588344778354,9
0.0542222100650159,1,0.00345878273295822,9
0.0574769442483535,1,0.00380044867861733,9
0.0609270466136868,1,0.00417326695368643,9
0.0645842443019698,1,0.00457979685308837,9
0.0684609683857466,1,0.00502278222445956,9
0.0725703961232421,1,0.00550516303164325,9
0.0769264957487914,1,0.00603008759948763,9
0.0815440739518516,1,0.00660092558861743,9
0.0864388262059827,1,0.00722128175335616,9
0.0916273901188674,1,0.00789501054090168,9
0.0971274019847117,1,0.00862623159522942,9
0.102957556731251,1,0.00941934623507671,9
0.109137671465127,1,0.0102790549818154,9
0.115688752831628,1,0.0112103762201075,9
0.122633068417756,1,0.0122186660820657,9
0.129994222441325,1,0.0133096396543159,9
0.137797235983356,1,0.0144893936170105,9
0.146068632036499,1,0.015764430434645,9
0.15483652565855,1,0.0171416842306888,9
0.164130719537513,1,0.0186285484918002,9
0.173982805293036,1,0.0202329057630876,9
0.184426270858553,1,0.0219631595138919,9
0.195496614309126,1,0.0238282683743948,9
0.207231464521903,1,0.0258377829676666,9
0.219670709079324,1,0.0280018855903485,9
0.23285662984982,1,0.0303314330291024,9
0.246834046706865,1,0.0328380028406317,9
0.261650469874882,1,0.0355339434723123,9
0.277356261419841,1,0.0384324286607161,9
0.294004806433471,1,0.0415475166198429,9
0.311652694492943,1,0.044894214624182,9
0.330359912012834,1,0.0484885497099987,9
0.350190046143171,1,0.0523476463701449,9
0.371210500906636,1,0.056489812315552,9
0.393492726309585,1,0.0609346336381715,9
0.417112461205652,1,0.0657030810616287,9
0.442149990737449,1,0.0708176294464405,9
0.468690419231419,1,0.0763023933862409,9
0.496823959473438,1,0.082183282683971,9
0.526646239348428,1,0.0884881828833056,9
0.558258626886269,1,0.0952471681004876,9
0.591768574818882,1,0.102492756582449,9
0.627289985819624,1,0.110260224467461,9
0.664943599666504,1,0.118588001552429,9
0.70485740364519,1,0.12751818722422,9
0.747167067586808,1,0.137097250787517,9
0.792016405019255,1,0.147377030916634,9
0.839557861999511,1,0.158416254829786,9
0.889953035288523,1,0.170283043566269,9
0.943373221629978,1,0.183059523475145,9
1,1,0.196851771837273,9
1e-04,1,1.95760948866282e-08,10
0.000112533558260077,1,2.47859798815461e-08,10
0.00012663801734674,1,3.13816389764377e-08,10
0.0001425102670303,1,3.97313516587568e-08,10
0.000160371874375133,1,5.03011345830875e-08,10
0.000180472176682717,1,6.36806216811917e-08,10
0.000203091762090474,1,8.06157743038152e-08,10
0.000228546386413499,1,1.02050210683623e-07,10
0.000257191380905935,1,1.29177414958483e-07,10
0.000289426612471675,1,1.6350666565058e-07,10
0.000325702065565979,1,2.0694626244339e-07,10
0.000366524123707963,1,2.61908547530123e-07,10
0.000412462638290136,1,3.31442371549068e-07,10
0.000464158883361278,1,4.19400092779016e-07,10
0.000522334507426684,1,5.30647998516612e-07,10
0.000587801607227492,1,6.71331273295389e-07,10
0.000661474064123015,1,8.49207428936437e-07,10
0.00074438030132517,1,1.07406555627973e-06,10
0.000837677640068293,1,1.35825304419343e-06,10
0.000942668455117886,1,1.71733667262782e-06,10
0.00106081835513945,1,2.17093148271336e-06,10
0.00119377664171444,1,2.74373876933164e-06,10
0.0013433993325989,1,3.46684424286273e-06,10
0.00151177507061566,1,4.37933920361054e-06,10
0.00170125427985259,1,5.53034182278688e-06,10
0.00191448197616996,1,6.98151276591201e-06,10
0.00215443469003189,1,8.81017988358702e-06,10
0.00242446201708233,1,1.11132109980408e-05,10
0.00272833337648677,1,1.40118024425017e-05,10
0.00307029062975785,1,1.76573844237333e-05,10
0.00345510729459222,1,2.22388829253088e-05,10
0.00388815518030809,1,2.79916220722214e-05,10
0.00437547937507419,1,3.52082008602051e-05,10
0.00492388263170674,1,4.42517339214702e-05,10
0.0055410203300095,1,5.55719073376348e-05,10
0.00623550734127392,1,6.97243668773259e-05,10
0.00701703828670383,1,8.73940266212303e-05,10
0.00789652286849973,1,0.000109422959542352,10
0.0088862381627434,1,0.00013684360678625,10
0.01,1,0.000170918117502489,10
0.0106002584880688,1,0.000190652214869203,10
0.0112365480013875,1,0.000212591140603818,10
0.0119110313328301,1,0.000236969620128106,10
0.0126260010987486,1,0.000264045636749512,10
0.0133838875317376,1,0.000294102496746445,10
0.014187266741166,1,0.000327451047968926,10
0.0150388694695541,1,0.00036443206019687,10
0.01594159037456,1,0.000405418775693807,10
0.0168984978681246,1,0.000450819638601492,10
0.0179128445462201,1,0.000501081212017862,10
0.0189880782446526,1,0.000556691291830098,10
0.0201278537584994,1,0.000618182226606561,10
0.0213360452650141,1,0.000686134453119644,10
0.0226167594922287,1,0.000761180257366419,10
0.0239743496780108,1,0.000844007771298082,10
0.0254134303670264,1,0.000935365215857072,10
0.0269388930959017,1,0.00103606540138009,10
0.0285559230199011,1,0.00114699049694743,10
0.0302700165376346,1,0.00126909708087448,10
0.0320869999737045,1,0.00140342148524233,10
0.0340130493827925,1,0.00155108544818469,10
0.0360547115425051,1,0.00171330208857737,10
0.0382189262063312,1,0.00189138221884184,10
0.0405130496923538,1,0.00208674101279024,10
0.0429448798878928,1,0.00230090504680091,10
0.0455226827550731,1,0.00253551973415732,10
0.0482552204274128,1,0.00279235717410383,10
0.0511517809929315,1,0.00307332443909234,10
0.0542222100650159,1,0.00338047232582705,10
0.0574769442483535,1,0.00371600459807424,10
0.0609270466136868,1,0.00408228775180445,10
0.0645842443019698,1,0.00448186133609858,10
0.0684609683857466,1,0.00491744886638837,10
0.0725703961232421,1,0.00539196937004655,10
0.0769264957487914,1,0.00590854960810385,10
0.0815440739518516,1,0.00647053702098938,10
0.0864388262059827,1,0.00708151345069184,10
0.0916273901188674,1,0.00774530969665889,10
0.0971274019847117,1,0.00846602096814009,10
0.102957556731251,1,0.009248023301577,10
0.109137671465127,1,0.0100959910181296,10
0.115688752831628,1,0.0110149153035588,10
0.122633068417756,1,0.0120101240005639,10
0.129994222441325,1,0.013087302712407,10
0.137797235983356,1,0.0142525173263681,10
0.146068632036499,1,0.0155122380764559,10
0.15483652565855,1,0.0168733652770144,10
0.164130719537513,1,0.0183432568727036,10
0.173982805293036,1,0.0199297579660851,10
0.184426270858553,1,0.0216412325021128,10
0.195496614309126,1,0.0234865973097241,10
0.207231464521903,1,0.0254753587250654,10
0.219670709079324,1,0.0276176520495132,10
0.23285662984982,1,0.0299242841296106,10
0.246834046706865,1,0.0324067793867259,10
0.261650469874882,1,0.035077429673486,10
0.277356261419841,1,0.0379493483942828,10
0.294004806433471,1,0.0410365294016947,10
0.311652694492943,1,0.0443539112739891,10
0.330359912012834,1,0.0479174476971961,10
0.350190046143171,1,0.0517441848272469,10
0.371210500906636,1,0.0558523467057252,10
0.393492726309585,1,0.0602614300647366,10
0.417112461205652,1,0.0649923102085104,10
0.442149990737449,1,0.0700673601409846,10
0.468690419231419,1,0.0755105857800109,10
0.496823959473438,1,0.0813477810544037,10
0.526646239348428,1,0.0876067080717255,10
0.558258626886269,1,0.0943173096240717,10
0.591768574818882,1,0.101511964497016,10
0.627289985819624,1,0.109225801129437,10
0.664943599666504,1,0.11749709356241,10
0.70485740364519,1,0.126367778095853,10
0.747167067586808,1,0.1358841554197,10
0.792016405019255,1,0.146097894105921,10
0.839557861999511,1,0.157067558765683,10
0.889953035288523,1,0.168861136185283,10
0.943373221629978,1,0.181560699589898,10
1,1,0.19527250706372,10
1e-04,1,1.95243768047103e-08,11
0.000112533558260077,1,2.47203281725987e-08,11
0.00012663801734674,1,3.12982756293378e-08,11
0.0001425102670303,1,3.96254645263094e-08,11
0.000160371874375133,1,5.01665903879436e-08,11
0.000180472176682717,1,6.35095967203835e-08,11
0.000203091762090474,1,8.03982814593733e-08,11
0.000228546386413499,1,1.01773490037806e-07,11
0.000257191380905935,1,1.28825147938696e-07,11
0.000289426612471675,1,1.63057961514673e-07,11
0.000325702065565979,1,2.06374347116135e-07,11
0.000366524123707963,1,2.61179065671244e-07,11
0.000412462638290136,1,3.30511182464476e-07,11
0.000464158883361278,1,4.18210406734432e-07,11
0.000522334507426684,1,5.29126644875725e-07,11
0.000587801607227492,1,6.69383833669085e-07,11
0.000661474064123015,1,8.46711872916528e-07,11
0.00074438030132517,1,1.07086391065913e-06,11
0.000837677640068293,1,1.35414046471033e-06,11
0.000942668455117886,1,1.71204709369933e-06,11
0.00106081835513945,1,2.16411874492217e-06,11
0.00119377664171444,1,2.73495177741067e-06,11
0.0013433993325989,1,3.45549424397033e-06,11
0.00151177507061566,1,4.36465666903233e-06,11
0.00170125427985259,1,5.51131963314038e-06,11
0.00191448197616996,1,6.95683138702579e-06,11
0.00215443469003189,1,8.77810891746781e-06,11
0.00242446201708233,1,1.10714798474807e-05,11
0.00272833337648677,1,1.395743075154e-05,11
0.00307029062975785,1,1.7586460386919e-05,11
0.00345510729459222,1,2.21462744049115e-05,11
0.00388815518030809,1,2.78706016794109e-05,11
0.00437547937507419,1,3.50499616753434e-05,11
0.00492388263170674,1,4.4044767374316e-05,11
0.0055410203300095,1,5.53012089605279e-05,11
0.00623550734127392,1,6.93704293487889e-05,11
0.00701703828670383,1,8.69315729356627e-05,11
0.00789652286849973,1,0.000108819362639063,11
0.0088862381627434,1,0.000136056935997775,11
0.01,1,0.00016989474731896,11
0.0106002584880688,1,0.000189487877555532,11
0.0112365480013875,1,0.00021126721084162,11
0.0119110313328301,1,0.000235465195391686,11
0.0126260010987486,1,0.000262337294136592,11
0.0133838875317376,1,0.000292164029676396,11
0.014187266741166,1,0.000325253181906455,11
0.0150388694695541,1,0.00036194214663022,11
0.01594159037456,1,0.000402600463676134,11
0.0168984978681246,1,0.000447632523239289,11
0.0179128445462201,1,0.000497480459389602,11
0.0189880782446526,1,0.000552627239908845,11
0.0201278537584994,1,0.000613599961853372,11
0.0213360452650141,1,0.000680973362510348,11
0.0226167594922287,1,0.00075537355569849,11
0.0239743496780108,1,0.000837482003696691,11
0.0254134303670264,1,0.000928039735463547,11
0.0269388930959017,1,0.0010278518222437,11
0.0285559230199011,1,0.0011377921221604,11
0.0302700165376346,1,0.00125880830597984,11
0.0320869999737045,1,0.00139192717690899,11
0.0340130493827925,1,0.0015382602980668,11
0.0360547115425051,1,0.00169900994217064,11
0.0382189262063312,1,0.00187547537901124,11
0.0405130496923538,1,0.00206905951745854,11
0.0429448798878928,1,0.00228127592007909,11
0.0455226827550731,1,0.002513756209952,11
0.0482552204274128,1,0.00276825789095709,11
0.0511517809929315,1,0.00304667260471112,11
0.0542222100650159,1,0.00335103484943019,11
0.0574769442483535,1,0.00368353118834384,11
0.0609270466136868,1,0.00404650997787419,11
0.0645842443019698,1,0.00444249164864726,11
0.0684609683857466,1,0.00487417957554696,11
0.0725703961232421,1,0.00534447157645949,11
0.0769264957487914,1,0.00585647208313881,11
0.0815440739518516,1,0.0064135050317402,11
0.0864388262059827,1,0.00701912752509231,11
0.0916273901188674,1,0.00767714432370739,11
0.0971274019847117,1,0.00839162322793277,11
0.102957556731251,1,0.00916691141956091,11
0.109137671465127,1,0.010007652837711,11
0.115688752831628,1,0.0109188066709342,11
0.122633068417756,1,0.0119056670553814,11
0.129994222441325,1,0.0129738840776002,11
0.137797235983356,1,0.0141294861902479,11
0.146068632036499,1,0.0153789041598605,11
0.15483652565855,1,0.0167289966780318,11
0.164130719537513,1,0.0181870777811673,11
0.173982805293036,1,0.0197609462396992,11
0.184426270858553,1,0.0214589170956924,11
0.195496614309126,1,0.023289855548616,11
0.207231464521903,1,0.0252632134133554,11
0.219670709079324,1,0.0273890684031112,11
0.23285662984982,1,0.0296781665237271,11
0.246834046706865,1,0.0321419679066068,11
0.261650469874882,1,0.0347926964565456,11
0.277356261419841,1,0.0376433937509458,11
0.294004806433471,1,0.0407079777013116,11
0.311652694492943,1,0.0440013065810868,11
0.330359912012834,1,0.0475392491420255,11
0.350190046143171,1,0.0513387616930108,11
0.371210500906636,1,0.0554179732129169,11
0.393492726309585,1,0.059796279830508,11
0.417112461205652,1,0.0644944503556644,11
0.442149990737449,1,0.0695347450266136,11
0.468690419231419,1,0.0749410503072858,11
0.496823959473438,1,0.0807390335213758,11
0.526646239348428,1,0.0869563224962207,11
0.558258626886269,1,0.0936227174602395,11
0.591768574818882,1,0.100770445620283,11
0.627289985819624,1,0.108434473899995,11
0.664943599666504,1,0.116652903658039,11
0.70485740364519,1,0.125467485580659,11
0.747167067586808,1,0.134924319069818,11
0.792016405019255,1,0.145074851066757,11
0.839557861999511,1,0.155977395430777,11
0.889953035288523,1,0.167699640577833,11
0.943373221629978,1,0.180323268893362,11
1,1,0.193953923099816,11
1e-04,1,2.02938417785726e-08,12
0.000112533558260077,1,2.5694496810378e-08,12
0.00012663801734674,1,3.25315637204311e-08,12
0.0001425102670303,1,4.11867355837205e-08,12
0.000160371874375133,1,5.21429824991847e-08,12
0.000180472176682717,1,6.60113633988388e-08,12
0.000203091762090474,1,8.35649068435678e-08,12
0.000228546386413499,1,1.05781416280505e-07,12
0.000257191380905935,1,1.33897537741994e-07,12
0.000289426612471675,1,1.69477023999587e-07,12
0.000325702065565979,1,2.14496898122285e-07,12
0.000366524123707963,1,2.71456161562421e-07,12
0.000412462638290136,1,3.43512882415522e-07,12
0.000464158883361278,1,4.34656988041895e-07,12
0.000522334507426684,1,5.49927930541104e-07,12
0.000587801607227492,1,6.95688706004127e-07,12
0.000661474064123015,1,8.79970568657204e-07,12
0.00074438030132517,1,1.11290633061211e-06,12
0.000837677640068293,1,1.40727452543056e-06,12
0.000942668455117886,1,1.77918212039374e-06,12
0.00106081835513945,1,2.24892010134363e-06,12
0.00119377664171444,1,2.84203438435568e-06,12
0.0013433993325989,1,3.59066441066589e-06,12
0.00151177507061566,1,4.53521379462767e-06,12
0.00170125427985259,1,5.72643190291932e-06,12
0.00191448197616996,1,7.22800263092344e-06,12
0.00215443469003189,1,9.11975740112952e-06,12
0.00242446201708233,1,1.15016539549169e-05,12
0.00272833337648677,1,1.44986913607989e-05,12
0.00307029062975785,1,1.8266965230517e-05,12
0.00345510729459222,1,2.30011058497121e-05,12
0.00388815518030809,1,2.8943386064908e-05,12
0.00437547937507419,1,3.63948355093915e-05,12
0.00492388263170674,1,4.57287530577803e-05,12
0.0055410203300095,1,5.74070700009742e-05,12
0.00623550734127392,1,7.2000081792447e-05,12
0.00701703828670383,1,9.02101354595942e-05,12
0.00789652286849973,1,0.000112899931759262,12
0.0088862381627434,1,0.000141126174482456,12
0.01,1,0.000176179372395136,12
0.0106002584880688,1,0.000196470338692342,12
0.0112365480013875,1,0.000219020671400107,12
0.0119110313328301,1,0.000244069815367042,12
0.0126260010987486,1,0.00027188080120597,12
0.0133838875317376,1,0.000302742323858458,12
0.014187266741166,1,0.000336970974296266,12
0.0150388694695541,1,0.000374913632511692,12
0.01594159037456,1,0.0004169500301606,12
0.0168984978681246,1,0.000463495491422905,12
0.0179128445462201,1,0.000515003860863072,12
0.0189880782446526,1,0.000571970627310607,12
0.0201278537584994,1,0.000634936253028586,12
0.0213360452650141,1,0.000704489717724432,12
0.0226167594922287,1,0.000781272287274681,12
0.0239743496780108,1,0.000865981517402145,12
0.0254134303670264,1,0.000959375502962754,12
0.0269388930959017,1,0.00106227738397848,12
0.0285559230199011,1,0.00117558012012223,12
0.0302700165376346,1,0.00130025154599506,12
0.0320869999737045,1,0.00143733972028667,12
0.0340130493827925,1,0.0015879785827566,12
0.0360547115425051,1,0.0017533939339518,12
0.0382189262063312,1,0.00193490975367564,12
0.0405130496923538,1,0.00213395487548071,12
0.0429448798878928,1,0.0023520700358603,12
0.0455226827550731,1,0.00259091531839215,12
0.0482552204274128,1,0.00285227801485244,12
0.0511517809929315,1,0.00313808092726513,12
0.0542222100650159,1,0.00345039113702263,12
0.0574769442483535,1,0.00379142926959675,12
0.0609270466136868,1,0.00416357928598923,12
0.0645842443019698,1,0.0045693988349421,12
0.0684609683857466,1,0.00501163020309583,12
0.0725703961232421,1,0.00549321190371977,12
0.0769264957487914,1,0.00601729094841452,12
0.0815440739518516,1,0.00658723585029312,12
0.0864388262059827,1,0.00720665041164166,12
0.0916273901188674,1,0.00787938835396468,12
0.0971274019847117,1,0.00860956885368495,12
0.102957556731251,1,0.00940159305264549,12
0.109137671465127,1,0.0102601616190194,12
0.115688752831628,1,0.0111902934413385,12
0.122633068417756,1,0.0121973455462024,12
0.129994222441325,1,0.0132870343389477,12
0.137797235983356,1,0.0144654582762522,12
0.146068632036499,1,0.015739122090524,12
0.15483652565855,1,0.0171149626981529,12
0.164130719537513,1,0.018600376937568,12
0.173982805293036,1,0.0202032512988427,12
0.184426270858553,1,0.0219319938247452,12
0.195496614309126,1,0.0237955683841268,12
0.207231464521903,1,0.025803531543052,12
0.219670709079324,1,0.0279660722878978,12
0.23285662984982,1,0.0302940548889005,12
0.246834046706865,1,0.032799065233673,12
0.261650469874882,1,0.0354934610099484,12
0.277356261419841,1,0.0383904261776867,12
0.294004806433471,1,0.0415040302460545,12
0.311652694492943,1,0.0448492929652411,12
0.330359912012834,1,0.0484422551629052,12
0.350190046143171,1,0.0523000566091308,12
0.371210500906636,1,0.0564410219947321,12
0.393492726309585,1,0.0608847563738282,12
0.417112461205652,1,0.0656522517797155,12
0.442149990737449,1,0.0707660072135759,12
0.468690419231419,1,0.0762501648904175,12
0.496823959473438,1,0.082130666603166,12
0.526646239348428,1,0.0884354354909536,12
0.558258626886269,1,0.0951945906321117,12
0.591768574818882,1,0.102440705174097,12
0.627289985819624,1,0.110209123961128,12
0.664943599666504,1,0.118538365317545,12
0.70485740364519,1,0.127470646721773,12
0.747167067586808,1,0.137052601684557,12
0.792016405019255,1,0.147336308992852,12
0.839557861999511,1,0.158380869501681,12
0.889953035288523,1,0.170255033519306,12
0.943373221629978,1,0.183042104494977,12
1,1,0.19685071423995,12
1e-04,1,1.95887928528464e-08,13
0.000112533558260077,1,2.48018521404221e-08,13
0.00012663801734674,1,3.14014430548066e-08,13
0.0001425102670303,1,3.97560100239914e-08,13
0.000160371874375133,1,5.03317624089569e-08,13
0.000180472176682717,1,6.37185568277812e-08,13
0.000203091762090474,1,8.06626046526887e-08,13
0.000228546386413499,1,1.02107796988058e-07,13
0.000257191380905935,1,1.29247900507865e-07,13
0.000289426612471675,1,1.63592463012201e-07,13
0.000325702065565979,1,2.0705000019335e-07,13
0.000366524123707963,1,2.62032951469001e-07,13
0.000412462638290136,1,3.31590041386086e-07,13
0.000464158883361278,1,4.19573119643395e-07,13
0.000522334507426684,1,5.30847337940592e-07,13
0.000587801607227492,1,6.71555755150674e-07,13
0.000661474064123015,1,8.49452227484837e-07,13
0.00074438030132517,1,1.07431987351752e-06,13
0.000837677640068293,1,1.35849664791384e-06,13
0.000942668455117886,1,1.71753478773998e-06,13
0.00106081835513945,1,2.17102732594326e-06,13
0.00119377664171444,1,2.74364273518758e-06,13
0.0013433993325989,1,3.46641836554654e-06,13
0.00151177507061566,1,4.37837499075545e-06,13
0.00170125427985259,1,5.52852884755683e-06,13
0.00191448197616996,1,6.97839446189419e-06,13
0.00215443469003189,1,8.80509172674559e-06,13
0.00242446201708233,1,1.11051946143111e-05,13
0.00272833337648677,1,1.39994870423389e-05,13
0.00307029062975785,1,1.76388242240584e-05,13
0.00345510729459222,1,2.22113357464169e-05,13
0.00388815518030809,1,2.7951249969743e-05,13
0.00437547937507419,1,3.51496683329597e-05,13
0.00492388263170674,1,4.41676728255059e-05,13
0.0055410203300095,1,5.5452210034411e-05,13
0.00623550734127392,1,6.95552603543519e-05,13
0.00701703828670383,1,8.71568703626937e-05,13
0.00789652286849973,1,0.000109092698946074,13
0.0088862381627434,1,0.000136386802165047,13
0.01,1,0.000170290456501191,13
0.0106002584880688,1,0.000189919724467465,13
0.0112365480013875,1,0.000211737663813939,13
0.0119110313328301,1,0.000235976739155155,13
0.0126260010987486,1,0.000262892394984105,13
0.0133838875317376,1,0.000292765092552545,13
0.014187266741166,1,0.000325902498233006,13
0.0150388694695541,1,0.000362641831551023,13
0.01594159037456,1,0.000403352381283672,13
0.0168984978681246,1,0.000448438198227748,13
0.0179128445462201,1,0.000498340973450129,13
0.0189880782446526,1,0.000553543111068197,13
0.0201278537584994,1,0.000614571004841516,13
0.0213360452650141,1,0.000681998528133903,13
0.0226167594922287,1,0.000756450747103836,13
0.0239743496780108,1,0.00083860786732453,13
0.0254134303670264,1,0.000929209424432492,13
0.0269388930959017,1,0.00102905872985672,13
0.0285559230199011,1,0.00113902758321095,13
0.0302700165376346,1,0.00126006126353674,13
0.0320869999737045,1,0.00139318381229898,13
0.0340130493827925,1,0.00153950362183592,13
0.0360547115425051,1,0.00170021934390474,13
0.0382189262063312,1,0.00187662613401858,13
0.0405130496923538,1,0.00207012224847979,13
0.0429448798878928,1,0.00228221601236878,13
0.0455226827550731,1,0.00251453317828411,13
0.0482552204274128,1,0.00276882469733648,13
0.0511517809929315,1,0.00304697492580566,13
0.0542222100650159,1,0.00335101029298868,13
0.0574769442483535,1,0.00368310845810474,13
0.0609270466136868,1,0.00404560798670252,13
0.0645842443019698,1,0.00444101857985131,13
0.0684609683857466,1,0.00487203189250585,13
0.0725703961232421,1,0.00534153298084452,13
0.0769264957487914,1,0.00585261242210043,13
0.0815440739518516,1,0.00640857915448327,13
0.0864388262059827,1,0.00701297408923473,13
0.0916273901188674,1,0.00766958455173039,13
0.0971274019847117,1,0.00838245961386346,13
0.102957556731251,1,0.00915592638578545,13
0.109137671465127,1,0.00999460734148969,13
0.115688752831628,1,0.0109034387597818,13
0.122633068417756,1,0.0118876903699881,13
0.129994222441325,1,0.0129529863003956,13
0.137797235983356,1,0.0141053274370574,13
0.146068632036499,1,0.0153511153113847,13
0.15483652565855,1,0.0166971776470708,13
0.164130719537513,1,0.0181507957106461,13
0.173982805293036,1,0.0197197336256149,13
0.184426270858553,1,0.0214122698280935,13
0.195496614309126,1,0.023237230862662,13
0.207231464521903,1,0.0252040277413646,13
0.219670709079324,1,0.0273226951172994,13
0.23285662984982,1,0.029603933558057,13
0.246834046706865,1,0.0320591552447995,13
0.261650469874882,1,0.0347005334718315,13
0.277356261419841,1,0.037541056381551,13
0.294004806433471,1,0.0405945854439395,13
0.311652694492943,1,0.0438759192827619,13
0.330359912012834,1,0.0474008635685629,13
0.350190046143171,1,0.0511863078500409,13
0.371210500906636,1,0.0552503103927909,13
0.393492726309585,1,0.0596121923555154,13
0.417112461205652,1,0.0642926429848383,13
0.442149990737449,1,0.0693138379900571,13
0.468690419231419,1,0.0746995739287176,13
0.496823959473438,1,0.0804754223870675,13
0.526646239348428,1,0.0866689091280582,13
0.558258626886269,1,0.0933097254551761,13
0.591768574818882,1,0.100429982234158,13
0.627289985819624,1,0.108064522093951,13
0.664943599666504,1,0.116251313720347,13
0.70485740364519,1,0.125031966654604,13
0.747167067586808,1,0.134452431427105,13
0.792016405019255,1,0.144564001202685,13
0.839557861999511,1,0.155424839260134,13
0.889953035288523,1,0.167102509099933,13
0.943373221629978,1,0.179678660088618,13
1,1,0.193259219178674,13
1e-04,1,2.0344894964818e-08,14
0.000112533558260077,1,2.57588867147212e-08,14
0.00012663801734674,1,3.26127318998606e-08,14
0.0001425102670303,1,4.12889937682529e-08,14
0.000160371874375133,1,5.22717245879453e-08,14
0.000180472176682717,1,6.61733263042976e-08,14
0.000203091762090474,1,8.37684883525999e-08,14
0.000228546386413499,1,1.0603706290304e-07,14
0.000257191380905935,1,1.34218210987852e-07,14
0.000289426612471675,1,1.69878760140278e-07,14
0.000325702065565979,1,2.14999470707099e-07,14
0.000366524123707963,1,2.72083856955003e-07,14
0.000412462638290136,1,3.44295393013184e-07,14
0.000464158883361278,1,4.35630417703784e-07,14
0.000522334507426684,1,5.51135893858361e-07,14
0.000587801607227492,1,6.97183479153331e-07,14
0.000661474064123015,1,8.81814208213444e-07,14
0.00074438030132517,1,1.11517162864488e-06,14
0.000837677640068293,1,1.410045576578e-06,14
0.000942668455117886,1,1.78255416353299e-06,14
0.00106081835513945,1,2.25299811987589e-06,14
0.00119377664171444,1,2.84692970626979e-06,14
0.0013433993325989,1,3.59648820475749e-06,14
0.00151177507061566,1,4.54206588645631e-06,14
0.00170125427985259,1,5.73438268385486e-06,14
0.00191448197616996,1,7.2370649631296e-06,14
0.00215443469003189,1,9.12984424928932e-06,14
0.00242446201708233,1,1.15125159394594e-05,14
0.00272833337648677,1,1.45098264146301e-05,14
0.00307029062975785,1,1.82774899647094e-05,14
0.00345510729459222,1,2.30095749372232e-05,14
0.00388815518030809,1,2.8947541841306e-05,14
0.00437547937507419,1,3.63912648857493e-05,14
0.00492388263170674,1,4.57124226219846e-05,14
0.0055410203300095,1,5.73707027070973e-05,14
0.00623550734127392,1,7.19333297714447e-05,14
0.00701703828670383,1,9.00984931326966e-05,14
0.00789652286849973,1,0.00011272332153028,14
0.0088862381627434,1,0.000140857123785261,14
0.01,1,0.000175780685824227,14
0.0106002584880688,1,0.000195990192215712,14
0.0112365480013875,1,0.000218445132208921,14
0.0119110313328301,1,0.000243382870401774,14
0.0126260010987486,1,0.000271064086432051,14
0.0133838875317376,1,0.000301774823731195,14
0.014187266741166,1,0.000335828688832483,14
0.0150388694695541,1,0.000373569209249333,14
0.01594159037456,1,0.000415372358148429,14
0.0168984978681246,1,0.000461649254246055,14
0.0179128445462201,1,0.000512849045589193,14
0.0189880782446526,1,0.000569461986109817,14
0.0201278537584994,1,0.000632022714115947,14
0.0213360452650141,1,0.000701113742165541,14
0.0226167594922287,1,0.000777369168108811,14
0.0239743496780108,1,0.000861478617457137,14
0.0254134303670264,1,0.000954191427675538,14
0.0269388930959017,1,0.00105632108549352,14
0.0285559230199011,1,0.00116874992890723,14
0.0302700165376346,1,0.00129243412620744,14
0.0320869999737045,1,0.00142840894512942,14
0.0340130493827925,1,0.00157779432608712,14
0.0360547115425051,1,0.00174180077444754,14
0.0382189262063312,1,0.00192173558790953,14
0.0405130496923538,1,0.0021190094363222,14
0.0429448798878928,1,0.0023351433126838,14
0.0455226827550731,1,0.00257177587564183,14
0.0482552204274128,1,0.00283067120557358,14
0.0511517809929315,1,0.00311372699825788,14
0.0542222100650159,1,0.00342298322231003,14
0.0574769442483535,1,0.00376063126889398,14
0.0609270466136868,1,0.00412902362482634,14
0.0645842443019698,1,0.00453068410302104,14
0.0684609683857466,1,0.00496831866731635,14
0.0725703961232421,1,0.00544482689212363,14
0.0769264957487914,1,0.00596331410101849,14
0.0815440739518516,1,0.00652710423244019,14
0.0864388262059827,1,0.00713975348505687,14
0.0916273901188674,1,0.00780506480016605,14
0.0971274019847117,1,0.00852710324376549,14
0.102957556731251,1,0.00931021235668929,14
0.109137671465127,1,0.0101590315475499,14
0.115688752831628,1,0.0110785146102042,14
0.122633068417756,1,0.0120739494551903,14
0.129994222441325,1,0.0131509791531491,14
0.137797235983356,1,0.0143156243978123,14
0.146068632036499,1,0.0155743075068361,14
0.15483652565855,1,0.0169338780908416,14
0.164130719537513,1,0.0184016405346822,14
0.173982805293036,1,0.0199853834505653,14
0.184426270858553,1,0.0216934112805537,14
0.195496614309126,1,0.0235345782467102,14
0.207231464521903,1,0.0255183248713008,14
0.219670709079324,1,0.0276547173179085,14
0.23285662984982,1,0.0299544898380369,14
0.246834046706865,1,0.0324290906481942,14
0.261650469874882,1,0.0350907316113508,14
0.277356261419841,1,0.0379524421564638,14
0.294004806433471,1,0.0410281279437054,14
0.311652694492943,1,0.044332634875556,14
0.330359912012834,1,0.0478818191711268,14
0.350190046143171,1,0.0516926243715133,14
0.371210500906636,1,0.0557831663398067,14
0.393492726309585,1,0.0601728275781058,14
0.417112461205652,1,0.0648823625312362,14
0.442149990737449,1,0.069934016021377,14
0.468690419231419,1,0.0753516576182778,14
0.496823959473438,1,0.0811609356882466,14
0.526646239348428,1,0.0873894562293029,14
0.558258626886269,1,0.0940669936338213,14
0.591768574818882,1,0.101225743640121,14
0.627289985819624,1,0.10890063367878,14
0.664943599666504,1,0.117129713953115,14
0.70485740364519,1,0.125954666571706,14
0.747167067586808,1,0.135421495356165,14
0.792016405019255,1,0.14558150773838,14
0.839557861999511,1,0.156492801894368,14
0.889953035288523,1,0.168222706735806,14
0.943373221629978,1,0.180852239965824,14
1,1,0.194485613103672,14
1e-04,1,1.95978318126958e-08,15
0.000112533558260077,1,2.4813438332911e-08,15
0.00012663801734674,1,3.14163143160785e-08,15
0.0001425102670303,1,3.97751251851519e-08,15
0.000160371874375133,1,5.03563713908079e-08,15
0.000180472176682717,1,6.37502927889998e-08,15
0.000203091762090474,1,8.07036069938728e-08,15
0.000228546386413499,1,1.02160876760236e-07,15
0.000257191380905935,1,1.29316760610546e-07,15
0.000289426612471675,1,1.63681997027013e-07,15
0.000325702065565979,1,2.07166693614995e-07,15
0.000366524123707963,1,2.62185425361129e-07,15
0.000412462638290136,1,3.31789791454382e-07,15
0.000464158883361278,1,4.19835519257498e-07,15
0.000522334507426684,1,5.31193007531851e-07,15
0.000587801607227492,1,6.72012431632428e-07,15
0.000661474064123015,1,8.50057321286605e-07,15
0.00074438030132517,1,1.07512397271475e-06,15
0.000837677640068293,1,1.35956832351866e-06,15
0.000942668455117886,1,1.71896718886476e-06,15
0.00106081835513945,1,2.17294723536657e-06,15
0.00119377664171444,1,2.74622300480332e-06,15
0.0013433993325989,1,3.4698949873668e-06,15
0.00151177507061566,1,4.38307051309121e-06,15
0.00170125427985259,1,5.53488446594989e-06,15
0.00191448197616996,1,6.98701392516708e-06,15
0.00215443469003189,1,8.81680129447257e-06,15
0.00242446201708233,1,1.11211247376004e-05,15
0.00272833337648677,1,1.40211833161718e-05,15
0.00307029062975785,1,1.76683975922158e-05,15
0.00345510729459222,1,2.22516650575936e-05,15
0.00388815518030809,1,2.80062539216234e-05,15
0.00437547937507419,1,3.52246687637388e-05,15
0.00492388263170674,1,4.42698773563427e-05,15
0.0055410203300095,1,5.55913493712686e-05,15
0.00623550734127392,1,6.97444242048876e-05,15
0.00701703828670383,1,8.74135959410804e-05,15
0.00789652286849973,1,0.000109440377345739,15
0.0088862381627434,1,0.000136856480274613,15
0.01,1,0.000170923125247891,15
0.0106002584880688,1,0.000190651769633215,15
0.0112365480013875,1,0.000212583992496113,15
0.0119110313328301,1,0.000236954340901807,15
0.0126260010987486,1,0.000264020602683097,15
0.0133838875317376,1,0.00029406587071264,15
0.014187266741166,1,0.000327400760694637,15
0.0150388694695541,1,0.000364365790700816,15
0.01594159037456,1,0.000405333930862647,15
0.0168984978681246,1,0.00045071333182452,15
0.0179128445462201,1,0.000500950240755408,15
0.0189880782446526,1,0.000556532113926251,15
0.0201278537584994,1,0.000617990935081137,15
0.0213360452650141,1,0.000685906749082183,15
0.0226167594922287,1,0.000760911420590349,15
0.0239743496780108,1,0.00084369262786723,15
0.0254134303670264,1,0.000934998102162628,15
0.0269388930959017,1,0.00103564012358887,15
0.0285559230199011,1,0.00114650028490176,15
0.0302700165376346,1,0.00126853453520297,15
0.0320869999737045,1,0.00140277851628145,15
0.0340130493827925,1,0.00155035320511701,15
0.0360547115425051,1,0.00171247087700363,15
0.0382189262063312,1,0.00189044140482059,15
0.0405130496923538,1,0.00208567891119413,15
0.0429448798878928,1,0.00229970879167873,15
0.0455226827550731,1,0.00253417512863888,15
0.0482552204274128,1,0.00279084851726419,15
0.0511517809929315,1,0.00307163432709344,15
0.0542222100650159,1,0.00337858142459053,15
0.0574769442483535,1,0.00371389138470947,15
0.0609270466136868,1,0.00407992822202819,15
0.0645842443019698,1,0.00447922867492575,15
0.0684609683857466,1,0.0049145130794706,15
0.0725703961232421,1,0.00538869687315703,15
0.0769264957487914,1,0.005904902772439,15
0.0815440739518516,1,0.00646647367215645,15
0.0864388262059827,1,0.00707698631948214,15
0.0916273901188674,1,0.00774026581996052,15
0.0971274019847117,1,0.00846040103861116,15
0.102957556731251,1,0.00924176096498194,15
0.109137671465127,1,0.0100890121175102,15
0.115688752831628,1,0.0110071370696801,15
0.122633068417756,1,0.0120014541883144,15
0.129994222441325,1,0.0130776386830374,15
0.137797235983356,1,0.0142417450756249,15
0.146068632036499,1,0.0155002312087645,15
0.15483652565855,1,0.0168599839259173,15
0.164130719537513,1,0.0183283465677201,15
0.173982805293036,1,0.0199131484460381,15
0.184426270858553,1,0.0216227364747469,15
0.195496614309126,1,0.0234660091571065,15
0.207231464521903,1,0.0254524531538049,15
0.219670709079324,1,0.0275921826842415,15
0.23285662984982,1,0.0298959820474147,15
0.246834046706865,1,0.0323753515892947,15
0.261650469874882,1,0.03504255749259,15
0.277356261419841,1,0.0379106858248138,15
0.294004806433471,1,0.0409937013547843,15
0.311652694492943,1,0.044306511740625,15
0.330359912012834,1,0.0478650378101313,15
0.350190046143171,1,0.0516862908056859,15
0.371210500906636,1,0.055788457662997,15
0.393492726309585,1,0.0601909956535397,15
0.417112461205652,1,0.0649147380707411,15
0.442149990737449,1,0.0699820131186843,15
0.468690419231419,1,0.0754167788291069,15
0.496823959473438,1,0.0812447777812162,15
0.526646239348428,1,0.0874937167795574,15
0.558258626886269,1,0.0941934787064526,15
0.591768574818882,1,0.101376376932459,15
0.627289985819624,1,0.109077467695736,15
0.664943599666504,1,0.117334944148862,15
0.70485740364519,1,0.126190650049871,15
0.747167067586808,1,0.135690776997837,15
0.792016405019255,1,0.145886859270697,15
0.839557861999511,1,0.15683728534082,15
0.889953035288523,1,0.168609788393571,15
0.943373221629978,1,0.18128602265165,15
1,1,0.194971395498612,15
1e-04,1,1.95840460173251e-08,16
0.000112533558260077,1,2.47957047209672e-08,16
0.00012663801734674,1,3.13934645127343e-08,16
0.0001425102670303,1,3.97456308488084e-08,16
0.000160371874375133,1,5.03182269172752e-08,16
0.000180472176682717,1,6.37008588698983e-08,16
0.000203091762090474,1,8.06394007111713e-08,16
0.000228546386413499,1,1.02077286927598e-07,16
0.000257191380905935,1,1.292076649144e-07,16
0.000289426612471675,1,1.63539239754633e-07,16
0.000325702065565979,1,2.06979377502586e-07,16
0.000366524123707963,1,2.61938945109255e-07,16
0.000412462638290136,1,3.31464511451097e-07,16
0.000464158883361278,1,4.19404964369936e-07,16
0.000522334507426684,1,5.30621378965687e-07,16
0.000587801607227492,1,6.7125119378913e-07,16
0.000661474064123015,1,8.49040504201877e-07,16
0.00074438030132517,1,1.07376170164619e-06,16
0.000837677640068293,1,1.35773789858124e-06,16
0.000942668455117886,1,1.71650078512229e-06,16
0.00106081835513945,1,2.16961493917143e-06,16
0.00119377664171444,1,2.7417094249017e-06,16
0.0013433993325989,1,3.46376702614006e-06,16
0.00151177507061566,1,4.37473300293579e-06,16
0.00170125427985259,1,5.52351917624429e-06,16
0.00191448197616996,1,6.9714958554379e-06,16
0.00215443469003189,1,8.79558403308676e-06,16
0.00242446201708233,1,1.10920838463811e-05,16
0.00272833337648677,1,1.39814029967658e-05,16
0.00307029062975785,1,1.76138810676814e-05,16
0.00345510729459222,1,2.21769428774811e-05,16
0.00388815518030809,1,2.79038564601166e-05,16
0.00437547937507419,1,3.50844191628073e-05,16
0.00492388263170674,1,4.40779486866563e-05,16
0.0055410203300095,1,5.53290144718811e-05,16
0.00623550734127392,1,6.93864081380235e-05,16
0.00701703828670383,1,8.69259190052365e-05,16
0.00789652286849973,1,0.000108777550943118,16
0.0088862381627434,1,0.000135957888664788,16
0.01,1,0.000169708393618843,16
0.0106002584880688,1,0.000189243745111683,16
0.0112365480013875,1,0.000210953240580789,16
0.0119110313328301,1,0.000235067228010481,16
0.0126260010987486,1,0.000261838751934618,16
0.0133838875317376,1,0.000291545556852168,16
0.014187266741166,1,0.000324492238903088,16
0.0150388694695541,1,0.000361012553799225,16
0.01594159037456,1,0.000401471889210267,16
0.0168984978681246,1,0.000446269910018769,16
0.0179128445462201,1,0.000495843385082239,16
0.0189880782446526,1,0.000550669204379035,16
0.0201278537584994,1,0.000611267595669427,16
0.0213360452650141,1,0.000678205550100499,16
0.0226167594922287,1,0.000752100466494978,16
0.0239743496780108,1,0.000833624024443007,16
0.0254134303670264,1,0.000923506296728124,16
0.0269388930959017,1,0.00102254011211245,16
0.0285559230199011,1,0.00113158568005325,16
0.0302700165376346,1,0.0012515754895768,16
0.0320869999737045,1,0.00138351949526263,16
0.0340130493827925,1,0.00152851060414024,16
0.0360547115425051,1,0.00168773047825884,16
0.0382189262063312,1,0.00186245566878046,16
0.0405130496923538,1,0.00205406409867656,16
0.0429448798878928,1,0.00226404191248862,16
0.0455226827550731,1,0.00249399071316175,16
0.0482552204274128,1,0.00274563520767489,16
0.0511517809929315,1,0.00302083128510794,16
0.0542222100650159,1,0.00332157455288448,16
0.0574769442483535,1,0.00365000935926199,16
0.0609270466136868,1,0.00400843833268405,16
0.0645842443019698,1,0.00439933247141147,16
0.0684609683857466,1,0.00482534181990396,16
0.0725703961232421,1,0.0052893067717699,16
0.0769264957487914,1,0.0057942700427484,16
0.0815440739518516,1,0.00634348936117309,16
0.0864388262059827,1,0.00694045092771742,16
0.0916273901188674,1,0.00758888370097436,16
0.0971274019847117,1,0.00829277457062934,16
0.102957556731251,1,0.00905638448568732,16
0.109137671465127,1,0.0098842656114925,16
0.115688752831628,1,0.0107812795961873,16
0.122633068417756,1,0.0117526170349113,16
0.129994222441325,1,0.0128038182285318,16
0.137797235983356,1,0.0139407953431748,16
0.146068632036499,1,0.0151698560874466,16
0.15483652565855,1,0.0164977290362066,16
0.164130719537513,1,0.0179315907433218,16
0.173982805293036,1,0.0194790948013211,16
0.184426270858553,1,0.0211484030236502,16
0.195496614309126,1,0.0229482189458201,16
0.207231464521903,1,0.024887823865746,16
0.219670709079324,1,0.0269771156718273,16
0.23285662984982,1,0.0292266507408294,16
0.246834046706865,1,0.0316476892277814,16
0.261650469874882,1,0.0342522441186822,16
0.277356261419841,1,0.0370531344761888,16
0.294004806433471,1,0.0400640433818755,16
0.311652694492943,1,0.0432995811704514,16
0.330359912012834,1,0.0467753546675578,16
0.350190046143171,1,0.0505080432918597,16
0.371210500906636,1,0.054515483076049,16
0.393492726309585,1,0.0588167599173561,16
0.417112461205652,1,0.0634323137114437,16
0.442149990737449,1,0.0683840554919448,16
0.468690419231419,1,0.0736955003489283,16
0.496823959473438,1,0.0793919198231481,16
0.526646239348428,1,0.0855005188128809,16
0.558258626886269,1,0.0920506440235022,16
0.591768574818882,1,0.099074034039874,16
0.627289985819624,1,0.106605125919882,16
0.664943599666504,1,0.114681441104851,16
0.70485740364519,1,0.123344086955688,16
0.747167067586808,1,0.132638434557258,16
0.792016405019255,1,0.142615080048147,16
0.839557861999511,1,0.153331293153795,16
0.889953035288523,1,0.164853376623248,16
0.943373221629978,1,0.177260932530658,16
1,1,0.190655821877523,16
1e-04,1,1.98879207706342e-08,17
0.000112533558260077,1,2.51806035696459e-08,17
0.00012663801734674,1,3.18810031160191e-08,17
0.0001425102670303,1,4.03631967828362e-08,17
0.000160371874375133,1,5.11005228267046e-08,17
0.000180472176682717,1,6.46918586135403e-08,17
0.000203091762090474,1,8.18948309738342e-08,17
0.000228546386413499,1,1.0366777362527e-07,17
0.000257191380905935,1,1.31222724716913e-07,17
0.000289426612471675,1,1.66092343776387e-07,17
0.000325702065565979,1,2.10214376963386e-07,17
0.000366524123707963,1,2.66038225463033e-07,17
0.000412462638290136,1,3.36659344716508e-07,17
0.000464158883361278,1,4.25988651821315e-07,17
0.000522334507426684,1,5.38965942258304e-07,17
0.000587801607227492,1,6.81828575564442e-07,17
0.000661474064123015,1,8.62449505743739e-07,17
0.00074438030132517,1,1.09076221106002e-06,17
0.000837677640068293,1,1.37929439932373e-06,17
0.000942668455117886,1,1.74383766303288e-06,17
0.00106081835513945,1,2.20428680174392e-06,17
0.00119377664171444,1,2.78569051425369e-06,17
0.0013433993325989,1,3.51956491150397e-06,17
0.00151177507061566,1,4.44553313529252e-06,17
0.00170125427985259,1,5.61336865315217e-06,17
0.00191448197616996,1,7.08553695654669e-06,17
0.00215443469003189,1,8.94035087093973e-06,17
0.00242446201708233,1,1.12758789419123e-05,17
0.00272833337648677,1,1.42147748995077e-05,17
0.00307029062975785,1,1.79102294566037e-05,17
0.00345510729459222,1,2.25532841014126e-05,17
0.00388815518030809,1,2.83817904161799e-05,17
0.00437547937507419,1,3.56913479914713e-05,17
0.00492388263170674,1,4.4848609219013e-05,17
0.0055410203300095,1,5.6307399914888e-05,17
0.00623550734127392,1,7.062817034439e-05,17
0.00701703828670383,1,8.85013609834525e-05,17
0.00789652286849973,1,0.000110775340143206,17
0.0088862381627434,1,0.000138489645010629,17
0.01,1,0.000172914332154136,17
0.0106002584880688,1,0.000192844776584815,17
0.0112365480013875,1,0.000214997048547976,17
0.0119110313328301,1,0.0002396070313016,17
0.0126260010987486,1,0.000266933905306902,17
0.0133838875317376,1,0.000297262209749262,17
0.014187266741166,1,0.000330904056885173,17
0.0150388694695541,1,0.000368201507424966,17
0.01594159037456,1,0.000409529115363012,17
0.0168984978681246,1,0.000455296650873254,17
0.0179128445462201,1,0.000505952010096293,17
0.0189880782446526,1,0.000561984320868046,17
0.0201278537584994,1,0.000623927253685222,17
0.0213360452650141,1,0.000692362547465235,17
0.0226167594922287,1,0.000767923759964648,17
0.0239743496780108,1,0.000851300253057421,17
0.0254134303670264,1,0.000943241423474944,17
0.0269388930959017,1,0.00104456119006094,17
0.0285559230199011,1,0.00115614274912413,17
0.0302700165376346,1,0.00127894361008922,17
0.0320869999737045,1,0.00141400092434517,17
0.0340130493827925,1,0.00156243712101815,17
0.0360547115425051,1,0.00172546586432316,17
0.0382189262063312,1,0.00190439834822693,17
0.0405130496923538,1,0.00210064994536503,17
0.0429448798878928,1,0.00231574722853638,17
0.0455226827550731,1,0.00255133538464432,17
0.0482552204274128,1,0.00280918604269002,17
0.0511517809929315,1,0.00309120553935772,17
0.0542222100650159,1,0.00339944364787754,17
0.0574769442483535,1,0.00373610279823227,17
0.0609270466136868,1,0.00410354781939236,17
0.0645842443019698,1,0.00450431623714966,17
0.0684609683857466,1,0.00494112916427628,17
0.0725703961232421,1,0.00541690282320263,17
0.0769264957487914,1,0.00593476074519213,17
0.0815440739518516,1,0.00649804669412218,17
0.0864388262059827,1,0.00711033836749972,17
0.0916273901188674,1,0.00777546193227406,17
0.0971274019847117,1,0.00849750745839783,17
0.102957556731251,1,0.00928084531899813,17
0.109137671465127,1,0.0101301436324974,17
0.115688752831628,1,0.0110503868291467,17
0.122633068417756,1,0.0120468954323106,17
0.129994222441325,1,0.0131253471535453,17
0.137797235983356,1,0.0142917994102206,17
0.146068632036499,1,0.0155527133852784,17
0.15483652565855,1,0.0169149797609208,17
0.164130719537513,1,0.0183859462718322,17
0.173982805293036,1,0.0199734472392632,17
0.184426270858553,1,0.0216858352653615,17
0.195496614309126,1,0.0235320152880054,17
0.207231464521903,1,0.0255214812207353,17
0.219670709079324,1,0.0276643554310042,17
0.23285662984982,1,0.0299714313439434,17
0.246834046706865,1,0.0324542194995573,17
0.261650469874882,1,0.0351249974405591,17
0.277356261419841,1,0.0379968638683714,17
0.294004806433471,1,0.0410837975794541,17
0.311652694492943,1,0.0444007217875598,17
0.330359912012834,1,0.0479635745559834,17
0.350190046143171,1,0.0517893862160272,17
0.371210500906636,1,0.0558963648461223,17
0.393492726309585,1,0.0603039911481355,17
0.417112461205652,1,0.0650331244095697,17
0.442149990737449,1,0.0701061217218595,17
0.468690419231419,1,0.0755469732958261,17
0.496823959473438,1,0.0813814576695872,17
0.526646239348428,1,0.0876373219928762,17
0.558258626886269,1,0.0943444946447667,17
0.591768574818882,1,0.101535340626568,17
0.627289985819624,1,0.109244975226911,17
0.664943599666504,1,0.117511659788572,17
0.70485740364519,1,0.126377317760387,17
0.747167067586808,1,0.135888235275946,17
0.792016405019255,1,0.146096060919145,17
0.839557861999511,1,0.157059324926924,17
0.889953035288523,1,0.168845942846568,17
0.943373221629978,1,0.181537818439839,17
1,1,0.195240750541075,17
1e-04,1,1.93215060568096e-08,18
0.000112533558260077,1,2.44636540735887e-08,18
0.00012663801734674,1,3.09735669732754e-08,18
0.0001425102670303,1,3.92147409736205e-08,18
0.000160371874375133,1,4.96471422190164e-08,18
0.000180472176682717,1,6.28527508223664e-08,18
0.000203091762090474,1,7.95678477817041e-08,18
0.000228546386413499,1,1.00723810536151e-07,18
0.000257191380905935,1,1.27498646616507e-07,18
0.000289426612471675,1,1.61382071291977e-07,18
0.000325702065565979,1,2.04257660695847e-07,18
0.000366524123707963,1,2.58506520200705e-07,18
0.000412462638290136,1,3.27138045500373e-07,18
0.000464158883361278,1,4.13954776515013e-07,18
0.000522334507426684,1,5.23760118930446e-07,18
0.000587801607227492,1,6.62619920695266e-07,18
0.000661474064123015,1,8.38191640170697e-07,18
0.00074438030132517,1,1.06013825560922e-06,18
0.000837677640068293,1,1.34064828779641e-06,18
0.000942668455117886,1,1.69508851588555e-06,18
0.00106081835513945,1,2.14282238233777e-06,18
0.00119377664171444,1,2.70823493026925e-06,18
0.0013433993325989,1,3.4220147172746e-06,18
0.00151177507061566,1,4.32275480320659e-06,18
0.00170125427985259,1,5.45894901379919e-06,18
0.00191448197616996,1,6.89147664509961e-06,18
0.00215443469003189,1,8.69668904811434e-06,18
0.00242446201708233,1,1.09702356113613e-05,18
0.00272833337648677,1,1.38317950167176e-05,18
0.00307029062975785,1,1.74309107796173e-05,18
0.00345510729459222,1,2.19541684225679e-05,18
0.00388815518030809,1,2.76339955145189e-05,18
0.00437547937507419,1,3.47594154841492e-05,18
0.00492388263170674,1,4.36891415752059e-05,18
0.0055410203300095,1,5.48674583803043e-05,18
0.00623550734127392,1,6.88434045324959e-05,18
0.00701703828670383,1,8.629384054376e-05,18
0.00789652286849973,1,0.000108051059270769,18
0.0088862381627434,1,0.000135135671593617,18
0.01,1,0.000168795574937934,18
0.0106002584880688,1,0.00018829090724772,18
0.0112365480013875,1,0.000209965459440721,18
0.0119110313328301,1,0.00023405140068498,18
0.0126260010987486,1,0.000260803929320093,18
0.0133838875317376,1,0.000290503320653951,18
0.014187266741166,1,0.000323457127251244,18
0.0150388694695541,1,0.000360002539901103,18
0.01594159037456,1,0.000400508917646427,18
0.0168984978681246,1,0.000445380495443936,18
0.0179128445462201,1,0.000495059278228046,18
0.0189880782446526,1,0.000550028130360696,18
0.0201278537584994,1,0.000610814069673043,18
0.0213360452650141,1,0.000677991775567299,18
0.0226167594922287,1,0.000752187320923874,18
0.0239743496780108,1,0.000834082137896033,18
0.0254134303670264,1,0.000924417228051438,18
0.0269388930959017,1,0.00102399762776725,18
0.0285559230199011,1,0.0011336971402986,18
0.0302700165376346,1,0.00125446334654888,18
0.0320869999737045,1,0.00138732290726694,18
0.0340130493827925,1,0.00153338717021017,18
0.0360547115425051,1,0.00169385809673832,18
0.0382189262063312,1,0.00187003452337784,18
0.0405130496923538,1,0.00206331877510357,18
0.0429448798878928,1,0.00227522364846364,18
0.0455226827550731,1,0.00250737978421818,18
0.0482552204274128,1,0.00276154345089357,18
0.0511517809929315,1,0.00303960476259175,18
0.0542222100650159,1,0.00334359635652751,18
0.0574769442483535,1,0.00367570255814685,18
0.0609270466136868,1,0.00403826906428523,18
0.0645842443019698,1,0.00443381317769082,18
0.0684609683857466,1,0.00486503462938826,18
0.0725703961232421,1,0.0053348270287896,18
0.0769264957487914,1,0.00584628998522138,18
0.0815440739518516,1,0.00640274194863214,18
0.0864388262059827,1,0.00700773382172314,18
0.0916273901188674,1,0.00766506340063208,18
0.0971274019847117,1,0.00837879070663599,18
0.102957556731251,1,0.00915325427719119,18
0.109137671465127,1,0.00999308849103599,18
0.115688752831628,1,0.0109032420091421,18
0.122633068417756,1,0.0118889974210839,18
0.129994222441325,1,0.0129559921950252,18
0.137797235983356,1,0.0141102410391244,18
0.146068632036499,1,0.0153581597929023,18
0.15483652565855,1,0.0167065909792003,18
0.164130719537513,1,0.0181628311610291,18
0.173982805293036,1,0.0197346602631916,18
0.184426270858553,1,0.0214303730364351,18
0.195496614309126,1,0.0232588128625591,18
0.207231464521903,1,0.0252294081229973,18
0.219670709079324,1,0.0273522113817185,18
0.23285662984982,1,0.0296379416668978,18
0.246834046706865,1,0.0320980301760755,18
0.261650469874882,1,0.034744669778234,18
0.277356261419841,1,0.037590868745812,18
0.294004806433471,1,0.0406505092233558,18
0.311652694492943,1,0.0439384110317293,18
0.330359912012834,1,0.0474704015236292,18
0.350190046143171,1,0.051263392356163,18
0.371210500906636,1,0.0553354642415287,18
0.393492726309585,1,0.0597059609949268,18
0.417112461205652,1,0.064395594545436,18
0.442149990737449,1,0.0694265630491866,18
0.468690419231419,1,0.074822684903639,18
0.496823959473438,1,0.0806095523992251,18
0.526646239348428,1,0.0868147101079379,18
0.558258626886269,1,0.0934678651422355,18
0.591768574818882,1,0.100601139539625,18
0.627289985819624,1,0.108249379979585,18
0.664943599666504,1,0.116450548192421,18
0.70485740364519,1,0.125246229447287,18
0.747167067586808,1,0.134682321935123,18
0.792016405019255,1,0.144810018966981,18
0.839557861999511,1,0.155687298473066,18
0.889953035288523,1,0.167381371103744,18
0.943373221629978,1,0.179973162939859,18
1,1,0.193566895914773,18
1e-04,1,1.97663437176548e-08,19
0.000112533558260077,1,2.50266595086198e-08,19
0.00012663801734674,1,3.16860785324384e-08,19
0.0001425102670303,1,4.01163865756645e-08,19
0.000160371874375133,1,5.07880221075964e-08,19
0.000180472176682717,1,6.42961922016538e-08,19
0.000203091762090474,1,8.13938783200587e-08,19
0.000228546386413499,1,1.03033536609961e-07,19
0.000257191380905935,1,1.30419766587545e-07,19
0.000289426612471675,1,1.65075817845046e-07,19
0.000325702065565979,1,2.08927531174914e-07,19
0.000366524123707963,1,2.64409249778615e-07,19
0.000412462638290136,1,3.34597385127855e-07,19
0.000464158883361278,1,4.2337877290972e-07,19
0.000522334507426684,1,5.35662765294853e-07,19
0.000587801607227492,1,6.77648242728249e-07,19
0.000661474064123015,1,8.57159536055011e-07,19
0.00074438030132517,1,1.08406870009755e-06,19
0.000837677640068293,1,1.37082587429604e-06,19
0.000942668455117886,1,1.73312473040079e-06,19
0.00106081835513945,1,2.19073650711739e-06,19
0.00119377664171444,1,2.76855406277989e-06,19
0.0013433993325989,1,3.49789706232944e-06,19
0.00151177507061566,1,4.41814116701832e-06,19
0.00170125427985259,1,5.578748287838e-06,19
0.00191448197616996,1,7.04179200207768e-06,19
0.00215443469003189,1,8.88509257073246e-06,19
0.00242446201708233,1,1.12061000923131e-05,19
0.00272833337648677,1,1.41266926581225e-05,19
0.00307029062975785,1,1.77990894046688e-05,19
0.00345510729459222,1,2.24131164889952e-05,19
0.00388815518030809,1,2.8205107569475e-05,19
0.00437547937507419,1,3.54687695611933e-05,19
0.00492388263170674,1,4.45683992346615e-05,19
0.0055410203300095,1,5.59548964411009e-05,19
0.00623550734127392,1,7.01850848500189e-05,19
0.00701703828670383,1,8.7944920283368e-05,19
0.00789652286849973,1,0.000110077238887521,19
0.0088862381627434,1,0.000137614771134495,19
0.01,1,0.00017181922139449,19
0.0106002584880688,1,0.000191621866794878,19
0.0112365480013875,1,0.000213631868878101,19
0.0119110313328301,1,0.00023808354339669,19
0.0126260010987486,1,0.000265234344099747,19
0.0133838875317376,1,0.000295366909535072,19
0.014187266741166,1,0.000328791261501348,19
0.0150388694695541,1,0.000365847163288574,19
0.01594159037456,1,0.000406906646050882,19
0.0168984978681246,1,0.000452376711855904,19
0.0179128445462201,1,0.000502702222167233,19
0.0189880782446526,1,0.000558368980747125,19
0.0201278537584994,1,0.000619907020202933,19
0.0213360452650141,1,0.000687894101682642,19
0.0226167594922287,1,0.000762959437524221,19
0.0239743496780108,1,0.000845787647018682,19
0.0254134303670264,1,0.000937122955845166,19
0.0269388930959017,1,0.00103777365020884,19
0.0285559230199011,1,0.00114861679724671,19
0.0302700165376346,1,0.00127060324389543,19
0.0320869999737045,1,0.0014047629071363,19
0.0340130493827925,1,0.00155221036935987,19
0.0360547115425051,1,0.00171415079354984,19
0.0382189262063312,1,0.00189188617406214,19
0.0405130496923538,1,0.00208682194000794,19
0.0429448798878928,1,0.00230047392963555,19
0.0455226827550731,1,0.00253447575565778,19
0.0482552204274128,1,0.00279058658321376,19
0.0511517809929315,1,0.00307069934408388,19
0.0542222100650159,1,0.00337684941292213,19
0.0574769442483535,1,0.00371122377362889,19
0.0609270466136868,1,0.00407617070659641,19
0.0645842443019698,1,0.00447421003040653,19
0.0684609683857466,1,0.00490804393469571,19
0.0725703961232421,1,0.00538056844431486,19
0.0769264957487914,1,0.00589488555865039,19
0.0815440739518516,1,0.00645431611404827,19
0.0864388262059827,1,0.00706241342173115,19
0.0916273901188674,1,0.0077229777384625,19
0.0971274019847117,1,0.00844007163252253,19
0.102957556731251,1,0.00921803631338546,19
0.109137671465127,1,0.0100615089998745,19
0.115688752831628,1,0.0109754414086101,19
0.122633068417756,1,0.0119651194523346,19
0.129994222441325,1,0.0130361842463165,19
0.137797235983356,1,0.0141946545306329,19
0.146068632036499,1,0.0154469506268797,19
0.15483652565855,1,0.0167999200599465,19
0.164130719537513,1,0.0182608649891968,19
0.173982805293036,1,0.0198375716090012,19
0.184426270858553,1,0.021538341696498,19
0.195496614309126,1,0.0233720265051769,19
0.207231464521903,1,0.0253480632270611,19
0.219670709079324,1,0.0274765142746711,19
0.23285662984982,1,0.0297681096676878,19
0.246834046706865,1,0.0322342928496248,19
0.261650469874882,1,0.0348872703087086,19
0.277356261419841,1,0.03774006543694,19
0.294004806433471,1,0.0408065771352355,19
0.311652694492943,1,0.0441016437650267,19
0.330359912012834,1,0.0476411131638589,19
0.350190046143171,1,0.0514419195928936,19
0.371210500906636,1,0.0555221686799433,19
0.393492726309585,1,0.0599012316802114,19
0.417112461205652,1,0.064599850724013,19
0.442149990737449,1,0.0696402571947893,19
0.468690419231419,1,0.0750463060404677,19
0.496823959473438,1,0.0808436297584218,19
0.526646239348428,1,0.0870598171562445,19
0.558258626886269,1,0.0937246240204572,19
0.591768574818882,1,0.100870225938071,19
0.627289985819624,1,0.108531528446434,19
0.664943599666504,1,0.116746557793624,19
0.70485740364519,1,0.125556969515655,19
0.747167067586808,1,0.135008737226304,19
0.792016405019255,1,0.14515313254468,19
0.839557861999511,1,0.156048208183921,19
0.889953035288523,1,0.167761229019439,19
0.943373221629978,1,0.180373108622579,19
1,1,0.193987856460304,19
1e-04,1,1.95899988538473e-08,20
0.000112533558260077,1,2.48033665151873e-08,20
0.00012663801734674,1,3.14033427056136e-08,20
0.0001425102670303,1,3.97583897270242e-08,20
0.000160371874375133,1,5.03347393495308e-08,20
0.000180472176682717,1,6.37222743925578e-08,20
0.000203091762090474,1,8.06672379174327e-08,20
0.000228546386413499,1,1.02113558482504e-07,20
0.000257191380905935,1,1.2925504632213e-07,20
0.000289426612471675,1,1.63601298845148e-07,20
0.000325702065565979,1,2.07060886373906e-07,20
0.000366524123707963,1,2.62046306752682e-07,20
0.000412462638290136,1,3.31606343550311e-07,20
0.000464158883361278,1,4.19592898181866e-07,20
0.000522334507426684,1,5.30871157847859e-07,20
0.000587801607227492,1,6.71584182154386e-07,20
0.000661474064123015,1,8.49485767759285e-07,20
0.00074438030132517,1,1.07435887144186e-06,20
0.000837677640068293,1,1.35854112261004e-06,20
0.000942668455117886,1,1.71758417841424e-06,20
0.00106081835513945,1,2.17108010202086e-06,20
0.00119377664171444,1,2.74369581118977e-06,20
0.0013433993325989,1,3.46646623141147e-06,20
0.00151177507061566,1,4.37840843478108e-06,20
0.00170125427985259,1,5.52853309763063e-06,20
0.00191448197616996,1,6.97834649942052e-06,20
0.00215443469003189,1,8.80495643049884e-06,20
0.00242446201708233,1,1.11049192612479e-05,20
0.00272833337648677,1,1.39989935030433e-05,20
0.00307029062975785,1,1.76379979412513e-05,20
0.00345510729459222,1,2.22100102443235e-05,20
0.00388815518030809,1,2.79491851679713e-05,20
0.00437547937507419,1,3.51465203117223e-05,20
0.00492388263170674,1,4.41629518269934e-05,20
0.0055410203300095,1,5.5445222335355e-05,20
0.00623550734127392,1,6.95450281049484e-05,20
0.00701703828670383,1,8.71420214316879e-05,20
0.00789652286849973,1,0.000109071316110266,20
0.0088862381627434,1,0.000136356217435184,20
0.01,1,0.000170246971793877,20
0.0106002584880688,1,0.000189868094473554,20
0.0112365480013875,1,0.000211676440436418,20
0.0119110313328301,1,0.0002359042283056,20
0.0126260010987486,1,0.000262806616751122,20
0.0133838875317376,1,0.000292663735305097,20
0.014187266741166,1,0.000325782865815565,20
0.0150388694695541,1,0.00036250078263,20
0.01594159037456,1,0.000403186259797432,20
0.0168984978681246,1,0.000448242753777899,20
0.0179128445462201,1,0.000498111270351135,20
0.0189880782446526,1,0.000553273424640098,20
0.0201278537584994,1,0.000614254703398177,20
0.0213360452650141,1,0.000681627938978716,20
0.0226167594922287,1,0.000756017004697654,20
0.0239743496780108,1,0.000838100741648816,20
0.0254134303670264,1,0.000928617127420434,20
0.0269388930959017,1,0.00102836769762293,20
0.0285559230199011,1,0.00113822223166867,20
0.0302700165376346,1,0.00125912371486434,20
0.0320869999737045,1,0.00139209358959155,20
0.0340130493827925,1,0.00153823730917662,20
0.0360547115425051,1,0.0016987502090004,20
0.0382189262063312,1,0.00187492371048173,20
0.0405130496923538,1,0.00206815187479345,20
0.0429448798878928,1,0.00227993832456682,20
0.0455226827550731,1,0.00251190355339359,20
0.0482552204274128,1,0.00276579264468551,20
0.0511517809929315,1,0.00304348342338972,20
0.0542222100650159,1,0.00334699506621178,20
0.0574769442483535,1,0.00367849719837211,20
0.0609270466136868,1,0.00404031950753388,20
0.0645842443019698,1,0.00443496190840322,20
0.0684609683857466,1,0.00486510529464001,20
0.0725703961232421,1,0.00533362291813652,20
0.0769264957487914,1,0.00584359243945969,20
0.0815440739518516,1,0.00639830869731845,20
0.0864388262059827,1,0.00700129724936317,20
0.0916273901188674,1,0.00765632874145865,20
0.0971274019847117,1,0.00836743416786456,20
0.102957556731251,1,0.00913892109054308,20
0.109137671465127,1,0.00997539089215694,20
0.115688752831628,1,0.0108817571443069,20
0.122633068417756,1,0.0118632651802605,20
0.129994222441325,1,0.0129255129699733,20
0.137797235983356,1,0.0140744734047125,20
0.146068632036499,1,0.0153165181092521,20
0.15483652565855,1,0.0166584429115964,20
0.164130719537513,1,0.0181074951137676,20
0.173982805293036,1,0.01967140272269,20
0.184426270858553,1,0.0213584058179763,20
0.195496614309126,1,0.0231772902540038,20
0.207231464521903,1,0.0251374239176604,20
0.219670709079324,1,0.0272487957913724,20
0.23285662984982,1,0.0295220581045148,20
0.246834046706865,1,0.0319685718964434,20
0.261650469874882,1,0.034600456362947,20
0.277356261419841,1,0.0374306424172915,20
0.294004806433471,1,0.0404729309704405,20
0.311652694492943,1,0.0437420565268566,20
0.330359912012834,1,0.0472537568085659,20
0.350190046143171,1,0.0510248492693434,20
0.371210500906636,1,0.0550733155549448,20
0.393492726309585,1,0.0594183952215505,20
0.417112461205652,1,0.0640806903683448,20
0.442149990737449,1,0.0690822833093336,20
0.468690419231419,1,0.0744468700619416,20
0.496823959473438,1,0.0801999133559764,20
0.526646239348428,1,0.0863688202109794,20
0.558258626886269,1,0.0929831511315981,20
0.591768574818882,1,0.100074871036262,20
0.627289985819624,1,0.107678656883599,20
0.664943599666504,1,0.115832284921636,20
0.70485740364519,1,0.124577134133647,20
0.747167067586808,1,0.133958867097187,20
0.792016405019255,1,0.144028396843829,20
0.839557861999511,1,0.154843346755553,20
0.889953035288523,1,0.166470436670591,20
0.943373221629978,1,0.178989822238936,20
1,1,0.192504300915892,20
1e-04,1,1.95212197765907e-08,21
0.000112533558260077,1,2.47164545681011e-08,21
0.00012663801734674,1,3.12935469238517e-08,21
0.0001425102670303,1,3.96197276909641e-08,21
0.000160371874375133,1,5.01596820850275e-08,21
0.000180472176682717,1,6.35013550722477e-08,21
0.000203091762090474,1,8.03885637748887e-08,21
0.000228546386413499,1,1.01762204388142e-07,21
0.000257191380905935,1,1.28812303352921e-07,21
0.000289426612471675,1,1.63043746092846e-07,21
0.000325702065565979,1,2.0635924892026e-07,21
0.000366524123707963,1,2.61164054288174e-07,21
0.000412462638290136,1,3.30497980382243e-07,21
0.000464158883361278,1,4.18201889876335e-07,21
0.000522334507426684,1,5.29127429118238e-07,21
0.000587801607227492,1,6.69401126323954e-07,21
0.000661474064123015,1,8.4675670159959e-07,21
0.00074438030132517,1,1.07095288585571e-06,21
0.000837677640068293,1,1.35429829240709e-06,21
0.000942668455117886,1,1.71231013655795e-06,21
0.00106081835513945,1,2.16454004460979e-06,21
0.00119377664171444,1,2.73560809413688e-06,21
0.0013433993325989,1,3.45649587322991e-06,21
0.00151177507061566,1,4.36616104681878e-06,21
0.00170125427985259,1,5.51355007769071e-06,21
0.00191448197616996,1,6.96010274851623e-06,21
0.00215443469003189,1,8.78286243610875e-06,21
0.00242446201708233,1,1.10783301639728e-05,21
0.00272833337648677,1,1.39672287842403e-05,21
0.00307029062975785,1,1.76003766620635e-05,21
0.00345510729459222,1,2.21659083846167e-05,21
0.00388815518030809,1,2.78981235869998e-05,21
0.00437547937507419,1,3.50882941733619e-05,21
0.00492388263170674,1,4.40978149900093e-05,21
0.0055410203300095,1,5.53741431283424e-05,21
0.00623550734127392,1,6.94700359415155e-05,21
0.00701703828670383,1,8.70666667050811e-05,21
0.00789652286849973,1,0.000109001268443879,21
0.0088862381627434,1,0.000136300029381047,21
0.01,1,0.000170217036105698,21
0.0106002584880688,1,0.000189857173770283,21
0.0112365480013875,1,0.000211689482303952,21
0.0119110313328301,1,0.000235946998711976,21
0.0126260010987486,1,0.000262885800522159,21
0.0133838875317376,1,0.000292787044994855,21
0.014187266741166,1,0.000325959159220331,21
0.0150388694695541,1,0.00036274018915978,21
0.01594159037456,1,0.00040350031588789,21
0.0168984978681246,1,0.000448644547499788,21
0.0179128445462201,1,0.000498615595356044,21
0.0189880782446526,1,0.000553896943569008,21
0.0201278537584994,1,0.000615016120886496,21
0.0213360452650141,1,0.000682548184408257,21
0.0226167594922287,1,0.000757119424884779,21
0.0239743496780108,1,0.000839411303716662,21
0.0254134303670264,1,0.00093016463218358,21
0.0269388930959017,1,0.00103018400392116,21
0.0285559230199011,1,0.00114034249221591,21
0.0302700165376346,1,0.0012615866243365,21
0.0320869999737045,1,0.00139494164585527,21
0.0340130493827925,1,0.00154151708876696,21
0.0360547115425051,1,0.00170251265817269,21
0.0382189262063312,1,0.00187922445340071,21
0.0405130496923538,1,0.00207305154067051,21
0.0429448798878928,1,0.00228550289580303,21
0.0455226827550731,1,0.00251820473703764,21
0.0482552204274128,1,0.00277290826975175,21
0.0511517809929315,1,0.0030514978668081,21
0.0542222100650159,1,0.00335599971038199,21
0.0574769442483535,1,0.00368859092346779,21
0.0609270466136868,1,0.00405160922184407,21
0.0645842443019698,1,0.00444756312010363,21
0.0684609683857466,1,0.00487914272844885,21
0.0725703961232421,1,0.0053492311803364,21
0.0769264957487914,1,0.00586091673475491,21
0.0815440739518516,1,0.0064175056009472,21
0.0864388262059827,1,0.0070225355378055,21
0.0916273901188674,1,0.00767979028498458,21
0.0971274019847117,1,0.00839331488804876,21
0.102957556731251,1,0.00916743198576589,21
0.109137671465127,1,0.0100067591340048,21
0.115688752831628,1,0.0109162272477122,21
0.122633068417756,1,0.0119011002501909,21
0.129994222441325,1,0.0129669960275052,21
0.137797235983356,1,0.0141199087954323,21
0.146068632036499,1,0.015366232997129,21
0.15483652565855,1,0.0167127888617913,21
0.164130719537513,1,0.0181668497683046,21
0.173982805293036,1,0.0197361715735389,21
0.184426270858553,1,0.0214290240829106,21
0.195496614309126,1,0.0232542248616436,21
0.207231464521903,1,0.0252211756094173,21
0.219670709079324,1,0.0273399013496355,21
0.23285662984982,1,0.0296210927184364,21
0.246834046706865,1,0.0320761516791636,21
0.261650469874882,1,0.0347172410371843,21
0.277356261419841,1,0.0375573381900697,21
0.294004806433471,1,0.0406102936225758,21
0.311652694492943,1,0.0438908947489998,21
0.330359912012834,1,0.0474149358235754,21
0.350190046143171,1,0.0511992947912313,21
0.371210500906636,1,0.055262018148605,21
0.393492726309585,1,0.0596224151464419,21
0.417112461205652,1,0.0643011630155626,21
0.442149990737449,1,0.0693204253786046,21
0.468690419231419,1,0.0747039866786327,21
0.496823959473438,1,0.0804774064073432,21
0.526646239348428,1,0.0866681983007927,21
0.558258626886269,1,0.0933060417390855,21
0.591768574818882,1,0.100423035765443,21
0.627289985819624,1,0.108054011188472,21
0.664943599666504,1,0.116236924557392,21
0.70485740364519,1,0.125013372152642,21
0.747167067586808,1,0.134429288213907,21
0.792016405019255,1,0.144535942144739,21
0.839557861999511,1,0.155391455385295,21
0.889953035288523,1,0.167063304721644,21
0.943373221629978,1,0.17963293371474,21
1,1,0.19320570776978,21
1e-04,1,1.90597416307601e-08,22
0.000112533558260077,1,2.41321870807582e-08,22
0.00012663801734674,1,3.05538406233652e-08,22
0.0001425102670303,1,3.86832611810657e-08,22
0.000160371874375133,1,4.89741624171173e-08,22
0.000180472176682717,1,6.20006110620142e-08,22
0.000203091762090474,1,7.84888699378965e-08,22
0.000228546386413499,1,9.93576362039866e-08,22
0.000257191380905935,1,1.25768867784415e-07,22
0.000289426612471675,1,1.59191967966392e-07,22
0.000325702065565979,1,2.01484807998649e-07,22
0.000366524123707963,1,2.54995967336427e-07,22
0.000412462638290136,1,3.22693688594471e-07,22
0.000464158883361278,1,4.08328450526901e-07,22
0.000522334507426684,1,5.16637807941181e-07,22
0.000587801607227492,1,6.53604329117776e-07,22
0.000661474064123015,1,8.26780172209106e-07,22
0.00074438030132517,1,1.04569520271798e-06,22
0.000837677640068293,1,1.32236971270066e-06,22
0.000942668455117886,1,1.67195794036453e-06,22
0.00106081835513945,1,2.11355489502312e-06,22
0.00119377664171444,1,2.67120673784772e-06,22
0.0013433993325989,1,3.37517441103342e-06,22
0.00151177507061566,1,4.26351169115623e-06,22
0.00170125427985259,1,5.3840327335022e-06,22
0.00191448197616996,1,6.79676087487148e-06,22
0.00215443469003189,1,8.57697043870473e-06,22
0.00242446201708233,1,1.08189569982573e-05,22
0.00272833337648677,1,1.36406995063745e-05,22
0.00307029062975785,1,1.7189610358162e-05,22
0.00345510729459222,1,2.16496072735154e-05,22
0.00388815518030809,1,2.72497842156429e-05,22
0.00437547937507419,1,3.42750076530081e-05,22
0.00492388263170674,1,4.3078819379582e-05,22
0.0055410203300095,1,5.40990876752113e-05,22
0.00623550734127392,1,6.78769143648595e-05,22
0.00701703828670383,1,8.50793755778968e-05,22
0.00789652286849973,1,0.000106526747626202,22
0.0088862381627434,1,0.000133224945044486,22
0.01,1,0.000166403973855123,22
0.0106002584880688,1,0.00018562060819481,22
0.0112365480013875,1,0.000206985237548245,22
0.0119110313328301,1,0.000230726756868802,22
0.0126260010987486,1,0.000257096784484391,22
0.0133838875317376,1,0.000286371687081123,22
0.014187266741166,1,0.000318854756258167,22
0.0150388694695541,1,0.000354878544896867,22
0.01594159037456,1,0.000394807371784801,22
0.0168984978681246,1,0.000439040003138288,22
0.0179128445462201,1,0.000488012519870593,22
0.0189880782446526,1,0.000542201379662606,22
0.0201278537584994,1,0.000602126683126864,22
0.0213360452650141,1,0.000668355653602877,22
0.0226167594922287,1,0.000741506340402378,22
0.0239743496780108,1,0.000822251555642297,22
0.0254134303670264,1,0.000911323055170618,22
0.0269388930959017,1,0.00100951597451331,22
0.0285559230199011,1,0.00111769353126714,22
0.0302700165376346,1,0.0012367920059353,22
0.0320869999737045,1,0.00136782601387465,22
0.0340130493827925,1,0.00151189408179679,22
0.0360547115425051,1,0.00167018454315595,22
0.0382189262063312,1,0.00184398176778841,22
0.0405130496923538,1,0.00203467274233344,22
0.0429448798878928,1,0.00224375401930223,22
0.0455226827550731,1,0.0024728390541645,22
0.0482552204274128,1,0.00272366595150939,22
0.0511517809929315,1,0.00299810564324183,22
0.0542222100650159,1,0.00329817052386781,22
0.0574769442483535,1,0.00362602357027811,22
0.0609270466136868,1,0.00398398797601057,22
0.0645842443019698,1,0.00437455733283126,22
0.0684609683857466,1,0.00480040639559193,22
0.0725703961232421,1,0.00526440246976099,22
0.0769264957487914,1,0.00576961746476947,22
0.0815440739518516,1,0.00631934066042305,22
0.0864388262059827,1,0.00691709223810516,22
0.0916273901188674,1,0.00756663763339762,22
0.0971274019847117,1,0.00827200277209659,22
0.102957556731251,1,0.00903749025745952,22
0.109137671465127,1,0.00986769658294662,22
0.115688752831628,1,0.010767530451789,22
0.122633068417756,1,0.0117422322925083,22
0.129994222441325,1,0.0127973950681476,22
0.137797235983356,1,0.013938986486573,22
0.146068632036499,1,0.0151733727299396,22
0.15483652565855,1,0.0165073438334788,22
0.164130719537513,1,0.017948140857407,22
0.173982805293036,1,0.0195034850112978,22
0.184426270858553,1,0.0211816089080711,22
0.195496614309126,1,0.0229912901453481,22
0.207231464521903,1,0.0249418874359149,22
0.219670709079324,1,0.0270433795372357,22
0.23285662984982,1,0.0293064072634062,22
0.246834046706865,1,0.0317423189029901,22
0.261650469874882,1,0.0343632194146306,22
0.277356261419841,1,0.0371820238315575,22
0.294004806433471,1,0.0402125153793202,22
0.311652694492943,1,0.0434694089026379,22
0.330359912012834,1,0.0469684203131824,22
0.350190046143171,1,0.0507263429188159,22
0.371210500906636,1,0.0547611316882095,22
0.393492726309585,1,0.059091996760069,22
0.417112461205652,1,0.0637395078485541,22
0.442149990737449,1,0.0687257116635424,22
0.468690419231419,1,0.0740742651134821,22
0.496823959473438,1,0.0798105879792086,22
0.526646239348428,1,0.0859620400824068,22
0.558258626886269,1,0.0925581299581537,22
0.591768574818882,1,0.0996307650779228,22
0.627289985819624,1,0.10721455846452,22
0.664943599666504,1,0.115347214394181,22
0.70485740364519,1,0.124070029307128,22
0.747167067586808,1,0.13342856819555,22
0.792016405019255,1,0.143473622922037,22
0.839557861999511,1,0.154262654244224,22
0.889953035288523,1,0.165862136186132,22
0.943373221629978,1,0.178351783059418,22
1,1,0.191833386006921,22
1e-04,1,1.92335855032663e-08,23
0.000112533558260077,1,2.43521870619744e-08,23
0.00012663801734674,1,3.08322273024855e-08,23
0.0001425102670303,1,3.9035495782755e-08,23
0.000160371874375133,1,4.94197863632021e-08,23
0.000180472176682717,1,6.25643161903624e-08,23
0.000203091762090474,1,7.9201847733218e-08,23
0.000228546386413499,1,1.00259276711361e-07,23
0.000257191380905935,1,1.26908897279643e-07,23
0.000289426612471675,1,1.60633137180694e-07,23
0.000325702065565979,1,2.03306269506094e-07,23
0.000366524123707963,1,2.57297514451866e-07,23
0.000412462638290136,1,3.25601070981102e-07,23
0.000464158883361278,1,4.12000029924256e-07,23
0.000522334507426684,1,5.21272882406434e-07,23
0.000587801607227492,1,6.59453528719923e-07,23
0.000661474064123015,1,8.34158418933017e-07,23
0.00074438030132517,1,1.05499783819374e-06,23
0.000837677640068293,1,1.33409252813239e-06,23
0.000942668455117886,1,1.68672199565947e-06,23
0.00106081835513945,1,2.13213719737386e-06,23
0.00119377664171444,1,2.69457805987552e-06,23
0.0013433993325989,1,3.40454577035096e-06,23
0.00151177507061566,1,4.3003912908374e-06,23
0.00170125427985259,1,5.43029546865211e-06,23
0.00191448197616996,1,6.85473285452366e-06,23
0.00215443469003189,1,8.64953133749823e-06,23
0.00242446201708233,1,1.09096634509025e-05,23
0.00272833337648677,1,1.37539331596428e-05,23
0.00307029062975785,1,1.73307546163884e-05,23
0.00345510729459222,1,2.1825257175391e-05,23
0.00388815518030809,1,2.74679942753855e-05,23
0.00437547937507419,1,3.45455828548644e-05,23
0.00492388263170674,1,4.34136548368975e-05,23
0.0055410203300095,1,5.45125627314986e-05,23
0.00623550734127392,1,6.83863471451758e-05,23
0.00701703828670383,1,8.57055441697514e-05,23
0.00789652286849973,1,0.000107294484215171,23
0.0088862381627434,1,0.000134163809445302,23
0.01,1,0.000167549012985827,23
0.0106002584880688,1,0.000186882258297726,23
0.0112365480013875,1,0.000208374416076154,23
0.0119110313328301,1,0.000232255286606966,23
0.0126260010987486,1,0.000258777456237141,23
0.0133838875317376,1,0.000288218325624925,23
0.014187266741166,1,0.000320882289666319,23
0.0150388694695541,1,0.000357103077339837,23
0.01594159037456,1,0.000397246259916649,23
0.0168984978681246,1,0.000441711936180486,23
0.0179128445462201,1,0.000490937603508622,23
0.0189880782446526,1,0.000545401223878213,23
0.0201278537584994,1,0.00060562449409442,23
0.0213360452650141,1,0.000672176329788496,23
0.0226167594922287,1,0.000745676573014127,23
0.0239743496780108,1,0.000826799933598749,23
0.0254134303670264,1,0.000916280174765813,23
0.0269388930959017,1,0.00101491455398454,23
0.0285559230199011,1,0.00112356853049218,23
0.0302700165376346,1,0.00124318075151626,23
0.0320869999737045,1,0.00137476832990206,23
0.0340130493827925,1,0.00151943242662031,23
0.0360547115425051,1,0.0016783641525351,23
0.0382189262063312,1,0.00185285080483952,23
0.0405130496923538,1,0.00204428245473948,23
0.0429448798878928,1,0.00225415890430535,23
0.0455226827550731,1,0.00248409703191123,23
0.0482552204274128,1,0.00273583854738014,23
0.0511517809929315,1,0.00301125817984195,23
0.0542222100650159,1,0.00331237232342275,23
0.0574769442483535,1,0.00364134816821428,23
0.0609270466136868,1,0.00400051334656422,23
0.0645842443019698,1,0.00439236612756178,23
0.0684609683857466,1,0.00481958619571998,23
0.0725703961232421,1,0.00528504605328558,23
0.0769264957487914,1,0.00579182308934241,23
0.0815440739518516,1,0.00634321236297933,23
0.0864388262059827,1,0.00694274015226618,23
0.0916273901188674,1,0.00759417832566735,23
0.0971274019847117,1,0.00830155959787555,23
0.102957556731251,1,0.00906919373789834,23
0.109137671465127,1,0.00990168480365743,23
0.115688752831628,1,0.0108039494844213,23
0.122633068417756,1,0.0117812366401909,23
0.129994222441325,1,0.0128391481357869,23
0.137797235983356,1,0.0139836610769944,23
0.146068632036499,1,0.0152211515668546,23
0.15483652565855,1,0.0165584201122623,23
0.164130719537513,1,0.0180027188246833,23
0.173982805293036,1,0.0195617805743436,23
0.184426270858553,1,0.0212438502750759,23
0.195496614309126,1,0.0230577184976095,23
0.207231464521903,1,0.0250127576330958,23
0.219670709079324,1,0.0271189608568834,23
0.23285662984982,1,0.0293869841760263,23
0.246834046706865,1,0.0318281918840964,23
0.261650469874882,1,0.0344547057953756,23
0.277356261419841,1,0.0372794586898038,23
0.294004806433471,1,0.0403162524733983,23
0.311652694492943,1,0.0435798216506078,23
0.330359912012834,1,0.0470859028213018,23
0.350190046143171,1,0.0508513110642832,23
0.371210500906636,1,0.054894024263409,23
0.393492726309585,1,0.0592332766889646,23
0.417112461205652,1,0.0638896634913775,23
0.442149990737449,1,0.0688852582348291,23
0.468690419231419,1,0.0742437462531517,23
0.496823959473438,1,0.079990577540768,23
0.526646239348428,1,0.0861531442437035,23
0.558258626886269,1,0.0927609898316366,23
0.591768574818882,1,0.0998460601242396,23
0.627289985819624,1,0.107443011244934,23
0.664943599666504,1,0.115589597635369,23
0.70485740364519,1,0.124327177115766,23
0.747167067586808,1,0.133701395052032,23
0.792016405019255,1,0.143763158037271,23
0.839557861999511,1,0.154570108289659,23
0.889953035288523,1,0.166189042192872,23
0.943373221629978,1,0.178700327461752,23
1,1,0.192207311522539,23
1e-04,1,2.08243826656122e-08,24
0.000112533558260077,1,2.63660143791415e-08,24
0.00012663801734674,1,3.33814638901767e-08,24
0.0001425102670303,1,4.22623263597466e-08,24
0.000160371874375133,1,5.35040851784475e-08,24
0.000180472176682717,1,6.77336098778512e-08,24
0.000203091762090474,1,8.57438971433925e-08,24
0.000228546386413499,1,1.0853796512399e-07,24
0.000257191380905935,1,1.37384284700795e-07,24
0.000289426612471675,1,1.73886762811518e-07,24
0.000325702065565979,1,2.20073062546316e-07,24
0.000366524123707963,1,2.7850601876874e-07,24
0.000412462638290136,1,3.52424119518785e-07,24
0.000464158883361278,1,4.45918545317649e-07,24
0.000522334507426684,1,5.64156148012834e-07,24
0.000587801607227492,1,7.13660099515635e-07,24
0.000661474064123015,1,9.02662874626846e-07,24
0.00074438030132517,1,1.14154983750652e-06,24
0.000837677640068293,1,1.44341618436357e-06,24
0.000942668455117886,1,1.82476549553044e-06,24
0.00106081835513945,1,2.30638491490849e-06,24
0.00119377664171444,1,2.91444024019993e-06,24
0.0013433993325989,1,3.68184428170211e-06,24
0.00151177507061566,1,4.64996405468025e-06,24
0.00170125427985259,1,5.87074710161265e-06,24
0.00191448197616996,1,7.40936490192908e-06,24
0.00215443469003189,1,9.3474923837977e-06,24
0.00242446201708233,1,1.17873674637495e-05,24
0.00272833337648677,1,1.4856803803712e-05,24
0.00307029062975785,1,1.87153640353784e-05,24
0.00345510729459222,1,2.35619399911831e-05,24
0.00388815518030809,1,2.96440312984847e-05,24
0.00437547937507419,1,3.72690642517932e-05,24
0.00492388263170674,1,4.68181491545303e-05,24
0.0055410203300095,1,5.87627360955327e-05,24
0.00623550734127392,1,7.36846958543348e-05,24
0.00701703828670383,1,9.23004234992388e-05,24
0.00789652286849973,1,0.000115489636080235,24
0.0088862381627434,1,0.000144329611202386,24
0.01,1,0.000180135688577342,24
0.0106002584880688,1,0.000200858577551831,24
0.0112365480013875,1,0.000223886062415931,24
0.0119110313328301,1,0.000249462098831267,24
0.0126260010987486,1,0.000277854654445526,24
0.0133838875317376,1,0.000309357825279125,24
0.014187266741166,1,0.000344294108257635,24
0.0150388694695541,1,0.00038301683822035,24
0.01594159037456,1,0.000425912797930745,24
0.0168984978681246,1,0.00047340500981543,24
0.0179128445462201,1,0.000525955718372104,24
0.0189880782446526,1,0.000584069572398117,24
0.0201278537584994,1,0.000648297016439721,24
0.0213360452650141,1,0.000719237901121234,24
0.0226167594922287,1,0.000797545322315816,24
0.0239743496780108,1,0.000883929699459648,24
0.0254134303670264,1,0.000979163103706772,24
0.0269388930959017,1,0.00108408384708094,24
0.0285559230199011,1,0.00119960134431003,24
0.0302700165376346,1,0.0013267012596492,24
0.0320869999737045,1,0.00146645095171786,24
0.0340130493827925,1,0.00162000523019268,24
0.0360547115425051,1,0.0017886124391631,24
0.0382189262063312,1,0.00197362088303163,24
0.0405130496923538,1,0.00217648561208186,24
0.0429448798878928,1,0.00239877558624029,24
0.0455226827550731,1,0.00264218123712648,24
0.0482552204274128,1,0.00290852245025727,24
0.0511517809929315,1,0.00319975699123916,24
0.0542222100650159,1,0.00351798940196692,24
0.0574769442483535,1,0.00386548039527011,24
0.0609270466136868,1,0.00424465677910972,24
0.0645842443019698,1,0.0046581219443675,24
0.0684609683857466,1,0.00510866695347164,24
0.0725703961232421,1,0.00559928227063333,24
0.0769264957487914,1,0.00613317017829742,24
0.0815440739518516,1,0.00671375792861629,24
0.0864388262059827,1,0.00734471168332166,24
0.0916273901188674,1,0.0080299513003774,24
0.0971274019847117,1,0.00877366603124388,24
0.102957556731251,1,0.00958033119856193,24
0.109137671465127,1,0.0104547259306099,24
0.115688752831628,1,0.0114019520360784,24
0.122633068417756,1,0.0124274541106491,24
0.129994222441325,1,0.013537040975642,24
0.137797235983356,1,0.0147369085587652,24
0.146068632036499,1,0.0160336643379179,24
0.15483652565855,1,0.0174343534812631,24
0.164130719537513,1,0.0189464868306647,24
0.173982805293036,1,0.020578070891368,24
0.184426270858553,1,0.0223376400089269,24
0.195496614309126,1,0.0242342909352995,24
0.207231464521903,1,0.026277720010428,24
0.219670709079324,1,0.0284782632142864,24
0.23285662984982,1,0.0308469393783879,24
0.246834046706865,1,0.0333954968864829,24
0.261650469874882,1,0.036136464243492,24
0.277356261419841,1,0.03908320495203,24
0.294004806433471,1,0.0422499772105103,24
0.311652694492943,1,0.0456519990402514,24
0.330359912012834,1,0.0493055195674746,24
0.350190046143171,1,0.0532278973382953,24
0.371210500906636,1,0.0574376867431661,24
0.393492726309585,1,0.061954733889664,24
0.417112461205652,1,0.0668002836154012,24
0.442149990737449,1,0.0719970998157572,24
0.468690419231419,1,0.077569601934733,24
0.496823959473438,1,0.0835440214266712,24
0.526646239348428,1,0.0899485833951632,24
0.558258626886269,1,0.0968137207074842,24
0.591768574818882,1,0.104172331104539,24
0.627289985819624,1,0.112060092954907,24
0.664943599666504,1,0.120515863784509,24
0.70485740364519,1,0.129582200388018,24
0.747167067586808,1,0.139306066105399,24
0.792016405019255,1,0.149739842978775,24
0.839557861999511,1,0.160942876507868,24
0.889953035288523,1,0.172984038035474,24
0.943373221629978,1,0.185946480169195,24
1,1,0.199938007216844,24
1e-04,1,1.98842523705967e-08,25
0.000112533558260077,1,2.51755158502933e-08,25
0.00012663801734674,1,3.18739317092537e-08,25
0.0001425102670303,1,4.03533487601172e-08,25
0.000160371874375133,1,5.10867832342343e-08,25
0.000180472176682717,1,6.46726584845134e-08,25
0.000203091762090474,1,8.18679610208655e-08,25
0.000228546386413499,1,1.03630121806269e-07,25
0.000257191380905935,1,1.31169905207134e-07,25
0.000289426612471675,1,1.66018175664212e-07,25
0.000325702065565979,1,2.10110148165203e-07,25
0.000366524123707963,1,2.6589165781994e-07,25
0.000412462638290136,1,3.36453138293682e-07,25
0.000464158883361278,1,4.25698439955116e-07,25
0.000522334507426684,1,5.38557422686529e-07,25
0.000587801607227492,1,6.81253492474879e-07,25
0.000661474064123015,1,8.61640028106997e-07,25
0.00074438030132517,1,1.08962308815007e-06,25
0.000837677640068293,1,1.37769203106275e-06,25
0.000942668455117886,1,1.74158491310612e-06,25
0.00106081835513945,1,2.20112194653821e-06,25
0.00119377664171444,1,2.78124815176637e-06,25
0.0013433993325989,1,3.5133358870671e-06,25
0.00151177507061566,1,4.43680953227406e-06,25
0.00170125427985259,1,5.60116857739846e-06,25
0.00191448197616996,1,7.06850212679895e-06,25
0.00215443469003189,1,8.91660782184223e-06,25
0.00242446201708233,1,1.12428518495005e-05,25
0.00272833337648677,1,1.41689345142238e-05,25
0.00307029062975785,1,1.78467582685339e-05,25
0.00345510729459222,1,2.2465632518319e-05,25
0.00388815518030809,1,2.82610922960294e-05,25
0.00437547937507419,1,3.5525656226254e-05,25
0.00492388263170674,1,4.46219031444862e-05,25
0.0055410203300095,1,5.59983060840982e-05,25
0.00623550734127392,1,7.02083266782926e-05,25
0.00701703828670383,1,8.7933341588612e-05,25
0.00789652286849973,1,0.000110010044319091,25
0.0088862381627434,1,0.000137463039390749,25
0.01,1,0.000171543419821531,25
0.0106002584880688,1,0.000191266182359343,25
0.0112365480013875,1,0.00021318142013598,25
0.0119110313328301,1,0.000237521235051135,25
0.0126260010987486,1,0.000264540597488979,25
0.0133838875317376,1,0.000294519367549013,25
0.014187266741166,1,0.000327764466344938,25
0.0150388694695541,1,0.000364612205494982,25
0.01594159037456,1,0.000405430783142158,25
0.0168984978681246,1,0.000450622955050044,25
0.0179128445462201,1,0.000500628889538944,25
0.0189880782446526,1,0.000555929215262519,25
0.0201278537584994,1,0.000617048271072218,25
0.0213360452650141,1,0.000684557567495994,25
0.0226167594922287,1,0.000759079469670404,25
0.0239743496780108,1,0.000841291111913789,25
0.0254134303670264,1,0.000931928554539648,25
0.0269388930959017,1,0.00103179119396663,25
0.0285559230199011,1,0.00114174643773154,25
0.0302700165376346,1,0.00126273465662102,25
0.0320869999737045,1,0.00139577442686088,25
0.0340130493827925,1,0.00154196807612216,25
0.0360547115425051,1,0.00170250754803754,25
0.0382189262063312,1,0.00187868060100044,25
0.0405130496923538,1,0.00207187735821845,25
0.0429448798878928,1,0.00228359722736939,25
0.0455226827550731,1,0.00251545620973316,25
0.0482552204274128,1,0.00276919462038738,25
0.0511517809929315,1,0.00304668524295985,25
0.0542222100650159,1,0.00334994194453759,25
0.0574769442483535,1,0.0036811287786659,25
0.0609270466136868,1,0.0040425696069343,25
0.0645842443019698,1,0.00443675827246342,25
0.0684609683857466,1,0.00486636936169663,25
0.0725703961232421,1,0.00533426959427601,25
0.0769264957487914,1,0.00584352988447898,25
0.0815440739518516,1,0.00639743812172591,25
0.0864388262059827,1,0.00699951272207875,25
0.0916273901188674,1,0.00765351700747378,25
0.0971274019847117,1,0.00836347447470785,25
0.102957556731251,1,0.00913368502198428,25
0.109137671465127,1,0.0099687422071815,25
0.115688752831628,1,0.0108735516190145,25
0.122633068417756,1,0.0118533504500024,25
0.129994222441325,1,0.0129137283687498,25
0.137797235983356,1,0.0140606497986246,25
0.146068632036499,1,0.015300477720647,25
0.15483652565855,1,0.0166399991304784,25
0.164130719537513,1,0.0180864522930824,25
0.173982805293036,1,0.0196475559542314,25
0.184426270858553,1,0.021331540685939,25
0.195496614309126,1,0.0231471825636145,25
0.207231464521903,1,0.0251038393968886,25
0.219670709079324,1,0.0272114897644614,25
0.23285662984982,1,0.0294807751370285,25
0.246834046706865,1,0.031923045412708,25
0.261650469874882,1,0.0345504082382396,25
0.277356261419841,1,0.0373757825489598,25
0.294004806433471,1,0.0404129568344109,25
0.311652694492943,1,0.0436766527288416,25
0.330359912012834,1,0.0471825946428917,25
0.350190046143171,1,0.0509475863029534,25
0.371210500906636,1,0.0549895952601637,25
0.393492726309585,1,0.0593278466891556,25
0.417112461205652,1,0.0639829281431852,25
0.442149990737449,1,0.0689769074053329,25
0.468690419231419,1,0.0743334662335885,25
0.496823959473438,1,0.0800780537320706,25
0.526646239348428,1,0.0862380644376869,25
0.558258626886269,1,0.0928430482325351,25
0.591768574818882,1,0.099924962288327,25
0.627289985819624,1,0.107518480146774,25
0.664943599666504,1,0.115661381079607,25
0.70485740364519,1,0.12439505665197,25
0.747167067586808,1,0.133765196274363,25
0.792016405019255,1,0.143822761253359,25
0.839557861999511,1,0.154625455789616,25
0.889953035288523,1,0.166240129645128,25
0.943373221629978,1,0.178747136832972,25
1,1,0.192249520588701,25
1e-04,1,1.98337934238548e-08,26
0.000112533558260077,1,2.51121071595665e-08,26
0.00012663801734674,1,3.17943313591224e-08,26
0.0001425102670303,1,4.0253537845319e-08,26
0.000160371874375133,1,5.09617960739924e-08,26
0.000180472176682717,1,6.45163817680781e-08,26
0.000203091762090474,1,8.16729007973054e-08,26
0.000228546386413499,1,1.03387138999161e-07,26
0.000257191380905935,1,1.30867922963628e-07,26
0.000289426612471675,1,1.65643866986001e-07,26
0.000325702065565979,1,2.09647625908584e-07,26
0.000366524123707963,1,2.65322197569557e-07,26
0.000412462638290136,1,3.35754991281087e-07,26
0.000464158883361278,1,4.24846823206048e-07,26
0.000522334507426684,1,5.37524824285761e-07,26
0.000587801607227492,1,6.80010494485458e-07,26
0.000661474064123015,1,8.60156956159892e-07,26
0.00074438030132517,1,1.08787293267829e-06,26
0.000837677640068293,1,1.3756552873437e-06,26
0.000942668455117886,1,1.73925726636306e-06,26
0.00106081835513945,1,2.19852611472478e-06,26
0.00119377664171444,1,2.77845172309546e-06,26
0.0013433993325989,1,3.51047771773439e-06,26
0.00151177507061566,1,4.43413823296341e-06,26
0.00170125427985259,1,5.59909791333741e-06,26
0.00191448197616996,1,7.06768987230141e-06,26
0.00215443469003189,1,8.91806684542989e-06,26
0.00242446201708233,1,1.12481051064397e-05,26
0.00272833337648677,1,1.41802293319328e-05,26
0.00307029062975785,1,1.78673599954057e-05,26
0.00345510729459222,1,2.25002234524657e-05,26
0.00388815518030809,1,2.83163090069765e-05,26
0.00437547937507419,1,3.56108071119139e-05,26
0.00492388263170674,1,4.47499184891687e-05,26
0.0055410203300095,1,5.61869851487428e-05,26
0.00623550734127392,1,7.04819605123865e-05,26
0.00701703828670383,1,8.83248063141576e-05,26
0.00789652286849973,1,0.000110563477477891,26
0.0088862381627434,1,0.000138237231319057,26
0.01,1,0.000172616072509605,26
0.0106002584880688,1,0.000192522006743813,26
0.0112365480013875,1,0.000214648622582939,26
0.0119110313328301,1,0.000239231918133513,26
0.0126260010987486,1,0.000266531231274732,26
0.0133838875317376,1,0.000296831308220143,26
0.014187266741166,1,0.000330444525593828,26
0.0150388694695541,1,0.000367713274232354,26
0.01594159037456,1,0.000409012513116984,26
0.0168984978681246,1,0.000454752502031035,26
0.0179128445462201,1,0.000505381721729216,26
0.0189880782446526,1,0.000561389990613444,26
0.0201278537584994,1,0.00062331178713505,26
0.0213360452650141,1,0.000691729787387149,26
0.0226167594922287,1,0.000767278627635009,26
0.0239743496780108,1,0.000850648901854237,26
0.0254134303670264,1,0.00094259140472067,26
0.0269388930959017,1,0.00104392163093886,26
0.0285559230199011,1,0.00115552454230123,26
0.0302700165376346,1,0.00127835961447916,26
0.0320869999737045,1,0.00141346617624378,26
0.0340130493827925,1,0.00156196905462281,26
0.0360547115425051,1,0.00172508454044994,26
0.0382189262063312,1,0.00190412668982538,26
0.0405130496923538,1,0.00210051397825439,26
0.0429448798878928,1,0.00231577632561427,26
0.0455226827550731,1,0.00255156251168203,26
0.0482552204274128,1,0.00280964800372558,26
0.0511517809929315,1,0.00309194321963235,26
0.0542222100650159,1,0.00340050225224472,26
0.0574769442483535,1,0.00373753208300033,26
0.0609270466136868,1,0.00410540231564635,26
0.0645842443019698,1,0.00450665546373604,26
0.0684609683857466,1,0.00494401782883164,26
0.0725703961232421,1,0.00542041100984915,26
0.0769264957487914,1,0.00593896408781657,26
0.0815440739518516,1,0.00650302653449113,26
0.0864388262059827,1,0.00711618189783101,26
0.0916273901188674,1,0.00778226232227497,26
0.0971274019847117,1,0.00850536396718761,26
0.102957556731251,1,0.00928986339273465,26
0.109137671465127,1,0.0101404349889154,26
0.115688752831628,1,0.0110620695305828,26
0.122633068417756,1,0.0120600939491005,26
0.129994222441325,1,0.0131401924199473,26
0.137797235983356,1,0.0143084288752047,26
0.146068632036499,1,0.0155712710606245,26
0.15483652565855,1,0.0169356162690796,26
0.164130719537513,1,0.0184088188958919,26
0.173982805293036,1,0.0199987199771462,26
0.184426270858553,1,0.0217136788900121,26
0.195496614309126,1,0.0235626074148283,26
0.207231464521903,1,0.0255550063828857,26
0.219670709079324,1,0.0277010051623012,26
0.23285662984982,1,0.0300114042681563,26
0.246834046706865,1,0.0324977214235883,26
0.261650469874882,1,0.0351722414475668,26
0.277356261419841,1,0.0380480704051228,26
0.294004806433471,1,0.0411391945300865,26
0.311652694492943,1,0.0444605445234096,26
0.330359912012834,1,0.0480280659480779,26
0.350190046143171,1,0.0518587965931032,26
0.371210500906636,1,0.0559709518764237,26
0.393492726309585,1,0.0603840196174876,26
0.417112461205652,1,0.0651188658609612,26
0.442149990737449,1,0.0701978539125042,26
0.468690419231419,1,0.0756449794157658,26
0.496823959473438,1,0.0814860252504824,26
0.526646239348428,1,0.0877487414156397,26
0.558258626886269,1,0.0944630571288745,26
0.591768574818882,1,0.101661335551082,26
0.627289985819624,1,0.109378686593334,26
0.664943599666504,1,0.117653361592181,26
0.70485740364519,1,0.126527268004399,26
0.747167067586808,1,0.136046668389717,26
0.792016405019255,1,0.146263178573372,26
0.839557861999511,1,0.157235286124327,26
0.889953035288523,1,0.169030857152628,26
0.943373221629978,1,0.181731756327018,26
1,1,0.195443820895214,26
1e-04,1,1.96495226489321e-08,27
0.000112533558260077,1,2.48786973451729e-08,27
0.00012663801734674,1,3.14986703426728e-08,27
0.0001425102670303,1,3.98790115103608e-08,27
0.000160371874375133,1,5.04873512918279e-08,27
0.000180472176682717,1,6.39153382328952e-08,27
0.000203091762090474,1,8.09114446862763e-08,27
0.000228546386413499,1,1.02422410999755e-07,27
0.000257191380905935,1,1.29645593988751e-07,27
0.000289426612471675,1,1.64095060303593e-07,27
0.000325702065565979,1,2.07685011394603e-07,27
0.000366524123707963,1,2.62835032449989e-07,27
0.000412462638290136,1,3.32602822875924e-07,27
0.000464158883361278,1,4.20851490617242e-07,27
0.000522334507426684,1,5.32460294495756e-07,27
0.000587801607227492,1,6.73589947018306e-07,27
0.000661474064123015,1,8.52016362219359e-07,27
0.00074438030132517,1,1.07755017494074e-06,27
0.000837677640068293,1,1.36256359957249e-06,27
0.000942668455117886,1,1.72265143949685e-06,27
0.00106081835513945,1,2.17745948847135e-06,27
0.00119377664171444,1,2.75172144048866e-06,27
0.0013433993325989,1,3.47655502717206e-06,27
0.00151177507061566,1,4.39107974686207e-06,27
0.00170125427985259,1,5.5444326237863e-06,27
0.00191448197616996,1,6.99827531417341e-06,27
0.00215443469003189,1,8.82990603614965e-06,27
0.00242446201708233,1,1.1136113664131e-05,27
0.00272833337648677,1,1.4037939406505e-05,27
0.00307029062975785,1,1.76865441926245e-05,27
0.00345510729459222,1,2.22704176818894e-05,27
0.00388815518030809,1,2.80242079615952e-05,27
0.00437547937507419,1,3.52394997489634e-05,27
0.00492388263170674,1,4.42779232548588e-05,27
0.0055410203300095,1,5.5587035614096e-05,27
0.00623550734127392,1,6.97194814447155e-05,27
0.00701703828670383,1,8.73560079080931e-05,27
0.00789652286849973,1,0.000109332981524696,27
0.0088862381627434,1,0.000136675127622303,27
0.01,1,0.000170634287140817,27
0.0106002584880688,1,0.000190293830845799,27
0.0112365480013875,1,0.000212143977197259,27
0.0119110313328301,1,0.000236417185727798,27
0.0126260010987486,1,0.000263368867211259,27
0.0133838875317376,1,0.000293279414712965,27
0.014187266741166,1,0.000326456385392309,27
0.0150388694695541,1,0.000363236841198846,27
0.01594159037456,1,0.000403989856814471,27
0.0168984978681246,1,0.000449119203398992,27
0.0179128445462201,1,0.000499066216918544,27
0.0189880782446526,1,0.000554312860064889,27
0.0201278537584994,1,0.000615384987023639,27
0.0213360452650141,1,0.00068285582062598,27
0.0226167594922287,1,0.000757349651725599,27
0.0239743496780108,1,0.000839545770992337,27
0.0254134303670264,1,0.000930182643716705,27
0.0269388930959017,1,0.0010300623386774,27
0.0285559230199011,1,0.00114005522266183,27
0.0302700165376346,1,0.00126110493283546,27
0.0320869999737045,1,0.00139423363987223,27
0.0340130493827925,1,0.00154054761556298,27
0.0360547115425051,1,0.00170124311955262,27
0.0382189262063312,1,0.00187761262091529,27
0.0405130496923538,1,0.00207105137147358,27
0.0429448798878928,1,0.0022830643491283,27
0.0455226827550731,1,0.002515273590984,27
0.0482552204274128,1,0.00276942593776085,27
0.0511517809929315,1,0.0030474012128796,27
0.0542222100650159,1,0.00335122086171509,27
0.0574769442483535,1,0.00368305707883913,27
0.0609270466136868,1,0.0040452424536464,27
0.0645842443019698,1,0.00444028016757705,27
0.0684609683857466,1,0.00487085477925185,27
0.0725703961232421,1,0.00533984363722756,27
0.0769264957487914,1,0.00585032896379672,27
0.0815440739518516,1,0.00640561065731336,27
0.0864388262059827,1,0.00700921986496545,27
0.0916273901188674,1,0.00766493338276517,27
0.0971274019847117,1,0.00837678894484276,27
0.102957556731251,1,0.00914910146994228,27
0.109137671465127,1,0.00998648033941435,27
0.115688752831628,1,0.010893847788035,27
0.122633068417756,1,0.0118764584967519,27
0.129994222441325,1,0.0129399204850781,27
0.137797235983356,1,0.0140902174104455,27
0.146068632036499,1,0.0153337323925706,27
0.15483652565855,1,0.0166772734929625,27
0.164130719537513,1,0.018128100993383,27
0.173982805293036,1,0.0196939566326449,27
0.184426270858553,1,0.0213830949790244,27
0.195496614309126,1,0.0232043171362333,27
0.207231464521903,1,0.0251670070050151,27
0.219670709079324,1,0.0272811703507706,27
0.23285662984982,1,0.0295574769612684,27
0.246834046706865,1,0.0320073062188106,27
0.261650469874882,1,0.0346427964600159,27
0.277356261419841,1,0.037476898556087,27
0.294004806433471,1,0.0405234342202886,27
0.311652694492943,1,0.0437971596418244,27
0.330359912012834,1,0.0473138351625257,27
0.350190046143171,1,0.0510903018633244,27
0.371210500906636,1,0.0551445661236329,27
0.393492726309585,1,0.0594958934761482,27
0.417112461205652,1,0.0641649134281974,27
0.442149990737449,1,0.0691737373974942,27
0.468690419231419,1,0.0745460925746343,27
0.496823959473438,1,0.0803074754701739,27
0.526646239348428,1,0.086485330280855,27
0.558258626886269,1,0.0931092592660126,27
0.591768574818882,1,0.100211275486893,27
0.627289985819624,1,0.107826113284576,27
0.664943599666504,1,0.115991620159649,27
0.70485740364519,1,0.124749268008303,27
0.747167067586808,1,0.134144847643408,27
0.792016405019255,1,0.144229460833574,27
0.839557861999511,1,0.155061029504045,27
0.889953035288523,1,0.166706785977494,27
0.943373221629978,1,0.179247854666798,27
1,1,0.192789098474015,27
1e-04,1,1.86251052634026e-08,28
0.000112533558260077,1,2.35817913563262e-08,28
0.00012663801734674,1,2.98568579873439e-08,28
0.0001425102670303,1,3.78006556346208e-08,28
0.000160371874375133,1,4.7856505178111e-08,28
0.000180472176682717,1,6.05853135705695e-08,28
0.000203091762090474,1,7.66966822880709e-08,28
0.000228546386413499,1,9.70882139322604e-08,28
0.000257191380905935,1,1.22895159529967e-07,28
0.000289426612471675,1,1.55553111376715e-07,28
0.000325702065565979,1,1.96877138282682e-07,28
0.000366524123707963,1,2.49161637253403e-07,28
0.000412462638290136,1,3.1530626804936e-07,28
0.000464158883361278,1,3.98974703621997e-07,28
0.000522334507426684,1,5.0479463894115e-07,28
0.000587801607227492,1,6.38609619229336e-07,28
0.000661474064123015,1,8.07795896332461e-07,28
0.00074438030132517,1,1.02166079221684e-06,28
0.000837677640068293,1,1.29194310042715e-06,28
0.000942668455117886,1,1.63344105838661e-06,28
0.00106081835513945,1,2.06479956044477e-06,28
0.00119377664171444,1,2.60949581408747e-06,28
0.0013433993325989,1,3.29707182894499e-06,28
0.00151177507061566,1,4.16467328537818e-06,28
0.00170125427985259,1,5.25896782617236e-06,28
0.00191448197616996,1,6.63853203608507e-06,28
0.00215443469003189,1,8.37681576248207e-06,28
0.00242446201708233,1,1.05658154406499e-05,28
0.00272833337648677,1,1.33206151910316e-05,28
0.00307029062975785,1,1.67849861284893e-05,28
0.00345510729459222,1,2.11382709603003e-05,28
0.00388815518030809,1,2.660382294404e-05,28
0.00437547937507419,1,3.34593158145803e-05,28
0.00492388263170674,1,4.20492944728674e-05,28
0.0055410203300095,1,5.28003948812093e-05,28
0.00623550734127392,1,6.62397253306897e-05,28
0.00701703828670383,1,8.30169693089046e-05,28
0.00789652286849973,1,0.000103930841596327,28
0.0088862381627434,1,0.000129960602655975,28
0.01,1,0.000162303410363503,28
0.0106002584880688,1,0.000181033331786397,28
0.0112365480013875,1,0.000201855034967575,28
0.0119110313328301,1,0.000224991202209881,28
0.0126260010987486,1,0.000250686599560101,28
0.0133838875317376,1,0.00027921004322372,28
0.014187266741166,1,0.000310856513219685,28
0.0150388694695541,1,0.000345949422328799,28
0.01594159037456,1,0.000384843048601657,28
0.0168984978681246,1,0.000427925139901671,28
0.0179128445462201,1,0.000475619699170688,28
0.0189880782446526,1,0.000528389959343127,28
0.0201278537584994,1,0.0005867415570715,28
0.0213360452650141,1,0.000651225914703659,28
0.0226167594922287,1,0.000722443840249395,28
0.0239743496780108,1,0.000801049355419927,28
0.0254134303670264,1,0.000887753762209285,28
0.0269388930959017,1,0.000983329958945093,28
0.0285559230199011,1,0.00108861701724033,28
0.0302700165376346,1,0.00120452503189108,28
0.0320869999737045,1,0.0013320402564406,28
0.0340130493827925,1,0.00147223053792771,28
0.0360547115425051,1,0.00162625106523945,28
0.0382189262063312,1,0.00179535044651846,28
0.0405130496923538,1,0.00198087713224701,28
0.0429448798878928,1,0.00218428620194176,28
0.0455226827550731,1,0.00240714653388544,28
0.0482552204274128,1,0.00265114837897093,28
0.0511517809929315,1,0.00291811136158419,28
0.0542222100650159,1,0.00320999293250421,28
0.0574769442483535,1,0.00352889730106006,28
0.0609270466136868,1,0.00387708487628792,28
0.0645842443019698,1,0.004256982249582,28
0.0684609683857466,1,0.0046711927543434,28
0.0725703961232421,1,0.00512250764144573,28
0.0769264957487914,1,0.00561391791294833,28
0.0815440739518516,1,0.0061486268604486,28
0.0864388262059827,1,0.00673006335879767,28
0.0916273901188674,1,0.0073618959706372,28
0.0971274019847117,1,0.00804804792241468,28
0.102957556731251,1,0.00879271301822204,28
0.109137671465127,1,0.00960037256407379,28
0.115688752831628,1,0.0104758133821419,28
0.122633068417756,1,0.0114241470021004,28
0.129994222441325,1,0.0124508301252124,28
0.137797235983356,1,0.0135616864662384,28
0.146068632036499,1,0.0147629300888333,28
0.15483652565855,1,0.0160611903620184,28
0.164130719537513,1,0.0174635386788205,28
0.173982805293036,1,0.0189775170935686,28
0.184426270858553,1,0.020611169052014,28
0.195496614309126,1,0.0223730724088925,28
0.207231464521903,1,0.0242723749513893,28
0.219670709079324,1,0.0263188326750055,28
0.23285662984982,1,0.0285228510916,28
0.246834046706865,1,0.0308955298892416,28
0.261650469874882,1,0.0334487113117291,28
0.277356261419841,1,0.0361950326846346,28
0.294004806433471,1,0.0391479835876499,28
0.311652694492943,1,0.0423219682642906,28
0.330359912012834,1,0.0457323739756248,28
0.350190046143171,1,0.0493956461530915,28
0.371210500906636,1,0.0533293713986538,28
0.393492726309585,1,0.0575523696357382,28
0.417112461205652,1,0.0620847970570476,28
0.442149990737449,1,0.0669482619833508,28
0.468690419231419,1,0.0721659563987525,28
0.496823959473438,1,0.0777628068534564,28
0.526646239348428,1,0.0837656497702219,28
0.558258626886269,1,0.0902034381960411,28
0.591768574818882,1,0.0971074901164603,28
0.627289985819624,1,0.104511793323554,28
0.664943599666504,1,0.112453389844684,28
0.70485740364519,1,0.120972876713067,28
0.747167067586808,1,0.130115084789146,28
0.792016405019255,1,0.139930045382188,28
0.839557861999511,1,0.150474454500521,28
0.889953035288523,1,0.161814074822393,28
0.943373221629978,1,0.174028119865966,28
1,1,0.18721857247724,28
1e-04,1,2.01183884425132e-08,29
0.000112533558260077,1,2.54723850495032e-08,29
0.00012663801734674,1,3.22503981884083e-08,29
0.0001425102670303,1,4.08308330653916e-08,29
0.000160371874375133,1,5.1692502297729e-08,29
0.000180472176682717,1,6.54412081733064e-08,29
0.000203091762090474,1,8.28433341517742e-08,29
0.000228546386413499,1,1.04868286288136e-07,29
0.000257191380905935,1,1.32742099732796e-07,29
0.000289426612471675,1,1.68015124787962e-07,29
0.000325702065565979,1,2.12647460305491e-07,29
0.000366524123707963,1,2.69116743570716e-07,29
0.000412462638290136,1,3.40554086507086e-07,29
0.000464158883361278,1,4.30915416099778e-07,29
0.000522334507426684,1,5.45197321993951e-07,29
0.000587801607227492,1,6.89708795188906e-07,29
0.000661474064123015,1,8.72413084963676e-07,29
0.00074438030132517,1,1.10335742727854e-06,29
0.000837677640068293,1,1.39521274762357e-06,29
0.000942668455117886,1,1.76395081095966e-06,29
0.00106081835513945,1,2.22969288433357e-06,29
0.00119377664171444,1,2.81777204553803e-06,29
0.0013433993325989,1,3.56006111449619e-06,29
0.00151177507061566,1,4.49663010487873e-06,29
0.00170125427985259,1,5.6778115154048e-06,29
0.00191448197616996,1,7.16676905160968e-06,29
0.00215443469003189,1,9.04268599044034e-06,29
0.00242446201708233,1,1.14047138008917e-05,29
0.00272833337648677,1,1.43768502899837e-05,29
0.00307029062975785,1,1.81139499112509e-05,29
0.00345510729459222,1,2.28091073176644e-05,29
0.00388815518030809,1,2.87026990859174e-05,29
0.00437547937507419,1,3.60934179017415e-05,29
0.00492388263170674,1,4.53516883599166e-05,29
0.0055410203300095,1,5.69359135703968e-05,29
0.00623550734127392,1,7.14120664281394e-05,29
0.00701703828670383,1,8.94772077728123e-05,29
0.00789652286849973,1,0.000111987584560174,29
0.0088862381627434,1,0.000139992033145748,29
0.01,1,0.0001747714842424,29
0.0106002584880688,1,0.000194904677153401,29
0.0112365480013875,1,0.000217280159605501,29
0.0119110313328301,1,0.000242135598802896,29
0.0126260010987486,1,0.000269732069184603,29
0.0133838875317376,1,0.000300356113464795,29
0.014187266741166,1,0.000334321955122228,29
0.0150388694695541,1,0.000371973870354287,29
0.01594159037456,1,0.000413688727704003,29
0.0168984978681246,1,0.00045987870377757,29
0.0179128445462201,1,0.000510994183680961,29
0.0189880782446526,1,0.000567526855037295,29
0.0201278537584994,1,0.000630013004704537,29
0.0213360452650141,1,0.000699037027601993,29
0.0226167594922287,1,0.000775235157375206,29
0.0239743496780108,1,0.000859299429014757,29
0.0254134303670264,1,0.000951981883965907,29
0.0269388930959017,1,0.00105409902877674,29
0.0285559230199011,1,0.00116653655890436,29
0.0302700165376346,1,0.0012902543599685,29
0.0320869999737045,1,0.00142629179950704,29
0.0340130493827925,1,0.00157577332316442,29
0.0360547115425051,1,0.00173991437024091,29
0.0382189262063312,1,0.00192002762465982,29
0.0405130496923538,1,0.00211752961868447,29
0.0429448798878928,1,0.00233394770814292,29
0.0455226827550731,1,0.00257092743951111,29
0.0482552204274128,1,0.00283024033097947,29
0.0511517809929315,1,0.00311379209158584,29
0.0542222100650159,1,0.00342363130466119,29
0.0574769442483535,1,0.00376195860421246,29
0.0609270466136868,1,0.00413113637547923,29
0.0645842443019698,1,0.00453369901374981,29
0.0684609683857466,1,0.00497236377864828,29
0.0725703961232421,1,0.00545004228450616,29
0.0769264957487914,1,0.00596985267114957,29
0.0815440739518516,1,0.0065351325034823,29
0.0864388262059827,1,0.00714945245266993,29
0.0916273901188674,1,0.00781663081656064,29
0.0971274019847117,1,0.00854074894225757,29
0.102957556731251,1,0.009326167619555,29
0.109137671465127,1,0.0101775445203092,29
0.115688752831628,1,0.0110998527658269,29
0.122633068417756,1,0.0120984007121116,29
0.129994222441325,1,0.0131788530514103,29
0.137797235983356,1,0.0143472533381072,29
0.146068632036499,1,0.0156100480577669,29
0.15483652565855,1,0.0169741123702495,29
0.164130719537513,1,0.0184467776715654,29
0.173982805293036,1,0.0200358611348059,29
0.184426270858553,1,0.0217496974085069,29
0.195496614309126,1,0.0235971726716363,29
0.207231464521903,1,0.0255877612687329,29
0.219670709079324,1,0.0277315651773329,29
0.23285662984982,1,0.0300393565938132,29
0.246834046706865,1,0.0325226239645145,29
0.261650469874882,1,0.035193621838333,29
0.277356261419841,1,0.0380654249773369,29
0.294004806433471,1,0.0411519872366643,29
0.311652694492943,1,0.0444682058185112,29
0.330359912012834,1,0.0480299916236391,29
0.350190046143171,1,0.051854346576256,29
0.371210500906636,1,0.0559594489967708,29
0.393492726309585,1,0.0603647483597266,29
0.417112461205652,1,0.0650910711276081,29
0.442149990737449,1,0.0701607398347868,29
0.468690419231419,1,0.0755977082703306,29
0.496823959473438,1,0.0814277165689444,29
0.526646239348428,1,0.0876784714192948,29
0.558258626886269,1,0.0943798586926986,29
0.591768574818882,1,0.101564199018792,29
0.627289985819624,1,0.109266561965436,29
0.664943599666504,1,0.117525162964581,29
0.70485740364519,1,0.126381881800643,29
0.747167067586808,1,0.135882968253955,29
0.792016405019255,1,0.146080052630878,29
0.839557861999511,1,0.157031689002345,29
0.889953035288523,1,0.168805916896985,29
0.943373221629978,1,0.181485021582052,29
1,1,0.195175949303207,29
1e-04,1,1.94636116711898e-08,30
0.000112533558260077,1,2.46432720455423e-08,30
0.00012663801734674,1,3.12005450210445e-08,30
0.0001425102670303,1,3.95014896280712e-08,30
0.000160371874375133,1,5.00092908283225e-08,30
0.000180472176682717,1,6.33099694499272e-08,30
0.000203091762090474,1,8.01448716483836e-08,30
0.000228546386413499,1,1.01451716103822e-07,30
0.000257191380905935,1,1.28416437758897e-07,30
0.000289426612471675,1,1.62538644599359e-07,30
0.000325702065565979,1,2.05714234036054e-07,30
0.000366524123707963,1,2.60339623288764e-07,30
0.000412462638290136,1,3.29443186885999e-07,30
0.000464158883361278,1,4.16850920275928e-07,30
0.000522334507426684,1,5.27395118142049e-07,30
0.000587801607227492,1,6.6717706912979e-07,30
0.000661474064123015,1,8.43897510179438e-07,30
0.00074438030132517,1,1.06727198582002e-06,30
0.000837677640068293,1,1.34955245822522e-06,30
0.000942668455117886,1,1.70618169599189e-06,30
0.00106081835513945,1,2.15661333286482e-06,30
0.00119377664171444,1,2.72533827465794e-06,30
0.0013433993325989,1,3.4431676254215e-06,30
0.00151177507061566,1,4.34883382425898e-06,30
0.00170125427985259,1,5.49098559298335e-06,30
0.00191448197616996,1,6.9306689880197e-06,30
0.00215443469003189,1,8.74440677536209e-06,30
0.00242446201708233,1,1.10280119479994e-05,30
0.00272833337648677,1,1.39012989575911e-05,30
0.00307029062975785,1,1.75138885908043e-05,30
0.00345510729459222,1,2.20523397788293e-05,30
0.00388815518030809,1,2.77488843401457e-05,30
0.00437547937507419,1,3.48920888976879e-05,30
0.00492388263170674,1,4.38398220385402e-05,30
0.0055410203300095,1,5.50349639813723e-05,30
0.00623550734127392,1,6.90243601516054e-05,30
0.00701703828670383,1,8.64815883738932e-05,30
0.00789652286849973,1,0.000108234180831549,30
0.0088862381627434,1,0.000135296015218456,30
0.01,1,0.000168905663128869,30
0.0106002584880688,1,0.000188362322071834,30
0.0112365480013875,1,0.000209986590763211,30
0.0119110313328301,1,0.000234008465887792,30
0.0126260010987486,1,0.000260680654506344,30
0.0133838875317376,1,0.000290280584863059,30
0.014187266741166,1,0.000323112566664921,30
0.0150388694695541,1,0.000359510108940685,30
0.01594159037456,1,0.000399838403797464,30
0.0168984978681246,1,0.000444496984610816,30
0.0179128445462201,1,0.00049392256740326,30
0.0189880782446526,1,0.000548592084407659,30
0.0201278537584994,1,0.000609025919063873,30
0.0213360452650141,1,0.000675791351986426,30
0.0226167594922287,1,0.000749506227751235,30
0.0239743496780108,1,0.000830842852714453,30
0.0254134303670264,1,0.000920532134486487,30
0.0269388930959017,1,0.00101936797415486,30
0.0285559230199011,1,0.00112821192289469,30
0.0302700165376346,1,0.00124799811523363,30
0.0320869999737045,1,0.00137973849195113,30
0.0340130493827925,1,0.00152452832642157,30
0.0360547115425051,1,0.0016835520691453,30
0.0382189262063312,1,0.00185808952627834,30
0.0405130496923538,1,0.00204952238917999,30
0.0429448798878928,1,0.0022593411333491,30
0.0455226827550731,1,0.00248915230664606,30
0.0482552204274128,1,0.00274068622838494,30
0.0511517809929315,1,0.00301580512277534,30
0.0542222100650159,1,0.00331651171226747,30
0.0574769442483535,1,0.00364495829866824,30
0.0609270466136868,1,0.00400345636242093,30
0.0645842443019698,1,0.00439448671323291,30
0.0684609683857466,1,0.00482071022827808,30
0.0725703961232421,1,0.00528497921754891,30
0.0769264957487914,1,0.00579034945957811,30
0.0815440739518516,1,0.00634009295475083,30
0.0864388262059827,1,0.00693771144778968,30
0.0916273901188674,1,0.00758695077577888,30
0.0971274019847117,1,0.00829181610332958,30
0.102957556731251,1,0.00905658811223181,30
0.109137671465127,1,0.00988584021926135,30
0.115688752831628,1,0.0107844569027775,30
0.122633068417756,1,0.011757653226456,30
0.129994222441325,1,0.0128109956570633,30
0.137797235983356,1,0.0139504242827203,30
0.146068632036499,1,0.0151822765487986,30
0.15483652565855,1,0.0165133126406364,30
0.164130719537513,1,0.0179507426558993,30
0.173982805293036,1,0.0195022557249724,30
0.184426270858553,1,0.0211760512556154,30
0.195496614309126,1,0.0229808724987631,30
0.207231464521903,1,0.0249260426564188,30
0.219670709079324,1,0.0270215037808706,30
0.23285662984982,1,0.0292778587480234,30
0.246834046706865,1,0.0317064166278019,30
0.261650469874882,1,0.0343192418231763,30
0.277356261419841,1,0.0371292074087483,30
0.294004806433471,1,0.0401500531732251,30
0.311652694492943,1,0.0433964489618966,30
0.330359912012834,1,0.0468840640314204,30
0.350190046143171,1,0.050629643278269,30
0.371210500906636,1,0.0546510913960521,30
0.393492726309585,1,0.0589675662728492,30
0.417112461205652,1,0.063599583282954,30
0.442149990737449,1,0.068569132595821,30
0.468690419231419,1,0.0738998122761626,30
0.496823959473438,1,0.0796169808730091,30
0.526646239348428,1,0.0857479345361794,30
0.558258626886269,1,0.0923221156932945,30
0.591768574818882,1,0.0993713633730245,30
0.627289985819624,1,0.106930220083515,30
0.664943599666504,1,0.115036318061715,30
0.70485740364519,1,0.123730881239758,30
0.747167067586808,1,0.133059403638581,30
0.792016405019255,1,0.143072611559426,30
0.839557861999511,1,0.153827913390215,30
0.889953035288523,1,0.165391760578501,30
0.943373221629978,1,0.177843912973678,30
1,1,0.191286371979222,30
1e-04,1,1.96828693797657e-08,31
0.000112533558260077,1,2.49211791695181e-08,31
0.00012663801734674,1,3.15528274409413e-08,31
0.0001425102670303,1,3.99481054526723e-08,31
0.000160371874375133,1,5.05755760376893e-08,31
0.000180472176682717,1,6.40280958580639e-08,31
0.000203091762090474,1,8.10557041006085e-08,31
0.000228546386413499,1,1.02607179901666e-07,31
0.000257191380905935,1,1.29882537058211e-07,31
0.000289426612471675,1,1.64399314339689e-07,31
0.000325702065565979,1,2.08076261128158e-07,31
0.000366524123707963,1,2.63338935888769e-07,31
0.000412462638290136,1,3.3325290166581e-07,31
0.000464158883361278,1,4.21691646842359e-07,31
0.000522334507426684,1,5.33548168279301e-07,31
0.000587801607227492,1,6.75001404651306e-07,31
0.000661474064123015,1,8.53851511241625e-07,31
0.00074438030132517,1,1.0799414371646e-06,31
0.000837677640068293,1,1.36568656697417e-06,31
0.000942668455117886,1,1.72673948994528e-06,31
0.00106081835513945,1,2.18282348535338e-06,31
0.00119377664171444,1,2.75877629903898e-06,31
0.0013433993325989,1,3.48585555440396e-06,31
0.00151177507061566,1,4.40336898419992e-06,31
0.00170125427985259,1,5.5607070135643e-06,31
0.00191448197616996,1,7.01987245765911e-06,31
0.00215443469003189,1,8.85862268765937e-06,31
0.00242446201708233,1,1.11743640576204e-05,31
0.00272833337648677,1,1.40889671498367e-05,31
0.00307029062975785,1,1.77547049721606e-05,31
0.00345510729459222,1,2.23615550517881e-05,31
0.00388815518030809,1,2.81461507486494e-05,31
0.00437547937507419,1,3.54027172674285e-05,31
0.00492388263170674,1,4.44963837541215e-05,31
0.0055410203300095,1,5.58793243113848e-05,31
0.00623550734127392,1,7.0110247175481e-05,31
0.00701703828670383,1,8.78778218063761e-05,31
0.00789652286849973,1,0.000110028707048582,31
0.0088862381627434,1,0.000137600918310621,31
0.01,1,0.00017186334620115,31
0.0106002584880688,1,0.000191706041906228,31
0.0112365480013875,1,0.000213765490068942,31
0.0119110313328301,1,0.00023827762965908,31
0.0126260010987486,1,0.000265501765376533,31
0.0133838875317376,1,0.000295722639929709,31
0.014187266741166,1,0.000329252659963624,31
0.0150388694695541,1,0.000366434283835314,31
0.01594159037456,1,0.000407642579622429,31
0.0168984978681246,1,0.000453287961942188,31
0.0179128445462201,1,0.000503819116364969,31
0.0189880782446526,1,0.000559726120414656,31
0.0201278537584994,1,0.000621543770385153,31
0.0213360452650141,1,0.00068985512346259,31
0.0226167594922287,1,0.000765295264937199,31
0.0239743496780108,1,0.000848555310626245,31
0.0254134303670264,1,0.000940386655028922,31
0.0269388930959017,1,0.00104160547617975,31
0.0285559230199011,1,0.00115309750871071,31
0.0302700165376346,1,0.00127582309724055,31
0.0320869999737045,1,0.00141082254293054,31
0.0340130493827925,1,0.00155922175687017,31
0.0360547115425051,1,0.00172223823490407,31
0.0382189262063312,1,0.00190118736959318,31
0.0405130496923538,1,0.00209748911623875,31
0.0429448798878928,1,0.00231267503127773,31
0.0455226827550731,1,0.00254839570292911,31
0.0482552204274128,1,0.00280642859571559,31
0.0511517809929315,1,0.00308868633242957,31
0.0542222100650159,1,0.00339722543927635,31
0.0574769442483535,1,0.00373425558230683,31
0.0609270466136868,1,0.00410214932588678,31
0.0645842443019698,1,0.00450345244683148,31
0.0684609683857466,1,0.00494089484099861,31
0.0725703961232421,1,0.00541740206259625,31
0.0769264957487914,1,0.00593610754024132,31
0.0815440739518516,1,0.00650036551793388,31
0.0864388262059827,1,0.00711376477362388,31
0.0916273901188674,1,0.00778014317296612,31
0.0971274019847117,1,0.00850360312124855,31
0.102957556731251,1,0.00928852798237292,31
0.109137671465127,1,0.0101395995402323,31
0.115688752831628,1,0.0110618165849554,31
0.122633068417756,1,0.0120605147143424,31
0.129994222441325,1,0.0131413874495256,31
0.137797235983356,1,0.0143105087735858,31
0.146068632036499,1,0.0155743572127011,31
0.15483652565855,1,0.0169398415916048,31
0.164130719537513,1,0.0184143286089485,31
0.173982805293036,1,0.0200056723938957,31
0.184426270858553,1,0.0217222462233508,31
0.195496614309126,1,0.0235729766001106,31
0.207231464521903,1,0.0255673799166063,31
0.219670709079324,1,0.0277156019575646,31
0.23285662984982,1,0.0300284605289588,31
0.246834046706865,1,0.0325174915414322,31
0.261650469874882,1,0.0351949989257997,31
0.277356261419841,1,0.0380741088187628,31
0.294004806433471,1,0.0411688285319008,31
0.311652694492943,1,0.0444941109109206,31
0.330359912012834,1,0.0480659248113143,31
0.350190046143171,1,0.0519013325698461,31
0.371210500906636,1,0.0560185755512284,31
0.393492726309585,1,0.060437169114165,31
0.417112461205652,1,0.0651780086974486,31
0.442149990737449,1,0.0702634892153217,31
0.468690419231419,1,0.075717640633692,31
0.496823959473438,1,0.0815662835723247,31
0.526646239348428,1,0.0878372101998006,31
0.558258626886269,1,0.0945603978189904,31
0.591768574818882,1,0.101768265830214,31
0.627289985819624,1,0.10949599201018,31
0.664943599666504,1,0.117781912758086,31
0.70485740364519,1,0.126668047090687,31
0.747167067586808,1,0.136200811901933,31
0.792016405019255,1,0.146432050288682,31
0.839557861999511,1,0.157420610037723,31
0.889953035288523,1,0.169234981181885,31
0.943373221629978,1,0.181958237800536,31
1,1,0.195698953399474,31
1e-04,1,1.99233763855073e-08,32
0.000112533558260077,1,2.52255042624165e-08,32
0.00012663801734674,1,3.19378655591061e-08,32
0.0001425102670303,1,4.0435207897741e-08,32
0.000160371874375133,1,5.11917187341751e-08,32
0.000180472176682717,1,6.48073513850647e-08,32
0.000203091762090474,1,8.20410953472037e-08,32
0.000228546386413499,1,1.03853010267811e-07,32
0.000257191380905935,1,1.31457321422663e-07,32
0.000289426612471675,1,1.66389458858546e-07,32
0.000325702065565979,1,2.10590679649917e-07,32
0.000366524123707963,1,2.66514834789787e-07,32
0.000412462638290136,1,3.37263019682732e-07,32
0.000464158883361278,1,4.26753302894473e-07,32
0.000522334507426684,1,5.39934549206247e-07,32
0.000587801607227492,1,6.8305562503666e-07,32
0.000661474064123015,1,8.64004088911112e-07,32
0.00074438030132517,1,1.09273196650847e-06,32
0.000837677640068293,1,1.38179053401776e-06,32
0.000942668455117886,1,1.74700135638391e-06,32
0.00106081835513945,1,2.20829738554541e-06,32
0.00119377664171444,1,2.79077593609846e-06,32
0.0013433993325989,1,3.52601514855106e-06,32
0.00151177507061566,1,4.45371742655457e-06,32
0.00170125427985259,1,5.62375768966466e-06,32
0.00191448197616996,1,7.09873153340973e-06,32
0.00215443469003189,1,8.95711898572445e-06,32
0.00242446201708233,1,1.12972039672052e-05,32
0.00272833337648677,1,1.42419183117915e-05,32
0.00307029062975785,1,1.79448127427655e-05,32
0.00345510729459222,1,2.25973959567509e-05,32
0.00388815518030809,1,2.84381273086206e-05,32
0.00437547937507419,1,3.57633987027444e-05,32
0.00492388263170674,1,4.49408972146648e-05,32
0.0055410203300095,1,5.64258014681336e-05,32
0.00623550734127392,1,7.07803313601436e-05,32
0.00701703828670383,1,8.86972415091892e-05,32
0.00789652286849973,1,0.000111027922616269,32
0.0088862381627434,1,0.000138815850257159,32
0.01,1,0.000173336195761338,32
0.0106002584880688,1,0.000193323946658867,32
0.0112365480013875,1,0.000215541433527707,32
0.0119110313328301,1,0.000240225619753685,32
0.0126260010987486,1,0.000267636904948724,32
0.0133838875317376,1,0.000298061201910577,32
0.014187266741166,1,0.000331812167597594,32
0.0150388694695541,1,0.000369233596330595,32
0.01594159037456,1,0.000410701983613348,32
0.0168984978681246,1,0.000456629269151606,32
0.0179128445462201,1,0.00050746576784169,32
0.0189880782446526,1,0.000563703297699766,32
0.0201278537584994,1,0.000625878513927697,32
0.0213360452650141,1,0.000694576458553643,32
0.0226167594922287,1,0.000770434335370198,32
0.0239743496780108,1,0.000854145520214585,32
0.0254134303670264,1,0.000946463817015229,32
0.0269388930959017,1,0.00104820797047491,32
0.0285559230199011,1,0.00116026644677525,32
0.0302700165376346,1,0.00128360249430243,32
0.0320869999737045,1,0.00141925949710012,32
0.0340130493827925,1,0.00156836663458057,32
0.0360547115425051,1,0.00173214486197483,32
0.0382189262063312,1,0.00191191322709168,32
0.0405130496923538,1,0.00210909554019734,32
0.0429448798878928,1,0.00232522741523288,32
0.0455226827550731,1,0.00256196370217,32
0.0482552204274128,1,0.002821086332078,32
0.0511517809929315,1,0.00310451259844789,32
0.0542222100650159,1,0.00341430390051573,32
0.0574769442483535,1,0.00375267497673514,32
0.0609270466136868,1,0.00412200365922058,32
0.0645842443019698,1,0.00452484118289205,32
0.0684609683857466,1,0.00496392308625287,32
0.0725703961232421,1,0.00544218074421173,32
0.0769264957487914,1,0.00596275357716867,32
0.0815440739518516,1,0.00652900198472419,32
0.0864388262059827,1,0.00714452105688797,32
0.0916273901188674,1,0.0078131551205873,32
0.0971274019847117,1,0.00853901318464313,32
0.102957556731251,1,0.00932648535226083,32
0.109137671465127,1,0.0101802602765175,32
0.115688752831628,1,0.011105343741395,32
0.122633068417756,1,0.0121070784587239,32
0.129994222441325,1,0.0131911651800239,32
0.137797235983356,1,0.0143636852318525,32
0.146068632036499,1,0.0156311245940061,32
0.15483652565855,1,0.017000399652013,32
0.164130719537513,1,0.0184788847690153,32
0.173982805293036,1,0.0200744418377249,32
0.184426270858553,1,0.0217954519909887,32
0.195496614309126,1,0.0236508496701648,32
0.207231464521903,1,0.025650159274568,32
0.219670709079324,1,0.0278035346435498,32
0.23285662984982,1,0.0301218016563341,32
0.246834046706865,1,0.0326165042749326,32
0.261650469874882,1,0.0352999544040929,32
0.277356261419841,1,0.0381852860016942,32
0.294004806433471,1,0.0412865139465136,32
0.311652694492943,1,0.0446185982622511,32
0.330359912012834,1,0.0481975144131782,32
0.350190046143171,1,0.0520403305362575,32
0.371210500906636,1,0.0561652926691245,32
0.393492726309585,1,0.0605919192903039,32
0.417112461205652,1,0.0653411068330026,32
0.442149990737449,1,0.0704352483049468,32
0.468690419231419,1,0.0758983678024121,32
0.496823959473438,1,0.0817562746380793,32
0.526646239348428,1,0.0880367421561061,32
0.558258626886269,1,0.0947697183257882,32
0.591768574818882,1,0.101987578300261,32
0.627289985819624,1,0.109725434030475,32
0.664943599666504,1,0.118021524090189,32
0.70485740364519,1,0.126917720726502,32
0.747167067586808,1,0.136460216233773,32
0.792016405019255,1,0.146700499098276,32
0.839557861999511,1,0.157696831130278,32
0.889953035288523,1,0.169516668879951,32
0.943373221629978,1,0.182241083027122,32
1,1,0.19597416427735,32
1e-04,1,1.91706313380947e-08,33
0.000112533558260077,1,2.42726107621972e-08,33
0.00012663801734674,1,3.07316635133397e-08,33
0.0001425102670303,1,3.89084426995228e-08,33
0.000160371874375133,1,4.92593134836072e-08,33
0.000180472176682717,1,6.23617000639335e-08,33
0.000203091762090474,1,7.89461162443228e-08,33
0.000228546386413499,1,9.99366409047954e-08,33
0.000257191380905935,1,1.2650204572622e-07,33
0.000289426612471675,1,1.60120359941661e-07,33
0.000325702065565979,1,2.02660374615042e-07,33
0.000366524123707963,1,2.56484491240998e-07,33
0.000412462638290136,1,3.24578448968054e-07,33
0.000464158883361278,1,4.10714869475855e-07,33
0.000522334507426684,1,5.19659330182678e-07,33
0.000587801607227492,1,6.57429857987369e-07,33
0.000661474064123015,1,8.31623472864752e-07,33
0.00074438030132517,1,1.05182678773279e-06,33
0.000837677640068293,1,1.33013186401605e-06,33
0.000942668455117886,1,1.68178368320251e-06,33
0.00106081835513945,1,2.12599195706513e-06,33
0.00119377664171444,1,2.68694778098786e-06,33
0.0013433993325989,1,3.39509515399715e-06,33
0.00151177507061566,1,4.28871894504974e-06,33
0.00170125427985259,1,5.41592486433969e-06,33
0.00191448197616996,1,6.83710382270139e-06,33
0.00215443469003189,1,8.62799315972208e-06,33
0.00242446201708233,1,1.08834710997915e-05,33
0.00272833337648677,1,1.37222489108893e-05,33
0.00307029062975785,1,1.72926581117008e-05,33
0.00345510729459222,1,2.1779768093815e-05,33
0.00388815518030809,1,2.7414113082423e-05,33
0.00437547937507419,1,3.44823566629501e-05,33
0.00492388263170674,1,4.33402771929897e-05,33
0.0055410203300095,1,5.44285181200638e-05,33
0.00623550734127392,1,6.82916130435365e-05,33
0.00701703828670383,1,8.56008655012544e-05,33
0.00789652286849973,1,0.000107181736819127,33
0.0088862381627434,1,0.000134046470481562,33
0.01,1,0.000167432756765802,33
0.0106002584880688,1,0.000186769495675731,33
0.0112365480013875,1,0.000208267662047331,33
0.0119110313328301,1,0.00023215754472449,33
0.0126260010987486,1,0.000258692282111799,33
0.0133838875317376,1,0.000288149895741182,33
0.014187266741166,1,0.000320835475610847,33
0.0150388694695541,1,0.000357083525496031,33
0.01594159037456,1,0.000397260476638389,33
0.0168984978681246,1,0.000441767378406882,33
0.0179128445462201,1,0.000491042774737959,33
0.0189880782446526,1,0.000545565775372725,33
0.0201278537584994,1,0.000605859331145227,33
0.0213360452650141,1,0.000672493722828133,33
0.0226167594922287,1,0.000746090273338681,33
0.0239743496780108,1,0.000827325293428341,33
0.0254134303670264,1,0.000916934271368344,33
0.0269388930959017,1,0.00101571631757686,33
0.0285559230199011,1,0.00112453887564931,33
0.0302700165376346,1,0.00124434271184656,33
0.0320869999737045,1,0.00137614719578255,33
0.0340130493827925,1,0.00152105588585253,33
0.0360547115425051,1,0.00168026243385326,33
0.0382189262063312,1,0.00185505682429763,33
0.0405130496923538,1,0.00204683196511541,33
0.0429448798878928,1,0.00225709064778244,33
0.0455226827550731,1,0.00248745289644285,33
0.0482552204274128,1,0.00273966372729416,33
0.0511517809929315,1,0.00301560134141238,33
0.0542222100650159,1,0.00331728577630799,33
0.0574769442483535,1,0.00364688804385552,33
0.0609270466136868,1,0.00400673978482383,33
0.0645842443019698,1,0.00439934347308647,33
0.0684609683857466,1,0.00482738320572294,33
0.0725703961232421,1,0.0052937361186425,33
0.0769264957487914,1,0.0058014844711272,33
0.0815440739518516,1,0.00635392844677514,33
0.0864388262059827,1,0.00695459972282348,33
0.0916273901188674,1,0.00760727586471567,33
0.0971274019847117,1,0.0083159956081423,33
0.102957556731251,1,0.00908507509665132,33
0.109137671465127,1,0.00991912514936153,33
0.115688752831628,1,0.0108230696403978,33
0.122633068417756,1,0.0118021650794888,33
0.129994222441325,1,0.0128620214918229,33
0.137797235983356,1,0.0140086247049042,33
0.146068632036499,1,0.0152483601609132,33
0.15483652565855,1,0.0165880383852108,33
0.164130719537513,1,0.0180349222553107,33
0.173982805293036,1,0.0195967562302708,33
0.184426270858553,1,0.0212817977183432,33
0.195496614309126,1,0.0230988507814272,33
0.207231464521903,1,0.0250573023989743,33
0.219670709079324,1,0.0271671615423436,33
0.23285662984982,1,0.029439101344231,33
0.246834046706865,1,0.0318845046880626,33
0.261650469874882,1,0.0345155135909658,33
0.277356261419841,1,0.037345082813493,33
0.294004806433471,1,0.0403870382029261,33
0.311652694492943,1,0.0436561403690956,33
0.330359912012834,1,0.0471681544083117,33
0.350190046143171,1,0.0509399265406621,33
0.371210500906636,1,0.054989468720621,33
0.393492726309585,1,0.059336052537941,33
0.417112461205652,1,0.0640003140705545,33
0.442149990737449,1,0.0690043718215686,33
0.468690419231419,1,0.0743719605262458,33
0.496823959473438,1,0.0801285845422172,33
0.526646239348428,1,0.086301695881388,33
0.558258626886269,1,0.092920903942477,33
0.591768574818882,1,0.10001822706252,33
0.627289985819624,1,0.107628400835486,33
0.664943599666504,1,0.115789266054608,33
0.70485740364519,1,0.124542272647989,33
0.747167067586808,1,0.133933160261464,33
0.792016405019255,1,0.144012922528797,33
0.839557861999511,1,0.154839257614403,33
0.889953035288523,1,0.166478924280473,33
0.943373221629978,1,0.179011980933034,33
1,1,0.192540605631026,33
1e-04,1,1.93018488349691e-08,34
0.000112533558260077,1,2.44386435087484e-08,34
0.00012663801734674,1,3.0941726792239e-08,34
0.0001425102670303,1,3.91741819227418e-08,34
0.000160371874375133,1,4.95954411552936e-08,34
0.000180472176682717,1,6.27867972430115e-08,34
0.000203091762090474,1,7.94836423170261e-08,34
0.000228546386413499,1,1.00616203409829e-07,34
0.000257191380905935,1,1.27360995257869e-07,34
0.000289426612471675,1,1.61205792495956e-07,34
0.000325702065565979,1,2.04031641909299e-07,34
0.000366524123707963,1,2.58216345161153e-07,34
0.000412462638290136,1,3.26764971501996e-07,34
0.000464158883361278,1,4.13474381022979e-07,34
0.000522334507426684,1,5.23140503614736e-07,34
0.000587801607227492,1,6.61819322148621e-07,34
0.000661474064123015,1,8.37155243431628e-07,34
0.00074438030132517,1,1.05879393464319e-06,34
0.000837677640068293,1,1.33890089937662e-06,34
0.000942668455117886,1,1.69281224121091e-06,34
0.00106081835513945,1,2.13985043061863e-06,34
0.00119377664171444,1,2.70434567598002e-06,34
0.0013433993325989,1,3.41691301653721e-06,34
0.00151177507061566,1,4.31604679308839e-06,34
0.00170125427985259,1,5.45010810939159e-06,34
0.00191448197616996,1,6.87979766188931e-06,34
0.00215443469003189,1,8.68122633153198e-06,34
0.00242446201708233,1,1.09497196765049e-05,34
0.00272833337648677,1,1.3804520391347e-05,34
0.00307029062975785,1,1.73945853925438e-05,34
0.00345510729459222,1,2.19057118358411e-05,34
0.00388815518030809,1,2.7569269430579e-05,34
0.00437547937507419,1,3.46728650468241e-05,34
0.00492388263170674,1,4.35733198766258e-05,34
0.0055410203300095,1,5.47123990555742e-05,34
0.00623550734127392,1,6.86357982103493e-05,34
0.00701703828670383,1,8.60159600722739e-05,34
0.00789652286849973,1,0.000107679365978021,34
0.0088862381627434,1,0.000134639020429786,34
0.01,1,0.000168132920333291,34
0.0106002584880688,1,0.000187527374976199,34
0.0112365480013875,1,0.000209086129875951,34
0.0119110313328301,1,0.000233039262567802,34
0.0126260010987486,1,0.000259639611194921,34
0.0133838875317376,1,0.000289164792477913,34
0.014187266741166,1,0.000321919369647673,34
0.0150388694695541,1,0.00035823717844221,34
0.01594159037456,1,0.000398483819461324,34
0.0168984978681246,1,0.000443059325391327,34
0.0179128445462201,1,0.000492401011823289,34
0.0189880782446526,1,0.00054698652062158,34
0.0201278537584994,1,0.000607337065050172,34
0.0213360452650141,1,0.00067402088613821,34
0.0226167594922287,1,0.000747656930081317,34
0.0239743496780108,1,0.000828918756829183,34
0.0254134303670264,1,0.000918538690408753,34
0.0269388930959017,1,0.0010173122220121,34
0.0285559230199011,1,0.00112610267740596,34
0.0302700165376346,1,0.00124584616084779,34
0.0320869999737045,1,0.00137755678840805,34
0.0340130493827925,1,0.00152233222441864,34
0.0360547115425051,1,0.00168135953570654,34
0.0382189262063312,1,0.00185592137933683,34
0.0405130496923538,1,0.00204740254079928,34
0.0429448798878928,1,0.00225729684093055,34
0.0455226827550731,1,0.00248721443139227,34
0.0482552204274128,1,0.0027388895002299,34
0.0511517809929315,1,0.00301418841092837,34
0.0542222100650159,1,0.00331511830048396,34
0.0574769442483535,1,0.00364383616433085,34
0.0609270466136868,1,0.00400265845850979,34
0.0645842443019698,1,0.00439407125227275,34
0.0684609683857466,1,0.00482074096739016,34
0.0725703961232421,1,0.00528552574379137,34
0.0769264957487914,1,0.00579148747484506,34
0.0815440739518516,1,0.00634190455960771,34
0.0864388262059827,1,0.00694028542376032,34
0.0916273901188674,1,0.00759038286575623,34
0.0971274019847117,1,0.00829620928996761,34
0.102957556731251,1,0.0090620528943782,34
0.109137671465127,1,0.00989249488671508,34
0.115688752831628,1,0.010792427809897,34
0.122633068417756,1,0.0117670750653965,34
0.129994222441325,1,0.0128220117316914,34
0.137797235983356,1,0.0139631867845329,34
0.146068632036499,1,0.0151969468364585,34
0.15483652565855,1,0.0165300615250419,34
0.164130719537513,1,0.0179697506930169,34
0.173982805293036,1,0.0195237135189942,34
0.184426270858553,1,0.0212001597753671,34
0.195496614309126,1,0.023007843410691,34
0.207231464521903,1,0.0249560986779532,34
0.219670709079324,1,0.0270548790585208,34
0.23285662984982,1,0.0293147992652505,34
0.246834046706865,1,0.0317471806486047,34
0.261650469874882,1,0.0343641003784869,34
0.277356261419841,1,0.0371784448342927,34
0.294004806433471,1,0.0402039677096488,34
0.311652694492943,1,0.0434553534309158,34
0.330359912012834,1,0.0469482866059511,34
0.350190046143171,1,0.0506995283704579,34
0.371210500906636,1,0.054727000695786,34
0.393492726309585,1,0.0590498799820049,34
0.417112461205652,1,0.0636887016095536,34
0.442149990737449,1,0.068665477600867,34
0.468690419231419,1,0.0740038302100393,34
0.496823959473438,1,0.0797291452077441,34
0.526646239348428,1,0.0858687500116307,34
0.558258626886269,1,0.0924521238800716,34
0.591768574818882,1,0.0995111505696294,34
0.627289985819624,1,0.107080428919997,34
0.664943599666504,1,0.115197665200448,34
0.70485740364519,1,0.123904185523526,34
0.747167067586808,1,0.133245633026094,34
0.792016405019255,1,0.143272965889227,34
0.839557861999511,1,0.154043980676991,34
0.889953035288523,1,0.165625839284559,34
0.943373221629978,1,0.178099760543009,34
1,1,0.191571274195944,34
1e-04,1,2.01808180738501e-08,35
0.000112533558260077,1,2.5551313148667e-08,35
0.00012663801734674,1,3.23501641533343e-08,35
0.0001425102670303,1,4.09569086755986e-08,35
0.000160371874375133,1,5.18517838789931e-08,35
0.000180472176682717,1,6.5642382113848e-08,35
0.000203091762090474,1,8.30973338879263e-08,35
0.000228546386413499,1,1.05188863859265e-07,35
0.000257191380905935,1,1.33146536497982e-07,35
0.000289426612471675,1,1.68525116436501e-07,35
0.000325702065565979,1,2.13290215139141e-07,35
0.000366524123707963,1,2.69926341370078e-07,35
0.000412462638290136,1,3.41573154383005e-07,35
0.000464158883361278,1,4.32197189241559e-07,35
0.000522334507426684,1,5.46808166911723e-07,35
0.000587801607227492,1,6.91731284094544e-07,35
0.000661474064123015,1,8.74949723511026e-07,35
0.00074438030132517,1,1.10653514479221e-06,35
0.000837677640068293,1,1.39918826876893e-06,35
0.000942668455117886,1,1.76891702416429e-06,35
0.00106081835513945,1,2.23588632029075e-06,35
0.00119377664171444,1,2.82548155126441e-06,35
0.0013433993325989,1,3.56963776566446e-06,35
0.00151177507061566,1,4.50849833302655e-06,35
0.00170125427985259,1,5.69248130580713e-06,35
0.00191448197616996,1,7.18484891289915e-06,35
0.00215443469003189,1,9.0648961678052e-06,35
0.00242446201708233,1,1.14318988941553e-05,35
0.00272833337648677,1,1.44099900518284e-05,35
0.00307029062975785,1,1.81541664919148e-05,35
0.00345510729459222,1,2.28576666427714e-05,35
0.00388815518030809,1,2.87610033725253e-05,35
0.00437547937507419,1,3.61629856114193e-05,35
0.00492388263170674,1,4.54341171985629e-05,35
0.0055410203300095,1,5.70328216222757e-05,35
0.00623550734127392,1,7.15250062895925e-05,35
0.00701703828670383,1,8.96075488905964e-05,35
0.00789652286849973,1,0.000112136360146572,35
0.0088862381627434,1,0.000140159750392788,35
0.01,1,0.000174957900451557,35
0.0106002584880688,1,0.000195099938807526,35
0.0112365480013875,1,0.000217483824366357,35
0.0119110313328301,1,0.000242347065340312,35
0.0126260010987486,1,0.000269950562512862,35
0.0133838875317376,1,0.000300580671521288,35
0.014187266741166,1,0.000334551417245878,35
0.0150388694695541,1,0.00037220686842107,35
0.01594159037456,1,0.000413923680788493,35
0.0168984978681246,1,0.000460113817313499,35
0.0179128445462201,1,0.000511227454203364,35
0.0189880782446526,1,0.000567756081690802,35
0.0201278537584994,1,0.000630235808799099,35
0.0213360452650141,1,0.000699250881584119,35
0.0226167594922287,1,0.000775437424653612,35
0.0239743496780108,1,0.000859487416138304,35
0.0254134303670264,1,0.000952152906685797,35
0.0269388930959017,1,0.00105425049354243,35
0.0285559230199011,1,0.00116666606133114,35
0.0302700165376346,1,0.00129035980177823,35
0.0320869999737045,1,0.00142637152538398,35
0.0340130493827925,1,0.00157582627887665,35
0.0360547115425051,1,0.00173994028326426,35
0.0382189262063312,1,0.00192002720840453,35
0.0405130496923538,1,0.00211750480126827,35
0.0429448798878928,1,0.00233390188648057,35
0.0455226827550731,1,0.00257086575931005,35
0.0482552204274128,1,0.00283016999304742,35
0.0511517809929315,1,0.0031137226846717,35
0.0542222100650159,1,0.00342357516488474,35
0.0574769442483535,1,0.00376193120098679,35
0.0609270466136868,1,0.00413115672370449,35
0.0645842443019698,1,0.00453379011197271,35
0.0684609683857466,1,0.00497255307283079,35
0.0725703961232421,1,0.00545036215705111,35
0.0769264957487914,1,0.00597034095488465,35
0.0815440739518516,1,0.00653583302041496,35
0.0864388262059827,1,0.0071504155775018,35
0.0916273901188674,1,0.00781791406518274,35
0.0971274019847117,1,0.00854241758575038,35
0.102957556731251,1,0.00932829532457964,35
0.109137671465127,1,0.0101802140172053,35
0.115688752831628,1,0.0111031565462239,35
0.122633068417756,1,0.0121024417584152,35
0.129994222441325,1,0.0131837456011443,35
0.137797235983356,1,0.0143531236867766,35
0.146068632036499,1,0.0156170354046627,35
0.15483652565855,1,0.0169823697124488,35
0.164130719537513,1,0.0184564727522988,35
0.173982805293036,1,0.0200471774533948,35
0.184426270858553,1,0.0217628353002197,35
0.195496614309126,1,0.0236123504671298,35
0.207231464521903,1,0.0256052165442556,35
0.219670709079324,1,0.0277515561086381,35
0.23285662984982,1,0.0300621634288365,35
0.246834046706865,1,0.032548550632411,35
0.261650469874882,1,0.0352229977155832,35
0.277356261419841,1,0.0380986068354986,35
0.294004806433471,1,0.0411893614012366,35
0.311652694492943,1,0.0445101905746087,35
0.330359912012834,1,0.0480770399122715,35
0.350190046143171,1,0.0519069490356413,35
0.371210500906636,1,0.0560181374172931,35
0.393492726309585,1,0.0604300996403591,35
0.417112461205652,1,0.065163711848047,35
0.442149990737449,1,0.0702413515945584,35
0.468690419231419,1,0.0756870339989477,35
0.496823959473438,1,0.0815265680881722,35
0.526646239348428,1,0.0877877386533789,35
0.558258626886269,1,0.0945005210980634,35
0.591768574818882,1,0.101697340081365,35
0.627289985819624,1,0.109413388063888,35
0.664943599666504,1,0.117687028658014,35
0.70485740364519,1,0.126560324939459,35
0.747167067586808,1,0.13607976079659,35
0.792016405019255,1,0.146297277932977,35
0.839557861999511,1,0.157271866652157,35
0.889953035288523,1,0.169072219877614,35
0.943373221629978,1,0.181781691130978,35
1,1,0.195509188468492,35
1e-04,1,2.0139950654556e-08,36
0.000112533558260077,1,2.54996183730567e-08,36
0.00012663801734674,1,3.22847827162922e-08,36
0.0001425102670303,1,4.08742305004303e-08,36
0.000160371874375133,1,5.17472521688872e-08,36
0.000180472176682717,1,6.55102474477386e-08,36
0.000203091762090474,1,8.29303462375771e-08,36
0.000228546386413499,1,1.04977884796349e-07,36
0.000257191380905935,1,1.32880055558665e-07,36
0.000289426612471675,1,1.68188644982254e-07,36
0.000325702065565979,1,2.12865529306754e-07,36
0.000366524123707963,1,2.69390540761964e-07,36
0.000412462638290136,1,3.40897489995613e-07,36
0.000464158883361278,1,4.31345611952865e-07,36
0.000522334507426684,1,5.45735532766135e-07,36
0.000587801607227492,1,6.9038114403947e-07,36
0.000661474064123015,1,8.73251613382738e-07,36
0.00074438030132517,1,1.10440127818722e-06,36
0.000837677640068293,1,1.39650952376036e-06,36
0.000942668455117886,1,1.76555811201203e-06,36
0.00106081835513945,1,2.23168001371242e-06,36
0.00119377664171444,1,2.82022186719317e-06,36
0.0013433993325989,1,3.56307201956693e-06,36
0.00151177507061566,1,4.50031803775957e-06,36
0.00170125427985259,1,5.68231198978207e-06,36
0.00191448197616996,1,7.17223909344421e-06,36
0.00215443469003189,1,9.04930597953684e-06,36
0.00242446201708233,1,1.14126892717191e-05,36
0.00272833337648677,1,1.43864139590623e-05,36
0.00307029062975785,1,1.81253645673536e-05,36
0.00345510729459222,1,2.28226708752704e-05,36
0.00388815518030809,1,2.8718754180652e-05,36
0.00437547937507419,1,3.61123701349266e-05,36
0.00492388263170674,1,4.53740399239464e-05,36
0.0055410203300095,1,5.69623228949648e-05,36
0.00623550734127392,1,7.14434500765516e-05,36
0.00701703828670383,1,8.95149086281502e-05,36
0.00789652286849973,1,0.000112033640898743,36
0.0088862381627434,1,0.000140049597044253,36
0.01,1,0.000174845455364844,36
0.0106002584880688,1,0.000194989330443504,36
0.0112365480013875,1,0.000217377755929434,36
0.0119110313328301,1,0.000242248926462779,36
0.0126260010987486,1,0.000269864555643472,36
0.0133838875317376,1,0.000300511956913739,36
0.014187266741166,1,0.000334506278612211,36
0.0150388694695541,1,0.000372192901438242,36
0.01594159037456,1,0.00041395000675374,36
0.0168984978681246,1,0.000460191324342819,36
0.0179128445462201,1,0.000511369068443947,36
0.0189880782446526,1,0.000567977071080658,36
0.0201278537584994,1,0.000630554121938777,36
0.0213360452650141,1,0.000699687524293112,36
0.0226167594922287,1,0.000776016876771245,36
0.0239743496780108,1,0.000860238091066904,36
0.0254134303670264,1,0.000953107656104795,36
0.0269388930959017,1,0.00105544715959552,36
0.0285559230199011,1,0.00116814807845255,36
0.0302700165376346,1,0.00129217685014408,36
0.0320869999737045,1,0.00142858023776932,36
0.0340130493827925,1,0.00157849100247601,36
0.0360547115425051,1,0.00174313389778031,36
0.0382189262063312,1,0.00192383200144978,36
0.0405130496923538,1,0.00212201340184809,36
0.0429448798878928,1,0.00233921825705293,36
0.0455226827550731,1,0.00257710624664357,36
0.0482552204274128,1,0.0028374644378379,36
0.0511517809929315,1,0.00312221558963041,36
0.0542222100650159,1,0.00343342692079727,36
0.0574769442483535,1,0.00377331937004586,36
0.0609270466136868,1,0.00414427737927224,36
0.0645842443019698,1,0.00454885923381304,36
0.0684609683857466,1,0.0049898079967913,36
0.0725703961232421,1,0.0054700630781523,36
0.0769264957487914,1,0.00599277248281186,36
0.0815440739518516,1,0.00656130578649068,36
0.0864388262059827,1,0.00717926789234976,36
0.0916273901188674,1,0.00785051362647743,36
0.0971274019847117,1,0.00857916323566659,36
0.102957556731251,1,0.00936961885681991,36
0.109137671465127,1,0.0102265820337685,36
0.115688752831628,1,0.0111550723643884,36
0.122633068417756,1,0.0121604473687201,36
0.129994222441325,1,0.013248423677461,36
0.137797235983356,1,0.0144250996498391,36
0.146068632036499,1,0.0156969795406554,36
0.15483652565855,1,0.0170709993484088,36
0.164130719537513,1,0.0185545544901393,36
0.173982805293036,1,0.0201555294642659,36
0.184426270858553,1,0.0218823296806358,36
0.195496614309126,1,0.0237439156577631,36
0.207231464521903,1,0.0257498398114278,36
0.219670709079324,1,0.0279102860872611,36
0.23285662984982,1,0.0302361127237098,36
0.246834046706865,1,0.032738898472224,36
0.261650469874882,1,0.0354309926504603,36
0.277356261419841,1,0.038325569464152,36
0.294004806433471,1,0.0414366871073309,36
0.311652694492943,1,0.0447793522431926,36
0.330359912012834,1,0.0483695905852381,36
0.350190046143171,1,0.0522245244489087,36
0.371210500906636,1,0.0563624583399512,36
0.393492726309585,1,0.0608029739047034,36
0.417112461205652,1,0.0655670359151312,36
0.442149990737449,1,0.0706771114362927,36
0.468690419231419,1,0.0761573049847816,36
0.496823959473438,1,0.0820335134256709,36
0.526646239348428,1,0.0883336057201842,36
0.558258626886269,1,0.0950876346707514,36
0.591768574818882,1,0.102328090930612,36
0.627289985819624,1,0.110090214489462,36
0.664943599666504,1,0.118412386979565,36
0.70485740364519,1,0.127336642123206,36
0.747167067586808,1,0.13690935694493,36
0.792016405019255,1,0.147182235167205,36
0.839557861999511,1,0.158213796001004,36
0.889953035288523,1,0.170071816414059,36
0.943373221629978,1,0.182837795036675,36
1,1,0.196616487488737,36
1e-04,1,2.05651573389013e-08,37
0.000112533558260077,1,2.60377082798726e-08,37
0.00012663801734674,1,3.29656635993293e-08,37
0.0001425102670303,1,4.17357077478478e-08,37
0.000160371874375133,1,5.28371051362167e-08,37
0.000180472176682717,1,6.68888438250363e-08,37
0.000203091762090474,1,8.4673938340105e-08,37
0.000228546386413499,1,1.07182757341706e-07,37
0.000257191380905935,1,1.35667745101051e-07,37
0.000289426612471675,1,1.71712500752855e-07,37
0.000325702065565979,1,2.17318952748621e-07,37
0.000366524123707963,1,2.75017321787018e-07,37
0.000412462638290136,1,3.48004760347484e-07,37
0.000464158883361278,1,4.40320054690444e-07,37
0.000522334507426684,1,5.57063637932482e-07,37
0.000587801607227492,1,7.04674477632887e-07,37
0.000661474064123015,1,8.91278281861835e-07,37
0.00074438030132517,1,1.12712502444336e-06,37
0.000837677640068293,1,1.42513819152177e-06,37
0.000942668455117886,1,1.80160356205073e-06,37
0.00106081835513945,1,2.27703197568387e-06,37
0.00119377664171444,1,2.87723866230477e-06,37
0.0013433993325989,1,3.63469157885884e-06,37
0.00151177507061566,1,4.59019317483234e-06,37
0.00170125427985259,1,5.79497441968975e-06,37
0.00191448197616996,1,7.31329720913801e-06,37
0.00215443469003189,1,9.22568183409129e-06,37
0.00242446201708233,1,1.16329005013673e-05,37
0.00272833337648677,1,1.46609064115812e-05,37
0.00307029062975785,1,1.84669010309813e-05,37
0.00345510729459222,1,2.32467803503302e-05,37
0.00388815518030809,1,2.92442443788803e-05,37
0.00437547937507419,1,3.67619030332425e-05,37
0.00492388263170674,1,4.61747659383731e-05,37
0.0055410203300095,1,5.79465631726948e-05,37
0.00623550734127392,1,7.26494081804261e-05,37
0.00701703828670383,1,9.09873820804854e-05,37
0.00789652286849973,1,0.000113824689350048,37
0.0088862381627434,1,0.000142219106993067,37
0.01,1,0.000177461521323866,37
0.0106002584880688,1,0.000197853504958163,37
0.0112365480013875,1,0.000220509644172084,37
0.0119110313328301,1,0.000245669082101603,37
0.0126260010987486,1,0.000273594429768986,37
0.0133838875317376,1,0.000304573826513046,37
0.014187266741166,1,0.000338923151770726,37
0.0150388694695541,1,0.00037698839627184,37
0.01594159037456,1,0.000419148200918991,37
0.0168984978681246,1,0.000465816571830622,37
0.0179128445462201,1,0.000517445780246327,37
0.0189880782446526,1,0.000574529456236537,37
0.0201278537584994,1,0.000637605885411088,37
0.0213360452650141,1,0.000707261518114855,37
0.0226167594922287,1,0.000784134700925376,37
0.0239743496780108,1,0.000868919640639426,37
0.0254134303670264,1,0.000962370611363438,37
0.0269388930959017,1,0.00106530641582104,37
0.0285559230199011,1,0.0011786151125579,37
0.0302700165376346,1,0.00130325902138152,37
0.0320869999737045,1,0.00144028002013378,37
0.0340130493827925,1,0.0015908051467502,37
0.0360547115425051,1,0.00175605252155664,37
0.0382189262063312,1,0.00193733760585907,37
0.0405130496923538,1,0.00213607981415647,37
0.0429448798878928,1,0.00235380949871571,37
0.0455226827550731,1,0.00259217532683238,37
0.0482552204274128,1,0.00285295207287373,37
0.0511517809929315,1,0.00313804884914225,37
0.0542222100650159,1,0.00344951780177128,37
0.0574769442483535,1,0.00378956330023287,37
0.0609270466136868,1,0.00416055165165289,37
0.0645842443019698,1,0.00456502137398761,37
0.0684609683857466,1,0.00500569406523807,37
0.0725703961232421,1,0.00548548590929862,37
0.0769264957487914,1,0.00600751986275197,37
0.0815440739518516,1,0.00657513857099406,37
0.0864388262059827,1,0.00719191806649216,37
0.0916273901188674,1,0.00786168230683606,37
0.0971274019847117,1,0.00858851861551867,37
0.102957556731251,1,0.00937679409419502,37
0.109137671465127,1,0.0102311730815296,37
0.115688752831628,1,0.0111566357407654,37
0.122633068417756,1,0.012158497865898,37
0.129994222441325,1,0.0132424320049539,37
0.137797235983356,1,0.0144144900084617,37
0.146068632036499,1,0.0156811271219643,37
0.15483652565855,1,0.0170492277535313,37
0.164130719537513,1,0.0185261330609601,37
0.173982805293036,1,0.0201196705190222,37
0.184426270858553,1,0.0218381856451072,37
0.195496614309126,1,0.0236905760824465,37
0.207231464521903,1,0.0256863282644091,37
0.219670709079324,1,0.0278355569119764,37
0.23285662984982,1,0.0301490476504676,37
0.246834046706865,1,0.0326383030723434,37
0.261650469874882,1,0.0353155926222433,37
0.277356261419841,1,0.0381940067408318,37
0.294004806433471,1,0.0412875157788087,37
0.311652694492943,1,0.0446110342861351,37
0.330359912012834,1,0.0481804914004084,37
0.350190046143171,1,0.0520129082111466,37
0.371210500906636,1,0.0561264831760788,37
0.393492726309585,1,0.0605406869294448,37
0.417112461205652,1,0.0652763681775077,37
0.442149990737449,1,0.0703558728630326,37
0.468690419231419,1,0.0758031794598836,37
0.496823959473438,1,0.0816440542277869,37
0.526646239348428,1,0.0879062316715951,37
0.558258626886269,1,0.0946196275682034,37
0.591768574818882,1,0.101816595192965,37
0.627289985819624,1,0.10953224059143,37
0.664943599666504,1,0.117804821386187,37
0.70485740364519,1,0.126676268600718,37
0.747167067586808,1,0.136192898419576,37
0.792016405019255,1,0.146406434396683,37
0.839557861999511,1,0.157375574111971,37
0.889953035288523,1,0.169168600712362,37
0.943373221629978,1,0.181868256960594,37
1,1,0.195582437351439,37
1e-04,1,1.94767104207051e-08,38
0.000112533558260077,1,2.46599493691167e-08,38
0.00012663801734674,1,3.12217919831136e-08,38
0.0001425102670303,1,3.95285765583424e-08,38
0.000160371874375133,1,5.00438495402267e-08,38
0.000180472176682717,1,6.33540972263679e-08,38
0.000203091762090474,1,8.02012695111718e-08,38
0.000228546386413499,1,1.01523868163395e-07,38
0.000257191380905935,1,1.28508844925824e-07,38
0.000289426612471675,1,1.62657132545114e-07,38
0.000325702065565979,1,2.05866357618589e-07,38
0.000366524123707963,1,2.60535198274745e-07,38
0.000412462638290136,1,3.2969499323403e-07,38
0.000464158883361278,1,4.17175631450569e-07,38
0.000522334507426684,1,5.27814532290154e-07,38
0.000587801607227492,1,6.67719744023711e-07,38
0.000661474064123015,1,8.44600934971657e-07,38
0.00074438030132517,1,1.06818547158308e-06,38
0.000837677640068293,1,1.35074098482258e-06,38
0.000942668455117886,1,1.70773103601976e-06,38
0.00106081835513945,1,2.15863687482867e-06,38
0.00119377664171444,1,2.72798610184225e-06,38
0.0013433993325989,1,3.44663858194571e-06,38
0.00151177507061566,1,4.35339152325976e-06,38
0.00170125427985259,1,5.49697959985892e-06,38
0.00191448197616996,1,6.93856276254955e-06,38
0.00215443469003189,1,8.75481438121319e-06,38
0.00242446201708233,1,1.10417460468029e-05,38
0.00272833337648677,1,1.39194331936747e-05,38
0.00307029062975785,1,1.75378381314899e-05,38
0.00345510729459222,1,2.20839644767683e-05,38
0.00388815518030809,1,2.77906196736569e-05,38
0.00437547937507419,1,3.49471104413666e-05,38
0.00492388263170674,1,4.39122495958743e-05,38
0.0055410203300095,1,5.51301115058606e-05,38
0.00623550734127392,1,6.91490369689591e-05,38
0.00701703828670383,1,8.66444557293184e-05,38
0.00789652286849973,1,0.000108446165123269,38
0.0088862381627434,1,0.000135570775112204,38
0.01,1,0.000169260101789745,38
0.0106002584880688,1,0.000188763466615961,38
0.0112365480013875,1,0.000210439979342784,38
0.0119110313328301,1,0.00023452017302761,38
0.0126260010987486,1,0.000261257321508572,38
0.0133838875317376,1,0.000290929448079741,38
0.014187266741166,1,0.000323841482768367,38
0.0150388694695541,1,0.000360327576209639,38
0.01594159037456,1,0.000400753578326315,38
0.0168984978681246,1,0.000445519690230306,38
0.0179128445462201,1,0.000495063297993896,38
0.0189880782446526,1,0.000549861997173011,38
0.0201278537584994,1,0.000610436817232386,38
0.0213360452650141,1,0.000677355655306346,38
0.0226167594922287,1,0.000751236929063272,38
0.0239743496780108,1,0.000832753458804161,38
0.0254134303670264,1,0.000922636589354609,38
0.0269388930959017,1,0.00102168056279631,38
0.0285559230199011,1,0.0011307471536406,38
0.0302700165376346,1,0.00125077057869033,38
0.0320869999737045,1,0.00138276269457346,38
0.0340130493827925,1,0.00152781849677341,38
0.0360547115425051,1,0.00168712193493562,38
0.0382189262063312,1,0.00186195206032058,38
0.0405130496923538,1,0.00205368952249317,38
0.0429448798878928,1,0.00226382343371785,38
0.0455226827550731,1,0.00249395862106539,38
0.0482552204274128,1,0.0027458232879544,38
0.0511517809929315,1,0.00302127710874952,38
0.0542222100650159,1,0.00332231978214791,38
0.0574769442483535,1,0.00365110007139737,38
0.0609270466136868,1,0.00400992536194935,38
0.0645842443019698,1,0.00440127176993919,38
0.0684609683857466,1,0.00482779483795662,38
0.0725703961232421,1,0.00529234085791893,38
0.0769264957487914,1,0.00579795886451868,38
0.0815440739518516,1,0.00634791334672725,38
0.0864388262059827,1,0.00694569772920104,38
0.0916273901188674,1,0.00759504868022434,38
0.0971274019847117,1,0.00829996130806256,38
0.102957556731251,1,0.00906470531334219,38
0.109137671465127,1,0.00989384217139493,38
0.115688752831628,1,0.0107922434254756,38
0.122633068417756,1,0.011765110179468,38
0.129994222441325,1,0.0128179938872664,38
0.137797235983356,1,0.013956818545576,38
0.146068632036499,1,0.0151879044075891,38
0.15483652565855,1,0.0165179933470904,38
0.164130719537513,1,0.017954276016235,38
0.173982805293036,1,0.019504420955906,38
0.184426270858553,1,0.0211766058355347,38
0.195496614309126,1,0.0229795510201162,38
0.207231464521903,1,0.0249225556864712,38
0.219670709079324,1,0.0270155367394714,38
0.23285662984982,1,0.0292690708129898,38
0.246834046706865,1,0.0316944396811994,38
0.261650469874882,1,0.034303679455362,38
0.277356261419841,1,0.0371096340019139,38
0.294004806433471,1,0.0401260130928146,38
0.311652694492943,1,0.0433674558933506,38
0.330359912012834,1,0.0468496005122254,38
0.350190046143171,1,0.0505891604926941,38
0.371210500906636,1,0.0546040093244073,38
0.393492726309585,1,0.0589132743218405,38
0.417112461205652,1,0.0635374415737673,38
0.442149990737449,1,0.0684984741598499,38
0.468690419231419,1,0.0738199465175128,38
0.496823959473438,1,0.0795271988231021,38
0.526646239348428,1,0.0856475166845773,38
0.558258626886269,1,0.0922103435927355,38
0.591768574818882,1,0.0992475368987734,38
0.627289985819624,1,0.10679368339102,38
0.664943599666504,1,0.114886499353702,38
0.70485740364519,1,0.123567355301495,38
0.747167067586808,1,0.132881993670858,38
0.792016405019255,1,0.14288156276783,38
0.839557861999511,1,0.153624207188022,38
0.889953035288523,1,0.165177730610181,38
0.943373221629978,1,0.177624593145665,38
1,1,0.191072956767121,38
1e-04,1,1.96823964981916e-08,39
0.000112533558260077,1,2.49203814173229e-08,39
0.00012663801734674,1,3.15515339116987e-08,39
0.0001425102670303,1,3.99460645665277e-08,39
0.000160371874375133,1,5.05724187061709e-08,39
0.000180472176682717,1,6.40232829860209e-08,39
0.000203091762090474,1,8.10484518682634e-08,39
0.000228546386413499,1,1.02596351569971e-07,39
0.000257191380905935,1,1.29866488628026e-07,39
0.000289426612471675,1,1.64375675683929e-07,39
0.000325702065565979,1,2.08041620992518e-07,39
0.000366524123707963,1,2.63288396010729e-07,39
0.000412462638290136,1,3.33179442184382e-07,39
0.000464158883361278,1,4.21585224661612e-07,39
0.000522334507426684,1,5.33394438939928e-07,39
0.000587801607227492,1,6.74779914951979e-07,39
0.000661474064123015,1,8.5353314368219e-07,39
0.00074438030132517,1,1.07948480533226e-06,39
0.000837677640068293,1,1.36503294121557e-06,39
0.000942668455117886,1,1.72580566611983e-06,39
0.00106081835513945,1,2.18149178437577e-06,39
0.00119377664171444,1,2.75688058032876e-06,39
0.0013433993325989,1,3.48316169588457e-06,39
0.00151177507061566,1,4.39954772239272e-06,39
0.00170125427985259,1,5.55529626548104e-06,39
0.00191448197616996,1,7.01222522165803e-06,39
0.00215443469003189,1,8.84783526949312e-06,39
0.00242446201708233,1,1.11591775762491e-05,39
0.00272833337648677,1,1.40676329594397e-05,39
0.00307029062975785,1,1.77248016378533e-05,39
0.00345510729459222,1,2.23197406994467e-05,39
0.00388815518030809,1,2.80878298054286e-05,39
0.00437547937507419,1,3.53215946388925e-05,39
0.00492388263170674,1,4.43838721953579e-05,39
0.0055410203300095,1,5.57237619717951e-05,39
0.00623550734127392,1,6.98958719354158e-05,39
0.00701703828670383,1,8.75834370307214e-05,39
0.00789652286849973,1,0.000109625959785944,39
0.0088862381627434,1,0.000137052095928043,39
0.01,1,0.000171118581230359,39
0.0106002584880688,1,0.000190841516779794,39
0.0112365480013875,1,0.000212763043229876,39
0.0119110313328301,1,0.000237116555484888,39
0.0126260010987486,1,0.000264158495455234,39
0.0133838875317376,1,0.000294170390576291,39
0.014187266741166,1,0.000327461043300141,39
0.0150388694695541,1,0.000364368879656994,39
0.01594159037456,1,0.00040526446517788,39
0.0168984978681246,1,0.000450553196671981,39
0.0179128445462201,1,0.000500678178565615,39
0.0189880782446526,1,0.000556123292728016,39
0.0201278537584994,1,0.000617416470958754,39
0.0213360452650141,1,0.000685133179575035,39
0.0226167594922287,1,0.000759900125848697,39
0.0239743496780108,1,0.000842399196388106,39
0.0254134303670264,1,0.000933371637964141,39
0.0269388930959017,1,0.00103362249174298,39
0.0285559230199011,1,0.00114402529243195,39
0.0302700165376346,1,0.00126552704446968,39
0.0320869999737045,1,0.0013991534881096,39
0.0340130493827925,1,0.00154601466908662,39
0.0360547115425051,1,0.00170731082650048,39
0.0382189262063312,1,0.00188433861464172,39
0.0405130496923538,1,0.00207849767571431,39
0.0429448798878928,1,0.00229129758180051,39
0.0455226827550731,1,0.00252436516596968,39
0.0482552204274128,1,0.00277945226417846,39
0.0511517809929315,1,0.0030584438915463,39
0.0542222100650159,1,0.00336336687873052,39
0.0574769442483535,1,0.00369639899650256,39
0.0609270466136868,1,0.00405987859922284,39
0.0645842443019698,1,0.00445631482077341,39
0.0684609683857466,1,0.00488839835963407,39
0.0725703961232421,1,0.00535901289320616,39
0.0769264957487914,1,0.00587124716521757,39
0.0815440739518516,1,0.00642840779411465,39
0.0864388262059827,1,0.00703403285478902,39
0.0916273901188674,1,0.00769190629082893,39
0.0971274019847117,1,0.00840607321979491,39
0.102957556731251,1,0.00918085619980814,39
0.109137671465127,1,0.010020872532118,39
0.115688752831628,1,0.0109310526813124,39
0.122633068417756,1,0.0119166599025816,39
0.129994222441325,1,0.0129833111740155,39
0.137797235983356,1,0.0141369995414791,39
0.146068632036499,1,0.0153841179943001,39
0.15483652565855,1,0.0167314850020457,39
0.164130719537513,1,0.0181863718562983,39
0.173982805293036,1,0.0197565319768844,39
0.184426270858553,1,0.0214502323598505,39
0.195496614309126,1,0.0232762873651182,39
0.207231464521903,1,0.0252440950658166,39
0.219670709079324,1,0.0273636764095818,39
0.23285662984982,1,0.0296457174756911,39
0.246834046706865,1,0.0321016151521151,39
0.261650469874882,1,0.0347435266052272,39
0.277356261419841,1,0.0375844229743919,39
0.294004806433471,1,0.0406381477972029,39
0.311652694492943,1,0.0439194807631057,39
0.330359912012834,1,0.0474442075096198,39
0.350190046143171,1,0.0512291963247794,39
0.371210500906636,1,0.0552924828137835,39
0.393492726309585,1,0.0596533638444579,39
0.417112461205652,1,0.06433250243036,39
0.442149990737449,1,0.0693520456801228,39
0.468690419231419,1,0.0747357585947715,39
0.496823959473438,1,0.0805091774215807,39
0.526646239348428,1,0.0866997876182009,39
0.558258626886269,1,0.0933372334826851,39
0.591768574818882,1,0.100453569569484,39
0.627289985819624,1,0.108083568855233,39
0.664943599666504,1,0.116265110562155,39
0.70485740364519,1,0.125039684149142,39
0.747167067586808,1,0.134453070493561,39
0.792016405019255,1,0.144556308284461,39
0.839557861999511,1,0.155407150945093,39
0.889953035288523,1,0.167072441599312,39
0.943373221629978,1,0.179632411765637,39
1,1,0.19318971738128,39
1e-04,1,2.01601024399318e-08,40
0.000112533558260077,1,2.55251733162996e-08,40
0.00012663801734674,1,3.23171950480588e-08,40
0.0001425102670303,1,4.09153473560503e-08,40
0.000160371874375133,1,5.17994222644572e-08,40
0.000180472176682717,1,6.55764572430154e-08,40
0.000203091762090474,1,8.3014395213552e-08,40
0.000228546386413499,1,1.05084609603077e-07,40
0.000257191380905935,1,1.33015615722941e-07,40
0.000289426612471675,1,1.68360890238014e-07,40
0.000325702065565979,1,2.1308446995421e-07,40
0.000366524123707963,1,2.69668950565444e-07,40
0.000412462638290136,1,3.41251682221032e-07,40
0.000464158883361278,1,4.31796436771902e-07,40
0.000522334507426684,1,5.46309660727657e-07,40
0.000587801607227492,1,6.91112722362985e-07,40
0.000661474064123015,1,8.74184401070269e-07,40
0.00074438030132517,1,1.10559140477403e-06,40
0.000837677640068293,1,1.39802905481796e-06,40
0.000942668455117886,1,1.76749965961853e-06,40
0.00106081835513945,1,2.23416270299244e-06,40
0.00119377664171444,1,2.82339905671284e-06,40
0.0013433993325989,1,3.56714129034282e-06,40
0.00151177507061566,1,4.50553411000186e-06,40
0.00170125427985259,1,5.68900340756629e-06,40
0.00191448197616996,1,7.18082974352126e-06,40
0.00215443469003189,1,9.06034278448053e-06,40
0.00242446201708233,1,1.14268777261264e-05,40
0.00272833337648677,1,1.44046635660158e-05,40
0.00307029062975785,1,1.81488466717102e-05,40
0.00345510729459222,1,2.28528918792057e-05,40
0.00388815518030809,1,2.87576476328302e-05,40
0.00437547937507419,1,3.61624116816197e-05,40
0.00492388263170674,1,4.54383895320949e-05,40
0.0055410203300095,1,5.70449990233533e-05,40
0.00623550734127392,1,7.15495404777784e-05,40
0.00701703828670383,1,8.96508220687726e-05,40
0.00789652286849973,1,0.000112207403135896,40
0.0088862381627434,1,0.000140271192731309,40
0.01,1,0.000175127215012596,40
0.0106002584880688,1,0.000195306169872804,40
0.0112365480013875,1,0.000217733723483574,40
0.0119110313328301,1,0.000242648472945599,40
0.0126260010987486,1,0.00027031256275962,40
0.0133838875317376,1,0.000301013765806476,40
0.014187266741166,1,0.000335067718148879,40
0.0150388694695541,1,0.0003728203158399,40
0.01594159037456,1,0.000414650282113251,40
0.0168984978681246,1,0.000460971913528006,40
0.0179128445462201,1,0.000512238013828305,40
0.0189880782446526,1,0.000568943024498088,40
0.0201278537584994,1,0.000631626361214607,40
0.0213360452650141,1,0.000700875965664237,40
0.0226167594922287,1,0.00077733208247044,40
0.0239743496780108,1,0.000861691271324413,40
0.0254134303670264,1,0.000954710664789499,40
0.0269388930959017,1,0.00105721248271445,40
0.0285559230199011,1,0.00117008881471431,40
0.0302700165376346,1,0.00129430668279697,40
0.0320869999737045,1,0.00143091339693952,40
0.0340130493827925,1,0.00158104221724492,40
0.0360547115425051,1,0.00174591833727518,40
0.0382189262063312,1,0.00192686520425085,40
0.0405130496923538,1,0.00212531119306587,40
0.0429448798878928,1,0.00234279665247343,40
0.0455226827550731,1,0.00258098134340063,40
0.0482552204274128,1,0.00284165229112572,40
0.0511517809929315,1,0.00312673207504537,40
0.0542222100650159,1,0.00343828758195522,40
0.0574769442483535,1,0.00377853925120327,40
0.0609270466136868,1,0.00414987084274658,40
0.0645842443019698,1,0.00455483976207663,40
0.0684609683857466,1,0.00499618797918722,40
0.0725703961232421,1,0.00547685358226006,40
0.0769264957487914,1,0.0059999830105646,40
0.0815440739518516,1,0.00656894401522846,40
0.0864388262059827,1,0.00718733940106448,40
0.0916273901188674,1,0.00785902160759001,40
0.0971274019847117,1,0.00858810819275353,40
0.102957556731251,1,0.00937899828878888,40
0.109137671465127,1,0.0102363901060674,40
0.115688752831628,1,0.0111652995679202,40
0.122633068417756,1,0.0121710801672318,40
0.129994222441325,1,0.0132594441442784,40
0.137797235983356,1,0.0144364850949303,40
0.146068632036499,1,0.0157087021291416,40
0.15483652565855,1,0.0170830257117849,40
0.164130719537513,1,0.0185668453316504,40
0.173982805293036,1,0.020168039160096,40
0.184426270858553,1,0.0218950058788313,40
0.195496614309126,1,0.0237566988771408,40
0.207231464521903,1,0.0257626630431303,40
0.219670709079324,1,0.0279230744021551,40
0.23285662984982,1,0.0302487828895068,40
0.246834046706865,1,0.0327513585850965,40
0.261650469874882,1,0.0354431417871026,40
0.277356261419841,1,0.0383372973618041,40
0.294004806433471,1,0.0414478738813689,40
0.311652694492943,1,0.0447898681547309,40
0.330359912012834,1,0.0483792958750471,40
0.350190046143171,1,0.0522332692592923,40
0.371210500906636,1,0.0563700827536685,40
0.393492726309585,1,0.0608093081405445,40
0.417112461205652,1,0.0655719007348645,40
0.442149990737449,1,0.0706803188397085,40
0.468690419231419,1,0.0761586593022565,40
0.496823959473438,1,0.0820328129672242,40
0.526646239348428,1,0.0883306452168768,40
0.558258626886269,1,0.0950822088667244,40
0.591768574818882,1,0.102319999885035,40
0.627289985819624,1,0.110079271489097,40
0.664943599666504,1,0.118398430566201,40
0.70485740364519,1,0.127319554857959,40
0.747167067586808,1,0.136889095718267,40
0.792016405019255,1,0.147158882434824,40
0.839557861999511,1,0.158187651689088,40
0.889953035288523,1,0.170043576263872,40
0.943373221629978,1,0.182808935873615,40
1,1,0.196590237682246,40
1e-04,1,1.95530646550211e-08,41
0.000112533558260077,1,2.47566218108874e-08,41
0.00012663801734674,1,3.13441859077593e-08,41
0.0001425102670303,1,3.96835313703907e-08,41
0.000160371874375133,1,5.02400205990408e-08,41
0.000180472176682717,1,6.360243872885e-08,41
0.000203091762090474,1,8.05156430157217e-08,41
0.000228546386413499,1,1.01921812831961e-07,41
0.000257191380905935,1,1.29012551467515e-07,41
0.000289426612471675,1,1.63294673695104e-07,41
0.000325702065565979,1,2.06673243168602e-07,41
0.000366524123707963,1,2.61556340293369e-07,41
0.000412462638290136,1,3.30987187986807e-07,41
0.000464158883361278,1,4.18810693211956e-07,41
0.000522334507426684,1,5.29883251763708e-07,41
0.000587801607227492,1,6.70336883231416e-07,41
0.000661474064123015,1,8.47911533678626e-07,41
0.00074438030132517,1,1.072372801948e-06,41
0.000837677640068293,1,1.35603659020469e-06,41
0.000942668455117886,1,1.71442739378032e-06,41
0.00106081835513945,1,2.16710336916632e-06,41
0.00119377664171444,1,2.73868917261229e-06,41
0.0013433993325989,1,3.46016714435323e-06,41
0.00151177507061566,1,4.37048904388846e-06,41
0.00170125427985259,1,5.51858458613434e-06,41
0.00191448197616996,1,6.96585990116884e-06,41
0.00215443469003189,1,8.78929916930806e-06,41
0.00242446201708233,1,1.10853065487217e-05,41
0.00272833337648677,1,1.39744535725433e-05,41
0.00307029062975785,1,1.76073299136166e-05,41
0.00345510729459222,1,2.21717332068376e-05,41
0.00388815518030809,1,2.79014768002993e-05,41
0.00437547937507419,1,3.50871430889635e-05,41
0.00492388263170674,1,4.40891644686722e-05,41
0.0055410203300095,1,5.53536737314437e-05,41
0.00623550734127392,1,6.94316304069661e-05,41
0.00701703828670383,1,8.7001798352668e-05,41
0.00789652286849973,1,0.000108898221695797,41
0.0088862381627434,1,0.000136142919666887,41
0.01,1,0.000169984594382131,41
0.0106002584880688,1,0.000189577661149049,41
0.0112365480013875,1,0.000211355087976792,41
0.0119110313328301,1,0.000235548815693425,41
0.0126260010987486,1,0.000262413699559759,41
0.0133838875317376,1,0.000292229537896688,41
0.014187266741166,1,0.000325303251209515,41
0.0150388694695541,1,0.000361971219911128,41
0.01594159037456,1,0.000402601788937851,41
0.0168984978681246,1,0.000447597947761082,41
0.0179128445462201,1,0.000497400194510079,41
0.0189880782446526,1,0.000552489593140667,41
0.0201278537584994,1,0.000613391032836642,41
0.0213360452650141,1,0.000680676699094448,41
0.0226167594922287,1,0.000754969766253996,41
0.0239743496780108,1,0.000836948321578428,41
0.0254134303670264,1,0.000927349531394986,41
0.0269388930959017,1,0.00102697406026775,41
0.0285559230199011,1,0.00113669075470943,41
0.0302700165376346,1,0.00125744160356254,41
0.0320869999737045,1,0.00139024698789632,41
0.0340130493827925,1,0.00153621123409072,41
0.0360547115425051,1,0.00169652848472083,41
0.0382189262063312,1,0.00187248890293508,41
0.0405130496923538,1,0.00206548522723752,41
0.0429448798878928,1,0.002277019694961,41
0.0455226827550731,1,0.00250871135426672,41
0.0482552204274128,1,0.00276230378622664,41
0.0511517809929315,1,0.00303967326047308,41
0.0542222100650159,1,0.00334283735002078,41
0.0574769442483535,1,0.00367396403322484,41
0.0609270466136868,1,0.0040353813134167,41
0.0645842443019698,1,0.00442958738960646,41
0.0684609683857466,1,0.00485926141474952,41
0.0725703961232421,1,0.00532727488146954,41
0.0769264957487914,1,0.00583670367885987,41
0.0815440739518516,1,0.00639084086802927,41
0.0864388262059827,1,0.00699321022849899,41
0.0916273901188674,1,0.00764758063239054,41
0.0971274019847117,1,0.00835798130864208,41
0.102957556731251,1,0.00912871806529204,41
0.109137671465127,1,0.00996439054422984,41
0.115688752831628,1,0.010869910589839,41
0.122633068417756,1,0.0118505218206974,41
0.129994222441325,1,0.0129118205020961,41
0.137797235983356,1,0.0140597778267242,41
0.146068632036499,1,0.0153007637215823,41
0.15483652565855,1,0.0166415723112739,41
0.164130719537513,1,0.0180894491815032,41
0.173982805293036,1,0.0196521206022168,41
0.184426270858553,1,0.0213378248877485,41
0.195496614309126,1,0.0231553460920708,41
0.207231464521903,1,0.0251140502614582,41
0.219670709079324,1,0.0272239244953469,41
0.23285662984982,1,0.0294956190999895,41
0.246834046706865,1,0.0319404931600543,41
0.261650469874882,1,0.0345706639024104,41
0.277356261419841,1,0.0373990602864457,41
0.294004806433471,1,0.0404394813296449,41
0.311652694492943,1,0.0437066597703233,41
0.330359912012834,1,0.0472163317875599,41
0.350190046143171,1,0.0509853136502053,41
0.371210500906636,1,0.0550315863647164,41
0.393492726309585,1,0.0593743896533666,41
0.417112461205652,1,0.0640343269463921,41
0.442149990737449,1,0.0690334835532802,41
0.468690419231419,1,0.0743955608500753,41
0.496823959473438,1,0.0801460302759607,41
0.526646239348428,1,0.0863123123258889,41
0.558258626886269,1,0.0929239878093118,41
0.591768574818882,1,0.100013051851071,41
0.627289985819624,1,0.10761422620982,41
0.664943599666504,1,0.115765353915024,41
0.70485740364519,1,0.124507914780465,41
0.747167067586808,1,0.13388772687323,41
0.792016405019255,1,0.143955950552818,41
0.839557861999511,1,0.154770620194007,41
0.889953035288523,1,0.166399181827268,41
0.943373221629978,1,0.178923192032993,41
1,1,0.192448530439871,41
1e-04,1,1.9942496165942e-08,42
0.000112533558260077,1,2.52497370187306e-08,42
0.00012663801734674,1,3.19685813129804e-08,42
0.0001425102670303,1,4.04741452583493e-08,42
0.000160371874375133,1,5.12410836849784e-08,42
0.000180472176682717,1,6.48699451194309e-08,42
0.000203091762090474,1,8.21204734394759e-08,42
0.000228546386413499,1,1.0395368914846e-07,42
0.000257191380905935,1,1.31585038001588e-07,42
0.000289426612471675,1,1.66551503719487e-07,42
0.000325702065565979,1,2.10796319583508e-07,42
0.000366524123707963,1,2.66775852457812e-07,42
0.000412462638290136,1,3.37594401177277e-07,42
0.000464158883361278,1,4.27174114400086e-07,42
0.000522334507426684,1,5.40469054257028e-07,42
0.000587801607227492,1,6.83734708809213e-07,42
0.000661474064123015,1,8.64867072768077e-07,42
0.00074438030132517,1,1.0938289184066e-06,42
0.000837677640068293,1,1.38318520665674e-06,42
0.000942668455117886,1,1.7487749182362e-06,42
0.00106081835513945,1,2.210553149123e-06,42
0.00119377664171444,1,2.79364533318549e-06,42
0.0013433993325989,1,3.52966525376563e-06,42
0.00151177507061566,1,4.45836038599159e-06,42
0.00170125427985259,1,5.62966246621982e-06,42
0.00191448197616996,1,7.10623842905053e-06,42
0.00215443469003189,1,8.96665741992505e-06,42
0.00242446201708233,1,1.13093139766235e-05,42
0.00272833337648677,1,1.4257276138359e-05,42
0.00307029062975785,1,1.79642606531805e-05,42
0.00345510729459222,1,2.26219760248329e-05,42
0.00388815518030809,1,2.8469118188319e-05,42
0.00437547937507419,1,3.58023533052037e-05,42
0.00492388263170674,1,4.49896775236494e-05,42
0.0055410203300095,1,5.64866042875211e-05,42
0.00623550734127392,1,7.08556953774667e-05,42
0.00701703828670383,1,8.87900214374269e-05,42
0.00789652286849973,1,0.000111141210126044,42
0.0088862381627434,1,0.000138952813751887,42
0.01,1,0.000173499801673034,42
0.0106002584880688,1,0.00019350162339896,42
0.0112365480013875,1,0.000215733624289136,42
0.0119110313328301,1,0.000240432587952567,42
0.0126260010987486,1,0.000267858677232672,42
0.0133838875317376,1,0.000298297500528302,42
0.014187266741166,1,0.000332062330765979,42
0.0150388694695541,1,0.000369496485142313,42
0.01594159037456,1,0.000410975873947125,42
0.0168984978681246,1,0.000456911726970578,42
0.0179128445462201,1,0.000507753506203208,42
0.0189880782446526,1,0.000563992013751194,42
0.0201278537584994,1,0.000626162704127545,42
0.0213360452650141,1,0.000694849210344297,42
0.0226167594922287,1,0.000770687093530707,42
0.0239743496780108,1,0.000854367826147044,42
0.0254134303670264,1,0.000946643019268198,42
0.0269388930959017,1,0.00104832890487056,42
0.0285559230199011,1,0.00116031108460329,42
0.0302700165376346,1,0.00128354955715628,42
0.0320869999737045,1,0.00141908403706216,42
0.0340130493827925,1,0.00156803957861877,42
0.0360547115425051,1,0.00173163251958293,42
0.0382189262063312,1,0.00191117676038946,42
0.0405130496923538,1,0.00210809039590733,42
0.0429448798878928,1,0.00232390271815493,42
0.0455226827550731,1,0.00256026160999161,42
0.0482552204274128,1,0.00281894135157481,42
0.0511517809929315,1,0.00310185086335148,42
0.0542222100650159,1,0.00341104241153986,42
0.0574769442483535,1,0.00374872080447144,42
0.0609270466136868,1,0.00411725311082058,42
0.0645842443019698,1,0.0045191789336581,42
0.0684609683857466,1,0.00495722127745155,42
0.0725703961232421,1,0.00543429804861078,42
0.0769264957487914,1,0.00595353423397247,42
0.0815440739518516,1,0.00651827480574697,42
0.0864388262059827,1,0.00713209840596296,42
0.0916273901188674,1,0.0077988318683489,42
0.0971274019847117,1,0.00852256564096809,42
0.102957556731251,1,0.0093076701787802,42
0.109137671465127,1,0.0101588133817421,42
0.115688752831628,1,0.0110809791611401,42
0.122633068417756,1,0.012079487224646,42
0.129994222441325,1,0.0131600141792524,42
0.137797235983356,1,0.0143286160608789,42
0.146068632036499,1,0.015591752410225,42
0.15483652565855,1,0.016956312026594,42
0.164130719537513,1,0.0184296405451683,42
0.173982805293036,1,0.0200195699989128,42
0.184426270858553,1,0.0217344505443021,42
0.195496614309126,1,0.0235831845509446,42
0.207231464521903,1,0.0255752632795262,42
0.219670709079324,1,0.0277208064011686,42
0.23285662984982,1,0.0300306046453591,42
0.246834046706865,1,0.0325161659044544,42
0.261650469874882,1,0.035189765172249,42
0.277356261419841,1,0.0380644987546873,42
0.294004806433471,1,0.0411543432658198,42
0.311652694492943,1,0.0444742200160808,42
0.330359912012834,1,0.0480400655191907,42
0.350190046143171,1,0.0518689089972233,42
0.371210500906636,1,0.0559789579631566,42
0.393492726309585,1,0.0603896932246038,42
0.417112461205652,1,0.0651219750080104,42
0.442149990737449,1,0.0701981623893092,42
0.468690419231419,1,0.0756422488959875,42
0.496823959473438,1,0.081480018112675,42
0.526646239348428,1,0.0877392245321867,42
0.558258626886269,1,0.094449807002625,42
0.591768574818882,1,0.101644145367942,42
0.627289985819624,1,0.109357376066536,42
0.664943599666504,1,0.1176277909956,42
0.70485740364519,1,0.12649735871881,42
0.747167067586808,1,0.136012434023508,42
0.792016405019255,1,0.146224774200678,42
0.839557861999511,1,0.157193090754418,42
0.889953035288523,1,0.16898562282822,42
0.943373221629978,1,0.181684908026695,42
1,1,0.195398163317483,42
1e-04,1,1.99406413903704e-08,43
0.000112533558260077,1,2.5247228075952e-08,43
0.00012663801734674,1,3.19651765872416e-08,43
0.0001425102670303,1,4.04695100680578e-08,43
0.000160371874375133,1,5.12347544886144e-08,43
0.000180472176682717,1,6.48612768862906e-08,43
0.000203091762090474,1,8.21085689806899e-08,43
0.000228546386413499,1,1.03937297449465e-07,43
0.000257191380905935,1,1.31562412651214e-07,43
0.000289426612471675,1,1.66520203628261e-07,43
0.000325702065565979,1,2.10752928945356e-07,43
0.000366524123707963,1,2.66715589185154e-07,43
0.000412462638290136,1,3.37510564717478e-07,43
0.000464158883361278,1,4.27057312849519e-07,43
0.000522334507426684,1,5.40306120034757e-07,43
0.000587801607227492,1,6.83507180327215e-07,43
0.000661474064123015,1,8.64549069454967e-07,43
0.00074438030132517,1,1.09338417213567e-06,43
0.000837677640068293,1,1.38256291946751e-06,43
0.000942668455117886,1,1.74790399489127e-06,43
0.00106081835513945,1,2.20933418127769e-06,43
0.00119377664171444,1,2.79193948593931e-06,43
0.0013433993325989,1,3.52727889926563e-06,43
0.00151177507061566,1,4.4550239162196e-06,43
0.00170125427985259,1,5.62500117961623e-06,43
0.00191448197616996,1,7.0997326663917e-06,43
0.00215443469003189,1,8.95758819932659e-06,43
0.00242446201708233,1,1.12966891746175e-05,43
0.00272833337648677,1,1.42397307287548e-05,43
0.00307029062975785,1,1.79399225791776e-05,43
0.00345510729459222,1,2.25882868626389e-05,43
0.00388815518030809,1,2.84225947883764e-05,43
0.00437547937507419,1,3.57382729964006e-05,43
0.00492388263170674,1,4.49016651732122e-05,43
0.0055410203300095,1,5.63660944919093e-05,43
0.00623550734127392,1,7.06912372978575e-05,43
0.00701703828670383,1,8.8566387342394e-05,43
0.00789652286849973,1,0.000110838261655028,43
0.0088862381627434,1,0.000138544072441474,43
0.01,1,0.000172950662658482,43
0.0106002584880688,1,0.000192867346207893,43
0.0112365480013875,1,0.000215001822420697,43
0.0119110313328301,1,0.000239589223069747,43
0.0126260010987486,1,0.000266887864621692,43
0.0133838875317376,1,0.000297181295693133,43
0.014187266741166,1,0.000330780495906458,43
0.0150388694695541,1,0.000368026234256785,43
0.01594159037456,1,0.000409291595301441,43
0.0168984978681246,1,0.000454984681690952,43
0.0179128445462201,1,0.000505551501772889,43
0.0189880782446526,1,0.000561479051231771,43
0.0201278537584994,1,0.000623298597972681,43
0.0213360452650141,1,0.000691589179739285,43
0.0226167594922287,1,0.000766981324263294,43
0.0239743496780108,1,0.000850161002104541,43
0.0254134303670264,1,0.000941873822748782,43
0.0269388930959017,1,0.00104292948500524,43
0.0285559230199011,1,0.00115420649329542,43
0.0302700165376346,1,0.00127665715205811,43
0.0320869999737045,1,0.00141131285122655,43
0.0340130493827925,1,0.00155928965657426,43
0.0360547115425051,1,0.00172179421967962,43
0.0382189262063312,1,0.00190013002335948,43
0.0405130496923538,1,0.00209570397964738,43
0.0429448798878928,1,0.00231003339878911,43
0.0455226827550731,1,0.00254475334928393,43
0.0482552204274128,1,0.00280162443074297,43
0.0511517809929315,1,0.00308254098326381,43
0.0542222100650159,1,0.00338953975916674,43
0.0574769442483535,1,0.00372480908529209,43
0.0609270466136868,1,0.00409069854665734,43
0.0645842443019698,1,0.00448972922512143,43
0.0684609683857466,1,0.00492460452981743,43
0.0725703961232421,1,0.00539822165952922,43
0.0769264957487914,1,0.00591368374090737,43
0.0815440739518516,1,0.00647431269048748,43
0.0864388262059827,1,0.00708366285291082,43
0.0916273901188674,1,0.00774553547260205,43
0.0971274019847117,1,0.00846399406145812,43
0.102957556731251,1,0.00924338073092486,43
0.109137671465127,1,0.0100883335632183,43
0.115688752831628,1,0.0110038051034868,43
0.122633068417756,1,0.011995082062481,43
0.129994222441325,1,0.0130678063279258,43
0.137797235983356,1,0.0142279973923988,43
0.146068632036499,1,0.0154820763162834,43
0.15483652565855,1,0.0168368913564837,43
0.164130719537513,1,0.018299745405317,43
0.173982805293036,1,0.0198784253996534,43
0.184426270858553,1,0.0215812338783463,43
0.195496614309126,1,0.023417022886786,43
0.207231464521903,1,0.025395230451666,43
0.219670709079324,1,0.0275259198775717,43
0.23285662984982,1,0.0298198221508638,43
0.246834046706865,1,0.0322883817768994,43
0.261650469874882,1,0.0349438064257625,43
0.277356261419841,1,0.0377991208217637,43
0.294004806433471,1,0.0408682253863339,43
0.311652694492943,1,0.0441659602370254,43
0.330359912012834,1,0.0477081752633548,43
0.350190046143171,1,0.0515118071518255,43
0.371210500906636,1,0.0555949644299835,43
0.393492726309585,1,0.0599770218605813,43
0.417112461205652,1,0.0646787258680329,43
0.442149990737449,1,0.0697223131595619,43
0.468690419231419,1,0.0751316453728558,43
0.496823959473438,1,0.0809323635347774,43
0.526646239348428,1,0.0871520675032274,43
0.558258626886269,1,0.0938205276375534,43
0.591768574818882,1,0.10096993913175,43
0.627289985819624,1,0.108635234513694,43
0.664943599666504,1,0.116854478183837,43
0.70485740364519,1,0.125669381317968,43
0.747167067586808,1,0.135126001769,43
0.792016405019255,1,0.145275744695023,43
0.839557861999511,1,0.156176887148485,43
0.889953035288523,1,0.16789710060634,43
0.943373221629978,1,0.180518116433024,43
1,1,0.194145860329066,43
1e-04,1,1.9531693263758e-08,44
0.000112533558260077,1,2.47295993957488e-08,44
0.00012663801734674,1,3.13100248590833e-08,44
0.0001425102670303,1,3.9640355239518e-08,44
0.000160371874375133,1,5.01854636360889e-08,44
0.000180472176682717,1,6.35335196323387e-08,44
0.000203091762090474,1,8.04286074409996e-08,44
0.000228546386413499,1,1.01811936393771e-07,44
0.000257191380905935,1,1.28873892807363e-07,44
0.000289426612471675,1,1.63119768444742e-07,44
0.000325702065565979,1,2.0645272193948e-07,44
0.000366524123707963,1,2.61278454902646e-07,44
0.000412462638290136,1,3.30637225729107e-07,44
0.000464158883361278,1,4.18370253494475e-07,44
0.000522334507426684,1,5.29329355023138e-07,44
0.000587801607227492,1,6.69640879550045e-07,44
0.000661474064123015,1,8.47037768346809e-07,44
0.00074438030132517,1,1.07127699315063e-06,44
0.000837677640068293,1,1.35466386351105e-06,44
0.000942668455117886,1,1.71270991510078e-06,44
0.00106081835513945,1,2.16495750828014e-06,44
0.00119377664171444,1,2.7360121248431e-06,44
0.0013433993325989,1,3.45683293234588e-06,44
0.00151177507061566,1,4.36634381387567e-06,44
0.00170125427985259,1,5.51344110978603e-06,44
0.00191448197616996,1,6.95949118479369e-06,44
0.00215443469003189,1,8.78143105711268e-06,44
0.00242446201708233,1,1.10756091805786e-05,44
0.00272833337648677,1,1.39625315060493e-05,44
0.00307029062975785,1,1.75927106279755e-05,44
0.00345510729459222,1,2.21538535493622e-05,44
0.00388815518030809,1,2.78796666749041e-05,44
0.00437547937507419,1,3.50606052819035e-05,44
0.00492388263170674,1,4.40569488846488e-05,44
0.0055410203300095,1,5.53146434203841e-05,44
0.00623550734127392,1,6.93844155092988e-05,44
0.00701703828670383,1,8.69447324110409e-05,44
0.00789652286849973,1,0.000108829252633865,44
0.0088862381627434,1,0.000136059485105869,44
0.01,1,0.000169883447935899,44
0.0106002584880688,1,0.000189466302426407,44
0.0112365480013875,1,0.000211232367711405,44
0.0119110313328301,1,0.000235413424516148,44
0.0126260010987486,1,0.000262264142573642,44
0.0133838875317376,1,0.000292064105576299,44
0.014187266741166,1,0.000325119986271842,44
0.0150388694695541,1,0.000361767879805005,44
0.01594159037456,1,0.000402375803616229,44
0.0168984978681246,1,0.000447346372420524,44
0.0179128445462201,1,0.000497119657013601,44
0.0189880782446526,1,0.000552176235888146,44
0.0201278537584994,1,0.000613040448897757,44
0.0213360452650141,1,0.000680283862489266,44
0.0226167594922287,1,0.000754528956341486,44
0.0239743496780108,1,0.000836453041602221,44
0.0254134303670264,1,0.00092679242133104,44
0.0269388930959017,1,0.0010263468042166,44
0.0285559230199011,1,0.0011359839831858,44
0.0302700165376346,1,0.00125664479113749,44
0.0320869999737045,1,0.00138934834674883,44
0.0340130493827925,1,0.00153519760412097,44
0.0360547115425051,1,0.00169538522096605,44
0.0382189262063312,1,0.00187119976109073,44
0.0405130496923538,1,0.00206403224814378,44
0.0429448798878928,1,0.0022753830889423,44
0.0455226827550731,1,0.00250686938620943,44
0.0482552204274128,1,0.0027602326622639,44
0.0511517809929315,1,0.00303734701708253,44
0.0542222100650159,1,0.00334022774626087,44
0.0574769442483535,1,0.00367104044671681,44
0.0609270466136868,1,0.00403211064053285,44
0.0645842443019698,1,0.00442593395015572,44
0.0684609683857466,1,0.00485518686124329,44
0.0725703961232421,1,0.00532273811284247,44
0.0769264957487914,1,0.00583166075827389,44
0.0815440739518516,1,0.00638524494414467,44
0.0864388262059827,1,0.0069870114593387,44
0.0916273901188674,1,0.00764072611066625,44
0.0971274019847117,1,0.00835041498715922,44
0.102957556731251,1,0.00912038068079993,44
0.109137671465127,1,0.00995521953785952,44
0.115688752831628,1,0.0108598400220477,44
0.122633068417756,1,0.0118394822784497,44
0.129994222441325,1,0.0128997389958394,44
0.137797235983356,1,0.014046577674564,44
0.146068632036499,1,0.0152863644179451,44
0.15483652565855,1,0.0166258893772405,44
0.164130719537513,1,0.0180723939939237,44
0.173982805293036,1,0.0196336001986594,44
0.184426270858553,1,0.0213177417443006,44
0.195496614309126,1,0.0231335978709891,44
0.207231464521903,1,0.0250905295256585,44
0.219670709079324,1,0.0271985183867292,44
0.23285662984982,1,0.0294682089786128,44
0.246834046706865,1,0.0319109542012012,44
0.261650469874882,1,0.0345388646486341,44
0.277356261419841,1,0.0373648621517664,44
0.294004806433471,1,0.0404027380531943,44
0.311652694492943,1,0.0436672168169549,44
0.330359912012834,1,0.0471740256933108,44
0.350190046143171,1,0.0509399713111193,44
0.371210500906636,1,0.0549830242685836,44
0.393492726309585,1,0.059322413055686,44
0.417112461205652,1,0.0639787289947811,44
0.442149990737449,1,0.0689740443694404,44
0.468690419231419,1,0.0743320465866195,44
0.496823959473438,1,0.0800781921793231,44
0.526646239348428,1,0.0862398858604471,44
0.558258626886269,1,0.0928466919397197,44
0.591768574818882,1,0.0999305886547888,44
0.627289985819624,1,0.107526281130093,44
0.664943599666504,1,0.115671597228542,44
0.70485740364519,1,0.124408005379975,44
0.747167067586808,1,0.133781320569777,44
0.792016405019255,1,0.143842717575186,44
0.839557861999511,1,0.15465028256568,44
0.889953035288523,1,0.166271597465853,44
0.943373221629978,1,0.178788562410042,44
1,1,0.192307996657652,44
1e-04,1,1.9672607082726e-08,45
0.000112533558260077,1,2.49079010984385e-08,45
0.00012663801734674,1,3.15356106400753e-08,45
0.0001425102670303,1,3.99257313811589e-08,45
0.000160371874375133,1,5.05464299545699e-08,45
0.000180472176682717,1,6.39900318957073e-08,45
0.000203091762090474,1,8.10058615049078e-08,45
0.000228546386413499,1,1.02541731463007e-07,45
0.000257191380905935,1,1.29796348428992e-07,45
0.000289426612471675,1,1.64285475870837e-07,45
0.000325702065565979,1,2.07925444822516e-07,45
0.000366524123707963,1,2.63138514544179e-07,45
0.000412462638290136,1,3.32985733450673e-07,45
0.000464158883361278,1,4.21334402448069e-07,45
0.000522334507426684,1,5.33069020319275e-07,45
0.000587801607227492,1,6.74356838798721e-07,45
0.000661474064123015,1,8.52981918167326e-07,45
0.00074438030132517,1,1.07876502153049e-06,45
0.000837677640068293,1,1.36409092930686e-06,45
0.000942668455117886,1,1.7245699989799e-06,45
0.00106081835513945,1,2.17986722666571e-06,45
0.00119377664171444,1,2.75473994650867e-06,45
0.0013433993325989,1,3.48033490272453e-06,45
0.00151177507061566,1,4.39580708223245e-06,45
0.00170125427985259,1,5.55033676179948e-06,45
0.00191448197616996,1,7.00563811244464e-06,45
0.00215443469003189,1,8.83907285438647e-06,45
0.00242446201708233,1,1.11475063314807e-05,45
0.00272833337648677,1,1.40520714448881e-05,45
0.00307029062975785,1,1.77040386140171e-05,45
0.00345510729459222,1,2.22920277228002e-05,45
0.00388815518030809,1,2.80508412065988e-05,45
0.00437547937507419,1,3.52722462240754e-05,45
0.00492388263170674,1,4.4318088284601e-05,45
0.0055410203300095,1,5.56361785643556e-05,45
0.00623550734127392,1,6.97794619662722e-05,45
0.00701703828670383,1,8.74290420100224e-05,45
0.00789652286849973,1,0.000109421710792679,45
0.0088862381627434,1,0.000136782706205012,45
0.01,1,0.000170764492784789,45
0.0106002584880688,1,0.000190436828030726,45
0.0112365480013875,1,0.000212300978514699,45
0.0119110313328301,1,0.000236589524080141,45
0.0126260010987486,1,0.000263558010000754,45
0.0133838875317376,1,0.000293486979961273,45
0.014187266741166,1,0.000326684160016829,45
0.0150388694695541,1,0.000363486801683539,45
0.01594159037456,1,0.000404264192514752,45
0.0168984978681246,1,0.000449420342726052,45
0.0179128445462201,1,0.000499396856640299,45
0.0189880782446526,1,0.000554675997953003,45
0.0201278537584994,1,0.000615783958058815,45
0.0213360452650141,1,0.000683294336948484,45
0.0226167594922287,1,0.000757831846486991,45
0.0239743496780108,1,0.000840076246226514,45
0.0254134303670264,1,0.000930766522300694,45
0.0269388930959017,1,0.00103070532040105,45
0.0285559230199011,1,0.00114076364436821,45
0.0302700165376346,1,0.00126188583253213,45
0.0320869999737045,1,0.00139509482465168,45
0.0340130493827925,1,0.0015414977331081,45
0.0360547115425051,1,0.00170229173294498,45
0.0382189262063312,1,0.0018787702864103,45
0.0405130496923538,1,0.00207232971886639,45
0.0429448798878928,1,0.00228447616430092,45
0.0455226827550731,1,0.00251683290021187,45
0.0482552204274128,1,0.00277114809335851,45
0.0511517809929315,1,0.00304930297979384,45
0.0542222100650159,1,0.003353320504717,45
0.0574769442483535,1,0.00368537445004519,45
0.0609270466136868,1,0.00404779908019369,45
0.0645842443019698,1,0.00444309933940406,45
0.0684609683857466,1,0.00487396163708688,45
0.0725703961232421,1,0.00534326526106092,45
0.0769264957487914,1,0.00585409446230997,45
0.0815440739518516,1,0.00640975125895363,45
0.0864388262059827,1,0.00701376901158677,45
0.0916273901188674,1,0.0076699268270041,45
0.0971274019847117,1,0.00838226485264791,45
0.102957556731251,1,0.00915510052993702,45
0.109137671465127,1,0.00999304588103431,45
0.115688752831628,1,0.0109010259106378,45
0.122633068417756,1,0.0118842982121532,45
0.129994222441325,1,0.0129484738762118,45
0.137797235983356,1,0.0140995398090894,45
0.146068632036499,1,0.0153438825793063,45
0.15483652565855,1,0.0166883139227659,45
0.164130719537513,1,0.0181400980504614,45
0.173982805293036,1,0.0197069809183584,45
0.184426270858553,1,0.0213972216369538,45
0.195496614309126,1,0.0232196262187013,45
0.207231464521903,1,0.0251835838856236,45
0.219670709079324,1,0.0272991061878194,45
0.23285662984982,1,0.0295768692172579,45
0.246834046706865,1,0.032028259241637,45
0.261650469874882,1,0.0346654221319509,45
0.277356261419841,1,0.0375013170172144,45
0.294004806433471,1,0.0405497746737682,45
0.311652694492943,1,0.043825561249195,45
0.330359912012834,1,0.0473444480382577,45
0.350190046143171,1,0.0511232881790098,45
0.371210500906636,1,0.0551801013335598,45
0.393492726309585,1,0.059534167677527,45
0.417112461205652,1,0.0642061328709295,45
0.442149990737449,1,0.0692181261599392,45
0.468690419231419,1,0.0745938944230138,45
0.496823959473438,1,0.080358955919411,45
0.526646239348428,1,0.0865407788724982,45
0.558258626886269,1,0.0931689920719875,45
0.591768574818882,1,0.100275637831326,45
0.627289985819624,1,0.107895482640312,45
0.664943599666504,1,0.116066409102135,45
0.70485740364519,1,0.12482992695765,45
0.747167067586808,1,0.134231866812463,45
0.792016405019255,1,0.144323370147298,45
0.839557861999511,1,0.155162393884261,45
0.889953035288523,1,0.166816190571723,45
0.943373221629978,1,0.179365869803753,45
1,1,0.192916216992605,45
1e-04,1,1.96193465495288e-08,46
0.000112533558260077,1,2.48405913313414e-08,46
0.00012663801734674,1,3.14505677004796e-08,46
0.0001425102670303,1,3.98183145238016e-08,46
0.000160371874375133,1,5.04107972868626e-08,46
0.000180472176682717,1,6.38188343682179e-08,46
0.000203091762090474,1,8.0789863348686e-08,46
0.000228546386413499,1,1.02269336354939e-07,46
0.000257191380905935,1,1.29453011969532e-07,46
0.000289426612471675,1,1.63852978301053e-07,46
0.000325702065565979,1,2.07380996462358e-07,46
0.000366524123707963,1,2.62453652711658e-07,46
0.000412462638290136,1,3.32124977027506e-07,46
0.000464158883361278,1,4.20253611399461e-07,46
0.000522334507426684,1,5.31713412811256e-07,46
0.000587801607227492,1,6.72658608509554e-07,46
0.000661474064123015,1,8.50857396601122e-07,46
0.00074438030132517,1,1.07611133288878e-06,46
0.000837677640068293,1,1.36078209787791e-06,46
0.000942668455117886,1,1.72045248971568e-06,46
0.00106081835513945,1,2.1747549444999e-06,46
0.00119377664171444,1,2.74840878089814e-06,46
0.0013433993325989,1,3.47251700698493e-06,46
0.00151177507061566,1,4.38618522943114e-06,46
0.00170125427985259,1,5.53853932940644e-06,46
0.00191448197616996,1,6.99123556112753e-06,46
0.00215443469003189,1,8.82157697675851e-06,46
0.00242446201708233,1,1.11263741209036e-05,46
0.00272833337648677,1,1.40267161777145e-05,46
0.00307029062975785,1,1.76738517127431e-05,46
0.00345510729459222,1,2.22564161985612e-05,46
0.00388815518030809,1,2.80092870161369e-05,46
0.00437547937507419,1,3.52243957316114e-05,46
0.00492388263170674,1,4.42638822383237e-05,46
0.0055410203300095,1,5.55760355416839e-05,46
0.00623550734127392,1,6.97145311086285e-05,46
0.00701703828670383,1,8.73615439802118e-05,46
0.00789652286849973,1,0.00010935538915631,46
0.0088862381627434,1,0.000136723414740924,46
0.01,1,0.000170720947425392,46
0.0106002584880688,1,0.000190405394509532,46
0.0112365480013875,1,0.000212285250175018,46
0.0119110313328301,1,0.000236593730133041,46
0.0126260010987486,1,0.000263587100910216,46
0.0133838875317376,1,0.000293546721479408,46
0.014187266741166,1,0.000326781236441812,46
0.0150388694695541,1,0.000363628928920817,46
0.01594159037456,1,0.000404460241539505,46
0.0168984978681246,1,0.000449680474053611,46
0.0179128445462201,1,0.000499732666426473,46
0.0189880782446526,1,0.000555100676364719,46
0.0201278537584994,1,0.000616312460567679,46
0.0213360452650141,1,0.000683943569225669,46
0.0226167594922287,1,0.000758620863595765,46
0.0239743496780108,1,0.000841026466837017,46
0.0254134303670264,1,0.000931901958676348,46
0.0269388930959017,1,0.00103205282494078,46
0.0285559230199011,1,0.0011423531735129,46
0.0302700165376346,1,0.00126375072888489,46
0.0320869999737045,1,0.00139727211818636,46
0.0340130493827925,1,0.00154402846237732,46
0.0360547115425051,1,0.00170522128722779,46
0.0382189262063312,1,0.00188214876976383,46
0.0405130496923538,1,0.00207621233707221,46
0.0429448798878928,1,0.00228892363571222,46
0.0455226827550731,1,0.00252191189152065,46
0.0482552204274128,1,0.00277693168131276,46
0.0511517809929315,1,0.00305587113989095,46
0.0542222100650159,1,0.00336076062790557,46
0.0574769442483535,1,0.00369378188845867,46
0.0609270466136868,1,0.00405727772293772,46
0.0645842443019698,1,0.00445376221941776,46
0.0684609683857466,1,0.00488593157010223,46
0.0725703961232421,1,0.00535667551769986,46
0.0769264957487914,1,0.00586908947438489,46
0.0815440739518516,1,0.00642648736108642,46
0.0864388262059827,1,0.00703241521933043,46
0.0916273901188674,1,0.00769066565274846,46
0.0971274019847117,1,0.00840529316072346,46
0.102957556731251,1,0.00918063043250417,46
0.109137671465127,1,0.0100213056765514,46
0.115688752831628,1,0.010932261066973,46
0.122633068417756,1,0.0119187723967083,46
0.129994222441325,1,0.0129864700358104,46
0.137797235983356,1,0.0141413613028094,46
0.146068632036499,1,0.0153898543679517,46
0.15483652565855,1,0.0167387838192567,46
0.164130719537513,1,0.0181954380360954,46
0.173982805293036,1,0.0197675885306816,46
0.184426270858553,1,0.0214635214358751,46
0.195496614309126,1,0.0232920713385293,46
0.207231464521903,1,0.0252626576819306,46
0.219670709079324,1,0.0273853239894757,46
0.23285662984982,1,0.0296707801957105,46
0.246834046706865,1,0.032130448411587,46
0.261650469874882,1,0.034776512500152,46
0.277356261419841,1,0.0376219718993072,46
0.294004806433471,1,0.0406807002031079,46
0.311652694492943,1,0.0439675091068387,46
0.330359912012834,1,0.0474982184400768,46
0.350190046143171,1,0.0512897331649526,46
0.371210500906636,1,0.0553601284163262,46
0.393492726309585,1,0.0597287439247736,46
0.417112461205652,1,0.0644162895187499,46
0.442149990737449,1,0.0694449638891209,46
0.468690419231419,1,0.0748385894788174,46
0.496823959473438,1,0.0806227673290306,46
0.526646239348428,1,0.0868250571265046,46
0.558258626886269,1,0.0934751898119622,46
0.591768574818882,1,0.100605323370153,46
0.627289985819624,1,0.108250357616652,46
0.664943599666504,1,0.116448332395551,46
0.70485740364519,1,0.125240948488537,46
0.747167067586808,1,0.134674277715375,46
0.792016405019255,1,0.144799781636797,46
0.839557861999511,1,0.155675869934647,46
0.889953035288523,1,0.16737049043238,46
0.943373221629978,1,0.179965940637027,46
1,1,0.193569347789821,46
1e-04,1,2.01433683723299e-08,47
0.000112533558260077,1,2.55039511515748e-08,47
0.00012663801734674,1,3.22902761391268e-08,47
0.0001425102670303,1,4.08811960124029e-08,47
0.000160371874375133,1,5.17560853014734e-08,47
0.000180472176682717,1,6.55214503530917e-08,47
0.000203091762090474,1,8.29445563214182e-08,47
0.000228546386413499,1,1.04995911564683e-07,47
0.000257191380905935,1,1.32902926183573e-07,47
0.000289426612471675,1,1.6821766370092e-07,47
0.000325702065565979,1,2.12902351754407e-07,47
0.000366524123707963,1,2.6943726696943e-07,47
0.000412462638290136,1,3.40956782907432e-07,47
0.000464158883361278,1,4.31420845381731e-07,47
0.000522334507426684,1,5.45830976163319e-07,47
0.000587801607227492,1,6.90502191209807e-07,47
0.000661474064123015,1,8.73405064068531e-07,47
0.00074438030132517,1,1.10459567963475e-06,47
0.000837677640068293,1,1.39675557777234e-06,47
0.000942668455117886,1,1.76586914959129e-06,47
0.00106081835513945,1,2.23207252759513e-06,47
0.00119377664171444,1,2.82071607627674e-06,47
0.0013433993325989,1,3.5636924084207e-06,47
0.00151177507061566,1,4.50109375995819e-06,47
0.00170125427985259,1,5.68327694077579e-06,47
0.00191448197616996,1,7.17343132147778e-06,47
0.00215443469003189,1,9.05076588881088e-06,47
0.00242446201708233,1,1.14144557449043e-05,47
0.00272833337648677,1,1.43885170268557e-05,47
0.00307029062975785,1,1.81278125078397e-05,47
0.00345510729459222,1,2.2825428534393e-05,47
0.00388815518030809,1,2.87217077204571e-05,47
0.00437547937507419,1,3.61152711640278e-05,47
0.00492388263170674,1,4.5376418811684e-05,47
0.0055410203300095,1,5.6963356734843e-05,47
0.00623550734127392,1,7.14417649318148e-05,47
0.00701703828670383,1,8.95082879900298e-05,47
0.00789652286849973,1,0.000112018602376114,47
0.0088862381627434,1,0.000140020786858074,47
0.01,1,0.000174794795047491,47
0.0106002584880688,1,0.000194923763784172,47
0.0112365480013875,1,0.000217293781833732,47
0.0119110313328301,1,0.000242142329042234,47
0.0126260010987486,1,0.000269730276271762,47
0.0133838875317376,1,0.000300343946800432,47
0.014187266741166,1,0.000334297329583115,47
0.0150388694695541,1,0.000371934452455894,47
0.01594159037456,1,0.000413631923570203,47
0.0168984978681246,1,0.000459801649546307,47
0.0179128445462201,1,0.000510893739050658,47
0.0189880782446526,1,0.00056739960073637,47
0.0201278537584994,1,0.000629855244736315,47
0.0213360452650141,1,0.000698844797185013,47
0.0226167594922287,1,0.000775004237562824,47
0.0239743496780108,1,0.000859025369025828,47
0.0254134303670264,1,0.000951660032303827,47
0.0269388930959017,1,0.00105372457424242,47
0.0285559230199011,1,0.00116610458262342,47
0.0302700165376346,1,0.00128975989955339,47
0.0320869999737045,1,0.00142572992645751,47
0.0340130493827925,1,0.00157513923457514,47
0.0360547115425051,1,0.00173920349583221,47
0.0382189262063312,1,0.00191923575008041,47
0.0405130496923538,1,0.00211665302594421,47
0.0429448798878928,1,0.00233298333393405,47
0.0455226827550731,1,0.00256987305205951,47
0.0482552204274128,1,0.00282909472593918,47
0.0511517809929315,1,0.00311255530735025,47
0.0542222100650159,1,0.00342230485732218,47
0.0574769442483535,1,0.00376054574225197,47
0.0609270466136868,1,0.00412964235412413,47
0.0645842443019698,1,0.00453213138878302,47
0.0684609683857466,1,0.00497073271932595,47
0.0725703961232421,1,0.00544836090510245,47
0.0769264957487914,1,0.00596813738053794,47
0.0815440739518516,1,0.00653340337205481,47
0.0864388262059827,1,0.00714773359581973,47
0.0916273901188674,1,0.00781495079388098,47
0.0971274019847117,1,0.00853914117157307,47
0.102957556731251,1,0.00932467080487287,47
0.109137671465127,1,0.0101762030927756,47
0.115688752831628,1,0.0110987173367919,47
0.122633068417756,1,0.0120975285374342,47
0.129994222441325,1,0.0131783085061866,47
0.137797235983356,1,0.0143471084010544,47
0.146068632036499,1,0.0156103828045557,47
0.15483652565855,1,0.016975015475127,47
0.164130719537513,1,0.0184483469166403,47
0.173982805293036,1,0.0200382039263709,47
0.184426270858553,1,0.0217529312997157,47
0.195496614309126,1,0.0236014258907291,47
0.207231464521903,1,0.0255931732517543,47
0.219670709079324,1,0.027738287103903,47
0.23285662984982,1,0.0300475519238911,47
0.246834046706865,1,0.0325324689731963,47
0.261650469874882,1,0.0352053061444079,47
0.277356261419841,1,0.0380791520594452,47
0.294004806433471,1,0.0411679749282311,47
0.311652694492943,1,0.0444866867688433,47
0.330359912012834,1,0.0480512137072047,47
0.350190046143171,1,0.0518785732245092,47
0.371210500906636,1,0.0559869594158794,47
0.393492726309585,1,0.0603958375815833,47
0.417112461205652,1,0.065126049818002,47
0.442149990737449,1,0.0701999337475023,47
0.468690419231419,1,0.0756414571825481,47
0.496823959473438,1,0.0814763724504483,47
0.526646239348428,1,0.0877323954563203,47
0.558258626886269,1,0.0944394165723743,47
0.591768574818882,1,0.101629753518623,47
0.627289985819624,1,0.109338461262263,47
0.664943599666504,1,0.117603721933863,47
0.70485740364519,1,0.1264673513992,47
0.747167067586808,1,0.135975483689418,47
0.792016405019255,1,0.146179541539924,47
0.839557861999511,1,0.157137698557915,47
0.889953035288523,1,0.16891726027271,47
0.943373221629978,1,0.181598966927284,47
1,1,0.19528601539267,47
1e-04,1,2.09691958377103e-08,48
0.000112533558260077,1,2.6549447690964e-08,48
0.00012663801734674,1,3.36138237177066e-08,48
0.0001425102670303,1,4.25566714826873e-08,48
0.000160371874375133,1,5.38769651125356e-08,48
0.000180472176682717,1,6.82059962260862e-08,48
0.000203091762090474,1,8.63423700065258e-08,48
0.000228546386413499,1,1.09296213872933e-07,48
0.000257191380905935,1,1.38345014318079e-07,48
0.000289426612471675,1,1.75104110707084e-07,48
0.000325702065565979,1,2.21615666401655e-07,48
0.000366524123707963,1,2.80460908000289e-07,48
0.000412462638290136,1,3.54901654946393e-07,48
0.000464158883361278,1,4.49058687552567e-07,48
0.000522334507426684,1,5.68136412877085e-07,48
0.000587801607227492,1,7.18705655484474e-07,48
0.000661474064123015,1,9.09059354678482e-07,48
0.00074438030132517,1,1.14965959440579e-06,48
0.000837677640068293,1,1.4536989097585e-06,48
0.000942668455117886,1,1.83780435887264e-06,48
0.00106081835513945,1,2.32291968443736e-06,48
0.00119377664171444,1,2.93540921230699e-06,48
0.0013433993325989,1,3.70843730760609e-06,48
0.00151177507061566,1,4.68368950902841e-06,48
0.00170125427985259,1,5.91351631233375e-06,48
0.00191448197616996,1,7.46359836966171e-06,48
0.00215443469003189,1,9.41625306713385e-06,48
0.00242446201708233,1,1.18745275046333e-05,48
0.00272833337648677,1,1.49672523046987e-05,48
0.00307029062975785,1,1.88552648581891e-05,48
0.00345510729459222,1,2.37390499680507e-05,48
0.00388815518030809,1,2.98680906649026e-05,48
0.00437547937507419,1,3.75522723865565e-05,48
0.00492388263170674,1,4.71757396880119e-05,48
0.0055410203300095,1,5.92136658821954e-05,48
0.00623550734127392,1,7.42524619245275e-05,48
0.00701703828670383,1,9.30140205608754e-05,48
0.00789652286849973,1,0.000116384664071064,48
0.0088862381627434,1,0.000145449537410223,48
0.01,1,0.000181533261610723,48
0.0106002584880688,1,0.000202415921520637,48
0.0112365480013875,1,0.000225620098902555,48
0.0119110313328301,1,0.000251391302723073,48
0.0126260010987486,1,0.000279999157824849,48
0.0133838875317376,1,0.000311739522421996,48
0.014187266741166,1,0.000346936760792737,48
0.0150388694695541,1,0.000385946179369206,48
0.01594159037456,1,0.000429156634609806,48
0.0168984978681246,1,0.000476993321246813,48
0.0179128445462201,1,0.000529920749712985,48
0.0189880782446526,1,0.000588445921774648,48
0.0201278537584994,1,0.000653121713650253,48
0.0213360452650141,1,0.000724550476165759,48
0.0226167594922287,1,0.000803387861818893,48
0.0239743496780108,1,0.000890346888977947,48
0.0254134303670264,1,0.000986202253863192,48
0.0269388930959017,1,0.00109179490143933,48
0.0285559230199011,1,0.0012080368669043,48
0.0302700165376346,1,0.00133591640011671,48
0.0320869999737045,1,0.0014765033860436,48
0.0340130493827925,1,0.00163095507518195,48
0.0360547115425051,1,0.00180052213888234,48
0.0382189262063312,1,0.00198655506564207,48
0.0405130496923538,1,0.00219051091569284,48
0.0429448798878928,1,0.00241396045265634,48
0.0455226827550731,1,0.00265859567264537,48
0.0482552204274128,1,0.00292623775299152,48
0.0511517809929315,1,0.00321884544477432,48
0.0542222100650159,1,0.00353852393554711,48
0.0574769442483535,1,0.0038875342110918,48
0.0609270466136868,1,0.0042683029477228,48
0.0645842443019698,1,0.00468343296960248,48
0.0684609683857466,1,0.00513571430875354,48
0.0725703961232421,1,0.005628135908971,48
0.0769264957487914,1,0.00616389801867178,48
0.0815440739518516,1,0.00674642532191156,48
0.0864388262059827,1,0.00737938086134787,48
0.0916273901188674,1,0.00806668081191593,48
0.0971274019847117,1,0.00881251016940614,48
0.102957556731251,1,0.00962133942407853,48
0.109137671465127,1,0.0104979422959635,48
0.115688752831628,1,0.0114474146156565,48
0.122633068417756,1,0.0124751944423187,48
0.129994222441325,1,0.0135870835193469,48
0.137797235983356,1,0.0147892701779141,48
0.146068632036499,1,0.0160883538094809,48
0.15483652565855,1,0.0174913710406292,48
0.164130719537513,1,0.0190058237574469,48
0.173982805293036,1,0.0206397091425011,48
0.184426270858553,1,0.0224015519055796,48
0.195496614309126,1,0.0243004389103735,48
0.207231464521903,1,0.0263460564237492,48
0.219670709079324,1,0.0285487302430399,48
0.23285662984982,1,0.0309194689909669,48
0.246834046706865,1,0.0334700109087535,48
0.261650469874882,1,0.0362128745275699,48
0.277356261419841,1,0.0391614136591222,48
0.294004806433471,1,0.0423298772212627,48
0.311652694492943,1,0.045733474508488,48
0.330359912012834,1,0.0493884466363562,48
0.350190046143171,1,0.0533121450419375,48
0.371210500906636,1,0.0575231181218743,48
0.393492726309585,1,0.0620412073534223,48
0.417112461205652,1,0.0668876545984596,48
0.442149990737449,1,0.0720852227754759,48
0.468690419231419,1,0.0776583327607126,48
0.496823959473438,1,0.0836332203420222,48
0.526646239348428,1,0.0900381184506682,48
0.558258626886269,1,0.0969034719906881,48
0.591768574818882,1,0.104262195806649,48
0.627289985819624,1,0.112149991450603,48
0.664943599666504,1,0.120605746861994,48
0.70485740364519,1,0.129672057664414,48
0.747167067586808,1,0.139395935335795,48
0.792016405019255,1,0.149829819042629,48
0.839557861999511,1,0.161033116285142,48
0.889953035288523,1,0.173074749993487,48
0.943373221629978,1,0.186037864735662,48
1,1,0.200030037228109,48
1e-04,1,2.05782843323659e-08,49
0.000112533558260077,1,2.60544665399288e-08,49
0.00012663801734674,1,3.29870773289631e-08,49
0.0001425102670303,1,4.17630981084364e-08,49
0.000160371874375133,1,5.28721790226615e-08,49
0.000180472176682717,1,6.6933811527676e-08,49
0.000203091762090474,1,8.4731667574549e-08,49
0.000228546386413499,1,1.0725697768466e-07,49
0.000257191380905935,1,1.3576331772807e-07,49
0.000289426612471675,1,1.71835778062245e-07,49
0.000325702065565979,1,2.17478257625038e-07,49
0.000366524123707963,1,2.75223587388153e-07,49
0.000412462638290136,1,3.48272388357247e-07,49
0.000464158883361278,1,4.40668069878685e-07,49
0.000522334507426684,1,5.57517242176181e-07,49
0.000587801607227492,1,7.05267150213264e-07,49
0.000661474064123015,1,8.92054621751025e-07,49
0.00074438030132517,1,1.12814460595079e-06,49
0.000837677640068293,1,1.42648080070248e-06,49
0.000942668455117886,1,1.80337631915627e-06,49
0.00106081835513945,1,2.27937903506901e-06,49
0.00119377664171444,1,2.88035442481299e-06,49
0.0013433993325989,1,3.63883870313852e-06,49
0.00151177507061566,1,4.59572711885063e-06,49
0.00170125427985259,1,5.80237686925105e-06,49
0.00191448197616996,1,7.32322156866802e-06,49
0.00215443469003189,1,9.23901504141436e-06,49
0.00242446201708233,1,1.16508468728275e-05,49
0.00272833337648677,1,1.46851011008741e-05,49
0.00307029062975785,1,1.84995631219533e-05,49
0.00345510729459222,1,2.32909187346251e-05,49
0.00388815518030809,1,2.93039335356294e-05,49
0.00437547937507419,1,3.68426507995423e-05,49
0.00492388263170674,1,4.62840014966455e-05,49
0.0055410203300095,1,5.80942809405723e-05,49
0.00623550734127392,1,7.28490121802354e-05,49
0.00701703828670383,1,9.12567857662341e-05,49
0.00789652286849973,1,0.000114187737727954,49
0.0088862381627434,1,0.000142707401035117,49
0.01,1,0.000178116738808429,49
0.0106002584880688,1,0.00019861034644904,49
0.0112365480013875,1,0.000221383254230883,49
0.0119110313328301,1,0.00024667671971831,49
0.0126260010987486,1,0.000274755734913242,49
0.0133838875317376,1,0.00030591111511193,49
0.014187266741166,1,0.000340461741302394,49
0.0150388694695541,1,0.000378756964205354,49
0.01594159037456,1,0.00042117917826019,49
0.0168984978681246,1,0.00046814657403681,49
0.0179128445462201,1,0.000520116077762673,49
0.0189880782446526,1,0.000577586486863852,49
0.0201278537584994,1,0.000641101810655207,49
0.0213360452650141,1,0.000711254825581794,49
0.0226167594922287,1,0.000788690854708575,49
0.0239743496780108,1,0.000874111781512519,49
0.0254134303670264,1,0.00096828030842877,49
0.0269388930959017,1,0.00107202447108136,49
0.0285559230199011,1,0.00118624241967561,49
0.0302700165376346,1,0.00131190747967685,49
0.0320869999737045,1,0.00145007350464146,49
0.0340130493827925,1,0.00160188053492852,49
0.0360547115425051,1,0.00176856077700751,49
0.0382189262063312,1,0.00195144491920345,49
0.0405130496923538,1,0.00215196880100228,49
0.0429448798878928,1,0.00237168045447979,49
0.0455226827550731,1,0.00261224753803789,49
0.0482552204274128,1,0.00287546518444137,49
0.0511517809929315,1,0.00316326428715375,49
0.0542222100650159,1,0.00347772025119482,49
0.0574769442483535,1,0.00382106223718905,49
0.0609270466136868,1,0.00419568292996365,49
0.0645842443019698,1,0.00460414886599654,49
0.0684609683857466,1,0.00504921135723158,49
0.0725703961232421,1,0.00553381805228409,49
0.0769264957487914,1,0.00606112517987958,49
0.0815440739518516,1,0.00663451052352987,49
0.0864388262059827,1,0.00725758718097486,49
0.0916273901188674,1,0.00793421816685769,49
0.0971274019847117,1,0.00866853192248181,49
0.102957556731251,1,0.00946493880238249,49
0.109137671465127,1,0.0103281486139002,49
0.115688752831628,1,0.011263189293026,49
0.122633068417756,1,0.0122754268076222,49
0.129994222441325,1,0.0133705863877849,49
0.137797235983356,1,0.0145547751927713,49
0.146068632036499,1,0.0158345065347241,49
0.15483652565855,1,0.0172167257915896,49
0.164130719537513,1,0.0187088381554202,49
0.173982805293036,1,0.0203187383779782,49
0.184426270858553,1,0.0220548426936374,49
0.195496614309126,1,0.02392612312052,49
0.207231464521903,1,0.0259421443652459,49
0.219670709079324,1,0.0281131035854753,49
0.23285662984982,1,0.0304498732986439,49
0.246834046706865,1,0.0329640477663828,49
0.261650469874882,1,0.0356679932339058,49
0.277356261419841,1,0.0385749024646972,49
0.294004806433471,1,0.0416988540864677,49
0.311652694492943,1,0.0450548773592274,49
0.330359912012834,1,0.0486590230968263,49
0.350190046143171,1,0.0525284416284258,49
0.371210500906636,1,0.0566814688889037,49
0.393492726309585,1,0.0611377219957248,49
0.417112461205652,1,0.0659182060317132,49
0.442149990737449,1,0.071045434249684,49
0.468690419231419,1,0.0765435646094067,49
0.496823959473438,1,0.0824385565497062,49
0.526646239348428,1,0.0887583533501552,49
0.558258626886269,1,0.0955330976169033,49
0.591768574818882,1,0.102795390799854,49
0.627289985819624,1,0.11058061304559,49
0.664943599666504,1,0.118927328671773,49
0.70485740364519,1,0.127877818194879,49
0.747167067586808,1,0.137478806627628,49
0.792016405019255,1,0.147782514341372,49
0.839557861999511,1,0.1588482775254,49
0.889953035288523,1,0.17074527145258,49
0.943373221629978,1,0.183557649582325,49
1,1,0.197395995763907,49
1e-04,1,1.97858777791276e-08,50
0.000112533558260077,1,2.50514870223756e-08,50
0.00012663801734674,1,3.17176474649879e-08,50
0.0001425102670303,1,4.01565467079233e-08,50
0.000160371874375133,1,5.08391391908154e-08,50
0.000180472176682717,1,6.43612944935481e-08,50
0.000203091762090474,1,8.14768470005166e-08,50
0.000228546386413499,1,1.03139352029133e-07,50
0.000257191380905935,1,1.30554829582507e-07,50
0.000289426612471675,1,1.65248365735577e-07,50
0.000325702065565979,1,2.09148183577913e-07,50
0.000366524123707963,1,2.64691721028948e-07,50
0.000412462638290136,1,3.34959418621153e-07,50
0.000464158883361278,1,4.23843372489319e-07,50
0.000522334507426684,1,5.36259815470435e-07,50
0.000587801607227492,1,6.78416654301359e-07,50
0.000661474064123015,1,8.58150087357784e-07,50
0.00074438030132517,1,1.08534781459002e-06,50
0.000837677640068293,1,1.37248065139947e-06,50
0.000942668455117886,1,1.73526966146555e-06,50
0.00106081835513945,1,2.19352246137256e-06,50
0.00119377664171444,1,2.77218032833849e-06,50
0.0013433993325989,1,3.50262751024364e-06,50
0.00151177507061566,1,4.42432597611249e-06,50
0.00170125427985259,1,5.58685316749211e-06,50
0.00191448197616996,1,7.05243752413952e-06,50
0.00215443469003189,1,8.8991071089345e-06,50
0.00242446201708233,1,1.12245910502572e-05,50
0.00272833337648677,1,1.41511422182368e-05,50
0.00307029062975785,1,1.7831483054021e-05,50
0.00345510729459222,1,2.24561151949574e-05,50
0.00388815518030809,1,2.82622778336041e-05,50
0.00437547937507419,1,3.55448898098152e-05,50
0.00492388263170674,1,4.46698662997868e-05,50
0.0055410203300095,1,5.609026238353e-05,50
0.00623550734127392,1,7.03657622342704e-05,50
0.00701703828670383,1,8.81861033186807e-05,50
0.00789652286849973,1,0.000110399098640166,50
0.0088862381627434,1,0.000138043995199235,50
0.01,1,0.000172390981783122,50
0.0106002584880688,1,0.000192280212090616,50
0.0112365480013875,1,0.000214389584523985,50
0.0119110313328301,1,0.000238955207270424,50
0.0126260010987486,1,0.000266236556310452,50
0.0133838875317376,1,0.000296518547537931,50
0.014187266741166,1,0.000330113762613149,50
0.0150388694695541,1,0.000367364836758731,50
0.01594159037456,1,0.000408647016893701,50
0.0168984978681246,1,0.000454370898689228,50
0.0179128445462201,1,0.000504985351326931,50
0.0189880782446526,1,0.000560980638947799,50
0.0201278537584994,1,0.000622891748004481,50
0.0213360452650141,1,0.000691301929985315,50
0.0226167594922287,1,0.000766846469257392,50
0.0239743496780108,1,0.000850216686111027,50
0.0254134303670264,1,0.00094216418546549,50
0.0269388930959017,1,0.00104350536214521,50
0.0285559230199011,1,0.00115512617415201,50
0.0302700165376346,1,0.00127798719597098,50
0.0320869999737045,1,0.00141312896465089,50
0.0340130493827925,1,0.00156167763222262,50
0.0360547115425051,1,0.00172485093895771,50
0.0382189262063312,1,0.00190396452305155,50
0.0405130496923538,1,0.00210043858355097,50
0.0429448798878928,1,0.00231580491472967,50
0.0455226827550731,1,0.00255171433169707,50
0.0482552204274128,1,0.00280994450877796,50
0.0511517809929315,1,0.00309240825416649,50
0.0542222100650159,1,0.00340116224653453,50
0.0574769442483535,1,0.00373841626168432,50
0.0609270466136868,1,0.00410654291998994,50
0.0645842443019698,1,0.00450808798828206,50
0.0684609683857466,1,0.00494578127302749,50
0.0725703961232421,1,0.00542254814514215,50
0.0769264957487914,1,0.00594152174058609,50
0.0815440739518516,1,0.00650605588504364,50
0.0864388262059827,1,0.0071197387955246,50
0.0916273901188674,1,0.00778640761665931,50
0.0971274019847117,1,0.00851016385485739,50
0.102957556731251,1,0.00929538977939828,50
0.109137671465127,1,0.0101467658659847,50
0.115688752831628,1,0.0110692893653908,50
0.122633068417756,1,0.0120682940876712,50
0.129994222441325,1,0.0131494715010684,50
0.137797235983356,1,0.0143188932543953,50
0.146068632036499,1,0.0155830352424584,50
0.15483652565855,1,0.0169488033462066,50
0.164130719537513,1,0.0184235609930132,50
0.173982805293036,1,0.020015158698128,50
0.184426270858553,1,0.0217319657662729,50
0.195496614309126,1,0.0235829043531021,50
0.207231464521903,1,0.025577486110436,50
0.219670709079324,1,0.0277258516676347,50
0.23285662984982,1,0.0300388132352579,50
0.246834046706865,1,0.0325279006576408,50
0.261650469874882,1,0.0352054112900455,50
0.277356261419841,1,0.0380844641360299,50
0.294004806433471,1,0.0411790587549266,50
0.311652694492943,1,0.0445041395422833,50
0.330359912012834,1,0.048075666104005,50
0.350190046143171,1,0.0519106905963886,50
0.371210500906636,1,0.0560274431016072,50
0.393492726309585,1,0.0604454263692715,50
0.417112461205652,1,0.0651855216056785,50
0.442149990737449,1,0.0702701074725517,50
0.468690419231419,1,0.0757231951266286,50
0.496823959473438,1,0.0815705830847828,50
0.526646239348428,1,0.0878400370883411,50
0.558258626886269,1,0.0945615022167712,50
0.591768574818882,1,0.101767357696568,50
0.627289985819624,1,0.109492729934357,50
0.664943599666504,1,0.11777588770302,50
0.70485740364519,1,0.126658757923337,50
0.747167067586808,1,0.136187626928307,50
0.792016405019255,1,0.14641414348454,50
0.839557861999511,1,0.157396848007472,50
0.889953035288523,1,0.16920370455614,50
0.943373221629978,1,0.181916785435547,50
1,1,0.195642432949295,50
