"step","frac_sig","within_mean","seed"
1,0,0.336019532895175,1
2,0,0.442659427441125,1
3,0.028169014084507,0.492553049576476,1
4,0.0563380281690141,0.52003186245969,1
5,0.0422535211267606,0.53748227402816,1
6,0.0985915492957746,0.548523821139395,1
7,0.225352112676056,0.553466295850722,1
8,0.295774647887324,0.557525077048213,1
9,0.464788732394366,0.56045496198378,1
10,0.507042253521127,0.561528920909747,1
11,0.605633802816901,0.561411956902132,1
12,0.690140845070423,0.560921067811203,1
13,0.704225352112676,0.559438994814734,1
14,0.774647887323944,0.559663845306201,1
15,0.845070422535211,0.557785372609657,1
16,0.887323943661972,0.555100811351031,1
17,0.873239436619718,0.553781921534574,1
18,0.887323943661972,0.551878663590435,1
19,0.929577464788732,0.548961618765379,1
20,0.943661971830986,0.546396688741497,1
21,0.929577464788732,0.543731037588182,1
22,0.929577464788732,0.539926278282381,1
23,0.957746478873239,0.537329329184542,1
24,0.985915492957746,0.532640950421546,1
25,0.985915492957746,0.529290505490115,1
26,0.985915492957746,0.528529955599699,1
27,1,0.524484956720148,1
28,1,0.522105568947041,1
29,1,0.519540175095776,1
30,1,0.516097926113031,1
31,1,0.513672729177793,1
32,1,0.511305053381894,1
34,1,0.505056330812705,1
35,1,0.50229073696367,1
37,1,0.494673989341107,1
38,1,0.490468427920839,1
40,1,0.487448044800749,1
42,1,0.484525308318282,1
44,1,0.478830995919229,1
46,1,0.475961082123506,1
48,1,0.470232386026956,1
50,1,0.464823957664051,1
52,1,0.460859807824433,1
54,1,0.456538643251914,1
56,1,0.451415326088492,1
59,1,0.446065991790198,1
61,1,0.441162631084593,1
64,1,0.433940551758981,1
67,1,0.430289385212576,1
70,1,0.426781145367707,1
73,1,0.423443082607973,1
76,1,0.420176459023498,1
79,1,0.417171895032318,1
83,1,0.410507728954619,1
86,1,0.407171271258282,1
90,1,0.403880806925957,1
94,1,0.398731928060413,1
98,1,0.395695412475258,1
103,1,0.393022830019381,1
107,1,0.389469800103781,1
112,1,0.384917491592426,1
117,1,0.382475503222352,1
122,1,0.379955028023154,1
127,1,0.376219690750971,1
132,1,0.37390809735665,1
138,1,0.372337957925671,1
144,1,0.370066456337712,1
151,1,0.367700234142745,1
157,1,0.365772726008753,1
164,1,0.363413216275043,1
171,1,0.360055559540964,1
179,1,0.356975237861134,1
186,1,0.354664252401072,1
195,1,0.350709536199444,1
203,1,0.349372052582503,1
212,1,0.346266014373502,1
221,1,0.345085672345771,1
231,1,0.34280135583358,1
241,1,0.340819814550898,1
251,1,0.339012340022087,1
262,1,0.335927389561874,1
274,1,0.334343062856387,1
286,1,0.331681104040223,1
298,1,0.330699704243783,1
311,1,0.328830639891302,1
325,1,0.327052542258921,1
339,1,0.325842653941399,1
354,1,0.323898174852374,1
369,1,0.322710301047347,1
385,1,0.321570647519459,1
402,1,0.319754267232712,1
420,1,0.318135290004141,1
438,1,0.317091936485351,1
457,1,0.315306125903447,1
477,1,0.314517851674699,1
498,1,0.313424409942021,1
520,1,0.312537573472725,1
542,1,0.311728882071974,1
566,1,0.310830552031615,1
591,1,0.310080281388441,1
617,1,0.308819374677978,1
643,1,0.30770414688385,1
672,1,0.306570773856746,1
701,1,0.304841196557703,1
731,1,0.30357938587633,1
763,1,0.302469997343407,1
797,1,0.300944166725825,1
831,1,0.299992109044463,1
868,1,0.29888177767691,1
906,1,0.297442629003425,1
945,1,0.295811889224154,1
986,1,0.294527152634154,1
1029,1,0.293285923959551,1
1074,1,0.29206838282459,1
1121,1,0.291453956769416,1
1170,1,0.290349361488673,1
1221,1,0.289182119537906,1
1274,1,0.287697475918555,1
1330,1,0.28648819728686,1
1388,1,0.285492451202435,1
1449,1,0.284190177488528,1
1512,1,0.283143327031541,1
1578,1,0.282087017345233,1
1647,1,0.281217218985323,1
1719,1,0.280181033442387,1
1794,1,0.278994270104242,1
1872,1,0.278018822939018,1
1954,1,0.276613059668639,1
2039,1,0.275558492116365,1
2128,1,0.274213287272029,1
2221,1,0.273071945796027,1
2318,1,0.271540715712899,1
2419,1,0.270116337634981,1
2524,1,0.26891325860522,1
2635,1,0.267569966539632,1
2749,1,0.266319715837619,1
2869,1,0.264699645695975,1
2995,1,0.263526041987157,1
3125,1,0.262067757027319,1
3262,1,0.260749146568176,1
3404,1,0.259160522791214,1
3553,1,0.257493054094416,1
3708,1,0.256114646447262,1
3870,1,0.254857004658657,1
4038,1,0.253099685093277,1
4215,1,0.251520707396929,1
4399,1,0.250109508354848,1
4591,1,0.248605540489573,1
4791,1,0.246896376458774,1
5000,1,0.245348698588722,1
1,0,0.339112867970241,2
2,0,0.446407532532825,2
3,0,0.496101185740794,2
4,0,0.520825869924279,2
5,0.0422535211267606,0.53848834185023,2
6,0.112676056338028,0.549121349589954,2
7,0.197183098591549,0.556745409652377,2
8,0.295774647887324,0.560757077987021,2
9,0.380281690140845,0.562883112624223,2
10,0.464788732394366,0.564707426822695,2
11,0.577464788732394,0.56670132442483,2
12,0.661971830985915,0.567925143102581,2
13,0.71830985915493,0.567067150150171,2
14,0.788732394366197,0.564041661427327,2
15,0.816901408450704,0.56148800545245,2
16,0.845070422535211,0.558802661581957,2
17,0.901408450704225,0.557168356971413,2
18,0.915492957746479,0.555180106189926,2
19,0.943661971830986,0.553233200002003,2
20,0.957746478873239,0.552095073465326,2
21,0.985915492957746,0.549679813329288,2
22,0.985915492957746,0.545909131447524,2
23,0.985915492957746,0.542517561750853,2
24,0.985915492957746,0.537739607520158,2
25,0.985915492957746,0.533295421415603,2
26,1,0.530498253923995,2
27,1,0.527484066271819,2
28,1,0.525655616087559,2
29,1,0.523917832156107,2
30,1,0.519175790019116,2
31,1,0.517977408057869,2
32,1,0.515668519083675,2
34,1,0.510213509047398,2
35,1,0.507949398994477,2
37,1,0.501277228574796,2
38,1,0.49934548309464,2
40,1,0.496271678288956,2
42,1,0.490353335756118,2
44,1,0.485004657847113,2
46,1,0.482115821342816,2
48,1,0.477854998617105,2
50,1,0.474518003665233,2
52,1,0.471032483305172,2
54,1,0.467134760672513,2
56,1,0.465054267200062,2
59,1,0.459898138776311,2
61,1,0.457947287160399,2
64,1,0.452735713122053,2
67,1,0.448662642511504,2
70,1,0.444642411937508,2
73,1,0.439595208973322,2
76,1,0.436470897699242,2
79,1,0.432262256395671,2
83,1,0.427059207150238,2
86,1,0.423469540125178,2
90,1,0.418027752950027,2
94,1,0.413614397492005,2
98,1,0.411099459964391,2
103,1,0.406699519582404,2
107,1,0.402702683606258,2
112,1,0.398345313546626,2
117,1,0.396101213123296,2
122,1,0.391823711885019,2
127,1,0.38745180053915,2
132,1,0.386614464622301,2
138,1,0.383950185099694,2
144,1,0.381887239566616,2
151,1,0.378447429742924,2
157,1,0.374235453853319,2
164,1,0.369604081855589,2
171,1,0.36729042987989,2
179,1,0.363382320123608,2
186,1,0.361417837723721,2
195,1,0.358817733953586,2
203,1,0.355760716577577,2
212,1,0.352702509261967,2
221,1,0.350061998225029,2
231,1,0.346659395494934,2
241,1,0.344881353784381,2
251,1,0.342802860984724,2
262,1,0.34112532750979,2
274,1,0.339683577262065,2
286,1,0.338319060802834,2
298,1,0.337195657413775,2
311,1,0.335643520939433,2
325,1,0.33397718856561,2
339,1,0.33241142529237,2
354,1,0.330211296319909,2
369,1,0.328660270193478,2
385,1,0.326488586515763,2
402,1,0.324847716296056,2
420,1,0.32375936328969,2
438,1,0.321431704903451,2
457,1,0.319536878624123,2
477,1,0.319029890628304,2
498,1,0.317907545319644,2
520,1,0.317141154257405,2
542,1,0.316022870924746,2
566,1,0.314088531813555,2
591,1,0.313559021434645,2
617,1,0.312158024067346,2
643,1,0.310828335742854,2
672,1,0.310005288223694,2
701,1,0.308932059167513,2
731,1,0.308325030549168,2
763,1,0.306797887502405,2
797,1,0.305679435122406,2
831,1,0.304742447826136,2
868,1,0.303159705521178,2
906,1,0.302072025336671,2
945,1,0.300994168129496,2
986,1,0.299660575393866,2
1029,1,0.29844398760558,2
1074,1,0.29718366103843,2
1121,1,0.296362715874629,2
1170,1,0.295015635540002,2
1221,1,0.293823785848685,2
1274,1,0.292804321626223,2
1330,1,0.291348568561129,2
1388,1,0.290049710582478,2
1449,1,0.289091768525091,2
1512,1,0.287922777651564,2
1578,1,0.286550446713015,2
1647,1,0.285182102460745,2
1719,1,0.284015598681879,2
1794,1,0.282900777735079,2
1872,1,0.281910273053503,2
1954,1,0.280674857985059,2
2039,1,0.27930642633691,2
2128,1,0.277751500461562,2
2221,1,0.276550596266721,2
2318,1,0.275150419889279,2
2419,1,0.273832368280891,2
2524,1,0.27229005021852,2
2635,1,0.270812885651283,2
2749,1,0.269548515733956,2
2869,1,0.268053396504391,2
2995,1,0.266416668031416,2
3125,1,0.264855699277744,2
3262,1,0.263362275872258,2
3404,1,0.261976090740106,2
3553,1,0.260247113158945,2
3708,1,0.25866865599162,2
3870,1,0.257334609216674,2
4038,1,0.255906928849292,2
4215,1,0.254234276429909,2
4399,1,0.252577317732076,2
4591,1,0.250809727516456,2
4791,1,0.249266715299769,2
5000,1,0.247634969253231,2
1,0,0.34103618511536,3
2,0,0.450601151815642,3
3,0,0.502153599453025,3
4,0,0.53143343391929,3
5,0,0.550570810958342,3
6,0.028169014084507,0.560801670468914,3
7,0.0140845070422535,0.568772413494579,3
8,0.0845070422535211,0.569219753833661,3
9,0.183098591549296,0.569987688138296,3
10,0.338028169014085,0.571573735199242,3
11,0.394366197183099,0.573129628665422,3
12,0.47887323943662,0.57369339520327,3
13,0.605633802816901,0.572521677522383,3
14,0.690140845070423,0.570210424283181,3
15,0.788732394366197,0.567058498568196,3
16,0.830985915492958,0.564459574284214,3
17,0.859154929577465,0.561177035557384,3
18,0.845070422535211,0.560738918608536,3
19,0.915492957746479,0.557971899990027,3
20,0.915492957746479,0.555507084899829,3
21,0.929577464788732,0.553837973923339,3
22,0.985915492957746,0.552392608310993,3
23,0.985915492957746,0.548071762677635,3
24,1,0.544788094302084,3
25,1,0.539803896787717,3
26,1,0.535708816452419,3
27,1,0.533142893615962,3
28,1,0.530722911928764,3
29,1,0.528154893058106,3
30,1,0.524344406961125,3
31,1,0.52175348577132,3
32,1,0.519342206205506,3
34,1,0.514577596350035,3
35,1,0.510386819682433,3
37,1,0.504509981580309,3
38,1,0.503659324559656,3
40,1,0.499200474520862,3
42,1,0.492440946289423,3
44,1,0.487575919709462,3
46,1,0.484738780832332,3
48,1,0.480124340863092,3
50,1,0.477986612125932,3
52,1,0.473513456684129,3
54,1,0.470098245898963,3
56,1,0.467147457860029,3
59,1,0.461705092466732,3
61,1,0.457592660527915,3
64,1,0.454369250676042,3
67,1,0.449691331313106,3
70,1,0.444150007255398,3
73,1,0.439338550271859,3
76,1,0.43557558134143,3
79,1,0.43017386681587,3
83,1,0.426010694679634,3
86,1,0.423982026505625,3
90,1,0.420827887663647,3
94,1,0.41665399050782,3
98,1,0.412241967160014,3
103,1,0.405547296491391,3
107,1,0.401844201649761,3
112,1,0.396631609830357,3
117,1,0.392777849123787,3
122,1,0.388923892664042,3
127,1,0.384543061426593,3
132,1,0.37992041889355,3
138,1,0.378548384081844,3
144,1,0.372895847156164,3
151,1,0.370523962618343,3
157,1,0.36762972652643,3
164,1,0.36525244497398,3
171,1,0.362057029571705,3
179,1,0.358745325944225,3
186,1,0.356499505752589,3
195,1,0.353884904088843,3
203,1,0.352205295212769,3
212,1,0.350700156112443,3
221,1,0.349222495357734,3
231,1,0.347498981783083,3
241,1,0.345759040248397,3
251,1,0.344484851433019,3
262,1,0.342825709354878,3
274,1,0.34136280492821,3
286,1,0.338579769581906,3
298,1,0.336783351174489,3
311,1,0.335151943556879,3
325,1,0.333184942850295,3
339,1,0.332104317787406,3
354,1,0.33007368060547,3
369,1,0.328342371800172,3
385,1,0.327304160675926,3
402,1,0.325816635423837,3
420,1,0.324263522542303,3
438,1,0.322825222803351,3
457,1,0.320847864013187,3
477,1,0.319459947170699,3
498,1,0.317652460828205,3
520,1,0.316928672839965,3
542,1,0.315049847432182,3
566,1,0.313650009008012,3
591,1,0.3122661731599,3
617,1,0.310813885101436,3
643,1,0.310242430756927,3
672,1,0.30843905512091,3
701,1,0.307568656085298,3
731,1,0.305888993110123,3
763,1,0.304786908574776,3
797,1,0.303257318014526,3
831,1,0.302361817918927,3
868,1,0.301072078876051,3
906,1,0.299473687052246,3
945,1,0.298205285084733,3
986,1,0.297106241630515,3
1029,1,0.296496806108094,3
1074,1,0.295421633849373,3
1121,1,0.294231544875693,3
1170,1,0.293248282568854,3
1221,1,0.29171159670022,3
1274,1,0.290589891211834,3
1330,1,0.289444710242644,3
1388,1,0.288115254715315,3
1449,1,0.286521614603871,3
1512,1,0.285415558305441,3
1578,1,0.284523974715183,3
1647,1,0.283295690634486,3
1719,1,0.28209789298042,3
1794,1,0.281104203202046,3
1872,1,0.279867046533019,3
1954,1,0.278553050417653,3
2039,1,0.277368871730918,3
2128,1,0.275884150516873,3
2221,1,0.274405991381927,3
2318,1,0.273142855149243,3
2419,1,0.2717026966257,3
2524,1,0.270292183421117,3
2635,1,0.268580738357283,3
2749,1,0.267153327981748,3
2869,1,0.265726233275644,3
2995,1,0.264375138355751,3
3125,1,0.262884654114891,3
3262,1,0.261650773179268,3
3404,1,0.260127095899275,3
3553,1,0.2587789877905,3
3708,1,0.257250038870276,3
3870,1,0.255695877636673,3
4038,1,0.254004690737277,3
4215,1,0.252462352864404,3
4399,1,0.251083937394802,3
4591,1,0.249672724938504,3
4791,1,0.247982768626985,3
5000,1,0.246355611794088,3
1,0,0.340266858257313,4
2,0,0.448017462447757,4
3,0.0563380281690141,0.497579750847256,4
4,0.126760563380282,0.526368362707873,4
5,0.169014084507042,0.54516444370782,4
6,0.211267605633803,0.555712159972939,4
7,0.295774647887324,0.564341644769114,4
8,0.352112676056338,0.567027767897119,4
9,0.436619718309859,0.570470809052629,4
10,0.507042253521127,0.568396143081649,4
11,0.619718309859155,0.566720265899248,4
12,0.661971830985915,0.565332229399913,4
13,0.704225352112676,0.56662054404981,4
14,0.788732394366197,0.566120690144029,4
15,0.816901408450704,0.565763871987697,4
16,0.816901408450704,0.562491635960621,4
17,0.873239436619718,0.559539118889314,4
18,0.873239436619718,0.556755093586713,4
19,0.887323943661972,0.554499054688288,4
20,0.957746478873239,0.551412951649103,4
21,0.985915492957746,0.548581463370595,4
22,0.971830985915493,0.546032070143036,4
23,0.971830985915493,0.540227410778242,4
24,0.985915492957746,0.537504225378283,4
25,0.985915492957746,0.533011209139495,4
26,0.985915492957746,0.529520500489834,4
27,0.985915492957746,0.526992024560486,4
28,0.985915492957746,0.525479746023705,4
29,0.985915492957746,0.523851476564574,4
30,0.985915492957746,0.520397013142813,4
31,0.985915492957746,0.519385043501858,4
32,0.985915492957746,0.514664423697137,4
34,1,0.51054470397004,4
35,1,0.507134583596083,4
37,1,0.500604923632274,4
38,1,0.497609438575356,4
40,1,0.493432523831336,4
42,1,0.487683445952621,4
44,1,0.480704064916625,4
46,1,0.476002630688513,4
48,1,0.472893065031019,4
50,1,0.468194507495147,4
52,1,0.464003334909862,4
54,1,0.461398800273834,4
56,1,0.457745747345637,4
59,1,0.452252534469942,4
61,1,0.448083465610353,4
64,1,0.443328365031854,4
67,1,0.438041430145119,4
70,1,0.433251744454386,4
73,1,0.429214141012841,4
76,1,0.425681280988703,4
79,1,0.420783892122294,4
83,1,0.416307657237638,4
86,1,0.414121404535932,4
90,1,0.409259003746421,4
94,1,0.403622057601195,4
98,1,0.400155822031908,4
103,1,0.396123906008336,4
107,1,0.393851853965187,4
112,1,0.390725585293365,4
117,1,0.387439408515109,4
122,1,0.384623738731901,4
127,1,0.381689797976746,4
132,1,0.3792749051909,4
138,1,0.374954875645579,4
144,1,0.372452621039968,4
151,1,0.369750767203233,4
157,1,0.367367022156914,4
164,1,0.365329835348275,4
171,1,0.360921023641237,4
179,1,0.358440050981674,4
186,1,0.355085927623161,4
195,1,0.35120436684398,4
203,1,0.348218981610673,4
212,1,0.346417469193412,4
221,1,0.343997930857599,4
231,1,0.34173347163067,4
241,1,0.339350101612187,4
251,1,0.338120507835451,4
262,1,0.337622507436661,4
274,1,0.335253378312272,4
286,1,0.333332372280521,4
298,1,0.330848313391287,4
311,1,0.330164882864692,4
325,1,0.327607659481494,4
339,1,0.326220351075006,4
354,1,0.325197190349012,4
369,1,0.323695701957352,4
385,1,0.322649288457231,4
402,1,0.320971442118956,4
420,1,0.319097882782278,4
438,1,0.317505361002146,4
457,1,0.316687836168563,4
477,1,0.316324921745182,4
498,1,0.315067641727509,4
520,1,0.31386296134214,4
542,1,0.31357772162338,4
566,1,0.312544405937474,4
591,1,0.311197764406122,4
617,1,0.309198636032866,4
643,1,0.308032045013476,4
672,1,0.30722482629423,4
701,1,0.306006160636574,4
731,1,0.305013944283248,4
763,1,0.303789800919244,4
797,1,0.302740366404399,4
831,1,0.301576831280799,4
868,1,0.300250405304902,4
906,1,0.298841980191882,4
945,1,0.297012575472532,4
986,1,0.295801411096984,4
1029,1,0.294328029272409,4
1074,1,0.293093057484722,4
1121,1,0.291625562860567,4
1170,1,0.290229006370995,4
1221,1,0.289423143385761,4
1274,1,0.288296363302184,4
1330,1,0.286921491352524,4
1388,1,0.285598430009584,4
1449,1,0.284661177108628,4
1512,1,0.283427184764935,4
1578,1,0.282169226134035,4
1647,1,0.280622699759015,4
1719,1,0.279644710599958,4
1794,1,0.278623807415944,4
1872,1,0.277418549976237,4
1954,1,0.27618323519837,4
2039,1,0.275073804071072,4
2128,1,0.273672177909611,4
2221,1,0.27206107403229,4
2318,1,0.270484463822246,4
2419,1,0.269199073184986,4
2524,1,0.267580041420345,4
2635,1,0.26627983880586,4
2749,1,0.265003104337748,4
2869,1,0.263691559243364,4
2995,1,0.262015663657738,4
3125,1,0.260468134787822,4
3262,1,0.259120824770903,4
3404,1,0.257746646307637,4
3553,1,0.256279334627355,4
3708,1,0.254725654570842,4
3870,1,0.2530418310413,4
4038,1,0.251384772307291,4
4215,1,0.249708308224049,4
4399,1,0.248264274033615,4
4591,1,0.246634215863977,4
4791,1,0.244965580982434,4
5000,1,0.243443902325098,4
1,0,0.340459189971825,5
2,0,0.449660863433584,5
3,0.028169014084507,0.50023965733718,5
4,0.0140845070422535,0.528180423008781,5
5,0.0422535211267606,0.544735055658634,5
6,0.0422535211267606,0.555637210591257,5
7,0.183098591549296,0.562126336868664,5
8,0.183098591549296,0.566976206388239,5
9,0.28169014084507,0.567651100467721,5
10,0.394366197183099,0.567238396063922,5
11,0.549295774647887,0.567297084429488,5
12,0.661971830985915,0.567354243141055,5
13,0.76056338028169,0.565137219105262,5
14,0.845070422535211,0.564049265255752,5
15,0.859154929577465,0.56481990042135,5
16,0.929577464788732,0.562543286855944,5
17,0.971830985915493,0.562050821848824,5
18,0.971830985915493,0.559436331882968,5
19,0.971830985915493,0.557732339705008,5
20,1,0.553581672947896,5
21,1,0.551355216653718,5
22,1,0.549373063877941,5
23,1,0.546179712961753,5
24,0.985915492957746,0.540846757251686,5
25,0.985915492957746,0.539274851250162,5
26,1,0.537465821125432,5
27,1,0.533560489663131,5
28,1,0.53010752770153,5
29,1,0.527117819635217,5
30,1,0.523583784483424,5
31,1,0.52112745502331,5
32,1,0.517598941654611,5
34,1,0.512217070207797,5
35,1,0.509005099766757,5
37,1,0.5040115463792,5
38,1,0.502161231810877,5
40,1,0.497338182314319,5
42,1,0.494667751893036,5
44,1,0.490205036631797,5
46,1,0.485981824673064,5
48,1,0.482842758229346,5
50,1,0.477611357145081,5
52,1,0.4753430683554,5
54,1,0.471004141965627,5
56,1,0.46729211988507,5
59,1,0.46089541814899,5
61,1,0.456745356927881,5
64,1,0.452361277823596,5
67,1,0.448335606837837,5
70,1,0.44352724355574,5
73,1,0.439631557728321,5
76,1,0.434686865937045,5
79,1,0.433504089945449,5
83,1,0.42885528665271,5
86,1,0.42552011647413,5
90,1,0.419511897635331,5
94,1,0.41485572138386,5
98,1,0.408412147180689,5
103,1,0.403503686732825,5
107,1,0.399175255530622,5
112,1,0.39652979376408,5
117,1,0.391783351550649,5
122,1,0.386889518467063,5
127,1,0.383632669616722,5
132,1,0.382028706466777,5
138,1,0.379783646574885,5
144,1,0.375625728489641,5
151,1,0.372513482340102,5
157,1,0.370479419585621,5
164,1,0.368133871616704,5
171,1,0.364463693744806,5
179,1,0.362098501193499,5
186,1,0.358897393778395,5
195,1,0.356066661407688,5
203,1,0.354054991595904,5
212,1,0.35219727822996,5
221,1,0.349939076450377,5
231,1,0.34724108189483,5
241,1,0.345012618322781,5
251,1,0.342452196422249,5
262,1,0.341781714255099,5
274,1,0.341256649124798,5
286,1,0.340000270318867,5
298,1,0.339083245149782,5
311,1,0.337838228135403,5
325,1,0.335606026956247,5
339,1,0.334234725660564,5
354,1,0.332223225514325,5
369,1,0.329772990049382,5
385,1,0.328308947738877,5
402,1,0.325980738337191,5
420,1,0.324393593616231,5
438,1,0.323418942512577,5
457,1,0.321859725005003,5
477,1,0.320991343456758,5
498,1,0.319863539355148,5
520,1,0.317970144980728,5
542,1,0.316745552033901,5
566,1,0.315656739465475,5
591,1,0.314502234301758,5
617,1,0.313117381337551,5
643,1,0.311698013291392,5
672,1,0.31083985400543,5
701,1,0.309847297602603,5
731,1,0.308777493967248,5
763,1,0.308073988880009,5
797,1,0.30678430386229,5
831,1,0.305630263689228,5
868,1,0.304913600205169,5
906,1,0.304119271520285,5
945,1,0.303292824502728,5
986,1,0.30225278696319,5
1029,1,0.300599869519008,5
1074,1,0.300059148714378,5
1121,1,0.299199433365784,5
1170,1,0.298111935222879,5
1221,1,0.297328854900898,5
1274,1,0.296103993113658,5
1330,1,0.294968378085056,5
1388,1,0.29381686538768,5
1449,1,0.292785119303134,5
1512,1,0.291709777158635,5
1578,1,0.290759901886779,5
1647,1,0.289659035611186,5
1719,1,0.288450083674177,5
1794,1,0.286988291339394,5
1872,1,0.285689256036341,5
1954,1,0.284399255776065,5
2039,1,0.28322140790837,5
2128,1,0.282136899131337,5
2221,1,0.280788705507083,5
2318,1,0.279436671167739,5
2419,1,0.278183829300967,5
2524,1,0.277049307765361,5
2635,1,0.275453035432096,5
2749,1,0.273962982690198,5
2869,1,0.272603720647422,5
2995,1,0.271170850556535,5
3125,1,0.269745447976413,5
3262,1,0.268105449611542,5
3404,1,0.266485070052912,5
3553,1,0.265120042486821,5
3708,1,0.263953297276674,5
3870,1,0.262493649085047,5
4038,1,0.260819471326618,5
4215,1,0.259249727213741,5
4399,1,0.257536414919987,5
4591,1,0.255993605842632,5
4791,1,0.254521334678432,5
5000,1,0.252966844787005,5
1,0,0.339385337899133,6
2,0,0.447170129739868,6
3,0,0.501088274628423,6
4,0,0.526965203521835,6
5,0,0.544913367896471,6
6,0.028169014084507,0.554678260856006,6
7,0.0845070422535211,0.56104458529607,6
8,0.169014084507042,0.56418170708705,6
9,0.253521126760563,0.564402578821418,6
10,0.352112676056338,0.567244106312337,6
11,0.492957746478873,0.568597268354938,6
12,0.661971830985915,0.56539182267063,6
13,0.746478873239437,0.564960070466476,6
14,0.788732394366197,0.564333319196491,6
15,0.802816901408451,0.563108375199046,6
16,0.845070422535211,0.560745005268829,6
17,0.915492957746479,0.558983681378434,6
18,0.929577464788732,0.55800036206026,6
19,0.901408450704225,0.555154357079028,6
20,0.929577464788732,0.553788756253451,6
21,0.929577464788732,0.550823053489126,6
22,0.957746478873239,0.546902664850855,6
23,0.957746478873239,0.544133617008124,6
24,0.985915492957746,0.540539587030177,6
25,0.985915492957746,0.537299594932156,6
26,0.985915492957746,0.534991500520226,6
27,1,0.532336802168995,6
28,1,0.530070034113563,6
29,1,0.527204341312435,6
30,1,0.524002270322207,6
31,1,0.520978195058956,6
32,0.985915492957746,0.518500654035444,6
34,0.985915492957746,0.513012670952059,6
35,1,0.51035643920594,6
37,1,0.506298609845689,6
38,1,0.503140316860286,6
40,1,0.498549354008673,6
42,1,0.494860341836163,6
44,1,0.490901455028349,6
46,1,0.486915388541622,6
48,1,0.482177837183093,6
50,1,0.478480161475049,6
52,1,0.475277823695608,6
54,1,0.471637889918054,6
56,1,0.468621587102515,6
59,1,0.465175827836715,6
61,1,0.461355546357848,6
64,1,0.455526363287357,6
67,1,0.452383890522784,6
70,1,0.447451304908835,6
73,1,0.444957257127551,6
76,1,0.441901995752147,6
79,1,0.436080239212567,6
83,1,0.432178875513045,6
86,1,0.428912710598691,6
90,1,0.425332651715675,6
94,1,0.419728307537587,6
98,1,0.415368592752745,6
103,1,0.409513001592421,6
107,1,0.405361641087472,6
112,1,0.40066187654539,6
117,1,0.395676248309119,6
122,1,0.392606136663241,6
127,1,0.388454021922111,6
132,1,0.385080301758697,6
138,1,0.381247068217854,6
144,1,0.3768852840648,6
151,1,0.373298233155881,6
157,1,0.370847658442592,6
164,1,0.368322403859097,6
171,1,0.363938595534061,6
179,1,0.362254765092599,6
186,1,0.359499856932323,6
195,1,0.356366498425911,6
203,1,0.353432833592234,6
212,1,0.351726306941534,6
221,1,0.350256010284041,6
231,1,0.347410571606565,6
241,1,0.345372377008051,6
251,1,0.342014313528908,6
262,1,0.340981502780977,6
274,1,0.338531153698041,6
286,1,0.336785002441477,6
298,1,0.335267396551798,6
311,1,0.332091437621174,6
325,1,0.330635779005753,6
339,1,0.328974531944776,6
354,1,0.327555669878177,6
369,1,0.325692703068511,6
385,1,0.323534422731672,6
402,1,0.32240963591338,6
420,1,0.321327325035608,6
438,1,0.320078384141322,6
457,1,0.319799677682108,6
477,1,0.318036451894769,6
498,1,0.3167462138924,6
520,1,0.315381013134306,6
542,1,0.314124988303556,6
566,1,0.313045667844386,6
591,1,0.311225798866567,6
617,1,0.30982745759594,6
643,1,0.308548945101387,6
672,1,0.307447499845738,6
701,1,0.306890190172729,6
731,1,0.305714702480319,6
763,1,0.304607891314967,6
797,1,0.303598358293337,6
831,1,0.302638403121429,6
868,1,0.301248823740783,6
906,1,0.300348580836118,6
945,1,0.299339428042045,6
986,1,0.298440566215951,6
1029,1,0.297595083337279,6
1074,1,0.295837443833477,6
1121,1,0.294467007395857,6
1170,1,0.293429142787973,6
1221,1,0.292242741400561,6
1274,1,0.291097639406525,6
1330,1,0.290122529169962,6
1388,1,0.289049378034887,6
1449,1,0.287638694263897,6
1512,1,0.2869031192818,6
1578,1,0.286097167009232,6
1647,1,0.285085105315616,6
1719,1,0.28381315131287,6
1794,1,0.282522527948052,6
1872,1,0.281521313539708,6
1954,1,0.280315094059481,6
2039,1,0.279176687664437,6
2128,1,0.278060743731595,6
2221,1,0.276827762155405,6
2318,1,0.275373700657051,6
2419,1,0.274125752972753,6
2524,1,0.272968003936679,6
2635,1,0.271871968911665,6
2749,1,0.270116221528518,6
2869,1,0.268902491167462,6
2995,1,0.267433961197472,6
3125,1,0.266194590024619,6
3262,1,0.264751465465605,6
3404,1,0.262940737996871,6
3553,1,0.261653693322789,6
3708,1,0.260049018975568,6
3870,1,0.258477364416106,6
4038,1,0.256887180586355,6
4215,1,0.255354283582534,6
4399,1,0.253708263700122,6
4591,1,0.252063471287614,6
4791,1,0.250533722923329,6
5000,1,0.248869660958484,6
1,0,0.338824370398473,7
2,0,0.446322684610805,7
3,0,0.498022168456856,7
4,0.028169014084507,0.523705999957751,7
5,0.126760563380282,0.540416980418306,7
6,0.23943661971831,0.550382932479349,7
7,0.23943661971831,0.556485802085279,7
8,0.253521126760563,0.560508630719569,7
9,0.408450704225352,0.563437763587802,7
10,0.464788732394366,0.564878115742468,7
11,0.549295774647887,0.564696274239097,7
12,0.605633802816901,0.566765059827182,7
13,0.647887323943662,0.565236462087344,7
14,0.816901408450704,0.564355945746256,7
15,0.887323943661972,0.562708675262016,7
16,0.901408450704225,0.558997637194228,7
17,0.901408450704225,0.558252310397029,7
18,0.957746478873239,0.555675479272559,7
19,0.971830985915493,0.552820523916725,7
20,0.971830985915493,0.549272515506932,7
21,0.971830985915493,0.546906078753869,7
22,0.971830985915493,0.544173904735613,7
23,0.971830985915493,0.540560867445479,7
24,0.971830985915493,0.538884168987505,7
25,0.971830985915493,0.534294191708539,7
26,0.971830985915493,0.531297563847498,7
27,1,0.526580709343506,7
28,1,0.524785558299237,7
29,1,0.522126736742154,7
30,1,0.519782409214297,7
31,1,0.517666224804061,7
32,1,0.514308218242268,7
34,1,0.511047269615533,7
35,1,0.508544791438097,7
37,1,0.503567502697962,7
38,1,0.500365034126405,7
40,1,0.495852760764525,7
42,1,0.489652835373558,7
44,1,0.484210900478532,7
46,1,0.480926607371597,7
48,1,0.475289678874206,7
50,1,0.473194124748517,7
52,1,0.470874749334925,7
54,1,0.46599213911631,7
56,1,0.463630190556717,7
59,1,0.458260475369033,7
61,1,0.454322305403341,7
64,1,0.449711555868392,7
67,1,0.446653929386167,7
70,1,0.440118432190748,7
73,1,0.435576252845697,7
76,1,0.432177835912782,7
79,1,0.428380491904751,7
83,1,0.423024156031807,7
86,1,0.419478250704008,7
90,1,0.415683744514021,7
94,1,0.410254072480293,7
98,1,0.406644034295227,7
103,1,0.40328038551669,7
107,1,0.399766652561285,7
112,1,0.395947710530157,7
117,1,0.392342850626126,7
122,1,0.387907037594047,7
127,1,0.384551499733437,7
132,1,0.381139324383344,7
138,1,0.377635605194099,7
144,1,0.373687201301959,7
151,1,0.371139792266067,7
157,1,0.369504929615666,7
164,1,0.365840180878671,7
171,1,0.362729473902219,7
179,1,0.360728954790952,7
186,1,0.358194133266552,7
195,1,0.356033461216587,7
203,1,0.353681128448086,7
212,1,0.350462665569997,7
221,1,0.347548724832103,7
231,1,0.345446519378232,7
241,1,0.343238008129995,7
251,1,0.341362209514649,7
262,1,0.338660563213996,7
274,1,0.337735577466163,7
286,1,0.335081844687664,7
298,1,0.333481607738233,7
311,1,0.331812976843188,7
325,1,0.329992529832193,7
339,1,0.32860008655603,7
354,1,0.326593597868594,7
369,1,0.325465205416168,7
385,1,0.323959306660404,7
402,1,0.322520731740431,7
420,1,0.321005883903656,7
438,1,0.320305968380067,7
457,1,0.319329797020051,7
477,1,0.317673546575351,7
498,1,0.316340670281031,7
520,1,0.314879180753933,7
542,1,0.313523993024005,7
566,1,0.312842664982283,7
591,1,0.3117821259446,7
617,1,0.310100049857251,7
643,1,0.308671746986498,7
672,1,0.307717705904928,7
701,1,0.306530151089715,7
731,1,0.305692714965336,7
763,1,0.304725172312564,7
797,1,0.303362710191258,7
831,1,0.302557551351015,7
868,1,0.301089335288796,7
906,1,0.299849644390811,7
945,1,0.299219099757399,7
986,1,0.297834317889745,7
1029,1,0.296069647500156,7
1074,1,0.294998718191336,7
1121,1,0.294351524483666,7
1170,1,0.293463090512226,7
1221,1,0.292733380686798,7
1274,1,0.291882444512312,7
1330,1,0.290616354625085,7
1388,1,0.289647915377811,7
1449,1,0.288109999882693,7
1512,1,0.287111774114395,7
1578,1,0.286040434168441,7
1647,1,0.285129153482889,7
1719,1,0.284172606428307,7
1794,1,0.283102668258531,7
1872,1,0.28144579854937,7
1954,1,0.280257657621212,7
2039,1,0.278903849936475,7
2128,1,0.277465789066786,7
2221,1,0.275981761299026,7
2318,1,0.274620905965151,7
2419,1,0.273416544235778,7
2524,1,0.271942204143211,7
2635,1,0.270629123385627,7
2749,1,0.269449585854936,7
2869,1,0.268018062273246,7
2995,1,0.266673581264653,7
3125,1,0.265435711535959,7
3262,1,0.264210716182031,7
3404,1,0.262822369731887,7
3553,1,0.261236055253257,7
3708,1,0.259915011809212,7
3870,1,0.258182864421663,7
4038,1,0.256674920031924,7
4215,1,0.255046155152986,7
4399,1,0.253526307919603,7
4591,1,0.252073809281823,7
4791,1,0.250630777804576,7
5000,1,0.249120668393726,7
1,0,0.340234802971561,8
2,0,0.450912213624032,8
3,0,0.499985611411779,8
4,0.0422535211267606,0.52735284727169,8
5,0.0563380281690141,0.543561620158751,8
6,0.211267605633803,0.554746970107674,8
7,0.253521126760563,0.561397239466907,8
8,0.422535211267606,0.564515300806129,8
9,0.549295774647887,0.56681331157543,8
10,0.676056338028169,0.568470105340357,8
11,0.704225352112676,0.56768491396606,8
12,0.76056338028169,0.566878851297066,8
13,0.816901408450704,0.565792390992911,8
14,0.802816901408451,0.564372329689629,8
15,0.816901408450704,0.562748989350964,8
16,0.901408450704225,0.559653600143176,8
17,0.915492957746479,0.558367141445238,8
18,0.929577464788732,0.555253759429637,8
19,0.915492957746479,0.553261743617934,8
20,0.943661971830986,0.551869424587167,8
21,0.985915492957746,0.548987543599844,8
22,0.971830985915493,0.54448104858448,8
23,0.985915492957746,0.540595480953615,8
24,0.985915492957746,0.537995211129923,8
25,0.985915492957746,0.537437894236605,8
26,0.985915492957746,0.536268270183459,8
27,0.985915492957746,0.533803914573308,8
28,0.985915492957746,0.53098538565589,8
29,1,0.528123846937952,8
30,1,0.525425338469388,8
31,1,0.521976052119867,8
32,1,0.520719700023783,8
34,1,0.514765243326569,8
35,1,0.513456913133133,8
37,1,0.510713594959282,8
38,1,0.507884352337369,8
40,1,0.502872713331808,8
42,1,0.496796420762735,8
44,1,0.493561900057633,8
46,1,0.487404757063305,8
48,1,0.484702320369654,8
50,1,0.480469614596676,8
52,1,0.47825666799785,8
54,1,0.473950739642226,8
56,1,0.468852801002749,8
59,1,0.464522153299959,8
61,1,0.460583315058197,8
64,1,0.456436546939827,8
67,1,0.45286763103432,8
70,1,0.449113837784984,8
73,1,0.444888318177608,8
76,1,0.439845022056743,8
79,1,0.433735624132594,8
83,1,0.427431281225926,8
86,1,0.42445504822203,8
90,1,0.422758709401893,8
94,1,0.416915246742236,8
98,1,0.412347396171627,8
103,1,0.407519087820695,8
107,1,0.40416243307496,8
112,1,0.399794338196953,8
117,1,0.397068530041554,8
122,1,0.3923621803565,8
127,1,0.387586525050898,8
132,1,0.384829613311629,8
138,1,0.381394062949789,8
144,1,0.378410965879338,8
151,1,0.373298033074846,8
157,1,0.371051225088939,8
164,1,0.368143425640181,8
171,1,0.364246486646826,8
179,1,0.361678454057045,8
186,1,0.359378476482121,8
195,1,0.355565015657022,8
203,1,0.353857196525228,8
212,1,0.351012442236768,8
221,1,0.349108442674943,8
231,1,0.346705385236514,8
241,1,0.344078209205715,8
251,1,0.340999888433322,8
262,1,0.339700968788783,8
274,1,0.338439001128801,8
286,1,0.337426382140869,8
298,1,0.334802538268441,8
311,1,0.33319872037015,8
325,1,0.330813264730947,8
339,1,0.329391861440417,8
354,1,0.327463456440608,8
369,1,0.326448640049246,8
385,1,0.325289663369182,8
402,1,0.32253664630901,8
420,1,0.321934307594222,8
438,1,0.320522905071217,8
457,1,0.318443850954884,8
477,1,0.316880061017545,8
498,1,0.316566844714661,8
520,1,0.315149314774462,8
542,1,0.313495754413982,8
566,1,0.312863990258537,8
591,1,0.311285802220401,8
617,1,0.310207662615784,8
643,1,0.309617659463944,8
672,1,0.308939590764247,8
701,1,0.307577671153514,8
731,1,0.306638499941153,8
763,1,0.305477542877465,8
797,1,0.304237698851541,8
831,1,0.302771633968758,8
868,1,0.301676032477312,8
906,1,0.300072547698896,8
945,1,0.299328119867532,8
986,1,0.298189623867431,8
1029,1,0.297320493753462,8
1074,1,0.295989192662863,8
1121,1,0.294855985827383,8
1170,1,0.294143522673965,8
1221,1,0.293165229089746,8
1274,1,0.292045990730941,8
1330,1,0.291258507541912,8
1388,1,0.289964219407131,8
1449,1,0.288875870864654,8
1512,1,0.287491134414256,8
1578,1,0.286407881388284,8
1647,1,0.285251520198063,8
1719,1,0.284143459778921,8
1794,1,0.283118297567811,8
1872,1,0.282096957824026,8
1954,1,0.281163691403472,8
2039,1,0.279910869482323,8
2128,1,0.278935502143558,8
2221,1,0.27772532404951,8
2318,1,0.276079840568103,8
2419,1,0.274796283668348,8
2524,1,0.273607812224106,8
2635,1,0.272446768490958,8
2749,1,0.271067266033483,8
2869,1,0.269424284140276,8
2995,1,0.267885297722938,8
3125,1,0.266556838005745,8
3262,1,0.265201345166075,8
3404,1,0.263810449021644,8
3553,1,0.262680313771601,8
3708,1,0.260985916000049,8
3870,1,0.259470926384479,8
4038,1,0.257928906808652,8
4215,1,0.256340703385403,8
4399,1,0.254865605742188,8
4591,1,0.253306145866179,8
4791,1,0.25203038707836,8
5000,1,0.250356010696513,8
1,0,0.341372765615756,9
2,0,0.451573495483452,9
3,0,0.501412997095556,9
4,0.0140845070422535,0.528559123792857,9
5,0.028169014084507,0.546673556796035,9
6,0.0563380281690141,0.558179139908143,9
7,0.154929577464789,0.565224296197518,9
8,0.338028169014085,0.567537295057626,9
9,0.380281690140845,0.569356605865541,9
10,0.450704225352113,0.572280741187474,9
11,0.492957746478873,0.572792987126426,9
12,0.492957746478873,0.573153020459002,9
13,0.52112676056338,0.572278272966512,9
14,0.549295774647887,0.571209211254368,9
15,0.619718309859155,0.570178674878812,9
16,0.661971830985915,0.56799245731563,9
17,0.732394366197183,0.563188799662595,9
18,0.802816901408451,0.560641367236246,9
19,0.845070422535211,0.55793645563537,9
20,0.929577464788732,0.553789457457661,9
21,0.971830985915493,0.551543433425651,9
22,0.985915492957746,0.549295485737694,9
23,0.985915492957746,0.546132177521429,9
24,0.985915492957746,0.543191502094445,9
25,1,0.541227916692375,9
26,1,0.537782080658533,9
27,1,0.53343485386562,9
28,1,0.53289752440982,9
29,1,0.528874387220122,9
30,1,0.526031230165975,9
31,1,0.521785485088963,9
32,1,0.518079885089586,9
34,1,0.513745724718774,9
35,1,0.511127877003747,9
37,1,0.505900213320596,9
38,1,0.502807145875387,9
40,1,0.495456491708056,9
42,1,0.491369064225103,9
44,1,0.486733099146608,9
46,1,0.4817410143508,9
48,1,0.478740217563674,9
50,1,0.474276829616256,9
52,1,0.468925082599558,9
54,1,0.464569026840201,9
56,1,0.460890304542143,9
59,1,0.456277505627097,9
61,1,0.453851163896865,9
64,1,0.449505525429861,9
67,1,0.445662116207758,9
70,1,0.441579813943693,9
73,1,0.437742452711537,9
76,1,0.434165697110205,9
79,1,0.42947613247786,9
83,1,0.424990869628715,9
86,1,0.421213119612485,9
90,1,0.418099890331142,9
94,1,0.411779265374129,9
98,1,0.407558173674351,9
103,1,0.402260650579062,9
107,1,0.400168783003234,9
112,1,0.396294883503496,9
117,1,0.39365495162093,9
122,1,0.391869680134009,9
127,1,0.389543649848427,9
132,1,0.384909803711796,9
138,1,0.380853589348692,9
144,1,0.378115775049206,9
151,1,0.373933482270024,9
157,1,0.37161162307661,9
164,1,0.369254987098934,9
171,1,0.368125989686812,9
179,1,0.363602326819635,9
186,1,0.361214427867048,9
195,1,0.35838709960863,9
203,1,0.357256721053827,9
212,1,0.355401358388123,9
221,1,0.351588677701942,9
231,1,0.350318883072968,9
241,1,0.348040770206226,9
251,1,0.345230410505323,9
262,1,0.344020533281998,9
274,1,0.340834308742066,9
286,1,0.338760075880894,9
298,1,0.337936195590994,9
311,1,0.335840640313143,9
325,1,0.333435754897814,9
339,1,0.330995578996864,9
354,1,0.329256225615708,9
369,1,0.327908970546143,9
385,1,0.326780705891874,9
402,1,0.326377004390255,9
420,1,0.32478365227244,9
438,1,0.324098829071834,9
457,1,0.322608188961339,9
477,1,0.32155768432182,9
498,1,0.320092913280975,9
520,1,0.318489006839758,9
542,1,0.31706789317338,9
566,1,0.315994220202545,9
591,1,0.314531091606073,9
617,1,0.31381516112772,9
643,1,0.312496147964112,9
672,1,0.311195733199338,9
701,1,0.309875670529353,9
731,1,0.309150253965788,9
763,1,0.307723351147245,9
797,1,0.306561498556881,9
831,1,0.30523096844171,9
868,1,0.304084273985544,9
906,1,0.302859034289672,9
945,1,0.301640204299362,9
986,1,0.301021913032502,9
1029,1,0.299955344974829,9
1074,1,0.29941151690285,9
1121,1,0.298068258863462,9
1170,1,0.296902770759447,9
1221,1,0.295867866526893,9
1274,1,0.294822095763051,9
1330,1,0.293752238466299,9
1388,1,0.292566191819287,9
1449,1,0.291741038010733,9
1512,1,0.290204836049223,9
1578,1,0.289078511711264,9
1647,1,0.287798360536666,9
1719,1,0.286155846621276,9
1794,1,0.285141534685461,9
1872,1,0.283665980706354,9
1954,1,0.282331547248206,9
2039,1,0.281062366178616,9
2128,1,0.279837876038429,9
2221,1,0.278274962219956,9
2318,1,0.276806006740734,9
2419,1,0.275505007853502,9
2524,1,0.274080558277081,9
2635,1,0.272499746842696,9
2749,1,0.271180488871489,9
2869,1,0.269754916196997,9
2995,1,0.268428860651612,9
3125,1,0.267099802264679,9
3262,1,0.265678023708762,9
3404,1,0.264229624669655,9
3553,1,0.262937583512924,9
3708,1,0.261512722720127,9
3870,1,0.260191328682319,9
4038,1,0.258690599959138,9
4215,1,0.257038026974852,9
4399,1,0.255417607852512,9
4591,1,0.253746606053679,9
4791,1,0.252163217362784,9
5000,1,0.250600435972574,9
1,0,0.341629207901772,10
2,0,0.450746452442913,10
3,0,0.500723090581576,10
4,0,0.530239474434186,10
5,0,0.548831013801991,10
6,0.028169014084507,0.558237492911406,10
7,0.126760563380282,0.564686774345876,10
8,0.197183098591549,0.569388724924488,10
9,0.267605633802817,0.573638251874411,10
10,0.267605633802817,0.576540109690961,10
11,0.422535211267606,0.577339411976033,10
12,0.507042253521127,0.57768734280215,10
13,0.577464788732394,0.575611997749864,10
14,0.633802816901408,0.574871948850084,10
15,0.71830985915493,0.572125083326684,10
16,0.76056338028169,0.568735460383896,10
17,0.802816901408451,0.568312149123737,10
18,0.873239436619718,0.565851708360183,10
19,0.873239436619718,0.56364162539065,10
20,0.901408450704225,0.559144459828216,10
21,0.929577464788732,0.555975040810413,10
22,0.943661971830986,0.553481570581633,10
23,0.943661971830986,0.550434833992538,10
24,0.957746478873239,0.546750965990698,10
25,0.985915492957746,0.54560312664874,10
26,0.985915492957746,0.543813244808941,10
27,1,0.539455224476106,10
28,1,0.535122525710534,10
29,1,0.534163858774606,10
30,1,0.530701957702788,10
31,1,0.529243704484275,10
32,1,0.52821725517968,10
34,1,0.522135973344164,10
35,1,0.519948390258122,10
37,1,0.513001448835603,10
38,1,0.510039377689522,10
40,1,0.505875706694559,10
42,1,0.49929504092689,10
44,1,0.494932172587453,10
46,1,0.490355540044299,10
48,1,0.48746168930577,10
50,1,0.484528594032753,10
52,1,0.480513722822596,10
54,1,0.475507459853866,10
56,1,0.470399773098934,10
59,1,0.466238022590465,10
61,1,0.463129615476243,10
64,1,0.458524838823794,10
67,1,0.455092988029299,10
70,1,0.451101198887715,10
73,1,0.4487013167985,10
76,1,0.443336085548076,10
79,1,0.439823129049401,10
83,1,0.434274022132724,10
86,1,0.431099558187057,10
90,1,0.426448423836618,10
94,1,0.422074304242763,10
98,1,0.41883224485832,10
103,1,0.411963409754395,10
107,1,0.408667868804339,10
112,1,0.406401596014375,10
117,1,0.402061161067756,10
122,1,0.397559075576098,10
127,1,0.393565712597556,10
132,1,0.39109686215648,10
138,1,0.387264883702944,10
144,1,0.382481050260924,10
151,1,0.376793259296594,10
157,1,0.372165201220223,10
164,1,0.367318805198421,10
171,1,0.364842083498839,10
179,1,0.362272016797867,10
186,1,0.360362777393015,10
195,1,0.357488881533702,10
203,1,0.354331428083732,10
212,1,0.351459699901208,10
221,1,0.349308268746652,10
231,1,0.345960480791192,10
241,1,0.343745354368085,10
251,1,0.342372266750849,10
262,1,0.340250201632469,10
274,1,0.338652404335969,10
286,1,0.336932213754386,10
298,1,0.335941907071234,10
311,1,0.333584581357629,10
325,1,0.33186077695717,10
339,1,0.330087606411122,10
354,1,0.328235489318379,10
369,1,0.326880217069479,10
385,1,0.325937049616423,10
402,1,0.325005007473675,10
420,1,0.32385949223606,10
438,1,0.322167074110128,10
457,1,0.320867452976639,10
477,1,0.319494079176645,10
498,1,0.318128258355523,10
520,1,0.316736557075706,10
542,1,0.315362306714215,10
566,1,0.314388829425002,10
591,1,0.31385834110562,10
617,1,0.312455918242482,10
643,1,0.311891113344618,10
672,1,0.310592730943558,10
701,1,0.309129286856951,10
731,1,0.308444472904788,10
763,1,0.307321955466875,10
797,1,0.306331402193102,10
831,1,0.304957316022228,10
868,1,0.304034716998134,10
906,1,0.302997441464745,10
945,1,0.302017190560988,10
986,1,0.300811715879138,10
1029,1,0.299768729704074,10
1074,1,0.298911454369131,10
1121,1,0.297608377030416,10
1170,1,0.296552350370453,10
1221,1,0.295392131573642,10
1274,1,0.294338744753321,10
1330,1,0.292911483737346,10
1388,1,0.291632442766702,10
1449,1,0.29024422945549,10
1512,1,0.28896048202881,10
1578,1,0.288002242084272,10
1647,1,0.287011958856421,10
1719,1,0.285551588353518,10
1794,1,0.284618082407278,10
1872,1,0.283385237984426,10
1954,1,0.282226122897797,10
2039,1,0.280864121770677,10
2128,1,0.27947605567591,10
2221,1,0.277938494734125,10
2318,1,0.276354443312545,10
2419,1,0.275201009632629,10
2524,1,0.273875206905625,10
2635,1,0.272300501721861,10
2749,1,0.270946887923321,10
2869,1,0.269568772538052,10
2995,1,0.26802945181536,10
3125,1,0.266388119761096,10
3262,1,0.264999526035758,10
3404,1,0.26347686473982,10
3553,1,0.26183677081231,10
3708,1,0.260396680138448,10
3870,1,0.25891495527581,10
4038,1,0.257305336827112,10
4215,1,0.25582714263252,10
4399,1,0.254270670078732,10
4591,1,0.252851353916227,10
4791,1,0.25115506438799,10
5000,1,0.249596854045528,10
1,0,0.34135673797288,11
2,0,0.450490495759548,11
3,0.028169014084507,0.499765014991256,11
4,0.0563380281690141,0.524653921813381,11
5,0.0563380281690141,0.5420195950527,11
6,0.0985915492957746,0.552340778198412,11
7,0.126760563380282,0.558864293297972,11
8,0.197183098591549,0.560638248827832,11
9,0.23943661971831,0.563994315365303,11
10,0.380281690140845,0.56487786746287,11
11,0.549295774647887,0.564826911558666,11
12,0.633802816901408,0.564618317825985,11
13,0.676056338028169,0.564701829469078,11
14,0.746478873239437,0.565943329460085,11
15,0.859154929577465,0.562511734240226,11
16,0.887323943661972,0.559377066783188,11
17,0.929577464788732,0.559249406594475,11
18,0.943661971830986,0.557130687338451,11
19,0.943661971830986,0.554591644816398,11
20,0.943661971830986,0.550775347400127,11
21,0.943661971830986,0.547106799250468,11
22,0.957746478873239,0.543182657659738,11
23,0.957746478873239,0.540611010721746,11
24,0.985915492957746,0.535876191611034,11
25,0.985915492957746,0.533089158891037,11
26,0.985915492957746,0.530666047840605,11
27,1,0.528249961787696,11
28,1,0.525167746732395,11
29,1,0.521992916198634,11
30,1,0.519332734247552,11
31,1,0.51448744988429,11
32,1,0.512019692322859,11
34,1,0.50855969143178,11
35,1,0.506133166841791,11
37,1,0.502096183524713,11
38,1,0.49862057946001,11
40,1,0.494800335040373,11
42,1,0.489704302695354,11
44,1,0.485249870488506,11
46,1,0.480895802773691,11
48,1,0.476280844388992,11
50,1,0.472926230519886,11
52,1,0.468167270483485,11
54,1,0.466543355754051,11
56,1,0.461453854496285,11
59,1,0.454922415422291,11
61,1,0.45200770036834,11
64,1,0.446376280420388,11
67,1,0.441172497895881,11
70,1,0.434787223439681,11
73,1,0.430985710557635,11
76,1,0.427884779377823,11
79,1,0.424448668449547,11
83,1,0.418026384199537,11
86,1,0.413919161432022,11
90,1,0.410166537836244,11
94,1,0.407718814888793,11
98,1,0.404626031127047,11
103,1,0.399779465651649,11
107,1,0.397141343439254,11
112,1,0.39215299187745,11
117,1,0.390100069371832,11
122,1,0.386103205239506,11
127,1,0.381237330377655,11
132,1,0.379439596691973,11
138,1,0.375889432408755,11
144,1,0.373090836715479,11
151,1,0.37068640233348,11
157,1,0.367454225283352,11
164,1,0.363709600223274,11
171,1,0.360572836790605,11
179,1,0.357741822317412,11
186,1,0.354767536128076,11
195,1,0.352163954133562,11
203,1,0.349384158406545,11
212,1,0.347046334156014,11
221,1,0.345070864423019,11
231,1,0.34314266669335,11
241,1,0.339853761960241,11
251,1,0.338083554766805,11
262,1,0.336932999672277,11
274,1,0.335008875901107,11
286,1,0.333383645908754,11
298,1,0.331603001506433,11
311,1,0.330890621233572,11
325,1,0.329333948158989,11
339,1,0.327866586261665,11
354,1,0.326415949093646,11
369,1,0.325925209043521,11
385,1,0.324836039750508,11
402,1,0.323075320840931,11
420,1,0.321656468022504,11
438,1,0.320335447978772,11
457,1,0.319078530700527,11
477,1,0.318398264355624,11
498,1,0.318004590233609,11
520,1,0.316287089606389,11
542,1,0.314853106084617,11
566,1,0.314064393475636,11
591,1,0.31293382967201,11
617,1,0.311343790640929,11
643,1,0.310043435484723,11
672,1,0.308996476280296,11
701,1,0.307761049813778,11
731,1,0.306514564390919,11
763,1,0.305517241122186,11
797,1,0.304242431423208,11
831,1,0.303474746895271,11
868,1,0.302676947275648,11
906,1,0.30146638417894,11
945,1,0.300578797616688,11
986,1,0.299264108046605,11
1029,1,0.298016418763267,11
1074,1,0.297079705213298,11
1121,1,0.295945935796631,11
1170,1,0.295414915307756,11
1221,1,0.294035601829975,11
1274,1,0.292571648875959,11
1330,1,0.291402766888186,11
1388,1,0.290090216121362,11
1449,1,0.289103319845861,11
1512,1,0.287830129218691,11
1578,1,0.286439703918888,11
1647,1,0.285301391104634,11
1719,1,0.284369978081156,11
1794,1,0.282999433185773,11
1872,1,0.281759739785106,11
1954,1,0.280570043670964,11
2039,1,0.279079924370802,11
2128,1,0.27752918414311,11
2221,1,0.276372301162443,11
2318,1,0.275136021455568,11
2419,1,0.273759846362963,11
2524,1,0.2723197752722,11
2635,1,0.270847307191412,11
2749,1,0.26921255964867,11
2869,1,0.267881200657894,11
2995,1,0.2662510558993,11
3125,1,0.265115234508225,11
3262,1,0.263848550148301,11
3404,1,0.262467169222964,11
3553,1,0.261087235794293,11
3708,1,0.259533286158549,11
3870,1,0.257934227394288,11
4038,1,0.256316727113938,11
4215,1,0.254637582937458,11
4399,1,0.252911536317775,11
4591,1,0.251338623495929,11
4791,1,0.249813527512187,11
5000,1,0.248513155387186,11
1,0,0.34079577047222,12
2,0,0.447629588835646,12
3,0,0.499044768067684,12
4,0,0.52772789764435,12
5,0.0140845070422535,0.543309314361392,12
6,0.0985915492957746,0.552692844149175,12
7,0.112676056338028,0.558637613029939,12
8,0.183098591549296,0.563329567905977,12
9,0.323943661971831,0.56643896315378,12
10,0.464788732394366,0.567000634661081,12
11,0.492957746478873,0.566349341935967,12
12,0.661971830985915,0.564566760529118,12
13,0.71830985915493,0.562115605609657,12
14,0.76056338028169,0.561103039583677,12
15,0.830985915492958,0.558132746242743,12
16,0.901408450704225,0.555950916058298,12
17,0.943661971830986,0.551530339350734,12
18,0.971830985915493,0.549826408170268,12
19,0.971830985915493,0.549182566945704,12
20,0.971830985915493,0.547018148637486,12
21,0.957746478873239,0.544475101387344,12
22,0.971830985915493,0.541021992092695,12
23,0.957746478873239,0.540069219088116,12
24,0.985915492957746,0.537164849481677,12
25,0.985915492957746,0.535430828477451,12
26,0.985915492957746,0.533779775383162,12
27,0.985915492957746,0.533439910541023,12
28,0.985915492957746,0.53076747001751,12
29,0.985915492957746,0.52696848709438,12
30,0.985915492957746,0.52329836240855,12
31,1,0.521198210786481,12
32,1,0.519263951423207,12
34,1,0.514349919269637,12
35,1,0.512745930751093,12
37,1,0.508648942480953,12
38,1,0.505818128381048,12
40,1,0.499817370298984,12
42,1,0.496748203956109,12
44,1,0.492617008160927,12
46,1,0.488107033920449,12
48,1,0.481578212859063,12
50,1,0.476304195594579,12
52,1,0.47528651649407,12
54,1,0.472014097739253,12
56,1,0.468007947210053,12
59,1,0.462567040092353,12
61,1,0.460707676602012,12
64,1,0.455393311189545,12
67,1,0.45214821369675,12
70,1,0.449653581706115,12
73,1,0.444996609009507,12
76,1,0.439320616567332,12
79,1,0.435891814302256,12
83,1,0.430315705024001,12
86,1,0.426534218469786,12
90,1,0.422668613122743,12
94,1,0.417429239391927,12
98,1,0.412215343480842,12
103,1,0.408317886314384,12
107,1,0.405034134754445,12
112,1,0.400659735259701,12
117,1,0.396578422275483,12
122,1,0.393557368559962,12
127,1,0.389552264797107,12
132,1,0.385996295837814,12
138,1,0.382499893595052,12
144,1,0.379626588708173,12
151,1,0.375427548535018,12
157,1,0.37339527564519,12
164,1,0.371789509868568,12
171,1,0.366851057087467,12
179,1,0.364347768732978,12
186,1,0.360814674313221,12
195,1,0.358259075100061,12
203,1,0.355183892869643,12
212,1,0.352922626648233,12
221,1,0.350826034139066,12
231,1,0.347940284655292,12
241,1,0.34595181175622,12
251,1,0.34377807257771,12
262,1,0.341751077472986,12
274,1,0.340324004600383,12
286,1,0.339141470274492,12
298,1,0.336584347882335,12
311,1,0.334759851785173,12
325,1,0.333458696889342,12
339,1,0.332194580715418,12
354,1,0.331075658813559,12
369,1,0.330421600672432,12
385,1,0.328809802384698,12
402,1,0.327860488680177,12
420,1,0.326584047205283,12
438,1,0.325776633333264,12
457,1,0.324670301863316,12
477,1,0.322872736345551,12
498,1,0.321087220177991,12
520,1,0.320078424129713,12
542,1,0.318477888788512,12
566,1,0.317326083913433,12
591,1,0.316123341971016,12
617,1,0.315122944064082,12
643,1,0.313849279360385,12
672,1,0.312201388176773,12
701,1,0.311107398501822,12
731,1,0.310539829679134,12
763,1,0.309505615127423,12
797,1,0.308226103745009,12
831,1,0.307762434514659,12
868,1,0.306123496677531,12
906,1,0.305407144548471,12
945,1,0.304247666506929,12
986,1,0.303411089905099,12
1029,1,0.302145721980022,12
1074,1,0.301283482888777,12
1121,1,0.300026181562071,12
1170,1,0.299045784005735,12
1221,1,0.297776802380843,12
1274,1,0.296720354037944,12
1330,1,0.295352868187327,12
1388,1,0.294444546017526,12
1449,1,0.293368252706655,12
1512,1,0.29227088926427,12
1578,1,0.291047919258201,12
1647,1,0.289598282691734,12
1719,1,0.28859213176152,12
1794,1,0.287314529529676,12
1872,1,0.286101334580843,12
1954,1,0.284570128446857,12
2039,1,0.283388054452283,12
2128,1,0.281701343406913,12
2221,1,0.280315767492698,12
2318,1,0.278662486703705,12
2419,1,0.277226276951781,12
2524,1,0.275620991474039,12
2635,1,0.274492290416196,12
2749,1,0.272848754182427,12
2869,1,0.271697552512718,12
2995,1,0.27003439868068,12
3125,1,0.26859259234892,12
3262,1,0.267270661498219,12
3404,1,0.265966020141968,12
3553,1,0.264322294949941,12
3708,1,0.262685805214044,12
3870,1,0.261086454103465,12
4038,1,0.25948956004762,12
4215,1,0.257786938762772,12
4399,1,0.256146485751657,12
4591,1,0.254844986952426,12
4791,1,0.253226757827712,12
5000,1,0.251438211506578,12
1,0,0.340234802971561,13
2,0,0.449778960687476,13
3,0,0.501587349503343,13
4,0.0422535211267606,0.530325997424663,13
5,0.0422535211267606,0.547138442448768,13
6,0.0845070422535211,0.557515998701143,13
7,0.112676056338028,0.565656240304022,13
8,0.225352112676056,0.565989024217715,13
9,0.267605633802817,0.567527731122936,13
10,0.450704225352113,0.566743347874992,13
11,0.535211267605634,0.56677104566096,13
12,0.591549295774648,0.567918448980243,13
13,0.633802816901408,0.568379261720298,13
14,0.76056338028169,0.567524813023844,13
15,0.802816901408451,0.564504329963999,13
16,0.845070422535211,0.560863721873553,13
17,0.859154929577465,0.558200950216218,13
18,0.887323943661972,0.555860673697062,13
19,0.915492957746479,0.554857972743319,13
20,0.943661971830986,0.551358639396283,13
21,0.971830985915493,0.549244713085188,13
22,0.985915492957746,0.54479665333385,13
23,0.985915492957746,0.541666497483685,13
24,0.985915492957746,0.537645756927379,13
25,0.985915492957746,0.535335760469039,13
26,1,0.532206927470029,13
27,1,0.526435232313925,13
28,1,0.52540651772578,13
29,1,0.5226374224341,13
30,1,0.5188644605793,13
31,1,0.515965562625108,13
32,1,0.512942517633858,13
34,1,0.507606301489783,13
35,1,0.505567538887232,13
37,1,0.50171325395293,13
38,1,0.499054263373358,13
40,1,0.493265886393047,13
42,1,0.488090890591999,13
44,1,0.483513944607414,13
46,1,0.47787870501272,13
48,1,0.47330156527471,13
50,1,0.470578575403383,13
52,1,0.466549684771109,13
54,1,0.461290472986269,13
56,1,0.458010127125335,13
59,1,0.453740375464263,13
61,1,0.451104456084658,13
64,1,0.447842305965734,13
67,1,0.443043192206996,13
70,1,0.438873924603982,13
73,1,0.436314853938527,13
76,1,0.432372583252042,13
79,1,0.428167429217304,13
83,1,0.422428627324116,13
86,1,0.419323921092465,13
90,1,0.415760954782855,13
94,1,0.413344746745167,13
98,1,0.408373798045265,13
103,1,0.404485148000361,13
107,1,0.400645584110368,13
112,1,0.396563908760933,13
117,1,0.392722547292479,13
122,1,0.389223872427148,13
127,1,0.387591724202334,13
132,1,0.385150270242938,13
138,1,0.381762708011837,13
144,1,0.379585456353321,13
151,1,0.377416493202756,13
157,1,0.374772066237756,13
164,1,0.371372573958218,13
171,1,0.367989033055429,13
179,1,0.364977835265749,13
186,1,0.363295790131737,13
195,1,0.360254834671221,13
203,1,0.358384357687605,13
212,1,0.35621324299396,13
221,1,0.353562701916504,13
231,1,0.35100128692426,13
241,1,0.349111143512191,13
251,1,0.3457763494996,13
262,1,0.344281820692883,13
274,1,0.342644961488372,13
286,1,0.340643814923202,13
298,1,0.339202043439624,13
311,1,0.336393281536524,13
325,1,0.334615721130022,13
339,1,0.332356788332416,13
354,1,0.330910267014777,13
369,1,0.329328310834072,13
385,1,0.328342627143586,13
402,1,0.326846955211271,13
420,1,0.32532062828979,13
438,1,0.323371165871544,13
457,1,0.322517228741486,13
477,1,0.321531434826053,13
498,1,0.320499354349395,13
520,1,0.319427885258961,13
542,1,0.317201821890611,13
566,1,0.315470277206385,13
591,1,0.314468070663338,13
617,1,0.312740660514178,13
643,1,0.311714692185083,13
672,1,0.310106907190967,13
701,1,0.308378213055239,13
731,1,0.306976136919192,13
763,1,0.305664557225453,13
797,1,0.304513970558433,13
831,1,0.30354217587039,13
868,1,0.302895972123016,13
906,1,0.302039394472498,13
945,1,0.301191898960878,13
986,1,0.300021108951265,13
1029,1,0.298955766600954,13
1074,1,0.29806636573302,13
1121,1,0.296863102250044,13
1170,1,0.295755408342062,13
1221,1,0.294767264885821,13
1274,1,0.293721948209077,13
1330,1,0.292838485925691,13
1388,1,0.291508342060347,13
1449,1,0.290316488219381,13
1512,1,0.289213972362358,13
1578,1,0.28801845607854,13
1647,1,0.286606035601363,13
1719,1,0.285045889613339,13
1794,1,0.283722943678513,13
1872,1,0.282362420811076,13
1954,1,0.281001091953399,13
2039,1,0.279834035448392,13
2128,1,0.278095752908998,13
2221,1,0.276766599135756,13
2318,1,0.275314426439736,13
2419,1,0.273844319057163,13
2524,1,0.272501278927317,13
2635,1,0.270760202323296,13
2749,1,0.269407364856909,13
2869,1,0.267900975494265,13
2995,1,0.266298684652741,13
3125,1,0.264980182841173,13
3262,1,0.263207137213596,13
3404,1,0.261767597408185,13
3553,1,0.260264843545641,13
3708,1,0.258673234126464,13
3870,1,0.25717846849043,13
4038,1,0.255723093684088,13
4215,1,0.253974918106616,13
4399,1,0.252310493980824,13
4591,1,0.25071501271968,13
4791,1,0.248931745234558,13
5000,1,0.247380962857092,13
1,0,0.339673835470901,14
2,0,0.445445873960265,14
3,0,0.495280948989122,14
4,0.0563380281690141,0.521800038167688,14
5,0.112676056338028,0.539527291162968,14
6,0.126760563380282,0.548952315711322,14
7,0.211267605633803,0.553322578246107,14
8,0.352112676056338,0.555768627032212,14
9,0.408450704225352,0.556383913485766,14
10,0.591549295774648,0.558312922390964,14
11,0.647887323943662,0.559279480814131,14
12,0.690140845070423,0.560078712286805,14
13,0.746478873239437,0.558559586827637,14
14,0.845070422535211,0.557568229824578,14
15,0.830985915492958,0.556804762869296,14
16,0.887323943661972,0.555316836837808,14
17,0.915492957746479,0.552075151393603,14
18,0.957746478873239,0.548725336741588,14
19,0.943661971830986,0.54585087894609,14
20,0.943661971830986,0.544035935402373,14
21,0.957746478873239,0.542025183454661,14
22,0.957746478873239,0.54000438399759,14
23,0.971830985915493,0.536511845342921,14
24,0.971830985915493,0.533354499054474,14
25,0.971830985915493,0.530886993211213,14
26,0.985915492957746,0.529065178787781,14
27,0.971830985915493,0.525979038878297,14
28,0.985915492957746,0.522007684047224,14
29,0.985915492957746,0.519678138108325,14
30,0.985915492957746,0.515921972581187,14
31,1,0.513684415875706,14
32,1,0.509955874079771,14
34,1,0.505873734895252,14
35,1,0.502886026912599,14
37,1,0.497914172937627,14
38,1,0.494972029517557,14
40,1,0.489207725292578,14
42,1,0.483296474514506,14
44,1,0.47806562582367,14
46,1,0.472790840325369,14
48,1,0.467895239086125,14
50,1,0.464420160971883,14
52,1,0.461614609080004,14
54,1,0.458428471602548,14
56,1,0.454449925980884,14
59,1,0.449645530140048,14
61,1,0.447524225817763,14
64,1,0.441144568060886,14
67,1,0.437803172149193,14
70,1,0.432844303115401,14
73,1,0.428531479854282,14
76,1,0.425293135975564,14
79,1,0.422865048575595,14
83,1,0.417100855954049,14
86,1,0.414845321032694,14
90,1,0.410971379240185,14
94,1,0.406692459721759,14
98,1,0.403672594921067,14
103,1,0.396008469799578,14
107,1,0.391968373250743,14
112,1,0.390115671045579,14
117,1,0.386218124269833,14
122,1,0.384505924638433,14
127,1,0.381689078446979,14
132,1,0.378055556787282,14
138,1,0.374639231246805,14
144,1,0.373013371141765,14
151,1,0.369380680542263,14
157,1,0.365937227583061,14
164,1,0.363917674537515,14
171,1,0.361510555470212,14
179,1,0.358542613106126,14
186,1,0.355693404819828,14
195,1,0.35452026270208,14
203,1,0.352496958897698,14
212,1,0.349646018636065,14
221,1,0.347398542547657,14
231,1,0.344840003987063,14
241,1,0.343203818705271,14
251,1,0.341809257768697,14
262,1,0.339592225244747,14
274,1,0.336837911244468,14
286,1,0.335118098740468,14
298,1,0.332850275696194,14
311,1,0.33051058437084,14
325,1,0.329179126660666,14
339,1,0.327599564578465,14
354,1,0.326016723144396,14
369,1,0.324458575530627,14
385,1,0.323216655020336,14
402,1,0.321449952409546,14
420,1,0.3200812442659,14
438,1,0.31903308237335,14
457,1,0.318053212165783,14
477,1,0.316389497266221,14
498,1,0.315406014351519,14
520,1,0.314257558989959,14
542,1,0.313199733169303,14
566,1,0.312129502865038,14
591,1,0.311240407047608,14
617,1,0.309892433588981,14
643,1,0.308760435646584,14
672,1,0.308046913398224,14
701,1,0.30685352540233,14
731,1,0.305796993465013,14
763,1,0.304998779758512,14
797,1,0.304197425114664,14
831,1,0.302820208133471,14
868,1,0.301612941140376,14
906,1,0.300637854061387,14
945,1,0.299776306754208,14
986,1,0.299054769972165,14
1029,1,0.297666315097874,14
1074,1,0.296116523846238,14
1121,1,0.294637576038233,14
1170,1,0.293037812221387,14
1221,1,0.292093492995237,14
1274,1,0.29131936147818,14
1330,1,0.290121097966603,14
1388,1,0.288974991811221,14
1449,1,0.287815519205686,14
1512,1,0.286690363669619,14
1578,1,0.285963121662907,14
1647,1,0.284644859170025,14
1719,1,0.283742864463366,14
1794,1,0.282774366623161,14
1872,1,0.281308740922153,14
1954,1,0.280300167678104,14
2039,1,0.27883301959264,14
2128,1,0.277577021897746,14
2221,1,0.276333070184457,14
2318,1,0.274980462637921,14
2419,1,0.273503287939049,14
2524,1,0.271981781026541,14
2635,1,0.27075874057384,14
2749,1,0.269472835609491,14
2869,1,0.268060370467553,14
2995,1,0.266565158068007,14
3125,1,0.264956845304841,14
3262,1,0.26341655568519,14
3404,1,0.261945668289215,14
3553,1,0.260570355858447,14
3708,1,0.25911469986377,14
3870,1,0.257775303066668,14
4038,1,0.256263572559026,14
4215,1,0.254425939295574,14
4399,1,0.252908990303014,14
4591,1,0.251628276390579,14
4791,1,0.250162571854905,14
5000,1,0.248356290679338,14
1,0,0.340811798115096,15
2,0,0.450714222941902,15
3,0,0.50301757268578,15
4,0,0.530367899807285,15
5,0.0140845070422535,0.547347386891916,15
6,0.0704225352112676,0.559227699364907,15
7,0.0985915492957746,0.564642498119819,15
8,0.28169014084507,0.565464427222125,15
9,0.338028169014085,0.566909057542177,15
10,0.47887323943662,0.568132064868963,15
11,0.52112676056338,0.57046293967353,15
12,0.591549295774648,0.571348474998284,15
13,0.690140845070423,0.570810149915045,15
14,0.774647887323944,0.569730101979231,15
15,0.830985915492958,0.567811870213489,15
16,0.830985915492958,0.565917190428336,15
17,0.901408450704225,0.561307312266175,15
18,0.915492957746479,0.557794189360196,15
19,0.901408450704225,0.554519750036625,15
20,0.957746478873239,0.550120051052561,15
21,0.971830985915493,0.547590657739832,15
22,1,0.543903921986231,15
23,1,0.54195601984589,15
24,1,0.540997316904836,15
25,1,0.538693792928617,15
26,1,0.537330215830169,15
27,1,0.535329421765218,15
28,1,0.531181356168761,15
29,1,0.53036441158267,15
30,1,0.525937421981328,15
31,1,0.521734210655193,15
32,1,0.519480864557757,15
34,1,0.51536872033002,15
35,1,0.513790370679312,15
37,1,0.505107635448876,15
38,1,0.501935020775175,15
40,1,0.500734173652538,15
42,1,0.497080732502415,15
44,1,0.494441101437424,15
46,1,0.490497999522715,15
48,1,0.487250645263884,15
50,1,0.483157650515373,15
52,1,0.47839105088404,15
54,1,0.475582589385455,15
56,1,0.471305525289529,15
59,1,0.466282700265875,15
61,1,0.463040192470626,15
64,1,0.456653214022082,15
67,1,0.450218155184857,15
70,1,0.445544925603475,15
73,1,0.441326366943174,15
76,1,0.438401587941854,15
79,1,0.433548512234859,15
83,1,0.428683065617788,15
86,1,0.424395393071452,15
90,1,0.42011608200338,15
94,1,0.415821510901773,15
98,1,0.40955494683843,15
103,1,0.40505340113548,15
107,1,0.400209360926455,15
112,1,0.39527470635329,15
117,1,0.390841480922209,15
122,1,0.387712612722387,15
127,1,0.3840935872067,15
132,1,0.381709270059807,15
138,1,0.378188421511361,15
144,1,0.376143301525617,15
151,1,0.374066429667177,15
157,1,0.370852567787203,15
164,1,0.366379628581755,15
171,1,0.365197378827538,15
179,1,0.362753221812921,15
186,1,0.358961713503176,15
195,1,0.35534697758729,15
203,1,0.352313868886143,15
212,1,0.351418870159298,15
221,1,0.348299603428794,15
231,1,0.345847566753498,15
241,1,0.344692221274655,15
251,1,0.341703125516956,15
262,1,0.338898066028586,15
274,1,0.336479206620312,15
286,1,0.333489522304591,15
298,1,0.331981222842666,15
311,1,0.330559338633745,15
325,1,0.328898693302759,15
339,1,0.327777220505901,15
354,1,0.326383359494057,15
369,1,0.324954664059363,15
385,1,0.32505338014262,15
402,1,0.324135518791838,15
420,1,0.323095504638428,15
438,1,0.321559598120704,15
457,1,0.320598436729097,15
477,1,0.319268018247935,15
498,1,0.317585351236891,15
520,1,0.31622455272025,15
542,1,0.31489717993256,15
566,1,0.313556599779981,15
591,1,0.312541114973275,15
617,1,0.311206559351575,15
643,1,0.310017499098706,15
672,1,0.308736385514494,15
701,1,0.307383084558441,15
731,1,0.307123321990533,15
763,1,0.306116090659509,15
797,1,0.305353764209731,15
831,1,0.304468230414678,15
868,1,0.303851191003496,15
906,1,0.302495269322442,15
945,1,0.301599351045519,15
986,1,0.300605325775781,15
1029,1,0.299583777394044,15
1074,1,0.298068398006614,15
1121,1,0.296932828688675,15
1170,1,0.296177326679309,15
1221,1,0.294669736212829,15
1274,1,0.29357974250097,15
1330,1,0.292660348528016,15
1388,1,0.291376433516619,15
1449,1,0.290186100032336,15
1512,1,0.289555692657634,15
1578,1,0.288461085891894,15
1647,1,0.287104490618142,15
1719,1,0.285839117637552,15
1794,1,0.284717847151999,15
1872,1,0.283293940403357,15
1954,1,0.281763274697438,15
2039,1,0.28055797798824,15
2128,1,0.279320322139886,15
2221,1,0.277864400881055,15
2318,1,0.276333935431659,15
2419,1,0.275210659072562,15
2524,1,0.273941643222017,15
2635,1,0.272437240965287,15
2749,1,0.270976887209987,15
2869,1,0.269506109112107,15
2995,1,0.267965749837415,15
3125,1,0.266540905095734,15
3262,1,0.265015783268676,15
3404,1,0.263593748062573,15
3553,1,0.261802336897182,15
3708,1,0.260225118659373,15
3870,1,0.25849929052337,15
4038,1,0.256828671711673,15
4215,1,0.255141634022778,15
4399,1,0.253572129306137,15
4591,1,0.251968169861213,15
4791,1,0.250369078946698,15
5000,1,0.248853800054871,15
1,0,0.338215319969186,16
2,0,0.450270475069007,16
3,0.0845070422535211,0.501197492588627,16
4,0.169014084507042,0.529020138310777,16
5,0.0845070422535211,0.545378900424027,16
6,0.140845070422535,0.556477948117897,16
7,0.295774647887324,0.56152128552714,16
8,0.436619718309859,0.564787094700955,16
9,0.464788732394366,0.568849851994031,16
10,0.619718309859155,0.568171402540142,16
11,0.676056338028169,0.570191685585928,16
12,0.704225352112676,0.569465960934664,16
13,0.746478873239437,0.565594223767074,16
14,0.816901408450704,0.564518913720654,16
15,0.788732394366197,0.562843634043535,16
16,0.845070422535211,0.562299474481597,16
17,0.887323943661972,0.558304486325816,16
18,0.915492957746479,0.556192853000151,16
19,0.915492957746479,0.551608535362889,16
20,0.929577464788732,0.549728213546552,16
21,0.957746478873239,0.546074436777207,16
22,0.971830985915493,0.544371492018299,16
23,0.985915492957746,0.540966043319452,16
24,1,0.53851013799675,16
25,1,0.53648577157709,16
26,1,0.532951786175225,16
27,1,0.530368858361971,16
28,1,0.528679845506997,16
29,1,0.526170852857469,16
30,1,0.522870910839707,16
31,1,0.520498118340566,16
32,1,0.518253446745906,16
34,1,0.510871425534061,16
35,1,0.509696499625362,16
37,1,0.504273176280351,16
38,1,0.502248453571626,16
40,1,0.496669414200525,16
42,1,0.492765828153824,16
44,1,0.487812196700723,16
46,1,0.483851996078923,16
48,1,0.479155798603537,16
50,1,0.474506706923542,16
52,1,0.468921430861679,16
54,1,0.464406293764217,16
56,1,0.460516728682976,16
59,1,0.454057730098056,16
61,1,0.44910849000895,16
64,1,0.444500803106307,16
67,1,0.44069303529465,16
70,1,0.437714186837611,16
73,1,0.433789188790697,16
76,1,0.430418588113563,16
79,1,0.429008387650393,16
83,1,0.425558502236572,16
86,1,0.420906882347907,16
90,1,0.416117333263253,16
94,1,0.410835385170203,16
98,1,0.40802729132208,16
103,1,0.40402898991867,16
107,1,0.400122717504406,16
112,1,0.396914781889998,16
117,1,0.391915172426128,16
122,1,0.389036672466087,16
127,1,0.385484467151997,16
132,1,0.382028568785909,16
138,1,0.378911995532127,16
144,1,0.37594887148242,16
151,1,0.372996483919763,16
157,1,0.370034825297472,16
164,1,0.365546237111053,16
171,1,0.362162271177004,16
179,1,0.35767182878739,16
186,1,0.353906737717912,16
195,1,0.351172060917441,16
203,1,0.348801829258789,16
212,1,0.345722002673622,16
221,1,0.342987921651516,16
231,1,0.341631749419345,16
241,1,0.337188186768877,16
251,1,0.334892958480688,16
262,1,0.333242476012413,16
274,1,0.33092586075497,16
286,1,0.328573880251466,16
298,1,0.326967170934386,16
311,1,0.325081418016534,16
325,1,0.32288886936078,16
339,1,0.321800244653892,16
354,1,0.320972303106109,16
369,1,0.318545082601545,16
385,1,0.317284134454811,16
402,1,0.315977117875613,16
420,1,0.314765853389713,16
438,1,0.31373881699505,16
457,1,0.312268600795772,16
477,1,0.311423331761961,16
498,1,0.310102609945514,16
520,1,0.309383175399203,16
542,1,0.308084298978815,16
566,1,0.307372458142172,16
591,1,0.30598247007752,16
617,1,0.304766983253179,16
643,1,0.303410018919224,16
672,1,0.302180884296237,16
701,1,0.301350985674959,16
731,1,0.300619495963455,16
763,1,0.29989941877806,16
797,1,0.298702140862222,16
831,1,0.298096401284435,16
868,1,0.29710939913759,16
906,1,0.296331777360137,16
945,1,0.295652615165446,16
986,1,0.294771484079367,16
1029,1,0.294033788038787,16
1074,1,0.292812875607936,16
1121,1,0.291959992627091,16
1170,1,0.290651967808722,16
1221,1,0.29028648930648,16
1274,1,0.289235680994236,16
1330,1,0.28813585750552,16
1388,1,0.286813125516652,16
1449,1,0.285847604316246,16
1512,1,0.284834047497216,16
1578,1,0.283424957753146,16
1647,1,0.282206887647509,16
1719,1,0.28112833833976,16
1794,1,0.279562309637253,16
1872,1,0.278343813913716,16
1954,1,0.277171106395172,16
2039,1,0.276137081817393,16
2128,1,0.274829833380722,16
2221,1,0.273645207902346,16
2318,1,0.272434807405361,16
2419,1,0.27096947892076,16
2524,1,0.269630694428403,16
2635,1,0.268210084306389,16
2749,1,0.267013129875196,16
2869,1,0.265537746499602,16
2995,1,0.264235661101731,16
3125,1,0.262722548860362,16
3262,1,0.261207658111733,16
3404,1,0.259703211843737,16
3553,1,0.257881859452333,16
3708,1,0.256276940211504,16
3870,1,0.254698897927922,16
4038,1,0.253236191574711,16
4215,1,0.251916239954115,16
4399,1,0.250121465060199,16
4591,1,0.24842963014185,16
4791,1,0.24690276822632,16
5000,1,0.245422094757458,16
1,0,0.339946305399793,17
2,0,0.449565258782463,17
3,0,0.500477274855243,17
4,0.0563380281690141,0.529756877305597,17
5,0,0.547843728896867,17
6,0.028169014084507,0.559651880195458,17
7,0.112676056338028,0.566963836688154,17
8,0.112676056338028,0.572281886190331,17
9,0.211267605633803,0.574817128768848,17
10,0.352112676056338,0.576638014089043,17
11,0.535211267605634,0.577558832292533,17
12,0.563380281690141,0.576938598399062,17
13,0.647887323943662,0.576627915756437,17
14,0.774647887323944,0.575315519436441,17
15,0.802816901408451,0.573544539403946,17
16,0.887323943661972,0.569563178059787,17
17,0.873239436619718,0.566415071477683,17
18,0.915492957746479,0.565460320726703,17
19,0.943661971830986,0.562665999142367,17
20,0.943661971830986,0.559235911554198,17
21,0.957746478873239,0.556197370689236,17
22,0.971830985915493,0.553423381984301,17
23,0.985915492957746,0.550859518826133,17
24,0.985915492957746,0.547608082571176,17
25,1,0.54471262100161,17
26,1,0.542634226190368,17
27,1,0.53916381265206,17
28,1,0.535159582785113,17
29,1,0.532122682835249,17
30,1,0.531332877155082,17
31,1,0.528968314653584,17
32,1,0.526999262201847,17
34,1,0.522660706684753,17
35,1,0.520607158239096,17
37,1,0.515918603324012,17
38,1,0.514572797540702,17
40,1,0.508269268842929,17
42,1,0.503753387905449,17
44,1,0.499437447348623,17
46,1,0.495821778885295,17
48,1,0.490963924355007,17
50,1,0.485477383414167,17
52,1,0.478015749474737,17
54,1,0.473295694548375,17
56,1,0.470471620203517,17
59,1,0.466344464706629,17
61,1,0.463074304738138,17
64,1,0.458457068600568,17
67,1,0.452933285891684,17
70,1,0.448602711835931,17
73,1,0.444979377416245,17
76,1,0.439834493047452,17
79,1,0.43631917915407,17
83,1,0.433071246640726,17
86,1,0.429852783497547,17
90,1,0.427946791194344,17
94,1,0.423267332497014,17
98,1,0.418418460187658,17
103,1,0.413577118488054,17
107,1,0.409450773796393,17
112,1,0.405535235757754,17
117,1,0.401861698442517,17
122,1,0.397668775564152,17
127,1,0.394701900774118,17
132,1,0.391397444138687,17
138,1,0.385519527245434,17
144,1,0.382663391663098,17
151,1,0.377751108159863,17
157,1,0.37397546301556,17
164,1,0.372100968910473,17
171,1,0.368001510103707,17
179,1,0.364284409253631,17
186,1,0.36138367739199,17
195,1,0.357586887225162,17
203,1,0.355645004685053,17
212,1,0.353687817525645,17
221,1,0.350471197263259,17
231,1,0.348128122308485,17
241,1,0.345601551054867,17
251,1,0.343439601399889,17
262,1,0.341809695576727,17
274,1,0.341224538620924,17
286,1,0.340078784107721,17
298,1,0.338695747770493,17
311,1,0.336081192251797,17
325,1,0.334159034353348,17
339,1,0.33293962930065,17
354,1,0.33134047152081,17
369,1,0.329293829196074,17
385,1,0.327186919180708,17
402,1,0.325591260374194,17
420,1,0.323575150665334,17
438,1,0.322065670661691,17
457,1,0.321320309573544,17
477,1,0.319615351257344,17
498,1,0.318789505590368,17
520,1,0.317586231299678,17
542,1,0.31604683874919,17
566,1,0.314725125183117,17
591,1,0.314095229046708,17
617,1,0.312766105888059,17
643,1,0.312556831118557,17
672,1,0.31164618091873,17
701,1,0.310904540577135,17
731,1,0.309855699711835,17
763,1,0.309036309061366,17
797,1,0.307753613702548,17
831,1,0.306381348361204,17
868,1,0.305012507982173,17
906,1,0.303894588858078,17
945,1,0.302685183412288,17
986,1,0.30172351301648,17
1029,1,0.300653862721176,17
1074,1,0.299452269245845,17
1121,1,0.298515569782218,17
1170,1,0.297201698852449,17
1221,1,0.295995302648857,17
1274,1,0.294815470085465,17
1330,1,0.293407047311597,17
1388,1,0.292155749519924,17
1449,1,0.291127384485447,17
1512,1,0.289776196694257,17
1578,1,0.288513470101327,17
1647,1,0.287077146157849,17
1719,1,0.285347032796002,17
1794,1,0.284187019380555,17
1872,1,0.283140592366313,17
1954,1,0.282045259552088,17
2039,1,0.280676888924735,17
2128,1,0.279269833714384,17
2221,1,0.277931028063287,17
2318,1,0.276481523667955,17
2419,1,0.275310777885435,17
2524,1,0.273999239657378,17
2635,1,0.27270350575094,17
2749,1,0.271302910122306,17
2869,1,0.269985596574492,17
2995,1,0.268307282212042,17
3125,1,0.26675539289837,17
3262,1,0.265294697633413,17
3404,1,0.263587716197161,17
3553,1,0.261883919087573,17
3708,1,0.260389925980659,17
3870,1,0.258704992488141,17
4038,1,0.25714212979883,17
4215,1,0.255498486339381,17
4399,1,0.253879541722074,17
4591,1,0.25232008556157,17
4791,1,0.250862475824882,17
5000,1,0.249252826548561,17
1,0,0.338824370398473,18
2,0,0.446916023817209,18
3,0,0.498920623269203,18
4,0.0140845070422535,0.528289833064181,18
5,0.0563380281690141,0.543527414662201,18
6,0.112676056338028,0.552517489261561,18
7,0.23943661971831,0.558475055594611,18
8,0.394366197183099,0.564488301048884,18
9,0.338028169014085,0.566423667369772,18
10,0.394366197183099,0.569173118186806,18
11,0.549295774647887,0.569561196422087,18
12,0.676056338028169,0.567062191947831,18
13,0.746478873239437,0.564860349978422,18
14,0.774647887323944,0.566199838706719,18
15,0.746478873239437,0.56422381065078,18
16,0.788732394366197,0.562631570122164,18
17,0.859154929577465,0.559427540028372,18
18,0.901408450704225,0.556229105749377,18
19,0.915492957746479,0.552631876455323,18
20,0.915492957746479,0.551183386637248,18
21,0.929577464788732,0.547974562971282,18
22,0.957746478873239,0.544653153103874,18
23,0.971830985915493,0.542596964317694,18
24,0.971830985915493,0.539665831936644,18
25,0.971830985915493,0.537782908174358,18
26,0.985915492957746,0.53480990956377,18
27,1,0.531645911978797,18
28,1,0.528429119995934,18
29,1,0.525155795246553,18
30,1,0.523465805067913,18
31,1,0.520207790931553,18
32,1,0.51639300750454,18
34,1,0.511168777007822,18
35,1,0.509505177423003,18
37,1,0.50328849324123,18
38,1,0.500768435139885,18
40,1,0.496796539894303,18
42,1,0.493855356135804,18
44,1,0.490172822846808,18
46,1,0.485370672274912,18
48,1,0.479845639716211,18
50,1,0.473112195151437,18
52,1,0.470230849156514,18
54,1,0.466956019616553,18
56,1,0.462306057552787,18
59,1,0.456994866026337,18
61,1,0.453400217627005,18
64,1,0.447871028539562,18
67,1,0.44316166541994,18
70,1,0.43748746330539,18
73,1,0.434653105062986,18
76,1,0.430333347708907,18
79,1,0.427134934878285,18
83,1,0.422425119616782,18
86,1,0.418433621813534,18
90,1,0.415642521900289,18
94,1,0.411661615124832,18
98,1,0.408998767076769,18
103,1,0.402940834588683,18
107,1,0.400532165380401,18
112,1,0.396721767775655,18
117,1,0.392891253130874,18
122,1,0.388865923802867,18
127,1,0.385379692302236,18
132,1,0.382844336563325,18
138,1,0.380684757571737,18
144,1,0.377646156538231,18
151,1,0.373432276687543,18
157,1,0.370440567062539,18
164,1,0.36696281332679,18
171,1,0.364211682253007,18
179,1,0.35965734665124,18
186,1,0.357826331531174,18
195,1,0.354939438061564,18
203,1,0.352934889006304,18
212,1,0.350170813639578,18
221,1,0.347686251369072,18
231,1,0.345512305799288,18
241,1,0.343855310516442,18
251,1,0.341855009203133,18
262,1,0.339901839056421,18
274,1,0.338542412235373,18
286,1,0.337132602736369,18
298,1,0.335313270622964,18
311,1,0.334360449050936,18
325,1,0.331393583662767,18
339,1,0.329473921341438,18
354,1,0.327632498480511,18
369,1,0.326020261726968,18
385,1,0.324647072496324,18
402,1,0.32415089240378,18
420,1,0.322850745358368,18
438,1,0.321609921798089,18
457,1,0.319995747971408,18
477,1,0.318607606716729,18
498,1,0.316973010182528,18
520,1,0.316145755740957,18
542,1,0.314986601315199,18
566,1,0.314080815465344,18
591,1,0.313126364513096,18
617,1,0.312364555578111,18
643,1,0.310748871627763,18
672,1,0.30993322109632,18
701,1,0.309104131063063,18
731,1,0.308424673381473,18
763,1,0.307208153724572,18
797,1,0.306182238422626,18
831,1,0.305337923389191,18
868,1,0.304566219743872,18
906,1,0.303591131117831,18
945,1,0.302424631537838,18
986,1,0.301358482168879,18
1029,1,0.300104780331289,18
1074,1,0.298989345061159,18
1121,1,0.298131216241253,18
1170,1,0.296959574122909,18
1221,1,0.295632628465041,18
1274,1,0.294341653397236,18
1330,1,0.293046693143482,18
1388,1,0.291522929032828,18
1449,1,0.289982826220336,18
1512,1,0.289018368505162,18
1578,1,0.287882472110662,18
1647,1,0.286539994729447,18
1719,1,0.285214721782179,18
1794,1,0.283772209627184,18
1872,1,0.282302754221917,18
1954,1,0.281290639663508,18
2039,1,0.280240019237076,18
2128,1,0.278844755048692,18
2221,1,0.277588920086158,18
2318,1,0.275915528174608,18
2419,1,0.274817068265198,18
2524,1,0.273321985594524,18
2635,1,0.271766029560119,18
2749,1,0.270422376521538,18
2869,1,0.269237044027147,18
2995,1,0.267620007033867,18
3125,1,0.26618700230839,18
3262,1,0.264434542667999,18
3404,1,0.262700009652814,18
3553,1,0.260973567031575,18
3708,1,0.259267755746049,18
3870,1,0.2578548237055,18
4038,1,0.256214423534737,18
4215,1,0.254842040857398,18
4399,1,0.253288546862228,18
4591,1,0.25169887886857,18
4791,1,0.250075781755639,18
5000,1,0.248533478032907,18
1,0,0.340507272900452,19
2,0,0.449778399481341,19
3,0,0.49849746691815,19
4,0.028169014084507,0.526766786064684,19
5,0,0.544658293866811,19
6,0.028169014084507,0.553144447018407,19
7,0.140845070422535,0.560830010553742,19
8,0.211267605633803,0.564128131595958,19
9,0.309859154929577,0.5669710832774,19
10,0.47887323943662,0.568096870094962,19
11,0.52112676056338,0.566747116046258,19
12,0.591549295774648,0.565026466456141,19
13,0.676056338028169,0.564582479096682,19
14,0.704225352112676,0.561590429020505,19
15,0.816901408450704,0.559085418993026,19
16,0.802816901408451,0.560120421115671,19
17,0.901408450704225,0.557979394816285,19
18,0.901408450704225,0.554596551572662,19
19,0.957746478873239,0.552015788404435,19
20,0.957746478873239,0.549625717645445,19
21,0.985915492957746,0.546895316942525,19
22,0.985915492957746,0.543265144385622,19
23,0.985915492957746,0.541234595470686,19
24,0.985915492957746,0.538416306736924,19
25,1,0.536355353998084,19
26,1,0.534574118279624,19
27,1,0.531947941445424,19
28,0.985915492957746,0.528420963165181,19
29,1,0.524616760531359,19
30,1,0.521293278562985,19
31,1,0.518603325787711,19
32,1,0.515912030696057,19
34,1,0.508043894989603,19
35,1,0.50553446498343,19
37,1,0.499422614733756,19
38,1,0.49637290599199,19
40,1,0.491672816026323,19
42,1,0.487239542335631,19
44,1,0.481188811124695,19
46,1,0.479325418398121,19
48,1,0.477006922598585,19
50,1,0.470494880818337,19
52,1,0.466329473927968,19
54,1,0.461265462888216,19
56,1,0.455899541475563,19
59,1,0.451148491232551,19
61,1,0.447092065169103,19
64,1,0.444491646745674,19
67,1,0.440111946390234,19
70,1,0.434716525539755,19
73,1,0.428567014102309,19
76,1,0.424541839334572,19
79,1,0.421889321338633,19
83,1,0.417747258460412,19
86,1,0.413455172211801,19
90,1,0.408602828453325,19
94,1,0.403651048561015,19
98,1,0.399529565383308,19
103,1,0.394325325784397,19
107,1,0.391158240557852,19
112,1,0.384435049409726,19
117,1,0.380441783200101,19
122,1,0.376687964454903,19
127,1,0.374538203552835,19
132,1,0.370878583912953,19
138,1,0.36977675664601,19
144,1,0.368037326417138,19
151,1,0.363983331055964,19
157,1,0.36107838272601,19
164,1,0.359099601192849,19
171,1,0.356876337428005,19
179,1,0.354883728495825,19
186,1,0.35290087200833,19
195,1,0.348344536752518,19
203,1,0.346768836781776,19
212,1,0.343447623527574,19
221,1,0.341916014535497,19
231,1,0.340635454047774,19
241,1,0.338713871877277,19
251,1,0.337511534221962,19
262,1,0.336872236207036,19
274,1,0.335002117453572,19
286,1,0.33228142392405,19
298,1,0.330693382375476,19
311,1,0.32906738254326,19
325,1,0.328035513730813,19
339,1,0.327212391551097,19
354,1,0.325955941345971,19
369,1,0.325326747370644,19
385,1,0.32407142984043,19
402,1,0.322981218041114,19
420,1,0.321741929111075,19
438,1,0.320602462176994,19
457,1,0.318298587476635,19
477,1,0.317543878050291,19
498,1,0.316810175750791,19
520,1,0.315992237969359,19
542,1,0.314606800149648,19
566,1,0.313345874181425,19
591,1,0.312579276025382,19
617,1,0.312055661487417,19
643,1,0.311084643711072,19
672,1,0.310082589165871,19
701,1,0.308740751640867,19
731,1,0.307415515063572,19
763,1,0.305902729106782,19
797,1,0.304983519749548,19
831,1,0.303723301180982,19
868,1,0.30246119079701,19
906,1,0.301379317253984,19
945,1,0.300036652975331,19
986,1,0.299063997125769,19
1029,1,0.297674545851749,19
1074,1,0.296802849870467,19
1121,1,0.29531928779638,19
1170,1,0.294133515718934,19
1221,1,0.292690314462816,19
1274,1,0.291767058456024,19
1330,1,0.290851731233953,19
1388,1,0.289217196170663,19
1449,1,0.288079903834819,19
1512,1,0.286682963819109,19
1578,1,0.28573554216829,19
1647,1,0.28450072970472,19
1719,1,0.283211013799836,19
1794,1,0.281752680701061,19
1872,1,0.280520715211233,19
1954,1,0.279208778335359,19
2039,1,0.27822159218224,19
2128,1,0.277234472649937,19
2221,1,0.276092988532974,19
2318,1,0.274784664657051,19
2419,1,0.2734730130687,19
2524,1,0.272237551631004,19
2635,1,0.270713974662889,19
2749,1,0.269197300080261,19
2869,1,0.26769493901306,19
2995,1,0.26633661626804,19
3125,1,0.264746805243113,19
3262,1,0.263233736431879,19
3404,1,0.261702792342739,19
3553,1,0.26006900269124,19
3708,1,0.258533999093378,19
3870,1,0.257221104925563,19
4038,1,0.255806073751278,19
4215,1,0.254214793082597,19
4399,1,0.252774885659833,19
4591,1,0.251368388576439,19
4791,1,0.249720845270014,19
5000,1,0.248259160250633,19
1,0,0.339898222471165,20
2,0,0.449150527039381,20
3,0,0.499785359077326,20
4,0,0.530160496818369,20
5,0.0140845070422535,0.548062962303683,20
6,0.028169014084507,0.559898370111977,20
7,0.0422535211267606,0.566572907027945,20
8,0.112676056338028,0.571784494010174,20
9,0.23943661971831,0.572208689987943,20
10,0.366197183098592,0.573327738711857,20
11,0.492957746478873,0.573039623499733,20
12,0.577464788732394,0.570760096541359,20
13,0.633802816901408,0.571086735061066,20
14,0.661971830985915,0.570363890507478,20
15,0.774647887323944,0.567824772064481,20
16,0.845070422535211,0.566064912991387,20
17,0.887323943661972,0.563328325054742,20
18,0.915492957746479,0.560825846020221,20
19,0.901408450704225,0.556983588844328,20
20,0.929577464788732,0.554548269940526,20
21,0.985915492957746,0.551678322465474,20
22,0.985915492957746,0.548145292444087,20
23,1,0.546585444898933,20
24,0.985915492957746,0.543659602546206,20
25,1,0.54060332985936,20
26,1,0.536971757470473,20
27,1,0.533369291138912,20
28,1,0.529782999393146,20
29,1,0.527744705501456,20
30,1,0.525086214652896,20
31,1,0.523677501664704,20
32,1,0.520546708204407,20
34,1,0.515508881968776,20
35,1,0.513224975548539,20
37,1,0.508329949129622,20
38,1,0.506005508548377,20
40,1,0.501571077402432,20
42,1,0.4967447639042,20
44,1,0.490680915832862,20
46,1,0.487474139890818,20
48,1,0.484402232558309,20
50,1,0.480938184576528,20
52,1,0.47719333192583,20
54,1,0.472194986224205,20
56,1,0.468099239933665,20
59,1,0.461378912950096,20
61,1,0.456938984688808,20
64,1,0.452825964227143,20
67,1,0.446652229318826,20
70,1,0.441911677677966,20
73,1,0.435568779083382,20
76,1,0.431330491807593,20
79,1,0.428165268070221,20
83,1,0.424265454584637,20
86,1,0.41982661711866,20
90,1,0.415779186873685,20
94,1,0.413149054316837,20
98,1,0.409499041315813,20
103,1,0.405675847237589,20
107,1,0.402605730922376,20
112,1,0.398317310505338,20
117,1,0.393568183398314,20
122,1,0.389527502826104,20
127,1,0.386166988684396,20
132,1,0.381801521350318,20
138,1,0.378244823557307,20
144,1,0.375882252063811,20
151,1,0.37174938054646,20
157,1,0.368554091207012,20
164,1,0.366938640087378,20
171,1,0.36480120657628,20
179,1,0.361875043523123,20
186,1,0.359687793269263,20
195,1,0.35719009040609,20
203,1,0.354282362790002,20
212,1,0.352133519186317,20
221,1,0.349720446118445,20
231,1,0.346861903198592,20
241,1,0.343800262993388,20
251,1,0.343022252408999,20
262,1,0.340563959927798,20
274,1,0.337806374602443,20
286,1,0.335654271329232,20
298,1,0.333595778633832,20
311,1,0.331295417114565,20
325,1,0.329928897729974,20
339,1,0.328110529278659,20
354,1,0.326945351722159,20
369,1,0.325115977641685,20
385,1,0.323699574060848,20
402,1,0.322914479243582,20
420,1,0.321314140579143,20
438,1,0.320050309861975,20
457,1,0.319632569603389,20
477,1,0.318121842257153,20
498,1,0.31652659079018,20
520,1,0.314538185317122,20
542,1,0.313988599915884,20
566,1,0.31280034015281,20
591,1,0.311428032236071,20
617,1,0.310535767120336,20
643,1,0.309867439242564,20
672,1,0.308533494606819,20
701,1,0.30787397671356,20
731,1,0.306128906101129,20
763,1,0.305510431379899,20
797,1,0.304075632873157,20
831,1,0.302510496697411,20
868,1,0.301506473192266,20
906,1,0.300635524563118,20
945,1,0.299394409207341,20
986,1,0.297859856884215,20
1029,1,0.296830359964809,20
1074,1,0.295833942112137,20
1121,1,0.294735454383521,20
1170,1,0.293530930610837,20
1221,1,0.29217933010342,20
1274,1,0.291236612722592,20
1330,1,0.289884848659772,20
1388,1,0.288796839739,20
1449,1,0.287466945187749,20
1512,1,0.286037569420594,20
1578,1,0.284803742897708,20
1647,1,0.283782717429122,20
1719,1,0.282525760890433,20
1794,1,0.281568154372721,20
1872,1,0.280546965817712,20
1954,1,0.279331292129393,20
2039,1,0.277912277702182,20
2128,1,0.276594679365083,20
2221,1,0.275444086890165,20
2318,1,0.274117130278639,20
2419,1,0.272627673495839,20
2524,1,0.271098636280734,20
2635,1,0.269775936539525,20
2749,1,0.268442745018261,20
2869,1,0.267200423342608,20
2995,1,0.265893705521183,20
3125,1,0.264390501222979,20
3262,1,0.263022871909795,20
3404,1,0.261308306700275,20
3553,1,0.259526647736641,20
3708,1,0.257837232971225,20
3870,1,0.256058336278234,20
4038,1,0.254608446481657,20
4215,1,0.253235390612563,20
4399,1,0.251571937023806,20
4591,1,0.250180248604244,20
4791,1,0.248498841538055,20
5000,1,0.247053718766612,20
1,0,0.34079577047222,21
2,0,0.446604926191894,21
3,0.028169014084507,0.497369285953904,21
4,0.0140845070422535,0.527273621240836,21
5,0.0563380281690141,0.541460470955083,21
6,0.112676056338028,0.553725277776964,21
7,0.23943661971831,0.561580399785411,21
8,0.295774647887324,0.563304671573008,21
9,0.422535211267606,0.566073326670191,21
10,0.464788732394366,0.569108375512046,21
11,0.563380281690141,0.569309863716848,21
12,0.661971830985915,0.569941524956808,21
13,0.746478873239437,0.568511642536409,21
14,0.746478873239437,0.566311970121967,21
15,0.802816901408451,0.564558885727064,21
16,0.830985915492958,0.561650596214594,21
17,0.873239436619718,0.558891061405166,21
18,0.943661971830986,0.554614789495387,21
19,0.985915492957746,0.550927079992376,21
20,1,0.550110677454043,21
21,1,0.548031568484728,21
22,1,0.544207535385843,21
23,1,0.541470506853018,21
24,1,0.539412975525905,21
25,1,0.53494817680106,21
26,1,0.531661395303971,21
27,1,0.529678129663621,21
28,1,0.528025423238923,21
29,1,0.524847064655223,21
30,1,0.522564622490776,21
31,1,0.518761414763329,21
32,1,0.515485839290235,21
34,1,0.51010739659465,21
35,1,0.506698509232516,21
37,1,0.500964112914269,21
38,1,0.497283098298659,21
40,1,0.491982381706755,21
42,1,0.486608060056397,21
44,1,0.483399590698587,21
46,1,0.478588573439677,21
48,1,0.474162615263619,21
50,1,0.469108585968692,21
52,1,0.466819950406785,21
54,1,0.462776137964449,21
56,1,0.458066270745177,21
59,1,0.451721397312311,21
61,1,0.446775107371419,21
64,1,0.440540266855826,21
67,1,0.436280982421233,21
70,1,0.432918855877762,21
73,1,0.426957420497927,21
76,1,0.423364545666794,21
79,1,0.420797742032929,21
83,1,0.418289242054896,21
86,1,0.416289009848727,21
90,1,0.414662334426776,21
94,1,0.411042063766036,21
98,1,0.407400161820288,21
103,1,0.403580139847091,21
107,1,0.400371449230912,21
112,1,0.39530306209847,21
117,1,0.392034644066343,21
122,1,0.388783778646527,21
127,1,0.385447532800123,21
132,1,0.381480336175883,21
138,1,0.377770185654718,21
144,1,0.375258673443096,21
151,1,0.3714960984224,21
157,1,0.368215119046625,21
164,1,0.364379624448665,21
171,1,0.361078437023569,21
179,1,0.359431822978278,21
186,1,0.357341821578855,21
195,1,0.354417436569119,21
203,1,0.35208724673789,21
212,1,0.350271251464786,21
221,1,0.348154549281968,21
231,1,0.34582445457621,21
241,1,0.344562021559796,21
251,1,0.342245207170277,21
262,1,0.341399052525895,21
274,1,0.339679742701303,21
286,1,0.337516047481696,21
298,1,0.336244076178405,21
311,1,0.33394033772483,21
325,1,0.332364736729815,21
339,1,0.330615000013751,21
354,1,0.328866064973335,21
369,1,0.327482040801328,21
385,1,0.326482350310492,21
402,1,0.324328003660404,21
420,1,0.321818052336176,21
438,1,0.320760860471104,21
457,1,0.319323916472259,21
477,1,0.317606532270146,21
498,1,0.316550571000528,21
520,1,0.315040944484779,21
542,1,0.314368134390565,21
566,1,0.312180126294986,21
591,1,0.31100387572145,21
617,1,0.310002748670629,21
643,1,0.309547064398725,21
672,1,0.308933588874914,21
701,1,0.307879317115914,21
731,1,0.306717913221625,21
763,1,0.305537535984209,21
797,1,0.304046881728167,21
831,1,0.302848296496881,21
868,1,0.301580646712337,21
906,1,0.300059923705441,21
945,1,0.299290656827106,21
986,1,0.298708327403785,21
1029,1,0.297438511914769,21
1074,1,0.29620785858107,21
1121,1,0.295092587136003,21
1170,1,0.293911202266806,21
1221,1,0.292627261664451,21
1274,1,0.29142076710672,21
1330,1,0.290143292306972,21
1388,1,0.289206036066311,21
1449,1,0.288084820739416,21
1512,1,0.287152631972029,21
1578,1,0.285771549020045,21
1647,1,0.284599000077122,21
1719,1,0.283437219634383,21
1794,1,0.282226488426728,21
1872,1,0.281101043558247,21
1954,1,0.280187856884437,21
2039,1,0.27894999265957,21
2128,1,0.277266732202926,21
2221,1,0.27612420941039,21
2318,1,0.274929842856922,21
2419,1,0.273327338747141,21
2524,1,0.271947574368762,21
2635,1,0.27061277777598,21
2749,1,0.269092298605706,21
2869,1,0.267684172993482,21
2995,1,0.266375863361174,21
3125,1,0.26485364020072,21
3262,1,0.263307779174121,21
3404,1,0.26159115219661,21
3553,1,0.260054106398922,21
3708,1,0.258391643338191,21
3870,1,0.25700865719027,21
4038,1,0.255342127094463,21
4215,1,0.253678759293371,21
4399,1,0.252104203196364,21
4591,1,0.250379468028043,21
4791,1,0.248652279359122,21
5000,1,0.247114439380958,21
1,0,0.34079577047222,22
2,0,0.451205911538692,22
3,0,0.50222635897732,22
4,0,0.532149448189162,22
5,0.0563380281690141,0.546184012571409,22
6,0.126760563380282,0.558132583400453,22
7,0.169014084507042,0.564252871487867,22
8,0.197183098591549,0.569610743979145,22
9,0.23943661971831,0.573964412697236,22
10,0.352112676056338,0.574400454945943,22
11,0.436619718309859,0.573360015839347,22
12,0.549295774647887,0.57312375072846,22
13,0.591549295774648,0.573352312247186,22
14,0.704225352112676,0.570989786501095,22
15,0.774647887323944,0.568295491683458,22
16,0.845070422535211,0.567955590770971,22
17,0.873239436619718,0.567342601595447,22
18,0.901408450704225,0.565533911329352,22
19,0.915492957746479,0.563354863987793,22
20,0.915492957746479,0.558900464611517,22
21,0.929577464788732,0.556934326344064,22
22,0.943661971830986,0.555876860943146,22
23,0.957746478873239,0.552918330831004,22
24,0.957746478873239,0.550943947726408,22
25,0.971830985915493,0.547186397783418,22
26,0.985915492957746,0.545690697909849,22
27,1,0.542921365214704,22
28,0.985915492957746,0.539892456817766,22
29,0.985915492957746,0.537101356570033,22
30,0.985915492957746,0.534512997061684,22
31,0.985915492957746,0.532211924940183,22
32,0.985915492957746,0.530215106536535,22
34,1,0.526558853708948,22
35,1,0.523797837605671,22
37,1,0.518385239875111,22
38,1,0.514819830852633,22
40,1,0.507812351565311,22
42,1,0.503203258071425,22
44,1,0.498280317181892,22
46,1,0.494244820833897,22
48,1,0.491967068072475,22
50,1,0.487042753442836,22
52,1,0.482521713928886,22
54,1,0.479952297892198,22
56,1,0.475739964397997,22
59,1,0.470759514721006,22
61,1,0.465749874717077,22
64,1,0.459492759013745,22
67,1,0.454270462940229,22
70,1,0.450077052037956,22
73,1,0.44544566177289,22
76,1,0.440481882339889,22
79,1,0.434707419085144,22
83,1,0.428821297310267,22
86,1,0.424742018334184,22
90,1,0.421133529542348,22
94,1,0.416164401061435,22
98,1,0.412447804451734,22
103,1,0.407206039403008,22
107,1,0.403309267746671,22
112,1,0.400106842027422,22
117,1,0.394739973789042,22
122,1,0.391898751259574,22
127,1,0.388621330824125,22
132,1,0.385328795143661,22
138,1,0.382386776886437,22
144,1,0.378687576468327,22
151,1,0.375095331597241,22
157,1,0.373689077506032,22
164,1,0.370710179924344,22
171,1,0.367472798086587,22
179,1,0.365026205922845,22
186,1,0.362013734815866,22
195,1,0.358295316070405,22
203,1,0.356025357384248,22
212,1,0.354325521302483,22
221,1,0.35091454277687,22
231,1,0.347968183081721,22
241,1,0.345705129778611,22
251,1,0.343234081996544,22
262,1,0.342254046984563,22
274,1,0.339687591918063,22
286,1,0.337190718548862,22
298,1,0.335165123256226,22
311,1,0.333325404134029,22
325,1,0.331320657480947,22
339,1,0.329984310611379,22
354,1,0.32867917361826,22
369,1,0.326489628127197,22
385,1,0.324743042954073,22
402,1,0.323393148166422,22
420,1,0.321276360379332,22
438,1,0.320767400532194,22
457,1,0.318891979924304,22
477,1,0.317010516347368,22
498,1,0.315416586326098,22
520,1,0.313857197854132,22
542,1,0.312454698313842,22
566,1,0.311073622244407,22
591,1,0.309834586581678,22
617,1,0.308577563399638,22
643,1,0.307646016090758,22
672,1,0.30653904774495,22
701,1,0.30535114731215,22
731,1,0.304399053408032,22
763,1,0.303049621640389,22
797,1,0.301598863857181,22
831,1,0.300581971878184,22
868,1,0.299563621244652,22
906,1,0.29823351087708,22
945,1,0.296929624874832,22
986,1,0.295863026730573,22
1029,1,0.294974850594919,22
1074,1,0.294097404290723,22
1121,1,0.293261871276446,22
1170,1,0.292219635725208,22
1221,1,0.291155814794128,22
1274,1,0.290260291529967,22
1330,1,0.288980641245554,22
1388,1,0.287744899563662,22
1449,1,0.286741094509267,22
1512,1,0.285905567535641,22
1578,1,0.28486179215575,22
1647,1,0.283875451907936,22
1719,1,0.282647919409894,22
1794,1,0.281403992232627,22
1872,1,0.280121231992718,22
1954,1,0.278676038973513,22
2039,1,0.277424758516105,22
2128,1,0.276128666539207,22
2221,1,0.275039072490353,22
2318,1,0.274007339484033,22
2419,1,0.272578283620833,22
2524,1,0.271528870746504,22
2635,1,0.269870143074127,22
2749,1,0.268467518819567,22
2869,1,0.266881705001438,22
2995,1,0.26529010031866,22
3125,1,0.263910981241308,22
3262,1,0.262339232010556,22
3404,1,0.260838804043167,22
3553,1,0.259236481487971,22
3708,1,0.257548816310108,22
3870,1,0.255962640523162,22
4038,1,0.254265352351591,22
4215,1,0.252518238036069,22
4399,1,0.251079482796616,22
4591,1,0.249427569256996,22
4791,1,0.24802322689221,22
5000,1,0.246571554415435,22
1,0,0.339641780185149,23
2,0,0.447850129624726,23
3,0,0.50096338990906,23
4,0.0140845070422535,0.527244380282305,23
5,0.0140845070422535,0.541998229139966,23
6,0.112676056338028,0.553398726402905,23
7,0.197183098591549,0.559979429238503,23
8,0.23943661971831,0.563722657699372,23
9,0.352112676056338,0.567516639132912,23
10,0.464788732394366,0.56793160185836,23
11,0.661971830985915,0.569019208217078,23
12,0.704225352112676,0.569023279875869,23
13,0.704225352112676,0.569580689075521,23
14,0.802816901408451,0.566229411152071,23
15,0.859154929577465,0.563842603049269,23
16,0.971830985915493,0.560922064310919,23
17,0.957746478873239,0.558491460625774,23
18,0.957746478873239,0.555598662752833,23
19,0.971830985915493,0.554820090933363,23
20,0.985915492957746,0.549442526028222,23
21,1,0.544501197408198,23
22,1,0.540261146692888,23
23,1,0.537985180912279,23
24,1,0.535618193512076,23
25,1,0.532131688870993,23
26,1,0.529641080512986,23
27,1,0.527142671076683,23
28,1,0.52396809346495,23
29,1,0.522679612663252,23
30,1,0.51992332188688,23
31,1,0.517582593305923,23
32,1,0.516042940739365,23
34,1,0.512482463680127,23
35,1,0.509951118537126,23
37,1,0.506666483058592,23
38,1,0.504028834766166,23
40,1,0.499066555466226,23
42,1,0.492005833302354,23
44,1,0.489862347593599,23
46,1,0.484132567213713,23
48,1,0.479484597642905,23
50,1,0.475933543726497,23
52,1,0.471647279476865,23
54,1,0.46621321026776,23
56,1,0.463301468594594,23
59,1,0.457809067413753,23
61,1,0.455406545459714,23
64,1,0.453167797747114,23
67,1,0.450614060136044,23
70,1,0.445222307040741,23
73,1,0.440656725911551,23
76,1,0.436948731716234,23
79,1,0.432956395183777,23
83,1,0.426585733611948,23
86,1,0.422623449342868,23
90,1,0.418018805875178,23
94,1,0.414194574039884,23
98,1,0.40850400782226,23
103,1,0.403152707164332,23
107,1,0.40115314741133,23
112,1,0.395433670877585,23
117,1,0.390224306130718,23
122,1,0.387116821656246,23
127,1,0.382754628408341,23
132,1,0.379193372510101,23
138,1,0.375912212439647,23
144,1,0.373137242469009,23
151,1,0.370331996066952,23
157,1,0.367146878421523,23
164,1,0.363181981156041,23
171,1,0.359436334147,23
179,1,0.356803288737378,23
186,1,0.353807072900903,23
195,1,0.349998327763023,23
203,1,0.347447107125108,23
212,1,0.345515680700256,23
221,1,0.343392563308829,23
231,1,0.343032975958818,23
241,1,0.341617289326249,23
251,1,0.339797863306156,23
262,1,0.338181100836267,23
274,1,0.335009543773806,23
286,1,0.334079587758905,23
298,1,0.33280842404054,23
311,1,0.331491271462973,23
325,1,0.329816090030569,23
339,1,0.327983527305985,23
354,1,0.326385889223958,23
369,1,0.325560503976452,23
385,1,0.32440584510768,23
402,1,0.322541721443425,23
420,1,0.321294634603668,23
438,1,0.320027643498931,23
457,1,0.318514764430868,23
477,1,0.318051926729246,23
498,1,0.316452834824352,23
520,1,0.314903921569831,23
542,1,0.313485994047542,23
566,1,0.312269173897208,23
591,1,0.311594957567115,23
617,1,0.309866287340183,23
643,1,0.308758888901724,23
672,1,0.307759652898824,23
701,1,0.306588932886586,23
731,1,0.306002639091222,23
763,1,0.304722713380563,23
797,1,0.303442743110785,23
831,1,0.302326084261889,23
868,1,0.301309386957009,23
906,1,0.300114411393112,23
945,1,0.299230228400473,23
986,1,0.298282769617291,23
1029,1,0.297227177872607,23
1074,1,0.295818324407329,23
1121,1,0.294230564411442,23
1170,1,0.293232964352183,23
1221,1,0.292342795864756,23
1274,1,0.290961730089742,23
1330,1,0.289763242347811,23
1388,1,0.28859815421307,23
1449,1,0.287307984552024,23
1512,1,0.286062626863035,23
1578,1,0.284869930196206,23
1647,1,0.28356090637903,23
1719,1,0.282357802828859,23
1794,1,0.281025233825718,23
1872,1,0.280063351102185,23
1954,1,0.278816549968487,23
2039,1,0.277542583596108,23
2128,1,0.27621118408942,23
2221,1,0.274772335882739,23
2318,1,0.273527829924225,23
2419,1,0.271897446203802,23
2524,1,0.270607068695526,23
2635,1,0.269252809165124,23
2749,1,0.267997250984363,23
2869,1,0.266337068996186,23
2995,1,0.265000323664595,23
3125,1,0.263701291732341,23
3262,1,0.262042464127524,23
3404,1,0.260571767136921,23
3553,1,0.259001138368817,23
3708,1,0.257548321172968,23
3870,1,0.256200202573612,23
4038,1,0.254728256264742,23
4215,1,0.253266259930536,23
4399,1,0.251509594590195,23
4591,1,0.249808102510064,23
4791,1,0.248256561785147,23
5000,1,0.246583307440143,23
1,0,0.341645235544648,24
2,0,0.449053916687071,24
3,0,0.502388577370149,24
4,0.0140845070422535,0.528226650469411,24
5,0.0845070422535211,0.544605545783381,24
6,0.0845070422535211,0.554893955842764,24
7,0.169014084507042,0.563145339142477,24
8,0.253521126760563,0.564864584731977,24
9,0.352112676056338,0.567894284161441,24
10,0.450704225352113,0.567441413217828,24
11,0.52112676056338,0.570311765844271,24
12,0.647887323943662,0.568985936751512,24
13,0.661971830985915,0.567393242734983,24
14,0.71830985915493,0.568090580168181,24
15,0.830985915492958,0.566195329103208,24
16,0.873239436619718,0.562931304023768,24
17,0.901408450704225,0.560704244663503,24
18,0.915492957746479,0.559022970909848,24
19,0.929577464788732,0.55585544917657,24
20,0.929577464788732,0.551438697668655,24
21,0.943661971830986,0.548544444132382,24
22,0.957746478873239,0.547128655818675,24
23,1,0.54478493514302,24
24,1,0.5428769586362,24
25,1,0.540203401268843,24
26,1,0.536906025904007,24
27,1,0.532475839078015,24
28,1,0.530303169690223,24
29,1,0.528903507615843,24
30,1,0.527703319363234,24
31,1,0.525438032736916,24
32,1,0.520838578481824,24
34,1,0.515973229892237,24
35,1,0.514556068045414,24
37,1,0.510562977421763,24
38,1,0.506854666274554,24
40,1,0.50373477243835,24
42,1,0.499543423839077,24
44,1,0.496323572026113,24
46,1,0.491528219542785,24
48,1,0.490698606996711,24
50,1,0.484010456576122,24
52,1,0.481275610392549,24
54,1,0.478177751306441,24
56,1,0.473583288972601,24
59,1,0.46887922511099,24
61,1,0.465206095017031,24
64,1,0.462178544398221,24
67,1,0.45799042889589,24
70,1,0.453597837995508,24
73,1,0.449533239941156,24
76,1,0.444513948369196,24
79,1,0.442283537065317,24
83,1,0.4363697050895,24
86,1,0.432988849053576,24
90,1,0.428134136875142,24
94,1,0.423359703912304,24
98,1,0.419749335641498,24
103,1,0.413836057256122,24
107,1,0.408425598011468,24
112,1,0.403657509899022,24
117,1,0.400495362554079,24
122,1,0.396252839113209,24
127,1,0.393919189209799,24
132,1,0.390957534817347,24
138,1,0.388032714213466,24
144,1,0.384412687175264,24
151,1,0.380760334654026,24
157,1,0.379440960521898,24
164,1,0.37571378655297,24
171,1,0.372510485792226,24
179,1,0.369577534148428,24
186,1,0.367287538405792,24
195,1,0.364014811468884,24
203,1,0.361622263184275,24
212,1,0.359613599648642,24
221,1,0.357625011782605,24
231,1,0.354986397310705,24
241,1,0.35264647903741,24
251,1,0.35123130410543,24
262,1,0.349383497764582,24
274,1,0.346909364408844,24
286,1,0.344239010060333,24
298,1,0.342809473132002,24
311,1,0.340452163078612,24
325,1,0.33924794544002,24
339,1,0.337077085127799,24
354,1,0.335934725487632,24
369,1,0.333901772459412,24
385,1,0.332527644864896,24
402,1,0.331288013512546,24
420,1,0.330211622265279,24
438,1,0.329002744661136,24
457,1,0.327519960081245,24
477,1,0.326411370297266,24
498,1,0.324346968061274,24
520,1,0.323161175347288,24
542,1,0.321960507827778,24
566,1,0.320126626920317,24
591,1,0.319297137634509,24
617,1,0.31864280565387,24
643,1,0.317138416337826,24
672,1,0.316552133727627,24
701,1,0.315847786155465,24
731,1,0.314748739432947,24
763,1,0.313251423481581,24
797,1,0.311854776644182,24
831,1,0.311004104788176,24
868,1,0.309874009400204,24
906,1,0.308706708468887,24
945,1,0.307648644616349,24
986,1,0.306284363940219,24
1029,1,0.305126239672632,24
1074,1,0.304183521988135,24
1121,1,0.302893486064638,24
1170,1,0.301410741131604,24
1221,1,0.299677908756656,24
1274,1,0.298215760746982,24
1330,1,0.297561653474272,24
1388,1,0.29622710634825,24
1449,1,0.294922840245487,24
1512,1,0.29352455840898,24
1578,1,0.29250622494856,24
1647,1,0.291285395415881,24
1719,1,0.290072226249115,24
1794,1,0.288647336974173,24
1872,1,0.287399803951314,24
1954,1,0.286291512181289,24
2039,1,0.28485659920344,24
2128,1,0.283411556002732,24
2221,1,0.282173737024705,24
2318,1,0.280745513877653,24
2419,1,0.279090494228407,24
2524,1,0.277520281431148,24
2635,1,0.275954849211493,24
2749,1,0.274747682278182,24
2869,1,0.273036367115055,24
2995,1,0.271661364158327,24
3125,1,0.270295664482589,24
3262,1,0.268766585665428,24
3404,1,0.267224762508161,24
3553,1,0.265501112290672,24
3708,1,0.263840660462341,24
3870,1,0.262381305455814,24
4038,1,0.260881013697192,24
4215,1,0.259421843171106,24
4399,1,0.257796791490085,24
4591,1,0.256526432085955,24
4791,1,0.255090115247206,24
5000,1,0.253481178280567,24
1,0,0.338824370398473,25
2,0,0.446846392676422,25
3,0.0140845070422535,0.498185199562006,25
4,0.0563380281690141,0.530022000121876,25
5,0.0140845070422535,0.545796538303581,25
6,0.0845070422535211,0.556489835876531,25
7,0.169014084507042,0.564843679361914,25
8,0.225352112676056,0.570061488893905,25
9,0.211267605633803,0.572979606466618,25
10,0.366197183098592,0.57306731454232,25
11,0.47887323943662,0.573304953238423,25
12,0.549295774647887,0.572977136086373,25
13,0.647887323943662,0.571288369936912,25
14,0.676056338028169,0.570440230558224,25
15,0.71830985915493,0.569212343487809,25
16,0.802816901408451,0.565154714940581,25
17,0.845070422535211,0.561645957498994,25
18,0.887323943661972,0.559185849700363,25
19,0.943661971830986,0.555575617721762,25
20,0.929577464788732,0.5525832494696,25
21,0.929577464788732,0.549838288207139,25
22,0.971830985915493,0.546701272776174,25
23,0.985915492957746,0.542472675496959,25
24,1,0.539593885500173,25
25,1,0.537778889996026,25
26,1,0.535775273692381,25
27,1,0.532149547438602,25
28,1,0.531145943191151,25
29,1,0.529091058138054,25
30,1,0.526971061128935,25
31,1,0.523700557426564,25
32,1,0.521910383308106,25
34,1,0.515128393878824,25
35,1,0.512807217842775,25
37,1,0.505933669731653,25
38,1,0.504442692370967,25
40,1,0.499019761672327,25
42,1,0.493997793724659,25
44,1,0.491523062944519,25
46,1,0.48811992574304,25
48,1,0.484893924364614,25
50,1,0.480021757215651,25
52,1,0.476810896626462,25
54,1,0.472348001017757,25
56,1,0.469200981344936,25
59,1,0.460898698359349,25
61,1,0.456929083129664,25
64,1,0.450671972017339,25
67,1,0.445720755212207,25
70,1,0.439705715557887,25
73,1,0.435775248911168,25
76,1,0.432405927958065,25
79,1,0.429339886864316,25
83,1,0.424976255254593,25
86,1,0.421293822262704,25
90,1,0.416065701518271,25
94,1,0.411964470355786,25
98,1,0.406669202912141,25
103,1,0.399237887050228,25
107,1,0.395678420813753,25
112,1,0.391445352222946,25
117,1,0.388052254853559,25
122,1,0.386623889104194,25
127,1,0.383956669055366,25
132,1,0.380155267571984,25
138,1,0.37644869364496,25
144,1,0.372861365997854,25
151,1,0.368052401420822,25
157,1,0.366486376608114,25
164,1,0.365053399498479,25
171,1,0.36326357033066,25
179,1,0.359820449523422,25
186,1,0.356666459223872,25
195,1,0.355102532392998,25
203,1,0.351953310124256,25
212,1,0.349482958876873,25
221,1,0.34663210996121,25
231,1,0.343388772123342,25
241,1,0.341539281266601,25
251,1,0.339679226881079,25
262,1,0.33825118562765,25
274,1,0.33720146547086,25
286,1,0.336187489521378,25
298,1,0.334407964758741,25
311,1,0.331393138991646,25
325,1,0.329423519175586,25
339,1,0.327504332863554,25
354,1,0.325489381558839,25
369,1,0.324421726420795,25
385,1,0.323592414548205,25
402,1,0.322099492408932,25
420,1,0.320462745899679,25
438,1,0.319003494986185,25
457,1,0.31798204436927,25
477,1,0.316362833603373,25
498,1,0.31552517162318,25
520,1,0.313691534665757,25
542,1,0.312672546373925,25
566,1,0.311132749167675,25
591,1,0.310147039973839,25
617,1,0.308764872551435,25
643,1,0.307509545391122,25
672,1,0.306243283785318,25
701,1,0.305230441958219,25
731,1,0.30423319662824,25
763,1,0.303582261231869,25
797,1,0.302310233627587,25
831,1,0.301535776537203,25
868,1,0.300978142503186,25
906,1,0.299698085180241,25
945,1,0.298542917366647,25
986,1,0.297194333912771,25
1029,1,0.296196516628286,25
1074,1,0.295370613257129,25
1121,1,0.29403919478165,25
1170,1,0.292599607255292,25
1221,1,0.291722523633795,25
1274,1,0.290792794044007,25
1330,1,0.289969478668837,25
1388,1,0.288565396453551,25
1449,1,0.287310565360583,25
1512,1,0.285784766675205,25
1578,1,0.284506898142587,25
1647,1,0.282865946432459,25
1719,1,0.281806724883047,25
1794,1,0.280724982408729,25
1872,1,0.279472835553299,25
1954,1,0.278187826894048,25
2039,1,0.277181020248694,25
2128,1,0.275938139719745,25
2221,1,0.274436213837494,25
2318,1,0.273275479061831,25
2419,1,0.272004006640908,25
2524,1,0.270418096349899,25
2635,1,0.26900397302214,25
2749,1,0.267798481742244,25
2869,1,0.26637884563183,25
2995,1,0.264930240208942,25
3125,1,0.263430382869248,25
3262,1,0.261926697961141,25
3404,1,0.260507280075329,25
3553,1,0.259100675754772,25
3708,1,0.257424557152112,25
3870,1,0.255806957870984,25
4038,1,0.254329768885147,25
4215,1,0.252887789907322,25
4399,1,0.251438690927309,25
4591,1,0.249847978111153,25
4791,1,0.248449039129244,25
5000,1,0.246901899990255,25
1,0,0.339080812684489,26
2,0,0.448300759676633,26
3,0,0.498735279180094,26
4,0,0.527278342836342,26
5,0.140845070422535,0.543652437016647,26
6,0.140845070422535,0.554477539569569,26
7,0.126760563380282,0.564109923194387,26
8,0.211267605633803,0.567646235586508,26
9,0.394366197183099,0.56893084426393,26
10,0.52112676056338,0.567439779460847,26
11,0.619718309859155,0.568118406696456,26
12,0.71830985915493,0.565346364555589,26
13,0.788732394366197,0.565386964003368,26
14,0.845070422535211,0.560113571188573,26
15,0.887323943661972,0.558679390690605,26
16,0.929577464788732,0.558401610663856,26
17,0.929577464788732,0.55339785413887,26
18,0.943661971830986,0.548864821867903,26
19,0.971830985915493,0.546825256275438,26
20,0.971830985915493,0.543688586405476,26
21,1,0.53931001523736,26
22,1,0.536708359328705,26
23,1,0.534095436990891,26
24,1,0.531361663384183,26
25,1,0.529182769707723,26
26,1,0.525747021807592,26
27,1,0.522077557023219,26
28,1,0.521183243833975,26
29,1,0.518969120598709,26
30,1,0.515052621880218,26
31,1,0.514016743377138,26
32,1,0.509771221050289,26
34,1,0.503574356743124,26
35,1,0.501327909251826,26
37,1,0.495784697137054,26
38,1,0.492446985555646,26
40,1,0.489756452717264,26
42,1,0.485844427289815,26
44,1,0.48194920568217,26
46,1,0.476946920425556,26
48,1,0.472644234097493,26
50,1,0.470019052135926,26
52,1,0.464419856450621,26
54,1,0.462090925859251,26
56,1,0.458586737955599,26
59,1,0.455796853975677,26
61,1,0.4528350041946,26
64,1,0.450640706377761,26
67,1,0.445798541024251,26
70,1,0.442390682068314,26
73,1,0.439741056330868,26
76,1,0.435897312568751,26
79,1,0.430482573530755,26
83,1,0.426024883801801,26
86,1,0.42333601119425,26
90,1,0.41570126468779,26
94,1,0.411746168073137,26
98,1,0.406399304180746,26
103,1,0.401074516761238,26
107,1,0.398316474914109,26
112,1,0.394276220422466,26
117,1,0.389641135780181,26
122,1,0.386714923545152,26
127,1,0.383232878809349,26
132,1,0.380538972878511,26
138,1,0.37700565285316,26
144,1,0.374335565615675,26
151,1,0.372037066478509,26
157,1,0.370446111815495,26
164,1,0.366781837333526,26
171,1,0.365243679357784,26
179,1,0.36118233195133,26
186,1,0.359974511075727,26
195,1,0.356209777917554,26
203,1,0.35480419719956,26
212,1,0.350419314983232,26
221,1,0.348367460169445,26
231,1,0.345439799288477,26
241,1,0.343332506194748,26
251,1,0.341432160065275,26
262,1,0.339977644883325,26
274,1,0.338475254142692,26
286,1,0.336004610955695,26
298,1,0.334124086028024,26
311,1,0.333107428712618,26
325,1,0.331903761683308,26
339,1,0.330916629210348,26
354,1,0.329758531273685,26
369,1,0.329004523853293,26
385,1,0.327519155649966,26
402,1,0.3268199230731,26
420,1,0.325975664251139,26
438,1,0.324933679200323,26
457,1,0.323338243438276,26
477,1,0.321614442870793,26
498,1,0.32043516904006,26
520,1,0.319525683627357,26
542,1,0.318889375823201,26
566,1,0.317937628416186,26
591,1,0.317725179237701,26
617,1,0.316195683493788,26
643,1,0.314989695173877,26
672,1,0.31409283192516,26
701,1,0.312565677518303,26
731,1,0.311465765374201,26
763,1,0.310484824631876,26
797,1,0.309302605266397,26
831,1,0.307996401961879,26
868,1,0.306743563522181,26
906,1,0.305531681372105,26
945,1,0.304574747711128,26
986,1,0.303083613286777,26
1029,1,0.301868627071779,26
1074,1,0.300767160435076,26
1121,1,0.299565155388525,26
1170,1,0.298242478438413,26
1221,1,0.297572295463032,26
1274,1,0.296172080385053,26
1330,1,0.29507566810088,26
1388,1,0.293410101821409,26
1449,1,0.292146544932544,26
1512,1,0.290976643122324,26
1578,1,0.289697100984636,26
1647,1,0.288216982448896,26
1719,1,0.287028583217015,26
1794,1,0.285577557943989,26
1872,1,0.284229106537004,26
1954,1,0.282781145102439,26
2039,1,0.281511171443779,26
2128,1,0.280450497769529,26
2221,1,0.279171468074163,26
2318,1,0.277540746542786,26
2419,1,0.276054311496414,26
2524,1,0.274528195275633,26
2635,1,0.273028937297273,26
2749,1,0.271433556163525,26
2869,1,0.270073081771114,26
2995,1,0.268663104936661,26
3125,1,0.266952334661081,26
3262,1,0.265495782510407,26
3404,1,0.263997172041334,26
3553,1,0.262491283246157,26
3708,1,0.261002174454978,26
3870,1,0.259413847094574,26
4038,1,0.257997768226737,26
4215,1,0.256572583052562,26
4399,1,0.255167533844862,26
4591,1,0.25353333345897,26
4791,1,0.251944278825576,26
5000,1,0.250147774190797,26
1,0,0.33763832482565,27
2,0,0.446851680565123,27
3,0,0.498145878341663,27
4,0.0422535211267606,0.525447962245909,27
5,0.183098591549296,0.541350265405512,27
6,0.154929577464789,0.549055271441264,27
7,0.253521126760563,0.556169829138968,27
8,0.408450704225352,0.560290883363735,27
9,0.47887323943662,0.563161828004326,27
10,0.633802816901408,0.563028857212973,27
11,0.690140845070423,0.56255992504605,27
12,0.76056338028169,0.563437651367294,27
13,0.788732394366197,0.564168362606798,27
14,0.816901408450704,0.560767556576919,27
15,0.915492957746479,0.559151618291926,27
16,0.957746478873239,0.556160346325855,27
17,0.943661971830986,0.554009491560645,27
18,0.957746478873239,0.549865687787319,27
19,0.971830985915493,0.547115098732763,27
20,0.971830985915493,0.542296333840738,27
21,0.985915492957746,0.539816368630498,27
22,0.985915492957746,0.536938004519533,27
23,0.985915492957746,0.53623144748119,27
24,0.985915492957746,0.533210884851009,27
25,1,0.52939628717715,27
26,1,0.528466929853551,27
27,1,0.525541802840111,27
28,1,0.523656540089257,27
29,1,0.521476054796439,27
30,1,0.518262638599187,27
31,1,0.514597673479069,27
32,1,0.511458956284654,27
34,1,0.504838919701774,27
35,1,0.50159897169333,27
37,1,0.497173331030286,27
38,1,0.49625442934362,27
40,1,0.492556399697249,27
42,1,0.485599193762186,27
44,1,0.481872911158786,27
46,1,0.478338523979599,27
48,1,0.474376619265158,27
50,1,0.470382865963419,27
52,1,0.465765155685923,27
54,1,0.462611271843755,27
56,1,0.457567224469006,27
59,1,0.454044900711242,27
61,1,0.45087504070642,27
64,1,0.446989097467491,27
67,1,0.442393138454327,27
70,1,0.438367576940547,27
73,1,0.436260115207357,27
76,1,0.431460531015895,27
79,1,0.426391454578627,27
83,1,0.421884967215839,27
86,1,0.417501511271814,27
90,1,0.413369856399617,27
94,1,0.408633838151342,27
98,1,0.404700906125587,27
103,1,0.401753241592112,27
107,1,0.398562189518396,27
112,1,0.3953082319042,27
117,1,0.391896748842187,27
122,1,0.389432566094736,27
127,1,0.387187637181464,27
132,1,0.384536820411255,27
138,1,0.38117602636663,27
144,1,0.377034987051568,27
151,1,0.372439802159669,27
157,1,0.370673978975339,27
164,1,0.367320186034195,27
171,1,0.365672714981972,27
179,1,0.362012276676888,27
186,1,0.359695378066702,27
195,1,0.356652914745021,27
203,1,0.354034039760744,27
212,1,0.352634382465965,27
221,1,0.350201302303857,27
231,1,0.346272030013967,27
241,1,0.344208062153627,27
251,1,0.341735761576168,27
262,1,0.340378868684011,27
274,1,0.338529453034809,27
286,1,0.336155406801972,27
298,1,0.33360521498451,27
311,1,0.331386342962468,27
325,1,0.329453017873744,27
339,1,0.328123583015727,27
354,1,0.326857867605819,27
369,1,0.32499141671571,27
385,1,0.323857897215232,27
402,1,0.322049906443364,27
420,1,0.320771082609075,27
438,1,0.319623505542567,27
457,1,0.317873656078034,27
477,1,0.316507485633389,27
498,1,0.31574440280588,27
520,1,0.314332163103043,27
542,1,0.313631041942682,27
566,1,0.312731591000552,27
591,1,0.311642229773627,27
617,1,0.310887511651883,27
643,1,0.309790952545793,27
672,1,0.309209149668157,27
701,1,0.307542045976977,27
731,1,0.306087553808306,27
763,1,0.305651697322888,27
797,1,0.304652739114696,27
831,1,0.304065109372118,27
868,1,0.303045438954732,27
906,1,0.301753191477814,27
945,1,0.300190104979484,27
986,1,0.299695079005986,27
1029,1,0.29889730931166,27
1074,1,0.297384877065606,27
1121,1,0.296447295090233,27
1170,1,0.294686592055073,27
1221,1,0.293749567485951,27
1274,1,0.292583553243088,27
1330,1,0.291711679446781,27
1388,1,0.290534969554075,27
1449,1,0.289441072979044,27
1512,1,0.28834262681815,27
1578,1,0.286829092670118,27
1647,1,0.285183770744692,27
1719,1,0.28374052239305,27
1794,1,0.28242158301755,27
1872,1,0.281106969282808,27
1954,1,0.279863848340612,27
2039,1,0.278316209722498,27
2128,1,0.277147038083986,27
2221,1,0.275897165031281,27
2318,1,0.274323582196229,27
2419,1,0.272978891551313,27
2524,1,0.271771869708129,27
2635,1,0.270198488016254,27
2749,1,0.268874533396628,27
2869,1,0.267740679666569,27
2995,1,0.26631326275101,27
3125,1,0.264701219097359,27
3262,1,0.263157902454523,27
3404,1,0.261553341476562,27
3553,1,0.260172010346115,27
3708,1,0.258702273966638,27
3870,1,0.257012745409033,27
4038,1,0.255397902375881,27
4215,1,0.253831348821964,27
4399,1,0.252202754709401,27
4591,1,0.250675929115046,27
4791,1,0.249159379468198,27
5000,1,0.247179797001792,27
1,0,0.3404752176147,28
2,0,0.448915831313455,28
3,0,0.499674474050421,28
4,0,0.528682655713869,28
5,0,0.54534285537825,28
6,0.0845070422535211,0.555291377345767,28
7,0.183098591549296,0.559493023229156,28
8,0.380281690140845,0.562232302105489,28
9,0.450704225352113,0.562580279126726,28
10,0.591549295774648,0.562792302407472,28
11,0.661971830985915,0.561907340493174,28
12,0.647887323943662,0.560842853922771,28
13,0.76056338028169,0.558914986188696,28
14,0.830985915492958,0.558160722534438,28
15,0.887323943661972,0.554549620598016,28
16,0.915492957746479,0.551349030396062,28
17,0.929577464788732,0.550909283670918,28
18,0.957746478873239,0.549060870205968,28
19,0.971830985915493,0.546231145822207,28
20,0.957746478873239,0.543607733188642,28
21,0.985915492957746,0.539095745443577,28
22,0.985915492957746,0.536602094855368,28
23,0.985915492957746,0.533622315673228,28
24,1,0.528145898539448,28
25,1,0.525516185233133,28
26,1,0.522711357009787,28
27,1,0.520333261930404,28
28,1,0.517780458906915,28
29,1,0.513959946518571,28
30,1,0.511482467115933,28
31,1,0.508141268988006,28
32,1,0.506409235169545,28
34,1,0.502718030307012,28
35,1,0.50086676858108,28
37,1,0.495778474396089,28
38,1,0.492559922420038,28
40,1,0.489117534594373,28
42,1,0.48498577141236,28
44,1,0.480764795857684,28
46,1,0.47459467127352,28
48,1,0.47203604134077,28
50,1,0.467432546834696,28
52,1,0.465466097774487,28
54,1,0.462422524583209,28
56,1,0.460277688051357,28
59,1,0.453545360755438,28
61,1,0.449974457057461,28
64,1,0.44282565837238,28
67,1,0.440493985343501,28
70,1,0.438196644774606,28
73,1,0.435030809034382,28
76,1,0.431243998317553,28
79,1,0.426252593824112,28
83,1,0.421081547234089,28
86,1,0.417831861674261,28
90,1,0.413721363307355,28
94,1,0.409418339376789,28
98,1,0.404675492842866,28
103,1,0.398767317098503,28
107,1,0.393770131851581,28
112,1,0.389797206245863,28
117,1,0.385781126176407,28
122,1,0.382445226151131,28
127,1,0.37898436698549,28
132,1,0.37575462101892,28
138,1,0.372963299877428,28
144,1,0.370324112439001,28
151,1,0.36760579342758,28
157,1,0.365429012644701,28
164,1,0.361465048616706,28
171,1,0.359043317050429,28
179,1,0.355905264710206,28
186,1,0.354700147225193,28
195,1,0.352603003630475,28
203,1,0.350201710720363,28
212,1,0.348571821342498,28
221,1,0.345145638105851,28
231,1,0.342714319340674,28
241,1,0.34138039279144,28
251,1,0.339859150924152,28
262,1,0.339153155046196,28
274,1,0.336937198664628,28
286,1,0.333723105508088,28
298,1,0.332657717261589,28
311,1,0.331296417797718,28
325,1,0.32875527932387,28
339,1,0.326743957259518,28
354,1,0.325318620383724,28
369,1,0.323816664122113,28
385,1,0.321913364467391,28
402,1,0.320619333392754,28
420,1,0.31970980237666,28
438,1,0.317820188309057,28
457,1,0.31642024785771,28
477,1,0.314608747861902,28
498,1,0.312625343488198,28
520,1,0.311018998263155,28
542,1,0.309915160669681,28
566,1,0.308754118666651,28
591,1,0.307809134238253,28
617,1,0.306554847999591,28
643,1,0.305686571110115,28
672,1,0.304260116228094,28
701,1,0.302927525667206,28
731,1,0.301771991584785,28
763,1,0.300710409093668,28
797,1,0.299656080248393,28
831,1,0.298522070834212,28
868,1,0.297130463803787,28
906,1,0.296151859825309,28
945,1,0.295140034828363,28
986,1,0.294242534725092,28
1029,1,0.29344477901837,28
1074,1,0.292421804773639,28
1121,1,0.29127916122225,28
1170,1,0.289887924695277,28
1221,1,0.288901324175721,28
1274,1,0.287544718524499,28
1330,1,0.286428467176436,28
1388,1,0.284888231009205,28
1449,1,0.283549731515193,28
1512,1,0.28262344766214,28
1578,1,0.281164444047486,28
1647,1,0.279463429001216,28
1719,1,0.278391333640184,28
1794,1,0.276911985713382,28
1872,1,0.275853534360786,28
1954,1,0.274946869209851,28
2039,1,0.273703602078501,28
2128,1,0.272437113326576,28
2221,1,0.271086205920433,28
2318,1,0.269619913056091,28
2419,1,0.268220696013644,28
2524,1,0.266937832972683,28
2635,1,0.265536624719185,28
2749,1,0.26407744748172,28
2869,1,0.262850478998433,28
2995,1,0.261223333465674,28
3125,1,0.259798031311936,28
3262,1,0.258207092741172,28
3404,1,0.256678788312691,28
3553,1,0.255241862561612,28
3708,1,0.25360490648973,28
3870,1,0.252041497751849,28
4038,1,0.250599816834807,28
4215,1,0.248888336395077,28
4399,1,0.247377178112593,28
4591,1,0.245807555080229,28
4791,1,0.244109537404723,28
5000,1,0.242389037799344,28
1,0,0.340507272900452,29
2,0,0.449789084576591,29
3,0,0.502794517053433,29
4,0.0140845070422535,0.531078629194272,29
5,0.0563380281690141,0.548092092201389,29
6,0.028169014084507,0.557616477093817,29
7,0.126760563380282,0.564157449733399,29
8,0.197183098591549,0.567492224407015,29
9,0.211267605633803,0.571597109881013,29
10,0.408450704225352,0.574754232476952,29
11,0.577464788732394,0.572525155186048,29
12,0.647887323943662,0.574057096076469,29
13,0.788732394366197,0.574014717535783,29
14,0.859154929577465,0.573199441477964,29
15,0.887323943661972,0.571819662272637,29
16,0.915492957746479,0.569731885452666,29
17,0.929577464788732,0.568447789507138,29
18,0.957746478873239,0.566374761502225,29
19,0.957746478873239,0.564227752615259,29
20,0.971830985915493,0.558330382312335,29
21,0.971830985915493,0.555240475116799,29
22,0.985915492957746,0.55023495299191,29
23,0.985915492957746,0.547181723768753,29
24,1,0.545607086730837,29
25,1,0.542009348731382,29
26,1,0.539937892633529,29
27,1,0.535816880286432,29
28,1,0.534312905869363,29
29,1,0.530729741858798,29
30,1,0.529159348739829,29
31,1,0.526193901649964,29
32,1,0.522809496461631,29
34,1,0.518232683143778,29
35,1,0.515708138708463,29
37,1,0.509347244408534,29
38,1,0.50791459255136,29
40,1,0.503254820543467,29
42,1,0.500060849123781,29
44,1,0.493335461845861,29
46,1,0.48881514017953,29
48,1,0.48443071890253,29
50,1,0.480304962486894,29
52,1,0.475375686842152,29
54,1,0.469647027423348,29
56,1,0.467222000252875,29
59,1,0.463904153323034,29
61,1,0.460840033503034,29
64,1,0.455295513198592,29
67,1,0.450515263467643,29
70,1,0.444763652955112,29
73,1,0.438622555819465,29
76,1,0.434611543664693,29
79,1,0.429128382927792,29
83,1,0.42443339399102,29
86,1,0.420863176152935,29
90,1,0.416164984023907,29
94,1,0.414261345065807,29
98,1,0.410786021621566,29
103,1,0.407127907705943,29
107,1,0.404080509187074,29
112,1,0.400239246422701,29
117,1,0.395513488487025,29
122,1,0.393708864745462,29
127,1,0.389063209189564,29
132,1,0.386549990180587,29
138,1,0.382159271019058,29
144,1,0.377533876438085,29
151,1,0.373321874054763,29
157,1,0.371685427148177,29
164,1,0.370532764311902,29
171,1,0.367926231937162,29
179,1,0.364850500147935,29
186,1,0.362779014861611,29
195,1,0.360326581471203,29
203,1,0.358148574451299,29
212,1,0.35441700890165,29
221,1,0.351096827928535,29
231,1,0.34950585418364,29
241,1,0.347341746691962,29
251,1,0.344560628178251,29
262,1,0.342852068987004,29
274,1,0.339955523353523,29
286,1,0.337681642316598,29
298,1,0.336521487430168,29
311,1,0.334463453554445,29
325,1,0.331388058318085,29
339,1,0.329933662302812,29
354,1,0.328530395197213,29
369,1,0.326580311612892,29
385,1,0.326126392785374,29
402,1,0.325324884383718,29
420,1,0.32370449643712,29
438,1,0.322508962860936,29
457,1,0.322045601932836,29
477,1,0.32111899295283,29
498,1,0.320426179319958,29
520,1,0.318885136430886,29
542,1,0.317166309552126,29
566,1,0.315983668317856,29
591,1,0.315546041436433,29
617,1,0.314669551057703,29
643,1,0.313752178687067,29
672,1,0.312227866021824,29
701,1,0.311524752018429,29
731,1,0.310361487625182,29
763,1,0.309227359919852,29
797,1,0.30802546164997,29
831,1,0.306850453958688,29
868,1,0.306098486965575,29
906,1,0.305050371542306,29
945,1,0.304277277488759,29
986,1,0.302807285996945,29
1029,1,0.301425995113487,29
1074,1,0.300186391540143,29
1121,1,0.299121814544279,29
1170,1,0.29793291358071,29
1221,1,0.296870021081808,29
1274,1,0.295764219362685,29
1330,1,0.294696542047285,29
1388,1,0.293122576336523,29
1449,1,0.292016136018545,29
1512,1,0.290550130422521,29
1578,1,0.289246129048842,29
1647,1,0.287704929806457,29
1719,1,0.286476903907271,29
1794,1,0.28476287647157,29
1872,1,0.283420477605595,29
1954,1,0.281954033679334,29
2039,1,0.280409991138539,29
2128,1,0.279074665426585,29
2221,1,0.277523799130053,29
2318,1,0.276206950419432,29
2419,1,0.27498000794761,29
2524,1,0.273603931167678,29
2635,1,0.272156325322218,29
2749,1,0.270819529772646,29
2869,1,0.269546050950557,29
2995,1,0.267784676687833,29
3125,1,0.266069842609349,29
3262,1,0.264592920955678,29
3404,1,0.262823738171148,29
3553,1,0.26140226982195,29
3708,1,0.259921783197867,29
3870,1,0.258456916013796,29
4038,1,0.257017377529024,29
4215,1,0.255502442322162,29
4399,1,0.25391088164637,29
4591,1,0.25232921308551,29
4791,1,0.250717239909219,29
5000,1,0.249277981079494,29
1,0,0.339401365542009,30
2,0,0.451207503641655,30
3,0,0.504179435775797,30
4,0,0.53609877956616,30
5,0.0140845070422535,0.55122698505328,30
6,0.0704225352112676,0.560967464356322,30
7,0.0985915492957746,0.56902436136812,30
8,0.112676056338028,0.571274297877993,30
9,0.183098591549296,0.572889237121632,30
10,0.366197183098592,0.573100281864035,30
11,0.464788732394366,0.572724254654225,30
12,0.549295774647887,0.570174166883355,30
13,0.633802816901408,0.569101867325445,30
14,0.661971830985915,0.568273979180168,30
15,0.802816901408451,0.565952170682584,30
16,0.859154929577465,0.563410979006467,30
17,0.859154929577465,0.56132917288136,30
18,0.887323943661972,0.560190188226377,30
19,0.873239436619718,0.557848427694771,30
20,0.915492957746479,0.554291406658399,30
21,0.943661971830986,0.551894015625835,30
22,0.957746478873239,0.548499149552054,30
23,0.985915492957746,0.545076150738544,30
24,0.985915492957746,0.541664016962431,30
25,0.985915492957746,0.540884983040283,30
26,0.985915492957746,0.538474691976068,30
27,1,0.536011658933581,30
28,1,0.533204115581486,30
29,1,0.529696160832021,30
30,1,0.527383411910801,30
31,1,0.524555801693474,30
32,1,0.522993975042022,30
34,1,0.516673117079655,30
35,1,0.51344433533109,30
37,1,0.505944397397078,30
38,1,0.504079176980263,30
40,1,0.497931262945744,30
42,1,0.493072294735729,30
44,1,0.488377367086854,30
46,1,0.486306883403779,30
48,1,0.481701656726417,30
50,1,0.476796166863761,30
52,1,0.47309829831025,30
54,1,0.470431285170494,30
56,1,0.466248402259378,30
59,1,0.460430135960296,30
61,1,0.454645492075315,30
64,1,0.448622806828399,30
67,1,0.444269118502345,30
70,1,0.43923978582124,30
73,1,0.435484307954737,30
76,1,0.431130423186672,30
79,1,0.428540692294247,30
83,1,0.423331540247073,30
86,1,0.419913306850476,30
90,1,0.418103070154886,30
94,1,0.411526831440269,30
98,1,0.407486536569323,30
103,1,0.401203155861976,30
107,1,0.396068012485521,30
112,1,0.389479656413978,30
117,1,0.385582102802719,30
122,1,0.381844365548839,30
127,1,0.380450044925537,30
132,1,0.377487849127801,30
138,1,0.373871294412892,30
144,1,0.369893421715153,30
151,1,0.365786119581005,30
157,1,0.363050153312499,30
164,1,0.360852922239161,30
171,1,0.360229929397709,30
179,1,0.357731206883041,30
186,1,0.355062238087061,30
195,1,0.35247958953034,30
203,1,0.350088259724807,30
212,1,0.349416467496841,30
221,1,0.348341615582732,30
231,1,0.346251839696221,30
241,1,0.344021017623149,30
251,1,0.341428255017031,30
262,1,0.337762098928951,30
274,1,0.335070720148527,30
286,1,0.332181129712527,30
298,1,0.330830142037085,30
311,1,0.329082067600087,30
325,1,0.327968792654924,30
339,1,0.326339406737743,30
354,1,0.324887333910246,30
369,1,0.324071995515262,30
385,1,0.321463325588937,30
402,1,0.3200491936167,30
420,1,0.318496753417802,30
438,1,0.317171762801158,30
457,1,0.3160720096529,30
477,1,0.314734261399103,30
498,1,0.312710288720172,30
520,1,0.311534088836937,30
542,1,0.311317928868494,30
566,1,0.310298755284805,30
591,1,0.309228756279526,30
617,1,0.307739228553475,30
643,1,0.306689784143774,30
672,1,0.305731625992522,30
701,1,0.304808907288599,30
731,1,0.302987850252071,30
763,1,0.302338655955473,30
797,1,0.301232313085732,30
831,1,0.300628518725441,30
868,1,0.300070592504902,30
906,1,0.299147920002364,30
945,1,0.298144971172765,30
986,1,0.297290443275962,30
1029,1,0.296113076256736,30
1074,1,0.29526865067142,30
1121,1,0.29422468504011,30
1170,1,0.292912232373449,30
1221,1,0.291828997857042,30
1274,1,0.290800821760371,30
1330,1,0.289378366642808,30
1388,1,0.288509880307939,30
1449,1,0.287059525747214,30
1512,1,0.2854241992766,30
1578,1,0.284196656737817,30
1647,1,0.282971768997702,30
1719,1,0.281812265673252,30
1794,1,0.280476925774576,30
1872,1,0.278998759264046,30
1954,1,0.277704657577735,30
2039,1,0.276640831316873,30
2128,1,0.275515182954361,30
2221,1,0.274205801276792,30
2318,1,0.272662534083432,30
2419,1,0.271294421478849,30
2524,1,0.270003943905745,30
2635,1,0.268579118094171,30
2749,1,0.267265694678337,30
2869,1,0.265569175642882,30
2995,1,0.263996520925335,30
3125,1,0.262552016629378,30
3262,1,0.261154132385635,30
3404,1,0.259528699314298,30
3553,1,0.258014117484416,30
3708,1,0.256484718807085,30
3870,1,0.254919580408404,30
4038,1,0.253231574656183,30
4215,1,0.251467218132494,30
4399,1,0.249909198528978,30
4591,1,0.248081076851555,30
4791,1,0.246625249985822,30
5000,1,0.244952133278694,30
1,0,0.338503817540953,31
2,0,0.449314475464065,31
3,0,0.499827268740918,31
4,0,0.529407950601086,31
5,0.0422535211267606,0.544212692134909,31
6,0.126760563380282,0.555013057880148,31
7,0.225352112676056,0.561025131351242,31
8,0.394366197183099,0.563361233646294,31
9,0.464788732394366,0.564034873765943,31
10,0.464788732394366,0.566900844799594,31
11,0.577464788732394,0.565708398918983,31
12,0.704225352112676,0.567383588155412,31
13,0.76056338028169,0.568101082927298,31
14,0.802816901408451,0.565691007878455,31
15,0.830985915492958,0.562963113375028,31
16,0.873239436619718,0.56233072547364,31
17,0.887323943661972,0.559659258678958,31
18,0.929577464788732,0.558172827239046,31
19,0.915492957746479,0.554410450394197,31
20,0.957746478873239,0.552212088267805,31
21,0.943661971830986,0.550089197869357,31
22,0.957746478873239,0.546803333335689,31
23,0.971830985915493,0.545100920915135,31
24,0.971830985915493,0.542076218895319,31
25,1,0.537907145989012,31
26,1,0.533405172830163,31
27,0.985915492957746,0.529633591569523,31
28,1,0.526662659656194,31
29,1,0.523708123172612,31
30,1,0.521051133677584,31
31,1,0.518437609542928,31
32,1,0.516346340618711,31
34,1,0.512042879949379,31
35,1,0.508959294482368,31
37,1,0.502840112733595,31
38,1,0.500297828127099,31
40,1,0.497027747447432,31
42,1,0.491457784358301,31
44,1,0.485025317256624,31
46,1,0.479811724226654,31
48,1,0.475333529808031,31
50,1,0.469868676305462,31
52,1,0.46558628331293,31
54,1,0.462050263736241,31
56,1,0.459231130902237,31
59,1,0.452938673331912,31
61,1,0.450323710230297,31
64,1,0.444767908231571,31
67,1,0.438728081487089,31
70,1,0.432725215012477,31
73,1,0.428277397978424,31
76,1,0.425620748505073,31
79,1,0.421709254516555,31
83,1,0.415902369415431,31
86,1,0.412661035865248,31
90,1,0.409699726215788,31
94,1,0.406312574504263,31
98,1,0.40464011533418,31
103,1,0.400644029679384,31
107,1,0.396633460379036,31
112,1,0.393372344942633,31
117,1,0.38966601797992,31
122,1,0.38602899835929,31
127,1,0.384603610010331,31
132,1,0.380917018466954,31
138,1,0.379213085892796,31
144,1,0.376738320106112,31
151,1,0.373381612182973,31
157,1,0.371525691348814,31
164,1,0.369151398083166,31
171,1,0.366798863335635,31
179,1,0.363902005670988,31
186,1,0.361584722158603,31
195,1,0.358554769742605,31
203,1,0.356422695015287,31
212,1,0.354952292964745,31
221,1,0.351510982039107,31
231,1,0.347915066820107,31
241,1,0.345904243809608,31
251,1,0.344446657600451,31
262,1,0.342156968057676,31
274,1,0.339498368613539,31
286,1,0.337041338892968,31
298,1,0.335108381044998,31
311,1,0.333732889018258,31
325,1,0.331327686442964,31
339,1,0.329859690781252,31
354,1,0.328003481935046,31
369,1,0.327155393049824,31
385,1,0.326321245362278,31
402,1,0.325332029663649,31
420,1,0.324159819346566,31
438,1,0.322327366697071,31
457,1,0.320796779400935,31
477,1,0.319417723494169,31
498,1,0.318243252220351,31
520,1,0.317239439376616,31
542,1,0.316142859760376,31
566,1,0.314977806470126,31
591,1,0.314071382024005,31
617,1,0.312971862178317,31
643,1,0.312227807683058,31
672,1,0.311629526340419,31
701,1,0.310521386868098,31
731,1,0.309634133716061,31
763,1,0.308516915389356,31
797,1,0.307671307992979,31
831,1,0.306523468125979,31
868,1,0.305452935626989,31
906,1,0.304323453248945,31
945,1,0.303772985540179,31
986,1,0.302546426185187,31
1029,1,0.301333267695394,31
1074,1,0.300048489021702,31
1121,1,0.298480781940048,31
1170,1,0.297307263636655,31
1221,1,0.296152804111207,31
1274,1,0.295222172627451,31
1330,1,0.293628675846376,31
1388,1,0.292215452861608,31
1449,1,0.290435863008301,31
1512,1,0.289463563558966,31
1578,1,0.288189570168638,31
1647,1,0.286843833026468,31
1719,1,0.285678074997875,31
1794,1,0.284398202874983,31
1872,1,0.283488347477071,31
1954,1,0.282222037704838,31
2039,1,0.28097772089058,31
2128,1,0.279562324099972,31
2221,1,0.278488090832875,31
2318,1,0.277160642919463,31
2419,1,0.27551539142638,31
2524,1,0.274185465721394,31
2635,1,0.272686049184025,31
2749,1,0.271305036798557,31
2869,1,0.26992130006127,31
2995,1,0.268593838553798,31
3125,1,0.267107427578995,31
3262,1,0.265774321657136,31
3404,1,0.264204602990396,31
3553,1,0.262718897160044,31
3708,1,0.261160056129218,31
3870,1,0.259513616140301,31
4038,1,0.258138007231164,31
4215,1,0.256542277709177,31
4399,1,0.254812028599727,31
4591,1,0.253211410550963,31
4791,1,0.251523002787753,31
5000,1,0.249774162915877,31
1,0,0.341645235544648,32
2,0,0.450259228767621,32
3,0,0.501698835583515,32
4,0.0140845070422535,0.530895865683835,32
5,0.0140845070422535,0.549069338125396,32
6,0.0422535211267606,0.55869870578471,32
7,0.126760563380282,0.56482011438148,32
8,0.28169014084507,0.566928347246118,32
9,0.352112676056338,0.569572470865276,32
10,0.436619718309859,0.570387008618504,32
11,0.535211267605634,0.571249879970569,32
12,0.577464788732394,0.570004770645044,32
13,0.647887323943662,0.568984238780584,32
14,0.690140845070423,0.567187469723964,32
15,0.71830985915493,0.56613239806945,32
16,0.788732394366197,0.564997152239955,32
17,0.816901408450704,0.563865007057858,32
18,0.845070422535211,0.560902210491967,32
19,0.873239436619718,0.55861806083738,32
20,0.915492957746479,0.555867418574927,32
21,0.957746478873239,0.552163835281856,32
22,0.957746478873239,0.548631086218808,32
23,0.971830985915493,0.54554751165378,32
24,0.971830985915493,0.542759870173932,32
25,0.971830985915493,0.538732689330763,32
26,0.971830985915493,0.536232996501771,32
27,0.971830985915493,0.534099184258354,32
28,0.985915492957746,0.530357062664172,32
29,0.985915492957746,0.527494358588062,32
30,0.985915492957746,0.525805044274681,32
31,0.985915492957746,0.524993510161249,32
32,1,0.521111369172896,32
34,1,0.516961341691657,32
35,1,0.515453911661537,32
37,1,0.510685452729448,32
38,1,0.510897900609977,32
40,1,0.506440173876354,32
42,1,0.501548403592296,32
44,1,0.495381419527511,32
46,1,0.491120041882928,32
48,1,0.486294370842503,32
50,1,0.483943513683584,32
52,1,0.479886617649662,32
54,1,0.476355733532514,32
56,1,0.472665415598906,32
59,1,0.468805474073966,32
61,1,0.465814858540455,32
64,1,0.462071489269064,32
67,1,0.457131145777905,32
70,1,0.451550920689158,32
73,1,0.445107959986523,32
76,1,0.440311018066926,32
79,1,0.437187922916056,32
83,1,0.431737327587489,32
86,1,0.427598124311351,32
90,1,0.422737706279436,32
94,1,0.418699425489803,32
98,1,0.413418865124722,32
103,1,0.407502873142261,32
107,1,0.403162047837411,32
112,1,0.398854167060885,32
117,1,0.395384706318693,32
122,1,0.393480883919082,32
127,1,0.390228122167491,32
132,1,0.386782426610112,32
138,1,0.383096534560782,32
144,1,0.381120683130486,32
151,1,0.377355300714583,32
157,1,0.374432718472211,32
164,1,0.370683042663033,32
171,1,0.367817530861176,32
179,1,0.363817676560455,32
186,1,0.361193823098713,32
195,1,0.357942187345301,32
203,1,0.355406124326252,32
212,1,0.352672024328757,32
221,1,0.350196981754837,32
231,1,0.34628932915366,32
241,1,0.344333795175972,32
251,1,0.34205831338019,32
262,1,0.34109547961798,32
274,1,0.338653766345349,32
286,1,0.337834011870625,32
298,1,0.335200053756998,32
311,1,0.333351849633915,32
325,1,0.331269093077348,32
339,1,0.330677718748385,32
354,1,0.327784517840121,32
369,1,0.326514200598539,32
385,1,0.325483813559745,32
402,1,0.323867361209339,32
420,1,0.322586480462409,32
438,1,0.322030897267828,32
457,1,0.320636764066756,32
477,1,0.319091043383282,32
498,1,0.317836838127521,32
520,1,0.316730130287346,32
542,1,0.316241663982683,32
566,1,0.315122711840721,32
591,1,0.314380165869673,32
617,1,0.313043861469174,32
643,1,0.311718462750247,32
672,1,0.310804585209441,32
701,1,0.30966094675513,32
731,1,0.308437812941294,32
763,1,0.307509490555795,32
797,1,0.306920421478764,32
831,1,0.305771859273507,32
868,1,0.3046367407745,32
906,1,0.303635557832494,32
945,1,0.302742823557694,32
986,1,0.301739432054945,32
1029,1,0.300471318504886,32
1074,1,0.299391489940428,32
1121,1,0.2980590878137,32
1170,1,0.296853226958203,32
1221,1,0.29563576133358,32
1274,1,0.294842273238678,32
1330,1,0.293382021212807,32
1388,1,0.292588410860203,32
1449,1,0.291538841130121,32
1512,1,0.290334068042074,32
1578,1,0.289151120963824,32
1647,1,0.287786597328895,32
1719,1,0.286941971880545,32
1794,1,0.28622328315264,32
1872,1,0.284900102713484,32
1954,1,0.283759600104027,32
2039,1,0.282326778849814,32
2128,1,0.28096178867646,32
2221,1,0.279847397546669,32
2318,1,0.278599322019067,32
2419,1,0.277243988611351,32
2524,1,0.276116557751317,32
2635,1,0.274549234824533,32
2749,1,0.273062281904352,32
2869,1,0.271551700793749,32
2995,1,0.269828822375227,32
3125,1,0.268515096392894,32
3262,1,0.266925258858018,32
3404,1,0.265402758833761,32
3553,1,0.263964558456882,32
3708,1,0.262398665249955,32
3870,1,0.260753860749053,32
4038,1,0.258910880035044,32
4215,1,0.25725458770214,32
4399,1,0.255882641382375,32
4591,1,0.254289254504499,32
4791,1,0.252657017823298,32
5000,1,0.251118625216347,32
1,0,0.340202747685809,33
2,0,0.450101056021636,33
3,0,0.502650912355646,33
4,0,0.531133910605803,33
5,0,0.550547112087606,33
6,0.028169014084507,0.560376278841256,33
7,0.140845070422535,0.565454522852888,33
8,0.28169014084507,0.568938362181704,33
9,0.436619718309859,0.569994282235029,33
10,0.422535211267606,0.571875909603167,33
11,0.563380281690141,0.571151193645727,33
12,0.605633802816901,0.570552780529244,33
13,0.690140845070423,0.570956166393999,33
14,0.690140845070423,0.568845083672958,33
15,0.802816901408451,0.565566996836088,33
16,0.845070422535211,0.562013979019823,33
17,0.929577464788732,0.558020179169779,33
18,0.929577464788732,0.554047779055898,33
19,0.957746478873239,0.551446663069465,33
20,0.957746478873239,0.548271711094543,33
21,0.971830985915493,0.546583970889728,33
22,0.971830985915493,0.544098314966833,33
23,0.985915492957746,0.539666495031781,33
24,1,0.535426076393868,33
25,1,0.533599493993215,33
26,1,0.533209796652035,33
27,1,0.529354447630593,33
28,1,0.527195884093611,33
29,1,0.523357916658261,33
30,1,0.518431523953903,33
31,1,0.515222455811551,33
32,1,0.511868213903375,33
34,1,0.505626627795975,33
35,1,0.5032216221157,33
37,1,0.498325881576536,33
38,1,0.496325302637861,33
40,1,0.48921608866818,33
42,1,0.486159410356978,33
44,1,0.483707693187584,33
46,1,0.477400707217519,33
48,1,0.473642729675759,33
50,1,0.470504936146736,33
52,1,0.469025167089888,33
54,1,0.466612394691161,33
56,1,0.463181761809125,33
59,1,0.456502648247451,33
61,1,0.453677184608953,33
64,1,0.449499359554309,33
67,1,0.445211083443948,33
70,1,0.442066398352493,33
73,1,0.437183783088107,33
76,1,0.431999905464944,33
79,1,0.428016345040084,33
83,1,0.423922126890709,33
86,1,0.419553075522409,33
90,1,0.415810900848474,33
94,1,0.411737453910993,33
98,1,0.407525245181488,33
103,1,0.401811315353617,33
107,1,0.39733335395839,33
112,1,0.395206583702938,33
117,1,0.39176327386024,33
122,1,0.386765562043414,33
127,1,0.383491159987522,33
132,1,0.380200860852499,33
138,1,0.377424452699381,33
144,1,0.374100665385057,33
151,1,0.369359978984474,33
157,1,0.366912261248777,33
164,1,0.363812254710215,33
171,1,0.360500894374843,33
179,1,0.356049557536588,33
186,1,0.354923272765681,33
195,1,0.353281268813865,33
203,1,0.351256243142209,33
212,1,0.348036596458474,33
221,1,0.344499576279709,33
231,1,0.342612217976334,33
241,1,0.340512008405762,33
251,1,0.33920040064207,33
262,1,0.337304820992539,33
274,1,0.335715074033615,33
286,1,0.334650567257931,33
298,1,0.332601467684778,33
311,1,0.330676157814975,33
325,1,0.329126492461344,33
339,1,0.327690699142991,33
354,1,0.325807394558507,33
369,1,0.324603722966298,33
385,1,0.323171170605993,33
402,1,0.322115167106105,33
420,1,0.32131162455366,33
438,1,0.320579832459853,33
457,1,0.318441159495493,33
477,1,0.316334795904444,33
498,1,0.314993473074986,33
520,1,0.313239459023435,33
542,1,0.312269468214524,33
566,1,0.311351599558493,33
591,1,0.309940148235722,33
617,1,0.308430165709765,33
643,1,0.307249075845042,33
672,1,0.30589838172767,33
701,1,0.304436049489705,33
731,1,0.303052172922748,33
763,1,0.301672916947678,33
797,1,0.300958183467981,33
831,1,0.300291400352694,33
868,1,0.299251395376999,33
906,1,0.29846828348831,33
945,1,0.297363605712384,33
986,1,0.29614394314339,33
1029,1,0.295368160755849,33
1074,1,0.294325506545249,33
1121,1,0.293397410614885,33
1170,1,0.29272377116664,33
1221,1,0.291790272027079,33
1274,1,0.290741826782376,33
1330,1,0.289692771172131,33
1388,1,0.288917708705534,33
1449,1,0.288113056825663,33
1512,1,0.286998109599457,33
1578,1,0.285791696935085,33
1647,1,0.284506384417219,33
1719,1,0.28332855130888,33
1794,1,0.282348153741139,33
1872,1,0.281074517043159,33
1954,1,0.279672201384033,33
2039,1,0.278453982553812,33
2128,1,0.276812161352815,33
2221,1,0.275532244911827,33
2318,1,0.274461397907879,33
2419,1,0.273410735475766,33
2524,1,0.272032236192685,33
2635,1,0.270624702191775,33
2749,1,0.269093537788585,33
2869,1,0.267652460608147,33
2995,1,0.266242855049812,33
3125,1,0.264755109656116,33
3262,1,0.262972619671959,33
3404,1,0.261401939516633,33
3553,1,0.25993581973027,33
3708,1,0.258555834280225,33
3870,1,0.25676417140324,33
4038,1,0.25509865283955,33
4215,1,0.253681690495609,33
4399,1,0.252142618667635,33
4591,1,0.250439028483688,33
4791,1,0.248904741977372,33
5000,1,0.247289029022608,33
1,0,0.339882194828289,34
2,0,0.448887071654039,34
3,0,0.500015821902962,34
4,0.0140845070422535,0.525568271287996,34
5,0,0.542818688297638,34
6,0.028169014084507,0.553360314527677,34
7,0.0704225352112676,0.563144758024683,34
8,0.0985915492957746,0.567393612635672,34
9,0.225352112676056,0.570936667734866,34
10,0.352112676056338,0.571388134903115,34
11,0.563380281690141,0.568856036617991,34
12,0.647887323943662,0.566936567260031,34
13,0.71830985915493,0.567765819963616,34
14,0.788732394366197,0.566660772471715,34
15,0.830985915492958,0.565441763139045,34
16,0.901408450704225,0.561498776508985,34
17,0.943661971830986,0.557634394971878,34
18,0.957746478873239,0.556486547794816,34
19,0.957746478873239,0.552758061987988,34
20,0.971830985915493,0.550767290989973,34
21,0.971830985915493,0.549581044620748,34
22,0.971830985915493,0.547190729850923,34
23,0.985915492957746,0.544699026083689,34
24,0.985915492957746,0.541460709843845,34
25,0.985915492957746,0.537977278939466,34
26,1,0.536076527321153,34
27,1,0.532632897886583,34
28,1,0.528605310388043,34
29,1,0.526882828284028,34
30,1,0.523505335166671,34
31,1,0.521026081859962,34
32,1,0.519816012744049,34
34,1,0.515164152286031,34
35,1,0.512440798716507,34
37,1,0.50813848826671,34
38,1,0.50526041453601,34
40,1,0.501876586139691,34
42,1,0.498081752151541,34
44,1,0.492383996238287,34
46,1,0.489371246926313,34
48,1,0.485264810466575,34
50,1,0.482317938047809,34
52,1,0.47713238024742,34
54,1,0.474390567073156,34
56,1,0.470339433964135,34
59,1,0.464401677209977,34
61,1,0.461418031438596,34
64,1,0.456738952184399,34
67,1,0.451591059374136,34
70,1,0.445504345320859,34
73,1,0.441089898732436,34
76,1,0.435627122340423,34
79,1,0.433533854366552,34
83,1,0.425267662290422,34
86,1,0.42164882633906,34
90,1,0.418108636734389,34
94,1,0.416044889016207,34
98,1,0.412115423178005,34
103,1,0.408681725565588,34
107,1,0.404013108858213,34
112,1,0.399596921795995,34
117,1,0.396154631599831,34
122,1,0.395499482807019,34
127,1,0.392624854430338,34
132,1,0.389541012681232,34
138,1,0.385711766535338,34
144,1,0.381289902675011,34
151,1,0.377467143041346,34
157,1,0.374941501007756,34
164,1,0.370906761753999,34
171,1,0.36735708246232,34
179,1,0.364939603123128,34
186,1,0.362118428590997,34
195,1,0.359562816204499,34
203,1,0.356604768108668,34
212,1,0.352600344192111,34
221,1,0.351171671729679,34
231,1,0.348568473579413,34
241,1,0.345612718821629,34
251,1,0.342976593037298,34
262,1,0.341267727574688,34
274,1,0.340011058291995,34
286,1,0.338292332682024,34
298,1,0.336376753247767,34
311,1,0.335069725838882,34
325,1,0.333669676353703,34
339,1,0.332195333539048,34
354,1,0.330398243523244,34
369,1,0.328718627081536,34
385,1,0.327064609125475,34
402,1,0.325814680037683,34
420,1,0.325206303381561,34
438,1,0.323811266818526,34
457,1,0.322493662172529,34
477,1,0.320902943120125,34
498,1,0.319265010220451,34
520,1,0.317474164858902,34
542,1,0.316159907493152,34
566,1,0.315072883084505,34
591,1,0.313610578265628,34
617,1,0.312519005203403,34
643,1,0.311439082203958,34
672,1,0.309623075897718,34
701,1,0.307740658874698,34
731,1,0.306672518917856,34
763,1,0.305400808229553,34
797,1,0.304540998650649,34
831,1,0.303394209245519,34
868,1,0.302308489485592,34
906,1,0.301202218138145,34
945,1,0.300071964268153,34
986,1,0.298963207737634,34
1029,1,0.29791739094836,34
1074,1,0.296759538462594,34
1121,1,0.295719198568858,34
1170,1,0.294677873289306,34
1221,1,0.293328272950867,34
1274,1,0.292084875033771,34
1330,1,0.290775979911111,34
1388,1,0.289471722468669,34
1449,1,0.288493454193059,34
1512,1,0.28726269548399,34
1578,1,0.286227790215603,34
1647,1,0.284929660221016,34
1719,1,0.283724254740003,34
1794,1,0.282194489945252,34
1872,1,0.281060890566514,34
1954,1,0.279818584530904,34
2039,1,0.278386871441048,34
2128,1,0.27688343064773,34
2221,1,0.275642594240676,34
2318,1,0.274156824702439,34
2419,1,0.272624355484522,34
2524,1,0.271361329384106,34
2635,1,0.269787777152648,34
2749,1,0.268346306097768,34
2869,1,0.266837132575269,34
2995,1,0.265314214685879,34
3125,1,0.263891135017255,34
3262,1,0.262744479645164,34
3404,1,0.261361167823825,34
3553,1,0.259808156035427,34
3708,1,0.258336842397426,34
3870,1,0.256604960839002,34
4038,1,0.255037700829749,34
4215,1,0.253346718588203,34
4399,1,0.25160935050768,34
4591,1,0.249839274767423,34
4791,1,0.248348042889365,34
5000,1,0.24648303940258,34
1,0,0.337462020754014,35
2,0,0.44394433747448,35
3,0,0.496160649087933,35
4,0.0140845070422535,0.522202784439184,35
5,0.0422535211267606,0.538432141160269,35
6,0.0845070422535211,0.551806614422734,35
7,0.112676056338028,0.557747742027514,35
8,0.183098591549296,0.559000776613648,35
9,0.295774647887324,0.561454752078434,35
10,0.295774647887324,0.562651407924646,35
11,0.422535211267606,0.562484631920771,35
12,0.450704225352113,0.563619645791677,35
13,0.591549295774648,0.560430748223511,35
14,0.633802816901408,0.559410115896278,35
15,0.704225352112676,0.557878074945874,35
16,0.76056338028169,0.556816160917265,35
17,0.774647887323944,0.55433727567725,35
18,0.746478873239437,0.552033410024028,35
19,0.845070422535211,0.549207730660231,35
20,0.887323943661972,0.54626948488264,35
21,0.901408450704225,0.543048755184342,35
22,0.915492957746479,0.538612847046023,35
23,0.915492957746479,0.537184495409644,35
24,0.929577464788732,0.53378032324174,35
25,0.957746478873239,0.530982119301956,35
26,0.971830985915493,0.52853542188557,35
27,0.971830985915493,0.525111156075521,35
28,0.985915492957746,0.5238733653318,35
29,1,0.519946354785242,35
30,1,0.515803245138389,35
31,1,0.512543065535743,35
32,1,0.509547940491597,35
34,1,0.505236217926776,35
35,1,0.503701249414163,35
37,1,0.499354402988913,35
38,1,0.497016299385026,35
40,1,0.492569467196631,35
42,1,0.489547212043005,35
44,1,0.485548937089069,35
46,1,0.480385026913527,35
48,1,0.476362003776523,35
50,1,0.472400443583353,35
52,1,0.467622488418647,35
54,1,0.463806128641638,35
56,1,0.459460824779779,35
59,1,0.453956825617917,35
61,1,0.451436794306796,35
64,1,0.446740366622413,35
67,1,0.444569175532965,35
70,1,0.440605825292038,35
73,1,0.437335890624358,35
76,1,0.433950498361213,35
79,1,0.428881079984846,35
83,1,0.424245244541487,35
86,1,0.421060637356438,35
90,1,0.417024158194543,35
94,1,0.412834749656017,35
98,1,0.408144273290544,35
103,1,0.403834506431199,35
107,1,0.400224277886184,35
112,1,0.395397608638702,35
117,1,0.390597152216544,35
122,1,0.387933538967161,35
127,1,0.384169562469803,35
132,1,0.382488884696846,35
138,1,0.378731939524144,35
144,1,0.376589444479029,35
151,1,0.373122831000522,35
157,1,0.371115587591361,35
164,1,0.368200887194639,35
171,1,0.364958173916121,35
179,1,0.361736447983652,35
186,1,0.359962832459288,35
195,1,0.3576771444831,35
203,1,0.355654810595107,35
212,1,0.35343606121148,35
221,1,0.350191563144355,35
231,1,0.346738841965981,35
241,1,0.345207848310956,35
251,1,0.342745891223096,35
262,1,0.340977872036975,35
274,1,0.338421080801423,35
286,1,0.336905634181574,35
298,1,0.334291173882553,35
311,1,0.333215052680237,35
325,1,0.331868705031501,35
339,1,0.330776265488934,35
354,1,0.328966345643966,35
369,1,0.326912843245367,35
385,1,0.324747570223398,35
402,1,0.323218563414022,35
420,1,0.322461267599814,35
438,1,0.321370276080782,35
457,1,0.319635846620623,35
477,1,0.318821967542475,35
498,1,0.317703796701999,35
520,1,0.317085481929063,35
542,1,0.316088684185284,35
566,1,0.314839351527352,35
591,1,0.313337945831313,35
617,1,0.311789369260683,35
643,1,0.310478481514976,35
672,1,0.308961551844297,35
701,1,0.307858983061941,35
731,1,0.307335091320074,35
763,1,0.306095319513706,35
797,1,0.305910995385793,35
831,1,0.3050363444924,35
868,1,0.303944381079972,35
906,1,0.302723596792743,35
945,1,0.301585646956272,35
986,1,0.300532574979563,35
1029,1,0.298844555872909,35
1074,1,0.298085099994398,35
1121,1,0.297049895035495,35
1170,1,0.296063179940987,35
1221,1,0.295126751727281,35
1274,1,0.294163092173472,35
1330,1,0.291902491663037,35
1388,1,0.29105313634108,35
1449,1,0.290021844655898,35
1512,1,0.288971907771447,35
1578,1,0.287930970597505,35
1647,1,0.286780343529676,35
1719,1,0.285385996800595,35
1794,1,0.284422943677273,35
1872,1,0.283117470348173,35
1954,1,0.281360620526629,35
2039,1,0.280388149148048,35
2128,1,0.278876649663743,35
2221,1,0.277685031448489,35
2318,1,0.276481195706842,35
2419,1,0.275027474796258,35
2524,1,0.273943615381323,35
2635,1,0.272541907870101,35
2749,1,0.271227054132953,35
2869,1,0.269950270077544,35
2995,1,0.268555981377324,35
3125,1,0.267239346147717,35
3262,1,0.265606039387346,35
3404,1,0.264431515962278,35
3553,1,0.262769838096989,35
3708,1,0.261047486435627,35
3870,1,0.259763978623112,35
4038,1,0.258498827840353,35
4215,1,0.257153185324783,35
4399,1,0.255509417833884,35
4591,1,0.254082480115942,35
4791,1,0.252369532236875,35
5000,1,0.250783726410675,35
1,0,0.339064785041613,36
2,0,0.446228249254846,36
3,0,0.497096217708523,36
4,0.0140845070422535,0.525584095354575,36
5,0.0140845070422535,0.541376593463039,36
6,0.126760563380282,0.549270401661424,36
7,0.211267605633803,0.556739631546284,36
8,0.225352112676056,0.559350660064853,36
9,0.380281690140845,0.561298442346401,36
10,0.507042253521127,0.561711263813964,36
11,0.549295774647887,0.563191839551834,36
12,0.577464788732394,0.560896147816331,36
13,0.676056338028169,0.558753443460084,36
14,0.704225352112676,0.558126211446659,36
15,0.845070422535211,0.557847246300524,36
16,0.887323943661972,0.555945067384029,36
17,0.915492957746479,0.552228092431671,36
18,0.915492957746479,0.550944191686336,36
19,0.929577464788732,0.546836632380092,36
20,0.929577464788732,0.545148978244957,36
21,0.971830985915493,0.543512602385422,36
22,0.971830985915493,0.542164568830246,36
23,0.971830985915493,0.538383293291567,36
24,0.971830985915493,0.538024772758725,36
25,0.985915492957746,0.536600296052716,36
26,1,0.534326952001352,36
27,1,0.530740254727196,36
28,1,0.528612889369133,36
29,1,0.524403279378824,36
30,1,0.521718479721313,36
31,1,0.519867201398032,36
32,1,0.51563227835669,36
34,1,0.510646401557006,36
35,1,0.50701417708631,36
37,1,0.501176553640571,36
38,1,0.499383408378179,36
40,1,0.494809086948607,36
42,1,0.49110810903927,36
44,1,0.4859248110955,36
46,1,0.483038710686999,36
48,1,0.481524953765428,36
50,1,0.47735632669973,36
52,1,0.472485749737806,36
54,1,0.470984083611896,36
56,1,0.467434157677848,36
59,1,0.462795685470334,36
61,1,0.460513323528623,36
64,1,0.456144351880726,36
67,1,0.452553755631591,36
70,1,0.446302755617389,36
73,1,0.443016576921019,36
76,1,0.439832380195869,36
79,1,0.437169930408947,36
83,1,0.431470609641229,36
86,1,0.425342579112276,36
90,1,0.421312803277889,36
94,1,0.416570405652865,36
98,1,0.411689673375036,36
103,1,0.40697079993729,36
107,1,0.404251741475279,36
112,1,0.400097056917019,36
117,1,0.395372993239806,36
122,1,0.391835456598189,36
127,1,0.389090551806592,36
132,1,0.386306215644154,36
138,1,0.383296418038975,36
144,1,0.379378584855092,36
151,1,0.37514117695183,36
157,1,0.372851365101912,36
164,1,0.369446063177353,36
171,1,0.367433546887594,36
179,1,0.362774143513323,36
186,1,0.361665135179506,36
195,1,0.359157726621557,36
203,1,0.357763524116046,36
212,1,0.355018011927741,36
221,1,0.352191771315672,36
231,1,0.35010736143815,36
241,1,0.34746691483828,36
251,1,0.346012575671152,36
262,1,0.343965778705211,36
274,1,0.341556611819337,36
286,1,0.339712270455229,36
298,1,0.338262459428755,36
311,1,0.335662497497739,36
325,1,0.333818975311316,36
339,1,0.33274353845929,36
354,1,0.331801604768576,36
369,1,0.329882827989177,36
385,1,0.328721523972728,36
402,1,0.326821413029119,36
420,1,0.325725714922159,36
438,1,0.324567740235166,36
457,1,0.323629756903008,36
477,1,0.321881406743646,36
498,1,0.32088728786202,36
520,1,0.319596617361316,36
542,1,0.318202157095034,36
566,1,0.317198870809612,36
591,1,0.316121676547763,36
617,1,0.314925183319833,36
643,1,0.313786796756699,36
672,1,0.312578167480622,36
701,1,0.311296682691384,36
731,1,0.30958970560337,36
763,1,0.308946955656703,36
797,1,0.308315248015287,36
831,1,0.307165436844176,36
868,1,0.306303215636835,36
906,1,0.304899212345127,36
945,1,0.30409792276104,36
986,1,0.302953576486668,36
1029,1,0.301849339482705,36
1074,1,0.300432771199556,36
1121,1,0.29914904557064,36
1170,1,0.297675480196863,36
1221,1,0.296722758047335,36
1274,1,0.295651127510675,36
1330,1,0.294510723492608,36
1388,1,0.293519007206732,36
1449,1,0.29237997828694,36
1512,1,0.291357907361497,36
1578,1,0.290112685911662,36
1647,1,0.288855768642259,36
1719,1,0.287472422457043,36
1794,1,0.286266647937055,36
1872,1,0.284779719523749,36
1954,1,0.283350944018746,36
2039,1,0.282062645557693,36
2128,1,0.280642843261641,36
2221,1,0.279211170231567,36
2318,1,0.278029849959141,36
2419,1,0.276760587140517,36
2524,1,0.275403044926605,36
2635,1,0.274248876268443,36
2749,1,0.272897762242103,36
2869,1,0.271471608687287,36
2995,1,0.270035768810302,36
3125,1,0.268279872009799,36
3262,1,0.266667704247854,36
3404,1,0.265082376284005,36
3553,1,0.263405651988932,36
3708,1,0.26189334427676,36
3870,1,0.260211648837345,36
4038,1,0.258661172003852,36
4215,1,0.25722494630094,36
4399,1,0.255341118960876,36
4591,1,0.25392623816992,36
4791,1,0.25247117253081,36
5000,1,0.250777824820327,36
1,0,0.340234802971561,37
2,0,0.448357281813003,37
3,0,0.500847812231877,37
4,0,0.529011083595858,37
5,0,0.547820437784104,37
6,0.028169014084507,0.555665481337155,37
7,0.0563380281690141,0.562060503863569,37
8,0.183098591549296,0.565655711499397,37
9,0.338028169014085,0.56831389500694,37
10,0.366197183098592,0.568529211548725,37
11,0.450704225352113,0.569977533400373,37
12,0.535211267605634,0.567976558423225,37
13,0.619718309859155,0.566673490386351,37
14,0.661971830985915,0.56562552772485,37
15,0.71830985915493,0.563576412448416,37
16,0.76056338028169,0.560209045983611,37
17,0.774647887323944,0.558109176305834,37
18,0.816901408450704,0.555533139752022,37
19,0.873239436619718,0.551920297446819,37
20,0.887323943661972,0.550845136096571,37
21,0.901408450704225,0.546795267564153,37
22,0.929577464788732,0.54560791938569,37
23,0.929577464788732,0.541230263774106,37
24,0.943661971830986,0.539167473618973,37
25,0.971830985915493,0.537475011650489,37
26,0.985915492957746,0.534390722275786,37
27,0.985915492957746,0.532145634889226,37
28,0.971830985915493,0.529503566000452,37
29,0.971830985915493,0.525985537304165,37
30,0.985915492957746,0.525875007785522,37
31,0.985915492957746,0.523706068012923,37
32,0.985915492957746,0.520020959308012,37
34,0.985915492957746,0.516565839727046,37
35,1,0.514211567785621,37
37,1,0.507785575122856,37
38,1,0.503464682445885,37
40,1,0.49578295514945,37
42,1,0.490494668562613,37
44,1,0.488562911370641,37
46,1,0.484338303075421,37
48,1,0.480090318957705,37
50,1,0.474977977106633,37
52,1,0.469679713550526,37
54,1,0.467618080105512,37
56,1,0.464190064678022,37
59,1,0.458878800532487,37
61,1,0.457465269541161,37
64,1,0.453984041609757,37
67,1,0.449424774240883,37
70,1,0.444262185023756,37
73,1,0.439299468018365,37
76,1,0.43560719575082,37
79,1,0.433640024094391,37
83,1,0.429598727614254,37
86,1,0.424955657820295,37
90,1,0.422235140440054,37
94,1,0.417530543528551,37
98,1,0.413334606565734,37
103,1,0.408674264027657,37
107,1,0.404685428976457,37
112,1,0.4011687818078,37
117,1,0.396574195257602,37
122,1,0.393910290245002,37
127,1,0.391420051401325,37
132,1,0.387880213863213,37
138,1,0.383500559510804,37
144,1,0.381510039076702,37
151,1,0.377027340320879,37
157,1,0.374305061429453,37
164,1,0.371340114975329,37
171,1,0.368598388525845,37
179,1,0.366094879562491,37
186,1,0.363447935561926,37
195,1,0.361380364004508,37
203,1,0.358191655057489,37
212,1,0.356625196601786,37
221,1,0.355073467417006,37
231,1,0.35300863413253,37
241,1,0.350868915096324,37
251,1,0.347865857393092,37
262,1,0.344951296238953,37
274,1,0.342512749704325,37
286,1,0.341346045687498,37
298,1,0.339543309778792,37
311,1,0.337194941919501,37
325,1,0.335745301071921,37
339,1,0.333872815357638,37
354,1,0.332046874393722,37
369,1,0.330856130259877,37
385,1,0.330060635669012,37
402,1,0.327859773890131,37
420,1,0.326226914660212,37
438,1,0.324707492221508,37
457,1,0.322927527622279,37
477,1,0.321335027550982,37
498,1,0.320231000414733,37
520,1,0.318779573821057,37
542,1,0.317662860407036,37
566,1,0.316527904589419,37
591,1,0.315315410904789,37
617,1,0.314237445467505,37
643,1,0.312884623458888,37
672,1,0.311973092443698,37
701,1,0.311120882724703,37
731,1,0.309759699711054,37
763,1,0.309353913447009,37
797,1,0.308508363723243,37
831,1,0.307402482211878,37
868,1,0.30648644570819,37
906,1,0.305472744057317,37
945,1,0.304443787425666,37
986,1,0.302961393387585,37
1029,1,0.301850227391934,37
1074,1,0.300761988735534,37
1121,1,0.299642825751219,37
1170,1,0.29890849146523,37
1221,1,0.297632290953669,37
1274,1,0.296776255569953,37
1330,1,0.295289784550807,37
1388,1,0.294184454746846,37
1449,1,0.293104156314215,37
1512,1,0.291494716644782,37
1578,1,0.29046385389828,37
1647,1,0.289214942173953,37
1719,1,0.288058215298916,37
1794,1,0.286936684191275,37
1872,1,0.285975774567477,37
1954,1,0.284542896840621,37
2039,1,0.282945465314479,37
2128,1,0.281600739200422,37
2221,1,0.280017914473734,37
2318,1,0.278543801763542,37
2419,1,0.27755012077329,37
2524,1,0.27602754446174,37
2635,1,0.274627752680938,37
2749,1,0.273192818604941,37
2869,1,0.271589358616463,37
2995,1,0.270050980113219,37
3125,1,0.268397083759984,37
3262,1,0.267026749356059,37
3404,1,0.265313809564362,37
3553,1,0.263674754484342,37
3708,1,0.262236769717075,37
3870,1,0.260414392540183,37
4038,1,0.258719029405779,37
4215,1,0.256926343136298,37
4399,1,0.255240291560612,37
4591,1,0.25368341072073,37
4791,1,0.251969018251637,37
5000,1,0.250349750438143,37
1,0,0.340811798115096,38
2,0,0.447684120812211,38
3,0,0.50033104921304,38
4,0.0140845070422535,0.528113401289853,38
5,0.154929577464789,0.544785524397832,38
6,0.140845070422535,0.556822261004877,38
7,0.295774647887324,0.561169829781724,38
8,0.394366197183099,0.565801964127657,38
9,0.394366197183099,0.56985965081558,38
10,0.52112676056338,0.568784215268464,38
11,0.633802816901408,0.567199929111318,38
12,0.76056338028169,0.563126203622269,38
13,0.859154929577465,0.562388832631461,38
14,0.873239436619718,0.560502218998542,38
15,0.901408450704225,0.558364188666316,38
16,0.915492957746479,0.557775854064589,38
17,0.915492957746479,0.554566803852755,38
18,0.957746478873239,0.549522037929713,38
19,0.985915492957746,0.548188015662349,38
20,0.971830985915493,0.544360192922432,38
21,0.971830985915493,0.543225984200586,38
22,0.971830985915493,0.541434701635752,38
23,1,0.536089776497702,38
24,0.985915492957746,0.531539131338385,38
25,0.985915492957746,0.529733922458076,38
26,0.985915492957746,0.527204602512759,38
27,1,0.524659271487104,38
28,1,0.52136144470806,38
29,0.985915492957746,0.518656205101083,38
30,1,0.516212604657529,38
31,1,0.514511072774812,38
32,1,0.512392004020206,38
34,1,0.506475327901539,38
35,1,0.504349530451826,38
37,1,0.497756934275929,38
38,1,0.495526711098322,38
40,1,0.490565367843798,38
42,1,0.485694581185736,38
44,1,0.483744110011743,38
46,1,0.479682949932804,38
48,1,0.47432042817241,38
50,1,0.470819835301657,38
52,1,0.468151883020137,38
54,1,0.463317076913773,38
56,1,0.460545524023911,38
59,1,0.456728697897821,38
61,1,0.45339856963523,38
64,1,0.447734978960375,38
67,1,0.442381270752013,38
70,1,0.438882239160818,38
73,1,0.434835844332298,38
76,1,0.431079970917736,38
79,1,0.428013808450344,38
83,1,0.421415388912202,38
86,1,0.417981082374946,38
90,1,0.414209392243301,38
94,1,0.411071784003334,38
98,1,0.407214468251966,38
103,1,0.404493140810188,38
107,1,0.400684507040423,38
112,1,0.396318935990903,38
117,1,0.393520135251598,38
122,1,0.389116530433915,38
127,1,0.384731396037523,38
132,1,0.380804324294853,38
138,1,0.376551506092691,38
144,1,0.37257076852954,38
151,1,0.367801420934452,38
157,1,0.365420811906827,38
164,1,0.361326275194939,38
171,1,0.360063880041225,38
179,1,0.357021627667879,38
186,1,0.354929943777492,38
195,1,0.351645333494071,38
203,1,0.348889824636193,38
212,1,0.346261784987088,38
221,1,0.343251199788061,38
231,1,0.340804121915868,38
241,1,0.339801234397732,38
251,1,0.338181948937503,38
262,1,0.337524442322896,38
274,1,0.335032864820565,38
286,1,0.33333461826042,38
298,1,0.332059615968386,38
311,1,0.329459741294878,38
325,1,0.328190686467898,38
339,1,0.326545432934923,38
354,1,0.325136589245078,38
369,1,0.32352137926248,38
385,1,0.321540512699376,38
402,1,0.321034667401819,38
420,1,0.319812659875327,38
438,1,0.318684234490519,38
457,1,0.317549589152316,38
477,1,0.316017449359254,38
498,1,0.314045994499678,38
520,1,0.312000986544354,38
542,1,0.310333834689526,38
566,1,0.30916811653165,38
591,1,0.308777127589891,38
617,1,0.308065682795846,38
643,1,0.306629450433869,38
672,1,0.305561107487141,38
701,1,0.304700555359157,38
731,1,0.30367856311631,38
763,1,0.302573374265528,38
797,1,0.301352350308271,38
831,1,0.300174615459206,38
868,1,0.298881222881133,38
906,1,0.297762764652283,38
945,1,0.297028332458551,38
986,1,0.295554675119194,38
1029,1,0.294759206293553,38
1074,1,0.293547564696705,38
1121,1,0.292178181956423,38
1170,1,0.291076041952492,38
1221,1,0.289805412531653,38
1274,1,0.288611277714177,38
1330,1,0.287484787163766,38
1388,1,0.286396148619559,38
1449,1,0.285246248229436,38
1512,1,0.284296875393317,38
1578,1,0.283246133621535,38
1647,1,0.281842564154155,38
1719,1,0.280506676962326,38
1794,1,0.279086786251293,38
1872,1,0.277639072567002,38
1954,1,0.276268917202137,38
2039,1,0.274793288230467,38
2128,1,0.27352189379585,38
2221,1,0.272363383884939,38
2318,1,0.271268425405727,38
2419,1,0.269884054225546,38
2524,1,0.268321299820206,38
2635,1,0.267211953824923,38
2749,1,0.265750484772403,38
2869,1,0.264317194535402,38
2995,1,0.262764577620227,38
3125,1,0.261589855544388,38
3262,1,0.260226882093146,38
3404,1,0.258642608687979,38
3553,1,0.257161847600352,38
3708,1,0.255663087458175,38
3870,1,0.254098976897066,38
4038,1,0.252517877949184,38
4215,1,0.251153963912485,38
4399,1,0.249514807214449,38
4591,1,0.247926283897551,38
4791,1,0.2464133466209,38
5000,1,0.244886804498616,38
1,0,0.339337254970505,39
2,0,0.449549721774839,39
3,0.0563380281690141,0.499020578955627,39
4,0.0422535211267606,0.527259775427072,39
5,0.028169014084507,0.544986272948733,39
6,0.0704225352112676,0.555400030004398,39
7,0.183098591549296,0.561522368033627,39
8,0.225352112676056,0.565766019405162,39
9,0.422535211267606,0.566686365116412,39
10,0.507042253521127,0.567378176150135,39
11,0.577464788732394,0.568279013722967,39
12,0.774647887323944,0.566528092796421,39
13,0.802816901408451,0.562448023080321,39
14,0.845070422535211,0.558367355610478,39
15,0.901408450704225,0.554136390521975,39
16,0.901408450704225,0.552872668105342,39
17,0.943661971830986,0.549321672440966,39
18,0.971830985915493,0.543978862202607,39
19,0.971830985915493,0.54357270247483,39
20,0.985915492957746,0.540125701758585,39
21,0.985915492957746,0.537609925909292,39
22,1,0.534592017498343,39
23,1,0.532470587019879,39
24,1,0.529682993429941,39
25,1,0.526336078370716,39
26,1,0.521818586456925,39
27,1,0.520797926583779,39
28,1,0.518411760391035,39
29,1,0.516343043352415,39
30,1,0.513661547763624,39
31,1,0.512177178598088,39
32,1,0.509127878970425,39
34,1,0.505851937116574,39
35,1,0.504685164519264,39
37,1,0.499178432765455,39
38,1,0.496863261327125,39
40,1,0.493263743330156,39
42,1,0.488617032054506,39
44,1,0.481534393940059,39
46,1,0.477425354446707,39
48,1,0.474833638490842,39
50,1,0.472146041567363,39
52,1,0.467595519266841,39
54,1,0.463478298767652,39
56,1,0.460658755166945,39
59,1,0.45725358765317,39
61,1,0.454792422931118,39
64,1,0.450923766594143,39
67,1,0.445778754741151,39
70,1,0.441518519591155,39
73,1,0.437393887399974,39
76,1,0.435152542345442,39
79,1,0.430760716644804,39
83,1,0.427028568456918,39
86,1,0.423212363721675,39
90,1,0.418087521202172,39
94,1,0.413885128967424,39
98,1,0.411399783503547,39
103,1,0.405616605142815,39
107,1,0.403111010441719,39
112,1,0.399232441619718,39
117,1,0.395046291282069,39
122,1,0.392171965486202,39
127,1,0.388262786106068,39
132,1,0.385899855947357,39
138,1,0.383365704229019,39
144,1,0.379713945800532,39
151,1,0.376514377532574,39
157,1,0.373605800176076,39
164,1,0.37025478020198,39
171,1,0.367535418882987,39
179,1,0.364018179264327,39
186,1,0.362098363934365,39
195,1,0.358287730404947,39
203,1,0.354694601746862,39
212,1,0.352497256147002,39
221,1,0.350559714827647,39
231,1,0.348298654837425,39
241,1,0.346296286756909,39
251,1,0.344923756925796,39
262,1,0.341686168840367,39
274,1,0.339490298508321,39
286,1,0.336818075169371,39
298,1,0.334640880028699,39
311,1,0.333709820388276,39
325,1,0.331402642793399,39
339,1,0.329811723032473,39
354,1,0.327463005811112,39
369,1,0.326387251743436,39
385,1,0.325351208028408,39
402,1,0.32319449465427,39
420,1,0.322079751382956,39
438,1,0.321347181065453,39
457,1,0.31900660642701,39
477,1,0.318319144076768,39
498,1,0.316649716847992,39
520,1,0.315434304280716,39
542,1,0.314696020371773,39
566,1,0.314168991980211,39
591,1,0.313169832345709,39
617,1,0.312120167978444,39
643,1,0.310864854310378,39
672,1,0.309416939725833,39
701,1,0.308665988094615,39
731,1,0.307408580846017,39
763,1,0.306253898998825,39
797,1,0.305350324563601,39
831,1,0.304556138584874,39
868,1,0.303281972140732,39
906,1,0.30194020897895,39
945,1,0.301196492788885,39
986,1,0.300094890870396,39
1029,1,0.298570197928101,39
1074,1,0.297205543009507,39
1121,1,0.296679500044414,39
1170,1,0.295779706394617,39
1221,1,0.294508247796998,39
1274,1,0.293489744592908,39
1330,1,0.292255129608161,39
1388,1,0.290915020584593,39
1449,1,0.290039668189954,39
1512,1,0.288643902149618,39
1578,1,0.287220421102028,39
1647,1,0.285679695577727,39
1719,1,0.284730603095156,39
1794,1,0.283503127902011,39
1872,1,0.282162757880017,39
1954,1,0.280773871757233,39
2039,1,0.279465900769858,39
2128,1,0.277839661011652,39
2221,1,0.276464594116768,39
2318,1,0.275027226930382,39
2419,1,0.273661184156988,39
2524,1,0.272300089829166,39
2635,1,0.27089483707732,39
2749,1,0.269548008022396,39
2869,1,0.268067785729503,39
2995,1,0.266392749398391,39
3125,1,0.264872244555301,39
3262,1,0.263303373722192,39
3404,1,0.261860546696682,39
3553,1,0.260259702488219,39
3708,1,0.258593282145289,39
3870,1,0.257057170021501,39
4038,1,0.255676477053276,39
4215,1,0.254156941361099,39
4399,1,0.252346282109189,39
4591,1,0.250853813286479,39
4791,1,0.249273338930834,39
5000,1,0.247592278129749,39
1,0,0.340539328186204,40
2,0,0.451679239935647,40
3,0,0.503757091394027,40
4,0,0.530142600525554,40
5,0.0845070422535211,0.548109690940465,40
6,0.0704225352112676,0.558092547079291,40
7,0.0845070422535211,0.563418140531003,40
8,0.211267605633803,0.566615809018003,40
9,0.338028169014085,0.569432202585186,40
10,0.408450704225352,0.570362015053681,40
11,0.535211267605634,0.569326180062709,40
12,0.690140845070423,0.568374121864657,40
13,0.71830985915493,0.567118989200178,40
14,0.816901408450704,0.563134141229159,40
15,0.887323943661972,0.55996627599059,40
16,0.887323943661972,0.560501975544216,40
17,0.957746478873239,0.556327197994962,40
18,0.943661971830986,0.553477508003194,40
19,0.943661971830986,0.551259288967534,40
20,0.957746478873239,0.54913140672679,40
21,0.985915492957746,0.544677765157219,40
22,0.985915492957746,0.542214944353814,40
23,0.985915492957746,0.540871366785628,40
24,0.985915492957746,0.540274164585552,40
25,1,0.537268486383643,40
26,0.985915492957746,0.534554775381195,40
27,0.985915492957746,0.532101148602948,40
28,0.985915492957746,0.528886318813278,40
29,1,0.527713148002821,40
30,1,0.523692707491694,40
31,1,0.519991939700406,40
32,1,0.51857444399923,40
34,1,0.510682157653136,40
35,1,0.50859738932863,40
37,1,0.506221759567008,40
38,1,0.505555167072401,40
40,1,0.499629734732239,40
42,1,0.495819931716612,40
44,1,0.491857207585226,40
46,1,0.487375034932863,40
48,1,0.481891092861553,40
50,1,0.476338810096572,40
52,1,0.472331025838084,40
54,1,0.467556252944514,40
56,1,0.464277748427329,40
59,1,0.458942428330142,40
61,1,0.45652694199342,40
64,1,0.451670704133041,40
67,1,0.446217799431978,40
70,1,0.44191538547189,40
73,1,0.433380380933421,40
76,1,0.428866155369336,40
79,1,0.424601019350205,40
83,1,0.419389427591693,40
86,1,0.416481723309904,40
90,1,0.412218104665357,40
94,1,0.408430824442616,40
98,1,0.406077697509859,40
103,1,0.402789291195018,40
107,1,0.399224814572382,40
112,1,0.395596963145185,40
117,1,0.39338929660775,40
122,1,0.388064882176022,40
127,1,0.386002304607257,40
132,1,0.383172776864527,40
138,1,0.380244662546973,40
144,1,0.377732533032634,40
151,1,0.374391496108913,40
157,1,0.370806148808824,40
164,1,0.367884382583748,40
171,1,0.365392784117061,40
179,1,0.363036532787294,40
186,1,0.360002494046954,40
195,1,0.357149642993568,40
203,1,0.35443542590975,40
212,1,0.352083528324938,40
221,1,0.350136144218604,40
231,1,0.347905148225057,40
241,1,0.346361780517281,40
251,1,0.346135819225114,40
262,1,0.344462333958664,40
274,1,0.342975021791659,40
286,1,0.34104305007588,40
298,1,0.339285368390038,40
311,1,0.33816626558727,40
325,1,0.335971054443368,40
339,1,0.334699834958337,40
354,1,0.333049117896814,40
369,1,0.331154055111603,40
385,1,0.329346763164752,40
402,1,0.327481347460861,40
420,1,0.325829962431255,40
438,1,0.324764794768994,40
457,1,0.322795206575684,40
477,1,0.321634989036148,40
498,1,0.321111236551127,40
520,1,0.319680254913148,40
542,1,0.318515081763489,40
566,1,0.31702306807216,40
591,1,0.315771184607809,40
617,1,0.31455756507361,40
643,1,0.312873806812321,40
672,1,0.311774896067204,40
701,1,0.310787648785438,40
731,1,0.309415984264151,40
763,1,0.308617648265012,40
797,1,0.307293623014314,40
831,1,0.305960330934626,40
868,1,0.304816282785123,40
906,1,0.303372526121954,40
945,1,0.302245115486425,40
986,1,0.301357203233208,40
1029,1,0.300189693134769,40
1074,1,0.299152155459637,40
1121,1,0.298034774296097,40
1170,1,0.297109199700493,40
1221,1,0.295891980194993,40
1274,1,0.294899081840604,40
1330,1,0.293961537962889,40
1388,1,0.292819033919815,40
1449,1,0.291996110796808,40
1512,1,0.290566817993277,40
1578,1,0.28934711671196,40
1647,1,0.288201809674067,40
1719,1,0.287077291108506,40
1794,1,0.285787883911328,40
1872,1,0.284658333185664,40
1954,1,0.283638069763101,40
2039,1,0.28207017678901,40
2128,1,0.281075537675709,40
2221,1,0.279785058701918,40
2318,1,0.278549710757981,40
2419,1,0.277259840540963,40
2524,1,0.275796285781965,40
2635,1,0.274479815834139,40
2749,1,0.272921527404603,40
2869,1,0.271726092283564,40
2995,1,0.269928297509971,40
3125,1,0.268238573913791,40
3262,1,0.266759903440989,40
3404,1,0.26524072074294,40
3553,1,0.263448198487631,40
3708,1,0.261721776731288,40
3870,1,0.259871100420157,40
4038,1,0.258440620755609,40
4215,1,0.256987139511963,40
4399,1,0.255293056545418,40
4591,1,0.253661577765794,40
4791,1,0.252178051546222,40
5000,1,0.250690224861259,40
1,0,0.339176978541745,41
2,0,0.448699204861024,41
3,0,0.4998902956632,41
4,0.0140845070422535,0.524120612295176,41
5,0.0845070422535211,0.543525260740002,41
6,0.0845070422535211,0.554397898040308,41
7,0.183098591549296,0.562188696039779,41
8,0.23943661971831,0.564872427872967,41
9,0.352112676056338,0.566463349267483,41
10,0.408450704225352,0.568516278613775,41
11,0.47887323943662,0.568508901432353,41
12,0.591549295774648,0.567173018893835,41
13,0.690140845070423,0.56551174500018,41
14,0.816901408450704,0.562257332640523,41
15,0.859154929577465,0.562302624598594,41
16,0.915492957746479,0.559041156273298,41
17,0.929577464788732,0.55661317297563,41
18,0.943661971830986,0.553391599804864,41
19,0.971830985915493,0.551233217422492,41
20,0.985915492957746,0.548298814660844,41
21,0.971830985915493,0.546080089997965,41
22,0.971830985915493,0.542230852970648,41
23,0.971830985915493,0.538367475359541,41
24,0.971830985915493,0.535281576752478,41
25,1,0.529362124967846,41
26,1,0.525669828069731,41
27,1,0.522154073820127,41
28,1,0.519836401445467,41
29,1,0.517781690228214,41
30,1,0.515606646826021,41
31,1,0.512780358617168,41
32,1,0.50973661172685,41
34,1,0.507716453026975,41
35,1,0.505022857690562,41
37,1,0.499857556269798,41
38,1,0.495066565104049,41
40,1,0.49257956852936,41
42,1,0.486492968356829,41
44,1,0.481339518236912,41
46,1,0.476661267806716,41
48,1,0.472613733873092,41
50,1,0.469006758245373,41
52,1,0.463755448402026,41
54,1,0.459075284998721,41
56,1,0.455294426414975,41
59,1,0.449901947648368,41
61,1,0.445791025766002,41
64,1,0.439745457061303,41
67,1,0.435600635465725,41
70,1,0.430884090120262,41
73,1,0.426012317374178,41
76,1,0.421995983080553,41
79,1,0.418565776399904,41
83,1,0.415470233215439,41
86,1,0.412474458524346,41
90,1,0.406276945848197,41
94,1,0.40211370150931,41
98,1,0.397113208387202,41
103,1,0.391904423087249,41
107,1,0.388376749812184,41
112,1,0.386832743377667,41
117,1,0.383152109758856,41
122,1,0.381197366077491,41
127,1,0.37746537059978,41
132,1,0.37385079127873,41
138,1,0.37247986688745,41
144,1,0.3694558816002,41
151,1,0.364433865293516,41
157,1,0.36177662118694,41
164,1,0.358537692595468,41
171,1,0.356266263017044,41
179,1,0.354064501134301,41
186,1,0.352552982471811,41
195,1,0.349671508756158,41
203,1,0.34807794934266,41
212,1,0.344967967804672,41
221,1,0.342657755921239,41
231,1,0.340146514999159,41
241,1,0.33885002459237,41
251,1,0.336980298940438,41
262,1,0.335328447366088,41
274,1,0.334485153401992,41
286,1,0.332444130923983,41
298,1,0.330425224104275,41
311,1,0.328359867103105,41
325,1,0.325615851826989,41
339,1,0.324370531346648,41
354,1,0.323585723192445,41
369,1,0.321973439556706,41
385,1,0.320109929029756,41
402,1,0.318920789007376,41
420,1,0.317545955661508,41
438,1,0.316827013663978,41
457,1,0.315053774414587,41
477,1,0.314182249347681,41
498,1,0.313851448417541,41
520,1,0.312321652303063,41
542,1,0.311613144035788,41
566,1,0.310590774307517,41
591,1,0.309400960149499,41
617,1,0.308286115769125,41
643,1,0.307155194372223,41
672,1,0.306366687050109,41
701,1,0.305753065007449,41
731,1,0.304998034664139,41
763,1,0.303781812408524,41
797,1,0.302520897091067,41
831,1,0.301018430492142,41
868,1,0.300350189860002,41
906,1,0.298850674429553,41
945,1,0.297764250883967,41
986,1,0.296884842263389,41
1029,1,0.29606562807649,41
1074,1,0.295110623106902,41
1121,1,0.294054740775046,41
1170,1,0.292952076833295,41
1221,1,0.291914649034862,41
1274,1,0.290842080653772,41
1330,1,0.289477502063612,41
1388,1,0.288781437901172,41
1449,1,0.287635132800883,41
1512,1,0.28653093433917,41
1578,1,0.285292102736907,41
1647,1,0.284246990198981,41
1719,1,0.283207909273662,41
1794,1,0.281769410307665,41
1872,1,0.280380641845783,41
1954,1,0.278882999915003,41
2039,1,0.277611865496887,41
2128,1,0.27619461124923,41
2221,1,0.274902332271166,41
2318,1,0.273725916718667,41
2419,1,0.272580829440152,41
2524,1,0.270925931369072,41
2635,1,0.269461093799591,41
2749,1,0.267970155312226,41
2869,1,0.266656882669269,41
2995,1,0.265320848844131,41
3125,1,0.26403197644015,41
3262,1,0.26251631556574,41
3404,1,0.260934085024498,41
3553,1,0.259431558389807,41
3708,1,0.257878181087472,41
3870,1,0.256353514366702,41
4038,1,0.254420089634827,41
4215,1,0.252735161803482,41
4399,1,0.25113331136234,41
4591,1,0.249324127521115,41
4791,1,0.247963272115884,41
5000,1,0.246362528416876,41
1,0,0.340218775328685,42
2,0,0.448938395550078,42
3,0,0.50209726086294,42
4,0.0140845070422535,0.529049533752006,42
5,0.0422535211267606,0.545587423380573,42
6,0.0845070422535211,0.555020140833729,42
7,0.23943661971831,0.561554804468968,42
8,0.323943661971831,0.566565539356192,42
9,0.507042253521127,0.564988897810897,42
10,0.507042253521127,0.567907475674481,42
11,0.563380281690141,0.569235212906759,42
12,0.633802816901408,0.568004240950717,42
13,0.732394366197183,0.566167957229971,42
14,0.802816901408451,0.562952169763314,42
15,0.859154929577465,0.56042377932939,42
16,0.915492957746479,0.55910013311885,42
17,0.929577464788732,0.556237754048142,42
18,0.929577464788732,0.5528089733251,42
19,0.957746478873239,0.551255222816831,42
20,0.929577464788732,0.548361137922837,42
21,1,0.544001930038543,42
22,1,0.543524828216351,42
23,1,0.54087340476386,42
24,1,0.539681136310121,42
25,1,0.537954873966334,42
26,1,0.536479076994843,42
27,1,0.533605936373266,42
28,1,0.530994660432455,42
29,1,0.527925274975219,42
30,1,0.525892485650509,42
31,1,0.522830031076928,42
32,1,0.519928242065741,42
34,1,0.515479945176246,42
35,1,0.513800803274397,42
37,1,0.510714705479125,42
38,1,0.50847601524147,42
40,1,0.503694932997325,42
42,1,0.498799152714684,42
44,1,0.494164881217867,42
46,1,0.488974773836781,42
48,1,0.485148062523378,42
50,1,0.482869846688941,42
52,1,0.478200280473203,42
54,1,0.475535292434721,42
56,1,0.471745216535767,42
59,1,0.462949449354407,42
61,1,0.460625296821932,42
64,1,0.456465847194646,42
67,1,0.452595533715648,42
70,1,0.448291252284107,42
73,1,0.444513233843051,42
76,1,0.442242783075749,42
79,1,0.439760312841254,42
83,1,0.437340151385028,42
86,1,0.434233572604847,42
90,1,0.42847204768856,42
94,1,0.424932448764746,42
98,1,0.421798315421339,42
103,1,0.415432745619834,42
107,1,0.411717484338805,42
112,1,0.407154227091366,42
117,1,0.402468242993925,42
122,1,0.397624952713384,42
127,1,0.393401721939051,42
132,1,0.388671191557812,42
138,1,0.384755026115854,42
144,1,0.382457903734417,42
151,1,0.380252510867819,42
157,1,0.37627383658055,42
164,1,0.372528903544525,42
171,1,0.369168875411333,42
179,1,0.366062893183617,42
186,1,0.362810986726938,42
195,1,0.358228978875536,42
203,1,0.356117082480221,42
212,1,0.353091677727404,42
221,1,0.351186571640769,42
231,1,0.348919233735309,42
241,1,0.347426089003902,42
251,1,0.345146068208957,42
262,1,0.343519175405031,42
274,1,0.340717643754238,42
286,1,0.337780584413001,42
298,1,0.3357395717864,42
311,1,0.334519723275693,42
325,1,0.332450715852095,42
339,1,0.33100028801758,42
354,1,0.330236460044828,42
369,1,0.32845550555079,42
385,1,0.327148682033999,42
402,1,0.32613846213634,42
420,1,0.324093694503119,42
438,1,0.322253798152694,42
457,1,0.321178165898292,42
477,1,0.320475086787217,42
498,1,0.318553315172345,42
520,1,0.317359759799504,42
542,1,0.315989237042653,42
566,1,0.314838274323153,42
591,1,0.313712098782071,42
617,1,0.312749106673898,42
643,1,0.311994572423934,42
672,1,0.311226791581312,42
701,1,0.309870167371247,42
731,1,0.308759682353655,42
763,1,0.307837650644409,42
797,1,0.306709290098404,42
831,1,0.305691913038816,42
868,1,0.304586651687532,42
906,1,0.303297797994475,42
945,1,0.302744296303488,42
986,1,0.301647757307935,42
1029,1,0.300222429451143,42
1074,1,0.29891454755867,42
1121,1,0.297983709186968,42
1170,1,0.296976569584327,42
1221,1,0.295631350474254,42
1274,1,0.29455887844332,42
1330,1,0.293544164550937,42
1388,1,0.292595822676929,42
1449,1,0.29158943196992,42
1512,1,0.290270080791128,42
1578,1,0.288791149892865,42
1647,1,0.287953644470182,42
1719,1,0.286719982204965,42
1794,1,0.285366776560875,42
1872,1,0.284213617512019,42
1954,1,0.282980919074844,42
2039,1,0.281713291940485,42
2128,1,0.280164052317503,42
2221,1,0.278996061225235,42
2318,1,0.277991183782253,42
2419,1,0.276626356557936,42
2524,1,0.275210095999011,42
2635,1,0.273886974687608,42
2749,1,0.272370305208468,42
2869,1,0.270875364229708,42
2995,1,0.269401028775442,42
3125,1,0.267902434191522,42
3262,1,0.266476143020479,42
3404,1,0.265154865710856,42
3553,1,0.263497058434085,42
3708,1,0.262030200962831,42
3870,1,0.26051981508189,42
4038,1,0.25899308693862,42
4215,1,0.25743839699503,42
4399,1,0.255639716647975,42
4591,1,0.254203857415722,42
4791,1,0.252713906614726,42
5000,1,0.250832768147099,42
1,0,0.340747687543592,43
2,0,0.446572870906142,43
3,0,0.495438482761229,43
4,0.126760563380282,0.521443624689117,43
5,0.183098591549296,0.540662148333276,43
6,0.197183098591549,0.553934424230834,43
7,0.267605633802817,0.559052238819059,43
8,0.309859154929577,0.564039759582253,43
9,0.394366197183099,0.5629967982961,43
10,0.507042253521127,0.562820078384984,43
11,0.577464788732394,0.563566460302172,43
12,0.704225352112676,0.563145739697964,43
13,0.676056338028169,0.563960559011351,43
14,0.802816901408451,0.561853017278649,43
15,0.859154929577465,0.559514563314246,43
16,0.845070422535211,0.556499894505477,43
17,0.816901408450704,0.553961517347115,43
18,0.887323943661972,0.550623817728079,43
19,0.915492957746479,0.545821057614677,43
20,0.929577464788732,0.540891550005624,43
21,0.943661971830986,0.53799759745837,43
22,0.943661971830986,0.536788397492682,43
23,0.985915492957746,0.53414092461397,43
24,0.985915492957746,0.531096224107544,43
25,1,0.528895342377072,43
26,1,0.527380821048888,43
27,1,0.525475620149006,43
28,1,0.524431582894663,43
29,1,0.521323432387159,43
30,1,0.518637054011527,43
31,1,0.516522491744639,43
32,1,0.514960894408448,43
34,1,0.509562706896529,43
35,1,0.506867780724211,43
37,1,0.500776129080025,43
38,1,0.498532049663442,43
40,1,0.4931969217132,43
42,1,0.489683634278304,43
44,1,0.485653049073462,43
46,1,0.481116816310238,43
48,1,0.476972658479445,43
50,1,0.473444606621734,43
52,1,0.470457090900541,43
54,1,0.466487345715815,43
56,1,0.464314080522118,43
59,1,0.457931673807577,43
61,1,0.454616994444947,43
64,1,0.45006674722179,43
67,1,0.44520061839137,43
70,1,0.440584005322555,43
73,1,0.43712775190257,43
76,1,0.432518812056849,43
79,1,0.42802145070037,43
83,1,0.42422665172926,43
86,1,0.420334834396289,43
90,1,0.414702288773649,43
94,1,0.409461628555005,43
98,1,0.405582090026225,43
103,1,0.402086389304586,43
107,1,0.399754242684201,43
112,1,0.397119587355642,43
117,1,0.393198891624522,43
122,1,0.389888544856863,43
127,1,0.384733753170192,43
132,1,0.381830375451985,43
138,1,0.377637246067335,43
144,1,0.375418362073754,43
151,1,0.37228644829504,43
157,1,0.369365047361469,43
164,1,0.368303782284029,43
171,1,0.365785705434508,43
179,1,0.362353099627334,43
186,1,0.359352086761507,43
195,1,0.356044387337696,43
203,1,0.353908207864145,43
212,1,0.351735835064639,43
221,1,0.349563107176006,43
231,1,0.347731116737197,43
241,1,0.345078640297158,43
251,1,0.344373099325035,43
262,1,0.342549941713012,43
274,1,0.341183427434549,43
286,1,0.339331289856242,43
298,1,0.336957797713098,43
311,1,0.335027563735806,43
325,1,0.332463113900376,43
339,1,0.331361901384191,43
354,1,0.329932142451559,43
369,1,0.327794523751315,43
385,1,0.326447763509033,43
402,1,0.325426091752387,43
420,1,0.323883852616753,43
438,1,0.322610797155613,43
457,1,0.321232583781961,43
477,1,0.320005718608434,43
498,1,0.318848070483804,43
520,1,0.317398810734038,43
542,1,0.315800340140449,43
566,1,0.314643772326898,43
591,1,0.313850337362842,43
617,1,0.312890419755595,43
643,1,0.311248322911322,43
672,1,0.309795245844467,43
701,1,0.308840501469153,43
731,1,0.3075836675922,43
763,1,0.305784677438173,43
797,1,0.304860271191425,43
831,1,0.30411903120653,43
868,1,0.302942615701835,43
906,1,0.301512720124961,43
945,1,0.299936662005362,43
986,1,0.298833380938575,43
1029,1,0.297744101390093,43
1074,1,0.296681147445808,43
1121,1,0.294848269773366,43
1170,1,0.293662558367166,43
1221,1,0.292926992753621,43
1274,1,0.291391708285233,43
1330,1,0.290566517960361,43
1388,1,0.289574133054354,43
1449,1,0.288436361950871,43
1512,1,0.287108000490654,43
1578,1,0.2858639802642,43
1647,1,0.285057778840769,43
1719,1,0.283577374463813,43
1794,1,0.282213515880387,43
1872,1,0.280648660136063,43
1954,1,0.27938290645956,43
2039,1,0.278500147747433,43
2128,1,0.277270068508088,43
2221,1,0.275947246870673,43
2318,1,0.274702003144636,43
2419,1,0.273372453412164,43
2524,1,0.272049158903429,43
2635,1,0.270634662637459,43
2749,1,0.269098007572719,43
2869,1,0.267637603449083,43
2995,1,0.266393928133017,43
3125,1,0.264693442945065,43
3262,1,0.263083814352479,43
3404,1,0.261664687592457,43
3553,1,0.260226239281035,43
3708,1,0.258699140430329,43
3870,1,0.257004786549995,43
4038,1,0.255384455618976,43
4215,1,0.253912560325261,43
4399,1,0.252252761455817,43
4591,1,0.2505025728928,43
4791,1,0.248766056027708,43
5000,1,0.247042450424101,43
1,0,0.340202747685809,44
2,0,0.450996500339916,44
3,0,0.501994218558855,44
4,0.0140845070422535,0.530202388317637,44
5,0.028169014084507,0.547764596081807,44
6,0.0704225352112676,0.557015049081396,44
7,0.140845070422535,0.56339530221087,44
8,0.211267605633803,0.566313141066016,44
9,0.323943661971831,0.566425175274093,44
10,0.450704225352113,0.565900685911959,44
11,0.52112676056338,0.56753041984796,44
12,0.591549295774648,0.566686555655495,44
13,0.676056338028169,0.565522378871203,44
14,0.746478873239437,0.56246533171765,44
15,0.845070422535211,0.560965732126004,44
16,0.901408450704225,0.558325413416884,44
17,0.901408450704225,0.556739675521007,44
18,0.929577464788732,0.553365501772174,44
19,0.943661971830986,0.549045663230141,44
20,0.957746478873239,0.54640591839755,44
21,0.957746478873239,0.544065907995746,44
22,0.985915492957746,0.542566811941768,44
23,0.985915492957746,0.541109715382351,44
24,0.985915492957746,0.537623824657673,44
25,0.985915492957746,0.5351556391136,44
26,1,0.532577080842578,44
27,1,0.528601413880074,44
28,1,0.525937330416706,44
29,1,0.523509100167887,44
30,1,0.521697661885262,44
31,1,0.518191688906568,44
32,1,0.514475017170899,44
34,1,0.509935170001898,44
35,1,0.506662503149843,44
37,1,0.499502648227086,44
38,1,0.49706688562985,44
40,1,0.493406162265388,44
42,1,0.489797979741121,44
44,1,0.484550173583908,44
46,1,0.481814732872435,44
48,1,0.478577959117191,44
50,1,0.473629209187802,44
52,1,0.470200509326104,44
54,1,0.46587173615499,44
56,1,0.462227907526525,44
59,1,0.457195299205362,44
61,1,0.453710696825045,44
64,1,0.451176364233553,44
67,1,0.44882023763911,44
70,1,0.444862561398128,44
73,1,0.441455729866801,44
76,1,0.437363153938311,44
79,1,0.432846122749851,44
83,1,0.430156130033198,44
86,1,0.425795110968282,44
90,1,0.419941330310862,44
94,1,0.415616178028928,44
98,1,0.411011480122746,44
103,1,0.406462069528032,44
107,1,0.403592304943857,44
112,1,0.398254837933188,44
117,1,0.392805815614142,44
122,1,0.388127702629694,44
127,1,0.384985051343046,44
132,1,0.381186482915616,44
138,1,0.377640832444555,44
144,1,0.374547110426363,44
151,1,0.369967464205965,44
157,1,0.367048502794822,44
164,1,0.364958320924369,44
171,1,0.363539630290323,44
179,1,0.360128168357099,44
186,1,0.35798357211748,44
195,1,0.354458516829059,44
203,1,0.350611822758473,44
212,1,0.348174103400062,44
221,1,0.345765024962128,44
231,1,0.344001073933922,44
241,1,0.341135480326873,44
251,1,0.338625120519089,44
262,1,0.337254936545006,44
274,1,0.33609902073014,44
286,1,0.333624634736043,44
298,1,0.331211141073232,44
311,1,0.329731234232229,44
325,1,0.327180946062712,44
339,1,0.32570429315501,44
354,1,0.325022721247507,44
369,1,0.324287238560623,44
385,1,0.322748307648831,44
402,1,0.321505155889615,44
420,1,0.320321201517374,44
438,1,0.319315632759504,44
457,1,0.317642026570176,44
477,1,0.31565107025344,44
498,1,0.31472459418399,44
520,1,0.314146733240139,44
542,1,0.312813446141832,44
566,1,0.311397109103775,44
591,1,0.310491597884984,44
617,1,0.308469327214904,44
643,1,0.307441381921188,44
672,1,0.306752501636009,44
701,1,0.305584110225117,44
731,1,0.304677604555341,44
763,1,0.303201343805638,44
797,1,0.302338746992198,44
831,1,0.300902124463842,44
868,1,0.299505060780631,44
906,1,0.298335621374613,44
945,1,0.297431596558608,44
986,1,0.296402243476697,44
1029,1,0.295498344507385,44
1074,1,0.294289292931651,44
1121,1,0.292868656293669,44
1170,1,0.291643480277303,44
1221,1,0.291011374372222,44
1274,1,0.290061881674252,44
1330,1,0.289174771047716,44
1388,1,0.288198931214925,44
1449,1,0.286836945594274,44
1512,1,0.285630324422387,44
1578,1,0.284522099537306,44
1647,1,0.283295452610847,44
1719,1,0.282004193235076,44
1794,1,0.28090609227138,44
1872,1,0.279884214859385,44
1954,1,0.278543267476332,44
2039,1,0.277340324585061,44
2128,1,0.275862439784522,44
2221,1,0.274869739357993,44
2318,1,0.273493630249268,44
2419,1,0.272107165499712,44
2524,1,0.270943857655574,44
2635,1,0.269577688296413,44
2749,1,0.267905532665965,44
2869,1,0.266289086259158,44
2995,1,0.265243926228888,44
3125,1,0.263984974351089,44
3262,1,0.262435077241666,44
3404,1,0.260718615648166,44
3553,1,0.259395923165858,44
3708,1,0.257809954881826,44
3870,1,0.256240091174592,44
4038,1,0.254356963032999,44
4215,1,0.252801314507493,44
4399,1,0.251215566755744,44
4591,1,0.249789844224972,44
4791,1,0.248260565559788,44
5000,1,0.246430798261477,44
1,0,0.338006960611798,45
2,0.0140845070422535,0.445472306095324,45
3,0.0985915492957746,0.498680862413939,45
4,0.0845070422535211,0.527731760696774,45
5,0.126760563380282,0.544456626358686,45
6,0.154929577464789,0.556172259901178,45
7,0.253521126760563,0.561833970739534,45
8,0.28169014084507,0.566339440490061,45
9,0.338028169014085,0.568942145878041,45
10,0.380281690140845,0.570645304244817,45
11,0.492957746478873,0.571586531815,45
12,0.577464788732394,0.56966945050912,45
13,0.647887323943662,0.567803158644361,45
14,0.71830985915493,0.564495725058235,45
15,0.830985915492958,0.563452290959917,45
16,0.845070422535211,0.560425364351118,45
17,0.887323943661972,0.559261510435535,45
18,0.915492957746479,0.557164946214223,45
19,0.943661971830986,0.555405511577073,45
20,0.957746478873239,0.551557787905446,45
21,0.971830985915493,0.549039514817057,45
22,0.985915492957746,0.545644765349076,45
23,0.985915492957746,0.542686556727386,45
24,1,0.539835702846886,45
25,1,0.536077190405469,45
26,1,0.532383635051391,45
27,1,0.5299614878937,45
28,1,0.52750588068852,45
29,1,0.525960611889598,45
30,1,0.523549776115281,45
31,1,0.521072376495237,45
32,1,0.518331715879959,45
34,1,0.513301597925126,45
35,1,0.510368747797541,45
37,1,0.503685213763643,45
38,1,0.501245705080088,45
40,1,0.496423859224149,45
42,1,0.49142924314476,45
44,1,0.487559352540557,45
46,1,0.482861618437468,45
48,1,0.479232157890462,45
50,1,0.474547759480139,45
52,1,0.469544353091471,45
54,1,0.466421485827123,45
56,1,0.46245399630229,45
59,1,0.4585311623856,45
61,1,0.455032012786998,45
64,1,0.451071287392861,45
67,1,0.44615142789326,45
70,1,0.442538867014609,45
73,1,0.438596672352878,45
76,1,0.434140986067423,45
79,1,0.431166393038807,45
83,1,0.426309217355867,45
86,1,0.422151030727384,45
90,1,0.416648343056042,45
94,1,0.411206369151144,45
98,1,0.405300464379523,45
103,1,0.401988218060157,45
107,1,0.40009882024083,45
112,1,0.39456639580643,45
117,1,0.390351066669761,45
122,1,0.386495542421853,45
127,1,0.381953471288962,45
132,1,0.378083743288679,45
138,1,0.373918248870405,45
144,1,0.370791836089742,45
151,1,0.367919613380426,45
157,1,0.36566551180478,45
164,1,0.362048679558609,45
171,1,0.361452306831487,45
179,1,0.358488737978512,45
186,1,0.357630795200566,45
195,1,0.3546761354091,45
203,1,0.353378839382838,45
212,1,0.350436024467313,45
221,1,0.348922798773512,45
231,1,0.345821004629774,45
241,1,0.344231734803527,45
251,1,0.341712065924424,45
262,1,0.339782879760282,45
274,1,0.338352617540809,45
286,1,0.337046925376151,45
298,1,0.334902820937644,45
311,1,0.333110059945635,45
325,1,0.33212720010907,45
339,1,0.33105382422215,45
354,1,0.329706835764423,45
369,1,0.327417813272847,45
385,1,0.325894535831208,45
402,1,0.324726782094099,45
420,1,0.322452573317958,45
438,1,0.319960403568956,45
457,1,0.318191694472393,45
477,1,0.317323898240747,45
498,1,0.316364580193638,45
520,1,0.31551080309475,45
542,1,0.31499799044652,45
566,1,0.313574938632758,45
591,1,0.312213059176192,45
617,1,0.311216669782174,45
643,1,0.309717802485647,45
672,1,0.30854890318747,45
701,1,0.307424329519368,45
731,1,0.305897945160763,45
763,1,0.304637795489768,45
797,1,0.303699361689165,45
831,1,0.302849065842361,45
868,1,0.301349477472406,45
906,1,0.300369795346435,45
945,1,0.299196987602163,45
986,1,0.297872540050864,45
1029,1,0.296851739960137,45
1074,1,0.295900108941873,45
1121,1,0.294684444626884,45
1170,1,0.293719958822965,45
1221,1,0.292718854373535,45
1274,1,0.291988274087163,45
1330,1,0.291090216467531,45
1388,1,0.290187270844555,45
1449,1,0.289020459014409,45
1512,1,0.287904739873705,45
1578,1,0.28658665161552,45
1647,1,0.285387322188619,45
1719,1,0.284012764327173,45
1794,1,0.282844705706438,45
1872,1,0.281513486638722,45
1954,1,0.28026662739829,45
2039,1,0.278796904988166,45
2128,1,0.277593036963813,45
2221,1,0.276098494066115,45
2318,1,0.274720804739615,45
2419,1,0.273239849741006,45
2524,1,0.271883452523891,45
2635,1,0.270516333064632,45
2749,1,0.269013202405691,45
2869,1,0.267457078114929,45
2995,1,0.265873718156604,45
3125,1,0.264484853475139,45
3262,1,0.263164183851994,45
3404,1,0.261584762550017,45
3553,1,0.259969582921596,45
3708,1,0.258316821984794,45
3870,1,0.256683960078292,45
4038,1,0.255166500614126,45
4215,1,0.253602050828998,45
4399,1,0.252267742894078,45
4591,1,0.250721717723041,45
4791,1,0.24941018320929,45
5000,1,0.247718161654251,45
1,0,0.339641780185149,46
2,0,0.449137293766301,46
3,0,0.49944806152078,46
4,0.0563380281690141,0.524577174833738,46
5,0.0845070422535211,0.542305103069856,46
6,0.183098591549296,0.553273862303144,46
7,0.112676056338028,0.560866015958012,46
8,0.28169014084507,0.563790008940495,46
9,0.253521126760563,0.565925141896283,46
10,0.380281690140845,0.56603296374493,46
11,0.535211267605634,0.56620883966487,46
12,0.591549295774648,0.564049602844439,46
13,0.774647887323944,0.56147867622788,46
14,0.830985915492958,0.557220980062292,46
15,0.873239436619718,0.556083402739794,46
16,0.957746478873239,0.552966938545411,46
17,0.957746478873239,0.551236607315799,46
18,0.957746478873239,0.547321573817406,46
19,0.985915492957746,0.546259127025137,46
20,0.985915492957746,0.542834198971263,46
21,0.985915492957746,0.540566886737209,46
22,0.985915492957746,0.537782129667053,46
23,1,0.533763553999043,46
24,1,0.529383214830762,46
25,0.985915492957746,0.526182993114125,46
26,1,0.524601244147988,46
27,1,0.521338323715127,46
28,1,0.517746587595733,46
29,1,0.515199334799077,46
30,1,0.511210563107391,46
31,1,0.508420580607413,46
32,1,0.505767568723655,46
34,1,0.500407804004191,46
35,1,0.498011410071233,46
37,1,0.494969291885333,46
38,1,0.490535804617865,46
40,1,0.48546108826265,46
42,1,0.480879723061649,46
44,1,0.476188111835915,46
46,1,0.473836205689546,46
48,1,0.468898546363241,46
50,1,0.46474349719876,46
52,1,0.46082169463262,46
54,1,0.457111177325256,46
56,1,0.453326479657985,46
59,1,0.449260535702823,46
61,1,0.446539247271886,46
64,1,0.442811565735176,46
67,1,0.44011613568772,46
70,1,0.435788845110406,46
73,1,0.431895466660217,46
76,1,0.429605751136002,46
79,1,0.423540693506305,46
83,1,0.419753846419657,46
86,1,0.415159404547385,46
90,1,0.409009591933121,46
94,1,0.406597887906585,46
98,1,0.402978802837956,46
103,1,0.399795297287659,46
107,1,0.397720446257277,46
112,1,0.394168418090478,46
117,1,0.391261795008911,46
122,1,0.3878427691501,46
127,1,0.382861994468694,46
132,1,0.380405253103891,46
138,1,0.376741407212605,46
144,1,0.372399144260085,46
151,1,0.370201166380092,46
157,1,0.367309391557487,46
164,1,0.364660709806936,46
171,1,0.362230698741478,46
179,1,0.359069941832836,46
186,1,0.35635236395458,46
195,1,0.354569829046397,46
203,1,0.353025526043124,46
212,1,0.350722208707472,46
221,1,0.348965486153563,46
231,1,0.345997841092551,46
241,1,0.34411507337009,46
251,1,0.341869936846597,46
262,1,0.339405248316927,46
274,1,0.33781021328662,46
286,1,0.335718311843231,46
298,1,0.33372178438581,46
311,1,0.332110266331239,46
325,1,0.330880594401782,46
339,1,0.329123302652431,46
354,1,0.327609355262865,46
369,1,0.324900765362602,46
385,1,0.324586962274181,46
402,1,0.322034001011838,46
420,1,0.320421055078166,46
438,1,0.318824451653178,46
457,1,0.318342231592305,46
477,1,0.317585020234237,46
498,1,0.316380833010721,46
520,1,0.315270068376266,46
542,1,0.31412725167653,46
566,1,0.312783876511456,46
591,1,0.311932754392536,46
617,1,0.31097955229432,46
643,1,0.309831566632386,46
672,1,0.308847583737499,46
701,1,0.308022157704553,46
731,1,0.307303920225794,46
763,1,0.305384197317909,46
797,1,0.304498449735954,46
831,1,0.303400775334649,46
868,1,0.301939164924179,46
906,1,0.300827320998233,46
945,1,0.299462123174576,46
986,1,0.297987533056856,46
1029,1,0.296950181949903,46
1074,1,0.296104261381699,46
1121,1,0.295205259600572,46
1170,1,0.293993972846776,46
1221,1,0.292408289584802,46
1274,1,0.291025570864487,46
1330,1,0.290244183256229,46
1388,1,0.289108640478194,46
1449,1,0.288141995529153,46
1512,1,0.286663103161198,46
1578,1,0.28601379202938,46
1647,1,0.284881554495796,46
1719,1,0.28364336934697,46
1794,1,0.282392918287708,46
1872,1,0.281421028856037,46
1954,1,0.280107254097195,46
2039,1,0.278921587165405,46
2128,1,0.277645149858757,46
2221,1,0.276443901854776,46
2318,1,0.275231028046641,46
2419,1,0.273753796762861,46
2524,1,0.272382601002929,46
2635,1,0.27065370835378,46
2749,1,0.269215940764818,46
2869,1,0.267674062605081,46
2995,1,0.266096181400145,46
3125,1,0.264725784334301,46
3262,1,0.263266760400196,46
3404,1,0.261764873567786,46
3553,1,0.260335623243003,46
3708,1,0.258958673295622,46
3870,1,0.257378085561543,46
4038,1,0.255854500958925,46
4215,1,0.254308342999423,46
4399,1,0.253005693444162,46
4591,1,0.251452325286516,46
4791,1,0.250091139928364,46
5000,1,0.248414756144174,46
1,0,0.341084268043988,47
2,0,0.449147978861552,47
3,0,0.499744385549928,47
4,0,0.527115201222707,47
5,0.0422535211267606,0.545126375280132,47
6,0.0563380281690141,0.555727990700764,47
7,0.140845070422535,0.560918517710664,47
8,0.197183098591549,0.565344033627944,47
9,0.23943661971831,0.566344488645594,47
10,0.295774647887324,0.569138031036672,47
11,0.492957746478873,0.569020177326589,47
12,0.535211267605634,0.56917126976187,47
13,0.619718309859155,0.567518890947983,47
14,0.676056338028169,0.564845925511732,47
15,0.704225352112676,0.563315434882665,47
16,0.802816901408451,0.560367394795396,47
17,0.845070422535211,0.55682515832597,47
18,0.845070422535211,0.554348930840765,47
19,0.887323943661972,0.550050477257564,47
20,0.943661971830986,0.546189816630052,47
21,0.957746478873239,0.544715414122205,47
22,0.971830985915493,0.541659605582203,47
23,0.985915492957746,0.540156920958678,47
24,0.985915492957746,0.538347052243347,47
25,1,0.534915863170641,47
26,0.985915492957746,0.532425670558199,47
27,1,0.530598331587255,47
28,1,0.5283942832555,47
29,1,0.526622066170299,47
30,0.985915492957746,0.525459152567594,47
31,0.985915492957746,0.524024264851668,47
32,1,0.521926919830071,47
34,1,0.516880316993164,47
35,1,0.513982120844864,47
37,1,0.509068177353108,47
38,1,0.506295352974077,47
40,1,0.500230161092706,47
42,1,0.49487146393903,47
44,1,0.491626759936296,47
46,1,0.485175591148563,47
48,1,0.481992297296281,47
50,1,0.478220089126537,47
52,1,0.473642300508982,47
54,1,0.471029308809334,47
56,1,0.467407892382924,47
59,1,0.463994049705597,47
61,1,0.459915808990779,47
64,1,0.453320261230356,47
67,1,0.446345644333607,47
70,1,0.441688032431557,47
73,1,0.436989808763724,47
76,1,0.433190767174327,47
79,1,0.43006551527789,47
83,1,0.424327952424098,47
86,1,0.420714735067343,47
90,1,0.416283282685189,47
94,1,0.413665126344616,47
98,1,0.410083323774338,47
103,1,0.405459862815587,47
107,1,0.403197411579321,47
112,1,0.396902505385229,47
117,1,0.392845504825982,47
122,1,0.387902311429397,47
127,1,0.385288608444963,47
132,1,0.38246735344428,47
138,1,0.380363193665762,47
144,1,0.377961310080333,47
151,1,0.37353936140351,47
157,1,0.372731505119341,47
164,1,0.369548433285675,47
171,1,0.365983758021073,47
179,1,0.364328577323701,47
186,1,0.36108791486428,47
195,1,0.358642647882014,47
203,1,0.354990903977267,47
212,1,0.352899437058606,47
221,1,0.34953527631183,47
231,1,0.34767482817446,47
241,1,0.34614736154297,47
251,1,0.344060946640704,47
262,1,0.341750525111876,47
274,1,0.339854621630583,47
286,1,0.337716783340269,47
298,1,0.335827206245015,47
311,1,0.333742775538016,47
325,1,0.332527894884958,47
339,1,0.33123812169814,47
354,1,0.330069280761998,47
369,1,0.328245688791009,47
385,1,0.327271101266924,47
402,1,0.325842046164493,47
420,1,0.324487963922394,47
438,1,0.323539042553805,47
457,1,0.321985519960093,47
477,1,0.320243323783967,47
498,1,0.319168549112752,47
520,1,0.31732186293563,47
542,1,0.316055065000844,47
566,1,0.315594474941592,47
591,1,0.314533461893263,47
617,1,0.313490559148088,47
643,1,0.312501958191904,47
672,1,0.311519138965864,47
701,1,0.310233121224451,47
731,1,0.308920126306721,47
763,1,0.308047534072134,47
797,1,0.3070882775178,47
831,1,0.306199858670003,47
868,1,0.304438165733894,47
906,1,0.303456206383186,47
945,1,0.30216852699384,47
986,1,0.300660858812306,47
1029,1,0.299689310868412,47
1074,1,0.298934304556095,47
1121,1,0.297521885542197,47
1170,1,0.29683646967908,47
1221,1,0.295649473089654,47
1274,1,0.294679700516662,47
1330,1,0.29326591984978,47
1388,1,0.291840922556808,47
1449,1,0.290309423698875,47
1512,1,0.289306661517051,47
1578,1,0.288338419914604,47
1647,1,0.287048923182693,47
1719,1,0.286061230997677,47
1794,1,0.284869952202466,47
1872,1,0.283908226883904,47
1954,1,0.282494104615673,47
2039,1,0.28148723291866,47
2128,1,0.280117350487904,47
2221,1,0.27850202870147,47
2318,1,0.27706818736259,47
2419,1,0.275744566062083,47
2524,1,0.274002532794771,47
2635,1,0.272695272196763,47
2749,1,0.271231317695724,47
2869,1,0.269805822207597,47
2995,1,0.268220791784245,47
3125,1,0.266864923244874,47
3262,1,0.265349727427933,47
3404,1,0.26380916207544,47
3553,1,0.262534306143601,47
3708,1,0.26087857100378,47
3870,1,0.259424740755928,47
4038,1,0.25798123323701,47
4215,1,0.256511710793977,47
4399,1,0.25482563818935,47
4591,1,0.253409716410516,47
4791,1,0.252127649831588,47
5000,1,0.250513108471163,47
1,0,0.342462645331324,48
2,0,0.451733771912212,48
3,0,0.503465010013672,48
4,0,0.532534521290135,48
5,0.028169014084507,0.54908005887097,48
6,0.0985915492957746,0.558444589664354,48
7,0.140845070422535,0.565358337730303,48
8,0.23943661971831,0.568956641378127,48
9,0.267605633802817,0.570858338754525,48
10,0.366197183098592,0.568974143114275,48
11,0.422535211267606,0.569983255756058,48
12,0.549295774647887,0.566868586990062,48
13,0.676056338028169,0.56421519493077,48
14,0.746478873239437,0.562101471482426,48
15,0.76056338028169,0.558035975510458,48
16,0.774647887323944,0.555528393150424,48
17,0.830985915492958,0.552500116299966,48
18,0.873239436619718,0.54774939867277,48
19,0.915492957746479,0.547458725869168,48
20,0.943661971830986,0.545171742019185,48
21,0.943661971830986,0.543189684282665,48
22,0.957746478873239,0.541021969452567,48
23,0.985915492957746,0.53817508276038,48
24,1,0.53463354568368,48
25,1,0.532705756656583,48
26,1,0.530174138639719,48
27,1,0.527954831433955,48
28,1,0.5256535182952,48
29,1,0.522223763898473,48
30,1,0.51718653082396,48
31,1,0.514383437005609,48
32,1,0.511882351322164,48
34,1,0.504965442032141,48
35,1,0.503114347954077,48
37,1,0.497004632482448,48
38,1,0.494360886651163,48
40,1,0.490788532318839,48
42,1,0.489129154299208,48
44,1,0.486192383735703,48
46,1,0.482717604998034,48
48,1,0.481125395337836,48
50,1,0.474925718920435,48
52,1,0.472436033482492,48
54,1,0.469079540715795,48
56,1,0.466549385133801,48
59,1,0.461186456366366,48
61,1,0.45780838758898,48
64,1,0.453295334567767,48
67,1,0.448939707159909,48
70,1,0.444211072874774,48
73,1,0.439375420047457,48
76,1,0.434694748691274,48
79,1,0.429902570566462,48
83,1,0.425157837367751,48
86,1,0.420765410012712,48
90,1,0.415986394335998,48
94,1,0.412200529864955,48
98,1,0.409235642164828,48
103,1,0.405319067122427,48
107,1,0.403368276774159,48
112,1,0.400325673079344,48
117,1,0.398052117970019,48
122,1,0.395584112425464,48
127,1,0.392803172481006,48
132,1,0.390220654765888,48
138,1,0.388136750863644,48
144,1,0.384317115586876,48
151,1,0.380935580346075,48
157,1,0.377817945726873,48
164,1,0.376176227651467,48
171,1,0.373777405215306,48
179,1,0.369971410048558,48
186,1,0.366782399007949,48
195,1,0.362376797899564,48
203,1,0.360701389071263,48
212,1,0.357975962504928,48
221,1,0.355305455284959,48
231,1,0.352634423082881,48
241,1,0.351306198313376,48
251,1,0.349567420953097,48
262,1,0.347187261984646,48
274,1,0.34413335404741,48
286,1,0.340969383318578,48
298,1,0.339469771706307,48
311,1,0.338382011519594,48
325,1,0.336052396293226,48
339,1,0.334792627843659,48
354,1,0.333527339959097,48
369,1,0.331568679153651,48
385,1,0.330438543488373,48
402,1,0.329426259731029,48
420,1,0.328247748549029,48
438,1,0.326305114384635,48
457,1,0.324654849846662,48
477,1,0.324264220189325,48
498,1,0.323783532303492,48
520,1,0.322675577421948,48
542,1,0.320641092295274,48
566,1,0.319989564267393,48
591,1,0.319414440988533,48
617,1,0.31763145775764,48
643,1,0.316283475460893,48
672,1,0.314583551281865,48
701,1,0.313300605986816,48
731,1,0.312345709962249,48
763,1,0.311258928444426,48
797,1,0.309803307161351,48
831,1,0.308818530083214,48
868,1,0.307245043963155,48
906,1,0.306075936975418,48
945,1,0.304891195736269,48
986,1,0.302865423513846,48
1029,1,0.301628665109174,48
1074,1,0.300214777122704,48
1121,1,0.299522309088815,48
1170,1,0.29823376344375,48
1221,1,0.297235421016663,48
1274,1,0.296291355969787,48
1330,1,0.29525066153151,48
1388,1,0.293808553006552,48
1449,1,0.292558851246923,48
1512,1,0.291367585185187,48
1578,1,0.290009861775888,48
1647,1,0.288463964614431,48
1719,1,0.287091495789962,48
1794,1,0.285467817110512,48
1872,1,0.284492728744757,48
1954,1,0.283283593817738,48
2039,1,0.282177198580908,48
2128,1,0.280913414752542,48
2221,1,0.279766430438619,48
2318,1,0.278416427368197,48
2419,1,0.277219256717526,48
2524,1,0.276345053460827,48
2635,1,0.275003653640565,48
2749,1,0.273930088032195,48
2869,1,0.272622440935074,48
2995,1,0.271278763942738,48
3125,1,0.26999723960889,48
3262,1,0.268606436627793,48
3404,1,0.267202105721423,48
3553,1,0.265938084788569,48
3708,1,0.264366616769626,48
3870,1,0.262680876464081,48
4038,1,0.261078066951802,48
4215,1,0.25954264412248,48
4399,1,0.258150930329663,48
4591,1,0.256677974807255,48
4791,1,0.254969661568245,48
5000,1,0.253532695116552,48
1,0,0.341068240401112,49
2,0,0.448603039003768,49
3,0,0.501456032785931,49
4,0,0.529769011047316,49
5,0.0422535211267606,0.546760987368701,49
6,0.0985915492957746,0.556776631927814,49
7,0.183098591549296,0.562893304488523,49
8,0.211267605633803,0.5660685180609,49
9,0.380281690140845,0.567648787095624,49
10,0.549295774647887,0.566605650821831,49
11,0.619718309859155,0.567241028899631,49
12,0.647887323943662,0.565350793223563,49
13,0.690140845070423,0.564120767165836,49
14,0.845070422535211,0.56228244957305,49
15,0.915492957746479,0.560033960857842,49
16,0.943661971830986,0.559879241467598,49
17,0.971830985915493,0.557777891627238,49
18,1,0.554450240824304,49
19,1,0.552306693537102,49
20,1,0.550376242707048,49
21,0.985915492957746,0.547743513331763,49
22,0.985915492957746,0.546493230279946,49
23,1,0.543348162470168,49
24,1,0.539670135596844,49
25,1,0.537845310688571,49
26,1,0.534989058110323,49
27,1,0.532172223563684,49
28,1,0.528553026556178,49
29,1,0.526776897549648,49
30,1,0.523594000969251,49
31,1,0.522631549208348,49
32,1,0.519417877606691,49
34,1,0.514252590711445,49
35,1,0.512149470126557,49
37,1,0.50568630146087,49
38,1,0.502385183742555,49
40,1,0.497419811305474,49
42,1,0.493997538300324,49
44,1,0.487813133691186,49
46,1,0.484514418191671,49
48,1,0.479340507520722,49
50,1,0.474573333766713,49
52,1,0.47049486654968,49
54,1,0.467196863976883,49
56,1,0.464632651204956,49
59,1,0.460924910212765,49
61,1,0.458378913639085,49
64,1,0.453829420417224,49
67,1,0.450340079123278,49
70,1,0.44627083771698,49
73,1,0.440838479534958,49
76,1,0.436771710280724,49
79,1,0.432124474307399,49
83,1,0.426898823025577,49
86,1,0.4256965520799,49
90,1,0.42041215864564,49
94,1,0.417334456473541,49
98,1,0.41369916124833,49
103,1,0.408762662318165,49
107,1,0.405354330871218,49
112,1,0.401705258783285,49
117,1,0.397439847258147,49
122,1,0.39296902543355,49
127,1,0.389015193939425,49
132,1,0.384569116575045,49
138,1,0.382663378280722,49
144,1,0.379649072870427,49
151,1,0.376558695219152,49
157,1,0.373398192040519,49
164,1,0.370835683441018,49
171,1,0.368768807193237,49
179,1,0.36612886381822,49
186,1,0.364561530851407,49
195,1,0.360161547409324,49
203,1,0.357326004598049,49
212,1,0.355127498932815,49
221,1,0.351806912913305,49
231,1,0.350424759285693,49
241,1,0.34805091508321,49
251,1,0.345066525452473,49
262,1,0.343108138661869,49
274,1,0.340065120768484,49
286,1,0.338013395453164,49
298,1,0.336592051354823,49
311,1,0.334884986182132,49
325,1,0.333407960599712,49
339,1,0.331372106840224,49
354,1,0.33063172086975,49
369,1,0.328700639406729,49
385,1,0.326693548800611,49
402,1,0.325266127914516,49
420,1,0.324309234442887,49
438,1,0.323193147494221,49
457,1,0.321792208236412,49
477,1,0.319944072143138,49
498,1,0.317917977028629,49
520,1,0.31764884990995,49
542,1,0.316396653488293,49
566,1,0.31543067078831,49
591,1,0.313957037574124,49
617,1,0.312912944552991,49
643,1,0.311682191431349,49
672,1,0.310497208563233,49
701,1,0.309570027265724,49
731,1,0.308367412751963,49
763,1,0.307319789353486,49
797,1,0.306402633331926,49
831,1,0.305245382674738,49
868,1,0.303953178036016,49
906,1,0.303119410233711,49
945,1,0.302384099206807,49
986,1,0.301061071135127,49
1029,1,0.299914712120048,49
1074,1,0.298654387355169,49
1121,1,0.297529841254298,49
1170,1,0.296982365768545,49
1221,1,0.296173622598855,49
1274,1,0.294897143182821,49
1330,1,0.293363948119346,49
1388,1,0.291838716877884,49
1449,1,0.290766469738394,49
1512,1,0.289715980817797,49
1578,1,0.28864681002109,49
1647,1,0.287489434209671,49
1719,1,0.286615216101498,49
1794,1,0.285496260299011,49
1872,1,0.284063835498794,49
1954,1,0.282973993908921,49
2039,1,0.281723614579759,49
2128,1,0.280422698393007,49
2221,1,0.27903548106695,49
2318,1,0.277530450705673,49
2419,1,0.27632191156449,49
2524,1,0.275177579991025,49
2635,1,0.273872140656171,49
2749,1,0.272649169651824,49
2869,1,0.27111817095797,49
2995,1,0.269748056061075,49
3125,1,0.268267977378156,49
3262,1,0.266683045356288,49
3404,1,0.265241109755005,49
3553,1,0.263809005696925,49
3708,1,0.262369596653237,49
3870,1,0.260649738151897,49
4038,1,0.259311936272509,49
4215,1,0.257665222268871,49
4399,1,0.256051967068894,49
4591,1,0.254556098115943,49
4791,1,0.252944392006704,49
5000,1,0.251459533264829,49
1,0,0.339705890756653,50
2,0,0.448121103217176,50
3,0,0.498095892245629,50
4,0,0.527589420676422,50
5,0.028169014084507,0.547271127630253,50
6,0.028169014084507,0.559545830757374,50
7,0.112676056338028,0.565040961844827,50
8,0.183098591549296,0.568485423905364,50
9,0.267605633802817,0.57269963620793,50
10,0.464788732394366,0.573152374647335,50
11,0.47887323943662,0.572007491443193,50
12,0.605633802816901,0.570920557149259,50
13,0.704225352112676,0.568393958795698,50
14,0.802816901408451,0.566333176262743,50
15,0.830985915492958,0.563641627641569,50
16,0.873239436619718,0.561545628552416,50
17,0.915492957746479,0.561151511695209,50
18,0.929577464788732,0.557098630199545,50
19,0.943661971830986,0.554915337708396,50
20,0.957746478873239,0.550323341241596,50
21,0.971830985915493,0.547034526228355,50
22,0.971830985915493,0.543886713291481,50
23,0.971830985915493,0.539948434064379,50
24,0.985915492957746,0.538502619996434,50
25,1,0.535346232304923,50
26,1,0.534505659383428,50
27,1,0.532139817655085,50
28,1,0.528482861700097,50
29,1,0.524579534641839,50
30,1,0.521196574061407,50
31,1,0.517289986843159,50
32,1,0.514704797494298,50
34,1,0.511967130140149,50
35,1,0.508997418695299,50
37,1,0.503931728578018,50
38,1,0.50141419129729,50
40,1,0.496693581795342,50
42,1,0.490600483951222,50
44,1,0.485588312194586,50
46,1,0.479309737896811,50
48,1,0.474463185854069,50
50,1,0.469649793449589,50
52,1,0.465614965846215,50
54,1,0.461808325623795,50
56,1,0.459085163490294,50
59,1,0.454516628154423,50
61,1,0.450719650730834,50
64,1,0.448525922674167,50
67,1,0.443248986804194,50
70,1,0.439483489025542,50
73,1,0.436078600869041,50
76,1,0.432875644529806,50
79,1,0.42975936987956,50
83,1,0.424852917380482,50
86,1,0.422426876514264,50
90,1,0.418812208590845,50
94,1,0.416011638890354,50
98,1,0.410870192126706,50
103,1,0.405191331482839,50
107,1,0.40164561600591,50
112,1,0.397282695655899,50
117,1,0.393949856398852,50
122,1,0.390156956598484,50
127,1,0.38754848400049,50
132,1,0.385915579748324,50
138,1,0.383836715580889,50
144,1,0.380003144491218,50
151,1,0.377185694203756,50
157,1,0.373615453687482,50
164,1,0.371759920840135,50
171,1,0.369301937831274,50
179,1,0.36519089112982,50
186,1,0.361942833332272,50
195,1,0.359111329509999,50
203,1,0.355186308974087,50
212,1,0.352490515724637,50
221,1,0.349888087801092,50
231,1,0.348192937559596,50
241,1,0.346764088387545,50
251,1,0.344548245238427,50
262,1,0.342076715249242,50
274,1,0.340390513329749,50
286,1,0.339283738264057,50
298,1,0.338068358038993,50
311,1,0.337056036561552,50
325,1,0.335074687858858,50
339,1,0.333589203055991,50
354,1,0.332308986708099,50
369,1,0.330886972041752,50
385,1,0.329372099376403,50
402,1,0.328038128795831,50
420,1,0.326371473795807,50
438,1,0.32460964055486,50
457,1,0.323179362738561,50
477,1,0.321972397269252,50
498,1,0.320352226323063,50
520,1,0.31924520724831,50
542,1,0.317360615275151,50
566,1,0.316488876073317,50
591,1,0.315329379174874,50
617,1,0.313612317020256,50
643,1,0.312568985637325,50
672,1,0.311776481430708,50
701,1,0.310282535589668,50
731,1,0.309117532490822,50
763,1,0.30826829130956,50
797,1,0.307714882470392,50
831,1,0.306422243316546,50
868,1,0.305463022827166,50
906,1,0.304491498613113,50
945,1,0.303337108337623,50
986,1,0.302087381293499,50
1029,1,0.300974310927954,50
1074,1,0.299483574516642,50
1121,1,0.298290120315434,50
1170,1,0.297151756208857,50
1221,1,0.295852377338804,50
1274,1,0.294497837258204,50
1330,1,0.293164563744776,50
1388,1,0.292475661739324,50
1449,1,0.291495038392391,50
1512,1,0.290573942590213,50
1578,1,0.289287544387173,50
1647,1,0.287858782447961,50
1719,1,0.286419863904767,50
1794,1,0.285187659545878,50
1872,1,0.28428813857595,50
1954,1,0.282923359101006,50
2039,1,0.281788958277893,50
2128,1,0.280262725392744,50
2221,1,0.278953506590701,50
2318,1,0.277604488839148,50
2419,1,0.276272329074666,50
2524,1,0.274624994896477,50
2635,1,0.273159548385522,50
2749,1,0.271912066917717,50
2869,1,0.270517291473402,50
2995,1,0.269020233052022,50
3125,1,0.26764795065664,50
3262,1,0.266222270627626,50
3404,1,0.264841760628945,50
3553,1,0.263312682230882,50
3708,1,0.26148164276851,50
3870,1,0.259776401309976,50
4038,1,0.25841797483661,50
4215,1,0.256832819553993,50
4399,1,0.255149522745248,50
4591,1,0.253557638212682,50
4791,1,0.251916893032562,50
5000,1,0.250413356586241,50
