"mu","sigma","item_overlap","class_overlap","add_k","zipf_s","n_preferred","frac_detected","frac_ob_lt_ow","frac_ow_lt_ob","frac_tie","mean_ob_nobs","mean_ow_nobs","sd_ob_nobs","sd_ow_nobs","n_both","mean_log_ratio","sd_log_ratio","n_ob_lt_ow"
10,0.5,0.5,0.2,0.001,0.5,50,1,0,1,0,2981.58,71,787.17604519094,0,50,NA,NA,0
10,0.5,0.5,0.2,0.001,1,50,1,0,1,0,5955.58,71,2160.40860732692,0,50,NA,NA,0
10,0.5,0.5,0.2,0.001,1.5,50,1,0,1,0,35752.96,71,28885.6677242524,0,50,NA,NA,0
10,0.5,0.5,0.2,0.01,0.5,50,1,0,1,0,3941.48,71,521.039982013994,0,50,NA,NA,0
10,0.5,0.5,0.2,0.01,1,50,1,0,1,0,7228.12,71,1827.14142343292,0,50,NA,NA,0
10,0.5,0.5,0.2,0.01,1.5,50,1,0,1,0,29423.42,71,8742.45798362853,0,50,NA,NA,0
10,0.5,0.5,0.2,0.1,0.5,50,1,0,1,0,9647.48,174,955.894179951581,0,50,NA,NA,0
10,0.5,0.5,0.2,0.1,1,50,1,0,1,0,21885.04,174,4856.54898033237,0,50,NA,NA,0
10,0.5,0.5,0.2,0.1,1.5,50,1,0,1,0,73405.08,270.04,19287.3818589528,13.8592929112563,50,NA,NA,0
10,0.5,0.5,0.2,0.5,0.5,50,1,0,1,0,16766.2,1637,4964.16692560858,0,50,NA,NA,0
10,0.5,0.5,0.2,0.5,1,50,1,0,1,0,35115.82,1637,7286.02820525388,0,50,NA,NA,0
10,0.5,0.5,0.2,0.5,1.5,50,1,0,1,0,106480.68,2563,28117.8817375298,0,50,NA,NA,0
10,0.5,0.5,0.2,1,0.5,50,1,0.02,0.98,0,18319.18,6282,5175.2996154615,0,50,0.448398531016766,NA,1
10,0.5,0.5,0.2,1,1,50,1,0.02,0.98,0,40777.28,6282,12880.4468566165,0,50,0.896509953734521,NA,1
10,0.5,0.5,0.2,1,1.5,50,1,0.02,0.98,0,111044.68,9835,30681.8478958435,0,50,0.448259050724568,NA,1
10,0.5,0.5,0.2,3,0.5,50,1,1,0,0,19583.84,37741,5243.59606454991,0,50,0.699321984178014,0.315806595153722,50
10,0.5,0.5,0.2,3,1,50,1,0.3,0.06,0.64,34355.26,37741,9946.48246881524,0,50,0.597716863774187,0.469154370949736,15
10,0.5,0.5,0.2,3,1.5,50,1,0.06,0.52,0.42,75602.88,59088,22739.5380381702,0,50,1.04596703328827,1.03522288591233,3
10,0.5,0.5,0.2,5,0.5,50,1,1,0,0,19856.54,86492.4,5807.77794527586,12969.8987707094,50,1.5062162410304,0.359526769513471,50
10,0.5,0.5,0.2,5,1,50,1,1,0,0,32607.62,92508,9247.60892623888,0,50,1.10276050735106,0.407153685579445,50
10,0.5,0.5,0.2,5,1.5,50,1,0.86,0.02,0.12,65205.92,127041.84,22317.7348576674,25037.9821474234,50,0.844421651045468,0.439750469431094,43
10,0.5,0.5,0.2,10,0.5,50,0,0,0,0,NA,NA,NA,NA,0,NA,NA,0
10,0.5,0.5,0.2,10,1,50,0,0,0,0,NA,NA,NA,NA,0,NA,NA,0
10,0.5,0.5,0.2,10,1.5,50,0,0,0,0,NA,NA,NA,NA,0,NA,NA,0
10,0.5,0.5,0.3,0.001,0.5,50,1,0,1,0,5570.66,71,2000.19959830544,0,50,NA,NA,0
10,0.5,0.5,0.3,0.001,1,50,1,0,1,0,24209.22,71,49378.7506852525,0,50,NA,NA,0
10,0.5,0.5,0.3,0.001,1.5,50,0.46,0,0.46,0,73288.347826087,71,78422.0064120506,0,23,NA,NA,0
10,0.5,0.5,0.3,0.01,0.5,50,1,0,1,0,5318.72,71,1350.10103990745,0,50,NA,NA,0
10,0.5,0.5,0.3,0.01,1,50,1,0,1,0,11569.64,71,5216.92870300572,0,50,NA,NA,0
10,0.5,0.5,0.3,0.01,1.5,50,0.7,0,0.7,0,49263.5142857143,71,39224.1826018918,0,35,NA,NA,0
10,0.5,0.5,0.3,0.1,0.5,50,1,0,1,0,12973.6,174,3652.59659387004,0,50,NA,NA,0
10,0.5,0.5,0.3,0.1,1,50,1,0,1,0,29310.16,174,7528.92883770761,0,50,NA,NA,0
10,0.5,0.5,0.3,0.1,1.5,50,1,0,1,0,110473.68,270.04,31316.9824187114,13.8592929112563,50,NA,NA,0
10,0.5,0.5,0.3,0.5,0.5,50,1,0.02,0.98,0,22982.72,1637,7099.54298626873,0,50,1.34383656414251,NA,1
10,0.5,0.5,0.3,0.5,1,50,1,0,1,0,56253.66,1637,7954.63952315033,0,50,NA,NA,0
10,0.5,0.5,0.3,0.5,1.5,50,1,0,1,0,174837.44,2563,45012.7897498895,0,50,NA,NA,0
10,0.5,0.5,0.3,1,0.5,50,1,0.04,0.94,0.02,28896.32,6282,9922.41125533507,0,50,1.56852909894337,1.58410384079048,2
10,0.5,0.5,0.3,1,1,50,1,0,1,0,71329.42,6282,18364.0868201598,0,50,NA,NA,0
10,0.5,0.5,0.3,1,1.5,50,1,0,1,0,208822.48,9835,54443.9658702713,0,50,NA,NA,0
10,0.5,0.5,0.3,3,0.5,50,1,0.3,0.06,0.64,33351.02,37741,11763.6387600582,0,50,0.986149696833369,1.11338983542331,15
10,0.5,0.5,0.3,3,1,50,1,0.02,0.84,0.14,65425.78,37741,19773.5519197245,0,50,0.448286264508531,NA,1
10,0.5,0.5,0.3,3,1.5,50,1,0,1,0,143760.06,59088,52467.8162372955,0,50,NA,NA,0
10,0.5,0.5,0.3,5,0.5,50,1,0.94,0,0.06,35572.94,88497.6,15141.6768683023,10970.4733512743,50,1.13497463627269,0.813956344091583,47
10,0.5,0.5,0.3,5,1,50,1,0.78,0,0.22,60190.54,92508,19883.7685411073,0,50,0.620683109273017,0.243704680960943,39
10,0.5,0.5,0.3,5,1.5,50,1,0.34,0.18,0.48,109640.98,117623.52,33646.0551980072,26406.4603182708,50,0.501014521424579,0.148872863035169,17
10,0.5,0.5,0.3,10,0.5,50,0,0,0,0,NA,NA,NA,NA,0,NA,NA,0
10,0.5,0.5,0.3,10,1,50,0,0,0,0,NA,NA,NA,NA,0,NA,NA,0
10,0.5,0.5,0.3,10,1.5,50,0,0,0,0,NA,NA,NA,NA,0,NA,NA,0
10,0.5,0.5,0.4,0.001,0.5,50,1,0,1,0,209852.28,71,149944.550640077,0,50,NA,NA,0
10,0.5,0.5,0.4,0.001,1,50,0.14,0,0.14,0,116068,71,163464.512148662,0,7,NA,NA,0
10,0.5,0.5,0.4,0.001,1.5,50,0.1,0,0.08,0.02,100868.8,71,80956.3619593914,0,5,NA,NA,0
10,0.5,0.5,0.4,0.01,0.5,50,1,0,1,0,157650.14,71,155993.12876194,0,50,NA,NA,0
10,0.5,0.5,0.4,0.01,1,50,0.28,0,0.28,0,31061.7142857143,71,16799.923738053,0,14,NA,NA,0
10,0.5,0.5,0.4,0.01,1.5,50,0.14,0,0.12,0.02,77915.5714285714,71,74447.4886186166,0,7,NA,NA,0
10,0.5,0.5,0.4,0.1,0.5,50,1,0,1,0,21431.02,174,5032.33234557561,0,50,NA,NA,0
10,0.5,0.5,0.4,0.1,1,50,0.82,0,0.82,0,60834.4878048781,174,49082.7665199925,0,41,NA,NA,0
10,0.5,0.5,0.4,0.1,1.5,50,0.36,0.02,0.34,0,190522.888888889,272,92335.7942078094,0,18,1.34312218925468,NA,1
10,0.5,0.5,0.4,0.5,0.5,50,1,0.02,0.98,0,48557.88,1637,13787.7256010777,0,50,1.34383656414251,NA,1
10,0.5,0.5,0.4,0.5,1,50,1,0,1,0,110354.68,1637,29238.20159636,0,50,NA,NA,0
10,0.5,0.5,0.4,0.5,1.5,50,0.88,0.02,0.86,0,316840.636363636,2563,83720.1022094319,0,44,3.58625384932276,NA,1
10,0.5,0.5,0.4,1,0.5,50,1,0.04,0.96,0,67378.16,6282,23271.9699580628,0,50,1.56852909894337,1.58410384079048,2
10,0.5,0.5,0.4,1,1,50,1,0,1,0,163457.44,6282,46862.0838737046,0,50,NA,NA,0
10,0.5,0.5,0.4,1,1.5,50,0.3,0.02,0.28,0,303315.666666667,9835,111562.511883099,0,15,4.93102285378184,NA,1
10,0.5,0.5,0.4,3,0.5,50,1,0.04,0.9,0.06,112753.6,37741,47840.6169893153,0,50,3.3615877345016,1.58410384079048,2
10,0.5,0.5,0.4,3,1,50,0.92,0,0.9,0.02,291671.717391304,37741,90726.6677540997,0,46,NA,NA,0
10,0.5,0.5,0.4,3,1.5,50,0.24,0.02,0.22,0,271984.666666667,59088,106820.853949995,0,12,6.72410326005103,NA,1
10,0.5,0.5,0.4,5,0.5,50,1,0.18,0.64,0.18,129957.86,88497.6,58491.5089819027,10970.4733512743,50,1.39452268634884,1.72782013546181,9
10,0.5,0.5,0.4,5,1,50,0.8,0.02,0.74,0.04,244705.775,92508,89579.9316234726,0,40,0.896548090590442,NA,1
10,0.5,0.5,0.4,5,1.5,50,0.38,0.02,0.34,0.02,291507.789473684,117293.052631579,98824.4299298165,26841.6456472518,19,7.62064985195189,NA,1
10,0.5,0.5,0.4,10,0.5,50,0,0,0,0,NA,NA,NA,NA,0,NA,NA,0
10,0.5,0.5,0.4,10,1,50,0,0,0,0,NA,NA,NA,NA,0,NA,NA,0
10,0.5,0.5,0.4,10,1.5,50,0,0,0,0,NA,NA,NA,NA,0,NA,NA,0
10,0.5,0.6,0.2,0.001,0.5,50,1,0,1,0,2125.22,71,486.201322625154,0,50,NA,NA,0
10,0.5,0.6,0.2,0.001,1,50,1,0,1,0,3864.02,71,1272.65219594229,0,50,NA,NA,0
10,0.5,0.6,0.2,0.001,1.5,50,1,0,1,0,14313.08,71,8778.32615219358,0,50,NA,NA,0
10,0.5,0.6,0.2,0.01,0.5,50,1,0,1,0,3240,71,760.389937560234,0,50,NA,NA,0
10,0.5,0.6,0.2,0.01,1,50,1,0,1,0,5646.4,71,1029.57522447713,0,50,NA,NA,0
10,0.5,0.6,0.2,0.01,1.5,50,1,0,1,0,19228.96,71,4366.92370570274,0,50,NA,NA,0
10,0.5,0.6,0.2,0.1,0.5,50,1,0,1,0,7754.52,174,1914.57268893727,0,50,NA,NA,0
10,0.5,0.6,0.2,0.1,1,50,1,0,1,0,15063.28,174,1334.31232827541,0,50,NA,NA,0
10,0.5,0.6,0.2,0.1,1.5,50,1,0,1,0,47442.16,272,11608.2896125562,0,50,NA,NA,0
10,0.5,0.6,0.2,0.5,0.5,50,1,0,1,0,12054.58,1637,2987.16056625208,0,50,NA,NA,0
10,0.5,0.6,0.2,0.5,1,50,1,0,1,0,23083.78,1655.52,4522.50583551253,130.956175875749,50,NA,NA,0
10,0.5,0.6,0.2,0.5,1.5,50,1,0,1,0,60053.84,2563,11288.1741358298,0,50,NA,NA,0
10,0.5,0.6,0.2,1,0.5,50,1,0.02,0.98,0,12833.26,6282,3032.58766590985,0,50,0.448398531016766,NA,1
10,0.5,0.6,0.2,1,1,50,1,0,1,0,24151.72,6282,4945.88773748826,0,50,NA,NA,0
10,0.5,0.6,0.2,1,1.5,50,1,0,1,0,57250.74,9835,12191.6353606789,0,50,NA,NA,0
10,0.5,0.6,0.2,3,0.5,50,1,1,0,0,13055.74,37741,3007.89553396811,0,50,1.09379759642443,0.274087380134519,50
10,0.5,0.6,0.2,3,1,50,1,0.94,0,0.06,22200.16,37741,5788.17116215899,0,50,0.60089363764007,0.234178655881356,47
10,0.5,0.6,0.2,3,1.5,50,1,0.62,0,0.38,45307.46,59088,11219.020269368,0,50,0.477202515919946,0.11195099420828,31
10,0.5,0.6,0.2,5,0.5,50,1,1,0,0,12944.5,92508,3022.35646846115,0,50,1.99931019168301,0.274834182962997,50
10,0.5,0.6,0.2,5,1,50,1,1,0,0,20972.68,92508,5524.86241564772,0,50,1.52414459803359,0.300367314701657,50
10,0.5,0.6,0.2,5,1.5,50,1,1,0,0,40919.6,139599.6,9892.71231662944,15856.566522345,50,1.24620621793537,0.290519734391734,50
10,0.5,0.6,0.2,10,0.5,50,0,0,0,0,NA,NA,NA,NA,0,NA,NA,0
10,0.5,0.6,0.2,10,1,50,0,0,0,0,NA,NA,NA,NA,0,NA,NA,0
10,0.5,0.6,0.2,10,1.5,50,0,0,0,0,NA,NA,NA,NA,0,NA,NA,0
10,0.5,0.6,0.3,0.001,0.5,50,1,0,1,0,3319.78,71,1127.16623712851,0,50,NA,NA,0
10,0.5,0.6,0.3,0.001,1,50,1,0,1,0,7026.28,71,3090.82894924151,0,50,NA,NA,0
10,0.5,0.6,0.3,0.001,1.5,50,1,0,1,0,34271.22,71,21944.2051383661,0,50,NA,NA,0
10,0.5,0.6,0.3,0.01,0.5,50,1,0,1,0,3852.44,71,774.210095411274,0,50,NA,NA,0
10,0.5,0.6,0.3,0.01,1,50,1,0,1,0,7515.68,71,1785.90367498545,0,50,NA,NA,0
10,0.5,0.6,0.3,0.01,1.5,50,1,0,1,0,28193.92,71,8245.79014874517,0,50,NA,NA,0
10,0.5,0.6,0.3,0.1,0.5,50,1,0,1,0,9266.52,174,1315.77552579675,0,50,NA,NA,0
10,0.5,0.6,0.3,0.1,1,50,1,0,1,0,19703.2,174,4752.48049518805,0,50,NA,NA,0
10,0.5,0.6,0.3,0.1,1.5,50,1,0,1,0,63878.76,270.04,16825.9140426247,13.8592929112563,50,NA,NA,0
10,0.5,0.6,0.3,0.5,0.5,50,1,0,1,0,14847.32,1637,3328.9166432879,0,50,NA,NA,0
10,0.5,0.6,0.3,0.5,1,50,1,0,1,0,32658.22,1637,6951.79691141442,0,50,NA,NA,0
10,0.5,0.6,0.3,0.5,1.5,50,1,0,1,0,85824,2563,13503.719215574,0,50,NA,NA,0
10,0.5,0.6,0.3,1,0.5,50,1,0,1,0,16123,6282,3953.90458526603,0,50,NA,NA,0
10,0.5,0.6,0.3,1,1,50,1,0,1,0,33302.14,6282,7042.44665859697,0,50,NA,NA,0
10,0.5,0.6,0.3,1,1.5,50,1,0,1,0,80186.48,9835,18889.9801862884,0,50,NA,NA,0
10,0.5,0.6,0.3,3,0.5,50,1,1,0,0,16993.9,37741,4616.11515370283,0,50,0.833806476836936,0.271840047900933,50
10,0.5,0.6,0.3,3,1,50,1,0.62,0.02,0.36,29191.7,37741,8456.97537539279,0,50,0.491668982597406,0.134727225598819,31
10,0.5,0.6,0.3,3,1.5,50,1,0.2,0.06,0.74,56551.1,59088,13057.0851237392,0,50,0.493109447886377,0.141760563961566,10
10,0.5,0.6,0.3,5,0.5,50,1,1,0,0,17690.62,92508,4973.34529097521,0,50,1.69449152047391,0.29050939693923,50
10,0.5,0.6,0.3,5,1,50,1,1,0,0,27696.82,92508,7786.57334366835,0,50,1.24621159559628,0.290523123978337,50
10,0.5,0.6,0.3,5,1.5,50,1,1,0,0,52194.48,140646.08,13994.4253423589,14339.2622071894,50,1.02206610161212,0.286967721535411,50
10,0.5,0.6,0.3,10,0.5,50,0,0,0,0,NA,NA,NA,NA,0,NA,NA,0
10,0.5,0.6,0.3,10,1,50,0,0,0,0,NA,NA,NA,NA,0,NA,NA,0
10,0.5,0.6,0.3,10,1.5,50,0,0,0,0,NA,NA,NA,NA,0,NA,NA,0
10,0.5,0.6,0.4,0.001,0.5,50,1,0,1,0,5588.96,71,2172.01646139513,0,50,NA,NA,0
10,0.5,0.6,0.4,0.001,1,50,0.98,0,0.98,0,37813.8163265306,71,68655.8070621954,0,49,NA,NA,0
10,0.5,0.6,0.4,0.001,1.5,50,0.48,0,0.48,0,83308.9583333333,71,72081.9891430881,0,24,NA,NA,0
10,0.5,0.6,0.4,0.01,0.5,50,1,0,1,0,5354.26,71,1301.11830722181,0,50,NA,NA,0
10,0.5,0.6,0.4,0.01,1,50,1,0,1,0,11351.22,71,4067.14995377975,0,50,NA,NA,0
10,0.5,0.6,0.4,0.01,1.5,50,0.7,0,0.7,0,46269.2,71,20536.5800489245,0,35,NA,NA,0
10,0.5,0.6,0.4,0.1,0.5,50,1,0,1,0,13278.22,174,2966.01890322461,0,50,NA,NA,0
10,0.5,0.6,0.4,0.1,1,50,1,0,1,0,24782.2,174,5558.83940316718,0,50,NA,NA,0
10,0.5,0.6,0.4,0.1,1.5,50,1,0,1,0,105231.64,270.04,32409.2047033001,13.8592929112563,50,NA,NA,0
10,0.5,0.6,0.4,0.5,0.5,50,1,0,1,0,23388.76,1637,6574.60822006505,0,50,NA,NA,0
10,0.5,0.6,0.4,0.5,1,50,1,0,1,0,52843.26,1637,12412.4480504246,0,50,NA,NA,0
10,0.5,0.6,0.4,0.5,1.5,50,1,0,1,0,136828.6,2563,24612.2529639036,0,50,NA,NA,0
10,0.5,0.6,0.4,1,0.5,50,1,0.02,0.98,0,25832.92,6282,7394.06143632048,0,50,0.448398531016766,NA,1
10,0.5,0.6,0.4,1,1,50,1,0.02,0.98,0,54421.52,6282,15789.9446021957,0,50,0.448398531016766,NA,1
10,0.5,0.6,0.4,1,1.5,50,1,0.02,0.98,0,145749.4,9835,44601.9559509789,0,50,0.448259050724568,NA,1
10,0.5,0.6,0.4,3,0.5,50,1,0.48,0.02,0.5,30744.12,37741,9273.14986363692,0,50,0.560354457500398,0.30287582757886,24
10,0.5,0.6,0.4,3,1,50,1,0.06,0.5,0.44,48531.32,37741,15758.2123655171,0,50,1.04600989853069,1.03528770301108,3
10,0.5,0.6,0.4,3,1.5,50,1,0.04,0.8,0.16,97945.18,59088,33037.63621757,0,50,1.34481013921464,1.26788392026832,2
10,0.5,0.6,0.4,5,0.5,50,1,1,0,0,30744.12,92508,9273.14986363692,0,50,1.15655261376192,0.363280000061384,50
10,0.5,0.6,0.4,5,1,50,1,0.96,0,0.04,46803.62,92508,16297.5576746571,0,50,0.793818665971869,0.455286927993927,48
10,0.5,0.6,0.4,5,1.5,50,1,0.78,0.04,0.18,94000.72,138553.12,30191.209758728,17175.914052426,50,0.609195934970746,0.465481452621831,39
10,0.5,0.6,0.4,10,0.5,50,0,0,0,0,NA,NA,NA,NA,0,NA,NA,0
10,0.5,0.6,0.4,10,1,50,0,0,0,0,NA,NA,NA,NA,0,NA,NA,0
10,0.5,0.6,0.4,10,1.5,50,0,0,0,0,NA,NA,NA,NA,0,NA,NA,0
10,0.5,0.7,0.2,0.001,0.5,50,1,0,1,0,1849,71,477.121214222575,0,50,NA,NA,0
10,0.5,0.7,0.2,0.001,1,50,1,0,1,0,2681.32,71,787.299503210247,0,50,NA,NA,0
10,0.5,0.7,0.2,0.001,1.5,50,1,0,1,0,8417.24,71,2705.02036327165,0,50,NA,NA,0
10,0.5,0.7,0.2,0.01,0.5,50,1,0,1,0,2611.54,71,500.954974146828,0,50,NA,NA,0
10,0.5,0.7,0.2,0.01,1,50,1,0,1,0,4638.9,71,1387.62207773307,0,50,NA,NA,0
10,0.5,0.7,0.2,0.01,1.5,50,1,0,1,0,15160.54,71,2587.59899118539,0,50,NA,NA,0
10,0.5,0.7,0.2,0.1,0.5,50,1,0,1,0,5867.98,174,1241.54665705025,0,50,NA,NA,0
10,0.5,0.7,0.2,0.1,1,50,1,0.02,0.98,0,11570.74,174,3544.84803974697,0,50,0.449525097902195,NA,1
10,0.5,0.7,0.2,0.1,1.5,50,1,0,1,0,35618.5,272,7147.95360254119,0,50,NA,NA,0
10,0.5,0.7,0.2,0.5,0.5,50,1,0,0.98,0.02,8698.54,1637,2097.8975890843,0,50,NA,NA,0
10,0.5,0.7,0.2,0.5,1,50,1,0.04,0.96,0,16378.96,1655.52,5208.92873141682,130.956175875749,50,1.79371138994665,1.26908553274843,2
10,0.5,0.7,0.2,0.5,1.5,50,1,0.02,0.98,0,42568,2563,12799.4039577423,0,50,1.79214971313545,NA,1
10,0.5,0.7,0.2,1,0.5,50,1,0.06,0.78,0.16,8951.9,6282,2244.85603601856,0,50,0.896577195826248,0.44821228963829,3
10,0.5,0.7,0.2,1,1,50,1,0.04,0.96,0,16093.54,6282,5167.7118143649,0,50,3.1385344926741,1.26908553274843,2
10,0.5,0.7,0.2,1,1.5,50,1,0.02,0.96,0.02,37089.34,9835,11235.3354974021,0,50,3.13691871759453,NA,1
10,0.5,0.7,0.2,3,0.5,50,1,1,0,0,9094.02,37741,2181.66126076774,0,50,1.47031634104552,0.362709256083407,50
10,0.5,0.7,0.2,3,1,50,1,1,0,0,15174.34,37741,4713.89936343272,0,50,1.05796756007773,0.848554006197513,50
10,0.5,0.7,0.2,3,1.5,50,1,1,0,0,30263.02,59088,8781.36041826722,0,50,0.771022897302883,0.665631204663294,50
10,0.5,0.7,0.2,5,0.5,50,1,1,0,0,9094.02,92508,2181.66126076774,0,50,2.36686443163596,0.362709256083407,50
10,0.5,0.7,0.2,5,1,50,1,1,0,0,14825.98,92508,4340.84500609487,0,50,1.9724471741449,0.840004217249036,50
10,0.5,0.7,0.2,5,1.5,50,1,1,0,0,29172.22,141692.56,8627.15794782585,12552.4196808131,50,1.67653563099967,0.67035873620538,50
10,0.5,0.7,0.2,10,0.5,50,0,0,0,0,NA,NA,NA,NA,0,NA,NA,0
10,0.5,0.7,0.2,10,1,50,0,0,0,0,NA,NA,NA,NA,0,NA,NA,0
10,0.5,0.7,0.2,10,1.5,50,0,0,0,0,NA,NA,NA,NA,0,NA,NA,0
10,0.5,0.7,0.3,0.001,0.5,50,1,0,1,0,2250.56,71,579.721684104026,0,50,NA,NA,0
10,0.5,0.7,0.3,0.001,1,50,1,0,0.98,0.02,3968.68,71,1330.48705889142,0,50,NA,NA,0
10,0.5,0.7,0.3,0.001,1.5,50,1,0,1,0,17723.34,71,10571.2882145316,0,50,NA,NA,0
10,0.5,0.7,0.3,0.01,0.5,50,1,0,1,0,3221.48,71,787.991252411822,0,50,NA,NA,0
10,0.5,0.7,0.3,0.01,1,50,1,0,0.98,0.02,5689.86,71,1352.87998185579,0,50,NA,NA,0
10,0.5,0.7,0.3,0.01,1.5,50,1,0,1,0,19054.78,71,4342.04074699575,0,50,NA,NA,0
10,0.5,0.7,0.3,0.1,0.5,50,1,0,1,0,7186.04,174,1727.18190857423,0,50,NA,NA,0
10,0.5,0.7,0.3,0.1,1,50,1,0.02,0.98,0,14502.36,174,3275.85399216131,0,50,0.896375422173214,NA,1
10,0.5,0.7,0.3,0.1,1.5,50,1,0,1,0,43741.22,272,11478.1394732308,0,50,NA,NA,0
10,0.5,0.7,0.3,0.5,0.5,50,1,0,1,0,10592.1,1637,2648.90221582066,0,50,NA,NA,0
10,0.5,0.7,0.3,0.5,1,50,1,0.04,0.96,0,20718.02,1637,5740.92749916007,0,50,2.01713655208215,1.58505642721587,2
10,0.5,0.7,0.3,0.5,1.5,50,1,0,1,0,50418.02,2563,11840.7198751958,0,50,NA,NA,0
10,0.5,0.7,0.3,1,0.5,50,1,0,0.9,0.1,11259.54,6282,3052.68980897108,0,50,NA,NA,0
10,0.5,0.7,0.3,1,1,50,1,0.04,0.96,0,20718.02,6282,5740.92749916007,0,50,3.36195965480961,1.58505642721587,2
10,0.5,0.7,0.3,1,1.5,50,1,0,0.98,0.02,44049.7,9835,12412.1394565061,0,50,NA,NA,0
10,0.5,0.7,0.3,3,0.5,50,1,1,0,0,11775.56,37741,3132.85245364772,0,50,1.20137021552892,0.278232860356253,50
10,0.5,0.7,0.3,3,1,50,1,1,0,0,19039.16,37741,5917.22858584514,0,50,0.851732570193489,0.946589099638216,50
10,0.5,0.7,0.3,3,1.5,50,1,0.84,0,0.16,37326,59088,11646.7106313591,0,50,0.608381649029239,0.276892920788439,42
10,0.5,0.7,0.3,5,0.5,50,1,1,0,0,12069.1,92508,3093.44222278585,0,50,2.0710241157686,0.270004977201268,50
10,0.5,0.7,0.3,5,1,50,1,1,0,0,18516.62,92508,5828.83594599352,0,50,1.77517794599903,0.940983719391828,50
10,0.5,0.7,0.3,5,1.5,50,1,1,0,0,34800.14,144832,10058.7944768217,0,50,1.47034681867078,0.314251987517189,50
10,0.5,0.7,0.3,10,0.5,50,0,0,0,0,NA,NA,NA,NA,0,NA,NA,0
10,0.5,0.7,0.3,10,1,50,0,0,0,0,NA,NA,NA,NA,0,NA,NA,0
10,0.5,0.7,0.3,10,1.5,50,0,0,0,0,NA,NA,NA,NA,0,NA,NA,0
10,0.5,0.7,0.4,0.001,0.5,50,1,0,1,0,3281.2,71,1089.53433228352,0,50,NA,NA,0
10,0.5,0.7,0.4,0.001,1,50,1,0,1,0,8384.78,71,3934.21236724865,0,50,NA,NA,0
10,0.5,0.7,0.4,0.001,1.5,50,1,0,1,0,51313.82,71,39132.2649697256,0,50,NA,NA,0
10,0.5,0.7,0.4,0.01,0.5,50,1,0,1,0,3957.9,71,649.292621368259,0,50,NA,NA,0
10,0.5,0.7,0.4,0.01,1,50,1,0,1,0,7328.16,71,1793.20831347342,0,50,NA,NA,0
10,0.5,0.7,0.4,0.01,1.5,50,1,0,1,0,27969.52,71,7896.23883144787,0,50,NA,NA,0
10,0.5,0.7,0.4,0.1,0.5,50,1,0,1,0,9434.3,174,1248.46469386873,0,50,NA,NA,0
10,0.5,0.7,0.4,0.1,1,50,1,0,1,0,17661.34,174,3858.84901741227,0,50,NA,NA,0
10,0.5,0.7,0.4,0.1,1.5,50,1,0,1,0,54391.66,272,8932.69393881206,0,50,NA,NA,0
10,0.5,0.7,0.4,0.5,0.5,50,1,0,1,0,14676.04,1637,2729.62135342271,0,50,NA,NA,0
10,0.5,0.7,0.4,0.5,1,50,1,0,1,0,28567.72,1655.52,6762.77964540062,130.956175875749,50,NA,NA,0
10,0.5,0.7,0.4,0.5,1.5,50,1,0,1,0,70023.86,2563,16575.9116546898,0,50,NA,NA,0
10,0.5,0.7,0.4,1,0.5,50,1,0.02,0.98,0,15532.3,6282,3272.94779602581,0,50,0.448398531016766,NA,1
10,0.5,0.7,0.4,1,1,50,1,0,1,0,29931.22,6282,7098.8332306321,0,50,NA,NA,0
10,0.5,0.7,0.4,1,1.5,50,1,0,1,0,63210.36,9835,16321.6632402761,0,50,NA,NA,0
10,0.5,0.7,0.4,3,0.5,50,1,1,0,0,16403.2,37741,4175.79019529263,0,50,0.869673666088962,0.292208511740355,50
10,0.5,0.7,0.4,3,1,50,1,0.88,0,0.12,25219.66,37741,5113.02351387801,0,50,0.478851361343875,0.114300778269383,44
10,0.5,0.7,0.4,3,1.5,50,1,0.36,0.04,0.6,52467.18,59088,13562.0834015806,0,50,0.47318561390822,0.105662085848923,18
10,0.5,0.7,0.4,5,0.5,50,1,1,0,0,16340.26,92508,3922.14120409987,0,50,1.76622301374964,0.277820975065567,50
10,0.5,0.7,0.4,5,1,50,1,1,0,0,25045.48,92508,5296.77402876852,0,50,1.32690305031142,0.201703748237744,50
10,0.5,0.7,0.4,5,1.5,50,1,0.98,0,0.02,51427.82,143785.52,15125.3903517717,7399.73104376098,50,1.08866760818209,0.274513792194674,49
10,0.5,0.7,0.4,10,0.5,50,0,0,0,0,NA,NA,NA,NA,0,NA,NA,0
10,0.5,0.7,0.4,10,1,50,0,0,0,0,NA,NA,NA,NA,0,NA,NA,0
10,0.5,0.7,0.4,10,1.5,50,0,0,0,0,NA,NA,NA,NA,0,NA,NA,0
10,1,0.5,0.2,0.001,0.5,50,1,0,1,0,3752.6,71,1286.6803672035,0,50,NA,NA,0
10,1,0.5,0.2,0.001,1,50,1,0,1,0,9453.1,71,7259.94768140478,0,50,NA,NA,0
10,1,0.5,0.2,0.001,1.5,50,0.84,0,0.84,0,52677.8333333333,71,50451.6575134018,0,42,NA,NA,0
10,1,0.5,0.2,0.01,0.5,50,1,0,1,0,4709.42,71,1108.65121380782,0,50,NA,NA,0
10,1,0.5,0.2,0.01,1,50,1,0,1,0,9602.9,71,2657.74313687998,0,50,NA,NA,0
10,1,0.5,0.2,0.01,1.5,50,0.96,0,0.96,0,38976.3333333333,71,12331.0553038984,0,48,NA,NA,0
10,1,0.5,0.2,0.1,0.5,50,1,0,1,0,13360.48,174,3038.24054374117,0,50,NA,NA,0
10,1,0.5,0.2,0.1,1,50,1,0,1,0,29214.94,174,8486.04680062802,0,50,NA,NA,0
10,1,0.5,0.2,0.1,1.5,50,1,0,1,0,116277.08,270.04,31541.4808426708,13.8592929112563,50,NA,NA,0
10,1,0.5,0.2,0.5,0.5,50,1,0,1,0,25681.6,1637,8304.33268031249,0,50,NA,NA,0
10,1,0.5,0.2,0.5,1,50,1,0,1,0,64492.06,1637,19964.5207289106,0,50,NA,NA,0
10,1,0.5,0.2,0.5,1.5,50,1,0,1,0,220461.72,2563,49954.5770516556,0,50,NA,NA,0
10,1,0.5,0.2,1,0.5,50,1,0,0.98,0.02,35254.54,6282,10949.925747973,0,50,NA,NA,0
10,1,0.5,0.2,1,1,50,1,0.02,0.98,0,94196.72,6282,29060.2858224634,0,50,0.896509953734521,NA,1
10,1,0.5,0.2,1,1.5,50,0.94,0.02,0.92,0,312965.170212766,8474.27659574468,80712.3431922224,1745.83266171223,47,0.448259050724568,NA,1
10,1,0.5,0.2,3,0.5,50,1,0.04,0.82,0.14,47144.54,24106,19888.3273305869,0,50,1.7928877467209,1.90155107485498,2
10,1,0.5,0.2,3,1,50,1,0.04,0.96,0,129944.18,35014,64383.2530870333,5509.37197798776,50,1.79307147035983,1.26783838422335,2
10,1,0.5,0.2,3,1.5,50,0.54,0.02,0.52,0,269914.259259259,43275.4074074074,100408.141939476,9533.05968019171,27,2.24133945699375,NA,1
10,1,0.5,0.2,5,0.5,50,1,0.46,0.18,0.36,53786.18,59088,26174.1925315992,0,50,0.740619053826894,0.759808692833874,23
10,1,0.5,0.2,5,1,50,1,0.08,0.84,0.08,143698.38,59088,85211.7177316067,0,50,1.23274453488584,1.28753077640577,4
10,1,0.5,0.2,5,1.5,50,0.72,0.02,0.66,0.04,229898.805555556,91579.6666666667,104928.969841458,5570,36,2.68960672614867,NA,1
10,1,0.5,0.2,10,0.5,50,1,0.86,0.04,0.1,74140.9,144832,47136.8286653064,0,50,1.06334234424345,0.757820087136962,43
10,1,0.5,0.2,10,1,50,0.92,0.42,0.16,0.34,130550.934782609,144832,75101.5035832327,0,46,0.917896020264123,0.844317066289825,21
10,1,0.5,0.2,10,1.5,50,0.04,0,0.02,0.02,185790.5,144832,57924.0661944584,0,2,NA,NA,0
10,1,0.5,0.3,0.001,0.5,50,1,0,1,0,7443.24,71,3732.11659900537,0,50,NA,NA,0
10,1,0.5,0.3,0.001,1,50,0.48,0,0.48,0,45643.625,71,95759.8613542876,0,24,NA,NA,0
10,1,0.5,0.3,0.001,1.5,50,0.24,0,0.24,0,68673.0833333333,71,93399.0054389897,0,12,NA,NA,0
10,1,0.5,0.3,0.01,0.5,50,1,0,1,0,6503.76,71,2427.42290959792,0,50,NA,NA,0
10,1,0.5,0.3,0.01,1,50,0.86,0,0.86,0,23477.3953488372,71,52064.1024837192,0,43,NA,NA,0
10,1,0.5,0.3,0.01,1.5,50,0.48,0,0.48,0,49998.1666666667,71,20425.7431149298,0,24,NA,NA,0
10,1,0.5,0.3,0.1,0.5,50,1,0,1,0,16021.3,174,5249.32940031974,0,50,NA,NA,0
10,1,0.5,0.3,0.1,1,50,1,0,1,0,42998.58,174,10769.1755072389,0,50,NA,NA,0
10,1,0.5,0.3,0.1,1.5,50,0.92,0,0.92,0,194043.434782609,269.869565217391,73624.8523239122,14.4493117031799,46,NA,NA,0
10,1,0.5,0.3,0.5,0.5,50,1,0.02,0.98,0,37767.12,1637,13147.5045287022,0,50,1.34383656414251,NA,1
10,1,0.5,0.3,0.5,1,50,1,0,1,0,97216.28,1637,26262.0737481383,0,50,NA,NA,0
10,1,0.5,0.3,0.5,1.5,50,0.96,0,0.96,0,316727.354166667,2563,70705.8511835852,0,48,NA,NA,0
10,1,0.5,0.3,1,0.5,50,1,0.06,0.94,0,56128.2,6282,23125.7181245364,0,50,1.34452271720708,1.18542358099513,3
10,1,0.5,0.3,1,1,50,1,0,1,0,159590.68,6282,52985.7111853175,0,50,NA,NA,0
10,1,0.5,0.3,1,1.5,50,0.24,0,0.24,0,316110.833333333,8650.66666666667,73186.4485827227,1749.37626979828,12,NA,NA,0
10,1,0.5,0.3,3,0.5,50,1,0.06,0.92,0.02,103670.7,24106,57973.8432952169,0,50,2.53992461401753,1.2934153698399,3
10,1,0.5,0.3,3,1,50,0.74,0.02,0.72,0,252725.702702703,36266.9459459459,97057.462343725,4292.29927988579,37,0.448286264508531,NA,1
10,1,0.5,0.3,3,1.5,50,0.06,0,0.06,0,267502.666666667,37741,151549.826860123,0,3,NA,NA,0
10,1,0.5,0.3,5,0.5,50,1,0.1,0.84,0.06,136629.72,59088,82376.7808768605,0,50,2.33086460145287,1.7758386422002,5
10,1,0.5,0.3,5,1,50,0.5,0.02,0.48,0,249374.36,59088,101841.825766267,0,25,0.896567085944056,NA,1
10,1,0.5,0.3,5,1.5,50,0.12,0,0.1,0.02,311251.333333333,86938,107161.91026044,13643.6578673023,6,NA,NA,0
10,1,0.5,0.3,10,0.5,50,0.88,0.22,0.42,0.24,185736.681818182,144832,104084.748885899,0,44,1.67076828016444,1.84905799282791,11
10,1,0.5,0.3,10,1,50,0.38,0.04,0.3,0.04,247645.789473684,144832,99818.4501758506,0,19,1.12069650029543,0.950941492063122,2
10,1,0.5,0.3,10,1.5,50,0.02,0,0.02,0,355000,144832,NA,NA,1,NA,NA,0
10,1,0.5,0.4,0.001,0.5,50,0.32,0,0.32,0,142114.6875,71,150722.351001975,0,16,NA,NA,0
10,1,0.5,0.4,0.001,1,50,0.06,0,0.06,0,25748,71,11262.1359874582,0,3,NA,NA,0
10,1,0.5,0.4,0.001,1.5,50,0.02,0,0,0.02,71,71,NA,NA,1,NA,NA,0
10,1,0.5,0.4,0.01,0.5,50,0.42,0,0.42,0,128944.80952381,71,148728.451976957,0,21,NA,NA,0
10,1,0.5,0.4,0.01,1,50,0.08,0,0.08,0,34083,71,19038.0156003718,0,4,NA,NA,0
10,1,0.5,0.4,0.01,1.5,50,0.04,0,0.02,0.02,18906,71,26636.7124472972,0,2,NA,NA,0
10,1,0.5,0.4,0.1,0.5,50,0.62,0,0.62,0,83775.1290322581,174,121526.763054547,0,31,NA,NA,0
10,1,0.5,0.4,0.1,1,50,0.26,0,0.26,0,67488.6923076923,174,26905.8888392629,0,13,NA,NA,0
10,1,0.5,0.4,0.1,1.5,50,0.14,0.02,0.12,0,180603.571428571,272,140545.700445154,0,7,1.34312218925468,NA,1
10,1,0.5,0.4,0.5,0.5,50,0.98,0.02,0.96,0,89223.9591836735,1637,39717.4914054245,0,49,1.34383656414251,NA,1
10,1,0.5,0.4,0.5,1,50,0.74,0,0.74,0,190055.945945946,1637,74152.5831036346,0,37,NA,NA,0
10,1,0.5,0.4,0.5,1.5,50,0.12,0.02,0.1,0,195693.333333333,2563,143682.892553939,0,6,3.58625384932276,NA,1
10,1,0.5,0.4,1,0.5,50,0.98,0.04,0.94,0,148301.020408163,6282,73461.3091941629,0,49,1.56852909894337,1.58410384079048,2
10,1,0.5,0.4,1,1,50,0.68,0,0.68,0,288605.205882353,6282,85941.8652429721,0,34,NA,NA,0
10,1,0.5,0.4,1,1.5,50,0.06,0.02,0.04,0,166634.333333333,7466.33333333333,178466.117412615,2051.32550643074,3,4.93102285378184,NA,1
10,1,0.5,0.4,3,0.5,50,0.44,0.04,0.4,0,219872.681818182,24106,118020.115755701,0,22,2.91330146999306,1.58410384079048,2
10,1,0.5,0.4,3,1,50,0.08,0,0.08,0,249916,34332.25,121340.551375045,6817.5,4,NA,NA,0
10,1,0.5,0.4,3,1.5,50,0.02,0.02,0,0,71,37741,NA,NA,1,6.2758224386155,NA,1
10,1,0.5,0.4,5,0.5,50,0.28,0.04,0.24,0,215448.785714286,59088,131277.443463001,0,14,3.80986855593712,1.58410384079048,2
10,1,0.5,0.4,5,1,50,0.04,0,0.04,0,185790.5,59088,57924.0661944584,0,2,NA,NA,0
10,1,0.5,0.4,5,1.5,50,0.02,0.02,0,0,71,92508,NA,NA,1,7.17237052920595,NA,1
10,1,0.5,0.4,10,0.5,50,0.14,0.04,0.04,0.06,164133.571428571,144832,145153.021702222,0,7,4.70641514783798,1.58410384079048,2
10,1,0.5,0.4,10,1,50,0.04,0,0.02,0.02,185790.5,144832,57924.0661944584,0,2,NA,NA,0
10,1,0.5,0.4,10,1.5,50,0,0,0,0,NA,NA,NA,NA,0,NA,NA,0
10,1,0.6,0.2,0.001,0.5,50,1,0,1,0,2332.38,71,742.560322293683,0,50,NA,NA,0
10,1,0.6,0.2,0.001,1,50,1,0,1,0,4314.46,71,1490.4811058644,0,50,NA,NA,0
10,1,0.6,0.2,0.001,1.5,50,1,0,1,0,21068.26,71,11958.2860450443,0,50,NA,NA,0
10,1,0.6,0.2,0.01,0.5,50,1,0,1,0,3616.74,71,685.480817695558,0,50,NA,NA,0
10,1,0.6,0.2,0.01,1,50,1,0,1,0,7048.1,71,1870.46841508664,0,50,NA,NA,0
10,1,0.6,0.2,0.01,1.5,50,1,0,1,0,24871.3,71,5468.70232434029,0,50,NA,NA,0
10,1,0.6,0.2,0.1,0.5,50,1,0,1,0,9547.44,174,1228.86262595515,0,50,NA,NA,0
10,1,0.6,0.2,0.1,1,50,1,0,1,0,21895.44,174,4658.71550642405,0,50,NA,NA,0
10,1,0.6,0.2,0.1,1.5,50,1,0,1,0,75185.58,272,18871.0909098049,0,50,NA,NA,0
10,1,0.6,0.2,0.5,0.5,50,1,0,1,0,17036.98,1637,4442.77300099469,0,50,NA,NA,0
10,1,0.6,0.2,0.5,1,50,1,0.02,0.98,0,40605.08,1637,11711.2809871857,0,50,0.896332403834489,NA,1
10,1,0.6,0.2,0.5,1.5,50,1,0,1,0,132225.38,2563,25112.0544473553,0,50,NA,NA,0
10,1,0.6,0.2,1,0.5,50,1,0.02,0.98,0,20457.64,6282,5012.83519825836,0,50,0.448398531016766,NA,1
10,1,0.6,0.2,1,1,50,1,0.02,0.98,0,48377.22,6282,15066.6323665569,0,50,2.24115550656195,NA,1
10,1,0.6,0.2,1,1.5,50,1,0,1,0,152340.08,8626.98,46151.1869092911,1700.17488284144,50,NA,NA,0
10,1,0.6,0.2,3,0.5,50,1,0.28,0.2,0.52,24229.72,24651.4,8206.65569370996,2699.03002985162,50,0.60838755053648,0.377413310044352,14
10,1,0.6,0.2,3,1,50,1,0.1,0.46,0.44,48216.48,36377.5,19649.7432898431,4132.02898349082,50,1.16547184003086,1.60367569935024,5
10,1,0.6,0.2,3,1.5,50,1,0.02,0.94,0.04,116355.08,43718.16,43455.2643600947,9682.08912639357,50,0.896567085944056,NA,1
10,1,0.6,0.2,5,0.5,50,1,1,0,0,26335.66,59088,9976.72722422191,0,50,0.896566892477422,0.461805632249214,50
10,1,0.6,0.2,5,1,50,1,0.58,0.08,0.34,47101.2,59088,19156.2583539283,0,50,0.680140599076255,0.763534120150837,29
10,1,0.6,0.2,5,1.5,50,1,0.34,0.34,0.32,100658.52,92508,45198.2006528434,0,50,0.553745429673454,0.252067452461102,17
10,1,0.6,0.2,10,0.5,50,1,1,0,0,30090.92,144832,13172.2400568741,0,50,1.68552388637545,0.52466350930417,50
10,1,0.6,0.2,10,1,50,1,1,0,0,45733.16,144832,18269.2864469305,0,50,1.28206344493468,0.695674810398685,50
10,1,0.6,0.2,10,1.5,50,0,0,0,0,NA,NA,NA,NA,0,NA,NA,0
10,1,0.6,0.3,0.001,0.5,50,1,0,1,0,3603.2,71,1362.75514742625,0,50,NA,NA,0
10,1,0.6,0.3,0.001,1,50,1,0,1,0,11611.48,71,19564.44176461,0,50,NA,NA,0
10,1,0.6,0.3,0.001,1.5,50,0.92,0,0.92,0,69159.4565217391,71,67545.5303982947,0,46,NA,NA,0
10,1,0.6,0.3,0.01,0.5,50,1,0,1,0,4467.76,71,1182.70935170575,0,50,NA,NA,0
10,1,0.6,0.3,0.01,1,50,1,0,1,0,9529.18,71,2029.10214073886,0,50,NA,NA,0
10,1,0.6,0.3,0.01,1.5,50,0.96,0,0.96,0,40582.75,71,16825.3216105331,0,48,NA,NA,0
10,1,0.6,0.3,0.1,0.5,50,1,0,1,0,12402.82,174,3134.99845190861,0,50,NA,NA,0
10,1,0.6,0.3,0.1,1,50,1,0,1,0,26333.32,174,7053.71673178367,0,50,NA,NA,0
10,1,0.6,0.3,0.1,1.5,50,1,0,1,0,104387.4,270.04,31041.5266876815,13.8592929112563,50,NA,NA,0
10,1,0.6,0.3,0.5,0.5,50,1,0,1,0,23840.86,1637,6667.0508702522,0,50,NA,NA,0
10,1,0.6,0.3,0.5,1,50,1,0,1,0,58073.38,1637,13423.7940588451,0,50,NA,NA,0
10,1,0.6,0.3,0.5,1.5,50,1,0,1,0,197396.12,2563,44770.9576019717,0,50,NA,NA,0
10,1,0.6,0.3,1,0.5,50,1,0,1,0,30474.24,6282,10298.2845481712,0,50,NA,NA,0
10,1,0.6,0.3,1,1,50,1,0,1,0,75105.48,6282,22809.3152374558,0,50,NA,NA,0
10,1,0.6,0.3,1,1.5,50,1,0,1,0,264488.06,8982.28,81734.7394659563,1532.83209991526,50,NA,NA,0
10,1,0.6,0.3,3,0.5,50,1,0.12,0.74,0.14,42509.6,25469.5,18704.0419859517,4132.02898349082,50,0.597715930549628,0.231494737387382,6
10,1,0.6,0.3,3,1,50,1,0.02,0.9,0.08,93777.82,36377.5,43955.1738589092,4132.02898349082,50,0.448286264508531,NA,1
10,1,0.6,0.3,3,1.5,50,0.88,0,0.88,0,191096.772727273,44533.2272727273,92089.4177648699,10057.752150418,44,NA,NA,0
10,1,0.6,0.3,5,0.5,50,1,0.52,0.14,0.34,50190.6,59088,25733.0387047389,0,50,0.689665943372022,0.316498663383343,26
10,1,0.6,0.3,5,1,50,1,0.12,0.6,0.28,93582.28,59756.4,45619.1905076478,4726.30172545088,50,0.597709576271701,0.23149403157001,6
10,1,0.6,0.3,5,1.5,50,0.92,0.04,0.72,0.16,171883.02173913,92508,83658.2878538879,0,46,0.448267269154918,0,2
10,1,0.6,0.3,10,0.5,50,1,0.9,0,0.1,63344.92,144832,36675.4655982799,0,50,1.10574907337343,0.528686548058113,45
10,1,0.6,0.3,10,1,50,1,0.64,0.1,0.26,106053.26,144832,64287.5761202802,0,50,0.826508135848854,0.379510821321668,32
10,1,0.6,0.3,10,1.5,50,0.02,0,0,0.02,144832,144832,NA,NA,1,NA,NA,0
10,1,0.6,0.4,0.001,0.5,50,1,0,1,0,12735.68,71,31156.8366870658,0,50,NA,NA,0
10,1,0.6,0.4,0.001,1,50,0.4,0,0.4,0,24764.4,71,20924.8024159696,0,20,NA,NA,0
10,1,0.6,0.4,0.001,1.5,50,0.26,0,0.26,0,104180.615384615,71,119823.421877457,0,13,NA,NA,0
10,1,0.6,0.4,0.01,0.5,50,1,0,1,0,7044.62,71,2196.50403949326,0,50,NA,NA,0
10,1,0.6,0.4,0.01,1,50,0.82,0,0.82,0,25500.5365853659,71,54558.803108709,0,41,NA,NA,0
10,1,0.6,0.4,0.01,1.5,50,0.38,0,0.38,0,46520.6842105263,71,19064.0739060343,0,19,NA,NA,0
10,1,0.6,0.4,0.1,0.5,50,1,0,1,0,16166.08,174,3760.27158615341,0,50,NA,NA,0
10,1,0.6,0.4,0.1,1,50,1,0,1,0,38725.26,174,8997.48227552393,0,50,NA,NA,0
10,1,0.6,0.4,0.1,1.5,50,0.84,0,0.84,0,161905.214285714,269.666666666667,50639.7281682373,15.121728296285,42,NA,NA,0
10,1,0.6,0.4,0.5,0.5,50,1,0,1,0,37489.26,1637,10070.3618296464,0,50,NA,NA,0
10,1,0.6,0.4,0.5,1,50,1,0,1,0,86377.14,1637,20368.4148181563,0,50,NA,NA,0
10,1,0.6,0.4,0.5,1.5,50,0.98,0,0.98,0,306951.020408163,2563,76774.1249015279,0,49,NA,NA,0
10,1,0.6,0.4,1,0.5,50,1,0.02,0.98,0,52622.94,6282,15977.680542774,0,50,1.79271503547372,NA,1
10,1,0.6,0.4,1,1,50,1,0.02,0.98,0,135768.44,6282,37322.7756022994,0,50,0.896509953734521,NA,1
10,1,0.6,0.4,1,1.5,50,0.4,0.02,0.38,0,331151.55,8591.45,81653.179000527,1738.69780295484,20,0.448259050724568,NA,1
10,1,0.6,0.4,3,0.5,50,1,0.04,0.92,0.04,93562.08,24651.4,44033.5315783185,2699.03002985162,50,1.79288683551598,1.90155236349334,2
10,1,0.6,0.4,3,1,50,0.96,0.02,0.94,0,261140.395833333,36320.6875,99036.2141193579,4209.25100810134,48,2.68956858929275,NA,1
10,1,0.6,0.4,3,1.5,50,0.14,0.02,0.12,0,305183.142857143,46889.7142857143,131803.015098832,11410.451462209,7,2.24133945699375,NA,1
10,1,0.6,0.4,5,0.5,50,1,0.06,0.76,0.18,130176.94,59088,69575.3684095374,0,50,1.94239622145186,1.81142919873536,3
10,1,0.6,0.4,5,1,50,0.66,0.02,0.64,0,270948.666666667,59088,103099.310804155,0,33,3.13784941072827,NA,1
10,1,0.6,0.4,5,1.5,50,0.22,0.02,0.2,0,323298.363636364,92508,105142.433058469,0,11,2.68960672614867,NA,1
10,1,0.6,0.4,10,0.5,50,0.98,0.24,0.46,0.28,184021.081632653,144832,99130.4164406744,0,49,1.19536761844928,1.27259400008166,12
10,1,0.6,0.4,10,1,50,0.38,0.06,0.26,0.06,228385.157894737,144832,106737.187675182,0,19,1.64365154937368,2.07044543047597,3
10,1,0.6,0.4,10,1.5,50,0,0,0,0,NA,NA,NA,NA,0,NA,NA,0
10,1,0.7,0.2,0.001,0.5,50,1,0,1,0,2007.62,71,594.52106912426,0,50,NA,NA,0
10,1,0.7,0.2,0.001,1,50,1,0,1,0,3330.8,71,1117.00136115241,0,50,NA,NA,0
10,1,0.7,0.2,0.001,1.5,50,1,0,1,0,12028.5,71,5050.67320730007,0,50,NA,NA,0
10,1,0.7,0.2,0.01,0.5,50,1,0,1,0,3018.62,71,742.701766442999,0,50,NA,NA,0
10,1,0.7,0.2,0.01,1,50,1,0,1,0,5754.16,71,1494.98817632346,0,50,NA,NA,0
10,1,0.7,0.2,0.01,1.5,50,1,0,1,0,19974.64,71,5150.92337575091,0,50,NA,NA,0
10,1,0.7,0.2,0.1,0.5,50,1,0,1,0,7587.24,174,2205.06842468687,0,50,NA,NA,0
10,1,0.7,0.2,0.1,1,50,1,0.02,0.98,0,16316.02,174,5007.57354369461,0,50,0.449525097902195,NA,1
10,1,0.7,0.2,0.1,1.5,50,1,0,1,0,54982.18,272,13842.3794089612,0,50,NA,NA,0
10,1,0.7,0.2,0.5,0.5,50,1,0,0.98,0.02,12110.96,1637,4129.11586108766,0,50,NA,NA,0
10,1,0.7,0.2,0.5,1,50,1,0.04,0.96,0,28634.2,1637,9494.89777056443,0,50,1.79371138994665,1.26908553274843,2
10,1,0.7,0.2,0.5,1.5,50,1,0.02,0.98,0,86717.4,2563,21169.6095459158,0,50,1.79214971313545,NA,1
10,1,0.7,0.2,1,0.5,50,1,0.04,0.92,0.04,12957.8,6282,4286.50822169909,0,50,1.12066652823099,0.317005267748,2
10,1,0.7,0.2,1,1,50,1,0.04,0.96,0,29984.98,6282,10135.5621260903,0,50,3.1385344926741,1.26908553274843,2
10,1,0.7,0.2,1,1.5,50,1,0.02,0.98,0,86133.2,8342.74,32975.7980943477,1771.41701390239,50,3.13691871759453,NA,1
10,1,0.7,0.2,3,0.5,50,1,0.82,0,0.18,15568.9,27923.8,5227.02669316127,6184.25470737698,50,0.776282321583218,0.437189777274434,41
10,1,0.7,0.2,3,1,50,1,0.54,0.06,0.4,28601.54,36377.5,10832.2761175167,4132.02898349082,50,0.846793926228129,1.22047427548602,27
10,1,0.7,0.2,3,1.5,50,1,0.08,0.62,0.3,64103.76,44998.98,23946.3836906451,10214.9263225489,50,1.79284008789211,1.90138066961776,4
10,1,0.7,0.2,5,0.5,50,1,1,0,0,16091.44,59088,5612.80200736473,0,50,1.3807011503648,0.460356194898741,50
10,1,0.7,0.2,5,1,50,1,0.98,0,0.02,27881.96,59088,10833.8025603541,0,50,0.969773789142065,0.991367481601304,49
10,1,0.7,0.2,5,1.5,50,1,0.8,0.02,0.18,55656.1,91839.6,22775.5612518492,4726.30172545088,50,0.82927778366694,0.815449342390998,40
10,1,0.7,0.2,10,0.5,50,1,1,0,0,17604.34,144832,6813.52287017876,0,50,2.19656098779768,0.481350254944205,50
10,1,0.7,0.2,10,1,50,1,1,0,0,27435.08,144832,10879.5643367156,0,50,1.86485639228863,0.989577732864409,50
10,1,0.7,0.2,10,1.5,50,0.04,0.04,0,0,48414.5,144832,15094.6084579892,0,2,1.12068700261863,0.316982408712935,2
10,1,0.7,0.3,0.001,0.5,50,1,0,1,0,2799.64,71,749.695768499544,0,50,NA,NA,0
10,1,0.7,0.3,0.001,1,50,1,0,0.98,0.02,5315.76,71,2593.65152380554,0,50,NA,NA,0
10,1,0.7,0.3,0.001,1.5,50,1,0,1,0,23202.22,71,12032.9727124078,0,50,NA,NA,0
10,1,0.7,0.3,0.01,0.5,50,1,0,1,0,3714.14,71,663.054589127672,0,50,NA,NA,0
10,1,0.7,0.3,0.01,1,50,1,0,0.98,0.02,6781.76,71,2028.47239758275,0,50,NA,NA,0
10,1,0.7,0.3,0.01,1.5,50,1,0,1,0,24227.38,71,4190.34298868925,0,50,NA,NA,0
10,1,0.7,0.3,0.1,0.5,50,1,0,1,0,9554.84,174,2075.89195346217,0,50,NA,NA,0
10,1,0.7,0.3,0.1,1,50,1,0.02,0.98,0,20892.2,174,5708.21534710978,0,50,0.896375422173214,NA,1
10,1,0.7,0.3,0.1,1.5,50,1,0,1,0,75129.6,272,16866.1398944387,0,50,NA,NA,0
10,1,0.7,0.3,0.5,0.5,50,1,0,1,0,16582.6,1637,4147.44490312889,0,50,NA,NA,0
10,1,0.7,0.3,0.5,1,50,1,0.04,0.96,0,38997.8,1637,12420.6555234679,0,50,2.01713655208215,1.58505642721587,2
10,1,0.7,0.3,0.5,1.5,50,1,0,1,0,121313.7,2563,29916.1812063202,0,50,NA,NA,0
10,1,0.7,0.3,1,0.5,50,1,0,1,0,19167.94,6282,5484.3799434096,0,50,NA,NA,0
10,1,0.7,0.3,1,1,50,1,0.04,0.96,0,44275.32,6282,15395.0777045185,0,50,3.36195965480961,1.58505642721587,2
10,1,0.7,0.3,1,1.5,50,1,0,1,0,125045,8626.98,32940.2561332247,1700.17488284144,50,NA,NA,0
10,1,0.7,0.3,3,0.5,50,1,0.42,0.08,0.5,23129.5,27923.8,6708.9674264056,6184.25470737698,50,0.576369356089425,0.207516554513149,21
10,1,0.7,0.3,3,1,50,1,0.18,0.3,0.52,40567.16,37468.3,14876.516923319,1928.28019229572,50,1.54403650213486,2.12761608271756,9
10,1,0.7,0.3,3,1.5,50,1,0.02,0.88,0.1,83893.74,44145.1,24681.9941226351,9881.74083492233,50,1.34485517286243,NA,1
10,1,0.7,0.3,5,0.5,50,1,1,0,0,23697.04,59088,7187.16612416372,0,50,0.968293806076232,0.36632577469819,50
10,1,0.7,0.3,5,1,50,1,0.72,0.02,0.26,40535.92,59088,16367.5611585594,0,50,0.846742343205588,1.22072137433862,36
10,1,0.7,0.3,5,1.5,50,1,0.42,0.06,0.52,79456.4,92508,26196.980581583,0,50,0.576348109020108,0.321481242705039,21
10,1,0.7,0.3,10,0.5,50,1,1,0,0,29020.44,144832,10294.7441715446,0,50,1.66759403309103,0.351233803120468,50
10,1,0.7,0.3,10,1,50,0.98,0.98,0,0,43017.612244898,144832,18551.5908233143,0,49,1.45460344312359,1.13746612251801,49
10,1,0.7,0.3,10,1.5,50,0,0,0,0,NA,NA,NA,NA,0,NA,NA,0
10,1,0.7,0.4,0.001,0.5,50,1,0,1,0,3835.04,71,1285.64523560613,0,50,NA,NA,0
10,1,0.7,0.4,0.001,1,50,1,0,1,0,13865.32,71,14472.8102604258,0,50,NA,NA,0
10,1,0.7,0.4,0.001,1.5,50,0.78,0,0.78,0,74324.2564102564,71,71394.8245355281,0,39,NA,NA,0
10,1,0.7,0.4,0.01,0.5,50,1,0,1,0,4498.84,71,1051.56193564136,0,50,NA,NA,0
10,1,0.7,0.4,0.01,1,50,1,0,1,0,9305.66,71,2180.08615828619,0,50,NA,NA,0
10,1,0.7,0.4,0.01,1.5,50,0.94,0,0.94,0,34709.5531914894,71,11066.7585034771,0,47,NA,NA,0
10,1,0.7,0.4,0.1,0.5,50,1,0,1,0,13166.98,174,2989.14347495692,0,50,NA,NA,0
10,1,0.7,0.4,0.1,1,50,1,0,1,0,26561.28,174,7327.01447131484,0,50,NA,NA,0
10,1,0.7,0.4,0.1,1.5,50,1,0,1,0,94010.36,272,26956.7593687311,0,50,NA,NA,0
10,1,0.7,0.4,0.5,0.5,50,1,0,1,0,23726.98,1637,4508.3879217136,0,50,NA,NA,0
10,1,0.7,0.4,0.5,1,50,1,0.02,0.98,0,55840.88,1637,13374.5532500479,0,50,0.896332403834489,NA,1
10,1,0.7,0.4,0.5,1.5,50,1,0,1,0,162322.58,2563,41592.4712595087,0,50,NA,NA,0
10,1,0.7,0.4,1,0.5,50,1,0,0.98,0.02,31112.42,6282,7670.31914055466,0,50,NA,NA,0
10,1,0.7,0.4,1,1,50,1,0.02,0.98,0,70675.18,6282,20957.5211814036,0,50,2.24115550656195,NA,1
10,1,0.7,0.4,1,1.5,50,1,0,1,0,206515.74,8769.1,56720.1959402685,1644.71940724594,50,NA,NA,0
10,1,0.7,0.4,3,0.5,50,1,0.02,0.62,0.36,38772.68,27105.7,11539.6441611038,5705.59244182801,50,1.79305863555823,NA,1
10,1,0.7,0.4,3,1,50,1,0.04,0.86,0.1,76359.26,37195.6,31937.9139254681,2699.03002985162,50,2.24125020331435,2.53563391910508,2
10,1,0.7,0.4,3,1.5,50,1,0,0.96,0.04,163842.72,46279.8,68074.2738566022,10564.0253111922,50,NA,NA,0
10,1,0.7,0.4,5,0.5,50,1,0.6,0,0.4,44287.12,59088,13469.950406163,0,50,0.582763820038887,0.356094322930879,30
10,1,0.7,0.4,5,1,50,1,0.14,0.52,0.34,79789.02,59088,34456.0541373193,0,50,1.08863802238248,1.50584654518076,7
10,1,0.7,0.4,5,1.5,50,1,0.14,0.64,0.22,143541.66,92508,63804.8249447405,0,50,0.448267269154918,0,7
10,1,0.7,0.4,10,0.5,50,1,1,0,0,53322.54,144832,21525.2033740517,0,50,1.09379146413956,0.480591703924026,50
10,1,0.7,0.4,10,1,50,1,0.8,0.02,0.18,85749.36,144832,41758.2936539337,0,50,0.885337838621261,0.802422762783453,40
10,1,0.7,0.4,10,1.5,50,0,0,0,0,NA,NA,NA,NA,0,NA,NA,0
10,1.5,0.5,0.2,0.001,0.5,50,1,0,1,0,23869.72,71,71144.170355648,0,50,NA,NA,0
10,1.5,0.5,0.2,0.001,1,50,0.44,0,0.44,0,30727.0909090909,71,73268.1359365065,0,22,NA,NA,0
10,1.5,0.5,0.2,0.001,1.5,50,0.24,0,0.24,0,38051.3333333333,71,20136.4593183307,0,12,NA,NA,0
10,1.5,0.5,0.2,0.01,0.5,50,1,0,1,0,7825.04,71,3089.80548202224,0,50,NA,NA,0
10,1.5,0.5,0.2,0.01,1,50,0.74,0,0.74,0,17299.7027027027,71,9806.22466108153,0,37,NA,NA,0
10,1.5,0.5,0.2,0.01,1.5,50,0.38,0,0.38,0,53085.4736842105,71,19821.2242708792,0,19,NA,NA,0
10,1.5,0.5,0.2,0.1,0.5,50,1,0,1,0,20556.16,174,5585.17636927594,0,50,NA,NA,0
10,1.5,0.5,0.2,0.1,1,50,0.92,0,0.92,0,53520.1739130435,174,16664.6462752797,0,46,NA,NA,0
10,1.5,0.5,0.2,0.1,1.5,50,0.52,0,0.52,0,205850,268.230769230769,77868.6309549616,19.219381243542,26,NA,NA,0
10,1.5,0.5,0.2,0.5,0.5,50,0.98,0,0.98,0,62896.8979591837,1637,26545.7115276687,0,49,NA,NA,0
10,1.5,0.5,0.2,0.5,1,50,0.96,0,0.96,0,137015.3125,1637,44339.6452721231,0,48,NA,NA,0
10,1.5,0.5,0.2,0.5,1.5,50,0.22,0,0.22,0,323298.363636364,2563,105142.433058469,0,11,NA,NA,0
10,1.5,0.5,0.2,1,0.5,50,0.94,0,0.94,0,122717.510638298,4012,66040.2515018624,0,47,NA,NA,0
10,1.5,0.5,0.2,1,1,50,0.86,0,0.84,0.02,243250,5859.67441860465,86067.4195948402,893.811627137509,43,NA,NA,0
10,1.5,0.5,0.2,1,1.5,50,0.02,0,0,0.02,9835,9835,NA,NA,1,NA,NA,0
10,1.5,0.5,0.2,3,0.5,50,0.6,0.02,0.58,0,217122.233333333,24106,111455.662002085,0,30,0.44828808691837,NA,1
10,1.5,0.5,0.2,3,1,50,0.16,0.02,0.14,0,311410.25,24106,123290.431260905,0,8,1.3447723710497,NA,1
10,1.5,0.5,0.2,3,1.5,50,0.02,0.02,0,0,9835,37741,NA,NA,1,1.34479958483366,NA,1
10,1.5,0.5,0.2,5,0.5,50,0.4,0,0.4,0,235416.8,44145.1,91786.4141383623,10036.5555996698,20,NA,NA,0
10,1.5,0.5,0.2,5,1,50,0.02,0.02,0,0,6282,59088,NA,NA,1,2.24133945699375,NA,1
10,1.5,0.5,0.2,5,1.5,50,0.02,0.02,0,0,9835,92508,NA,NA,1,2.2413476754241,NA,1
10,1.5,0.5,0.2,10,0.5,50,0.22,0,0.22,0,305128.454545455,97264.7272727273,87994.6668513083,15776.2795936869,11,NA,NA,0
10,1.5,0.5,0.2,10,1,50,0.02,0.02,0,0,9835,144832,NA,NA,1,2.68962699817005,NA,1
10,1.5,0.5,0.2,10,1.5,50,0,0,0,0,NA,NA,NA,NA,0,NA,NA,0
10,1.5,0.5,0.3,0.001,0.5,50,0.4,0,0.4,0,83739.4,71,134289.035425517,0,20,NA,NA,0
10,1.5,0.5,0.3,0.001,1,50,0.1,0,0.1,0,13091,71,6968.02364376012,0,5,NA,NA,0
10,1.5,0.5,0.3,0.001,1.5,50,0,0,0,0,NA,NA,NA,NA,0,NA,NA,0
10,1.5,0.5,0.3,0.01,0.5,50,0.64,0,0.64,0,38292.84375,71,91563.9188721893,0,32,NA,NA,0
10,1.5,0.5,0.3,0.01,1,50,0.18,0,0.18,0,17064,71,5748.93174859469,0,9,NA,NA,0
10,1.5,0.5,0.3,0.01,1.5,50,0.08,0,0.08,0,56769.5,71,25863.6388842199,0,4,NA,NA,0
10,1.5,0.5,0.3,0.1,0.5,50,0.68,0,0.68,0,28396.1470588235,174,22433.9994166489,0,34,NA,NA,0
10,1.5,0.5,0.3,0.1,1,50,0.34,0,0.34,0,57740.4117647059,174,13146.9084629183,0,17,NA,NA,0
10,1.5,0.5,0.3,0.1,1.5,50,0.18,0,0.18,0,213693.444444444,250.222222222222,66186.7395048115,43.2139380807216,9,NA,NA,0
10,1.5,0.5,0.3,0.5,0.5,50,0.48,0.02,0.46,0,76576.7083333333,1637,50793.2284912409,0,24,1.34383656414251,NA,1
10,1.5,0.5,0.3,0.5,1,50,0.46,0,0.46,0,197503.260869565,1637,101403.254651559,0,23,NA,NA,0
10,1.5,0.5,0.3,0.5,1.5,50,0.04,0,0.04,0,118670,2563,36998.6552188049,0,2,NA,NA,0
10,1.5,0.5,0.3,1,0.5,50,0.44,0.02,0.4,0.02,141316.772727273,4012,109873.116280264,0,22,2.2402611358532,NA,1
10,1.5,0.5,0.3,1,1,50,0.32,0,0.32,0,252943.1875,5998.25,93260.721891708,775.35260795761,16,NA,NA,0
10,1.5,0.5,0.3,1,1.5,50,0.04,0,0.04,0,185790.5,6282,57924.0661944584,0,2,NA,NA,0
10,1.5,0.5,0.3,3,0.5,50,0.32,0.06,0.26,0,217486,24106,141374.753828256,0,16,2.24103875343709,1.61570540923067,3
10,1.5,0.5,0.3,3,1,50,0.06,0,0.06,0,242193.666666667,24106,105931.819357232,0,3,NA,NA,0
10,1.5,0.5,0.3,3,1.5,50,0,0,0,0,NA,NA,NA,NA,0,NA,NA,0
10,1.5,0.5,0.3,5,0.5,50,0.18,0.04,0.14,0,196233.333333333,44856.6666666667,143164.449080419,10673.5,9,3.13739935434869,1.90115408852917,2
10,1.5,0.5,0.3,5,1,50,0.04,0,0.04,0,290874.5,48414.5,90687.1517939559,15094.6084579892,2,NA,NA,0
10,1.5,0.5,0.3,5,1.5,50,0,0,0,0,NA,NA,NA,NA,0,NA,NA,0
10,1.5,0.5,0.3,10,0.5,50,0.12,0.04,0.06,0.02,194628.333333333,92508,178576.880251243,0,6,3.80980703422137,2.2181364972421,2
10,1.5,0.5,0.3,10,1,50,0,0,0,0,NA,NA,NA,NA,0,NA,NA,0
10,1.5,0.5,0.3,10,1.5,50,0,0,0,0,NA,NA,NA,NA,0,NA,NA,0
10,1.5,0.5,0.4,0.001,0.5,50,0.06,0,0.06,0,121754,71,202051.726057958,0,3,NA,NA,0
10,1.5,0.5,0.4,0.001,1,50,0,0,0,0,NA,NA,NA,NA,0,NA,NA,0
10,1.5,0.5,0.4,0.001,1.5,50,0.02,0,0,0.02,71,71,NA,NA,1,NA,NA,0
10,1.5,0.5,0.4,0.01,0.5,50,0.06,0,0.06,0,121754,71,202051.726057958,0,3,NA,NA,0
10,1.5,0.5,0.4,0.01,1,50,0,0,0,0,NA,NA,NA,NA,0,NA,NA,0
10,1.5,0.5,0.4,0.01,1.5,50,0.02,0,0,0.02,71,71,NA,NA,1,NA,NA,0
10,1.5,0.5,0.4,0.1,0.5,50,0.1,0,0.1,0,51284,174,98253.4210956545,0,5,NA,NA,0
10,1.5,0.5,0.4,0.1,1,50,0.06,0,0.06,0,35766.6666666667,174,20196.8671167915,0,3,NA,NA,0
10,1.5,0.5,0.4,0.1,1.5,50,0.04,0.02,0.02,0,18906,223,26636.7124472972,69.2964645562817,2,1.34312218925468,NA,1
10,1.5,0.5,0.4,0.5,0.5,50,0.1,0.02,0.08,0,46493,1637,59701.5126106533,0,5,1.34383656414251,NA,1
10,1.5,0.5,0.4,0.5,1,50,0.1,0,0.1,0,165936,1637,108879.860506891,0,5,NA,NA,0
10,1.5,0.5,0.4,0.5,1.5,50,0.04,0.02,0.02,0,72451.5,2100,102361.484751346,654.780879378743,2,3.58625384932276,NA,1
10,1.5,0.5,0.4,1,0.5,50,0.1,0.02,0.06,0.02,55904,4012,61944.3576163318,0,5,2.2402611358532,NA,1
10,1.5,0.5,0.4,1,1,50,0.06,0,0.06,0,172137.666666667,4768.66666666667,47294.8020012066,1310.58511106045,3,NA,NA,0
10,1.5,0.5,0.4,1,1.5,50,0.04,0.02,0.02,0,177535.5,6282,250972.70273976,0,2,4.48276380305728,NA,1
10,1.5,0.5,0.4,3,0.5,50,0.1,0.04,0.06,0,129055.2,24106,156262.244306486,0,5,2.91330146999306,1.58410384079048,2
10,1.5,0.5,0.4,3,1,50,0,0,0,0,NA,NA,NA,NA,0,NA,NA,0
10,1.5,0.5,0.4,3,1.5,50,0.02,0.02,0,0,71,37741,NA,NA,1,6.2758224386155,NA,1
10,1.5,0.5,0.4,5,0.5,50,0.08,0.04,0.04,0,80924,37741,106135.671719424,0,4,3.3615877345016,1.58410384079048,2
10,1.5,0.5,0.4,5,1,50,0,0,0,0,NA,NA,NA,NA,0,NA,NA,0
10,1.5,0.5,0.4,5,1.5,50,0.02,0.02,0,0,71,59088,NA,NA,1,6.72410326005103,NA,1
10,1.5,0.5,0.4,10,0.5,50,0.06,0.02,0.04,0,194058.666666667,92508,179532.717080574,0,3,5.37826639301864,NA,1
10,1.5,0.5,0.4,10,1,50,0,0,0,0,NA,NA,NA,NA,0,NA,NA,0
10,1.5,0.5,0.4,10,1.5,50,0.02,0.02,0,0,71,144832,NA,NA,1,7.62064985195189,NA,1
10,1.5,0.6,0.2,0.001,0.5,50,1,0,1,0,3910.6,71,1473.7687216446,0,50,NA,NA,0
10,1.5,0.6,0.2,0.001,1,50,0.92,0,0.92,0,8805.58695652174,71,5985.85082999378,0,46,NA,NA,0
10,1.5,0.6,0.2,0.001,1.5,50,0.52,0,0.52,0,47176.4615384615,71,38729.912412223,0,26,NA,NA,0
10,1.5,0.6,0.2,0.01,0.5,50,1,0,1,0,5163.42,71,1193.40535033327,0,50,NA,NA,0
10,1.5,0.6,0.2,0.01,1,50,1,0,1,0,10662.12,71,2955.42816152908,0,50,NA,NA,0
10,1.5,0.6,0.2,0.01,1.5,50,0.82,0,0.82,0,51284.4146341463,71,25263.1296091514,0,41,NA,NA,0
10,1.5,0.6,0.2,0.1,0.5,50,1,0,1,0,15469.36,174,2923.40365481396,0,50,NA,NA,0
10,1.5,0.6,0.2,0.1,1,50,1,0,1,0,37498.04,174,9861.70416816526,0,50,NA,NA,0
10,1.5,0.6,0.2,0.1,1.5,50,1,0,1,0,173973.32,268.08,59463.7848007868,19.3989690447714,50,NA,NA,0
10,1.5,0.6,0.2,0.5,0.5,50,1,0,1,0,40980.44,1637,12496.9004584239,0,50,NA,NA,0
10,1.5,0.6,0.2,0.5,1,50,1,0.02,0.98,0,98035.46,1637,28797.3454510825,0,50,0.896332403834489,NA,1
10,1.5,0.6,0.2,0.5,1.5,50,0.86,0,0.86,0,320147.255813953,2519.93023255814,67687.3938238953,197.314517525029,43,NA,NA,0
10,1.5,0.6,0.2,1,0.5,50,1,0,0.98,0.02,61248.46,4012,22989.1967318547,0,50,NA,NA,0
10,1.5,0.6,0.2,1,1,50,1,0.02,0.98,0,169314.46,5918.8,60303.8393410725,840.644650593477,50,2.24115550656195,NA,1
10,1.5,0.6,0.2,1,1.5,50,0.12,0,0.12,0,305681.333333333,6874.16666666667,120805.568127743,1450.50617601811,6,NA,NA,0
10,1.5,0.6,0.2,3,0.5,50,1,0.02,0.96,0.02,140480.24,24106,66006.3534102033,0,50,1.79317090206646,NA,1
10,1.5,0.6,0.2,3,1,50,0.54,0.02,0.52,0,277875.851851852,24106,97376.4155957945,0,27,3.58592787761164,NA,1
10,1.5,0.6,0.2,3,1.5,50,0.04,0.02,0.02,0,189553,37741,233977.391253941,0,2,0.448286264508531,NA,1
10,1.5,0.6,0.2,5,0.5,50,0.98,0.04,0.92,0.02,213180.448979592,42968.8367346939,109029.798609727,9274.90940959115,49,1.56901212625952,1.58494571339053,2
10,1.5,0.6,0.2,5,1,50,0.22,0.02,0.18,0.02,295886.909090909,57147.3636363636,132165.481606549,6436.36267270152,11,4.4824949635557,NA,1
10,1.5,0.6,0.2,5,1.5,50,0.04,0.02,0.02,0,189553,75798,233977.391253941,23631.5086272544,2,1.34483435509897,NA,1
10,1.5,0.6,0.2,10,0.5,50,0.54,0.04,0.48,0.02,232506.777777778,94445.9259259259,104658.508367538,10069.758495026,27,2.24141980613221,1.26796330467759,2
10,1.5,0.6,0.2,10,1,50,0.06,0.06,0,0,39614.6666666667,109949.333333333,33728.8027260579,30209.275485078,3,2.09185869792213,2.84678386150954,3
10,1.5,0.6,0.2,10,1.5,50,0.04,0,0.02,0.02,185790.5,144832,57924.0661944584,0,2,NA,NA,0
10,1.5,0.6,0.3,0.001,0.5,50,1,0,1,0,19688.3,71,57663.2530060063,0,50,NA,NA,0
10,1.5,0.6,0.3,0.001,1,50,0.56,0,0.56,0,19688.9642857143,71,15914.2932598856,0,28,NA,NA,0
10,1.5,0.6,0.3,0.001,1.5,50,0.34,0,0.34,0,50549.5294117647,71,37079.0376697495,0,17,NA,NA,0
10,1.5,0.6,0.3,0.01,0.5,50,1,0,1,0,14636.94,71,49206.2199944192,0,50,NA,NA,0
10,1.5,0.6,0.3,0.01,1,50,0.8,0,0.8,0,17456.025,71,7198.68609980054,0,40,NA,NA,0
10,1.5,0.6,0.3,0.01,1.5,50,0.34,0,0.34,0,59123.0588235294,71,31735.0532642349,0,17,NA,NA,0
10,1.5,0.6,0.3,0.1,0.5,50,1,0,1,0,20176.5,174,6216.48802437058,0,50,NA,NA,0
10,1.5,0.6,0.3,0.1,1,50,0.94,0,0.94,0,51569.5531914894,174,22961.2599258616,0,47,NA,NA,0
10,1.5,0.6,0.3,0.1,1.5,50,0.48,0,0.48,0,204222.5,267.916666666667,90472.8705659038,20.0041662327293,24,NA,NA,0
10,1.5,0.6,0.3,0.5,0.5,50,0.98,0,0.98,0,55936.4285714286,1637,21022.2474179142,0,49,NA,NA,0
10,1.5,0.6,0.3,0.5,1,50,1,0,1,0,142435.1,1637,61541.2385651496,0,50,NA,NA,0
10,1.5,0.6,0.3,0.5,1.5,50,0.42,0,0.42,0,322769.619047619,2563,70506.4067539087,0,21,NA,NA,0
10,1.5,0.6,0.3,1,0.5,50,0.98,0,0.98,0,102503.979591837,4058.32653061224,45435.6735504025,324.285714285714,49,NA,NA,0
10,1.5,0.6,0.3,1,1,50,0.88,0,0.88,0,230662.386363636,6024.04545454545,87613.3122101239,728.75676085405,44,NA,NA,0
10,1.5,0.6,0.3,1,1.5,50,0.06,0,0.06,0,284944,8650.66666666667,121340.551375045,2051.32550643074,3,NA,NA,0
10,1.5,0.6,0.3,3,0.5,50,0.74,0,0.74,0,227626.216216216,24106,99768.8009561593,0,37,NA,NA,0
10,1.5,0.6,0.3,3,1,50,0.24,0,0.24,0,337486,25242.25,60670.2756875226,3936.08546020027,12,NA,NA,0
10,1.5,0.6,0.3,3,1.5,50,0,0,0,0,NA,NA,NA,NA,0,NA,NA,0
10,1.5,0.6,0.3,5,0.5,50,0.48,0,0.48,0,265625.875,44856.6666666667,108976.904637519,10279.5072232877,24,NA,NA,0
10,1.5,0.6,0.3,5,1,50,0.04,0,0.04,0,355000,48414.5,0,15094.6084579892,2,NA,NA,0
10,1.5,0.6,0.3,5,1.5,50,0,0,0,0,NA,NA,NA,NA,0,NA,NA,0
10,1.5,0.6,0.3,10,0.5,50,0.18,0.02,0.14,0.02,244816.222222222,104135.555555556,114895.138270488,23072.7152666906,9,0.448279322745947,NA,1
10,1.5,0.6,0.3,10,1,50,0.02,0,0.02,0,355000,92508,NA,NA,1,NA,NA,0
10,1.5,0.6,0.3,10,1.5,50,0.02,0,0,0.02,144832,144832,NA,NA,1,NA,NA,0
10,1.5,0.6,0.4,0.001,0.5,50,0.42,0,0.42,0,29241.8571428571,71,74807.2222778561,0,21,NA,NA,0
10,1.5,0.6,0.4,0.001,1,50,0.14,0,0.14,0,13300.2857142857,71,3724.81752189669,0,7,NA,NA,0
10,1.5,0.6,0.4,0.001,1.5,50,0.04,0,0.04,0,65124.5,71,38726.1170852436,0,2,NA,NA,0
10,1.5,0.6,0.4,0.01,0.5,50,0.62,0,0.62,0,25733.4193548387,71,61819.5023487864,0,31,NA,NA,0
10,1.5,0.6,0.4,0.01,1,50,0.2,0,0.2,0,17041,71,7241.90555033687,0,10,NA,NA,0
10,1.5,0.6,0.4,0.01,1.5,50,0.14,0,0.14,0,48271.5714285714,71,28183.4433657845,0,7,NA,NA,0
10,1.5,0.6,0.4,0.1,0.5,50,0.64,0,0.64,0,36753.875,174,58565.7980200544,0,32,NA,NA,0
10,1.5,0.6,0.4,0.1,1,50,0.32,0,0.32,0,59732.6875,174,19012.6597708606,0,16,NA,NA,0
10,1.5,0.6,0.4,0.1,1.5,50,0.2,0,0.2,0,188318.9,272,72462.8349239188,0,10,NA,NA,0
10,1.5,0.6,0.4,0.5,0.5,50,0.46,0,0.46,0,102701.739130435,1637,79669.3626126799,0,23,NA,NA,0
10,1.5,0.6,0.4,0.5,1,50,0.32,0,0.32,0,177661.1875,1637,86045.935284373,0,16,NA,NA,0
10,1.5,0.6,0.4,0.5,1.5,50,0.04,0,0.04,0,182417.5,2563,244068.512128255,0,2,NA,NA,0
10,1.5,0.6,0.4,1,0.5,50,0.38,0,0.38,0,132747,4012,85862.3126852909,0,19,NA,NA,0
10,1.5,0.6,0.4,1,1,50,0.26,0.02,0.24,0,268808.153846154,6107.38461538462,102186.530295375,629.584722715635,13,0.448398531016766,NA,1
10,1.5,0.6,0.4,1,1.5,50,0.02,0,0,0.02,9835,9835,NA,NA,1,NA,NA,0
10,1.5,0.6,0.4,3,0.5,50,0.22,0,0.22,0,212832.363636364,24106,80198.6359002106,0,11,NA,NA,0
10,1.5,0.6,0.4,3,1,50,0.02,0.02,0,0,4012,24106,NA,NA,1,1.79317090206646,NA,1
10,1.5,0.6,0.4,3,1.5,50,0.02,0.02,0,0,9835,37741,NA,NA,1,1.34479958483366,NA,1
10,1.5,0.6,0.4,5,0.5,50,0.16,0,0.16,0,274843.125,45746.125,66376.1985384122,11048.1221214609,8,NA,NA,0
10,1.5,0.6,0.4,5,1,50,0.02,0.02,0,0,4012,59088,NA,NA,1,2.68973798801052,NA,1
10,1.5,0.6,0.4,5,1.5,50,0.02,0.02,0,0,9835,92508,NA,NA,1,2.2413476754241,NA,1
10,1.5,0.6,0.4,10,0.5,50,0.04,0,0.04,0,355000,92508,0,0,2,NA,NA,0
10,1.5,0.6,0.4,10,1,50,0.02,0.02,0,0,6282,144832,NA,NA,1,3.13788604889462,NA,1
10,1.5,0.6,0.4,10,1.5,50,0,0,0,0,NA,NA,NA,NA,0,NA,NA,0
10,1.5,0.7,0.2,0.001,0.5,50,1,0,1,0,3006.36,71,1033.84350767771,0,50,NA,NA,0
10,1.5,0.7,0.2,0.001,1,50,1,0,1,0,5898.54,71,4417.77059949879,0,50,NA,NA,0
10,1.5,0.7,0.2,0.001,1.5,50,0.96,0,0.96,0,37920.1875,71,40550.2061199244,0,48,NA,NA,0
10,1.5,0.7,0.2,0.01,0.5,50,1,0,1,0,4061.66,71,1046.18138689508,0,50,NA,NA,0
10,1.5,0.7,0.2,0.01,1,50,1,0,1,0,8511.82,71,2896.46474657698,0,50,NA,NA,0
10,1.5,0.7,0.2,0.01,1.5,50,0.98,0,0.98,0,37226.0612244898,71,12402.3548829247,0,49,NA,NA,0
10,1.5,0.7,0.2,0.1,0.5,50,1,0,1,0,12587.78,174,3515.85772790327,0,50,NA,NA,0
10,1.5,0.7,0.2,0.1,1,50,1,0.02,0.98,0,30368.92,174,9957.83126507341,0,50,0.449525097902195,NA,1
10,1.5,0.7,0.2,0.1,1.5,50,1,0,1,0,113776.7,260.24,33478.2729422215,32.169550820613,50,NA,NA,0
10,1.5,0.7,0.2,0.5,0.5,50,1,0,1,0,28431.42,1637,11587.5937881681,0,50,NA,NA,0
10,1.5,0.7,0.2,0.5,1,50,1,0.04,0.96,0,73079.1,1637,24362.324293667,0,50,1.79371138994665,1.26908553274843,2
10,1.5,0.7,0.2,0.5,1.5,50,1,0.02,0.98,0,257636.2,2470.4,80393.6855264803,280.620376876604,50,1.79214971313545,NA,1
10,1.5,0.7,0.2,1,0.5,50,1,0.02,0.98,0,41961.7,4057.4,19366.8334849736,321.026478658693,50,0.896424571710691,NA,1
10,1.5,0.7,0.2,1,1,50,1,0.04,0.96,0,113205.06,5555.6,44841.5961709615,1069.6514023031,50,3.1385344926741,1.26908553274843,2
10,1.5,0.7,0.2,1,1.5,50,0.62,0.02,0.6,0,303685.516129032,6511.22580645161,85605.8192449053,887.294378421556,31,2.68865966686997,NA,1
10,1.5,0.7,0.2,3,0.5,50,1,0.06,0.86,0.08,78734.42,24106,46023.7145411682,0,50,1.19539054920463,1.29401942313962,3
10,1.5,0.7,0.2,3,1,50,0.96,0.04,0.92,0,211169.0625,24106,107435.846162119,0,48,4.4833068637238,1.26908553274843,2
10,1.5,0.7,0.2,3,1.5,50,0.28,0.02,0.26,0,296339.785714286,35793.1428571429,109057.129768815,4951.36644476347,14,4.4817183024282,NA,1
10,1.5,0.7,0.2,5,0.5,50,1,0.14,0.74,0.12,108705.1,45425.92,65462.5449121675,10350.5886569069,50,1.40888230814154,1.0804754759857,7
10,1.5,0.7,0.2,5,1,50,0.82,0.06,0.72,0.04,231742.463414634,51798.7804878049,120727.098768482,10248.5122835273,41,3.8854407502542,2.30090883922797,3
10,1.5,0.7,0.2,5,1.5,50,0.22,0.02,0.2,0,221501.090909091,77317.0909090909,111801.028442903,17453.0257861183,11,4.92999912386372,NA,1
10,1.5,0.7,0.2,10,0.5,50,0.96,0.24,0.56,0.16,171768.333333333,97958.4166666667,110861.816166992,16152.9042719394,48,1.1954006004574,1.16791992268523,12
10,1.5,0.7,0.2,10,1,50,0.54,0.12,0.34,0.08,226942.444444444,123514.814814815,125594.740053792,26199.241299991,27,2.39098929427146,2.7442839652357,6
10,1.5,0.7,0.2,10,1.5,50,0.22,0.06,0.12,0.04,190191.181818182,140075.272727273,109031.716877997,15776.2795936869,11,2.24103478708549,3.10514354978283,3
10,1.5,0.7,0.3,0.001,0.5,50,1,0,1,0,4375.4,71,1532.75534211286,0,50,NA,NA,0
10,1.5,0.7,0.3,0.001,1,50,0.98,0,0.96,0.02,17719.3673469388,71,50081.4609705585,0,49,NA,NA,0
10,1.5,0.7,0.3,0.001,1.5,50,0.42,0,0.42,0,49683.9047619048,71,37984.2493092923,0,21,NA,NA,0
10,1.5,0.7,0.3,0.01,0.5,50,1,0,1,0,5345.02,71,1176.63897832178,0,50,NA,NA,0
10,1.5,0.7,0.3,0.01,1,50,1,0,0.98,0.02,11316.02,71,4039.1390701687,0,50,NA,NA,0
10,1.5,0.7,0.3,0.01,1.5,50,0.7,0,0.7,0,46410.8857142857,71,16213.9959616801,0,35,NA,NA,0
10,1.5,0.7,0.3,0.1,0.5,50,1,0,1,0,15489.22,174,3485.71161176712,0,50,NA,NA,0
10,1.5,0.7,0.3,0.1,1,50,1,0.02,0.98,0,37333.38,174,12162.5870467175,0,50,0.896375422173214,NA,1
10,1.5,0.7,0.3,0.1,1.5,50,1,0,1,0,169107.16,262.2,57166.7334687236,29.698484809835,50,NA,NA,0
10,1.5,0.7,0.3,0.5,0.5,50,1,0,1,0,40334.32,1637,12160.5379671548,0,50,NA,NA,0
10,1.5,0.7,0.3,0.5,1,50,1,0.04,0.96,0,98045.78,1637,33139.9751698268,0,50,1.79291631653804,1.90215172528085,2
10,1.5,0.7,0.3,0.5,1.5,50,0.88,0,0.88,0,317107.659090909,2520.90909090909,59190.5965645877,195.114732875816,44,NA,NA,0
10,1.5,0.7,0.3,1,0.5,50,1,0,1,0,62781.46,4057.4,22898.301180379,321.026478658693,50,NA,NA,0
10,1.5,0.7,0.3,1,1,50,1,0.04,0.96,0,153919.96,5964.2,58796.8226671601,795.657320351275,50,3.36195965480961,1.58505642721587,2
10,1.5,0.7,0.3,1,1.5,50,0.24,0,0.24,0,316012.166666667,6874.16666666667,101595.410970837,1383.00337430295,12,NA,NA,0
10,1.5,0.7,0.3,3,0.5,50,1,0,0.98,0.02,144624.1,24106,67760.6715207943,0,50,NA,NA,0
10,1.5,0.7,0.3,3,1,50,0.68,0.04,0.64,0,294036.647058824,24507.0294117647,112723.289903729,2338.38320841811,34,4.70673202585931,1.58505642721587,2
10,1.5,0.7,0.3,3,1.5,50,0.02,0,0.02,0,355000,37741,NA,NA,1,NA,NA,0
10,1.5,0.7,0.3,5,0.5,50,0.98,0.02,0.94,0.02,210520.265306122,44711.4489795918,91994.0333311477,10114.2841999595,49,0.448280821435524,NA,1
10,1.5,0.7,0.3,5,1,50,0.22,0.04,0.16,0.02,197333.181818182,59088,145468.851713223,0,11,5.60329911180336,1.58505642721587,2
10,1.5,0.7,0.3,5,1.5,50,0,0,0,0,NA,NA,NA,NA,0,NA,NA,0
10,1.5,0.7,0.3,10,0.5,50,0.64,0.04,0.54,0.06,274234.40625,95778.25,104296.478326052,12868.2866368348,32,0.67240767987268,0.316982408712935,2
10,1.5,0.7,0.3,10,1,50,0.14,0.06,0.06,0.02,149511,129882.285714286,130329.66770719,25531.4977084795,7,4.18380402822084,3.42371297827945,3
10,1.5,0.7,0.3,10,1.5,50,0.02,0,0,0.02,144832,144832,NA,NA,1,NA,NA,0
10,1.5,0.7,0.4,0.001,0.5,50,0.98,0,0.98,0,20357.4693877551,71,58203.6146991398,0,49,NA,NA,0
10,1.5,0.7,0.4,0.001,1,50,0.34,0,0.34,0,34823.0588235294,71,83010.18982817,0,17,NA,NA,0
10,1.5,0.7,0.4,0.001,1.5,50,0.08,0,0.08,0,34083,71,19038.0156003718,0,4,NA,NA,0
10,1.5,0.7,0.4,0.01,0.5,50,1,0,1,0,7642.14,71,2688.20386139299,0,50,NA,NA,0
10,1.5,0.7,0.4,0.01,1,50,0.56,0,0.56,0,28001.3928571429,71,64277.5948703857,0,28,NA,NA,0
10,1.5,0.7,0.4,0.01,1.5,50,0.3,0,0.3,0,49021.9333333333,71,16925.4924278087,0,15,NA,NA,0
10,1.5,0.7,0.4,0.1,0.5,50,1,0,1,0,20886.98,174,5250.35270142757,0,50,NA,NA,0
10,1.5,0.7,0.4,0.1,1,50,0.92,0,0.92,0,51872.8913043478,174,19139.6354281176,0,46,NA,NA,0
10,1.5,0.7,0.4,0.1,1.5,50,0.54,0,0.54,0,198334.074074074,264.740740740741,90072.2707684164,26.1542651214976,27,NA,NA,0
10,1.5,0.7,0.4,0.5,0.5,50,1,0,1,0,57934.24,1637,21884.3904379168,0,50,NA,NA,0
10,1.5,0.7,0.4,0.5,1,50,0.96,0.02,0.94,0,137200.875,1637,45769.0869793162,0,48,0.896332403834489,NA,1
10,1.5,0.7,0.4,0.5,1.5,50,0.38,0,0.38,0,334434.578947368,2514.26315789474,65538.1885055625,212.43896956414,19,NA,NA,0
10,1.5,0.7,0.4,1,0.5,50,1,0,1,0,103283.4,4057.4,54613.1163893355,321.026478658693,50,NA,NA,0
10,1.5,0.7,0.4,1,1,50,0.96,0.02,0.94,0,241289.395833333,5998.25,86252.3481431183,758.676409028923,48,2.24115550656195,NA,1
10,1.5,0.7,0.4,1,1.5,50,0.04,0,0.04,0,223754,6282,185609.873207219,0,2,NA,NA,0
10,1.5,0.7,0.4,3,0.5,50,0.8,0.02,0.78,0,253858.3,24106,97817.2951007682,0,40,1.79317090206646,NA,1
10,1.5,0.7,0.4,3,1,50,0.12,0.02,0.1,0,260916.666666667,24106,152716.543164998,0,6,3.58592787761164,NA,1
10,1.5,0.7,0.4,3,1.5,50,0.02,0.02,0,0,24106,37741,NA,NA,1,0.448286264508531,NA,1
10,1.5,0.7,0.4,5,0.5,50,0.48,0.02,0.46,0,269552.625,47525.0416666667,110807.142957174,10865.1400818484,24,2.68973798801052,NA,1
10,1.5,0.7,0.4,5,1,50,0.04,0.02,0.02,0,113708.5,59088,159863.408197436,0,2,4.4824949635557,NA,1
10,1.5,0.7,0.4,5,1.5,50,0.02,0.02,0,0,24106,92508,NA,NA,1,1.34483435509897,NA,1
10,1.5,0.7,0.4,10,0.5,50,0.16,0.06,0.1,0,237148.5,99048.5,163536.187001969,18499.3276094025,8,1.34484659849176,1.55292095142744,3
10,1.5,0.7,0.4,10,1,50,0.04,0.02,0.02,0,113708.5,118670,159863.408197436,36998.6552188049,2,5.37904155545656,NA,1
10,1.5,0.7,0.4,10,1.5,50,0,0,0,0,NA,NA,NA,NA,0,NA,NA,0
30,0.5,0.5,0.2,0.001,0.5,50,1,0,1,0,1086.68,71,229.661635757424,0,50,NA,NA,0
30,0.5,0.5,0.2,0.001,1,50,1,0,1,0,1665.38,71,392.520681373762,0,50,NA,NA,0
30,0.5,0.5,0.2,0.001,1.5,50,1,0,1,0,4723.74,71,1255.70807425735,0,50,NA,NA,0
30,0.5,0.5,0.2,0.01,0.5,50,1,0,1,0,1687.44,71,285.759150763187,0,50,NA,NA,0
30,0.5,0.5,0.2,0.01,1,50,1,0,1,0,2689.38,71,464.162308434699,0,50,NA,NA,0
30,0.5,0.5,0.2,0.01,1.5,50,1,0,1,0,7018.26,71,1544.64750367592,0,50,NA,NA,0
30,0.5,0.5,0.2,0.1,0.5,50,1,0,1,0,3633.9,174,710.630454495966,0,50,NA,NA,0
30,0.5,0.5,0.2,0.1,1,50,1,0,1,0,6730.7,174,1497.66994879052,0,50,NA,NA,0
30,0.5,0.5,0.2,0.1,1.5,50,1,0,1,0,15926.06,268.08,3548.42770246089,19.3989690447714,50,NA,NA,0
30,0.5,0.5,0.2,0.5,0.5,50,1,0.02,0.98,0,4831.7,1637,1280.6196881644,0,50,0.447891932746267,NA,1
30,0.5,0.5,0.2,0.5,1,50,1,0,1,0,8445.44,1637,2441.01652595799,0,50,NA,NA,0
30,0.5,0.5,0.2,0.5,1.5,50,1,0,1,0,19319.36,1970.36,5356.4236917662,448.992603002567,50,NA,NA,0
30,0.5,0.5,0.2,1,0.5,50,1,0.42,0.08,0.5,5240.3,6100.4,1316.26258545837,622.087860452564,50,0.533752241834609,0.304548874268779,21
30,0.5,0.5,0.2,1,1,50,1,0.02,0.98,0,8561.9,4193.6,2362.83668370828,622.087860452564,50,0.896509953734521,NA,1
30,0.5,0.5,0.2,1,1.5,50,1,0,0.98,0.02,18971,6282,5316.03408259832,0,50,NA,NA,0
30,0.5,0.5,0.2,3,0.5,50,1,1,0,0,6029.86,24106,1865.32637632241,0,50,1.4434134615706,0.376567331072923,50
30,0.5,0.5,0.2,3,1,50,1,1,0,0,8419.78,24106,2389.22444328869,0,50,1.09374849238236,0.302533163907931,50
30,0.5,0.5,0.2,3,1.5,50,1,0.82,0,0.18,16448.6,24106,4048.72808951863,0,50,0.502950525561092,0.17915735968339,41
30,0.5,0.5,0.2,5,0.5,50,1,1,0,0,6146.32,37741,1917.81054415323,0,50,1.87376657444431,0.380896750369817,50
30,0.5,0.5,0.2,5,1,50,1,1,0,0,8308.54,37741,2177.87487890449,0,50,1.55099926155903,0.289371377398596,50
30,0.5,0.5,0.2,5,1.5,50,1,1,0,0,16511.54,37741,4293.28721501512,0,50,0.860704438398395,0.269261918874402,50
30,0.5,0.5,0.2,10,0.5,50,1,1,0,0,6162.74,92508,1937.57861523193,0,50,2.77030892286877,0.391509072581576,50
30,0.5,0.5,0.2,10,1,50,1,1,0,0,8308.54,92508,2177.87487890449,0,50,2.44754735214947,0.289371377398596,50
30,0.5,0.5,0.2,10,1.5,50,1,1,0,0,16337.36,92508,4153.26987855131,0,50,1.7662182907272,0.262630947830884,50
30,0.5,0.5,0.3,0.001,0.5,50,1,0,1,0,1703.44,71,507.341898968516,0,50,NA,NA,0
30,0.5,0.5,0.3,0.001,1,50,1,0,1,0,2802.04,71,836.10725705864,0,50,NA,NA,0
30,0.5,0.5,0.3,0.001,1.5,50,1,0,1,0,9761.12,71,4670.99945884067,0,50,NA,NA,0
30,0.5,0.5,0.3,0.01,0.5,50,1,0,1,0,2360.3,71,469.731849254531,0,50,NA,NA,0
30,0.5,0.5,0.3,0.01,1,50,1,0,1,0,3954.04,71,286.827613733406,0,50,NA,NA,0
30,0.5,0.5,0.3,0.01,1.5,50,1,0,1,0,10511.74,71,2314.37093149984,0,50,NA,NA,0
30,0.5,0.5,0.3,0.1,0.5,50,1,0,1,0,5169.96,174,1439.54045898725,0,50,NA,NA,0
30,0.5,0.5,0.3,0.1,1,50,1,0,1,0,10070.86,174,2569.12434069649,0,50,NA,NA,0
30,0.5,0.5,0.3,0.1,1.5,50,1,0,1,0,24871.3,268.08,5468.70232434029,19.3989690447714,50,NA,NA,0
30,0.5,0.5,0.3,0.5,0.5,50,1,0.02,0.98,0,7640.02,1637,2463.03610130394,0,50,1.34383656414251,NA,1
30,0.5,0.5,0.3,0.5,1,50,1,0,1,0,14260.36,1637,4378.11722072027,0,50,NA,NA,0
30,0.5,0.5,0.3,0.5,1.5,50,1,0,1,0,31199.12,1803.68,8858.58666951024,359.369427339225,50,NA,NA,0
30,0.5,0.5,0.3,1,0.5,50,1,0.1,0.62,0.28,8373.34,6009.6,2788.25035922427,745.151840436647,50,1.16584409891086,1.36759049158019,5
30,0.5,0.5,0.3,1,1,50,1,0,0.98,0.02,14711.84,4148.2,5071.00671629753,544.568318084356,50,NA,NA,0
30,0.5,0.5,0.3,1,1.5,50,1,0,1,0,29661.44,6282,8994.33583022887,0,50,NA,NA,0
30,0.5,0.5,0.3,3,0.5,50,1,1,0,0,9355.9,24106,3366.17231451695,0,50,1.07586152134799,0.724691813138085,50
30,0.5,0.5,0.3,3,1,50,1,0.86,0,0.14,14471.82,24106,4842.98107591106,0,50,0.656766512564203,0.265156826053659,43
30,0.5,0.5,0.3,3,1.5,50,1,0.08,0.52,0.4,32634.18,24106,11684.4335338841,0,50,0.44828808691837,0,4
30,0.5,0.5,0.3,5,0.5,50,1,1,0,0,9649.44,37741,3540.51702761859,0,50,1.49725359550576,0.733746134608793,50
30,0.5,0.5,0.3,5,1,50,1,1,0,0,14805.54,37741,4698.6058340833,0,50,0.98621195130934,0.32651951899896,50
30,0.5,0.5,0.3,5,1.5,50,1,0.36,0.18,0.46,36326.5,37741,12757.0144294447,0,50,0.498096051943906,0.144967775142785,18
30,0.5,0.5,0.3,10,0.5,50,1,1,0,0,10099.62,92508,3701.48459399628,0,50,2.34897502045697,0.739034641587703,50
30,0.5,0.5,0.3,10,1,50,1,1,0,0,15275.18,92508,5861.22245969566,0,50,1.86482662145466,0.354925879030592,50
30,0.5,0.5,0.3,10,1.5,50,1,0.98,0,0.02,40200.46,92508,16165.8625885865,0,50,0.933144554433008,0.397146529772266,49
30,0.5,0.5,0.4,0.001,0.5,50,1,0,1,0,4174.68,71,1489.37971529309,0,50,NA,NA,0
30,0.5,0.5,0.4,0.001,1,50,1,0,1,0,10794.4,71,5794.3767744324,0,50,NA,NA,0
30,0.5,0.5,0.4,0.001,1.5,50,1,0,0.98,0.02,54582.4,71,33806.6066046631,0,50,NA,NA,0
30,0.5,0.5,0.4,0.01,0.5,50,1,0,1,0,4276.28,71,1278.39949426569,0,50,NA,NA,0
30,0.5,0.5,0.4,0.01,1,50,1,0,1,0,8230.36,71,2614.13008717108,0,50,NA,NA,0
30,0.5,0.5,0.4,0.01,1.5,50,1,0,0.98,0.02,30269.16,71,12467.0152891049,0,50,NA,NA,0
30,0.5,0.5,0.4,0.1,0.5,50,1,0,1,0,10065,174,2963.65256577289,0,50,NA,NA,0
30,0.5,0.5,0.4,0.1,1,50,1,0,1,0,21820.82,174,5111.97224486253,0,50,NA,NA,0
30,0.5,0.5,0.4,0.1,1.5,50,1,0.02,0.98,0,58285.82,268.08,19254.8362678479,19.3989690447714,50,1.34312218925468,NA,1
30,0.5,0.5,0.4,0.5,0.5,50,1,0.02,0.98,0,21192.62,1637,7885.30073421297,0,50,1.34383656414251,NA,1
30,0.5,0.5,0.4,0.5,1,50,1,0,1,0,45943.7,1637,16112.2235879775,0,50,NA,NA,0
30,0.5,0.5,0.4,0.5,1.5,50,1,0.02,0.98,0,100513.44,1877.76,42353.0971251001,410.299022864137,50,3.58625384932276,NA,1
30,0.5,0.5,0.4,1,0.5,50,1,0.04,0.94,0.02,25669.64,6055,9915.0906214225,687.913882840056,50,1.56852909894337,1.58410384079048,2
30,0.5,0.5,0.4,1,1,50,1,0,1,0,52788.44,4012,21463.8557334256,0,50,NA,NA,0
30,0.5,0.5,0.4,1,1.5,50,1,0.02,0.98,0,117996.18,6282,48868.5971968436,0,50,4.48276380305728,NA,1
30,0.5,0.5,0.4,3,0.5,50,1,0.12,0.66,0.22,36473.9,24106,15940.2666792661,0,50,1.41937326196516,1.40054364476102,6
30,0.5,0.5,0.4,3,1,50,1,0.04,0.88,0.08,55991.28,24106,22762.0952176093,0,50,0.67240070362175,0.316943102040843,2
30,0.5,0.5,0.4,3,1.5,50,0.98,0.02,0.94,0.02,209018.510204082,24106,82934.0900266396,0,49,5.82753617410697,NA,1
30,0.5,0.5,0.4,5,0.5,50,1,0.24,0.4,0.36,42706.18,37741,19557.705193512,0,50,1.083251430346,1.15386466642523,12
30,0.5,0.5,0.4,5,1,50,1,0.08,0.82,0.1,69621.94,37741,32750.9300901797,0,50,0.784486616319406,0.429175813298892,4
30,0.5,0.5,0.4,5,1.5,50,0.92,0.02,0.88,0.02,258649.869565217,37741,100392.938605508,0,46,6.2758224386155,NA,1
30,0.5,0.5,0.4,10,0.5,50,1,0.86,0.02,0.12,49688.96,92508,26877.5217964145,0,50,0.979923927126932,0.842820105363995,43
30,0.5,0.5,0.4,10,1,50,1,0.38,0.28,0.34,92096.66,92508,44117.6489204694,0,50,0.731393909180392,0.477481480113785,19
30,0.5,0.5,0.4,10,1.5,50,0.4,0.06,0.32,0.02,243774.9,92508,126582.765283139,0,20,2.68963502250526,3.8821628272493,3
30,0.5,0.6,0.2,0.001,0.5,50,1,0,1,0,932.6,71,174.979998857012,0,50,NA,NA,0
30,0.5,0.6,0.2,0.001,1,50,1,0,1,0,1357.58,71,310.344317670236,0,50,NA,NA,0
30,0.5,0.6,0.2,0.001,1.5,50,1,0,1,0,3140.5,71,854.829527103599,0,50,NA,NA,0
30,0.5,0.6,0.2,0.01,0.5,50,1,0,1,0,1530.62,71,229.359969284538,0,50,NA,NA,0
30,0.5,0.6,0.2,0.01,1,50,1,0,1,0,2358.42,71,433.675797746451,0,50,NA,NA,0
30,0.5,0.6,0.2,0.01,1.5,50,1,0,1,0,5328.6,71,1131.75249692047,0,50,NA,NA,0
30,0.5,0.6,0.2,0.1,0.5,50,1,0,1,0,2880.42,174,677.009151657916,0,50,NA,NA,0
30,0.5,0.6,0.2,0.1,1,50,1,0,1,0,4551.74,174,1202.51924011932,0,50,NA,NA,0
30,0.5,0.6,0.2,0.1,1.5,50,1,0,1,0,10289.26,268.08,2085.75774719884,19.3989690447714,50,NA,NA,0
30,0.5,0.6,0.2,0.5,0.5,50,1,0.02,0.98,0,3489,1637,765.510660558409,0,50,0.447891932746267,NA,1
30,0.5,0.6,0.2,0.5,1,50,1,0.02,0.98,0,5559.78,1637,1394.992638266,0,50,0.896332403834489,NA,1
30,0.5,0.6,0.2,0.5,1.5,50,1,0,1,0,11948.56,1933.32,2727.12842292072,436.342378208223,50,NA,NA,0
30,0.5,0.6,0.2,1,0.5,50,1,0.96,0,0.04,3724.7,6282,881.458699415639,0,50,0.579097325899105,0.260771555026308,48
30,0.5,0.6,0.2,1,1,50,1,0.06,0.6,0.34,5605.18,4375.2,1380.45496330532,840.644650593477,50,1.04598418953183,1.03504872242259,3
30,0.5,0.6,0.2,1,1.5,50,1,0,1,0,11837.32,6282,2696.86485734371,0,50,NA,NA,0
30,0.5,0.6,0.2,3,0.5,50,1,1,0,0,3918.86,24106,1040.25420774669,0,50,1.85587743514312,0.300446003069172,50
30,0.5,0.6,0.2,3,1,50,1,1,0,0,5585.44,24106,1531.64725464222,0,50,1.51515264907732,0.383063864301741,50
30,0.5,0.6,0.2,3,1.5,50,1,1,0,0,11058.64,24106,2327.42978815162,0,50,0.797903768975642,0.187560726363198,50
30,0.5,0.6,0.2,5,0.5,50,1,1,0,0,4084.04,59088,1165.46982660843,0,50,2.71657838077182,0.318993546357895,50
30,0.5,0.6,0.2,5,1,50,1,1,0,0,5585.44,37741,1531.64725464222,0,50,1.96343891358585,0.383063864301741,50
30,0.5,0.6,0.2,5,1.5,50,1,1,0,0,11161.76,37741,2988.51230862038,0,50,1.2461894527603,0.227117384075967,50
30,0.5,0.6,0.2,10,0.5,50,1,1,0,0,4096.6,92508,1079.56155121287,0,50,3.15588916363836,0.299777023937674,50
30,0.5,0.6,0.2,10,1,50,1,1,0,0,5747.3,92508,1611.39955964259,0,50,2.83308588192113,0.388905594857332,50
30,0.5,0.6,0.2,10,1.5,50,1,1,0,0,11161.76,92508,2988.51230862038,0,50,2.14273754335074,0.227117384075967,50
30,0.5,0.6,0.3,0.001,0.5,50,1,0,1,0,1105.5,71,264.538431296198,0,50,NA,NA,0
30,0.5,0.6,0.3,0.001,1,50,1,0,1,0,1889.8,71,546.608541791275,0,50,NA,NA,0
30,0.5,0.6,0.3,0.001,1.5,50,1,0,1,0,4846.16,71,1481.30725994553,0,50,NA,NA,0
30,0.5,0.6,0.3,0.01,0.5,50,1,0,1,0,1655.38,71,383.22620218458,0,50,NA,NA,0
30,0.5,0.6,0.3,0.01,1,50,1,0,1,0,2939.74,71,642.033784157812,0,50,NA,NA,0
30,0.5,0.6,0.3,0.01,1.5,50,1,0,1,0,6430.04,71,1150.49362892807,0,50,NA,NA,0
30,0.5,0.6,0.3,0.1,0.5,50,1,0,1,0,3377.02,174,963.387126078545,0,50,NA,NA,0
30,0.5,0.6,0.3,0.1,1,50,1,0,1,0,6015.52,174,1178.66353302443,0,50,NA,NA,0
30,0.5,0.6,0.3,0.1,1.5,50,1,0,1,0,13212.38,270.04,2861.78262476879,13.8592929112563,50,NA,NA,0
30,0.5,0.6,0.3,0.5,0.5,50,1,0.04,0.96,0,4194.9,1637,1280.41667723712,0,50,0.672112168290378,0.317095298064972,2
30,0.5,0.6,0.3,0.5,1,50,1,0,1,0,7612.4,1637,1885.95113231213,0,50,NA,NA,0
30,0.5,0.6,0.3,0.5,1.5,50,1,0,1,0,15948.82,2007.4,3783.19745280877,458.251156516794,50,NA,NA,0
30,0.5,0.6,0.3,1,0.5,50,1,0.7,0.02,0.28,4550.92,6282,1550.53964062286,0,50,0.576438752392634,0.385386572115748,35
30,0.5,0.6,0.3,1,1,50,1,0,0.82,0.18,7728.86,4602.2,1838.27057156603,1005.80861976414,50,NA,NA,0
30,0.5,0.6,0.3,1,1.5,50,1,0,1,0,15203.8,6282,3347.27170046513,0,50,NA,NA,0
30,0.5,0.6,0.3,3,0.5,50,1,1,0,0,4842.7,24106,1585.64213799833,0,50,1.66757984491135,0.384647716054191,50
30,0.5,0.6,0.3,3,1,50,1,1,0,0,7541.34,24106,1867.3418257742,0,50,1.19236987301503,0.249840102720781,50
30,0.5,0.6,0.3,3,1.5,50,1,0.8,0,0.2,15915.16,24106,4706.34960738562,0,50,0.571550026105229,0.202688610004949,40
30,0.5,0.6,0.3,5,0.5,50,1,1,0,0,4933.5,58661.06,1600.69883016699,3018.92169159785,50,2.53724537318602,0.380037964742829,50
30,0.5,0.6,0.3,5,1,50,1,1,0,0,7586.74,37741,1806.38294367049,0,50,1.63168816690323,0.235468581443105,50
30,0.5,0.6,0.3,5,1.5,50,1,1,0,0,16089.34,37741,4845.87146228412,0,50,0.896560523654347,0.300358586595133,50
30,0.5,0.6,0.3,10,0.5,50,1,1,0,0,5305.94,92508,1701.5353500139,0,50,2.92274302557879,0.397238512179062,50
30,0.5,0.6,0.3,10,1,50,1,1,0,0,7728.86,92508,1838.27057156603,0,50,2.51030589546469,0.239611997421425,50
30,0.5,0.6,0.3,10,1.5,50,1,1,0,0,16429.58,92508,5405.81691646006,0,50,1.78414101471231,0.344729593899089,50
30,0.5,0.6,0.4,0.001,0.5,50,1,0,1,0,1764.68,71,500.384563947305,0,50,NA,NA,0
30,0.5,0.6,0.4,0.001,1,50,1,0,1,0,3310.18,71,1089.3120219774,0,50,NA,NA,0
30,0.5,0.6,0.4,0.001,1.5,50,1,0,1,0,10203.76,71,4868.85863740368,0,50,NA,NA,0
30,0.5,0.6,0.4,0.01,0.5,50,1,0,1,0,2414.84,71,342.923764955753,0,50,NA,NA,0
30,0.5,0.6,0.4,0.01,1,50,1,0,1,0,3899.94,71,705.302581180877,0,50,NA,NA,0
30,0.5,0.6,0.4,0.01,1.5,50,1,0,1,0,10125.56,71,2858.71182035488,0,50,NA,NA,0
30,0.5,0.6,0.4,0.1,0.5,50,1,0,1,0,4757.32,174,1302.4808579423,0,50,NA,NA,0
30,0.5,0.6,0.4,0.1,1,50,1,0,1,0,8877.02,174,2030.58783576961,0,50,NA,NA,0
30,0.5,0.6,0.4,0.1,1.5,50,1,0,1,0,19220.84,268.08,4730.42533946419,19.3989690447714,50,NA,NA,0
30,0.5,0.6,0.4,0.5,0.5,50,1,0.02,0.98,0,6686.54,1637,1964.02525244583,0,50,0.447891932746267,NA,1
30,0.5,0.6,0.4,0.5,1,50,1,0,1,0,11620.82,1637,3073.56514185473,0,50,NA,NA,0
30,0.5,0.6,0.4,0.5,1.5,50,1,0,1,0,24287.84,2100,7591.04494261602,467.700628127674,50,NA,NA,0
30,0.5,0.6,0.4,1,0.5,50,1,0.08,0.3,0.62,7106.98,6282,2011.20296512778,0,50,0.784477657131005,0.672158252228479,4
30,0.5,0.6,0.4,1,1,50,1,0.02,0.98,0,11795,4466,3507.99838852266,917.218510453407,50,0.896509953734521,NA,1
30,0.5,0.6,0.4,1,1.5,50,1,0,0.98,0.02,25257.26,6282,7342.19565338959,0,50,NA,NA,0
30,0.5,0.6,0.4,3,0.5,50,1,1,0,0,8132.16,24106,2139.16596717086,0,50,1.12961623256514,0.316854912679195,50
30,0.5,0.6,0.4,3,1,50,1,0.96,0,0.04,12231.84,24106,4005.07693299188,0,50,0.765784313474709,0.332852400063404,48
30,0.5,0.6,0.4,3,1.5,50,1,0.08,0.68,0.24,35060.42,24106,12031.6600939321,0,50,0.672409157951202,0.448242142065663,4
30,0.5,0.6,0.4,5,0.5,50,1,1,0,0,8255.14,59088,2499.23282114446,0,50,2.03513996291571,0.426772448203272,50
30,0.5,0.6,0.4,5,1,50,1,1,0,0,12120.6,37741,3992.5934183287,0,50,1.19240371011239,0.3577945095297,50
30,0.5,0.6,0.4,5,1.5,50,1,0.28,0.28,0.44,40532.32,37741,17560.8742674836,0,50,0.608382589143277,0.377390379745994,14
30,0.5,0.6,0.4,10,0.5,50,1,1,0,0,8665.14,92508,2776.62208528453,0,50,2.43857989008504,0.435798498938898,50
30,0.5,0.6,0.4,10,1,50,1,1,0,0,13025.16,92508,4592.74505244246,0,50,2.02619775388542,0.38676494952194,50
30,0.5,0.6,0.4,10,1.5,50,1,0.92,0.02,0.06,47014.92,92508,23144.5773944779,0,50,0.867312083972539,0.437203277228488,46
30,0.5,0.7,0.2,0.001,0.5,50,1,0,1,0,804.08,71,183.282077683553,0,50,NA,NA,0
30,0.5,0.7,0.2,0.001,1,50,1,0,1,0,1063.72,71,248.816877175458,0,50,NA,NA,0
30,0.5,0.7,0.2,0.001,1.5,50,1,0,1,0,2518.94,71,582.131214958081,0,50,NA,NA,0
30,0.5,0.7,0.2,0.01,0.5,50,1,0,1,0,1246.94,71,282.804209332758,0,50,NA,NA,0
30,0.5,0.7,0.2,0.01,1,50,1,0,1,0,1864.9,71,525.529014325526,0,50,NA,NA,0
30,0.5,0.7,0.2,0.01,1.5,50,1,0,1,0,4121.9,71,818.908239109629,0,50,NA,NA,0
30,0.5,0.7,0.2,0.1,0.5,50,1,0,1,0,2261.56,174,478.229351517722,0,50,NA,NA,0
30,0.5,0.7,0.2,0.1,1,50,1,0.02,0.98,0,3577.3,174,880.027162150379,0,50,0.449525097902195,NA,1
30,0.5,0.7,0.2,0.1,1.5,50,1,0,1,0,7708.48,272,2181.51872056218,0,50,NA,NA,0
30,0.5,0.7,0.2,0.5,0.5,50,1,0.02,0.84,0.14,2489.96,1637,540.892722397757,0,50,0.447891932746267,NA,1
30,0.5,0.7,0.2,0.5,1,50,1,0.04,0.96,0,4263.14,1637,1269.53931882428,0,50,1.79371138994665,1.26908553274843,2
30,0.5,0.7,0.2,0.5,1.5,50,1,0.02,0.98,0,8464.48,2100,2108.57662833273,467.700628127674,50,1.79214971313545,NA,1
30,0.5,0.7,0.2,1,0.5,50,1,1,0,0,2584.96,6282,590.097915085077,0,50,0.914454227996823,0.238876038779471,50
30,0.5,0.7,0.2,1,1,50,1,0.6,0.14,0.26,4337.52,5510.2,1276.82222309441,1086.23613398538,50,0.627731358183954,0.651365287934907,30
30,0.5,0.7,0.2,1,1.5,50,1,0.06,0.6,0.34,8205.9,6282,2204.96441037501,0,50,1.19515224296783,1.2934153698399,3
30,0.5,0.7,0.2,3,0.5,50,1,1,0,0,2777.36,24106,735.808503259773,0,50,2.19648696534053,0.275371117831844,50
30,0.5,0.7,0.2,3,1,50,1,1,0,0,4263.14,24106,1269.53931882428,0,50,1.82902109123811,0.613324819743784,50
30,0.5,0.7,0.2,3,1.5,50,1,1,0,0,7921.66,24106,2205.65883174185,0,50,1.18338679925099,0.485569069483579,50
30,0.5,0.7,0.2,5,0.5,50,1,1,0,0,2835.32,59088,773.516973152562,0,50,3.07512959437588,0.28645915447068,50
30,0.5,0.7,0.2,5,1,50,1,1,0,0,4399.34,37741,1355.90488815193,0,50,2.25040344388564,0.624265170115113,50
30,0.5,0.7,0.2,5,1.5,50,1,1,0,0,7850.6,37741,2199.98493501335,0,50,1.64063824477401,0.484300862111622,50
30,0.5,0.7,0.2,10,0.5,50,1,1,0,0,2911.8,143785.52,786.164286720203,7399.73104376098,50,3.93581987993325,0.29043552966441,50
30,0.5,0.7,0.2,10,1,50,1,1,0,0,4399.34,92508,1355.90488815193,0,50,3.14695153447608,0.624265170115113,50
30,0.5,0.7,0.2,10,1.5,50,1,1,0,0,7708.48,92508,2181.51872056218,0,50,2.55511669739344,0.48124343533417,50
30,0.5,0.7,0.3,0.001,0.5,50,1,0,1,0,970.52,71,245.657903830277,0,50,NA,NA,0
30,0.5,0.7,0.3,0.001,1,50,1,0,0.98,0.02,1322.96,71,377.276002471422,0,50,NA,NA,0
30,0.5,0.7,0.3,0.001,1.5,50,1,0,1,0,3500.82,71,730.794806064896,0,50,NA,NA,0
30,0.5,0.7,0.3,0.01,0.5,50,1,0,1,0,1500.1,71,304.226167882531,0,50,NA,NA,0
30,0.5,0.7,0.3,0.01,1,50,1,0,0.98,0.02,2308.58,71,539.877086918487,0,50,NA,NA,0
30,0.5,0.7,0.3,0.01,1.5,50,1,0,1,0,4783.8,71,1086.23613398538,0,50,NA,NA,0
30,0.5,0.7,0.3,0.1,0.5,50,1,0.02,0.98,0,2613.76,174,668.702446258912,0,50,0.449525097902195,NA,1
30,0.5,0.7,0.3,0.1,1,50,1,0.02,0.98,0,4093.3,174,1031.62080222911,0,50,0.896375422173214,NA,1
30,0.5,0.7,0.3,0.1,1.5,50,1,0,1,0,9159.36,270.04,2079.13073240934,13.8592929112563,50,NA,NA,0
30,0.5,0.7,0.3,0.5,0.5,50,1,0.02,0.92,0.06,3153.92,1637,920.468311152934,0,50,2.6910903760588,NA,1
30,0.5,0.7,0.3,0.5,1,50,1,0.04,0.96,0,5046.7,1637,1478.82339122999,0,50,2.01713655208215,1.58505642721587,2
30,0.5,0.7,0.3,0.5,1.5,50,1,0,1,0,10667.24,2100,3161.66061094095,467.700628127674,50,NA,NA,0
30,0.5,0.7,0.3,1,0.5,50,1,1,0,0,3240.86,6282,929.112479955018,0,50,0.744216644907544,0.548110852219289,50
30,0.5,0.7,0.3,1,1,50,1,0.32,0.16,0.52,5137.5,5646.4,1482.25906257018,1029.57522447713,50,0.812593671490871,1.07603813798871,16
30,0.5,0.7,0.3,1,1.5,50,1,0.02,0.82,0.16,10262.46,6282,2979.93335913707,0,50,0.448398531016766,NA,1
30,0.5,0.7,0.3,3,0.5,50,1,1,0,0,3559.64,24106,888.762100810298,0,50,1.99040450295933,0.552219467057612,50
30,0.5,0.7,0.3,3,1,50,1,1,0,0,5017.72,24106,1513.30953764744,0,50,1.68550833934381,0.704778377471982,50
30,0.5,0.7,0.3,3,1.5,50,1,1,0,0,10120.34,24106,3081.98489322073,0,50,0.914453235423518,0.313190401610869,50
30,0.5,0.7,0.3,5,0.5,50,1,1,0,0,3605.04,59088,966.88603806873,0,50,2.87800361828306,0.559086156363949,50
30,0.5,0.7,0.3,5,1,50,1,1,0,0,5088.78,37741,1651.03856356154,0,50,2.12482942283785,0.712015089880593,50
30,0.5,0.7,0.3,5,1.5,50,1,1,0,0,10227.5,37741,2587.84680215591,0,50,1.33583981459002,0.247839078825265,50
30,0.5,0.7,0.3,10,0.5,50,1,1,0,0,3650.44,144832,1037.12713801547,0,50,3.76558223956358,0.565724481573503,50
30,0.5,0.7,0.3,10,1,50,1,1,0,0,5179.58,92508,1651.75784025902,0,50,3.00344157218762,0.714545148209002,50
30,0.5,0.7,0.3,10,1.5,50,1,1,0,0,10783.7,92508,3015.3723515293,0,50,2.18756538183978,0.281167487994401,50
30,0.5,0.7,0.4,0.001,0.5,50,1,0,1,0,1231.82,71,302.947809204887,0,50,NA,NA,0
30,0.5,0.7,0.4,0.001,1,50,1,0,1,0,2079.26,71,586.778121331623,0,50,NA,NA,0
30,0.5,0.7,0.4,0.001,1.5,50,1,0,1,0,5444.88,71,2101.71128175036,0,50,NA,NA,0
30,0.5,0.7,0.4,0.01,0.5,50,1,0,1,0,1805.26,71,430.104581966493,0,50,NA,NA,0
30,0.5,0.7,0.4,0.01,1,50,1,0,1,0,2612.04,71,446.519006154433,0,50,NA,NA,0
30,0.5,0.7,0.4,0.01,1.5,50,1,0,1,0,6319.5,71,1422.26488319131,0,50,NA,NA,0
30,0.5,0.7,0.4,0.1,0.5,50,1,0,1,0,3614.64,174,829.735801570695,0,50,NA,NA,0
30,0.5,0.7,0.4,0.1,1,50,1,0,1,0,5670.32,174,1190.87752655985,0,50,NA,NA,0
30,0.5,0.7,0.4,0.1,1.5,50,1,0,1,0,11593.26,268.08,3182.62556742841,19.3989690447714,50,NA,NA,0
30,0.5,0.7,0.4,0.5,0.5,50,1,0,0.98,0.02,4405.94,1637,1095.09379730595,0,50,NA,NA,0
30,0.5,0.7,0.4,0.5,1,50,1,0.02,0.98,0,6718.46,1637,1725.63038123842,0,50,0.896332403834489,NA,1
30,0.5,0.7,0.4,0.5,1.5,50,1,0,1,0,14179.88,2044.44,3696.81614056513,464.320972727149,50,NA,NA,0
30,0.5,0.7,0.4,1,0.5,50,1,0.56,0,0.44,4905.34,6282,1303.84681412115,0,50,0.512421653057701,0.200961929575271,28
30,0.5,0.7,0.4,1,1,50,1,0.02,0.46,0.52,6880.32,5555.6,1689.43744338228,1069.6514023031,50,2.24115550656195,NA,1
30,0.5,0.7,0.4,1,1.5,50,1,0,1,0,14647.6,6282,3718.32933189197,0,50,NA,NA,0
30,0.5,0.7,0.4,3,0.5,50,1,1,0,0,5190.3,24106,1240.05744188875,0,50,1.56896418675162,0.275488360576344,50
30,0.5,0.7,0.4,3,1,50,1,1,0,0,6905.98,24106,1784.65250136049,0,50,1.29994646064187,0.386867827377717,50
30,0.5,0.7,0.4,3,1.5,50,1,0.72,0,0.28,17279.32,24106,4605.62283868804,0,50,0.510541591558198,0.157208809374651,36
30,0.5,0.7,0.4,5,0.5,50,1,1,0,0,5417.3,59088,1210.41416844966,0,50,2.420691419594,0.271737943153195,50
30,0.5,0.7,0.4,5,1,50,1,1,0,0,7119.16,37741,1907.88577675469,0,50,1.72133718210692,0.398459978651056,50
30,0.5,0.7,0.4,5,1.5,50,1,0.96,0,0.04,18918.1,37741,5994.55964323707,0,50,0.765819731064568,0.260867217165752,48
30,0.5,0.7,0.4,10,0.5,50,1,1,0,0,5462.7,144832,1199.14766073445,0,50,3.30827004087453,0.270071563583554,50
30,0.5,0.7,0.4,10,1,50,1,1,0,0,7190.22,92508,1941.93177847341,0,50,2.60892009168287,0.401841811867617,50
30,0.5,0.7,0.4,10,1.5,50,1,1,0,0,19566.62,92508,7123.16228470795,0,50,1.61380300110821,0.350757207426917,50
30,1,0.5,0.2,0.001,0.5,50,1,0,1,0,1302.74,71,320.186795607865,0,50,NA,NA,0
30,1,0.5,0.2,0.001,1,50,1,0,1,0,2031.26,71,566.346321176543,0,50,NA,NA,0
30,1,0.5,0.2,0.001,1.5,50,1,0,1,0,5441.74,71,1476.58414150321,0,50,NA,NA,0
30,1,0.5,0.2,0.01,0.5,50,1,0,1,0,2236.34,71,466.982655361164,0,50,NA,NA,0
30,1,0.5,0.2,0.01,1,50,1,0,1,0,3749.08,71,731.696207731162,0,50,NA,NA,0
30,1,0.5,0.2,0.01,1.5,50,1,0,1,0,10289.26,71,2085.75774719884,0,50,NA,NA,0
30,1,0.5,0.2,0.1,0.5,50,1,0,1,0,5240.3,174,1316.26258545837,0,50,NA,NA,0
30,1,0.5,0.2,0.1,1,50,1,0,1,0,10628.96,174,2900.22124391803,0,50,NA,NA,0
30,1,0.5,0.2,0.1,1.5,50,1,0,1,0,31812.06,258.28,8561.80929145618,34.3499636098788,50,NA,NA,0
30,1,0.5,0.2,0.5,0.5,50,1,0.02,0.98,0,8085.46,1637,2601.46016463125,0,50,0.447891932746267,NA,1
30,1,0.5,0.2,0.5,1,50,1,0,1,0,17900.16,1637,6975.64611113229,0,50,NA,NA,0
30,1,0.5,0.2,0.5,1.5,50,1,0,1,0,41884.26,1637,15534.8923812934,0,50,NA,NA,0
30,1,0.5,0.2,1,0.5,50,1,0.02,0.94,0.04,9574.74,4012,3415.39945857474,0,50,1.34431650445696,NA,1
30,1,0.5,0.2,1,1,50,1,0.02,0.98,0,19056.48,4012,7074.19475835827,0,50,0.448111422717755,NA,1
30,1,0.5,0.2,1,1.5,50,1,0,0.98,0.02,41611.56,4420.6,15727.5871265384,880.95961129594,50,NA,NA,0
30,1,0.5,0.2,3,0.5,50,1,0.74,0.1,0.16,12413.54,18532.24,5087.42212981573,4222.7608850425,50,0.678440376570659,0.344362285531351,37
30,1,0.5,0.2,3,1,50,1,0.16,0.6,0.24,23096.86,15397,11778.3898574067,0,50,0.672353740304716,0.479206360421049,8
30,1,0.5,0.2,3,1.5,50,1,0.04,0.8,0.16,36689.6,19925.68,12887.0174744878,4395.18887913424,50,0.896530228984034,0.633910116536429,2
30,1,0.5,0.2,5,0.5,50,1,0.94,0,0.06,15705.42,37741,7948.82021303688,0,50,1.058696588678,0.442635663872773,47
30,1,0.5,0.2,5,1,50,1,0.72,0.08,0.2,25501.14,37468.3,13770.1164801885,1928.28019229572,50,0.79693915309334,0.492339714999315,36
30,1,0.5,0.2,5,1.5,50,1,0.3,0.22,0.48,38880.28,37468.3,16979.5245721283,1928.28019229572,50,0.567823628373069,0.358073936740157,15
30,1,0.5,0.2,10,0.5,50,1,1,0,0,19642.32,87829.2,11177.7336855236,11714.0386106342,50,1.64069080719678,0.584193000787158,50
30,1,0.5,0.2,10,1,50,1,0.84,0.02,0.14,29589.16,63098.4,18221.7252743498,10970.4733512743,50,1.13136872368359,0.620173245770338,42
30,1,0.5,0.2,10,1.5,50,1,0.82,0.02,0.16,38880.28,75798,16979.5245721283,16879.6490194674,50,0.90748798014166,0.430992014233743,41
30,1,0.5,0.3,0.001,0.5,50,1,0,1,0,1954.44,71,568.381381016052,0,50,NA,NA,0
30,1,0.5,0.3,0.001,1,50,1,0,1,0,3763.06,71,1300.14957396981,0,50,NA,NA,0
30,1,0.5,0.3,0.001,1.5,50,1,0,1,0,10802.42,71,4191.74970086405,0,50,NA,NA,0
30,1,0.5,0.3,0.01,0.5,50,1,0,1,0,2707.02,71,726.351252803339,0,50,NA,NA,0
30,1,0.5,0.3,0.01,1,50,1,0,1,0,5464.8,71,1100.66221254409,0,50,NA,NA,0
30,1,0.5,0.3,0.01,1.5,50,1,0,1,0,16011.76,71,4051.7767912009,0,50,NA,NA,0
30,1,0.5,0.3,0.1,0.5,50,1,0,1,0,7071.54,174,2291.56647438616,0,50,NA,NA,0
30,1,0.5,0.3,0.1,1,50,1,0,1,0,17051.62,174,4967.77906230105,0,50,NA,NA,0
30,1,0.5,0.3,0.1,1.5,50,1,0,1,0,50857.68,246.52,11385.3493640032,43.4225747739583,50,NA,NA,0
30,1,0.5,0.3,0.5,0.5,50,1,0.02,0.98,0,13513.86,1637,5453.58879783931,0,50,1.34383656414251,NA,1
30,1,0.5,0.3,0.5,1,50,1,0,1,0,38785.92,1637,13331.6666193921,0,50,NA,NA,0
30,1,0.5,0.3,0.5,1.5,50,1,0,1,0,104875.68,1655.52,46132.1805991684,130.956175875749,50,NA,NA,0
30,1,0.5,0.3,1,0.5,50,1,0.04,0.94,0.02,18763.82,4012,8960.1113164778,0,50,1.34418627928548,1.2672412150596,2
30,1,0.5,0.3,1,1,50,1,0,0.98,0.02,49287.64,4012,22875.664275186,0,50,NA,NA,0
30,1,0.5,0.3,1,1.5,50,1,0,1,0,120651.64,4420.6,67594.6784361621,880.95961129594,50,NA,NA,0
30,1,0.5,0.3,3,0.5,50,1,0.2,0.58,0.22,29615.34,18706.42,17438.9388434068,4270.14768702203,50,1.12058099834935,1.06157543510848,10
30,1,0.5,0.3,3,1,50,1,0.02,0.94,0.04,77679.64,15397,50056.8651556876,0,50,1.34488281514809,NA,1
30,1,0.5,0.3,3,1.5,50,1,0,1,0,124150.72,19403.14,85684.3594319695,4384.61079188638,50,NA,NA,0
30,1,0.5,0.3,5,0.5,50,1,0.34,0.28,0.38,39890.56,37741,23736.6755741543,0,50,1.133821445121,1.09918469491747,17
30,1,0.5,0.3,5,1,50,1,0.08,0.78,0.14,103474.14,36922.9,81363.5973834987,3271.00837756837,50,1.00865101175474,0.848604637638666,4
30,1,0.5,0.3,5,1.5,50,0.94,0.02,0.88,0.04,125168.063829787,37450.8936170213,85383.1955303507,1988.86915907379,47,0.448286264508531,NA,1
30,1,0.5,0.3,10,0.5,50,1,0.72,0.18,0.1,64015.58,86492.4,50280.8563810506,12969.8987707094,50,1.08329982258227,1.04638597013619,36
30,1,0.5,0.3,10,1,50,0.96,0.16,0.5,0.3,116587.0625,61176.75,91610.4100043561,8175.30157554226,48,0.896568850214252,0.794736175306633,8
30,1,0.5,0.3,10,1.5,50,0.92,0.12,0.6,0.2,145343.065217391,74344.9565217391,98105.1412591845,16830.6513862939,46,0.597699634239129,0.231494375903943,6
30,1,0.5,0.4,0.001,0.5,50,1,0,1,0,6691.98,71,2880.51495885081,0,50,NA,NA,0
30,1,0.5,0.4,0.001,1,50,0.98,0,0.98,0,17982.2244897959,71,15310.7944495941,0,49,NA,NA,0
30,1,0.5,0.4,0.001,1.5,50,0.9,0,0.88,0.02,87818.0222222222,71,74167.2234289419,0,45,NA,NA,0
30,1,0.5,0.4,0.01,0.5,50,1,0,1,0,6392.52,71,2119.46971843123,0,50,NA,NA,0
30,1,0.5,0.4,0.01,1,50,1,0,1,0,14801.48,71,8128.852079614,0,50,NA,NA,0
30,1,0.5,0.4,0.01,1.5,50,0.94,0,0.92,0.02,52379.3617021277,71,49233.6352619371,0,47,NA,NA,0
30,1,0.5,0.4,0.1,0.5,50,1,0,1,0,17123.22,174,5422.64239861576,0,50,NA,NA,0
30,1,0.5,0.4,0.1,1,50,1,0,1,0,40250.54,174,12685.580445256,0,50,NA,NA,0
30,1,0.5,0.4,0.1,1.5,50,1,0.02,0.98,0,130155.3,244.56,50448.9844683494,44.4486220258851,50,1.34312218925468,NA,1
30,1,0.5,0.4,0.5,0.5,50,1,0.02,0.98,0,46738.94,1637,21541.2837625612,0,50,1.34383656414251,NA,1
30,1,0.5,0.4,0.5,1,50,1,0,1,0,132592.08,1637,53447.746098157,0,50,NA,NA,0
30,1,0.5,0.4,0.5,1.5,50,0.44,0.02,0.42,0,284238.590909091,1637,114405.006395474,0,22,3.13794070032982,NA,1
30,1,0.5,0.4,1,0.5,50,1,0.02,0.98,0,76238.9,4012,39007.009969821,0,50,2.2402611358532,NA,1
30,1,0.5,0.4,1,1,50,1,0,1,0,247160.28,4012,103428.517989142,0,50,NA,NA,0
30,1,0.5,0.4,1,1.5,50,0.14,0.02,0.12,0,177034,4012,119269.143760376,0,7,4.03436527204051,NA,1
30,1,0.5,0.4,3,0.5,50,1,0.04,0.96,0,178753.54,19577.32,100789.4478995,4395.18887913424,50,2.4649581610255,1.58418193656139,2
30,1,0.5,0.4,3,1,50,0.24,0.02,0.22,0,200976,15397,134840.010498638,0,12,0.448225233406759,NA,1
30,1,0.5,0.4,3,1.5,50,0.08,0.02,0.06,0,168582,21928.75,155261.372326367,4354.5,4,5.82753617410697,NA,1
30,1,0.5,0.4,5,0.5,50,0.82,0.04,0.74,0.04,229883.975609756,37741,111500.938538088,0,41,2.91325894363093,2.2181364972421,2
30,1,0.5,0.4,5,1,50,0.18,0.04,0.14,0,198198.777777778,37741,153836.274655702,0,9,0.896542924671096,0.633930648225967,2
30,1,0.5,0.4,5,1.5,50,0.06,0.02,0.04,0,106442.666666667,37741,113979.647842645,0,3,6.2758224386155,NA,1
30,1,0.5,0.4,10,0.5,50,0.42,0.06,0.3,0.06,232064,90916.5714285714,133049.310430006,7292.84189168687,21,2.39045419139984,2.58752126833899,3
30,1,0.5,0.4,10,1,50,0.1,0.04,0.06,0,152104.4,65772,144408.709215546,14945.8783616086,5,1.56895738068408,0.950903474029384,2
30,1,0.5,0.4,10,1.5,50,0.06,0.02,0.04,0,149193,70228,184129.141308485,19295.0459963173,3,6.72410326005103,NA,1
30,1,0.6,0.2,0.001,0.5,50,1,0,1,0,977.96,71,146.697239237826,0,50,NA,NA,0
30,1,0.6,0.2,0.001,1,50,1,0,1,0,1543.16,71,375.613313971501,0,50,NA,NA,0
30,1,0.6,0.2,0.001,1.5,50,1,0,1,0,3668.1,71,855.790057460929,0,50,NA,NA,0
30,1,0.6,0.2,0.01,0.5,50,1,0,1,0,1633.46,71,296.861350857017,0,50,NA,NA,0
30,1,0.6,0.2,0.01,1,50,1,0,1,0,2709.44,71,607.327271488674,0,50,NA,NA,0
30,1,0.6,0.2,0.01,1.5,50,1,0,1,0,6901.8,71,1547.45537009924,0,50,NA,NA,0
30,1,0.6,0.2,0.1,0.5,50,1,0,1,0,3558.78,174,710.915198880992,0,50,NA,NA,0
30,1,0.6,0.2,0.1,1,50,1,0,1,0,6420.4,174,1849.54511782145,0,50,NA,NA,0
30,1,0.6,0.2,0.1,1.5,50,1,0,1,0,16645.54,254.36,4384.54137042628,38.0326175801772,50,NA,NA,0
30,1,0.6,0.2,0.5,0.5,50,1,0,0.98,0.02,5009.24,1637,1543.50963134048,0,50,NA,NA,0
30,1,0.6,0.2,0.5,1,50,1,0.02,0.98,0,8909.04,1637,3040.59206747902,0,50,0.896332403834489,NA,1
30,1,0.6,0.2,0.5,1.5,50,1,0,1,0,19811.86,1655.52,7005.34637233067,130.956175875749,50,NA,NA,0
30,1,0.6,0.2,1,0.5,50,1,0.06,0.64,0.3,5501.46,4012,1573.48521532843,0,50,0.597549139048734,0.258833717252321,3
30,1,0.6,0.2,1,1,50,1,0.02,0.96,0.02,9420.98,4012,2975.57249843948,0,50,1.79275697554518,NA,1
30,1,0.6,0.2,1,1.5,50,1,0,1,0,19178.08,4466,7096.68786740314,917.218510453407,50,NA,NA,0
30,1,0.6,0.2,3,0.5,50,1,1,0,0,6569.34,23409.28,1979.27745639356,2386.67981351603,50,1.31788625663659,0.388592966068632,50
30,1,0.6,0.2,3,1,50,1,0.68,0,0.32,10533.38,15919.54,3852.88095172473,2089.27113753157,50,0.738277761575971,0.572153229568533,34
30,1,0.6,0.2,3,1.5,50,1,0.34,0.22,0.44,19071.44,20099.86,6879.29119557163,4384.61079188638,50,0.580117329908958,0.263505160884664,17
30,1,0.6,0.2,5,0.5,50,1,1,0,0,7157.56,37741,2193.76776960069,0,50,1.72134335975648,0.377340122096598,50
30,1,0.6,0.2,5,1,50,1,1,0,0,11064.04,37741,4607.03296418218,0,50,1.3358447349241,0.54703948936922,50
30,1,0.6,0.2,5,1.5,50,1,0.94,0,0.06,18389.36,37741,7124.8149815147,0,50,0.839334768750371,0.332005396827928,47
30,1,0.6,0.2,10,0.5,50,1,1,0,0,8242.06,92508,3121.71030052568,0,50,2.50134680254396,0.444498664775975,50
30,1,0.6,0.2,10,1,50,1,1,0,0,11349.46,67777.2,4958.03169557091,14807.9841729152,50,1.8827447799334,0.627417748332524,50
30,1,0.6,0.2,10,1.5,50,1,1,0,0,19492.78,77134.8,7663.531701134,16825.5474411348,50,1.42552461907617,0.431388656323587,50
30,1,0.6,0.3,0.001,0.5,50,1,0,1,0,1197.92,71,366.713302909251,0,50,NA,NA,0
30,1,0.6,0.3,0.001,1,50,1,0,1,0,2175.66,71,517.487438869539,0,50,NA,NA,0
30,1,0.6,0.3,0.001,1.5,50,1,0,1,0,6274.08,71,2481.15259457193,0,50,NA,NA,0
30,1,0.6,0.3,0.01,0.5,50,1,0,1,0,2136.18,71,504.859151503806,0,50,NA,NA,0
30,1,0.6,0.3,0.01,1,50,1,0,1,0,3606.28,71,657.204625668444,0,50,NA,NA,0
30,1,0.6,0.3,0.01,1.5,50,1,0,1,0,9671.3,71,1915.74736575253,0,50,NA,NA,0
30,1,0.6,0.3,0.1,0.5,50,1,0,1,0,4644.3,174,1450.80062695867,0,50,NA,NA,0
30,1,0.6,0.3,0.1,1,50,1,0,1,0,9017.24,174,2149.76013431779,0,50,NA,NA,0
30,1,0.6,0.3,0.1,1.5,50,1,0,1,0,23517.94,250.44,5600.28618222829,41.0082918444551,50,NA,NA,0
30,1,0.6,0.3,0.5,0.5,50,1,0.02,0.96,0.02,6884.84,1637,2454.71495797332,0,50,0.896332403834489,NA,1
30,1,0.6,0.3,0.5,1,50,1,0,1,0,14015.12,1637,4249.00040412868,0,50,NA,NA,0
30,1,0.6,0.3,0.5,1.5,50,1,0,1,0,30174.38,1692.56,11661.1810493148,222.14549010842,50,NA,NA,0
30,1,0.6,0.3,1,0.5,50,1,0.04,0.9,0.06,8041.54,4012,2625.1481529426,0,50,1.34459077362794,0.633802720948606,2
30,1,0.6,0.3,1,1,50,1,0,0.98,0.02,15403.96,4012,6071.78784133669,0,50,NA,NA,0
30,1,0.6,0.3,1,1.5,50,1,0,1,0,30384.14,4647.6,11665.078596112,1029.57522447713,50,NA,NA,0
30,1,0.6,0.3,3,0.5,50,1,0.92,0,0.08,11011.82,23583.46,5311.50732935538,2089.27113753157,50,0.993969046492489,0.640297148720827,46
30,1,0.6,0.3,3,1,50,1,0.26,0.24,0.5,16977.88,16442.08,6571.27935433071,2858.82263363998,50,0.586180796184675,0.282622637624498,13
30,1,0.6,0.3,3,1.5,50,1,0.08,0.6,0.32,31573.46,20796.58,11828.4039242971,4270.14768702203,50,0.448272373540467,3.14267558053638e-05,4
30,1,0.6,0.3,5,0.5,50,1,0.98,0,0.02,12536.26,37741,6781.28683775568,0,50,1.30821767271525,0.689794379120916,49
30,1,0.6,0.3,5,1,50,1,0.92,0,0.08,17934.58,37741,7856.08897890609,0,50,0.906306484170276,0.371930639556042,46
30,1,0.6,0.3,5,1.5,50,1,0.46,0.14,0.4,33301.16,37741,13278.6411607483,0,50,0.584719036461444,0.250492918502851,23
30,1,0.6,0.3,10,0.5,50,1,1,0,0,16010.44,92508,8976.26831277102,0,50,1.96343880741934,0.778444176656857,50
30,1,0.6,0.3,10,1,50,1,1,0,0,19346.06,70450.8,8157.42407423684,15992.0755937407,50,1.35380214444624,0.457235272706961,50
30,1,0.6,0.3,10,1.5,50,1,0.9,0.02,0.08,37927.82,81813.6,18694.1914897846,15747.907429502,50,0.956324450104685,0.377484709254729,45
30,1,0.6,0.4,0.001,0.5,50,1,0,1,0,2033.34,71,569.975209271134,0,50,NA,NA,0
30,1,0.6,0.4,0.001,1,50,1,0,1,0,4055.26,71,1745.66857328506,0,50,NA,NA,0
30,1,0.6,0.4,0.001,1.5,50,1,0,1,0,13442.14,71,6160.72993955775,0,50,NA,NA,0
30,1,0.6,0.4,0.01,0.5,50,1,0,1,0,2766.9,71,696.799776529405,0,50,NA,NA,0
30,1,0.6,0.4,0.01,1,50,1,0,1,0,5205.5,71,1397.57018370003,0,50,NA,NA,0
30,1,0.6,0.4,0.01,1.5,50,1,0,1,0,15099.08,71,4473.96619840716,0,50,NA,NA,0
30,1,0.6,0.4,0.1,0.5,50,1,0,1,0,7055.66,174,1844.74224304245,0,50,NA,NA,0
30,1,0.6,0.4,0.1,1,50,1,0,1,0,15572.78,174,4672.04933966294,0,50,NA,NA,0
30,1,0.6,0.4,0.1,1.5,50,1,0,1,0,42733.6,256.32,13252.3777196581,36.292147911084,50,NA,NA,0
30,1,0.6,0.4,0.5,0.5,50,1,0.02,0.98,0,13180.02,1637,4370.76636669645,0,50,0.447891932746267,NA,1
30,1,0.6,0.4,0.5,1,50,1,0,1,0,30771.38,1637,12321.2583539216,0,50,NA,NA,0
30,1,0.6,0.4,0.5,1.5,50,1,0,1,0,78032.18,1637,33002.000409802,0,50,NA,NA,0
30,1,0.6,0.4,1,0.5,50,1,0.02,0.96,0.02,17240.76,4012,6955.22965350974,0,50,1.34431650445696,NA,1
30,1,0.6,0.4,1,1,50,1,0.02,0.98,0,36412.72,4012,15948.2581085055,0,50,0.448111422717755,NA,1
30,1,0.6,0.4,1,1.5,50,1,0,0.98,0.02,79047.42,4420.6,34983.5001452376,880.95961129594,50,NA,NA,0
30,1,0.6,0.4,3,0.5,50,1,0.32,0.42,0.26,26604.38,23409.28,12728.323308292,2386.67981351603,50,0.756442446171811,0.726772258904177,16
30,1,0.6,0.4,3,1,50,1,0.06,0.92,0.02,51673.18,16267.9,26335.6989311358,2639.22555315156,50,1.04595283287365,1.03518570588729,3
30,1,0.6,0.4,3,1.5,50,1,0.02,0.98,0,100012.34,20970.76,51029.7406851362,4222.7608850425,50,1.3447723710497,NA,1
30,1,0.6,0.4,5,0.5,50,1,0.46,0.24,0.3,35067,37741,18359.1013163188,0,50,0.818586271048759,0.735928304174208,23
30,1,0.6,0.4,5,1,50,1,0.16,0.62,0.22,58720.94,37741,34562.4419768698,0,50,0.840518576836151,0.774089454268234,8
30,1,0.6,0.4,5,1.5,50,1,0.02,0.94,0.04,117326.42,37468.3,63344.721471079,1928.28019229572,50,1.79305863555823,NA,1
30,1,0.6,0.4,10,0.5,50,1,0.78,0.04,0.18,53474.54,92508,31633.0044855698,0,50,1.02297732081715,0.789556725574745,39
30,1,0.6,0.4,10,1,50,1,0.32,0.4,0.28,82867.3,68445.6,57596.1009455732,15157.887225562,50,0.896552291628827,0.784995945607733,16
30,1,0.6,0.4,10,1.5,50,1,0.12,0.7,0.18,160718.74,85155.6,81055.803368964,13984.6644228744,50,0.97125395169132,0.915024008493366,6
30,1,0.7,0.2,0.001,0.5,50,1,0,1,0,814.38,71,194.012716814425,0,50,NA,NA,0
30,1,0.7,0.2,0.001,1,50,1,0,1,0,1185.22,71,317.449420043122,0,50,NA,NA,0
30,1,0.7,0.2,0.001,1.5,50,1,0,1,0,2965.44,71,794.312567891384,0,50,NA,NA,0
30,1,0.7,0.2,0.01,0.5,50,1,0,1,0,1424.24,71,286.560073838571,0,50,NA,NA,0
30,1,0.7,0.2,0.01,1,50,1,0,1,0,2282.8,71,607.219154869818,0,50,NA,NA,0
30,1,0.7,0.2,0.01,1.5,50,1,0,1,0,5327.96,71,1460.03367252196,0,50,NA,NA,0
30,1,0.7,0.2,0.1,0.5,50,1,0,1,0,2767.94,174,844.456434516262,0,50,NA,NA,0
30,1,0.7,0.2,0.1,1,50,1,0.02,0.98,0,4688.16,174,1517.90216887839,0,50,0.449525097902195,NA,1
30,1,0.7,0.2,0.1,1.5,50,1,0,1,0,10737.66,254.36,3235.81906869128,38.0326175801772,50,NA,NA,0
30,1,0.7,0.2,0.5,0.5,50,1,0.04,0.92,0.04,3409.06,1637,982.973880318168,0,50,0.447891932746267,0,2
30,1,0.7,0.2,0.5,1,50,1,0.04,0.96,0,6339.06,1637,2156.14019658902,0,50,1.79371138994665,1.26908553274843,2
30,1,0.7,0.2,0.5,1.5,50,1,0.02,0.98,0,12656.84,1637,4362.86843183122,0,50,1.34383656414251,NA,1
30,1,0.7,0.2,1,0.5,50,1,0.28,0.06,0.66,3656.58,4012,1067.68462227994,0,50,0.608193174769042,0.283843299734978,14
30,1,0.7,0.2,1,1,50,1,0.06,0.8,0.14,6506.84,4012,2340.66776936211,0,50,1.94279444867748,1.57507049232241,3
30,1,0.7,0.2,1,1.5,50,1,0.02,0.96,0.02,12545.6,4556.8,4362.48387869075,979.321381032263,50,2.2402611358532,NA,1
30,1,0.7,0.2,3,0.5,50,1,1,0,0,4271.9,23931.82,1478.27696515717,1231.63859147073,50,1.79309872676131,0.414988574480963,50
30,1,0.7,0.2,3,1,50,1,1,0,0,6512.76,16964.62,2511.31730258956,3379.85782148738,50,1.08481489055876,0.730812513265523,50
30,1,0.7,0.2,3,1.5,50,1,0.8,0.04,0.16,12323.12,20274.04,4353.02120577872,4366.92370570274,50,0.728392827932947,0.589049267297331,40
30,1,0.7,0.2,5,0.5,50,1,1,0,0,4537.12,37741,1670.16810396744,0,50,2.196557203224,0.427171706060472,50
30,1,0.7,0.2,5,1,50,1,1,0,0,6558.16,37468.3,2485.572273119,1928.28019229572,50,1.88276369042985,0.741458447616798,50
30,1,0.7,0.2,5,1.5,50,1,1,0,0,12323.12,37468.3,4353.02120577872,1928.28019229572,50,1.20135003633207,0.554018255837449,50
30,1,0.7,0.2,10,0.5,50,1,1,0,0,4981.5,92508,1989.33579572763,0,50,3.00344885604154,0.42718029384192,50
30,1,0.7,0.2,10,1,50,1,1,0,0,6745.68,75129.6,2539.0154964924,16866.1398944387,50,2.52828019370059,0.772649255301726,50
30,1,0.7,0.2,10,1.5,50,1,1,0,0,12363.3,78471.6,4430.81176627526,16662.1887432079,50,1.91859227551397,0.580062594323823,50
30,1,0.7,0.3,0.001,0.5,50,1,0,1,0,989.22,71,212.203242007203,0,50,NA,NA,0
30,1,0.7,0.3,0.001,1,50,1,0,0.98,0.02,1614.68,71,472.859967190529,0,50,NA,NA,0
30,1,0.7,0.3,0.001,1.5,50,1,0,1,0,4056.42,71,1144.82111765488,0,50,NA,NA,0
30,1,0.7,0.3,0.01,0.5,50,1,0,1,0,1663.8,71,312.694543526139,0,50,NA,NA,0
30,1,0.7,0.3,0.01,1,50,1,0,0.98,0.02,2659.6,71,712.701013535043,0,50,NA,NA,0
30,1,0.7,0.3,0.01,1.5,50,1,0,1,0,6495.18,71,852.357371873884,0,50,NA,NA,0
30,1,0.7,0.3,0.1,0.5,50,1,0,1,0,3482.3,174,765.934942886597,0,50,NA,NA,0
30,1,0.7,0.3,0.1,1,50,1,0.02,0.98,0,6270.52,174,1965.88760905311,0,50,0.896375422173214,NA,1
30,1,0.7,0.3,0.1,1.5,50,1,0,1,0,14561.9,262.2,3124.39245522801,29.698484809835,50,NA,NA,0
30,1,0.7,0.3,0.5,0.5,50,1,0,0.98,0.02,4798.12,1637,1235.08318549887,0,50,NA,NA,0
30,1,0.7,0.3,0.5,1,50,1,0.04,0.96,0,8491.28,1637,2993.42728316421,0,50,2.01713655208215,1.58505642721587,2
30,1,0.7,0.3,0.5,1.5,50,1,0,1,0,17988.86,1637,5227.94692995721,0,50,NA,NA,0
30,1,0.7,0.3,1,0.5,50,1,0.04,0.56,0.4,5296.3,4012,1390.66498922095,0,50,0.448111422717755,0,2
30,1,0.7,0.3,1,1,50,1,0.04,0.94,0.02,9114.46,4012,3132.64294238743,0,50,2.91356112379285,1.58505642721587,2
30,1,0.7,0.3,1,1.5,50,1,0,0.98,0.02,17367.8,4693,4299.55690645405,1050.80581324185,50,NA,NA,0
30,1,0.7,0.3,3,0.5,50,1,1,0,0,6066.12,24106,2012.52600581499,0,50,1.43446290976784,0.338893378170306,50
30,1,0.7,0.3,3,1,50,1,0.82,0,0.18,9858.18,16616.26,3542.56695061531,3052.59013345342,50,0.809025703975927,0.863535093246398,41
30,1,0.7,0.3,3,1.5,50,1,0.48,0.22,0.3,18437.66,20970.76,6903.26501458785,4222.7608850425,50,0.560343185428651,0.238286932685897,24
30,1,0.7,0.3,5,0.5,50,1,1,0,0,6785.32,37741,2530.29446088306,0,50,1.78412170103995,0.378771740737102,50
30,1,0.7,0.3,5,1,50,1,1,0,0,10191.9,37741,3783.43534235699,0,50,1.47032158251418,0.849745296702776,50
30,1,0.7,0.3,5,1.5,50,1,0.92,0,0.08,18473.24,37741,7235.11111450154,0,50,0.847839922332473,0.287078764186398,46
30,1,0.7,0.3,10,0.5,50,1,1,0,0,7200.54,92508,2792.93175062934,0,50,2.62687380267811,0.39488024386146,50
30,1,0.7,0.3,10,1,50,1,1,0,0,10778.98,77134.8,3942.7393693073,16825.5474411348,50,2.10687834859184,0.929093845880782,50
30,1,0.7,0.3,10,1.5,50,1,1,0,0,20894.54,83150.4,8713.85441136407,15157.887225562,50,1.44345824577555,0.437062964593173,50
30,1,0.7,0.4,0.001,0.5,50,1,0,1,0,1394.62,71,388.63160720977,0,50,NA,NA,0
30,1,0.7,0.4,0.001,1,50,1,0,1,0,2352.76,71,633.816575539463,0,50,NA,NA,0
30,1,0.7,0.4,0.001,1.5,50,1,0,1,0,6428.06,71,2069.8803219865,0,50,NA,NA,0
30,1,0.7,0.4,0.01,0.5,50,1,0,1,0,2162.26,71,482.789124964175,0,50,NA,NA,0
30,1,0.7,0.4,0.01,1,50,1,0,1,0,3671.74,71,828.596103327176,0,50,NA,NA,0
30,1,0.7,0.4,0.01,1.5,50,1,0,1,0,8809.28,71,1918.28852333936,0,50,NA,NA,0
30,1,0.7,0.4,0.1,0.5,50,1,0,1,0,4979.72,174,1273.21564680352,0,50,NA,NA,0
30,1,0.7,0.4,0.1,1,50,1,0,1,0,8691.78,174,2490.0718888893,0,50,NA,NA,0
30,1,0.7,0.4,0.1,1.5,50,1,0,1,0,19354.84,254.36,4735.81051123959,38.0326175801772,50,NA,NA,0
30,1,0.7,0.4,0.5,0.5,50,1,0,1,0,7046.52,1637,2018.93108958424,0,50,NA,NA,0
30,1,0.7,0.4,0.5,1,50,1,0.02,0.98,0,12487.48,1637,4045.28144496518,0,50,0.896332403834489,NA,1
30,1,0.7,0.4,0.5,1.5,50,1,0,1,0,25755.26,1655.52,8446.16158396517,130.956175875749,50,NA,NA,0
30,1,0.7,0.4,1,0.5,50,1,0.02,0.94,0.04,8146.68,4012,2310.52359504622,0,50,0.448111422717755,NA,1
30,1,0.7,0.4,1,1,50,1,0.02,0.98,0,13851.64,4012,4996.89885772023,0,50,1.79275697554518,NA,1
30,1,0.7,0.4,1,1.5,50,1,0,1,0,26846.06,4602.2,9034.8576859013,1005.80861976414,50,NA,NA,0
30,1,0.7,0.4,3,0.5,50,1,1,0,0,10496.14,24106,3340.55760963126,0,50,0.887556768858976,0.356416245188154,50
30,1,0.7,0.4,3,1,50,1,0.42,0.26,0.32,15649.86,17312.98,6063.45596547927,3644.29809870775,50,0.725730934656756,0.686795218743852,21
30,1,0.7,0.4,3,1.5,50,1,0.08,0.64,0.28,31376.42,21493.3,11497.403089376,4031.48362445958,50,0.56034439527006,0.22411261670338,4
30,1,0.7,0.4,5,0.5,50,1,1,0,0,12852.16,37741,4883.74322546189,0,50,1.15654588268481,0.425630897084932,50
30,1,0.7,0.4,5,1,50,1,0.98,0,0.02,17127.18,37741,6947.12348250875,0,50,0.923994912526029,0.581627436282446,49
30,1,0.7,0.4,5,1.5,50,1,0.48,0.14,0.38,33871.04,37741,15181.1340209364,0,50,0.560355667341807,0.23830522479433,24
30,1,0.7,0.4,10,0.5,50,1,1,0,0,15126.22,92508,5982.21365174314,0,50,1.90068530831602,0.457848129760516,50
30,1,0.7,0.4,10,1,50,1,1,0,0,19261.14,76466.4,8198.64840530911,16866.1398944387,50,1.4793108124367,0.67920424890655,50
30,1,0.7,0.4,10,1.5,50,1,0.84,0.04,0.12,42607.06,83150.4,24974.5593586672,15157.887225562,50,0.960592920040437,0.44905854541353,42
30,1.5,0.5,0.2,0.001,0.5,50,1,0,1,0,1739.46,71,462.795948776652,0,50,NA,NA,0
30,1.5,0.5,0.2,0.001,1,50,1,0,1,0,2752.14,71,746.546416124658,0,50,NA,NA,0
30,1.5,0.5,0.2,0.001,1.5,50,1,0,1,0,8991.62,71,3777.62064673152,0,50,NA,NA,0
30,1.5,0.5,0.2,0.01,0.5,50,1,0,1,0,3093.74,71,796.248059235773,0,50,NA,NA,0
30,1.5,0.5,0.2,0.01,1,50,1,0,1,0,5842.32,71,1075.3116385495,0,50,NA,NA,0
30,1.5,0.5,0.2,0.01,1.5,50,1,0,1,0,18190.4,71,5003.72008140556,0,50,NA,NA,0
30,1.5,0.5,0.2,0.1,0.5,50,1,0,1,0,8881.64,174,2615.69026875141,0,50,NA,NA,0
30,1.5,0.5,0.2,0.1,1,50,1,0,1,0,22069.36,174,6559.0720030523,0,50,NA,NA,0
30,1.5,0.5,0.2,0.1,1.5,50,1,0,1,0,77625.7,226.92,21145.4538485033,49.3388285227771,50,NA,NA,0
30,1.5,0.5,0.2,0.5,0.5,50,1,0.02,0.98,0,21079.74,1637,7865.72246590307,0,50,0.447891932746267,NA,1
30,1.5,0.5,0.2,0.5,1,50,1,0,1,0,63944.66,1637,23357.0418011007,0,50,NA,NA,0
30,1.5,0.5,0.2,0.5,1.5,50,1,0,1,0,232217,1637,88696.2198060185,0,50,NA,NA,0
30,1.5,0.5,0.2,1,0.5,50,1,0,1,0,32149.44,4012,14279.868129729,0,50,NA,NA,0
30,1.5,0.5,0.2,1,1,50,1,0,0.98,0.02,103361.98,4012,45458.5873948847,0,50,NA,NA,0
30,1.5,0.5,0.2,1,1.5,50,0.68,0,0.68,0,285505.088235294,4078.76470588235,95567.254076484,389.301788273495,34,NA,NA,0
30,1.5,0.5,0.2,3,0.5,50,1,0.02,0.94,0.04,73735.58,15397,41601.9858994638,0,50,0.448225233406759,NA,1
30,1.5,0.5,0.2,3,1,50,0.94,0.02,0.92,0,237010.212765957,15397,100706.909245276,0,47,0.896484284131327,NA,1
30,1.5,0.5,0.2,3,1.5,50,0.18,0.02,0.16,0,288148.111111111,17332.3333333333,118222.745165053,3840.30802801025,9,0.448225233406759,NA,1
30,1.5,0.5,0.2,5,0.5,50,1,0.02,0.94,0.04,114762.5,24106,73138.0276132264,0,50,0.896513320325129,NA,1
30,1.5,0.5,0.2,5,1,50,0.64,0.02,0.62,0,256338.59375,24106,105044.187329278,0,32,0.896513320325129,NA,1
30,1.5,0.5,0.2,5,1.5,50,0.16,0.02,0.14,0,295823,29219.125,123965.350915949,7056.78292622475,8,1.34479958483366,NA,1
30,1.5,0.5,0.2,10,0.5,50,0.96,0.04,0.82,0.1,201978.916666667,59088,104509.668733981,0,48,0.896567085944056,0,2
30,1.5,0.5,0.2,10,1,50,0.3,0.02,0.28,0,255755.133333333,59088,110097.607507979,0,15,1.79308040626918,NA,1
30,1.5,0.5,0.2,10,1.5,50,0.08,0.04,0.04,0,185985.25,67443,195248.366267813,16710,4,1.34482374610662,0.633930648225966,2
30,1.5,0.5,0.3,0.001,0.5,50,1,0,1,0,2987.7,71,1145.91218899965,0,50,NA,NA,0
30,1.5,0.5,0.3,0.001,1,50,1,0,1,0,5281.62,71,2531.79719091367,0,50,NA,NA,0
30,1.5,0.5,0.3,0.001,1.5,50,1,0,1,0,22438.58,71,14637.4324001506,0,50,NA,NA,0
30,1.5,0.5,0.3,0.01,0.5,50,1,0,1,0,4013.7,71,1237.76700273566,0,50,NA,NA,0
30,1.5,0.5,0.3,0.01,1,50,1,0,1,0,8357.96,71,2451.00432526117,0,50,NA,NA,0
30,1.5,0.5,0.3,0.01,1.5,50,1,0,1,0,30689.5,71,10439.1681568084,0,50,NA,NA,0
30,1.5,0.5,0.3,0.1,0.5,50,1,0,1,0,13348.8,174,4817.4855622884,0,50,NA,NA,0
30,1.5,0.5,0.3,0.1,1,50,1,0,1,0,34653.42,174,10657.2349442402,0,50,NA,NA,0
30,1.5,0.5,0.3,0.1,1.5,50,1,0,1,0,139794.96,213.2,55311.9257502616,48.4974226119286,50,NA,NA,0
30,1.5,0.5,0.3,0.5,0.5,50,1,0.02,0.98,0,40906.96,1637,21848.5721804629,0,50,1.34383656414251,NA,1
30,1.5,0.5,0.3,0.5,1,50,1,0,1,0,123566.96,1637,51344.5660741748,0,50,NA,NA,0
30,1.5,0.5,0.3,0.5,1.5,50,0.5,0,0.5,0,305829.92,1637,86904.1485910003,0,25,NA,NA,0
30,1.5,0.5,0.3,1,0.5,50,1,0.02,0.94,0.04,72163.48,4012,46099.9284488532,0,50,2.2402611358532,NA,1
30,1.5,0.5,0.3,1,1,50,0.96,0,0.96,0,206091.0625,4012,94376.1310135201,0,48,NA,NA,0
30,1.5,0.5,0.3,1,1.5,50,0.12,0,0.12,0,254848.166666667,4012,117761.30006826,0,6,NA,NA,0
30,1.5,0.5,0.3,3,0.5,50,0.96,0.06,0.9,0,178217.854166667,15397,116200.092911485,0,48,1.94217035009357,1.44041209402527,3
30,1.5,0.5,0.3,3,1,50,0.38,0,0.38,0,272207.368421053,15397,103014.458127224,0,19,NA,NA,0
30,1.5,0.5,0.3,3,1.5,50,0.04,0,0.04,0,223754,15397,185609.873207219,0,2,NA,NA,0
30,1.5,0.5,0.3,5,0.5,50,0.76,0.04,0.72,0,208058,24106,116742.761338418,0,38,2.91330146999306,1.58410384079048,2
30,1.5,0.5,0.3,5,1,50,0.14,0,0.14,0,234357.285714286,24106,122794.378007456,0,7,NA,NA,0
30,1.5,0.5,0.3,5,1.5,50,0.04,0,0.04,0,223754,24106,185609.873207219,0,2,NA,NA,0
30,1.5,0.5,0.3,10,0.5,50,0.42,0.04,0.36,0.02,228144.047619048,59088,122196.796851422,0,21,3.80986855593712,1.58410384079048,2
30,1.5,0.5,0.3,10,1,50,0.06,0,0.06,0,224752.333333333,59088,131257.390360822,0,3,NA,NA,0
30,1.5,0.5,0.3,10,1.5,50,0.02,0,0.02,0,226749,59088,NA,NA,1,NA,NA,0
30,1.5,0.5,0.4,0.001,0.5,50,0.8,0,0.8,0,23240.6,71,54308.4869146996,0,40,NA,NA,0
30,1.5,0.5,0.4,0.001,1,50,0.5,0,0.5,0,45531.6,71,68983.2583602717,0,25,NA,NA,0
30,1.5,0.5,0.4,0.001,1.5,50,0.26,0,0.24,0.02,114610.846153846,71,91207.2496431855,0,13,NA,NA,0
30,1.5,0.5,0.4,0.01,0.5,50,0.8,0,0.8,0,16433.775,71,21708.5753533288,0,40,NA,NA,0
30,1.5,0.5,0.4,0.01,1,50,0.46,0,0.46,0,40237.6086956522,71,71942.759034678,0,23,NA,NA,0
30,1.5,0.5,0.4,0.01,1.5,50,0.24,0,0.22,0.02,69413.25,71,51037.1171120944,0,12,NA,NA,0
30,1.5,0.5,0.4,0.1,0.5,50,0.76,0,0.76,0,38122,174,19402.8301265284,0,38,NA,NA,0
30,1.5,0.5,0.4,0.1,1,50,0.52,0,0.52,0,77285.5384615385,174,38636.8641680256,0,26,NA,NA,0
30,1.5,0.5,0.4,0.1,1.5,50,0.28,0.02,0.26,0,177084.214285714,230,121932.490571425,50.3281539192834,14,1.34312218925468,NA,1
30,1.5,0.5,0.4,0.5,0.5,50,0.44,0.02,0.42,0,114285.727272727,1637,100060.431365575,0,22,1.34383656414251,NA,1
30,1.5,0.5,0.4,0.5,1,50,0.26,0,0.26,0,201955.538461538,1637,111032.868438146,0,13,NA,NA,0
30,1.5,0.5,0.4,0.5,1.5,50,0.12,0.02,0.1,0,225789.166666667,1637,151091.452296173,0,6,3.13794070032982,NA,1
30,1.5,0.5,0.4,1,0.5,50,0.3,0.02,0.26,0.02,139919.6,4012,129256.261179543,0,15,2.2402611358532,NA,1
30,1.5,0.5,0.4,1,1,50,0.16,0,0.16,0,230737.875,4012,118540.217319376,0,8,NA,NA,0
30,1.5,0.5,0.4,1,1.5,50,0.08,0.02,0.06,0,234205,4012,167388.954177588,0,4,4.03436527204051,NA,1
30,1.5,0.5,0.4,3,0.5,50,0.18,0.04,0.14,0,165723.888888889,15397,143199.037254484,0,9,2.46501338307469,1.58410384079048,2
30,1.5,0.5,0.4,3,1,50,0.04,0,0.04,0,290874.5,15397,90687.1517939559,0,2,NA,NA,0
30,1.5,0.5,0.4,3,1.5,50,0.02,0.02,0,0,71,15397,NA,NA,1,5.3792480871886,NA,1
30,1.5,0.5,0.4,5,0.5,50,0.14,0.04,0.1,0,163586.857142857,24106,153092.819684038,0,7,2.91330146999306,1.58410384079048,2
30,1.5,0.5,0.4,5,1,50,0.02,0,0.02,0,355000,24106,NA,NA,1,NA,NA,0
30,1.5,0.5,0.4,5,1.5,50,0.02,0.02,0,0,71,24106,NA,NA,1,5.82753617410697,NA,1
30,1.5,0.5,0.4,10,0.5,50,0.06,0.04,0.02,0,32315.6666666667,59088,52158.8995314638,0,3,3.80986855593712,1.58410384079048,2
30,1.5,0.5,0.4,10,1,50,0,0,0,0,NA,NA,NA,NA,0,NA,NA,0
30,1.5,0.5,0.4,10,1.5,50,0.02,0.02,0,0,71,59088,NA,NA,1,6.72410326005103,NA,1
30,1.5,0.6,0.2,0.001,0.5,50,1,0,1,0,1267.28,71,313.738031888168,0,50,NA,NA,0
30,1.5,0.6,0.2,0.001,1,50,1,0,1,0,1920.64,71,491.618557959941,0,50,NA,NA,0
30,1.5,0.6,0.2,0.001,1.5,50,1,0,1,0,5031.08,71,1319.35901010719,0,50,NA,NA,0
30,1.5,0.6,0.2,0.01,0.5,50,1,0,1,0,2231.22,71,506.028082224692,0,50,NA,NA,0
30,1.5,0.6,0.2,0.01,1,50,1,0,1,0,3862.04,71,820.170986652746,0,50,NA,NA,0
30,1.5,0.6,0.2,0.01,1.5,50,1,0,1,0,11917.68,71,2952.29657710462,0,50,NA,NA,0
30,1.5,0.6,0.2,0.1,0.5,50,1,0,1,0,5851.56,174,1206.3776468995,0,50,NA,NA,0
30,1.5,0.6,0.2,0.1,1,50,1,0,1,0,13973.78,174,3893.69960629754,0,50,NA,NA,0
30,1.5,0.6,0.2,0.1,1.5,50,1,0,1,0,43461.3,219.08,12250.4648678975,49.3388285227771,50,NA,NA,0
30,1.5,0.6,0.2,0.5,0.5,50,1,0,0.98,0.02,11272.66,1637,3514.14531432667,0,50,NA,NA,0
30,1.5,0.6,0.2,0.5,1,50,1,0.02,0.98,0,28445.04,1637,10985.0643425795,0,50,0.896332403834489,NA,1
30,1.5,0.6,0.2,0.5,1.5,50,1,0,1,0,95916.78,1637,41360.3493715211,0,50,NA,NA,0
30,1.5,0.6,0.2,1,0.5,50,1,0.04,0.96,0,15541.22,4012,6137.00181498611,0,50,0.672267997214223,0.317005267748,2
30,1.5,0.6,0.2,1,1,50,1,0.02,0.98,0,41190.14,4012,18527.1701607038,0,50,1.79275697554518,NA,1
30,1.5,0.6,0.2,1,1.5,50,1,0,1,0,107622.44,4012,56421.260304728,0,50,NA,NA,0
30,1.5,0.6,0.2,3,0.5,50,1,0.06,0.84,0.1,29432.84,15397,13016.9513443205,0,50,1.64359530295199,0.684746176128369,3
30,1.5,0.6,0.2,3,1,50,1,0.04,0.94,0.02,67732.86,15397,40181.1423086116,0,50,2.0170620374123,1.58473625638352,2
30,1.5,0.6,0.2,3,1.5,50,1,0.02,0.98,0,144439.42,15745.36,100183.407751879,1723.93491235627,50,0.448225233406759,NA,1
30,1.5,0.6,0.2,5,0.5,50,1,0.16,0.66,0.18,42866.98,24378.7,24552.2781972073,1928.28019229572,50,1.06463609772414,0.926043214643577,8
30,1.5,0.6,0.2,5,1,50,1,0.06,0.9,0.04,97406.04,24378.7,67589.3282453038,1928.28019229572,50,1.7929961118599,1.6161294055257,3
30,1.5,0.6,0.2,5,1.5,50,0.88,0.02,0.74,0.12,132385.454545455,30613.6136363636,92312.4407513039,6889.18966853955,44,1.34479958483366,NA,1
30,1.5,0.6,0.2,10,0.5,50,1,0.32,0.42,0.26,72364.42,59088,42724.4852013217,0,50,1.0366358986202,0.978256362054349,16
30,1.5,0.6,0.2,10,1,50,1,0.1,0.72,0.18,142520.78,59088,104062.27135932,0,50,1.79305024725659,1.67718249898106,5
30,1.5,0.6,0.2,10,1.5,50,0.78,0.12,0.6,0.06,157348.692307692,59944.9230769231,105806.597089405,5351.48290016601,39,0.672414085574468,0.549012131524855,6
30,1.5,0.6,0.3,0.001,0.5,50,1,0,1,0,1713.54,71,567.554410229917,0,50,NA,NA,0
30,1.5,0.6,0.3,0.001,1,50,1,0,1,0,3113.92,71,925.573640991336,0,50,NA,NA,0
30,1.5,0.6,0.3,0.001,1.5,50,1,0,1,0,9722.66,71,3729.2247408483,0,50,NA,NA,0
30,1.5,0.6,0.3,0.01,0.5,50,1,0,1,0,2743.22,71,822.695998358012,0,50,NA,NA,0
30,1.5,0.6,0.3,0.01,1,50,1,0,1,0,5808.26,71,1136.02538075269,0,50,NA,NA,0
30,1.5,0.6,0.3,0.01,1.5,50,1,0,1,0,17963.32,71,5658.86766433436,0,50,NA,NA,0
30,1.5,0.6,0.3,0.1,0.5,50,1,0,1,0,7569.78,174,2630.15856036344,0,50,NA,NA,0
30,1.5,0.6,0.3,0.1,1,50,1,0,1,0,20154.68,174,4911.03893759056,0,50,NA,NA,0
30,1.5,0.6,0.3,0.1,1.5,50,1,0,1,0,67375,219.08,18889.118944244,49.3388285227771,50,NA,NA,0
30,1.5,0.6,0.3,0.5,0.5,50,1,0.02,0.98,0,19586.74,1637,8117.35248336449,0,50,0.896332403834489,NA,1
30,1.5,0.6,0.3,0.5,1,50,1,0,1,0,56395.16,1637,21769.6358582878,0,50,NA,NA,0
30,1.5,0.6,0.3,0.5,1.5,50,1,0,1,0,190621.84,1655.52,74779.1586607839,130.956175875749,50,NA,NA,0
30,1.5,0.6,0.3,1,0.5,50,1,0.04,0.96,0,28783.7,4012,15801.4466868689,0,50,1.12043419913147,0.950807988696607,2
30,1.5,0.6,0.3,1,1,50,1,0,1,0,85063.86,4012,43931.9110070926,0,50,NA,NA,0
30,1.5,0.6,0.3,1,1.5,50,0.84,0,0.84,0,234263.523809524,4228.19047619048,101783.293464832,674.420988812616,42,NA,NA,0
30,1.5,0.6,0.3,3,0.5,50,1,0.02,0.94,0.04,71057.62,15397,43128.3900061911,0,50,3.13763979069327,NA,1
30,1.5,0.6,0.3,3,1,50,0.94,0,0.94,0,171992.978723404,15397,96211.0824845421,0,47,NA,NA,0
30,1.5,0.6,0.3,3,1.5,50,0.48,0,0.48,0,223612,17211.375,113892.287400058,3612.93837794476,24,NA,NA,0
30,1.5,0.6,0.3,5,0.5,50,1,0.08,0.92,0,101702.16,24651.4,68554.4049595767,2699.03002985162,50,1.23269757898923,1.56882019908184,4
30,1.5,0.6,0.3,5,1,50,0.82,0,0.82,0,213738.12195122,25768.8048780488,112661.848235593,4517.2015740916,41,NA,NA,0
30,1.5,0.6,0.3,5,1.5,50,0.4,0,0.4,0,203400.75,32968.75,94761.3578949358,6672.430212015,20,NA,NA,0
30,1.5,0.6,0.3,10,0.5,50,0.96,0.06,0.8,0.1,182461.270833333,59088,107273.475910422,0,48,1.94244762364509,2.21113557035225,3
30,1.5,0.6,0.3,10,1,50,0.52,0.02,0.48,0.02,240337.230769231,59088,114099.689341666,0,26,0.448280821435524,NA,1
30,1.5,0.6,0.3,10,1.5,50,0.32,0,0.28,0.04,215819,65354.25,110342.947346292,13472.0326974069,16,NA,NA,0
30,1.5,0.6,0.4,0.001,0.5,50,1,0,1,0,3221.26,71,1113.98028433072,0,50,NA,NA,0
30,1.5,0.6,0.4,0.001,1,50,1,0,1,0,6130.04,71,3223.30524341783,0,50,NA,NA,0
30,1.5,0.6,0.4,0.001,1.5,50,1,0,1,0,23041.22,71,16282.2107312721,0,50,NA,NA,0
30,1.5,0.6,0.4,0.01,0.5,50,1,0,1,0,4129.44,71,1206.11077028774,0,50,NA,NA,0
30,1.5,0.6,0.4,0.01,1,50,1,0,1,0,8561.9,71,2362.83668370828,0,50,NA,NA,0
30,1.5,0.6,0.4,0.01,1.5,50,1,0,1,0,31993.7,71,13287.1348368815,0,50,NA,NA,0
30,1.5,0.6,0.4,0.1,0.5,50,1,0,1,0,13313.9,174,4045.20183523086,0,50,NA,NA,0
30,1.5,0.6,0.4,0.1,1,50,1,0,1,0,33334,174,10517.9142690663,0,50,NA,NA,0
30,1.5,0.6,0.4,0.1,1.5,50,1,0,1,0,125301.48,224.96,43726.4005384689,49.4578608514359,50,NA,NA,0
30,1.5,0.6,0.4,0.5,0.5,50,1,0,1,0,40368.02,1637,16436.3970212577,0,50,NA,NA,0
30,1.5,0.6,0.4,0.5,1,50,1,0,1,0,120107.88,1637,45045.3480293731,0,50,NA,NA,0
30,1.5,0.6,0.4,0.5,1.5,50,0.5,0,0.5,0,310031.44,1637,92588.9853240654,0,25,NA,NA,0
30,1.5,0.6,0.4,1,0.5,50,1,0,1,0,74317.3,4012,36263.6064008239,0,50,NA,NA,0
30,1.5,0.6,0.4,1,1,50,1,0,0.98,0.02,218515.04,4012,86507.2309420645,0,50,NA,NA,0
30,1.5,0.6,0.4,1,1.5,50,0.12,0,0.12,0,276097.333333333,4012,140166.623261983,0,6,NA,NA,0
30,1.5,0.6,0.4,3,0.5,50,0.96,0,0.96,0,199933.458333333,15397,111068.446877908,0,48,NA,NA,0
30,1.5,0.6,0.4,3,1,50,0.26,0.02,0.24,0,272820.230769231,15397,108515.3803739,0,13,0.448225233406759,NA,1
30,1.5,0.6,0.4,3,1.5,50,0.02,0.02,0,0,9835,15397,NA,NA,1,0.448225233406759,NA,1
30,1.5,0.6,0.4,5,0.5,50,0.74,0,0.72,0.02,230350.135135135,24843.027027027,117449.515114689,3125.73423806744,37,NA,NA,0
30,1.5,0.6,0.4,5,1,50,0.12,0.02,0.1,0,276097.333333333,24106,140166.623261983,0,6,0.896513320325129,NA,1
30,1.5,0.6,0.4,5,1.5,50,0.02,0.02,0,0,9835,37741,NA,NA,1,1.34479958483366,NA,1
30,1.5,0.6,0.4,10,0.5,50,0.32,0,0.32,0,240854,59088,99021.6535686345,0,16,NA,NA,0
30,1.5,0.6,0.4,10,1,50,0.02,0.02,0,0,9835,59088,NA,NA,1,1.79308040626918,NA,1
30,1.5,0.6,0.4,10,1.5,50,0.02,0.02,0,0,9835,59088,NA,NA,1,1.79308040626918,NA,1
30,1.5,0.7,0.2,0.001,0.5,50,1,0,1,0,1037.06,71,248.602823140586,0,50,NA,NA,0
30,1.5,0.7,0.2,0.001,1,50,1,0,1,0,1573.62,71,439.545121549029,0,50,NA,NA,0
30,1.5,0.7,0.2,0.001,1.5,50,1,0,1,0,4152.06,71,796.452117781331,0,50,NA,NA,0
30,1.5,0.7,0.2,0.01,0.5,50,1,0,1,0,1823.78,71,442.470259118149,0,50,NA,NA,0
30,1.5,0.7,0.2,0.01,1,50,1,0,1,0,3297.96,71,951.271157291063,0,50,NA,NA,0
30,1.5,0.7,0.2,0.01,1.5,50,1,0,1,0,8936.88,71,1644.02598966497,0,50,NA,NA,0
30,1.5,0.7,0.2,0.1,0.5,50,1,0,1,0,4363.44,174,1487.30658025623,0,50,NA,NA,0
30,1.5,0.7,0.2,0.1,1,50,1,0.02,0.98,0,9323.22,174,3257.37568271874,0,50,0.449525097902195,NA,1
30,1.5,0.7,0.2,0.1,1.5,50,1,0,1,0,26915.6,223,8259.82361574781,49.4974746830583,50,NA,NA,0
30,1.5,0.7,0.2,0.5,0.5,50,1,0.04,0.96,0,6976.58,1637,2910.42858257778,0,50,0.447891932746267,0,2
30,1.5,0.7,0.2,0.5,1,50,1,0.04,0.96,0,15799.8,1637,7832.38231280097,0,50,1.79371138994665,1.26908553274843,2
30,1.5,0.7,0.2,0.5,1.5,50,1,0,1,0,44361.34,1637,21667.4685802924,0,50,NA,NA,0
30,1.5,0.7,0.2,1,0.5,50,1,0.08,0.78,0.14,8882.26,4012,4679.89310365447,0,50,0.896213963587356,0.517424245191239,4
30,1.5,0.7,0.2,1,1,50,1,0.04,0.94,0.02,19487.58,4012,10146.3459152665,0,50,2.69013596165734,1.26908553274843,2
30,1.5,0.7,0.2,1,1.5,50,1,0,0.98,0.02,46824.72,4012,23422.9795269517,0,50,NA,NA,0
30,1.5,0.7,0.2,3,0.5,50,1,0.38,0.2,0.42,14438.46,15397,7990.53362170461,0,50,1.01457969287342,0.856667554364362,19
30,1.5,0.7,0.2,3,1,50,1,0.14,0.66,0.2,29338.84,15397,18802.3330416896,0,50,1.66515433615865,1.73105314009243,7
30,1.5,0.7,0.2,3,1.5,50,1,0.04,0.94,0.02,52527.58,15745.36,29484.7908763837,1723.93491235627,50,0.896554024277426,0.634032656451628,2
30,1.5,0.7,0.2,5,0.5,50,1,0.56,0.16,0.28,19461.36,26014.9,12051.6599767122,4779.20156959896,50,1.12074699797665,0.858625547327067,28
30,1.5,0.7,0.2,5,1,50,1,0.22,0.54,0.24,37286.6,24378.7,24109.4276546901,1928.28019229572,50,1.54868505215647,1.5578765955084,11
30,1.5,0.7,0.2,5,1.5,50,1,0.12,0.64,0.24,56184.74,30650.8,37615.2188147569,6881.20339499315,50,0.821852590822375,0.595842264517379,6
30,1.5,0.7,0.2,10,0.5,50,1,0.74,0.02,0.24,32548.64,59088,21147.5011798905,0,50,1.28430398221655,1.03090566580409,37
30,1.5,0.7,0.2,10,1,50,1,0.54,0.24,0.22,56451.5,59088,46836.0061627324,0,50,1.24525750856013,1.32376121695459,27
30,1.5,0.7,0.2,10,1.5,50,1,0.48,0.32,0.2,71625.24,59329.46,68089.1571351107,5659.87607569679,50,0.709778960731617,0.527389466175747,24
30,1.5,0.7,0.3,0.001,0.5,50,1,0,1,0,1345.76,71,310.739313277748,0,50,NA,NA,0
30,1.5,0.7,0.3,0.001,1,50,1,0,0.98,0.02,2110.2,71,665.267231866953,0,50,NA,NA,0
30,1.5,0.7,0.3,0.001,1.5,50,1,0,1,0,5907.58,71,1835.09271400101,0,50,NA,NA,0
30,1.5,0.7,0.3,0.01,0.5,50,1,0,1,0,2322.24,71,410.299022864137,0,50,NA,NA,0
30,1.5,0.7,0.3,0.01,1,50,1,0,0.98,0.02,4006.36,71,1095.21714853675,0,50,NA,NA,0
30,1.5,0.7,0.3,0.01,1.5,50,1,0,1,0,12180.34,71,3111.41693956897,0,50,NA,NA,0
30,1.5,0.7,0.3,0.1,0.5,50,1,0,1,0,5730.56,174,1425.2821870258,0,50,NA,NA,0
30,1.5,0.7,0.3,0.1,1,50,1,0.02,0.98,0,13016.06,174,3679.39507234102,0,50,0.896375422173214,NA,1
30,1.5,0.7,0.3,0.1,1.5,50,1,0,1,0,42614.64,228.88,11377.2729682594,49.1398005693959,50,NA,NA,0
30,1.5,0.7,0.3,0.5,0.5,50,1,0,1,0,10633.04,1637,3429.80453991781,0,50,NA,NA,0
30,1.5,0.7,0.3,0.5,1,50,1,0.04,0.96,0,27449.06,1637,10342.4786126668,0,50,1.79291631653804,1.90215172528085,2
30,1.5,0.7,0.3,0.5,1.5,50,1,0,1,0,73917.86,1637,29579.1955058943,0,50,NA,NA,0
30,1.5,0.7,0.3,1,0.5,50,1,0.02,0.98,0,14429.5,4012,5358.63537780328,0,50,0.448111422717755,NA,1
30,1.5,0.7,0.3,1,1,50,1,0.04,0.96,0,34348.98,4012,13793.4042511748,0,50,2.91356112379285,1.58505642721587,2
30,1.5,0.7,0.3,1,1.5,50,1,0,1,0,89486,4102.8,44951.8671578789,449.343466649297,50,NA,NA,0
30,1.5,0.7,0.3,3,0.5,50,1,0.06,0.74,0.2,27551.92,15397,12368.5675145029,0,50,0.896481568226456,0.77640274672232,3
30,1.5,0.7,0.3,3,1,50,1,0.04,0.94,0.02,56342.48,15397,27594.8101843777,0,50,4.25844393894094,1.58505642721587,2
30,1.5,0.7,0.3,3,1.5,50,1,0,0.96,0.04,114808.5,15919.54,74696.5619287085,2089.27113753157,50,NA,NA,0
30,1.5,0.7,0.3,5,0.5,50,1,0.18,0.6,0.22,38906.12,25742.2,18304.7312626422,4475.83495345977,50,0.796924456292617,0.735800936701053,9
30,1.5,0.7,0.3,5,1,50,1,0.08,0.84,0.08,77292.62,24924.1,50416.998646549,3271.00837756837,50,2.57750960078638,2.62340468470483,4
30,1.5,0.7,0.3,5,1.5,50,0.98,0.04,0.9,0.04,126613.571428571,30227.8367346939,82999.4252658314,6852.19488055634,49,0.896574351426901,0,2
30,1.5,0.7,0.3,10,0.5,50,1,0.34,0.44,0.22,68724.14,59088,37441.8529712243,0,50,0.843825669987184,0.611428513435084,17
30,1.5,0.7,0.3,10,1,50,1,0.18,0.68,0.14,125916.08,59088,93039.0963965106,0,50,1.74326919635344,2.26855567293929,9
30,1.5,0.7,0.3,10,1.5,50,0.9,0.08,0.66,0.16,152462.288888889,62058.6666666667,91617.4092573474,9618.24364991296,45,1.00863617520596,0.429208271280611,4
30,1.5,0.7,0.4,0.001,0.5,50,1,0,1,0,1830.7,71,601.1226996213,0,50,NA,NA,0
30,1.5,0.7,0.4,0.001,1,50,1,0,1,0,3468.04,71,1278.72983791235,0,50,NA,NA,0
30,1.5,0.7,0.4,0.001,1.5,50,1,0,1,0,10834.06,71,4503.72574295495,0,50,NA,NA,0
30,1.5,0.7,0.4,0.01,0.5,50,1,0,1,0,2969.76,71,811.828989733323,0,50,NA,NA,0
30,1.5,0.7,0.4,0.01,1,50,1,0,1,0,5970.12,71,1211.45182996541,0,50,NA,NA,0
30,1.5,0.7,0.4,0.01,1.5,50,1,0,1,0,17293.96,71,5113.22971124905,0,50,NA,NA,0
30,1.5,0.7,0.4,0.1,0.5,50,1,0,1,0,8365.08,174,1986.48918939717,0,50,NA,NA,0
30,1.5,0.7,0.4,0.1,1,50,1,0,1,0,20735.56,174,5425.65928340435,0,50,NA,NA,0
30,1.5,0.7,0.4,0.1,1.5,50,1,0,1,0,62083.78,223,17574.2333978481,49.4974746830583,50,NA,NA,0
30,1.5,0.7,0.4,0.5,0.5,50,1,0,1,0,18630.44,1637,5646.59779148254,0,50,NA,NA,0
30,1.5,0.7,0.4,0.5,1,50,1,0,1,0,51102.98,1637,19517.7557691682,0,50,NA,NA,0
30,1.5,0.7,0.4,0.5,1.5,50,1,0,1,0,164254.98,1637,58198.7066454545,0,50,NA,NA,0
30,1.5,0.7,0.4,1,0.5,50,1,0.02,0.98,0,27637.18,4012,8925.90506630297,0,50,0.448111422717755,NA,1
30,1.5,0.7,0.4,1,1,50,1,0.02,0.98,0,76983.7,4012,32818.3339186175,0,50,1.79275697554518,NA,1
30,1.5,0.7,0.4,1,1.5,50,1,0,1,0,229235.28,4012,104844.909659904,0,50,NA,NA,0
30,1.5,0.7,0.4,3,0.5,50,1,0.02,0.96,0.02,63383.72,15397,27094.3747366308,0,50,1.79299423786585,NA,1
30,1.5,0.7,0.4,3,1,50,1,0.04,0.96,0,170107.2,15397,84306.7650131328,0,50,1.79293251205002,1.90170327087911,2
30,1.5,0.7,0.4,3,1.5,50,0.6,0,0.58,0.02,232035.333333333,15977.6,106057.418657856,2209.54411899675,30,NA,NA,0
30,1.5,0.7,0.4,5,0.5,50,1,0.02,0.94,0.04,96986.94,25469.5,45984.0557928462,4132.02898349082,50,2.24128232478422,NA,1
30,1.5,0.7,0.4,5,1,50,0.92,0.04,0.88,0,225162.173913043,24402.4130434783,109486.903390376,2010.37107217202,46,1.12064284568741,0.316967014495586,2
30,1.5,0.7,0.4,5,1.5,50,0.44,0.02,0.42,0,221809.772727273,33402.5909090909,107032.325601698,6500.23120218183,22,0.896574351426901,NA,1
30,1.5,0.7,0.4,10,0.5,50,1,0.08,0.92,0,178942.08,59088,90724.7208125993,0,50,1.23274453488584,1.28753077640577,4
30,1.5,0.7,0.4,10,1,50,0.54,0.04,0.5,0,269442.555555556,59088,116763.854328144,0,27,2.01720993163147,0.316967014495586,2
30,1.5,0.7,0.4,10,1.5,50,0.32,0.02,0.28,0.02,224509.4375,61176.75,111469.774511879,8355,16,1.34485517286243,NA,1
60,0.5,0.5,0.2,0.001,0.5,50,1,0,1,0,834.32,71,189.53923076767,0,50,NA,NA,0
60,0.5,0.5,0.2,0.001,1,50,1,0,1,0,1246.94,71,282.804209332758,0,50,NA,NA,0
60,0.5,0.5,0.2,0.001,1.5,50,1,0,1,0,3026.98,71,904.530648164775,0,50,NA,NA,0
60,0.5,0.5,0.2,0.01,0.5,50,1,0,1,0,1400.6,71,292.469150649488,0,50,NA,NA,0
60,0.5,0.5,0.2,0.01,1,50,1,0,1,0,2137.04,71,466.201583796853,0,50,NA,NA,0
60,0.5,0.5,0.2,0.01,1.5,50,1,0,1,0,4346.22,71,877.585399995758,0,50,NA,NA,0
60,0.5,0.5,0.2,0.1,0.5,50,1,0,1,0,2478.14,174,565.796819736988,0,50,NA,NA,0
60,0.5,0.5,0.2,0.1,1,50,1,0,1,0,4211.78,174,1042.6284150342,0,50,NA,NA,0
60,0.5,0.5,0.2,0.1,1.5,50,1,0,1,0,9221.12,256.32,1452.87582007941,36.292147911084,50,NA,NA,0
60,0.5,0.5,0.2,0.5,0.5,50,1,0.04,0.92,0.04,3218.76,1637,896.775369684889,0,50,0.447891932746267,0,2
60,0.5,0.5,0.2,0.5,1,50,1,0,0.98,0.02,5268.54,1637,1320.80825919246,0,50,NA,NA,0
60,0.5,0.5,0.2,0.5,1.5,50,1,0,1,0,10582.8,1637,2235.03699462603,0,50,NA,NA,0
60,0.5,0.5,0.2,1,0.5,50,1,0.38,0.02,0.6,3427.58,4012,957.293337637798,0,50,0.566044228637299,0.292792777413692,19
60,0.5,0.5,0.2,1,1,50,1,0.04,0.6,0.36,5529.22,4012,1628.51918825988,0,50,0.448111422717755,0,2
60,0.5,0.5,0.2,1,1.5,50,1,0,1,0,10440.68,4012,2388.91818603983,0,50,NA,NA,0
60,0.5,0.5,0.2,3,0.5,50,1,1,0,0,3634.3,24106,1076.23668305777,0,50,1.94551488327021,0.357723704934255,50
60,0.5,0.5,0.2,3,1,50,1,1,0,0,5554.88,15397,1747.45928264146,0,50,1.06687540000911,0.312322174441783,50
60,0.5,0.5,0.2,3,1.5,50,1,0.8,0,0.2,10521.04,15397,2716.42303038389,0,50,0.515464091015445,0.162099565829161,40
60,0.5,0.5,0.2,5,0.5,50,1,1,0,0,3796.98,37741,1047.18973759802,0,50,2.34002239016056,0.317428833549839,50
60,0.5,0.5,0.2,5,1,50,1,1,0,0,5833.2,32287,1894.02984697298,6747.57507462904,50,1.73930097174261,0.430960317184676,50
60,0.5,0.5,0.2,5,1.5,50,1,1,0,0,10480.86,24106,2558.23952549325,0,50,0.860658683384369,0.236839559576437,50
60,0.5,0.5,0.2,10,0.5,50,1,1,0,0,3948.24,92508,1302.67604568442,0,50,3.21862269990444,0.391457681473967,50
60,0.5,0.5,0.2,10,1,50,1,1,0,0,5878.6,59088,1876.61058989937,0,50,2.35792832836121,0.324173915484973,50
60,0.5,0.5,0.2,10,1.5,50,1,1,0,0,10617.76,59088,2674.52660361967,0,50,1.74826405426613,0.260119151538018,50
60,0.5,0.5,0.3,0.001,0.5,50,1,0,1,0,1208.3,71,350.538434237319,0,50,NA,NA,0
60,0.5,0.5,0.3,0.001,1,50,1,0,1,0,2174.08,71,461.675247642446,0,50,NA,NA,0
60,0.5,0.5,0.3,0.001,1.5,50,1,0,1,0,6333.94,71,2248.02943558693,0,50,NA,NA,0
60,0.5,0.5,0.3,0.01,0.5,50,1,0,1,0,1786,71,497.236485436235,0,50,NA,NA,0
60,0.5,0.5,0.3,0.01,1,50,1,0,1,0,2921.22,71,666.030130163579,0,50,NA,NA,0
60,0.5,0.5,0.3,0.01,1.5,50,1,0,1,0,6126.06,71,870.988704207548,0,50,NA,NA,0
60,0.5,0.5,0.3,0.1,0.5,50,1,0.02,0.98,0,3499.58,174,1018.20668865232,0,50,0.449525097902195,NA,1
60,0.5,0.5,0.3,0.1,1,50,1,0,1,0,6384.64,174,1200.17080008962,0,50,NA,NA,0
60,0.5,0.5,0.3,0.1,1.5,50,1,0,1,0,13212.38,254.36,2861.78262476879,38.0326175801772,50,NA,NA,0
60,0.5,0.5,0.3,0.5,0.5,50,1,0.02,0.94,0.04,4929.12,1637,1752.07707220281,0,50,2.6910903760588,NA,1
60,0.5,0.5,0.3,0.5,1,50,1,0,1,0,8560,1637,2517.4233668899,0,50,NA,NA,0
60,0.5,0.5,0.3,0.5,1.5,50,1,0,1,0,18198.52,1637,4663.40961905579,0,50,NA,NA,0
60,0.5,0.5,0.3,1,0.5,50,1,0.12,0.6,0.28,5398.28,4012,2051.94759689622,0,50,1.12078305989069,1.22824273362277,6
60,0.5,0.5,0.3,1,1,50,1,0,0.98,0.02,9279.9,4012,2672.28051541398,0,50,NA,NA,0
60,0.5,0.5,0.3,1,1.5,50,1,0,1,0,20213.02,4012,5496.23214720033,0,50,NA,NA,0
60,0.5,0.5,0.3,3,0.5,50,1,1,0,0,6054.96,24106,2331.27903897217,0,50,1.5151690693365,0.695163777370249,50
60,0.5,0.5,0.3,3,1,50,1,0.88,0,0.12,9888.56,15397,2506.09714586043,0,50,0.539917754697971,0.206893818543621,44
60,0.5,0.5,0.3,3,1.5,50,1,0,0.74,0.26,24295.96,15397,7364.31223207087,0,50,NA,NA,0
60,0.5,0.5,0.3,5,0.5,50,1,1,0,0,6313.54,37741,2480.7601798231,0,50,1.92759182018122,0.708950378638031,50
60,0.5,0.5,0.3,5,1,50,1,1,0,0,10030.68,32832.4,2393.55812708927,6611.24637358531,50,1.19238855830906,0.334110277546556,50
60,0.5,0.5,0.3,5,1.5,50,1,0.22,0.36,0.42,27414.32,24106,9896.55097504341,0,50,0.489035835409894,0.135144992798154,11
60,0.5,0.5,0.3,10,0.5,50,1,1,0,0,6690.68,92508,2564.16579456961,0,50,2.76138272465915,0.70378692925773,50
60,0.5,0.5,0.3,10,1,50,1,1,0,0,10253.16,59088,2617.71920010765,0,50,1.78412342563139,0.263876563809584,50
60,0.5,0.5,0.3,10,1.5,50,1,0.9,0,0.1,30846.66,59088,12465.6057681829,0,50,0.806910157026321,0.325517106953393,45
60,0.5,0.5,0.4,0.001,0.5,50,1,0,1,0,2744.04,71,1072.5647111442,0,50,NA,NA,0
60,0.5,0.5,0.4,0.001,1,50,1,0,1,0,6126.1,71,2784.54374857985,0,50,NA,NA,0
60,0.5,0.5,0.4,0.001,1.5,50,1,0,0.98,0.02,24579.2,71,12499.9622660655,0,50,NA,NA,0
60,0.5,0.5,0.4,0.01,0.5,50,1,0,1,0,3226.26,71,856.122078124996,0,50,NA,NA,0
60,0.5,0.5,0.4,0.01,1,50,1,0,1,0,5981.96,71,1771.01408699268,0,50,NA,NA,0
60,0.5,0.5,0.4,0.01,1.5,50,1,0,0.98,0.02,17029.54,71,6711.04759366895,0,50,NA,NA,0
60,0.5,0.5,0.4,0.1,0.5,50,1,0,1,0,7404.5,174,2233.18429419444,0,50,NA,NA,0
60,0.5,0.5,0.4,0.1,1,50,1,0,1,0,13763.36,174,2926.1549316606,0,50,NA,NA,0
60,0.5,0.5,0.4,0.1,1.5,50,1,0.02,0.98,0,29809.02,248.48,8983.70951628898,42.2790728375162,50,1.34312218925468,NA,1
60,0.5,0.5,0.4,0.5,0.5,50,1,0.02,0.98,0,12815.24,1637,4598.70289857779,0,50,1.34383656414251,NA,1
60,0.5,0.5,0.4,0.5,1,50,1,0,1,0,24279.72,1637,7811.19052579081,0,50,NA,NA,0
60,0.5,0.5,0.4,0.5,1.5,50,1,0.02,0.98,0,61892.34,1637,23382.1575387678,0,50,3.13794070032982,NA,1
60,0.5,0.5,0.4,1,0.5,50,1,0.02,0.94,0.04,15747.02,4012,6645.23102434662,0,50,2.2402611358532,NA,1
60,0.5,0.5,0.4,1,1,50,1,0,1,0,29837.64,4012,10044.4549547072,0,50,NA,NA,0
60,0.5,0.5,0.4,1,1.5,50,1,0.02,0.98,0,95337.56,4012,42446.0803301587,0,50,4.03436527204051,NA,1
60,0.5,0.5,0.4,3,0.5,50,1,0.4,0.14,0.46,21687.42,24106,10429.2192344589,0,50,0.874091565200824,0.866052943905365,20
60,0.5,0.5,0.4,3,1,50,1,0.06,0.92,0.02,41776.4,15397,19265.1221313205,0,50,0.597644916981615,0.258802483602515,3
60,0.5,0.5,0.4,3,1.5,50,1,0.02,0.98,0,185397.98,15397,96888.3105077202,0,50,5.3792480871886,NA,1
60,0.5,0.5,0.4,5,0.5,50,1,0.64,0.06,0.3,27116.74,37741,13124.9790682982,0,50,0.85450633715035,0.823760212311327,32
60,0.5,0.5,0.4,5,1,50,1,0.18,0.62,0.2,49054.58,32832.4,21475.435723493,6611.24637358531,50,0.796930801631842,0.489903236173305,9
60,0.5,0.5,0.4,5,1.5,50,0.94,0.02,0.9,0.02,240212.489361702,24106,115369.564563071,0,47,5.82753617410697,NA,1
60,0.5,0.5,0.4,10,0.5,50,1,1,0,0,31104.62,92508,15872.9370993139,0,50,1.30894706549252,0.858321642219149,50
60,0.5,0.5,0.4,10,1,50,1,0.3,0.32,0.38,67217.62,59088,36822.3155380993,0,50,0.77701844207071,0.492999664199271,15
60,0.5,0.5,0.4,10,1.5,50,0.46,0.04,0.38,0.04,206356.565217391,59088,126417.959502605,0,23,3.81033517299754,4.12069034632095,2
60,0.5,0.6,0.2,0.001,0.5,50,1,0,1,0,711.28,71,144.468913399304,0,50,NA,NA,0
60,0.5,0.6,0.2,0.001,1,50,1,0,1,0,1008.2,71,114.551298552221,0,50,NA,NA,0
60,0.5,0.6,0.2,0.001,1.5,50,1,0,1,0,2137.04,71,466.201583796853,0,50,NA,NA,0
60,0.5,0.6,0.2,0.01,0.5,50,1,0,1,0,1109.36,71,203.933038229789,0,50,NA,NA,0
60,0.5,0.6,0.2,0.01,1,50,1,0,1,0,1588.86,71,250.619152484076,0,50,NA,NA,0
60,0.5,0.6,0.2,0.01,1.5,50,1,0,1,0,3413.88,71,751.130675334573,0,50,NA,NA,0
60,0.5,0.6,0.2,0.1,0.5,50,1,0,1,0,1860.82,174,463.961147652055,0,50,NA,NA,0
60,0.5,0.6,0.2,0.1,1,50,1,0,1,0,3133.68,174,800.495546521028,0,50,NA,NA,0
60,0.5,0.6,0.2,0.1,1.5,50,1,0,1,0,6299.76,254.36,1578.57584433772,38.0326175801772,50,NA,NA,0
60,0.5,0.6,0.2,0.5,0.5,50,1,0.04,0.68,0.28,2272.02,1637,543.484130027581,0,50,0.447891932746267,0,2
60,0.5,0.6,0.2,0.5,1,50,1,0.02,0.98,0,3671.74,1637,828.596103327176,0,50,0.896332403834489,NA,1
60,0.5,0.6,0.2,0.5,1.5,50,1,0,1,0,6907.72,1637,1793.83258655077,0,50,NA,NA,0
60,0.5,0.6,0.2,1,0.5,50,1,0.9,0,0.1,2510.88,4920,644.929252250325,1123.35866662324,50,0.756977957006887,0.314432686310942,45
60,0.5,0.6,0.2,1,1,50,1,0.2,0.02,0.78,3729.7,4012,798.557123562139,0,50,0.582575978000498,0.425214259255093,10
60,0.5,0.6,0.2,1,1.5,50,1,0,0.9,0.1,6978.78,4012,1838.36050838118,0,50,NA,NA,0
60,0.5,0.6,0.2,3,0.5,50,1,1,0,0,2711.34,24106,746.992845087719,0,50,2.2233817197546,0.285753872778046,50
60,0.5,0.6,0.2,3,1,50,1,1,0,0,3746.12,15397,891.565205645873,0,50,1.45242429796188,0.320900518757851,50
60,0.5,0.6,0.2,3,1.5,50,1,1,0,0,6978.78,15397,1838.36050838118,0,50,0.824776784044616,0.261876206534264,50
60,0.5,0.6,0.2,5,0.5,50,1,1,0,0,2798.28,37741,807.782604619913,0,50,2.64478129890007,0.303693137621149,50
60,0.5,0.6,0.2,5,1,50,1,1,0,0,3746.12,37741,891.565205645873,0,50,2.34899864938878,0.320900518757851,50
60,0.5,0.6,0.2,5,1.5,50,1,1,0,0,6953.12,24106,1747.168001688,0,50,1.27306208135714,0.245712658082664,50
60,0.5,0.6,0.2,10,0.5,50,1,1,0,0,2885.22,92508,855.337080945762,0,50,3.51444270412745,0.318321338112384,50
60,0.5,0.6,0.2,10,1,50,1,1,0,0,3820.5,59088,944.412488788449,0,50,2.77934927174961,0.326480515313299,50
60,0.5,0.6,0.2,10,1.5,50,1,1,0,0,7024.18,59088,1791.01817684688,0,50,2.16066398628671,0.251160111832752,50
60,0.5,0.6,0.3,0.001,0.5,50,1,0,1,0,854.92,71,206.238997480187,0,50,NA,NA,0
60,0.5,0.6,0.3,0.001,1,50,1,0,1,0,1385.48,71,319.497835577607,0,50,NA,NA,0
60,0.5,0.6,0.3,0.001,1.5,50,1,0,1,0,3419.84,71,830.680182569854,0,50,NA,NA,0
60,0.5,0.6,0.3,0.01,0.5,50,1,0,1,0,1318.82,71,333.170893821468,0,50,NA,NA,0
60,0.5,0.6,0.3,0.01,1,50,1,0,1,0,2062.96,71,466.201583796853,0,50,NA,NA,0
60,0.5,0.6,0.3,0.01,1.5,50,1,0,1,0,4003.3,71,727.771556723338,0,50,NA,NA,0
60,0.5,0.6,0.3,0.1,0.5,50,1,0,1,0,2300.14,174,626.42080171106,0,50,NA,NA,0
60,0.5,0.6,0.3,0.1,1,50,1,0,1,0,3945.34,174,781.596080505285,0,50,NA,NA,0
60,0.5,0.6,0.3,0.1,1.5,50,1,0,1,0,7586.74,258.28,1806.38294367049,34.3499636098788,50,NA,NA,0
60,0.5,0.6,0.3,0.5,0.5,50,1,0.06,0.84,0.1,2719.58,1637,862.487269116336,0,50,0.597372089775674,0.258907226698308,3
60,0.5,0.6,0.3,0.5,1,50,1,0,1,0,4651.46,1637,1180.6237405434,0,50,NA,NA,0
60,0.5,0.6,0.3,0.5,1.5,50,1,0,1,0,8977.06,1637,1914.10355647179,0,50,NA,NA,0
60,0.5,0.6,0.3,1,0.5,50,1,0.74,0,0.26,2922.44,5237.8,967.993362264306,1142.84837496637,50,0.848022591972259,0.362634253845072,37
60,0.5,0.6,0.3,1,1,50,1,0.06,0.38,0.56,4787.66,4012,1229.91190343214,0,50,0.448111422717755,0,3
60,0.5,0.6,0.3,1,1.5,50,1,0,0.98,0.02,9483.78,4012,2126.30540254639,0,50,NA,NA,0
60,0.5,0.6,0.3,3,0.5,50,1,1,0,0,3045.92,24106,987.901131961398,0,50,2.1337546901377,0.390051093400531,50
60,0.5,0.6,0.3,3,1,50,1,1,0,0,4969.26,15397,1269.72733389849,0,50,1.16550617624345,0.271729952698684,50
60,0.5,0.6,0.3,3,1.5,50,1,0.84,0.02,0.14,10143.1,15397,3389.62305561897,0,50,0.56562973431777,0.222705104197904,42
60,0.5,0.6,0.3,5,0.5,50,1,1,0,0,3149.28,37741,1090.089118993,0,50,2.55514852711718,0.407432448811177,50
60,0.5,0.6,0.3,5,1,50,1,1,0,0,5105.46,37741,1281.67193436813,0,50,2.03517661580934,0.274881071440188,50
60,0.5,0.6,0.3,5,1.5,50,1,0.98,0,0.02,10593.28,24924.1,3493.09737438549,3271.00837756837,50,0.914818175753275,0.288750222312689,49
60,0.5,0.6,0.3,10,0.5,50,1,1,0,0,3281.62,92508,1174.75190415957,0,50,3.41584196172422,0.423618048070768,50
60,0.5,0.6,0.3,10,1,50,1,1,0,0,5176.52,59088,1437.28265778425,0,50,2.47449225623037,0.28984165886179,50
60,0.5,0.6,0.3,10,1.5,50,1,1,0,0,11830.38,59088,3954.68816020806,0,50,1.65861370383847,0.316955614110578,50
60,0.5,0.6,0.4,0.001,0.5,50,1,0,1,0,1324.56,71,342.750171407689,0,50,NA,NA,0
60,0.5,0.6,0.4,0.001,1,50,1,0,1,0,2184.76,71,651.969936705173,0,50,NA,NA,0
60,0.5,0.6,0.4,0.001,1.5,50,1,0,1,0,6854.48,71,2707.33901467994,0,50,NA,NA,0
60,0.5,0.6,0.4,0.01,0.5,50,1,0,1,0,1805.26,71,430.104581966493,0,50,NA,NA,0
60,0.5,0.6,0.4,0.01,1,50,1,0,1,0,2805.3,71,585.860965954015,0,50,NA,NA,0
60,0.5,0.6,0.4,0.01,1.5,50,1,0,1,0,6526.76,71,1380.32147335174,0,50,NA,NA,0
60,0.5,0.6,0.4,0.1,0.5,50,1,0,1,0,3373.08,174,787.377948818555,0,50,NA,NA,0
60,0.5,0.6,0.4,0.1,1,50,1,0,1,0,5552.28,174,1295.8064708111,0,50,NA,NA,0
60,0.5,0.6,0.4,0.1,1.5,50,1,0,1,0,11606.72,260.24,3170.13319130478,32.169550820613,50,NA,NA,0
60,0.5,0.6,0.4,0.5,0.5,50,1,0.02,0.98,0,4546.74,1637,1262.42490679886,0,50,0.447891932746267,NA,1
60,0.5,0.6,0.4,0.5,1,50,1,0,1,0,7066.26,1637,1891.27858501133,0,50,NA,NA,0
60,0.5,0.6,0.4,0.5,1.5,50,1,0,1,0,16861.82,1637,5772.38252968214,0,50,NA,NA,0
60,0.5,0.6,0.4,1,0.5,50,1,0.22,0.28,0.5,4922.5,4783.8,1300.00034929352,1086.23613398538,50,0.529819518756873,0.270138103175771,11
60,0.5,0.6,0.4,1,1,50,1,0.02,0.92,0.06,7563.68,4012,2081.27937929867,0,50,0.448111422717755,NA,1
60,0.5,0.6,0.4,1,1.5,50,1,0,1,0,20452.16,4012,7425.16586871695,0,50,NA,NA,0
60,0.5,0.6,0.4,3,0.5,50,1,1,0,0,5408.08,24106,1714.22187785905,0,50,1.55102074019709,0.364626484557294,50
60,0.5,0.6,0.4,3,1,50,1,1,0,0,8248.62,15397,2067.5891500657,0,50,0.663394994011947,0.303631322517009,50
60,0.5,0.6,0.4,3,1.5,50,1,0.08,0.74,0.18,26151.56,15397,11894.4652403321,0,50,0.560289996087901,0.224129525362284,4
60,0.5,0.6,0.4,5,0.5,50,1,1,0,0,5615.34,37741,1790.67548091752,0,50,1.96343791183013,0.372193943220841,50
60,0.5,0.6,0.4,5,1,50,1,1,0,0,8724.46,37741,2638.78587735546,0,50,1.51514546940546,0.337526038951672,50
60,0.5,0.6,0.4,5,1.5,50,1,0.2,0.38,0.42,29702.36,24106,13886.7843734647,0,50,0.627581562012855,0.313410325523901,10
60,0.5,0.6,0.4,10,0.5,50,1,1,0,0,5777.2,92508,1856.69252781852,0,50,2.83308488016541,0.378203535085531,50
60,0.5,0.6,0.4,10,1,50,1,1,0,0,9316.76,59088,2938.4337738437,0,50,1.90066926317277,0.345561827131918,50
60,0.5,0.6,0.4,10,1.5,50,1,0.82,0,0.18,33078.98,59088,14941.3769513949,0,50,0.841894744011093,0.415654293012203,41
60,0.5,0.7,0.2,0.001,0.5,50,1,0,1,0,597.42,71,116.302927823887,0,50,NA,NA,0
60,0.5,0.7,0.2,0.001,1,50,1,0,1,0,841.04,71,223.300288346232,0,50,NA,NA,0
60,0.5,0.7,0.2,0.001,1.5,50,1,0,1,0,1680.9,71,407.834462716911,0,50,NA,NA,0
60,0.5,0.7,0.2,0.01,0.5,50,1,0,1,0,970.4,71,152.735064736294,0,50,NA,NA,0
60,0.5,0.7,0.2,0.01,1,50,1,0,1,0,1445.26,71,338.688877157494,0,50,NA,NA,0
60,0.5,0.7,0.2,0.01,1.5,50,1,0,1,0,2665.18,71,544.70481389989,0,50,NA,NA,0
60,0.5,0.7,0.2,0.1,0.5,50,1,0,1,0,1503.68,174,277.873076296737,0,50,NA,NA,0
60,0.5,0.7,0.2,0.1,1,50,1,0.02,0.98,0,2404.38,174,615.229304853906,0,50,0.449525097902195,NA,1
60,0.5,0.7,0.2,0.1,1.5,50,1,0,1,0,4773.92,262.2,1307.98818630376,29.698484809835,50,NA,NA,0
60,0.5,0.7,0.2,0.5,0.5,50,1,0.14,0.16,0.7,1687.3,1637,459.761040417426,0,50,0.576017781628616,0.218816544224035,7
60,0.5,0.7,0.2,0.5,1,50,1,0.04,0.88,0.08,2633.82,1637,776.954643437559,0,50,1.79371138994665,1.26908553274843,2
60,0.5,0.7,0.2,0.5,1.5,50,1,0.02,0.98,0,5256.9,1637,1315.50816207646,0,50,1.34383656414251,NA,1
60,0.5,0.7,0.2,1,0.5,50,1,1,0,0,1859.96,6282,502.308668417485,0,50,1.25512932207104,0.286347683890337,50
60,0.5,0.7,0.2,1,1,50,1,0.8,0,0.2,2710.3,4012,809.218601428538,0,50,0.593836135839204,0.541068565586147,40
60,0.5,0.7,0.2,1,1.5,50,1,0.04,0.56,0.4,5182.52,4012,1360.72589031422,0,50,1.34418627928548,1.2672412150596,2
60,0.5,0.7,0.2,3,0.5,50,1,1,0,0,1945.86,24106,518.235665011388,0,50,2.55507880254638,0.28991900046466,50
60,0.5,0.7,0.2,3,1,50,1,1,0,0,2768.26,15397,848.34034395617,0,50,1.80202726691075,0.547208996000334,50
60,0.5,0.7,0.2,3,1.5,50,1,1,0,0,5409.52,15397,1335.11765498516,0,50,1.10270723584845,0.426713693861616,50
60,0.5,0.7,0.2,5,0.5,50,1,1,0,0,1982.9,37741,528.034060821606,0,50,2.98543254109519,0.294966844541511,50
60,0.5,0.7,0.2,5,1,50,1,1,0,0,2768.26,37741,848.34034395617,0,50,2.69860161833765,0.547208996000334,50
60,0.5,0.7,0.2,5,1.5,50,1,1,0,0,5409.52,25196.8,1335.11765498516,3736.63787544965,50,1.5868582239275,0.463569417532704,50
60,0.5,0.7,0.2,10,0.5,50,1,1,0,0,2038.46,92508,537.538615983512,0,50,3.85508184274606,0.3003390413433,50
60,0.5,0.7,0.2,10,1,50,1,1,0,0,2815.76,59088,850.194613015161,0,50,3.12895394833896,0.547207923501931,50
60,0.5,0.7,0.2,10,1.5,50,1,1,0,0,5364.12,59088,1343.4132684308,0,50,2.45653037933121,0.427002942456622,50
60,0.5,0.7,0.3,0.001,0.5,50,1,0,1,0,704.96,71,162.895729764504,0,50,NA,NA,0
60,0.5,0.7,0.3,0.001,1,50,1,0,0.98,0.02,1042.98,71,272.97570273875,0,50,NA,NA,0
60,0.5,0.7,0.3,0.001,1.5,50,1,0,1,0,2514.64,71,681.690328880934,0,50,NA,NA,0
60,0.5,0.7,0.3,0.01,0.5,50,1,0,1,0,1047.08,71,244.958125534358,0,50,NA,NA,0
60,0.5,0.7,0.3,0.01,1,50,1,0,0.98,0.02,1562.66,71,278.976160930189,0,50,NA,NA,0
60,0.5,0.7,0.3,0.01,1.5,50,1,0,1,0,3171.58,71,722.427034377867,0,50,NA,NA,0
60,0.5,0.7,0.3,0.1,0.5,50,1,0.02,0.98,0,1757.8,174,534.225397664885,0,50,0.449525097902195,NA,1
60,0.5,0.7,0.3,0.1,1,50,1,0.02,0.98,0,2823.02,174,803.255886999902,0,50,0.896375422173214,NA,1
60,0.5,0.7,0.3,0.1,1.5,50,1,0,1,0,5870.08,262.2,1145.95086335518,29.698484809835,50,NA,NA,0
60,0.5,0.7,0.3,0.5,0.5,50,1,0.08,0.7,0.22,2219.22,1637,579.217850173131,0,50,1.0086915435744,1.12159922165627,4
60,0.5,0.7,0.3,0.5,1,50,1,0.04,0.96,0,3228.74,1637,928.354124243545,0,50,2.01713655208215,1.58505642721587,2
60,0.5,0.7,0.3,0.5,1.5,50,1,0,1,0,6345.16,1637,1543.69418246607,0,50,NA,NA,0
60,0.5,0.7,0.3,1,0.5,50,1,1,0,0,2286.6,6282,544.214806029789,0,50,1.07584259432385,0.487874898383863,50
60,0.5,0.7,0.3,1,1,50,1,0.48,0,0.52,3228.74,4012,928.354124243545,0,50,0.653565564474012,0.770550752490531,24
60,0.5,0.7,0.3,1,1.5,50,1,0,0.9,0.1,6623.48,4012,1570.93851111821,0,50,NA,NA,0
60,0.5,0.7,0.3,3,0.5,50,1,1,0,0,2400.12,24106,616.64737517168,0,50,2.37579171952526,0.498264303647919,50
60,0.5,0.7,0.3,3,1,50,1,1,0,0,3361.08,15397,1015.93722367525,0,50,1.62273963011222,0.633200399966394,50
60,0.5,0.7,0.3,3,1.5,50,1,1,0,0,6978.78,15397,1838.36050838118,0,50,0.824776784044616,0.261876206534264,50
60,0.5,0.7,0.3,5,0.5,50,1,1,0,0,2458.08,37741,694.11126085735,0,50,2.80615352712508,0.510936368691865,50
60,0.5,0.7,0.3,5,1,50,1,1,0,0,3419.04,37741,1009.9490381162,0,50,2.50138952463041,0.634494267964494,50
60,0.5,0.7,0.3,5,1.5,50,1,1,0,0,7263.02,24924.1,1980.77103612483,3271.00837756837,50,1.26410132277553,0.322644016161247,50
60,0.5,0.7,0.3,10,0.5,50,1,1,0,0,2509.34,92508,750.877544025954,0,50,3.68478558513175,0.514780732359003,50
60,0.5,0.7,0.3,10,1,50,1,1,0,0,3448.02,59088,1005.6641726557,0,50,2.94070811761158,0.63494661870039,50
60,0.5,0.7,0.3,10,1.5,50,1,1,0,0,7891.42,59088,2244.05830520128,0,50,2.05307970085332,0.287685233839266,50
60,0.5,0.7,0.4,0.001,0.5,50,1,0,1,0,932.6,71,174.979998857012,0,50,NA,NA,0
60,0.5,0.7,0.4,0.001,1,50,1,0,1,0,1472.24,71,406.374541224105,0,50,NA,NA,0
60,0.5,0.7,0.4,0.001,1.5,50,1,0,1,0,3841.64,71,1160.07332210213,0,50,NA,NA,0
60,0.5,0.7,0.4,0.01,0.5,50,1,0,1,0,1412.42,71,289.775781723507,0,50,NA,NA,0
60,0.5,0.7,0.4,0.01,1,50,1,0,1,0,2006.54,71,497.298137079617,0,50,NA,NA,0
60,0.5,0.7,0.4,0.01,1.5,50,1,0,1,0,4155.92,71,985.94466955736,0,50,NA,NA,0
60,0.5,0.7,0.4,0.1,0.5,50,1,0,1,0,2396.32,174,359.369427339225,0,50,NA,NA,0
60,0.5,0.7,0.4,0.1,1,50,1,0,1,0,3700.72,174,814.24165394581,0,50,NA,NA,0
60,0.5,0.7,0.4,0.1,1.5,50,1,0,1,0,7166.3,260.24,1867.38609466029,32.169550820613,50,NA,NA,0
60,0.5,0.7,0.4,0.5,0.5,50,1,0,0.96,0.04,2844.74,1637,652.181451212868,0,50,NA,NA,0
60,0.5,0.7,0.4,0.5,1,50,1,0.02,0.98,0,4192.4,1637,1098.94877413065,0,50,0.896332403834489,NA,1
60,0.5,0.7,0.4,0.5,1.5,50,1,0,1,0,8946.18,1637,2180.67717145901,0,50,NA,NA,0
60,0.5,0.7,0.4,1,0.5,50,1,1,0,0,3191.14,6282,841.265713320211,0,50,0.7172730984245,0.300277175516323,50
60,0.5,0.7,0.4,1,1,50,1,0.1,0.2,0.7,4283.2,4012,1173.10218425075,0,50,0.71704053328324,0.601343772352982,5
60,0.5,0.7,0.4,1,1.5,50,1,0,0.98,0.02,10364.4,4012,2715.9233856526,0,50,NA,NA,0
60,0.5,0.7,0.4,3,0.5,50,1,1,0,0,3383.54,24106,814.191729162569,0,50,1.99930583576821,0.289286687172025,50
60,0.5,0.7,0.4,3,1,50,1,1,0,0,4448.38,15397,1236.74576091566,0,50,1.2910410219577,0.358148251546712,50
60,0.5,0.7,0.4,3,1.5,50,1,0.66,0.06,0.28,11776.86,15397,4409.10815180187,0,50,0.54331471326628,0.217247655247573,33
60,0.5,0.7,0.4,5,0.5,50,1,1,0,0,3470.48,37741,798.846112738076,0,50,2.42070541491367,0.286296722694315,50
60,0.5,0.7,0.4,5,1,50,1,1,0,0,4568.16,37741,1255.26922650896,0,50,2.16071720368958,0.358726683140127,50
60,0.5,0.7,0.4,5,1.5,50,1,0.84,0.02,0.14,13810.38,24106,6447.79401887156,0,50,0.789801983835826,0.340222607444006,42
60,0.5,0.7,0.4,10,0.5,50,1,1,0,0,3689.76,92508,824.313680139609,0,50,3.25451216415765,0.283576530188965,50
60,0.5,0.7,0.4,10,1,50,1,1,0,0,4849.8,59088,1462.77639286058,0,50,2.55519873317491,0.376146900633905,50
60,0.5,0.7,0.4,10,1.5,50,1,0.98,0,0.02,15221.06,59088,8277.13194044845,0,50,1.49121046823582,0.402892505793464,49
60,1,0.5,0.2,0.001,0.5,50,1,0,1,0,982.22,71,179.268728848221,0,50,NA,NA,0
60,1,0.5,0.2,0.001,1,50,1,0,1,0,1454.58,71,323.608486682691,0,50,NA,NA,0
60,1,0.5,0.2,0.001,1.5,50,1,0,1,0,3533.66,71,929.107375223056,0,50,NA,NA,0
60,1,0.5,0.2,0.01,0.5,50,1,0,1,0,1554.26,71,207.151311157535,0,50,NA,NA,0
60,1,0.5,0.2,0.01,1,50,1,0,1,0,2662.8,71,562.96423926736,0,50,NA,NA,0
60,1,0.5,0.2,0.01,1.5,50,1,0,1,0,6080.66,71,920.451522074789,0,50,NA,NA,0
60,1,0.5,0.2,0.1,0.5,50,1,0,1,0,3505.42,174,866.756894335171,0,50,NA,NA,0
60,1,0.5,0.2,0.1,1,50,1,0,1,0,6438.56,174,1876.79595794404,0,50,NA,NA,0
60,1,0.5,0.2,0.1,1.5,50,1,0,1,0,14753.62,226.92,3837.69301922339,49.3388285227771,50,NA,NA,0
60,1,0.5,0.2,0.5,0.5,50,1,0.02,0.98,0,5130.3,1637,1739.39747074224,0,50,0.447891932746267,NA,1
60,1,0.5,0.2,0.5,1,50,1,0,1,0,9457.74,1637,3595.85782567234,0,50,NA,NA,0
60,1,0.5,0.2,0.5,1.5,50,1,0,1,0,20831.78,1637,8250.66256161978,0,50,NA,NA,0
60,1,0.5,0.2,1,0.5,50,1,0.12,0.78,0.1,6187.04,4012,2393.48695302183,0,50,0.597478936340956,0.365874192525056,6
60,1,0.5,0.2,1,1,50,1,0.02,0.96,0.02,11203.88,4012,4337.51798509475,0,50,0.448111422717755,NA,1
60,1,0.5,0.2,1,1.5,50,1,0,0.98,0.02,21639.74,4012,8000.38344695849,0,50,NA,NA,0
60,1,0.5,0.2,3,0.5,50,1,0.9,0.02,0.08,8258.44,15397,3905.96176538546,0,50,0.816799261107536,0.397382270204005,45
60,1,0.5,0.2,3,1,50,1,0.58,0.12,0.3,12684.1,15397,6470.75155162498,0,50,0.649178284175351,0.351066164027439,29
60,1,0.5,0.2,3,1.5,50,1,0.04,0.62,0.34,21975.38,15397,8392.57054073569,0,50,0.896554024277426,0.634032656451628,2
60,1,0.5,0.2,5,0.5,50,1,0.96,0,0.04,9996.28,24106,4723.64239881013,0,50,1.03660662139778,0.472913986081781,48
60,1,0.5,0.2,5,1,50,1,0.82,0.02,0.16,13429.12,24106,6986.41940245064,0,50,0.88559832531524,0.430981664018267,41
60,1,0.5,0.2,5,1.5,50,1,0.32,0.12,0.56,23043.32,24106,8766.96701432166,0,50,0.560357339953048,0.347242793707918,16
60,1,0.5,0.2,10,0.5,50,1,1,0,0,12220.58,59088,6900.65973211021,0,50,1.72137751851394,0.553555081126055,50
60,1,0.5,0.2,10,1,50,1,0.98,0,0.02,16236.96,59088,10479.0574314405,0,50,1.50949600489941,0.597873333094272,49
60,1,0.5,0.2,10,1.5,50,1,0.98,0,0.02,24679.52,58234.12,10022.0403544856,4225.61012447689,50,0.960608042817196,0.419333545761207,49
60,1,0.5,0.3,0.001,0.5,50,1,0,1,0,1437.08,71,390.387292784162,0,50,NA,NA,0
60,1,0.5,0.3,0.001,1,50,1,0,1,0,2374.54,71,702.135436961228,0,50,NA,NA,0
60,1,0.5,0.3,0.001,1.5,50,1,0,1,0,7024.88,71,2307.14244705879,0,50,NA,NA,0
60,1,0.5,0.3,0.01,0.5,50,1,0,1,0,2204.08,71,590.732849596022,0,50,NA,NA,0
60,1,0.5,0.3,0.01,1,50,1,0,1,0,3738.62,71,707.275309096212,0,50,NA,NA,0
60,1,0.5,0.3,0.01,1.5,50,1,0,1,0,9199.54,71,2294.670393031,0,50,NA,NA,0
60,1,0.5,0.3,0.1,0.5,50,1,0,1,0,5046.86,174,1644.6158165607,0,50,NA,NA,0
60,1,0.5,0.3,0.1,1,50,1,0,1,0,10546.7,174,2742.09498525548,0,50,NA,NA,0
60,1,0.5,0.3,0.1,1.5,50,1,0,1,0,29083.18,215.16,8928.19598225482,48.8597994265224,50,NA,NA,0
60,1,0.5,0.3,0.5,0.5,50,1,0.02,0.98,0,8790.42,1637,3599.10216746298,0,50,1.34383656414251,NA,1
60,1,0.5,0.3,0.5,1,50,1,0,1,0,20270.08,1637,8602.76711259054,0,50,NA,NA,0
60,1,0.5,0.3,0.5,1.5,50,1,0,1,0,44201.52,1637,17837.6922105286,0,50,NA,NA,0
60,1,0.5,0.3,1,0.5,50,1,0.04,0.88,0.08,11507.96,4012,5391.25146942068,0,50,1.34418627928548,1.2672412150596,2
60,1,0.5,0.3,1,1,50,1,0,0.98,0.02,26184.74,4012,12937.2023058484,0,50,NA,NA,0
60,1,0.5,0.3,1,1.5,50,1,0,1,0,49740.7,4012,20666.1904156503,0,50,NA,NA,0
60,1,0.5,0.3,3,0.5,50,1,0.34,0.54,0.12,19764.92,15397,11670.7237780556,0,50,0.896447588566171,0.807933518664581,17
60,1,0.5,0.3,3,1,50,1,0.04,0.82,0.14,39822.6,15397,24433.7883451985,0,50,0.896554024277426,0.634032656451628,2
60,1,0.5,0.3,3,1.5,50,1,0,0.96,0.04,63587.54,15397,30066.3357073275,0,50,NA,NA,0
60,1,0.5,0.3,5,0.5,50,1,0.38,0.32,0.3,24664.96,24106,14250.9481459864,0,50,1.03804465481502,0.897002029889569,19
60,1,0.5,0.3,5,1,50,1,0.16,0.62,0.22,49630.02,24106,38055.6397737763,0,50,0.616398438811882,0.475487879246235,8
60,1,0.5,0.3,5,1.5,50,1,0.04,0.94,0.02,82980.96,24106,61447.3140788804,0,50,0.44828808691837,0,2
60,1,0.5,0.3,10,0.5,50,1,0.72,0.1,0.18,40017.84,59088,27797.1120305542,0,50,1.05840769314508,0.959245655621376,36
60,1,0.5,0.3,10,1,50,1,0.38,0.32,0.3,79113.1,59088,75985.3528037087,0,50,0.802192582302892,0.550644453719712,19
60,1,0.5,0.3,10,1.5,50,0.94,0.12,0.56,0.26,90446.5106382979,57725.4255319149,49432.1868500379,5274.67822115485,47,0.672424257424763,0.375063851417651,6
60,1,0.5,0.4,0.001,0.5,50,1,0,1,0,4039.02,71,1671.05070808147,0,50,NA,NA,0
60,1,0.5,0.4,0.001,1,50,1,0,1,0,8618.7,71,3696.20516509149,0,50,NA,NA,0
60,1,0.5,0.4,0.001,1.5,50,1,0,0.98,0.02,32544.06,71,19713.0602314862,0,50,NA,NA,0
60,1,0.5,0.4,0.01,0.5,50,1,0,1,0,4385.6,71,1304.30278505493,0,50,NA,NA,0
60,1,0.5,0.4,0.01,1,50,1,0,1,0,8819.28,71,2801.31770043591,0,50,NA,NA,0
60,1,0.5,0.4,0.01,1.5,50,1,0,0.98,0.02,26243.7,71,11621.2592616519,0,50,NA,NA,0
60,1,0.5,0.4,0.1,0.5,50,1,0,1,0,12497.76,174,3844.41730177723,0,50,NA,NA,0
60,1,0.5,0.4,0.1,1,50,1,0,1,0,29688,174,8981.64161623302,0,50,NA,NA,0
60,1,0.5,0.4,0.1,1.5,50,1,0.02,0.98,0,84232.04,219.08,32284.3657126442,49.3388285227771,50,1.34312218925468,NA,1
60,1,0.5,0.4,0.5,0.5,50,1,0.02,0.98,0,35781.48,1637,15333.6981404636,0,50,1.34383656414251,NA,1
60,1,0.5,0.4,0.5,1,50,1,0,1,0,104143.52,1637,52025.288461278,0,50,NA,NA,0
60,1,0.5,0.4,0.5,1.5,50,0.74,0.02,0.72,0,248465.648648649,1637,113502.585061902,0,37,3.13794070032982,NA,1
60,1,0.5,0.4,1,0.5,50,1,0.02,0.96,0.02,56628.46,4012,28147.0878786667,0,50,2.2402611358532,NA,1
60,1,0.5,0.4,1,1,50,1,0,1,0,179282.3,4012,99803.507919669,0,50,NA,NA,0
60,1,0.5,0.4,1,1.5,50,0.44,0.02,0.42,0,229222.772727273,4012,113935.494249172,0,22,4.03436527204051,NA,1
60,1,0.5,0.4,3,0.5,50,1,0.08,0.92,0,136444.98,15397,78132.663739568,0,50,1.56868407092187,1.39325494316759,4
60,1,0.5,0.4,3,1,50,0.56,0.02,0.52,0.02,246518.642857143,15397,118703.289441211,0,28,0.896484284131327,NA,1
60,1,0.5,0.4,3,1.5,50,0.2,0.02,0.18,0,243248.9,15397,135696.822815053,0,10,5.3792480871886,NA,1
60,1,0.5,0.4,5,0.5,50,0.9,0.06,0.82,0.02,182816.066666667,24106,107942.542639886,0,45,2.39045843701194,1.44041209402527,3
60,1,0.5,0.4,5,1,50,0.24,0.02,0.22,0,210037.666666667,24106,139049.427169121,0,12,1.3447723710497,NA,1
60,1,0.5,0.4,5,1.5,50,0.1,0.02,0.08,0,205865.6,24106,158208.420911467,0,5,5.82753617410697,NA,1
60,1,0.5,0.4,10,0.5,50,0.64,0.06,0.54,0.04,244573.5,59088,122801.658982437,0,32,2.68933931110325,2.2408591778127,3
60,1,0.5,0.4,10,1,50,0.14,0.04,0.1,0,185718.428571429,59088,143447.116674702,0,7,1.34481013921464,1.26788392026832,2
60,1,0.5,0.4,10,1.5,50,0.06,0.02,0.04,0,166634.333333333,59088,178466.117412615,0,3,6.72410326005103,NA,1
60,1,0.6,0.2,0.001,0.5,50,1,0,1,0,753.9,71,169.256989726949,0,50,NA,NA,0
60,1,0.6,0.2,0.001,1,50,1,0,1,0,1094.24,71,221.681105764703,0,50,NA,NA,0
60,1,0.6,0.2,0.001,1.5,50,1,0,1,0,2390.66,71,585.860839156487,0,50,NA,NA,0
60,1,0.6,0.2,0.01,0.5,50,1,0,1,0,1345.76,71,310.739313277748,0,50,NA,NA,0
60,1,0.6,0.2,0.01,1,50,1,0,1,0,2062.1,71,504.730368511703,0,50,NA,NA,0
60,1,0.6,0.2,0.01,1.5,50,1,0,1,0,4346.22,71,877.585399995758,0,50,NA,NA,0
60,1,0.6,0.2,0.1,0.5,50,1,0,1,0,2352.8,174,527.877420836099,0,50,NA,NA,0
60,1,0.6,0.2,0.1,1,50,1,0,1,0,4147,174,1056.94776192041,0,50,NA,NA,0
60,1,0.6,0.2,0.1,1.5,50,1,0,1,0,8550.7,217.12,2068.22614768288,49.1398005693959,50,NA,NA,0
60,1,0.6,0.2,0.5,0.5,50,1,0.02,0.92,0.06,3288.54,1637,872.974394977146,0,50,0.447891932746267,NA,1
60,1,0.6,0.2,0.5,1,50,1,0.02,0.98,0,5582.12,1637,1697.38203749907,0,50,0.896332403834489,NA,1
60,1,0.6,0.2,0.5,1.5,50,1,0,1,0,11038.24,1637,3719.74382791425,0,50,NA,NA,0
60,1,0.6,0.2,1,0.5,50,1,0.3,0.08,0.62,3673,4012,1139.99813820113,0,50,0.597521057965622,0.27662364848828,15
60,1,0.6,0.2,1,1,50,1,0.04,0.68,0.28,5815.04,4012,1861.01256134111,0,50,1.12043419913147,0.950807988696607,2
60,1,0.6,0.2,1,1.5,50,1,0,0.98,0.02,11794.28,4012,4272.60652672872,0,50,NA,NA,0
60,1,0.6,0.2,3,0.5,50,1,1,0,0,4543.08,15397,1703.41759521072,0,50,1.29997307510562,0.427168167567018,50
60,1,0.6,0.2,3,1,50,1,1,0,0,6284.2,15397,1937.99931551556,0,50,0.959265652349988,0.4151175106178,50
60,1,0.6,0.2,3,1.5,50,1,0.52,0.08,0.4,12587.6,15397,4900.63781354956,0,50,0.603397192514963,0.251754745382026,26
60,1,0.6,0.2,5,0.5,50,1,1,0,0,4871.48,30378.1,1847.05127648346,6864.64211130679,50,1.88274370794696,0.496055572159328,50
60,1,0.6,0.2,5,1,50,1,1,0,0,6846.76,24106,2158.85896316947,0,50,1.3268587413204,0.4339488418124,50
60,1,0.6,0.2,5,1.5,50,1,0.9,0,0.1,12650.54,24106,5152.89321231782,0,50,0.806878136669388,0.352436408048914,45
60,1,0.6,0.2,10,0.5,50,1,1,0,0,5705.9,59088,2200.35106892755,0,50,2.42068052836453,0.434346967948758,50
60,1,0.6,0.2,10,1,50,1,1,0,0,7185.7,59088,2679.76803176723,0,50,2.18756366629336,0.45857125312973,50
60,1,0.6,0.2,10,1.5,50,1,1,0,0,13252.26,58661.06,5467.31011282476,3018.92169159785,50,1.56896540234394,0.427180331640129,50
60,1,0.6,0.3,0.001,0.5,50,1,0,1,0,932.64,71,273.812818530902,0,50,NA,NA,0
60,1,0.6,0.3,0.001,1,50,1,0,1,0,1547.18,71,466.844626952357,0,50,NA,NA,0
60,1,0.6,0.3,0.001,1.5,50,1,0,1,0,4205.18,71,1182.86648874845,0,50,NA,NA,0
60,1,0.6,0.3,0.01,0.5,50,1,0,1,0,1478.82,71,357.163067428162,0,50,NA,NA,0
60,1,0.6,0.3,0.01,1,50,1,0,1,0,2603.48,71,574.052306512433,0,50,NA,NA,0
60,1,0.6,0.3,0.01,1.5,50,1,0,1,0,5555.6,71,1069.6514023031,0,50,NA,NA,0
60,1,0.6,0.3,0.1,0.5,50,1,0,1,0,3147.72,174,1003.38307413938,0,50,NA,NA,0
60,1,0.6,0.3,0.1,1,50,1,0,1,0,5568.7,174,1332.37923218855,0,50,NA,NA,0
60,1,0.6,0.3,0.1,1.5,50,1,0,1,0,11704.5,221.04,3216.93355225001,49.4578608514359,50,NA,NA,0
60,1,0.6,0.3,0.5,0.5,50,1,0.02,0.9,0.08,4572.86,1637,1767.47584355516,0,50,0.896332403834489,NA,1
60,1,0.6,0.3,0.5,1,50,1,0,1,0,7970.36,1637,2631.5588439911,0,50,NA,NA,0
60,1,0.6,0.3,0.5,1.5,50,1,0,1,0,15273.26,1637,4651.79627719119,0,50,NA,NA,0
60,1,0.6,0.3,1,0.5,50,1,0.12,0.54,0.34,5183.64,4012,1964.26226230156,0,50,0.896375589352127,0.490995137020319,6
60,1,0.6,0.3,1,1,50,1,0.04,0.92,0.04,9054.86,4012,3171.53245010055,0,50,0.448111422717755,0,2
60,1,0.6,0.3,1,1.5,50,1,0,1,0,16674.92,4012,6326.13730305807,0,50,NA,NA,0
60,1,0.6,0.3,3,0.5,50,1,0.96,0.02,0.02,6958.44,15397,3597.00285192196,0,50,0.961876659944664,0.471430739780077,48
60,1,0.6,0.3,3,1,50,1,0.72,0,0.28,10536.32,15397,3463.00978824337,0,50,0.610096330954114,0.28658004919873,36
60,1,0.6,0.3,3,1.5,50,1,0.12,0.46,0.42,19755.44,15397,7458.82133042371,0,50,0.522935075194187,0.183000991143259,6
60,1,0.6,0.3,5,0.5,50,1,0.96,0,0.04,8348.1,30923.5,4783.08380265967,6886.7149724847,50,1.50356393390156,0.643920842070459,48
60,1,0.6,0.3,5,1,50,1,0.96,0,0.04,11280.16,24106,4124.81124050494,0,50,0.859167388544267,0.343909018742928,48
60,1,0.6,0.3,5,1.5,50,1,0.48,0.1,0.42,20884.4,24106,7462.05223727607,0,50,0.522993701541072,0.215845506229905,24
60,1,0.6,0.3,10,0.5,50,1,1,0,0,9896.5,59088,5369.70790164415,0,50,1.9455066596973,0.611622746113283,50
60,1,0.6,0.3,10,1,50,1,1,0,0,12908.9,59088,6502.25242057061,0,50,1.63171590263836,0.477145223739905,50
60,1,0.6,0.3,10,1.5,50,1,0.94,0.02,0.04,23751.1,57807.18,11512.9627886774,5121.10127143029,50,1.04917228750095,0.353178424475767,47
60,1,0.6,0.4,0.001,0.5,50,1,0,1,0,1586.9,71,455.122510979187,0,50,NA,NA,0
60,1,0.6,0.4,0.001,1,50,1,0,1,0,2808.1,71,1064.98880419525,0,50,NA,NA,0
60,1,0.6,0.4,0.001,1.5,50,1,0,1,0,7927.08,71,3082.10851389573,0,50,NA,NA,0
60,1,0.6,0.4,0.01,0.5,50,1,0,1,0,2206,71,493.834310807392,0,50,NA,NA,0
60,1,0.6,0.4,0.01,1,50,1,0,1,0,3858.4,71,848.468752806959,0,50,NA,NA,0
60,1,0.6,0.4,0.01,1.5,50,1,0,1,0,8950.26,71,2849.84921770845,0,50,NA,NA,0
60,1,0.6,0.4,0.1,0.5,50,1,0,1,0,5013.3,174,1312.70302608544,0,50,NA,NA,0
60,1,0.6,0.4,0.1,1,50,1,0,1,0,9970.82,174,2698.74196458805,0,50,NA,NA,0
60,1,0.6,0.4,0.1,1.5,50,1,0,1,0,21356.72,228.88,6701.13372996979,49.1398005693959,50,NA,NA,0
60,1,0.6,0.4,0.5,0.5,50,1,0.02,0.98,0,8338.82,1637,2778.99248142861,0,50,0.447891932746267,NA,1
60,1,0.6,0.4,0.5,1,50,1,0,1,0,16319.72,1637,6089.82857920333,0,50,NA,NA,0
60,1,0.6,0.4,0.5,1.5,50,1,0,1,0,35634.58,1637,14416.4652041777,0,50,NA,NA,0
60,1,0.6,0.4,1,0.5,50,1,0.02,0.96,0.02,10492.64,4012,4126.12048732443,0,50,1.34431650445696,NA,1
60,1,0.6,0.4,1,1,50,1,0.02,0.98,0,19037.14,4012,6227.96165760287,0,50,0.448111422717755,NA,1
60,1,0.6,0.4,1,1.5,50,1,0,1,0,43375.3,4012,18530.417313329,0,50,NA,NA,0
60,1,0.6,0.4,3,0.5,50,1,0.24,0.42,0.34,17603.64,15397,7107.64546610456,0,50,0.747037836604426,0.643379269081659,12
60,1,0.6,0.4,3,1,50,1,0.04,0.7,0.26,28955.54,15397,15519.9236062316,0,50,1.1206097356363,0.950895282182504,2
60,1,0.6,0.4,3,1.5,50,1,0.02,0.98,0,66302.42,15397,31832.6446599162,0,50,0.896484284131327,NA,1
60,1,0.6,0.4,5,0.5,50,1,0.56,0.14,0.3,22778.28,30378.1,11101.0051062496,6864.64211130679,50,0.86451991687295,0.558071111234034,28
60,1,0.6,0.4,5,1,50,1,0.22,0.54,0.24,34549.74,24106,17949.8425913285,0,50,0.652035311579516,0.543975362470982,11
60,1,0.6,0.4,5,1.5,50,1,0.02,0.96,0.02,78088.7,24106,36343.1657350162,0,50,1.3447723710497,NA,1
60,1,0.6,0.4,10,0.5,50,1,0.76,0.06,0.18,35752.48,59088,21603.299119971,0,50,0.979129191192844,0.682225685017445,38
60,1,0.6,0.4,10,1,50,1,0.58,0.16,0.26,48580.46,59088,30872.7362909445,0,50,0.850187883984573,0.566322342620361,29
60,1,0.6,0.4,10,1.5,50,1,0.1,0.78,0.12,124287.58,58234.12,70270.4726026486,4225.61012447689,50,0.896549801448876,0.776417164494367,5
60,1,0.7,0.2,0.001,0.5,50,1,0,1,0,624.62,71,93.5291922124765,0,50,NA,NA,0
60,1,0.7,0.2,0.001,1,50,1,0,1,0,901.52,71,219.318167910254,0,50,NA,NA,0
60,1,0.7,0.2,0.001,1.5,50,1,0,1,0,1983.2,71,507.512903223923,0,50,NA,NA,0
60,1,0.7,0.2,0.01,0.5,50,1,0,1,0,1016.72,71,183.830227800167,0,50,NA,NA,0
60,1,0.7,0.2,0.01,1,50,1,0,1,0,1558.34,71,326.167204522653,0,50,NA,NA,0
60,1,0.7,0.2,0.01,1.5,50,1,0,1,0,3418.66,71,821.179157414159,0,50,NA,NA,0
60,1,0.7,0.2,0.1,0.5,50,1,0,1,0,1859.96,174,502.308668417485,0,50,NA,NA,0
60,1,0.7,0.2,0.1,1,50,1,0.02,0.98,0,3058.06,174,970.091083668047,0,50,0.449525097902195,NA,1
60,1,0.7,0.2,0.1,1.5,50,1,0,1,0,6435.32,224.96,1733.44553006845,49.4578608514359,50,NA,NA,0
60,1,0.7,0.2,0.5,0.5,50,1,0.06,0.62,0.32,2168.1,1637,536.730816506519,0,50,0.597372089775674,0.258907226698308,3
60,1,0.7,0.2,0.5,1,50,1,0.04,0.96,0,3746.34,1637,1227.50025745041,0,50,1.79371138994665,1.26908553274843,2
60,1,0.7,0.2,0.5,1.5,50,1,0.02,0.98,0,7443.98,1637,1989.76827170956,0,50,1.34383656414251,NA,1
60,1,0.7,0.2,1,0.5,50,1,0.86,0,0.14,2433.22,4012,830.320722150575,0,50,0.656592944507693,0.329482940941676,43
60,1,0.7,0.2,1,1,50,1,0.24,0.12,0.64,3849.7,4012,1253.53770813418,0,50,0.821782179207685,0.952907900957369,12
60,1,0.7,0.2,1,1.5,50,1,0.02,0.98,0,7626.28,4012,2277.83631706647,0,50,2.2402611358532,NA,1
60,1,0.7,0.2,3,0.5,50,1,1,0,0,2713.92,15397,980.665493323752,0,50,1.81096455517523,0.414536787165236,50
60,1,0.7,0.2,3,1,50,1,1,0,0,3977.04,15397,1309.87969474066,0,50,1.45243573531914,0.597866844062511,50
60,1,0.7,0.2,3,1.5,50,1,0.96,0,0.04,7788.84,15397,2622.80931609056,0,50,0.793745425071675,0.482505595433115,48
60,1,0.7,0.2,5,0.5,50,1,1,0,0,2924.84,37195.6,1036.07011345758,2699.03002985162,50,2.61790155933594,0.455977057261832,50
60,1,0.7,0.2,5,1,50,1,1,0,0,4113.24,24106,1421.99047845488,0,50,1.8738199103765,0.61230820455469,50
60,1,0.7,0.2,5,1.5,50,1,1,0,0,7717.78,24106,2614.35841655349,0,50,1.21924887600167,0.496259996464194,50
60,1,0.7,0.2,10,0.5,50,1,1,0,0,3354.7,59088,1436.83037287223,0,50,2.97653837906964,0.502207224490424,50
60,1,0.7,0.2,10,1,50,1,1,0,0,4488.58,59088,1747.50943578662,0,50,2.70762460707696,0.671544356480561,50
60,1,0.7,0.2,10,1.5,50,1,1,0,0,7971.14,58661.06,2824.92251661846,3018.92169159785,50,2.0799554788199,0.518247852696485,50
60,1,0.7,0.3,0.001,0.5,50,1,0,0.98,0.02,741.96,71,194.600266375638,0,50,NA,NA,0
60,1,0.7,0.3,0.001,1,50,1,0,0.98,0.02,1221.76,71,386.763417639892,0,50,NA,NA,0
60,1,0.7,0.3,0.001,1.5,50,1,0,1,0,2741.68,71,707.749218816025,0,50,NA,NA,0
60,1,0.7,0.3,0.01,0.5,50,1,0,0.98,0.02,1219.88,71,335.625315870334,0,50,NA,NA,0
60,1,0.7,0.3,0.01,1,50,1,0,0.98,0.02,1938.18,71,556.004173013264,0,50,NA,NA,0
60,1,0.7,0.3,0.01,1.5,50,1,0,1,0,4168.48,71,881.690219095675,0,50,NA,NA,0
60,1,0.7,0.3,0.1,0.5,50,1,0.02,0.98,0,2393.98,174,529.556706797568,0,50,0.896375422173214,NA,1
60,1,0.7,0.3,0.1,1,50,1,0.02,0.98,0,3919.42,174,1148.62269057603,0,50,0.896375422173214,NA,1
60,1,0.7,0.3,0.1,1.5,50,1,0,1,0,8434.24,226.92,2156.49297268145,49.3388285227771,50,NA,NA,0
60,1,0.7,0.3,0.5,0.5,50,1,0.02,0.88,0.1,2913.22,1637,904.162241401127,0,50,3.13794070032982,NA,1
60,1,0.7,0.3,0.5,1,50,1,0.04,0.96,0,5114.44,1637,1774.97386195184,0,50,2.01713655208215,1.58505642721587,2
60,1,0.7,0.3,0.5,1.5,50,1,0,1,0,9733.1,1637,3356.00050017023,0,50,NA,NA,0
60,1,0.7,0.3,1,0.5,50,1,0.46,0.02,0.52,3248.42,4012,1063.57120963252,0,50,0.701494883338948,0.750438265067504,23
60,1,0.7,0.3,1,1,50,1,0.06,0.56,0.38,5329.26,4012,1863.80141284704,0,50,1.94226439973841,1.86640307330684,3
60,1,0.7,0.3,1,1.5,50,1,0,1,0,10410.98,4012,3475.08472655484,0,50,NA,NA,0
60,1,0.7,0.3,3,0.5,50,1,1,0,0,3885,15397,1405.15786025802,0,50,1.49724218352342,0.669246185438242,50
60,1,0.7,0.3,3,1,50,1,1,0,0,5607.58,15397,2033.62803463792,0,50,1.13858568482955,0.720030256779611,50
60,1,0.7,0.3,3,1.5,50,1,0.66,0.04,0.3,11434.9,15397,4182.05794106789,0,50,0.570477701786187,0.202732783654674,33
60,1,0.7,0.3,5,0.5,50,1,1,0,0,4260.76,37741,1605.6814506048,0,50,2.31311628369926,0.697756913209911,50
60,1,0.7,0.3,5,1,50,1,1,0,0,5956.96,24106,2224.71644567875,0,50,1.53307431684344,0.736249916483272,50
60,1,0.7,0.3,5,1.5,50,1,0.92,0,0.08,12259.1,24106,4747.01386373044,0,50,0.808822225119995,0.307943699670192,46
60,1,0.7,0.3,10,0.5,50,1,1,0,0,4939.28,59088,2165.50833019946,0,50,2.63586986684591,0.739315950515347,50
60,1,0.7,0.3,10,1,50,1,1,0,0,6681.38,59088,2484.35222855178,0,50,2.32204528258438,0.761437813996937,50
60,1,0.7,0.3,10,1.5,50,1,1,0,0,12481.58,59088,4758.7477648419,0,50,1.62275452371818,0.372176662412033,50
60,1,0.7,0.4,0.001,0.5,50,1,0,1,0,1004.9,71,160.675138089251,0,50,NA,NA,0
60,1,0.7,0.4,0.001,1,50,1,0,1,0,1676.34,71,427.608375569449,0,50,NA,NA,0
60,1,0.7,0.4,0.001,1.5,50,1,0,1,0,4448.56,71,1629.77560944532,0,50,NA,NA,0
60,1,0.7,0.4,0.01,0.5,50,1,0,1,0,1577.9,71,179.100046149107,0,50,NA,NA,0
60,1,0.7,0.4,0.01,1,50,1,0,1,0,2508.98,71,475.399359078496,0,50,NA,NA,0
60,1,0.7,0.4,0.01,1.5,50,1,0,1,0,5464.8,71,1100.66221254409,0,50,NA,NA,0
60,1,0.7,0.4,0.1,0.5,50,1,0,1,0,3145,174,805.940317838962,0,50,NA,NA,0
60,1,0.7,0.4,0.1,1,50,1,0,1,0,5241.98,174,1452.81236747972,0,50,NA,NA,0
60,1,0.7,0.4,0.1,1.5,50,1,0,1,0,10657.94,221.04,2824.22225819312,49.4578608514359,50,NA,NA,0
60,1,0.7,0.4,0.5,0.5,50,1,0,0.98,0.02,4546,1637,1311.85512826341,0,50,NA,NA,0
60,1,0.7,0.4,0.5,1,50,1,0.02,0.98,0,7383.66,1637,2148.30416850319,0,50,0.896332403834489,NA,1
60,1,0.7,0.4,0.5,1.5,50,1,0,1,0,13997.58,1637,3856.8504973327,0,50,NA,NA,0
60,1,0.7,0.4,1,0.5,50,1,0.08,0.5,0.42,5225.74,4012,1769.16315752934,0,50,0.560189709965989,0.224156574496468,4
60,1,0.7,0.4,1,1,50,1,0.02,0.94,0.04,8108.78,4012,2417.06854233953,0,50,1.79275697554518,NA,1
60,1,0.7,0.4,1,1.5,50,1,0,1,0,16018.28,4012,4964.06621113895,0,50,NA,NA,0
60,1,0.7,0.4,3,0.5,50,1,1,0,0,6575.26,15397,2178.25001666522,0,50,0.914434766503708,0.383819717407116,50
60,1,0.7,0.4,3,1,50,1,0.84,0,0.16,9430.28,15397,3301.11725700403,0,50,0.683027586958469,0.456243993661125,42
60,1,0.7,0.4,3,1.5,50,1,0.14,0.46,0.4,20735,15397,9007.61694911816,0,50,0.512262240653126,0.169425995878728,7
60,1,0.7,0.4,5,0.5,50,1,1,0,0,7817.56,37468.3,3115.70998990992,1928.28019229572,50,1.65860377036731,0.481371144590819,50
60,1,0.7,0.4,5,1,50,1,1,0,0,10316.12,24106,3538.38409239389,0,50,0.932380041944507,0.494679935594166,50
60,1,0.7,0.4,5,1.5,50,1,0.36,0.22,0.42,23974.6,24106,11512.0287472518,0,50,0.647501180505697,0.275976747853694,18
60,1,0.7,0.4,10,0.5,50,1,1,0,0,9753.2,59088,3983.22287211996,0,50,1.90068623798601,0.483993613401535,50
60,1,0.7,0.4,10,1,50,1,1,0,0,12582.48,59088,4772.29238220213,0,50,1.64068209080595,0.525002368788043,50
60,1,0.7,0.4,10,1.5,50,1,0.86,0.04,0.1,30675.36,59088,18120.8438947967,0,50,0.94868596292356,0.405796162055155,43
60,1.5,0.5,0.2,0.001,0.5,50,1,0,1,0,1273.98,71,357.867008133195,0,50,NA,NA,0
60,1.5,0.5,0.2,0.001,1,50,1,0,1,0,1835.6,71,428.956398526394,0,50,NA,NA,0
60,1.5,0.5,0.2,0.001,1.5,50,1,0,1,0,5082.4,71,1610.78098689893,0,50,NA,NA,0
60,1.5,0.5,0.2,0.01,0.5,50,1,0,1,0,2206,71,493.834310807392,0,50,NA,NA,0
60,1.5,0.5,0.2,0.01,1,50,1,0,1,0,3778.06,71,712.196040713625,0,50,NA,NA,0
60,1.5,0.5,0.2,0.01,1.5,50,1,0,1,0,10771.08,71,2764.98366116883,0,50,NA,NA,0
60,1.5,0.5,0.2,0.1,0.5,50,1,0,1,0,6071.94,174,1983.43662189172,0,50,NA,NA,0
60,1.5,0.5,0.2,0.1,1,50,1,0,1,0,13874.9,174,4357.29645747995,0,50,NA,NA,0
60,1.5,0.5,0.2,0.1,1.5,50,1,0,1,0,44181.5,191.64,15306.9896482567,38.0326175801772,50,NA,NA,0
60,1.5,0.5,0.2,0.5,0.5,50,1,0,1,0,12591.8,1637,5638.73146104653,0,50,NA,NA,0
60,1.5,0.5,0.2,0.5,1,50,1,0,1,0,34909.42,1637,15214.2667968896,0,50,NA,NA,0
60,1.5,0.5,0.2,0.5,1.5,50,1,0,1,0,100602.62,1637,60558.8157881987,0,50,NA,NA,0
60,1.5,0.5,0.2,1,0.5,50,1,0,0.98,0.02,19695.82,4012,9338.28072864265,0,50,NA,NA,0
60,1.5,0.5,0.2,1,1,50,1,0,0.98,0.02,53472.86,3954.04,25953.1267740006,286.827613733406,50,NA,NA,0
60,1.5,0.5,0.2,1,1.5,50,0.98,0.02,0.96,0,141017.367346939,3952.85714285714,84479.7886209807,289.67675950963,49,0.448111422717755,NA,1
60,1.5,0.5,0.2,3,0.5,50,1,0.1,0.84,0.06,41094.62,15174.52,21065.7234241615,1100.99046762264,50,0.627528853696586,0.245521593687698,5
60,1.5,0.5,0.2,3,1,50,1,0.02,0.96,0.02,118063.62,11726.08,73788.2637155718,2661.51778732454,50,1.34488281514809,NA,1
60,1.5,0.5,0.2,3,1.5,50,0.76,0.02,0.74,0,178924.236842105,11884.1578947368,96918.1263777009,2718.99220724225,38,1.79299423786585,NA,1
60,1.5,0.5,0.2,5,0.5,50,1,0.12,0.82,0.06,65483,24106,37395.3427439671,0,50,0.522992292486163,0.182987185281075,6
60,1.5,0.5,0.2,5,1,50,0.98,0.02,0.96,0,180401.040816327,23928.2653061224,96449.4536328829,1244.14285714286,49,1.3447723710497,NA,1
60,1.5,0.5,0.2,5,1.5,50,0.64,0.02,0.6,0.02,203899.34375,23017.375,108461.156033113,2926.31764366292,32,2.24128232478422,NA,1
60,1.5,0.5,0.2,10,0.5,50,1,0.12,0.76,0.12,122264.7,49695.32,77469.4113994784,10703.9522730091,50,0.896557521563706,0.567023820784541,6
60,1.5,0.5,0.2,10,1,50,0.8,0.02,0.78,0,253711.225,39342.025,104601.961585639,5694.2435732197,40,1.79305863555823,NA,1
60,1.5,0.5,0.2,10,1.5,50,0.44,0.04,0.38,0.02,237026.772727273,42592.5909090909,124681.548095226,9156.41198525508,22,1.7930678376184,1.90180833912141,2
60,1.5,0.5,0.3,0.001,0.5,50,1,0,1,0,1975.58,71,782.793195771999,0,50,NA,NA,0
60,1.5,0.5,0.3,0.001,1,50,1,0,1,0,3140.8,71,1040.50103707938,0,50,NA,NA,0
60,1.5,0.5,0.3,0.001,1.5,50,1,0,1,0,11139.24,71,6050.36735454121,0,50,NA,NA,0
60,1.5,0.5,0.3,0.01,0.5,50,1,0,1,0,3013.98,71,917.617645018327,0,50,NA,NA,0
60,1.5,0.5,0.3,0.01,1,50,1,0,1,0,5895.74,71,1302.64831988765,0,50,NA,NA,0
60,1.5,0.5,0.3,0.01,1.5,50,1,0,1,0,18347.26,71,6153.95410238699,0,50,NA,NA,0
60,1.5,0.5,0.3,0.1,0.5,50,1,0,1,0,9255.06,174,3718.37615101111,0,50,NA,NA,0
60,1.5,0.5,0.3,0.1,1,50,1,0,1,0,24515.14,174,7939.62524178566,0,50,NA,NA,0
60,1.5,0.5,0.3,0.1,1.5,50,1,0,1,0,83252.94,189.68,30752.3376661857,36.292147911084,50,NA,NA,0
60,1.5,0.5,0.3,0.5,0.5,50,1,0.02,0.98,0,26011.32,1637,14993.5338041546,0,50,1.34383656414251,NA,1
60,1.5,0.5,0.3,0.5,1,50,1,0,1,0,86071.62,1637,39186.4762619994,0,50,NA,NA,0
60,1.5,0.5,0.3,0.5,1.5,50,0.84,0,0.84,0,248537.976190476,1637,103605.179608604,0,42,NA,NA,0
60,1.5,0.5,0.3,1,0.5,50,1,0.04,0.94,0.02,45001.38,4012,26451.6814788159,0,50,1.34418627928548,1.2672412150596,2
60,1.5,0.5,0.3,1,1,50,1,0,1,0,154643.34,3896.08,89188.1178133395,397.094850130293,50,NA,NA,0
60,1.5,0.5,0.3,1,1.5,50,0.42,0,0.42,0,276191.571428571,3943,104534.569416328,316.197722951953,21,NA,NA,0
60,1.5,0.5,0.3,3,0.5,50,1,0.08,0.92,0,121807.52,14952.04,84481.5674537255,1524.25228186659,50,1.68078370367606,1.33808907875534,4
60,1.5,0.5,0.3,3,1,50,0.64,0,0.64,0,246560.53125,12616,106786.58972923,2825.49882550024,32,NA,NA,0
60,1.5,0.5,0.3,3,1.5,50,0.12,0,0.12,0,243447.833333333,12616,138163.983101844,3046.43286484373,6,NA,NA,0
60,1.5,0.5,0.3,5,0.5,50,0.96,0.06,0.9,0,180383.270833333,24106,114854.249641131,0,48,2.53992461401753,1.2934153698399,3
60,1.5,0.5,0.3,5,1,50,0.4,0,0.4,0,274758.75,23670.55,120156.771968465,1947.39160160457,20,NA,NA,0
60,1.5,0.5,0.3,5,1.5,50,0.06,0,0.06,0,224752.333333333,24106,131257.390360822,0,3,NA,NA,0
60,1.5,0.5,0.3,10,0.5,50,0.66,0.04,0.6,0.02,221440.606060606,51325.4545454545,122180.345255727,10428.0993806725,33,3.3615877345016,1.58410384079048,2
60,1.5,0.5,0.3,10,1,50,0.14,0,0.14,0,245204,37741,139194.359751632,0,7,NA,NA,0
60,1.5,0.5,0.3,10,1.5,50,0.04,0,0.04,0,223754,37741,185609.873207219,0,2,NA,NA,0
60,1.5,0.5,0.4,0.001,0.5,50,1,0,1,0,8855.08,71,6601.31748705499,0,50,NA,NA,0
60,1.5,0.5,0.4,0.001,1,50,0.96,0,0.96,0,17320.6041666667,71,10536.3730077827,0,48,NA,NA,0
60,1.5,0.5,0.4,0.001,1.5,50,0.92,0,0.9,0.02,80403.5,71,75461.8025239701,0,46,NA,NA,0
60,1.5,0.5,0.4,0.01,0.5,50,1,0,1,0,9623.1,71,8540.8332582306,0,50,NA,NA,0
60,1.5,0.5,0.4,0.01,1,50,0.96,0,0.96,0,17481.4583333333,71,9161.09019564239,0,48,NA,NA,0
60,1.5,0.5,0.4,0.01,1.5,50,0.94,0,0.92,0.02,71186.4680851064,71,42044.7050369687,0,47,NA,NA,0
60,1.5,0.5,0.4,0.1,0.5,50,1,0,1,0,30194.94,174,17382.1374761916,0,50,NA,NA,0
60,1.5,0.5,0.4,0.1,1,50,0.98,0,0.98,0,79524.8979591837,174,34406.6577491702,0,49,NA,NA,0
60,1.5,0.5,0.4,0.1,1.5,50,0.86,0.02,0.84,0,240829.906976744,187.674418604651,107747.237426261,34.3592511492158,43,0.896375422173214,NA,1
60,1.5,0.5,0.4,0.5,0.5,50,0.94,0.02,0.92,0,122954.978723404,1637,82312.5869371273,0,47,1.34383656414251,NA,1
60,1.5,0.5,0.4,0.5,1,50,0.68,0,0.68,0,254326.970588235,1637,106808.362823893,0,34,NA,NA,0
60,1.5,0.5,0.4,0.5,1.5,50,0.12,0.02,0.1,0,187971,1637,123959.252225883,0,6,3.13794070032982,NA,1
60,1.5,0.5,0.4,1,0.5,50,0.74,0.02,0.7,0.02,196523.756756757,4012,121081.858965423,0,37,2.2402611358532,NA,1
60,1.5,0.5,0.4,1,1,50,0.26,0.02,0.24,0,246346.692307692,3900.53846153846,137295.277277592,401.880292165179,13,0.448111422717755,NA,1
60,1.5,0.5,0.4,1,1.5,50,0.08,0.02,0.06,0,213725.75,3649.75,173504.590153258,724.5,4,4.03436527204051,NA,1
60,1.5,0.5,0.4,3,0.5,50,0.3,0.06,0.24,0,214281.2,15397,152710.480303276,0,15,1.79275066651872,1.61570540923067,3
60,1.5,0.5,0.4,3,1,50,0.1,0,0.1,0,261666,10947.4,91530.115871772,2487.40201817077,5,NA,NA,0
60,1.5,0.5,0.4,3,1.5,50,0.04,0.02,0.02,0,177535.5,12616,250972.70273976,3932.92791695958,2,5.3792480871886,NA,1
60,1.5,0.5,0.4,5,0.5,50,0.18,0.04,0.12,0.02,176087.111111111,24106,159635.108331817,0,9,2.91330146999306,1.58410384079048,2
60,1.5,0.5,0.4,5,1,50,0.04,0,0.04,0,185790.5,24106,57924.0661944584,0,2,NA,NA,0
60,1.5,0.5,0.4,5,1.5,50,0.02,0.02,0,0,71,24106,NA,NA,1,5.82753617410697,NA,1
60,1.5,0.5,0.4,10,0.5,50,0.1,0.04,0.06,0,108891,50549.2,144802.010687007,11692.2334350628,5,3.3615877345016,1.58410384079048,2
60,1.5,0.5,0.4,10,1,50,0.04,0,0.04,0,355000,37741,0,0,2,NA,NA,0
60,1.5,0.5,0.4,10,1.5,50,0.02,0.02,0,0,71,37741,NA,NA,1,6.2758224386155,NA,1
60,1.5,0.6,0.2,0.001,0.5,50,1,0,1,0,989.78,71,173.628889959509,0,50,NA,NA,0
60,1.5,0.6,0.2,0.001,1,50,1,0,1,0,1411.56,71,346.75217051246,0,50,NA,NA,0
60,1.5,0.6,0.2,0.001,1.5,50,1,0,1,0,3279.44,71,790.766410980318,0,50,NA,NA,0
60,1.5,0.6,0.2,0.01,0.5,50,1,0,1,0,1609.82,71,318.81340521838,0,50,NA,NA,0
60,1.5,0.6,0.2,0.01,1,50,1,0,1,0,2777.86,71,699.763021402567,0,50,NA,NA,0
60,1.5,0.6,0.2,0.01,1.5,50,1,0,1,0,7282.76,71,1848.12986070807,0,50,NA,NA,0
60,1.5,0.6,0.2,0.1,0.5,50,1,0,1,0,3791.02,174,987.603830552742,0,50,NA,NA,0
60,1.5,0.6,0.2,0.1,1,50,1,0,1,0,7525.78,174,2188.6826276301,0,50,NA,NA,0
60,1.5,0.6,0.2,0.1,1.5,50,1,0,1,0,19162.72,193.6,5612.58852951405,39.5979797464467,50,NA,NA,0
60,1.5,0.6,0.2,0.5,0.5,50,1,0,0.96,0.04,6968.64,1637,2655.16480721431,0,50,NA,NA,0
60,1.5,0.6,0.2,0.5,1,50,1,0.02,0.98,0,14765.1,1637,6411.19617687428,0,50,0.896332403834489,NA,1
60,1.5,0.6,0.2,0.5,1.5,50,1,0,1,0,34193.02,1637,15789.2634361687,0,50,NA,NA,0
60,1.5,0.6,0.2,1,0.5,50,1,0.06,0.88,0.06,9262.64,4012,3596.31220841686,0,50,0.746986855379713,0.258833717252321,3
60,1.5,0.6,0.2,1,1,50,1,0.02,0.94,0.04,21212.4,3983.02,9644.35553014491,204.919545187861,50,1.79275697554518,NA,1
60,1.5,0.6,0.2,1,1.5,50,1,0,0.98,0.02,41084.4,3954.04,21724.1006755922,286.827613733406,50,NA,NA,0
60,1.5,0.6,0.2,3,0.5,50,1,0.24,0.38,0.38,17503.1,15397,8412.54958865816,0,50,0.971201105368163,0.710918373477969,12
60,1.5,0.6,0.2,3,1,50,1,0.04,0.84,0.12,33379.28,12727.24,20074.4979473552,2806.98593934374,50,2.24126130292068,1.26767061442748,2
60,1.5,0.6,0.2,3,1.5,50,1,0.04,0.96,0,66779.38,12727.24,44773.8175567793,2806.98593934374,50,0.896554024277426,0.634032656451628,2
60,1.5,0.6,0.2,5,0.5,50,1,0.36,0.34,0.3,26430.3,24106,14032.3371396942,0,50,0.772026446581584,0.717967626873386,18
60,1.5,0.6,0.2,5,1,50,1,0.14,0.74,0.12,45753.32,23931.82,27727.2050980363,1231.63859147073,50,1.15268063538239,1.18189234324758,7
60,1.5,0.6,0.2,5,1.5,50,1,0.04,0.8,0.16,84380.58,23757.64,61436.9601179476,1723.93491235627,50,1.3448421111958,0.634032656451628,2
60,1.5,0.6,0.2,10,0.5,50,1,0.58,0.16,0.26,44785.62,56526.36,23608.5406734555,7007.38164660842,50,0.896556748343355,0.821342050123813,29
60,1.5,0.6,0.2,10,1,50,1,0.18,0.6,0.22,79105.3,39021.82,55541.0071551293,5121.10127143029,50,1.14556281421397,1.18828826578748,9
60,1.5,0.6,0.2,10,1.5,50,0.94,0.16,0.62,0.16,100221.510638298,41828.7234042553,70017.6077019116,8490.28088515263,47,0.89656563689811,0.794729288280573,8
60,1.5,0.6,0.3,0.001,0.5,50,1,0,1,0,1122.18,71,337.997083069167,0,50,NA,NA,0
60,1.5,0.6,0.3,0.001,1,50,1,0,1,0,2079.26,71,586.778121331623,0,50,NA,NA,0
60,1.5,0.6,0.3,0.001,1.5,50,1,0,1,0,5347.62,71,1661.34841828521,0,50,NA,NA,0
60,1.5,0.6,0.3,0.01,0.5,50,1,0,1,0,1996.3,71,564.298526075173,0,50,NA,NA,0
60,1.5,0.6,0.3,0.01,1,50,1,0,1,0,3883.52,71,587.716967838869,0,50,NA,NA,0
60,1.5,0.6,0.3,0.01,1.5,50,1,0,1,0,10116.26,71,2478.32321367262,0,50,NA,NA,0
60,1.5,0.6,0.3,0.1,0.5,50,1,0,1,0,5488,174,1867.57812174386,0,50,NA,NA,0
60,1.5,0.6,0.3,0.1,1,50,1,0,1,0,12455.32,174,3884.66314795263,0,50,NA,NA,0
60,1.5,0.6,0.3,0.1,1.5,50,1,0,1,0,36239.54,197.52,14085.3229403909,42.2790728375162,50,NA,NA,0
60,1.5,0.6,0.3,0.5,0.5,50,1,0.02,0.98,0,11466.68,1637,5238.00015366513,0,50,0.896332403834489,NA,1
60,1.5,0.6,0.3,0.5,1,50,1,0,1,0,27123.7,1637,11769.7795641973,0,50,NA,NA,0
60,1.5,0.6,0.3,0.5,1.5,50,1,0,1,0,74082.6,1637,43144.6752597039,0,50,NA,NA,0
60,1.5,0.6,0.3,1,0.5,50,1,0.04,0.94,0.02,17280.62,4012,10243.4415033349,0,50,1.12043419913147,0.950807988696607,2
60,1.5,0.6,0.3,1,1,50,1,0,1,0,43555.52,3954.04,20584.85511664,286.827613733406,50,NA,NA,0
60,1.5,0.6,0.3,1,1.5,50,1,0,1,0,101146.52,3925.06,63627.9804742716,347.612111411556,50,NA,NA,0
60,1.5,0.6,0.3,3,0.5,50,1,0.08,0.72,0.2,37567,15397,24256.9804445177,0,50,1.12057887272839,1.34470727864326,4
60,1.5,0.6,0.3,3,1,50,1,0.02,0.96,0.02,94584.24,12727.24,72822.3589558894,2806.98593934374,50,0.448259050724568,NA,1
60,1.5,0.6,0.3,3,1.5,50,0.96,0,0.96,0,169860.875,13311.25,107742.02166397,2721.18655674243,48,NA,NA,0
60,1.5,0.6,0.3,5,0.5,50,1,0.08,0.74,0.18,58324.36,24106,34900.5056818286,0,50,1.23269803459169,1.56881989534664,4
60,1.5,0.6,0.3,5,1,50,0.96,0,0.9,0.06,128377.395833333,23743.125,81055.9625375119,1758.7036161828,48,NA,NA,0
60,1.5,0.6,0.3,5,1.5,50,0.82,0.02,0.8,0,187118.536585366,23468.756097561,113994.096749371,2296.14226236625,41,0.44828808691837,NA,1
60,1.5,0.6,0.3,10,0.5,50,1,0.14,0.62,0.24,114748.98,55245.54,78580.0416303799,8284.51313759226,50,1.0886390603086,1.34116570125796,7
60,1.5,0.6,0.3,10,1,50,0.84,0.02,0.76,0.06,199888.928571429,41807.0952380952,119479.918177194,8484.07948298667,42,0.448286264508531,NA,1
60,1.5,0.6,0.3,10,1.5,50,0.62,0.02,0.58,0.02,202355.35483871,44627.1290322581,115331.954028809,10143.9014938104,31,0.896574351426901,NA,1
60,1.5,0.6,0.4,0.001,0.5,50,1,0,1,0,2149.3,71,696.280269924198,0,50,NA,NA,0
60,1.5,0.6,0.4,0.001,1,50,1,0,1,0,3811.1,71,1568.66432524811,0,50,NA,NA,0
60,1.5,0.6,0.4,0.001,1.5,50,1,0,1,0,10487.3,71,4502.07779355085,0,50,NA,NA,0
60,1.5,0.6,0.4,0.01,0.5,50,1,0,1,0,3342,71,917.375382183725,0,50,NA,NA,0
60,1.5,0.6,0.4,0.01,1,50,1,0,1,0,5963.48,71,1594.71965727714,0,50,NA,NA,0
60,1.5,0.6,0.4,0.01,1.5,50,1,0,1,0,17309.98,71,6171.3264458812,0,50,NA,NA,0
60,1.5,0.6,0.4,0.1,0.5,50,1,0,1,0,9539.78,174,3071.29207198348,0,50,NA,NA,0
60,1.5,0.6,0.4,0.1,1,50,1,0,1,0,23097.22,174,7767.34128675301,0,50,NA,NA,0
60,1.5,0.6,0.4,0.1,1.5,50,1,0,1,0,76036.94,189.68,26080.7593466595,36.292147911084,50,NA,NA,0
60,1.5,0.6,0.4,0.5,0.5,50,1,0,1,0,27754.18,1637,11880.3439562144,0,50,NA,NA,0
60,1.5,0.6,0.4,0.5,1,50,1,0,1,0,78795.8,1637,32786.6251420313,0,50,NA,NA,0
60,1.5,0.6,0.4,0.5,1.5,50,0.94,0,0.94,0,241055.276595745,1637,96793.2487651323,0,47,NA,NA,0
60,1.5,0.6,0.4,1,0.5,50,1,0,1,0,48738.22,4012,23758.7990199206,0,50,NA,NA,0
60,1.5,0.6,0.4,1,1,50,1,0,0.98,0.02,140274.74,3983.02,70283.7174103124,204.919545187861,50,NA,NA,0
60,1.5,0.6,0.4,1,1.5,50,0.5,0,0.5,0,263107.4,3954.04,101342.893452953,289.8,25,NA,NA,0
60,1.5,0.6,0.4,3,0.5,50,1,0.02,0.94,0.04,119223.22,15397,62228.096077907,0,50,0.896484284131327,NA,1
60,1.5,0.6,0.4,3,1,50,0.54,0.02,0.52,0,258254.407407407,12513,107151.360957386,2832.03177948271,27,0.896484284131327,NA,1
60,1.5,0.6,0.4,3,1.5,50,0.12,0.02,0.1,0,241069.333333333,13543,142742.147670079,2872.20444954742,6,0.448225233406759,NA,1
60,1.5,0.6,0.4,5,0.5,50,1,0.06,0.94,0,184932.3,24106,95281.625878503,0,50,0.747116181628812,0.517585442767491,3
60,1.5,0.6,0.4,5,1,50,0.32,0.02,0.3,0,256616.0625,24106,113361.124110793,0,16,1.3447723710497,NA,1
60,1.5,0.6,0.4,5,1.5,50,0.1,0.02,0.08,0,234666.6,24106,141098.263144165,0,5,0.896513320325129,NA,1
60,1.5,0.6,0.4,10,0.5,50,0.64,0.04,0.56,0.04,238951.3125,55752.53125,117516.46119489,7874.95169052002,32,0.67242395368979,0.316986257546769,2
60,1.5,0.6,0.4,10,1,50,0.14,0.02,0.12,0,287369.142857143,40790.5714285714,131383.450480427,8068.40760532797,7,1.34479958483366,NA,1
60,1.5,0.6,0.4,10,1.5,50,0.02,0.02,0,0,9835,59088,NA,NA,1,1.79308040626918,NA,1
60,1.5,0.7,0.2,0.001,0.5,50,1,0,1,0,753.9,71,169.256989726949,0,50,NA,NA,0
60,1.5,0.7,0.2,0.001,1,50,1,0,1,0,1121.7,71,349.169466486591,0,50,NA,NA,0
60,1.5,0.7,0.2,0.001,1.5,50,1,0,1,0,2698.48,71,602.642251477032,0,50,NA,NA,0
60,1.5,0.7,0.2,0.01,0.5,50,1,0,1,0,1314.56,71,321.421851358324,0,50,NA,NA,0
60,1.5,0.7,0.2,0.01,1,50,1,0,1,0,2259.46,71,626.209237053741,0,50,NA,NA,0
60,1.5,0.7,0.2,0.01,1.5,50,1,0,1,0,5337.02,71,1596.57103857752,0,50,NA,NA,0
60,1.5,0.7,0.2,0.1,0.5,50,1,0,1,0,2701.92,174,853.476201263075,0,50,NA,NA,0
60,1.5,0.7,0.2,0.1,1,50,1,0.02,0.98,0,5466.98,174,2036.79472571339,0,50,0.449525097902195,NA,1
60,1.5,0.7,0.2,0.1,1.5,50,1,0,1,0,13257.48,191.64,4708.99161717371,38.0326175801772,50,NA,NA,0
60,1.5,0.7,0.2,0.5,0.5,50,1,0.04,0.86,0.1,4328.16,1637,1714.58202629619,0,50,0.447891932746267,0,2
60,1.5,0.7,0.2,0.5,1,50,1,0.04,0.96,0,8172.44,1637,3684.86171844774,0,50,1.79371138994665,1.26908553274843,2
60,1.5,0.7,0.2,0.5,1.5,50,1,0.02,0.98,0,18561.94,1637,7506.41061376534,0,50,0.447891932746267,NA,1
60,1.5,0.7,0.2,1,0.5,50,1,0.2,0.56,0.24,5569.24,4012,2707.2498475654,0,50,0.80667769866277,0.353491799819934,10
60,1.5,0.7,0.2,1,1,50,1,0.04,0.9,0.06,10512.46,3954.04,5312.51386441408,286.827613733406,50,2.91388804181135,0.952652306385434,2
60,1.5,0.7,0.2,1,1.5,50,1,0.02,0.98,0,21390.04,3838.12,9763.89462475222,475.649787133349,50,1.34431650445696,NA,1
60,1.5,0.7,0.2,3,0.5,50,1,0.76,0.02,0.22,8997.18,15397,5007.33005433646,0,50,0.990846608915035,0.668568721607503,38
60,1.5,0.7,0.2,3,1,50,1,0.34,0.48,0.18,15343.52,12727.24,9605.54221236206,2806.98593934374,50,1.10753494743843,1.08816674540441,17
60,1.5,0.7,0.2,3,1.5,50,1,0.08,0.76,0.16,25784.58,12616,14185.079508298,2809.2342263997,50,1.00847720928578,0.848401540120486,4
60,1.5,0.7,0.2,5,0.5,50,1,0.84,0,0.16,11723.76,24106,7023.53301571632,0,50,1.14199767825943,0.728849705080024,42
60,1.5,0.7,0.2,5,1,50,1,0.58,0.22,0.2,19902.56,23931.82,13472.7400803191,1231.63859147073,50,1.05114768757314,1.0116442117197,29
60,1.5,0.7,0.2,5,1.5,50,1,0.28,0.36,0.36,30882.14,23060.92,20167.9406504988,2858.82263363998,50,0.736424432428594,0.737671344458902,14
60,1.5,0.7,0.2,10,0.5,50,1,0.96,0,0.04,19027.66,58234.12,12801.951923254,4225.61012447689,50,1.49424187700385,0.935391930826848,48
60,1.5,0.7,0.2,10,1,50,1,0.66,0.2,0.14,29988.7,40729.58,23308.3780726491,7482.33339979677,50,1.20902280287832,1.0602869737233,33
60,1.5,0.7,0.2,10,1.5,50,1,0.56,0.2,0.24,35502.74,40729.58,26578.9716665146,7482.33339979677,50,0.896548627407743,0.622032530928525,28
60,1.5,0.7,0.3,0.001,0.5,50,1,0,1,0,1005.3,71,252.59067880745,0,50,NA,NA,0
60,1.5,0.7,0.3,0.001,1,50,1,0,0.98,0.02,1490.08,71,477.173217169272,0,50,NA,NA,0
60,1.5,0.7,0.3,0.001,1.5,50,1,0,1,0,3998.46,71,1182.42958473524,0,50,NA,NA,0
60,1.5,0.7,0.3,0.01,0.5,50,1,0,1,0,1690.6,71,440.55641997782,0,50,NA,NA,0
60,1.5,0.7,0.3,0.01,1,50,1,0,0.98,0.02,2862.46,71,851.998424114668,0,50,NA,NA,0
60,1.5,0.7,0.3,0.01,1.5,50,1,0,1,0,7049.84,71,1879.09505315072,0,50,NA,NA,0
60,1.5,0.7,0.3,0.1,0.5,50,1,0,1,0,3893.64,174,1075.54568513677,0,50,NA,NA,0
60,1.5,0.7,0.3,0.1,1,50,1,0.02,0.98,0,7524,174,2894.38968223926,0,50,0.896375422173214,NA,1
60,1.5,0.7,0.3,0.1,1.5,50,1,0,1,0,17892.26,191.64,5783.94603247045,38.0326175801772,50,NA,NA,0
60,1.5,0.7,0.3,0.5,0.5,50,1,0,0.94,0.06,6402.02,1637,2334.4034896849,0,50,NA,NA,0
60,1.5,0.7,0.3,0.5,1,50,1,0.04,0.96,0,12940.08,1637,5128.88869627481,0,50,2.01713655208215,1.58505642721587,2
60,1.5,0.7,0.3,0.5,1.5,50,1,0,1,0,28191.64,1637,11564.2369182064,0,50,NA,NA,0
60,1.5,0.7,0.3,1,0.5,50,1,0.04,0.86,0.1,8810.56,4012,3428.43496847486,0,50,0.896424571710691,0,2
60,1.5,0.7,0.3,1,1,50,1,0.06,0.94,0,18006.86,3954.04,8032.97482195756,286.827613733406,50,1.94226439973841,1.86640307330684,3
60,1.5,0.7,0.3,1,1.5,50,1,0,1,0,34565.68,3954.04,17388.3736579054,286.827613733406,50,NA,NA,0
60,1.5,0.7,0.3,3,0.5,50,1,0.36,0.34,0.3,16407.54,15397,7896.68078607353,0,50,0.672365060482707,0.467638060150494,18
60,1.5,0.7,0.3,3,1,50,1,0.08,0.84,0.08,29809.54,13172.2,14336.2737056626,2752.4761690566,50,2.57741671951657,2.08258888380105,4
60,1.5,0.7,0.3,3,1.5,50,1,0.04,0.94,0.02,49584.48,12838.48,27123.7588488659,2800.23024738455,50,0.672354758769043,0.316967014495586,2
60,1.5,0.7,0.3,5,0.5,50,1,0.44,0.18,0.38,21802.64,24106,10954.5145213454,0,50,0.774289263581041,0.556485525489179,22
60,1.5,0.7,0.3,5,1,50,1,0.16,0.74,0.1,42440.98,24106,23503.9448130543,0,50,1.73699644667665,1.9382496989693,8
60,1.5,0.7,0.3,5,1.5,50,1,0.08,0.78,0.14,61933.7,23757.64,42803.8887262809,1723.93491235627,50,0.784465466302892,0.429157706023331,4
60,1.5,0.7,0.3,10,0.5,50,1,0.66,0.08,0.26,39739.64,58234.12,21843.7128420261,4225.61012447689,50,0.950900490094642,0.697693655818024,33
60,1.5,0.7,0.3,10,1,50,1,0.26,0.6,0.14,68551.78,41156.52,48145.8806682146,7905.39266793786,50,1.44824179911087,1.75675508945541,13
60,1.5,0.7,0.3,10,1.5,50,1,0.16,0.68,0.16,94286.98,41583.46,68883.0936594868,8284.51313759226,50,0.840515820521014,0.504735865347141,8
60,1.5,0.7,0.4,0.001,0.5,50,1,0,1,0,1374.38,71,443.203315853654,0,50,NA,NA,0
60,1.5,0.7,0.4,0.001,1,50,1,0,1,0,2321.06,71,723.792771391347,0,50,NA,NA,0
60,1.5,0.7,0.4,0.001,1.5,50,1,0,1,0,5897.62,71,2231.48676428602,0,50,NA,NA,0
60,1.5,0.7,0.4,0.01,0.5,50,1,0,1,0,2204.64,71,576.796032990406,0,50,NA,NA,0
60,1.5,0.7,0.4,0.01,1,50,1,0,1,0,4089.04,71,1102.441482736,0,50,NA,NA,0
60,1.5,0.7,0.4,0.01,1.5,50,1,0,1,0,9391.14,71,2808.17005568264,0,50,NA,NA,0
60,1.5,0.7,0.4,0.1,0.5,50,1,0,1,0,5527.12,174,1696.71701776323,0,50,NA,NA,0
60,1.5,0.7,0.4,0.1,1,50,1,0,1,0,11721,174,3962.59377536626,0,50,NA,NA,0
60,1.5,0.7,0.4,0.1,1.5,50,1,0,1,0,29082.46,189.68,8108.17453022893,36.292147911084,50,NA,NA,0
60,1.5,0.7,0.4,0.5,0.5,50,1,0,1,0,11579.5,1637,3659.08648268323,0,50,NA,NA,0
60,1.5,0.7,0.4,0.5,1,50,1,0.02,0.98,0,26199.82,1637,10570.2712603773,0,50,0.896332403834489,NA,1
60,1.5,0.7,0.4,0.5,1.5,50,1,0,1,0,60054.86,1637,24206.0104443723,0,50,NA,NA,0
60,1.5,0.7,0.4,1,0.5,50,1,0.04,0.96,0,16946.66,4012,6235.45007003651,0,50,0.448111422717755,0,2
60,1.5,0.7,0.4,1,1,50,1,0.02,0.96,0.02,37719.36,3983.02,16871.960382038,204.919545187861,50,1.79275697554518,NA,1
60,1.5,0.7,0.4,1,1.5,50,1,0,1,0,85064.28,3983.02,44947.6423131607,204.919545187861,50,NA,NA,0
60,1.5,0.7,0.4,3,0.5,50,1,0.04,0.92,0.04,37291,15397,15093.354834604,0,50,1.79299423786585,0,2
60,1.5,0.7,0.4,3,1,50,1,0.04,0.96,0,74950.34,13394.68,36080.0436544433,2696.86485734371,50,2.0170620374123,1.58473625638352,2
60,1.5,0.7,0.4,3,1.5,50,1,0.02,0.98,0,145152.64,13060.96,88601.1573165212,2773.0429021461,50,0.896484284131327,NA,1
60,1.5,0.7,0.4,5,0.5,50,1,0.04,0.86,0.1,56177.46,24106,27304.1506781198,0,50,2.24128232478422,0,2
60,1.5,0.7,0.4,5,1,50,1,0.04,0.96,0,110646.16,24106,58149.8641570561,0,50,2.46535012433067,1.58473625638352,2
60,1.5,0.7,0.4,5,1.5,50,0.98,0.02,0.96,0,188438.591836735,23750.5306122449,109653.276414402,1741.05928127631,49,1.3447723710497,NA,1
60,1.5,0.7,0.4,10,0.5,50,1,0.1,0.68,0.22,96799.24,58234.12,43886.6780272528,4225.61012447689,50,1.25515445626081,1.20281334867449,5
60,1.5,0.7,0.4,10,1,50,0.96,0.04,0.9,0.02,196631.208333333,40854.1041666667,97247.486688293,7613.91897368593,48,3.13777679955696,1.90171866509646,2
60,1.5,0.7,0.4,10,1.5,50,0.66,0.02,0.6,0.04,200841.787878788,43562.9090909091,104545.699784161,9654.54400905228,33,2.24133945699375,NA,1
100,0.5,0.5,0.2,0.001,0.5,50,1,0,1,0,766.28,71,167.487074128125,0,50,NA,NA,0
100,0.5,0.5,0.2,0.001,1,50,1,0,1,0,1082.42,71,207.449830669726,0,50,NA,NA,0
100,0.5,0.5,0.2,0.001,1.5,50,1,0,1,0,2452.92,71,566.253272820204,0,50,NA,NA,0
100,0.5,0.5,0.2,0.01,0.5,50,1,0,1,0,1141.52,71,265.93149647292,0,50,NA,NA,0
100,0.5,0.5,0.2,0.01,1,50,1,0,1,0,1811.96,71,455.270404511967,0,50,NA,NA,0
100,0.5,0.5,0.2,0.01,1.5,50,1,0,1,0,3722.2,71,585.484414822461,0,50,NA,NA,0
100,0.5,0.5,0.2,0.1,0.5,50,1,0,1,0,2131.92,174,504.279637357152,0,50,NA,NA,0
100,0.5,0.5,0.2,0.1,1,50,1,0,1,0,3558.78,174,710.915198880992,0,50,NA,NA,0
100,0.5,0.5,0.2,0.1,1.5,50,1,0,1,0,7202.46,240.64,1739.11751266473,46.1787830069178,50,NA,NA,0
100,0.5,0.5,0.2,0.5,0.5,50,1,0.04,0.86,0.1,2641.56,1637,719.668040254161,0,50,0.447891932746267,0,2
100,0.5,0.5,0.2,0.5,1,50,1,0,0.98,0.02,4153.82,1637,1092.23404627247,0,50,NA,NA,0
100,0.5,0.5,0.2,0.5,1.5,50,1,0,1,0,8602.08,1637,2564.12100418089,0,50,NA,NA,0
100,0.5,0.5,0.2,1,0.5,50,1,0.76,0,0.24,2806.34,4012,755.465625036801,0,50,0.51888662476278,0.195681439703459,38
100,0.5,0.5,0.2,1,1,50,1,0.12,0.28,0.6,4473.72,4012,1229.55888954419,0,50,0.448111422717755,0,6
100,0.5,0.5,0.2,1,1.5,50,1,0.02,0.98,0,8388.9,4012,2600.92943552328,0,50,0.448111422717755,NA,1
100,0.5,0.5,0.2,3,0.5,50,1,1,0,0,3191.14,15571.18,841.265713320211,1231.63859147073,50,1.62272314429419,0.312194182877561,50
100,0.5,0.5,0.2,3,1,50,1,1,0,0,4665.78,15397,1320.32629377772,0,50,1.23723674923369,0.30793953134317,50
100,0.5,0.5,0.2,3,1.5,50,1,0.94,0,0.06,8317.84,15397,2609.13704054167,0,50,0.705735578552477,0.276398725592746,47
100,0.5,0.5,0.2,5,0.5,50,1,1,0,0,3294.5,37741,943.101856770995,0,50,2.48343930645368,0.316373427051333,50
100,0.5,0.5,0.2,5,1,50,1,1,0,0,4711.18,24106,1336.31762828808,0,50,1.67655686553173,0.311252057950507,50
100,0.5,0.5,0.2,5,1.5,50,1,1,0,0,8713.32,24106,2733.73945461419,0,50,1.0668543020316,0.325135706157168,50
100,0.5,0.5,0.2,10,0.5,50,1,1,0,0,3472.24,59088,1095.09929770626,0,50,2.88689750128547,0.340719532240656,50
100,0.5,0.5,0.2,10,1,50,1,1,0,0,4785.56,59088,1317.6794252606,0,50,2.55519375240109,0.303789193821419,50
100,0.5,0.5,0.2,10,1.5,50,1,1,0,0,8997.56,57807.18,2647.83707002296,5121.10127143029,50,1.90066381463156,0.333481072669645,50
100,0.5,0.5,0.3,0.001,0.5,50,1,0,1,0,1088.86,71,263.617224825105,0,50,NA,NA,0
100,0.5,0.5,0.3,0.001,1,50,1,0,1,0,1781.62,71,454.745808790191,0,50,NA,NA,0
100,0.5,0.5,0.3,0.001,1.5,50,1,0,1,0,5233.76,71,1935.94871073906,0,50,NA,NA,0
100,0.5,0.5,0.3,0.01,0.5,50,1,0,1,0,1536.2,71,331.149204918821,0,50,NA,NA,0
100,0.5,0.5,0.3,0.01,1,50,1,0,1,0,2546.88,71,394.247236217714,0,50,NA,NA,0
100,0.5,0.5,0.3,0.01,1.5,50,1,0,1,0,5601,71,1050.80581324185,0,50,NA,NA,0
100,0.5,0.5,0.3,0.1,0.5,50,1,0,1,0,2927.04,174,886.441797069518,0,50,NA,NA,0
100,0.5,0.5,0.3,0.1,1,50,1,0,1,0,5299.62,174,1183.52153339092,0,50,NA,NA,0
100,0.5,0.5,0.3,0.1,1.5,50,1,0,1,0,10116.26,234.76,2478.32321367262,48.0508064448454,50,NA,NA,0
100,0.5,0.5,0.3,0.5,0.5,50,1,0.02,0.94,0.04,3902.28,1637,1265.70348334636,0,50,1.34383656414251,NA,1
100,0.5,0.5,0.3,0.5,1,50,1,0,1,0,6714.28,1637,1478.45666966659,0,50,NA,NA,0
100,0.5,0.5,0.3,0.5,1.5,50,1,0,1,0,14482.72,1637,3732.04839000061,0,50,NA,NA,0
100,0.5,0.5,0.3,1,0.5,50,1,0.2,0.36,0.44,4459.64,4012,1575.0853784439,0,50,0.716989023829887,0.56674688742107,10
100,0.5,0.5,0.3,1,1,50,1,0,0.96,0.04,7470.28,4012,1845.75571647441,0,50,NA,NA,0
100,0.5,0.5,0.3,1,1.5,50,1,0,1,0,16629.3,4012,5074.66738127853,0,50,NA,NA,0
100,0.5,0.5,0.3,3,0.5,50,1,1,0,0,5421.02,15571.18,2060.42707570196,1231.63859147073,50,1.15649188300101,0.551471931404701,50
100,0.5,0.5,0.3,3,1,50,1,0.98,0,0.02,7982.22,15397,2125.75326663568,0,50,0.704376108928802,0.242095243346938,49
100,0.5,0.5,0.3,3,1.5,50,1,0.08,0.52,0.4,20500.46,15397,7198.73838779535,0,50,0.560289996087901,0.224129525362284,4
100,0.5,0.5,0.3,5,0.5,50,1,1,0,0,5608.54,37741,2224.64972899886,0,50,2.01720214004023,0.552659336081716,50
100,0.5,0.5,0.3,5,1,50,1,1,0,0,8488.94,24106,2530.80927131127,0,50,1.08478694027436,0.287670463547543,50
100,0.5,0.5,0.3,5,1.5,50,1,0.38,0.22,0.4,23280.26,24106,9121.99926799526,0,50,0.566243875568455,0.251886643137222,19
100,0.5,0.5,0.3,10,0.5,50,1,1,0,0,5725,59088,2290.7985061804,0,50,2.44754980984093,0.559736449081723,50
100,0.5,0.5,0.3,10,1,50,1,1,0,0,9066.72,59088,2761.53829535907,0,50,1.91859911180969,0.300906516354284,50
100,0.5,0.5,0.3,10,1.5,50,1,0.96,0,0.04,27136.42,57807.18,11423.6029987505,5121.10127143029,50,0.877886253401393,0.43332413609783,48
100,0.5,0.5,0.4,0.001,0.5,50,1,0,1,0,2421.7,71,833.130125564098,0,50,NA,NA,0
100,0.5,0.5,0.4,0.001,1,50,1,0,1,0,4900.7,71,2061.48037010458,0,50,NA,NA,0
100,0.5,0.5,0.4,0.001,1.5,50,1,0,0.98,0.02,18556.6,71,9903.13873352839,0,50,NA,NA,0
100,0.5,0.5,0.4,0.01,0.5,50,1,0,1,0,2793.96,71,789.219272187291,0,50,NA,NA,0
100,0.5,0.5,0.4,0.01,1,50,1,0,1,0,5260.14,71,1501.95984905165,0,50,NA,NA,0
100,0.5,0.5,0.4,0.01,1.5,50,1,0,0.98,0.02,15690.92,71,6380.37281822872,0,50,NA,NA,0
100,0.5,0.5,0.4,0.1,0.5,50,1,0,1,0,5758.9,174,1654.53324387939,0,50,NA,NA,0
100,0.5,0.5,0.4,0.1,1,50,1,0,1,0,11655.78,174,3395.65094171341,0,50,NA,NA,0
100,0.5,0.5,0.4,0.1,1.5,50,1,0.02,0.98,0,28003.24,240.64,8521.5656211228,46.1787830069178,50,1.34312218925468,NA,1
100,0.5,0.5,0.4,0.5,0.5,50,1,0.02,0.98,0,10503.6,1637,4112.4209613396,0,50,1.34383656414251,NA,1
100,0.5,0.5,0.4,0.5,1,50,1,0,1,0,20446.94,1637,7521.2695530877,0,50,NA,NA,0
100,0.5,0.5,0.4,0.5,1.5,50,1,0.02,0.98,0,59428.96,1637,23309.1839025404,0,50,3.13794070032982,NA,1
100,0.5,0.5,0.4,1,0.5,50,1,0.02,0.94,0.04,13243.96,4012,5213.53606728657,0,50,2.2402611358532,NA,1
100,0.5,0.5,0.4,1,1,50,1,0,1,0,25491.8,4012,8997.01666426949,0,50,NA,NA,0
100,0.5,0.5,0.4,1,1.5,50,1,0.02,0.98,0,95491.8,4012,42386.4306906571,0,50,4.03436527204051,NA,1
100,0.5,0.5,0.4,3,0.5,50,1,0.22,0.42,0.36,18145.56,15397,8921.70344346085,0,50,1.1001824274704,0.881895659903208,11
100,0.5,0.5,0.4,3,1,50,1,0.04,0.86,0.1,34343.96,15397,14562.8307897404,0,50,0.672354758769043,0.316967014495586,2
100,0.5,0.5,0.4,3,1.5,50,1,0.02,0.98,0,180669.06,15397,98307.6399801445,0,50,5.3792480871886,NA,1
100,0.5,0.5,0.4,5,0.5,50,1,0.86,0.02,0.12,19974.78,37741,10854.4975937091,0,50,0.969511986290144,0.711555945938617,43
100,0.5,0.5,0.4,5,1,50,1,0.1,0.72,0.18,45493.44,24106,22441.9003389387,0,50,0.717229990425987,0.400918069636896,5
100,0.5,0.5,0.4,5,1.5,50,0.96,0.02,0.92,0.02,235479.604166667,24106,116277.817073381,0,48,5.82753617410697,NA,1
100,0.5,0.5,0.4,10,0.5,50,1,0.88,0,0.12,26112.06,59088,15690.4105751486,0,50,1.1919942118284,0.784957992350386,44
100,0.5,0.5,0.4,10,1,50,1,0.4,0.26,0.34,58977.6,59088,29993.4051016525,0,50,0.717245480823235,0.53239069271729,20
100,0.5,0.5,0.4,10,1.5,50,0.54,0.02,0.44,0.08,223685.62962963,58297.3703703704,125174.457592086,4108.23206546365,27,6.72410326005103,NA,1
100,0.5,0.6,0.2,0.001,0.5,50,1,0,1,0,619.8,71,97.3787052948331,0,50,NA,NA,0
100,0.5,0.6,0.2,0.001,1,50,1,0,1,0,912.66,71,190.612718808134,0,50,NA,NA,0
100,0.5,0.6,0.2,0.001,1.5,50,1,0,1,0,1884.46,71,435.471183235552,0,50,NA,NA,0
100,0.5,0.6,0.2,0.01,0.5,50,1,0,1,0,1000.64,71,124.082553165221,0,50,NA,NA,0
100,0.5,0.6,0.2,0.01,1,50,1,0,1,0,1534.88,71,241.69905727105,0,50,NA,NA,0
100,0.5,0.6,0.2,0.01,1.5,50,1,0,1,0,2689.38,71,464.162308434699,0,50,NA,NA,0
100,0.5,0.6,0.2,0.1,0.5,50,1,0,1,0,1560.96,174,261.963540071,0,50,NA,NA,0
100,0.5,0.6,0.2,0.1,1,50,1,0,1,0,2490.46,174,491.031908435736,0,50,NA,NA,0
100,0.5,0.6,0.2,0.1,1.5,50,1,0,1,0,5254.22,248.48,1188.59610705836,42.2790728375162,50,NA,NA,0
100,0.5,0.6,0.2,0.5,0.5,50,1,0.08,0.32,0.6,1886.04,1637,495.195156746617,0,50,0.447891932746267,0,4
100,0.5,0.6,0.2,0.5,1,50,1,0.02,0.94,0.04,2835.82,1637,739.272275654255,0,50,0.896332403834489,NA,1
100,0.5,0.6,0.2,0.5,1.5,50,1,0,1,0,5804.94,1637,1351.74918289947,0,50,NA,NA,0
100,0.5,0.6,0.2,1,0.5,50,1,1,0,0,1941.6,4057.4,516.070514087178,321.026478658693,50,0.770864900333412,0.286923773355648,50
100,0.5,0.6,0.2,1,1,50,1,0.66,0,0.34,2980.72,4012,811.58316032459,0,50,0.516028751530279,0.253587991669593,33
100,0.5,0.6,0.2,1,1.5,50,1,0.02,0.74,0.24,5804.94,4012,1351.74918289947,0,50,0.448111422717755,NA,1
100,0.5,0.6,0.2,3,0.5,50,1,1,0,0,2064.54,24106,521.873008636064,0,50,2.49231241524546,0.27406271738923,50
100,0.5,0.6,0.2,3,1,50,1,1,0,0,3038.68,15397,831.581022842044,0,50,1.66753733424937,0.326963219077272,50
100,0.5,0.6,0.2,3,1.5,50,1,1,0,0,5668.74,15397,1411.09081861068,0,50,1.03100368048206,0.260170575513945,50
100,0.5,0.6,0.2,5,0.5,50,1,1,0,0,2094.88,37741,505.282973456761,0,50,2.92267457811921,0.259949365008643,50
100,0.5,0.6,0.2,5,1,50,1,1,0,0,3096.64,24106,847.071973907526,0,50,2.09790096425903,0.331939602482891,50
100,0.5,0.6,0.2,5,1.5,50,1,1,0,0,5623.34,24106,1427.38042652995,0,50,1.48825973802077,0.263150112670695,50
100,0.5,0.6,0.2,10,0.5,50,1,1,0,0,2187.48,92508,497.522565994216,0,50,3.77439135381036,0.257568655696613,50
100,0.5,0.6,0.2,10,1,50,1,1,0,0,3096.64,59088,847.071973907526,0,50,2.99446805020308,0.331939602482891,50
100,0.5,0.6,0.2,10,1.5,50,1,1,0,0,5623.34,59088,1427.38042652995,0,50,2.38482682396483,0.263150112670695,50
100,0.5,0.6,0.3,0.001,0.5,50,1,0,1,0,736.7,71,175.544778867829,0,50,NA,NA,0
100,0.5,0.6,0.3,0.001,1,50,1,0,1,0,1200.62,71,302.118363748855,0,50,NA,NA,0
100,0.5,0.6,0.3,0.001,1.5,50,1,0,1,0,2799.64,71,749.695768499544,0,50,NA,NA,0
100,0.5,0.6,0.3,0.01,0.5,50,1,0,1,0,1138.22,71,290.365166995082,0,50,NA,NA,0
100,0.5,0.6,0.3,0.01,1,50,1,0,1,0,1719.36,71,379.588862441716,0,50,NA,NA,0
100,0.5,0.6,0.3,0.01,1.5,50,1,0,1,0,3519.34,71,693.372756891991,0,50,NA,NA,0
100,0.5,0.6,0.3,0.1,0.5,50,1,0,1,0,1902.84,174,572.027270650051,0,50,NA,NA,0
100,0.5,0.6,0.3,0.1,1,50,1,0,1,0,3229.54,174,729.509821729632,0,50,NA,NA,0
100,0.5,0.6,0.3,0.1,1.5,50,1,0,1,0,6106.32,248.48,1104.4875520589,42.2790728375162,50,NA,NA,0
100,0.5,0.6,0.3,0.5,0.5,50,1,0.12,0.68,0.2,2296.56,1637,779.990271001596,0,50,0.597372089775674,0.231573663505346,6
100,0.5,0.6,0.3,0.5,1,50,1,0,1,0,3829.42,1637,867.64445577244,0,50,NA,NA,0
100,0.5,0.6,0.3,0.5,1.5,50,1,0,1,0,7632.84,1637,2269.17570541393,0,50,NA,NA,0
100,0.5,0.6,0.3,1,0.5,50,1,0.84,0,0.16,2499.24,4057.4,842.805290414708,321.026478658693,50,0.650884700574856,0.331317825971267,42
100,0.5,0.6,0.3,1,1,50,1,0.16,0.1,0.74,4007.16,4012,931.973292951847,0,50,0.448111422717755,0,8
100,0.5,0.6,0.3,1,1.5,50,1,0,0.92,0.08,7988.14,4012,2308.46072940037,0,50,NA,NA,0
100,0.5,0.6,0.3,3,0.5,50,1,1,0,0,2691.64,24106,968.079326316194,0,50,2.26820644622302,0.418951757717707,50
100,0.5,0.6,0.3,3,1,50,1,1,0,0,4230.3,15397,1003.44773513266,0,50,1.31795019245719,0.229295321051262,50
100,0.5,0.6,0.3,3,1.5,50,1,0.92,0,0.08,8625.84,15397,2751.36633485464,0,50,0.682105585101847,0.262911573605331,46
100,0.5,0.6,0.3,5,0.5,50,1,1,0,0,2739.14,37741,973.526872683407,0,50,2.69856421929733,0.419730883286938,50
100,0.5,0.6,0.3,5,1,50,1,1,0,0,4304.68,24106,1015.1045475462,0,50,1.74830808030087,0.226424422377664,50
100,0.5,0.6,0.3,5,1.5,50,1,1,0,0,9203.62,24106,2937.63344214491,0,50,1.01307031080334,0.324137500548958,50
100,0.5,0.6,0.3,10,0.5,50,1,1,0,0,2826.08,92508,1018.49716900211,0,50,3.56822562452471,0.433847989489834,50
100,0.5,0.6,0.3,10,1,50,1,1,0,0,4379.06,59088,1021.11534478086,0,50,2.62694496717023,0.222044111924557,50
100,0.5,0.6,0.3,10,1.5,50,1,1,0,0,10144.28,59088,4083.58568447498,0,50,1.82894884560245,0.360432029687191,50
100,0.5,0.6,0.4,0.001,0.5,50,1,0,1,0,1095.2,71,268.423971678069,0,50,NA,NA,0
100,0.5,0.6,0.4,0.001,1,50,1,0,1,0,1985.34,71,544.805511449841,0,50,NA,NA,0
100,0.5,0.6,0.4,0.001,1.5,50,1,0,1,0,5910.24,71,2559.76276451788,0,50,NA,NA,0
100,0.5,0.6,0.4,0.01,0.5,50,1,0,1,0,1574.36,71,346.087446776572,0,50,NA,NA,0
100,0.5,0.6,0.4,0.01,1,50,1,0,1,0,2480.86,71,375.448249647359,0,50,NA,NA,0
100,0.5,0.6,0.4,0.01,1.5,50,1,0,1,0,5512.8,71,1598.32154308889,0,50,NA,NA,0
100,0.5,0.6,0.4,0.1,0.5,50,1,0,1,0,2747.02,174,775.056613863708,0,50,NA,NA,0
100,0.5,0.6,0.4,0.1,1,50,1,0,1,0,4651.46,174,1180.6237405434,0,50,NA,NA,0
100,0.5,0.6,0.4,0.1,1.5,50,1,0,1,0,10187.32,248.48,2416.30217092658,42.2790728375162,50,NA,NA,0
100,0.5,0.6,0.4,0.5,0.5,50,1,0.02,0.94,0.04,3571.74,1637,989.615217121879,0,50,0.447891932746267,NA,1
100,0.5,0.6,0.4,0.5,1,50,1,0,1,0,5623.34,1637,1427.38042652995,0,50,NA,NA,0
100,0.5,0.6,0.4,0.5,1.5,50,1,0,1,0,14987.84,1637,4535.13577575025,0,50,NA,NA,0
100,0.5,0.6,0.4,1,0.5,50,1,0.18,0.08,0.74,3865.4,4012,1032.2655290423,0,50,0.647314909353874,0.32557922343556,9
100,0.5,0.6,0.4,1,1,50,1,0.02,0.76,0.22,6134.58,4012,1721.2304698105,0,50,0.448111422717755,NA,1
100,0.5,0.6,0.4,1,1.5,50,1,0,1,0,18018.14,4012,6095.51521657605,0,50,NA,NA,0
100,0.5,0.6,0.4,3,0.5,50,1,1,0,0,4526.12,24106,1381.42221360629,0,50,1.73035114200737,0.373500057460391,50
100,0.5,0.6,0.4,3,1,50,1,0.98,0,0.02,7209.08,15397,2441.10866281562,0,50,0.832467036361098,0.329940822591189,49
100,0.5,0.6,0.4,3,1.5,50,1,0.06,0.6,0.34,23253.1,15397,10633.9843287491,0,50,0.597644916981615,0.258802483602515,3
100,0.5,0.6,0.4,5,0.5,50,1,1,0,0,4753.12,37741,1464.02830685247,0,50,2.13379755341423,0.390151855933009,50
100,0.5,0.6,0.4,5,1,50,1,1,0,0,7740.76,24106,2611.05321278598,0,50,1.19237664196514,0.346171706050288,50
100,0.5,0.6,0.4,5,1.5,50,1,0.36,0.24,0.4,26400.02,24106,14326.7360873982,0,50,0.547895573081973,0.245776807887654,18
100,0.5,0.6,0.4,10,0.5,50,1,1,0,0,4980.12,92508,1507.7364523669,0,50,2.98550579090299,0.401037850816298,50
100,0.5,0.6,0.4,10,1,50,1,1,0,0,8252.7,59088,2765.32471614353,0,50,2.02618534754827,0.353551473039099,50
100,0.5,0.6,0.4,10,1.5,50,1,0.86,0,0.14,28528.68,59088,14406.2012943123,0,50,0.97996621871147,0.369343436671722,43
100,0.5,0.7,0.2,0.001,0.5,50,1,0,1,0,515.48,71,122.568471492801,0,50,NA,NA,0
100,0.5,0.7,0.2,0.001,1,50,1,0,1,0,695.32,71,171.866160551917,0,50,NA,NA,0
100,0.5,0.7,0.2,0.001,1.5,50,1,0,1,0,1470.1,71,351.647101045166,0,50,NA,NA,0
100,0.5,0.7,0.2,0.01,0.5,50,1,0,1,0,872.12,71,190.306910016426,0,50,NA,NA,0
100,0.5,0.7,0.2,0.01,1,50,1,0,1,0,1173.4,71,311.226146532894,0,50,NA,NA,0
100,0.5,0.7,0.2,0.01,1.5,50,1,0,1,0,2364.06,71,520.164825133459,0,50,NA,NA,0
100,0.5,0.7,0.2,0.1,0.5,50,1,0,1,0,1220,174,298.310343810753,0,50,NA,NA,0
100,0.5,0.7,0.2,0.1,1,50,1,0.02,0.98,0,1864.9,174,525.529014325526,0,50,0.449525097902195,NA,1
100,0.5,0.7,0.2,0.1,1.5,50,1,0,1,0,3873.64,248.48,926.381566381052,42.2790728375162,50,NA,NA,0
100,0.5,0.7,0.2,0.5,0.5,50,1,0.32,0,0.68,1432.76,1637,309.118467482575,0,50,0.503946991632295,0.153171580956825,16
100,0.5,0.7,0.2,0.5,1,50,1,0.04,0.58,0.38,2124.18,1637,576.180657964362,0,50,1.79371138994665,1.26908553274843,2
100,0.5,0.7,0.2,0.5,1.5,50,1,0.02,0.98,0,4427.14,1637,1197.52436829196,0,50,1.34383656414251,NA,1
100,0.5,0.7,0.2,1,0.5,50,1,1,0,0,1480.04,6145.8,290.633014965188,544.568318084356,50,1.44335087356908,0.275928600533346,50
100,0.5,0.7,0.2,1,1,50,1,1,0,0,2179.74,4012,571.045114555009,0,50,0.681252611953078,0.498199622373099,50
100,0.5,0.7,0.2,1,1.5,50,1,0.08,0.24,0.68,4398.16,4012,1224.99355033704,0,50,0.896148851001617,0.896074856567723,4
100,0.5,0.7,0.2,3,0.5,50,1,1,0,0,1603.84,24106,411.936460327244,0,50,2.74331135484888,0.266095350133492,50
100,0.5,0.7,0.2,3,1,50,1,1,0,0,2245.76,15397,617.359967101522,0,50,1.9992406726871,0.506118400341176,50
100,0.5,0.7,0.2,3,1.5,50,1,1,0,0,4563.34,15397,1270.91592570244,0,50,1.27309293546884,0.408546626350249,50
100,0.5,0.7,0.2,5,0.5,50,1,1,0,0,1615.66,37741,404.005941055529,0,50,3.18263978070248,0.260024666226653,50
100,0.5,0.7,0.2,5,1,50,1,1,0,0,2264.28,24106,612.596282811352,0,50,2.43856249662561,0.505713428716123,50
100,0.5,0.7,0.2,5,1.5,50,1,1,0,0,4563.34,24106,1270.91592570244,0,50,1.72138102238721,0.408546626350249,50
100,0.5,0.7,0.2,10,0.5,50,1,1,0,0,1676.34,92508,427.608375569449,0,50,4.04333966802336,0.263801810808916,50
100,0.5,0.7,0.2,10,1,50,1,1,0,0,2340.76,59088,695.793675728426,0,50,3.3082388626811,0.519547008052455,50
100,0.5,0.7,0.2,10,1.5,50,1,1,0,0,4563.34,59088,1270.91592570244,0,50,2.61794810833126,0.408546626350249,50
100,0.5,0.7,0.3,0.001,0.5,50,1,0,1,0,649.02,71,140.989432228093,0,50,NA,NA,0
100,0.5,0.7,0.3,0.001,1,50,1,0,0.98,0.02,912.54,71,244.771797928651,0,50,NA,NA,0
100,0.5,0.7,0.3,0.001,1.5,50,1,0,1,0,2154.2,71,551.611553652069,0,50,NA,NA,0
100,0.5,0.7,0.3,0.01,0.5,50,1,0,1,0,973.14,71,160.407899698594,0,50,NA,NA,0
100,0.5,0.7,0.3,0.01,1,50,1,0,0.98,0.02,1417.52,71,369.852603845679,0,50,NA,NA,0
100,0.5,0.7,0.3,0.01,1.5,50,1,0,1,0,2739.28,71,602.977375958972,0,50,NA,NA,0
100,0.5,0.7,0.3,0.1,0.5,50,1,0,1,0,1572.78,174,251.373069361059,0,50,NA,NA,0
100,0.5,0.7,0.3,0.1,1,50,1,0.02,0.98,0,2222.68,174,582.065373984604,0,50,0.896375422173214,NA,1
100,0.5,0.7,0.3,0.1,1.5,50,1,0,1,0,4618.62,256.32,1067.52440855333,36.292147911084,50,NA,NA,0
100,0.5,0.7,0.3,0.5,0.5,50,1,0.08,0.24,0.68,1811.96,1637,455.270404511967,0,50,0.447891932746267,0,4
100,0.5,0.7,0.3,0.5,1,50,1,0.06,0.84,0.1,2576.6,1637,838.694977513352,0,50,1.64353516933293,1.29419315339928,3
100,0.5,0.7,0.3,0.5,1.5,50,1,0,1,0,5506.88,1637,1309.41269963262,0,50,NA,NA,0
100,0.5,0.7,0.3,1,0.5,50,1,1,0,0,1916.38,5918.8,489.111559829845,840.644650593477,50,1.14752638307195,0.328538350009808,50
100,0.5,0.7,0.3,1,1,50,1,0.82,0,0.18,2594.62,4012,858.257035140025,0,50,0.655842724616462,0.610514862945326,41
100,0.5,0.7,0.3,1,1.5,50,1,0.02,0.7,0.28,5643.08,4012,1263.17086988681,0,50,0.448111422717755,NA,1
100,0.5,0.7,0.3,3,0.5,50,1,1,0,0,2046.02,24106,520.25109675374,0,50,2.50127867822532,0.273013907298867,50
100,0.5,0.7,0.3,3,1,50,1,1,0,0,2631.66,15397,835.353783295022,0,50,1.86474132337387,0.603159420018274,50
100,0.5,0.7,0.3,3,1.5,50,1,1,0,0,5785.2,15397,1508.49618318837,0,50,1.01307052884724,0.268851616787696,50
100,0.5,0.7,0.3,5,0.5,50,1,1,0,0,2101.58,37741,523.0984255923,0,50,2.92266615379428,0.275255744086484,50
100,0.5,0.7,0.3,5,1,50,1,1,0,0,2613.14,24378.7,847.089446882918,1928.28019229572,50,2.33096139856227,0.627418519477435,50
100,0.5,0.7,0.3,5,1.5,50,1,1,0,0,5830.6,24106,1488.06126437409,0,50,1.45239064514527,0.265008668894902,50
100,0.5,0.7,0.3,10,0.5,50,1,1,0,0,2223.16,92508,573.052099351733,0,50,3.76542070103107,0.286343168108034,50
100,0.5,0.7,0.3,10,1,50,1,1,0,0,2631.66,59088,835.353783295022,0,50,3.2095964962363,0.603159420018274,50
100,0.5,0.7,0.3,10,1.5,50,1,1,0,0,6251.04,59088,1770.96017954979,0,50,2.28619309517036,0.289979004037152,50
100,0.5,0.7,0.4,0.001,0.5,50,1,0,1,0,841.52,71,206.059852608757,0,50,NA,NA,0
100,0.5,0.7,0.4,0.001,1,50,1,0,1,0,1317,71,353.034195025274,0,50,NA,NA,0
100,0.5,0.7,0.4,0.001,1.5,50,1,0,1,0,3430.7,71,1177.04353343104,0,50,NA,NA,0
100,0.5,0.7,0.4,0.01,0.5,50,1,0,1,0,1144.82,71,238.966455676891,0,50,NA,NA,0
100,0.5,0.7,0.4,0.01,1,50,1,0,1,0,1698.4,71,331.57398287931,0,50,NA,NA,0
100,0.5,0.7,0.4,0.01,1.5,50,1,0,1,0,3639.12,71,868.348670683356,0,50,NA,NA,0
100,0.5,0.7,0.4,0.1,0.5,50,1,0,1,0,1934.9,174,495.802596086098,0,50,NA,NA,0
100,0.5,0.7,0.4,0.1,1,50,1,0,1,0,2912.3,174,752.443509304106,0,50,NA,NA,0
100,0.5,0.7,0.4,0.1,1.5,50,1,0,1,0,5924.72,248.48,1241.6830914496,42.2790728375162,50,NA,NA,0
100,0.5,0.7,0.4,0.5,0.5,50,1,0.04,0.82,0.14,2372.68,1637,423.634056560082,0,50,0.447891932746267,0,2
100,0.5,0.7,0.4,0.5,1,50,1,0.02,0.96,0.02,3466.78,1637,1010.74166121432,0,50,0.896332403834489,NA,1
100,0.5,0.7,0.4,0.5,1.5,50,1,0,1,0,7942.74,1637,2364.34515945985,0,50,NA,NA,0
100,0.5,0.7,0.4,1,0.5,50,1,0.98,0,0.02,2544.16,6145.8,578.759029902668,544.568318084356,50,0.923949370658263,0.265280774353716,49
100,0.5,0.7,0.4,1,1,50,1,0.36,0.04,0.6,3524.74,4012,998.481107911984,0,50,0.547720239485553,0.328137511301793,18
100,0.5,0.7,0.4,1,1.5,50,1,0,0.9,0.1,8560.7,4012,2906.95485703104,0,50,NA,NA,0
100,0.5,0.7,0.4,3,0.5,50,1,1,0,0,2899.98,24106,809.809362549896,0,50,2.16062962719818,0.309547110995157,50
100,0.5,0.7,0.4,3,1,50,1,1,0,0,3789.42,15397,1068.60082255217,0,50,1.45241684815542,0.357190271583043,50
100,0.5,0.7,0.4,3,1.5,50,1,0.78,0.02,0.2,10314.96,15397,3791.0050897096,0,50,0.609149468048312,0.281420555613591,39
100,0.5,0.7,0.4,5,0.5,50,1,1,0,0,2947.48,37741,803.848225089533,0,50,2.59098740027249,0.30419853848218,50
100,0.5,0.7,0.4,5,1,50,1,1,0,0,3834.82,24106,1124.98374936109,0,50,1.89173696445345,0.365478044182674,50
100,0.5,0.7,0.4,5,1.5,50,1,0.96,0.02,0.02,11277.86,24106,5478.28486868372,0,50,0.896531196700298,0.369885371992288,48
100,0.5,0.7,0.4,10,0.5,50,1,1,0,0,3133.18,92508,832.407393635828,0,50,3.42480428148188,0.296983234993699,50
100,0.5,0.7,0.4,10,1,50,1,1,0,0,4076.48,59088,1186.612916615,0,50,2.72554719019358,0.3604074605567,50
100,0.5,0.7,0.4,10,1.5,50,1,1,0,0,12227.82,59088,6005.48799250846,0,50,1.67654929204843,0.451091467780059,50
100,1,0.5,0.2,0.001,0.5,50,1,0,1,0,849.44,71,190.766034712681,0,50,NA,NA,0
100,1,0.5,0.2,0.001,1,50,1,0,1,0,1298.48,71,307.715694385952,0,50,NA,NA,0
100,1,0.5,0.2,0.001,1.5,50,1,0,1,0,2897.04,71,833.19904670407,0,50,NA,NA,0
100,1,0.5,0.2,0.01,0.5,50,1,0,1,0,1463.96,71,285.087595561184,0,50,NA,NA,0
100,1,0.5,0.2,0.01,1,50,1,0,1,0,2254.86,71,461.052832866123,0,50,NA,NA,0
100,1,0.5,0.2,0.01,1.5,50,1,0,1,0,4981.82,71,1181.79955636672,0,50,NA,NA,0
100,1,0.5,0.2,0.1,0.5,50,1,0,1,0,2719.4,174,691.117905413883,0,50,NA,NA,0
100,1,0.5,0.2,0.1,1,50,1,0,1,0,5009.24,174,1543.50963134048,0,50,NA,NA,0
100,1,0.5,0.2,0.1,1.5,50,1,0,1,0,11214.14,203.4,3143.74893847509,45.365184888855,50,NA,NA,0
100,1,0.5,0.2,0.5,0.5,50,1,0.02,0.96,0.02,4230.7,1637,1288.29742493806,0,50,0.447891932746267,NA,1
100,1,0.5,0.2,0.5,1,50,1,0,1,0,7316.3,1637,2367.7077802493,0,50,NA,NA,0
100,1,0.5,0.2,0.5,1.5,50,1,0,1,0,15429.5,1637,5684.07015801393,0,50,NA,NA,0
100,1,0.5,0.2,1,0.5,50,1,0.1,0.44,0.46,5048.74,4012,1824.33189123793,0,50,0.627352439065596,0.400795096909923,5
100,1,0.5,0.2,1,1,50,1,0.04,0.94,0.02,8492.78,4012,3842.64326696388,0,50,0.448111422717755,0,2
100,1,0.5,0.2,1,1.5,50,1,0,0.98,0.02,16134.34,4012,5890.9306655681,0,50,NA,NA,0
100,1,0.5,0.2,3,0.5,50,1,0.92,0,0.08,7101.8,15397,3343.35459058224,0,50,0.964714362106135,0.452883589900527,46
100,1,0.5,0.2,3,1,50,1,0.7,0.06,0.24,10623.96,15285.76,5085.98751256422,786.585583391916,50,0.717185149618094,0.363847583938405,35
100,1,0.5,0.2,3,1.5,50,1,0.06,0.72,0.22,18386.96,11169.88,8513.87421095708,2399.55309308434,50,0.747111093987204,0.517685496189278,3
100,1,0.5,0.2,5,0.5,50,1,1,0,0,7846.66,24106,3505.93057669022,0,50,1.23720061642543,0.524619880722675,50
100,1,0.5,0.2,5,1,50,1,0.92,0.02,0.06,11759.86,24106,6212.00656402008,0,50,0.925760576400912,0.44727722711336,46
100,1,0.5,0.2,5,1.5,50,1,0.64,0.06,0.3,18596.72,23931.82,8810.38859908794,1231.63859147073,50,0.588364944699477,0.288888971348574,32
100,1,0.5,0.2,10,0.5,50,1,1,0,0,10345.18,59088,5336.14117125773,0,50,1.88273616328312,0.579857502268315,50
100,1,0.5,0.2,10,1,50,1,0.98,0.02,0,13541.66,43291.22,8821.39982091324,9458.58881326212,50,1.33567007592954,0.596440378354923,49
100,1,0.5,0.2,10,1.5,50,1,0.92,0.04,0.04,20515.62,37741,10468.0318519124,0,50,0.799111258179684,0.38865404421735,46
100,1,0.5,0.3,0.001,0.5,50,1,0,1,0,1190.98,71,322.536534238166,0,50,NA,NA,0
100,1,0.5,0.3,0.001,1,50,1,0,1,0,2138.58,71,628.620682810503,0,50,NA,NA,0
100,1,0.5,0.3,0.001,1.5,50,1,0,1,0,5784.48,71,2045.814734565,0,50,NA,NA,0
100,1,0.5,0.3,0.01,0.5,50,1,0,1,0,1879.8,71,557.989503229483,0,50,NA,NA,0
100,1,0.5,0.3,0.01,1,50,1,0,1,0,3471.84,71,738.796604524644,0,50,NA,NA,0
100,1,0.5,0.3,0.01,1.5,50,1,0,1,0,7542.04,71,2366.72492180866,0,50,NA,NA,0
100,1,0.5,0.3,0.1,0.5,50,1,0,1,0,4010.24,174,1358.74160808854,0,50,NA,NA,0
100,1,0.5,0.3,0.1,1,50,1,0,1,0,8840.92,174,2553.6857224372,0,50,NA,NA,0
100,1,0.5,0.3,0.1,1.5,50,1,0,1,0,20697.4,197.52,7281.84875605931,42.2790728375162,50,NA,NA,0
100,1,0.5,0.3,0.5,0.5,50,1,0.02,0.98,0,7010.96,1637,2890.58225163537,0,50,1.34383656414251,NA,1
100,1,0.5,0.3,0.5,1,50,1,0,1,0,14798.92,1637,6063.60740557794,0,50,NA,NA,0
100,1,0.5,0.3,0.5,1.5,50,1,0,1,0,31392.06,1637,12456.8584721962,0,50,NA,NA,0
100,1,0.5,0.3,1,0.5,50,1,0.04,0.88,0.08,9803.68,4012,4452.77044894753,0,50,1.79228882015508,0.633528524427966,2
100,1,0.5,0.3,1,1,50,1,0.02,0.96,0.02,19043.98,4012,8555.47557449113,0,50,0.448111422717755,NA,1
100,1,0.5,0.3,1,1.5,50,1,0,1,0,39500.82,4012,16088.5548223904,0,50,NA,NA,0
100,1,0.5,0.3,3,0.5,50,1,0.36,0.3,0.34,16176.36,15397,9194.99460278831,0,50,0.921352907804489,0.775812170402606,18
100,1,0.5,0.3,3,1,50,1,0.12,0.72,0.16,32435.5,15174.52,22818.4622129824,1100.99046762264,50,0.82179633110683,0.595829892507432,6
100,1,0.5,0.3,3,1.5,50,1,0,1,0,52569.34,11169.88,28217.9415285122,2399.55309308434,50,NA,NA,0
100,1,0.5,0.3,5,0.5,50,1,0.44,0.2,0.36,21161.98,24106,12094.3443950687,0,50,1.05950055304019,0.836128981543947,22
100,1,0.5,0.3,5,1,50,1,0.14,0.52,0.34,40181.02,24106,30380.8724105837,0,50,0.960588413549899,0.751363495109162,7
100,1,0.5,0.3,5,1.5,50,1,0.06,0.9,0.04,63680.1,23931.82,35083.5094050391,1231.63859147073,50,0.44828808691837,0,3
100,1,0.5,0.3,10,0.5,50,1,0.8,0.06,0.14,32942.06,59088,22646.759951535,0,50,1.16550076673588,0.929179108111863,40
100,1,0.5,0.3,10,1,50,1,0.4,0.34,0.26,58981.24,44572.04,51698.0297001733,10058.9640902926,50,0.874153737317312,0.492683724519756,20
100,1,0.5,0.3,10,1.5,50,1,0.08,0.76,0.16,86813.54,37741,64028.8625910413,0,50,0.672430307967716,0.258819247656823,4
100,1,0.5,0.4,0.001,0.5,50,1,0,1,0,3174.24,71,1233.37131406862,0,50,NA,NA,0
100,1,0.5,0.4,0.001,1,50,1,0,1,0,7446.06,71,3629.53322129579,0,50,NA,NA,0
100,1,0.5,0.4,0.001,1.5,50,1,0,0.98,0.02,22247.6,71,14313.0391487437,0,50,NA,NA,0
100,1,0.5,0.4,0.01,0.5,50,1,0,1,0,3784.6,71,1083.4084725381,0,50,NA,NA,0
100,1,0.5,0.4,0.01,1,50,1,0,1,0,7421.56,71,2041.46897050899,0,50,NA,NA,0
100,1,0.5,0.4,0.01,1.5,50,1,0,0.98,0.02,20759.46,71,6795.0859020865,0,50,NA,NA,0
100,1,0.5,0.4,0.1,0.5,50,1,0,1,0,10989.88,174,3839.17980526347,0,50,NA,NA,0
100,1,0.5,0.4,0.1,1,50,1,0,1,0,24431.36,174,8566.10527736247,0,50,NA,NA,0
100,1,0.5,0.4,0.1,1.5,50,1,0.02,0.98,0,62202.5,205.36,25329.3187233647,46.1787830069178,50,0.896375422173214,NA,1
100,1,0.5,0.4,0.5,0.5,50,1,0.02,0.98,0,29361.06,1637,13016.0951469278,0,50,1.34383656414251,NA,1
100,1,0.5,0.4,0.5,1,50,1,0,1,0,81151.82,1637,37383.3634130074,0,50,NA,NA,0
100,1,0.5,0.4,0.5,1.5,50,0.98,0.02,0.96,0,199410.326530612,1637,108363.095026126,0,49,3.13794070032982,NA,1
100,1,0.5,0.4,1,0.5,50,1,0.02,0.96,0.02,48986.68,4012,25535.0510614691,0,50,2.2402611358532,NA,1
100,1,0.5,0.4,1,1,50,1,0,0.98,0.02,138024.66,4012,77842.161103411,0,50,NA,NA,0
100,1,0.5,0.4,1,1.5,50,0.68,0.02,0.66,0,232261.794117647,4012,106693.227777126,0,34,4.03436527204051,NA,1
100,1,0.5,0.4,3,0.5,50,1,0.08,0.9,0.02,118760.56,15397,71923.9056861444,0,50,1.56868407092187,1.39325494316759,4
100,1,0.5,0.4,3,1,50,0.68,0.04,0.64,0,225618.058823529,15397,108526.737933196,0,34,0.896554024277426,0.634032656451628,2
100,1,0.5,0.4,3,1.5,50,0.26,0.02,0.24,0,265012.692307692,11546.3846153846,132308.633113631,2671.89837439168,13,5.3792480871886,NA,1
100,1,0.5,0.4,5,0.5,50,0.98,0.1,0.86,0.02,183460.653061224,24106,112140.736454903,0,49,1.70323534365586,1.39571610486105,5
100,1,0.5,0.4,5,1,50,0.44,0.04,0.4,0,230614.363636364,24106,122928.94954076,0,22,1.3448421111958,0.634032656451628,2
100,1,0.5,0.4,5,1.5,50,0.12,0.02,0.1,0,208347.833333333,24106,164156.965883774,0,6,5.82753617410697,NA,1
100,1,0.5,0.4,10,0.5,50,0.72,0.12,0.58,0.02,222777.333333333,59088,123053.953082145,0,36,1.79294333040833,1.7927471387263,6
100,1,0.5,0.4,10,1,50,0.16,0.04,0.12,0,178258.75,43077.75,136559.037735908,9881.74083492233,8,1.34482737884804,0.633925510753778,2
100,1,0.5,0.4,10,1.5,50,0.06,0.02,0.04,0,79137,37741,73300.9175317745,0,3,6.2758224386155,NA,1
100,1,0.6,0.2,0.001,0.5,50,1,0,1,0,678.96,71,127.603812878865,0,50,NA,NA,0
100,1,0.6,0.2,0.001,1,50,1,0,1,0,1025.24,71,233.059995779312,0,50,NA,NA,0
100,1,0.6,0.2,0.001,1.5,50,1,0,1,0,2137.04,71,466.201583796853,0,50,NA,NA,0
100,1,0.6,0.2,0.01,0.5,50,1,0,1,0,1070.6,71,191.424200376535,0,50,NA,NA,0
100,1,0.6,0.2,0.01,1,50,1,0,1,0,1747.26,71,359.518658367387,0,50,NA,NA,0
100,1,0.6,0.2,0.01,1.5,50,1,0,1,0,3577.3,71,670.756662285214,0,50,NA,NA,0
100,1,0.6,0.2,0.1,0.5,50,1,0,1,0,1978.64,174,526.215318698205,0,50,NA,NA,0
100,1,0.6,0.2,0.1,1,50,1,0,1,0,3479.34,174,918.996160636869,0,50,NA,NA,0
100,1,0.6,0.2,0.1,1.5,50,1,0,1,0,6907.72,199.48,1793.83258655077,43.4225747739583,50,NA,NA,0
100,1,0.6,0.2,0.5,0.5,50,1,0.04,0.86,0.1,2699.52,1637,768.699969070495,0,50,0.447891932746267,0,2
100,1,0.6,0.2,0.5,1,50,1,0.02,0.96,0.02,4297.52,1637,1317.69497631745,0,50,0.896332403834489,NA,1
100,1,0.6,0.2,0.5,1.5,50,1,0,1,0,8600.18,1637,2707.26717158971,0,50,NA,NA,0
100,1,0.6,0.2,1,0.5,50,1,0.6,0,0.4,2989.32,4012,923.552821379238,0,50,0.582577286332525,0.267095387877671,30
100,1,0.6,0.2,1,1,50,1,0.12,0.34,0.54,4553.5,4012,1415.36432534856,0,50,0.746937873021149,0.542820938780548,6
100,1,0.6,0.2,1,1.5,50,1,0.02,0.98,0,8824.56,4012,2889.06430131675,0,50,0.448111422717755,NA,1
100,1,0.6,0.2,3,0.5,50,1,1,0,0,3662.94,15397,1384.23158393355,0,50,1.51513635364764,0.423649690595412,50
100,1,0.6,0.2,3,1,50,1,1,0,0,5162.18,15397,1728.2804913366,0,50,1.16549330484422,0.434332514413008,50
100,1,0.6,0.2,3,1.5,50,1,0.52,0.12,0.36,10024.92,12171.04,4388.21444251183,2773.0429021461,50,0.586166865123344,0.246161463239522,26
100,1,0.6,0.2,5,0.5,50,1,1,0,0,4171.04,24106,1625.31886931112,0,50,1.84686953333155,0.467387024009813,50
100,1,0.6,0.2,5,1,50,1,1,0,0,5443.82,24106,1791.51870005676,0,50,1.5599820998124,0.436595024741839,50
100,1,0.6,0.2,5,1.5,50,1,0.94,0,0.06,10318.46,24106,4478.81533721786,0,50,0.982357444595771,0.30486088169815,47
100,1,0.6,0.2,10,0.5,50,1,1,0,0,4757.48,59088,2019.5518925075,0,50,2.61792820767825,0.473694432185559,50
100,1,0.6,0.2,10,1,50,1,1,0,0,5776.78,55672.48,2012.81563670072,7905.39266793786,50,2.33103054158827,0.487709897244856,50
100,1,0.6,0.2,10,1.5,50,1,1,0,0,10500.76,37741,4496.63468067271,0,50,1.35377257674593,0.37873992552044,50
100,1,0.6,0.3,0.001,0.5,50,1,0,1,0,874.5,71,213.159923675217,0,50,NA,NA,0
100,1,0.6,0.3,0.001,1,50,1,0,1,0,1318.82,71,333.170893821468,0,50,NA,NA,0
100,1,0.6,0.3,0.001,1.5,50,1,0,1,0,3407.28,71,930.348958889148,0,50,NA,NA,0
100,1,0.6,0.3,0.01,0.5,50,1,0,1,0,1370,71,353.249463797851,0,50,NA,NA,0
100,1,0.6,0.3,0.01,1,50,1,0,1,0,2162.26,71,482.789124964175,0,50,NA,NA,0
100,1,0.6,0.3,0.01,1.5,50,1,0,1,0,4469.86,71,1084.69702362513,0,50,NA,NA,0
100,1,0.6,0.3,0.1,0.5,50,1,0,1,0,2578.94,174,742.464302996777,0,50,NA,NA,0
100,1,0.6,0.3,0.1,1,50,1,0,1,0,4725.84,174,1163.38812657738,0,50,NA,NA,0
100,1,0.6,0.3,0.1,1.5,50,1,0,1,0,9352.86,211.24,2490.24345183112,48.0508064448454,50,NA,NA,0
100,1,0.6,0.3,0.5,0.5,50,1,0.04,0.88,0.08,3571.18,1637,1170.9144113792,0,50,0.672112168290378,0.317095298064972,2
100,1,0.6,0.3,0.5,1,50,1,0,1,0,6156.92,1637,1967.62025372203,0,50,NA,NA,0
100,1,0.6,0.3,0.5,1.5,50,1,0,1,0,12817.02,1637,3949.46630592447,0,50,NA,NA,0
100,1,0.6,0.3,1,0.5,50,1,0.22,0.22,0.56,4012.4,4012,1557.10762738653,0,50,0.937088584841918,0.509232783349929,11
100,1,0.6,0.3,1,1,50,1,0.04,0.78,0.18,6577.36,4012,2124.50163913655,0,50,0.448111422717755,0,2
100,1,0.6,0.3,1,1.5,50,1,0,0.98,0.02,13618.46,4012,4060.73938783547,0,50,NA,NA,0
100,1,0.6,0.3,3,0.5,50,1,0.98,0,0.02,5748.48,15397,2704.73697268858,0,50,1.17099237357789,0.683751222148176,49
100,1,0.6,0.3,3,1,50,1,0.9,0,0.1,8852.82,15397,3151.61288601016,0,50,0.697270075492398,0.376950520227194,45
100,1,0.6,0.3,3,1.5,50,1,0.14,0.42,0.44,15368.26,12393.52,5244.95767501064,2800.23024738455,50,0.448239726542963,1.80761167110824e-05,7
100,1,0.6,0.3,5,0.5,50,1,0.98,0,0.02,6900.44,24106,3903.14950881506,0,50,1.48204475957765,0.744642820367402,49
100,1,0.6,0.3,5,1,50,1,1,0,0,9798.58,24106,3589.62498234531,0,50,0.977209852962729,0.421765101172401,50
100,1,0.6,0.3,5,1.5,50,1,0.62,0.08,0.3,18582.88,24106,7905.16587658517,0,50,0.621797901525936,0.299065881567865,31
100,1,0.6,0.3,10,0.5,50,1,1,0,0,8446.74,59088,5099.44511911415,0,50,2.18759280060604,0.843081104025869,50
100,1,0.6,0.3,10,1,50,1,1,0,0,11113.26,55245.54,5116.93574921873,8284.51313759226,50,1.69446910603255,0.506581760461494,50
100,1,0.6,0.3,10,1.5,50,1,0.88,0.04,0.08,21494.96,39021.82,10873.4349452494,5121.10127143029,50,0.815055611909529,0.401785518898275,44
100,1,0.6,0.4,0.001,0.5,50,1,0,1,0,1363.42,71,401.121798897817,0,50,NA,NA,0
100,1,0.6,0.4,0.001,1,50,1,0,1,0,2390.34,71,812.985217376964,0,50,NA,NA,0
100,1,0.6,0.4,0.001,1.5,50,1,0,1,0,6597.8,71,2479.72375024941,0,50,NA,NA,0
100,1,0.6,0.4,0.01,0.5,50,1,0,1,0,1909.68,71,467.307941123126,0,50,NA,NA,0
100,1,0.6,0.4,0.01,1,50,1,0,1,0,3324.84,71,892.324740924125,0,50,NA,NA,0
100,1,0.6,0.4,0.01,1.5,50,1,0,1,0,7516.38,71,2303.02191797948,0,50,NA,NA,0
100,1,0.6,0.4,0.1,0.5,50,1,0,1,0,3947.84,174,1021.72961318001,0,50,NA,NA,0
100,1,0.6,0.4,0.1,1,50,1,0,1,0,7654.48,174,1968.62524537676,0,50,NA,NA,0
100,1,0.6,0.4,0.1,1.5,50,1,0,1,0,17619.56,207.32,5111.34667010963,46.8947758284438,50,NA,NA,0
100,1,0.6,0.4,0.5,0.5,50,1,0.02,0.98,0,6916.84,1637,2564.01835741144,0,50,0.447891932746267,NA,1
100,1,0.6,0.4,0.5,1,50,1,0,1,0,12534.68,1637,4184.05844595695,0,50,NA,NA,0
100,1,0.6,0.4,0.5,1.5,50,1,0,1,0,28355.48,1637,9160.31297977023,0,50,NA,NA,0
100,1,0.6,0.4,1,0.5,50,1,0.02,0.9,0.08,8723.86,4012,3315.82550444356,0,50,1.34431650445696,NA,1
100,1,0.6,0.4,1,1,50,1,0.02,0.98,0,15415.16,4012,6165.66293623527,0,50,0.448111422717755,NA,1
100,1,0.6,0.4,1,1.5,50,1,0,1,0,36310,4012,14976.9896405746,0,50,NA,NA,0
100,1,0.6,0.4,3,0.5,50,1,0.44,0.18,0.38,13727.68,15397,6165.41810304104,0,50,0.733472734452741,0.509082175939088,22
100,1,0.6,0.4,3,1,50,1,0.14,0.6,0.26,22034.12,15397,9893.99084301338,0,50,0.640335091186629,0.508274908089522,7
100,1,0.6,0.4,3,1.5,50,1,0.02,0.98,0,57505.88,12171.04,29877.0879804138,2773.0429021461,50,0.896484284131327,NA,1
100,1,0.6,0.4,5,0.5,50,1,0.5,0.06,0.44,18800.36,24106,8251.74026607573,0,50,0.824802189729165,0.602461826209372,25
100,1,0.6,0.4,5,1,50,1,0.24,0.36,0.4,28283.26,24106,14794.0943758112,0,50,0.709760581758881,0.521983239883351,12
100,1,0.6,0.4,5,1.5,50,1,0.02,0.88,0.1,72955.72,24106,36142.6319660066,0,50,1.3447723710497,NA,1
100,1,0.6,0.4,10,0.5,50,1,0.84,0,0.16,29283.78,59088,16541.2444986119,0,50,1.0886692437696,0.714889495477746,42
100,1,0.6,0.4,10,1,50,1,0.6,0.16,0.24,42029.16,54391.66,26067.8902439341,8932.69393881206,50,0.896561115265306,0.564569279081494,30
100,1,0.6,0.4,10,1.5,50,1,0.04,0.88,0.08,110065.06,37741,75541.693574465,0,50,1.12067245003338,0.950897662721553,2
100,1,0.7,0.2,0.001,0.5,50,1,0,1,0,576.42,71,118.165758706202,0,50,NA,NA,0
100,1,0.7,0.2,0.001,1,50,1,0,1,0,768.18,71,212.408606036496,0,50,NA,NA,0
100,1,0.7,0.2,0.001,1.5,50,1,0,1,0,1634.48,71,400.174667986317,0,50,NA,NA,0
100,1,0.7,0.2,0.01,0.5,50,1,0,1,0,932.6,71,174.979998857012,0,50,NA,NA,0
100,1,0.7,0.2,0.01,1,50,1,0,1,0,1421.62,71,345.175015649411,0,50,NA,NA,0
100,1,0.7,0.2,0.01,1.5,50,1,0,1,0,2907.48,71,767.730055662371,0,50,NA,NA,0
100,1,0.7,0.2,0.1,0.5,50,1,0,1,0,1523.78,174,395.162136189123,0,50,NA,NA,0
100,1,0.7,0.2,0.1,1,50,1,0.02,0.98,0,2369.74,174,734.346490258585,0,50,0.449525097902195,NA,1
100,1,0.7,0.2,0.1,1.5,50,1,0,1,0,5208.18,205.36,1507.07329142092,46.1787830069178,50,NA,NA,0
100,1,0.7,0.2,0.5,0.5,50,1,0.12,0.32,0.56,1847.28,1637,549.281127233308,0,50,0.597372089775674,0.231573663505346,6
100,1,0.7,0.2,0.5,1,50,1,0.04,0.84,0.12,2915.56,1637,994.122280492409,0,50,1.79371138994665,1.26908553274843,2
100,1,0.7,0.2,0.5,1.5,50,1,0.02,0.98,0,5952.34,1637,2036.33054942723,0,50,1.34383656414251,NA,1
100,1,0.7,0.2,1,0.5,50,1,1,0,0,1996.3,4012,564.298526075173,0,50,0.743958525870332,0.321545800368929,50
100,1,0.7,0.2,1,1,50,1,0.6,0,0.4,2952.1,4012,988.510820809334,0,50,0.672294339409374,0.597616146983057,30
100,1,0.7,0.2,1,1.5,50,1,0.02,0.66,0.32,6220.16,4012,2283.02571664385,0,50,2.2402611358532,NA,1
100,1,0.7,0.2,3,0.5,50,1,1,0,0,2310.28,15397,880.858047356007,0,50,1.97230816395879,0.404931676158911,50
100,1,0.7,0.2,3,1,50,1,1,0,0,3299.22,15397,1232.43750994457,0,50,1.64964961024686,0.597021030342149,50
100,1,0.7,0.2,3,1.5,50,1,0.84,0,0.16,6705.74,12616,2274.82034105589,2809.2342263997,50,0.82180003900693,0.484091718593462,42
100,1,0.7,0.2,5,0.5,50,1,1,0,0,2489.82,24106,936.304736063804,0,50,2.3488782506148,0.420418441724801,50
100,1,0.7,0.2,5,1,50,1,1,0,0,3447.98,24106,1355.48503992829,0,50,2.06207729901585,0.61435869446029,50
100,1,0.7,0.2,5,1.5,50,1,1,0,0,6751.14,24106,2242.38318022116,0,50,1.35374476576724,0.491717590805232,50
100,1,0.7,0.2,10,0.5,50,1,1,0,0,2665.06,59088,1019.20668249019,0,50,3.18271009265229,0.43658899207194,50
100,1,0.7,0.2,10,1,50,1,1,0,0,3660.66,58234.12,1481.05076612408,4225.61012447689,50,2.88691852035291,0.647895324879621,50
100,1,0.7,0.2,10,1.5,50,1,1,0,0,6958.4,37741,2174.43265882278,0,50,1.76616193740027,0.482618903393376,50
100,1,0.7,0.3,0.001,0.5,50,1,0,1,0,681.7,71,142.531092204115,0,50,NA,NA,0
100,1,0.7,0.3,0.001,1,50,1,0,0.98,0.02,1042.42,71,299.098242682083,0,50,NA,NA,0
100,1,0.7,0.3,0.001,1.5,50,1,0,1,0,2426.34,71,639.764102252238,0,50,NA,NA,0
100,1,0.7,0.3,0.01,0.5,50,1,0,1,0,1082.42,71,207.449830669726,0,50,NA,NA,0
100,1,0.7,0.3,0.01,1,50,1,0,0.98,0.02,1636.74,71,391.74595110107,0,50,NA,NA,0
100,1,0.7,0.3,0.01,1.5,50,1,0,1,0,3548.32,71,682.786291602285,0,50,NA,NA,0
100,1,0.7,0.3,0.1,0.5,50,1,0,1,0,1911.26,174,523.334006195676,0,50,NA,NA,0
100,1,0.7,0.3,0.1,1,50,1,0.02,0.98,0,3147.26,174,1012.40694830665,0,50,0.896375422173214,NA,1
100,1,0.7,0.3,0.1,1.5,50,1,0,1,0,6478.04,209.28,1603.82540095071,47.517575695736,50,NA,NA,0
100,1,0.7,0.3,0.5,0.5,50,1,0.04,0.78,0.18,2509.52,1637,711.056450010856,0,50,0.447891932746267,0,2
100,1,0.7,0.3,0.5,1,50,1,0.04,0.96,0,3959.82,1637,1254.05145371768,0,50,1.79291631653804,1.90215172528085,2
100,1,0.7,0.3,0.5,1.5,50,1,0,1,0,8078.94,1637,2189.54273867623,0,50,NA,NA,0
100,1,0.7,0.3,1,0.5,50,1,0.78,0,0.22,2752.14,4012,746.546416124658,0,50,0.528577885357513,0.174293577510934,39
100,1,0.7,0.3,1,1,50,1,0.18,0.28,0.54,4306.6,4012,1476.53058601188,0,50,0.946162415057973,1.19540302312535,9
100,1,0.7,0.3,1,1.5,50,1,0,0.96,0.04,8332.3,4012,2398.47302827173,0,50,NA,NA,0
100,1,0.7,0.3,3,0.5,50,1,1,0,0,3369.18,15397,1186.0820718755,0,50,1.58686960879684,0.386401767254735,50
100,1,0.7,0.3,3,1,50,1,1,0,0,4964,15397,1720.161181342,0,50,1.25514091797259,0.701504063981937,50
100,1,0.7,0.3,3,1.5,50,1,0.58,0.06,0.36,9605.5,13172.2,3528.04350157132,2752.4761690566,50,0.649178419923408,0.256571450200622,29
100,1,0.7,0.3,5,0.5,50,1,1,0,0,3807.1,24106,1381.94824395836,0,50,1.91861194592768,0.40537345847059,50
100,1,0.7,0.3,5,1,50,1,1,0,0,5183.82,24106,1787.18163358641,0,50,1.65860342572709,0.702967443806828,50
100,1,0.7,0.3,5,1.5,50,1,0.96,0,0.04,10104.1,24106,3976.23101847024,0,50,0.971230295116704,0.297246156079547,48
100,1,0.7,0.3,10,0.5,50,1,1,0,0,4211.84,59088,1587.27826810807,0,50,2.72551655216632,0.442161643939679,50
100,1,0.7,0.3,10,1,50,1,1,0,0,5624,58661.06,2056.67447048652,3018.92169159785,50,2.47446949909728,0.731499324904425,50
100,1,0.7,0.3,10,1.5,50,1,1,0,0,11022,38167.94,4492.07059206349,3018.92169159785,50,1.30894634652092,0.371627636252362,50
100,1,0.7,0.4,0.001,0.5,50,1,0,1,0,947.16,71,207.091950394909,0,50,NA,NA,0
100,1,0.7,0.4,0.001,1,50,1,0,1,0,1539.62,71,478.052379078754,0,50,NA,NA,0
100,1,0.7,0.4,0.001,1.5,50,1,0,1,0,3816.86,71,968.929895949808,0,50,NA,NA,0
100,1,0.7,0.4,0.01,0.5,50,1,0,1,0,1412.42,71,289.775781723507,0,50,NA,NA,0
100,1,0.7,0.4,0.01,1,50,1,0,1,0,2265.82,71,477.662065242184,0,50,NA,NA,0
100,1,0.7,0.4,0.01,1.5,50,1,0,1,0,4589.64,71,1103.39368443776,0,50,NA,NA,0
100,1,0.7,0.4,0.1,0.5,50,1,0,1,0,2481.9,174,607.573234017001,0,50,NA,NA,0
100,1,0.7,0.4,0.1,1,50,1,0,1,0,4312.18,174,1147.35487615503,0,50,NA,NA,0
100,1,0.7,0.4,0.1,1.5,50,1,0,1,0,8687.6,205.36,2329.23282456272,46.1787830069178,50,NA,NA,0
100,1,0.7,0.4,0.5,0.5,50,1,0,0.94,0.06,3467.64,1637,990.820125358951,0,50,NA,NA,0
100,1,0.7,0.4,0.5,1,50,1,0.02,0.98,0,5940.74,1637,2002.58577548211,0,50,0.896332403834489,NA,1
100,1,0.7,0.4,0.5,1.5,50,1,0,1,0,11793.1,1637,3615.66209958388,0,50,NA,NA,0
100,1,0.7,0.4,1,0.5,50,1,0.24,0.18,0.58,4035.8,4012,1266.72515260608,0,50,0.522830280883244,0.174505656572364,12
100,1,0.7,0.4,1,1,50,1,0.02,0.8,0.18,6755.96,4012,2228.7294720517,0,50,1.79275697554518,NA,1
100,1,0.7,0.4,1,1.5,50,1,0,0.98,0.02,13602.22,4012,4787.20422559462,0,50,NA,NA,0
100,1,0.7,0.4,3,0.5,50,1,1,0,0,5767.18,15397,2003.91139657075,0,50,1.0489358805332,0.390715975152759,50
100,1,0.7,0.4,3,1,50,1,0.94,0,0.06,8214.8,15397,2856.38270602266,0,50,0.753428814619565,0.44929038318549,47
100,1,0.7,0.4,3,1.5,50,1,0.14,0.5,0.36,17550.64,12949.72,7452.94642121832,2788.93439558143,50,0.576319173655521,0.338904710352591,7
100,1,0.7,0.4,5,0.5,50,1,1,0,0,6469.96,24106,2596.38062805019,0,50,1.39860223638112,0.430945656951646,50
100,1,0.7,0.4,5,1,50,1,1,0,0,9166.48,24106,3624.78279850345,0,50,1.06686342059398,0.519362027173401,50
100,1,0.7,0.4,5,1.5,50,1,0.58,0.18,0.24,20168.98,24106,9797.78838536992,0,50,0.649223781718911,0.307460156257324,29
100,1,0.7,0.4,10,0.5,50,1,1,0,0,8010.04,59088,3597.9326601451,0,50,2.09793114155002,0.456810726460288,50
100,1,0.7,0.4,10,1,50,1,1,0,0,10448.98,58661.06,4437.33831089158,3018.92169159785,50,1.83791890101572,0.567355615749021,50
100,1,0.7,0.4,10,1.5,50,1,0.76,0.08,0.16,24944.54,37741,13503.5712301508,0,50,0.778592712232902,0.425706015482795,38
100,1.5,0.5,0.2,0.001,0.5,50,1,0,1,0,1064,71,250.699999592976,0,50,NA,NA,0
100,1.5,0.5,0.2,0.001,1,50,1,0,1,0,1581.06,71,381.070747622902,0,50,NA,NA,0
100,1.5,0.5,0.2,0.001,1.5,50,1,0,1,0,4040,71,1078.80423220739,0,50,NA,NA,0
100,1.5,0.5,0.2,0.01,0.5,50,1,0,1,0,1860.82,71,463.961147652055,0,50,NA,NA,0
100,1.5,0.5,0.2,0.01,1,50,1,0,1,0,3326.94,71,760.859970221666,0,50,NA,NA,0
100,1.5,0.5,0.2,0.01,1.5,50,1,0,1,0,8237.48,71,2185.00510661151,0,50,NA,NA,0
100,1.5,0.5,0.2,0.1,0.5,50,1,0,1,0,4761.18,174,1424.58391619649,0,50,NA,NA,0
100,1.5,0.5,0.2,0.1,1,50,1,0,1,0,10488.02,174,3784.37723822883,0,50,NA,NA,0
100,1.5,0.5,0.2,0.1,1.5,50,1,0,1,0,26723.48,177.92,9992.28915007845,19.3989690447714,50,NA,NA,0
100,1.5,0.5,0.2,0.5,0.5,50,1,0.02,0.98,0,9645.8,1637,3382.29436076418,0,50,0.447891932746267,NA,1
100,1.5,0.5,0.2,0.5,1,50,1,0,1,0,24613.3,1625.18,12111.4620298294,83.5800215362499,50,NA,NA,0
100,1.5,0.5,0.2,0.5,1.5,50,1,0,1,0,59640.06,1613.36,30489.4243654941,116.987660259795,50,NA,NA,0
100,1.5,0.5,0.2,1,0.5,50,1,0,0.96,0.04,14801.62,4012,5750.70394232262,0,50,NA,NA,0
100,1.5,0.5,0.2,1,1,50,1,0,0.98,0.02,39271.5,2910.76,21383.1029031174,625.126291240418,50,NA,NA,0
100,1.5,0.5,0.2,1,1.5,50,1,0,1,0,89394.2,3026.68,59789.7239744321,682.786291602285,50,NA,NA,0
100,1.5,0.5,0.2,3,0.5,50,1,0.06,0.9,0.04,32709.78,10391.2,15630.1181962314,1685.54053583982,50,0.448247778285298,1.95244375397804e-05,3
100,1.5,0.5,0.2,3,1,50,1,0.02,0.96,0.02,88317.1,9835,53914.6812951079,0,50,0.896657581741333,NA,1
100,1.5,0.5,0.2,3,1.5,50,0.94,0.02,0.92,0,142201.595744681,9835,90623.0119123843,0,47,0.448259050724568,NA,1
100,1.5,0.5,0.2,5,0.5,50,1,0.1,0.76,0.14,49882.02,24106,25460.1611217708,0,50,0.806875037107339,0.37502426161197,5
100,1.5,0.5,0.2,5,1,50,1,0.06,0.94,0,129440.24,17312.98,77143.8550894605,3644.29809870775,50,0.747095230458276,0.517603587967466,3
100,1.5,0.5,0.2,5,1.5,50,0.88,0.02,0.86,0,190555.795454545,16980.4545454545,111484.397014149,3397.84816621881,44,0.896513320325129,NA,1
100,1.5,0.5,0.2,10,0.5,50,1,0.12,0.84,0.04,96547.64,37741,55542.4888174001,0,50,0.672419832382448,0.375042185602092,6
100,1.5,0.5,0.2,10,1,50,0.86,0.04,0.82,0,193604.604651163,37741,99164.1458477858,0,43,1.12068696813028,0.316943102040843,2
100,1.5,0.5,0.2,10,1.5,50,0.68,0.04,0.64,0,220471.088235294,37741,107669.871683144,0,34,0.896542924671096,0.633930648225967,2
100,1.5,0.5,0.3,0.001,0.5,50,1,0,1,0,1644.34,71,545.422869460579,0,50,NA,NA,0
100,1.5,0.5,0.3,0.001,1,50,1,0,1,0,2643.22,71,883.233606512722,0,50,NA,NA,0
100,1.5,0.5,0.3,0.001,1.5,50,1,0,1,0,8928.68,71,3356.24428971505,0,50,NA,NA,0
100,1.5,0.5,0.3,0.01,0.5,50,1,0,1,0,2614.42,71,795.959031096245,0,50,NA,NA,0
100,1.5,0.5,0.3,0.01,1,50,1,0,1,0,5529.22,71,1628.51918825988,0,50,NA,NA,0
100,1.5,0.5,0.3,0.01,1.5,50,1,0,1,0,14328.52,71,4485.301724613,0,50,NA,NA,0
100,1.5,0.5,0.3,0.1,0.5,50,1,0,1,0,7871.8,174,3216.8711697003,0,50,NA,NA,0
100,1.5,0.5,0.3,0.1,1,50,1,0,1,0,20677.54,174,7045.03481316988,0,50,NA,NA,0
100,1.5,0.5,0.3,0.1,1.5,50,1,0,1,0,60949.18,181.84,26418.9764896912,26.8566565305512,50,NA,NA,0
100,1.5,0.5,0.3,0.5,0.5,50,1,0.02,0.98,0,20504.02,1637,9707.0792166315,0,50,1.34383656414251,NA,1
100,1.5,0.5,0.3,0.5,1,50,1,0,1,0,66930.54,1589.72,35047.8263660981,161.962081730161,50,NA,NA,0
100,1.5,0.5,0.3,0.5,1.5,50,0.98,0,0.98,0,184561.795918367,1600.81632653061,101136.557630838,143.155607858108,49,NA,NA,0
100,1.5,0.5,0.3,1,0.5,50,1,0.04,0.94,0.02,34955.62,4012,20190.5700305557,0,50,1.34418627928548,1.2672412150596,2
100,1.5,0.5,0.3,1,1,50,1,0,1,0,114906.68,2939.74,63478.4626909773,642.033784157812,50,NA,NA,0
100,1.5,0.5,0.3,1,1.5,50,0.7,0,0.7,0,222543,3266.8,105721.511967555,734.777109060972,35,NA,NA,0
100,1.5,0.5,0.3,3,0.5,50,1,0.06,0.94,0,91415.68,10502.44,62611.0688011802,1825.78613943112,50,1.79278176793165,1.18542358099513,3
100,1.5,0.5,0.3,3,1,50,0.72,0,0.72,0,201511.333333333,9835,101968.206407404,0,36,NA,NA,0
100,1.5,0.5,0.3,3,1.5,50,0.26,0,0.26,0,241123.692307692,9835,120837.258698345,0,13,NA,NA,0
100,1.5,0.5,0.3,5,0.5,50,1,0.06,0.9,0.04,150282.68,24106,99895.5736880616,0,50,2.53982891125119,1.36896685470527,3
100,1.5,0.5,0.3,5,1,50,0.5,0,0.5,0,232009.12,18532.24,93948.7273456112,4266.52123397974,25,NA,NA,0
100,1.5,0.5,0.3,5,1.5,50,0.16,0,0.16,0,239273.125,17574.25,117025.459796988,4031.48362445958,8,NA,NA,0
100,1.5,0.5,0.3,10,0.5,50,0.78,0.04,0.7,0.04,205852.307692308,37741,116470.609522013,0,39,3.58564344586047,1.2672412150596,2
100,1.5,0.5,0.3,10,1,50,0.2,0,0.18,0.02,276008.1,37741,129669.96941505,0,10,NA,NA,0
100,1.5,0.5,0.3,10,1.5,50,0.04,0.02,0.02,0,125427.5,37741,143290.239459986,0,2,0.448286264508531,NA,1
100,1.5,0.5,0.4,0.001,0.5,50,1,0,1,0,7312.84,71,4466.56117716838,0,50,NA,NA,0
100,1.5,0.5,0.4,0.001,1,50,1,0,1,0,15049.26,71,11159.6155588271,0,50,NA,NA,0
100,1.5,0.5,0.4,0.001,1.5,50,0.98,0,0.96,0.02,47761.1632653061,71,37061.8336327655,0,49,NA,NA,0
100,1.5,0.5,0.4,0.01,0.5,50,1,0,1,0,6993.34,71,3342.3385654542,0,50,NA,NA,0
100,1.5,0.5,0.4,0.01,1,50,1,0,1,0,16079.32,71,7832.27951399247,0,50,NA,NA,0
100,1.5,0.5,0.4,0.01,1.5,50,1,0,0.98,0.02,47037.12,71,22549.9031851309,0,50,NA,NA,0
100,1.5,0.5,0.4,0.1,0.5,50,1,0,1,0,25389.34,174,12313.9711885752,0,50,NA,NA,0
100,1.5,0.5,0.4,0.1,1,50,1,0,1,0,64345.48,174,27870.6796210715,0,50,NA,NA,0
100,1.5,0.5,0.4,0.1,1.5,50,0.94,0.02,0.92,0,230514.744680851,178.170212765957,107362.599388903,19.9949114710807,47,0.896375422173214,NA,1
100,1.5,0.5,0.4,0.5,0.5,50,1,0.02,0.98,0,101850.2,1637,56425.2077952283,0,50,1.34383656414251,NA,1
100,1.5,0.5,0.4,0.5,1,50,0.84,0,0.84,0,245613.119047619,1637,102608.006798358,0,42,NA,NA,0
100,1.5,0.5,0.4,0.5,1.5,50,0.12,0.02,0.1,0,174318.166666667,1538.5,123343.684030301,241.274739664143,6,3.13794070032982,NA,1
100,1.5,0.5,0.4,1,0.5,50,0.98,0.02,0.96,0,200860.244897959,4012,117465.157424186,0,49,2.2402611358532,NA,1
100,1.5,0.5,0.4,1,1,50,0.28,0,0.28,0,239615.071428571,2770,133698.293123829,526.184816902257,14,NA,NA,0
100,1.5,0.5,0.4,1,1.5,50,0.12,0.02,0.1,0,260817.166666667,2804.5,152920.07500445,591.551772882137,6,4.03436527204051,NA,1
100,1.5,0.5,0.4,3,0.5,50,0.4,0.02,0.36,0.02,227187.05,10947.4,140080.599600251,2282.59663771905,20,3.13691871759453,NA,1
100,1.5,0.5,0.4,3,1,50,0.12,0,0.12,0,241996.333333333,9835,140946.892660557,0,6,NA,NA,0
100,1.5,0.5,0.4,3,1.5,50,0.04,0.02,0.02,0,177535.5,9835,250972.70273976,0,2,4.93102285378184,NA,1
100,1.5,0.5,0.4,5,0.5,50,0.24,0.02,0.18,0.04,202713.333333333,24106,147740.709654284,0,12,4.03343203791966,NA,1
100,1.5,0.5,0.4,5,1,50,0.06,0,0.06,0,242193.666666667,15397,105931.819357232,0,3,NA,NA,0
100,1.5,0.5,0.4,5,1.5,50,0.02,0.02,0,0,71,15397,NA,NA,1,5.3792480871886,NA,1
100,1.5,0.5,0.4,10,0.5,50,0.12,0.02,0.08,0.02,93557.5,37741,81666.4797888338,0,6,4.4817183024282,NA,1
100,1.5,0.5,0.4,10,1,50,0.04,0,0.04,0,290874.5,37741,90687.1517939559,0,2,NA,NA,0
100,1.5,0.5,0.4,10,1.5,50,0.02,0.02,0,0,71,37741,NA,NA,1,6.2758224386155,NA,1
100,1.5,0.6,0.2,0.001,0.5,50,1,0,1,0,854.36,71,239.298188161011,0,50,NA,NA,0
100,1.5,0.6,0.2,0.001,1,50,1,0,1,0,1176.98,71,289.669656325819,0,50,NA,NA,0
100,1.5,0.6,0.2,0.001,1.5,50,1,0,1,0,2847.14,71,749.767528869408,0,50,NA,NA,0
100,1.5,0.6,0.2,0.01,0.5,50,1,0,1,0,1432.76,71,309.118467482575,0,50,NA,NA,0
100,1.5,0.6,0.2,0.01,1,50,1,0,1,0,2463.88,71,576.024327717544,0,50,NA,NA,0
100,1.5,0.6,0.2,0.01,1.5,50,1,0,1,0,5283.2,71,1138.23823767886,0,50,NA,NA,0
100,1.5,0.6,0.2,0.1,0.5,50,1,0,1,0,3288.54,174,872.974394977146,0,50,NA,NA,0
100,1.5,0.6,0.2,0.1,1,50,1,0,1,0,6464.22,174,1968.82770765981,0,50,NA,NA,0
100,1.5,0.6,0.2,0.1,1.5,50,1,0,1,0,14260.36,175.96,4378.11722072027,13.8592929112563,50,NA,NA,0
100,1.5,0.6,0.2,0.5,0.5,50,1,0.04,0.94,0.02,5572.02,1637,2067.97072463785,0,50,0.672112168290378,0.317095298064972,2
100,1.5,0.6,0.2,0.5,1,50,1,0,1,0,11127.6,1625.18,4538.96265681929,83.5800215362499,50,NA,NA,0
100,1.5,0.6,0.2,0.5,1.5,50,1,0,1,0,23634.44,1625.18,10480.3326539353,83.5800215362499,50,NA,NA,0
100,1.5,0.6,0.2,1,0.5,50,1,0.08,0.8,0.12,7340.06,4012,3114.4867262127,0,50,1.12040236860765,0.578601597858033,4
100,1.5,0.6,0.2,1,1,50,1,0.04,0.94,0.02,14689.78,3287.5,6728.84526070031,731.855518528077,50,0.672267997214223,0.317005267748,2
100,1.5,0.6,0.2,1,1.5,50,1,0,1,0,31061.56,3084.64,15380.3126280691,702.581297786954,50,NA,NA,0
100,1.5,0.6,0.2,3,0.5,50,1,0.36,0.46,0.18,13760.6,11837.32,6566.53246487405,2696.86485734371,50,0.821757777032176,0.802536438843089,18
100,1.5,0.6,0.2,3,1,50,1,0.04,0.82,0.14,25087.24,9835,13939.6652297225,0,50,1.56892557895556,0.317005267748,2
100,1.5,0.6,0.2,3,1.5,50,1,0.02,0.96,0.02,46649.12,9835,31045.1684148061,0,50,0.896657581741333,NA,1
100,1.5,0.6,0.2,5,0.5,50,1,0.5,0.16,0.34,19911.36,24106,10315.0058845532,0,50,0.950301876236623,0.831735020593039,25
100,1.5,0.6,0.2,5,1,50,1,0.16,0.64,0.2,35958.74,19577.32,22589.9640537879,4395.18887913424,50,1.00858823080689,0.920225360382644,8
100,1.5,0.6,0.2,5,1.5,50,1,0.06,0.88,0.06,60027.38,17138.8,45390.5944644069,3518.96740420208,50,0.896524592764399,0.448242142171969,3
100,1.5,0.6,0.2,10,0.5,50,1,0.46,0.18,0.36,34019.78,37741,19489.4266104386,0,50,0.993976551345184,1.02886703092301,23
100,1.5,0.6,0.2,10,1,50,1,0.22,0.56,0.22,61725.08,37741,44630.8191595294,0,50,1.05956173234806,0.94609113905784,11
100,1.5,0.6,0.2,10,1.5,50,1,0.16,0.68,0.16,85269.7,37741,74374.2455117279,0,50,0.840518997659977,0.504734887350528,8
100,1.5,0.6,0.3,0.001,0.5,50,1,0,1,0,1106.86,71,361.621462361979,0,50,NA,NA,0
100,1.5,0.6,0.3,0.001,1,50,1,0,1,0,1602.98,71,454.196733873356,0,50,NA,NA,0
100,1.5,0.6,0.3,0.001,1.5,50,1,0,1,0,4528.36,71,1376.98836952093,0,50,NA,NA,0
100,1.5,0.6,0.3,0.01,0.5,50,1,0,1,0,1922.22,71,545.119469773857,0,50,NA,NA,0
100,1.5,0.6,0.3,0.01,1,50,1,0,1,0,3250.46,71,789.922683119128,0,50,NA,NA,0
100,1.5,0.6,0.3,0.01,1.5,50,1,0,1,0,8342.74,71,1771.41701390239,0,50,NA,NA,0
100,1.5,0.6,0.3,0.1,0.5,50,1,0,1,0,4271.04,174,1492.17577013554,0,50,NA,NA,0
100,1.5,0.6,0.3,0.1,1,50,1,0,1,0,9447.68,174,2638.92034540411,0,50,NA,NA,0
100,1.5,0.6,0.3,0.1,1.5,50,1,0,1,0,22454.94,181.84,8984.76175603188,26.8566565305512,50,NA,NA,0
100,1.5,0.6,0.3,0.5,0.5,50,1,0.02,0.98,0,9120.1,1637,3905.98443652395,0,50,0.447891932746267,NA,1
100,1.5,0.6,0.3,0.5,1,50,1,0,1,0,22312.76,1613.36,9782.78223761377,116.987660259795,50,NA,NA,0
100,1.5,0.6,0.3,0.5,1.5,50,1,0,1,0,44890.3,1613.36,22054.2723995018,116.987660259795,50,NA,NA,0
100,1.5,0.6,0.3,1,0.5,50,1,0.02,0.98,0,13368.3,3983.02,6218.10528018867,204.919545187861,50,1.34431650445696,NA,1
100,1.5,0.6,0.3,1,1,50,1,0,1,0,33006.14,3287.5,15866.2797769229,731.855518528077,50,NA,NA,0
100,1.5,0.6,0.3,1,1.5,50,1,0,1,0,59248.28,3200.56,29334.1118314567,726.567051276068,50,NA,NA,0
100,1.5,0.6,0.3,3,0.5,50,1,0.12,0.8,0.08,28811.64,11837.32,14832.7811458545,2696.86485734371,50,0.747022345091649,0.731883893335762,6
100,1.5,0.6,0.3,3,1,50,1,0,0.96,0.04,70014.44,9835,43378.5679246123,0,50,NA,NA,0
100,1.5,0.6,0.3,3,1.5,50,1,0,1,0,118696.9,10057.48,82051.207408756,1100.99046762264,50,NA,NA,0
100,1.5,0.6,0.3,5,0.5,50,1,0.18,0.66,0.16,47055.8,24106,29959.4212165832,0,50,0.846693618742656,0.880700146914064,9
100,1.5,0.6,0.3,5,1,50,1,0.04,0.92,0.04,111143.98,19925.68,77920.4472322711,4395.18887913424,50,0.672369276865944,0.316987546185124,2
100,1.5,0.6,0.3,5,1.5,50,0.98,0,0.98,0,152622.714285714,17885.2857142857,104591.820275695,3975.09646109374,49,NA,NA,0
100,1.5,0.6,0.3,10,0.5,50,1,0.14,0.72,0.14,84749.34,37741,54712.5529351168,0,50,0.960539906428787,1.16961267658301,7
100,1.5,0.6,0.3,10,1,50,0.94,0.04,0.86,0.04,172363.936170213,37741,103819.566168468,0,47,0.448286264508531,0,2
100,1.5,0.6,0.3,10,1.5,50,0.78,0.02,0.72,0.04,177018.692307692,37741,111379.58510809,0,39,0.448286264508531,NA,1
100,1.5,0.6,0.4,0.001,0.5,50,1,0,1,0,1709.84,71,549.684152723273,0,50,NA,NA,0
100,1.5,0.6,0.4,0.001,1,50,1,0,1,0,2923.92,71,965.439750495459,0,50,NA,NA,0
100,1.5,0.6,0.4,0.001,1.5,50,1,0,1,0,8970,71,2746.96177250282,0,50,NA,NA,0
100,1.5,0.6,0.4,0.01,0.5,50,1,0,1,0,2757.48,71,810.56853919622,0,50,NA,NA,0
100,1.5,0.6,0.4,0.01,1,50,1,0,1,0,5134.44,71,1238.67131184003,0,50,NA,NA,0
100,1.5,0.6,0.4,0.01,1.5,50,1,0,1,0,13860.8,71,4433.26476648936,0,50,NA,NA,0
100,1.5,0.6,0.4,0.1,0.5,50,1,0,1,0,7772.18,174,2270.4431796997,0,50,NA,NA,0
100,1.5,0.6,0.4,0.1,1,50,1,0,1,0,19572.4,174,5606.96313087757,0,50,NA,NA,0
100,1.5,0.6,0.4,0.1,1.5,50,1,0,1,0,53081.08,177.92,20696.3793943358,19.3989690447714,50,NA,NA,0
100,1.5,0.6,0.4,0.5,0.5,50,1,0,1,0,21337.4,1637,9003.21405422099,0,50,NA,NA,0
100,1.5,0.6,0.4,0.5,1,50,1,0,1,0,61823.68,1637,29191.1328481225,0,50,NA,NA,0
100,1.5,0.6,0.4,0.5,1.5,50,1,0,1,0,157781.24,1613.36,78280.3791249201,116.987660259795,50,NA,NA,0
100,1.5,0.6,0.4,1,0.5,50,1,0,1,0,36465.6,4012,19298.5928936145,0,50,NA,NA,0
100,1.5,0.6,0.4,1,1,50,1,0,0.98,0.02,102294.24,3084.64,49755.2011476926,702.581297786954,50,NA,NA,0
100,1.5,0.6,0.4,1,1.5,50,0.92,0,0.92,0,232350.869565217,3193,109099.843018445,726.247891563204,46,NA,NA,0
100,1.5,0.6,0.4,3,0.5,50,1,0.02,0.94,0.04,94776.12,11837.32,52565.9295484388,2696.86485734371,50,0.896484284131327,NA,1
100,1.5,0.6,0.4,3,1,50,0.92,0.02,0.9,0,250447.086956522,9835,109338.708200573,0,46,0.448259050724568,NA,1
100,1.5,0.6,0.4,3,1.5,50,0.4,0,0.38,0.02,254616.65,9835,107043.096786331,0,20,NA,NA,0
100,1.5,0.6,0.4,5,0.5,50,1,0.04,0.94,0.02,148788.66,24106,83883.3385162819,0,50,0.67240070362175,0.316943102040843,2
100,1.5,0.6,0.4,5,1,50,0.5,0.02,0.48,0,255786.92,18532.24,109208.203900058,4266.52123397974,25,0.896513320325129,NA,1
100,1.5,0.6,0.4,5,1.5,50,0.22,0.02,0.2,0,269537.636363636,18563.9090909091,115027.149347685,4393.90804306475,11,0.896513320325129,NA,1
100,1.5,0.6,0.4,10,0.5,50,0.88,0.06,0.82,0,237590.636363636,37741,111038.046614263,0,44,0.448286264508531,0,3
100,1.5,0.6,0.4,10,1,50,0.18,0.02,0.16,0,258982.333333333,37741,131321.663522246,0,9,1.34479958483366,NA,1
100,1.5,0.6,0.4,10,1.5,50,0.1,0.02,0.08,0,192633,37741,126876.800485747,0,5,1.34479958483366,NA,1
100,1.5,0.7,0.2,0.001,0.5,50,1,0,1,0,673.48,71,90.3991692213948,0,50,NA,NA,0
100,1.5,0.7,0.2,0.001,1,50,1,0,1,0,969,71,228.155067210609,0,50,NA,NA,0
100,1.5,0.7,0.2,0.001,1.5,50,1,0,1,0,2222.6,71,587.095827104981,0,50,NA,NA,0
100,1.5,0.7,0.2,0.01,0.5,50,1,0,1,0,1129.7,71,256.423457967321,0,50,NA,NA,0
100,1.5,0.7,0.2,0.01,1,50,1,0,1,0,1797.52,71,507.460594227648,0,50,NA,NA,0
100,1.5,0.7,0.2,0.01,1.5,50,1,0,1,0,4158.6,71,1138.37381328609,0,50,NA,NA,0
100,1.5,0.7,0.2,0.1,0.5,50,1,0,1,0,2256.12,174,764.580173983723,0,50,NA,NA,0
100,1.5,0.7,0.2,0.1,1,50,1,0.02,0.98,0,4203.08,174,1394.56296775026,0,50,0.449525097902195,NA,1
100,1.5,0.7,0.2,0.1,1.5,50,1,0,1,0,9188.46,177.92,2958.78333524068,19.3989690447714,50,NA,NA,0
100,1.5,0.7,0.2,0.5,0.5,50,1,0.1,0.82,0.08,3508,1637,1469.14448241284,0,50,0.447891932746267,0,5
100,1.5,0.7,0.2,0.5,1,50,1,0.04,0.94,0.02,6587.7,1637,3065.32652487164,0,50,1.79371138994665,1.26908553274843,2
100,1.5,0.7,0.2,0.5,1.5,50,1,0.02,0.98,0,12658.14,1589.72,5353.29366480419,161.962081730161,50,1.34383656414251,NA,1
100,1.5,0.7,0.2,1,0.5,50,1,0.3,0.34,0.36,4153.66,4012,1801.61069216478,0,50,0.806649617579659,0.386229794178659,15
100,1.5,0.7,0.2,1,1,50,1,0.08,0.82,0.1,7693.52,3316.48,3512.04097437861,731.269799731946,50,1.34503615030485,1.21476059631404,4
100,1.5,0.7,0.2,1,1.5,50,1,0.02,0.98,0,14969.58,3258.52,7396.88108318469,731.269799731946,50,1.79214971313545,NA,1
100,1.5,0.7,0.2,3,0.5,50,1,0.8,0.1,0.1,7029.02,13617.16,3993.07312214233,2620.88154167833,50,1.09821535560546,0.63349428119648,40
100,1.5,0.7,0.2,3,1,50,1,0.26,0.38,0.36,11608.6,9835,7192.53953051071,0,50,1.10354617319084,1.13754795162547,13
100,1.5,0.7,0.2,3,1.5,50,1,0.06,0.72,0.22,19230.28,9835,10631.8113649364,0,50,1.34447893968122,1.55229838242667,3
100,1.5,0.7,0.2,5,0.5,50,1,0.98,0,0.02,8966.26,24106,5330.3368726487,0,50,1.2441555609678,0.744829942674375,49
100,1.5,0.7,0.2,5,1,50,1,0.54,0.1,0.36,14297.36,19751.5,8521.50832140864,4398.7092552526,50,1.1456080077111,0.965906672310013,27
100,1.5,0.7,0.2,5,1.5,50,1,0.26,0.48,0.26,23043.64,16964.62,14099.8733382066,3379.85782148738,50,0.827461836975376,0.855101874841187,13
100,1.5,0.7,0.2,10,0.5,50,1,0.96,0,0.04,13320.6,38594.88,9216.75374477569,4225.61012447689,50,1.4475375653955,0.916488341709824,48
100,1.5,0.7,0.2,10,1,50,1,0.76,0.06,0.18,21197.18,37741,14693.5974265762,0,50,1.23868243134073,1.02360170322456,38
100,1.5,0.7,0.2,10,1.5,50,1,0.72,0.18,0.1,30404.46,37741,24891.4860833407,0,50,0.90898072074923,0.730459911603217,36
100,1.5,0.7,0.3,0.001,0.5,50,1,0,1,0,896.98,71,229.336531084334,0,50,NA,NA,0
100,1.5,0.7,0.3,0.001,1,50,1,0,0.98,0.02,1306.88,71,366.046146304656,0,50,NA,NA,0
100,1.5,0.7,0.3,0.001,1.5,50,1,0,1,0,3324.84,71,892.324740924125,0,50,NA,NA,0
100,1.5,0.7,0.3,0.01,0.5,50,1,0,1,0,1470.96,71,295.441831700197,0,50,NA,NA,0
100,1.5,0.7,0.3,0.01,1,50,1,0,0.98,0.02,2337.56,71,590.344318761414,0,50,NA,NA,0
100,1.5,0.7,0.3,0.01,1.5,50,1,0,1,0,5483.82,71,1638.71454960955,0,50,NA,NA,0
100,1.5,0.7,0.3,0.1,0.5,50,1,0,1,0,3144.44,174,1020.17369789539,0,50,NA,NA,0
100,1.5,0.7,0.3,0.1,1,50,1,0.02,0.98,0,5846.76,174,1869.86914919254,0,50,0.896375422173214,NA,1
100,1.5,0.7,0.3,0.1,1.5,50,1,0,1,0,12705.78,174,3953.64298704114,0,50,NA,NA,0
100,1.5,0.7,0.3,0.5,0.5,50,1,0,0.94,0.06,5386,1637,2308.06033062308,0,50,NA,NA,0
100,1.5,0.7,0.3,0.5,1,50,1,0.04,0.96,0,10148.4,1625.18,3744.21290058377,83.5800215362499,50,2.01713655208215,1.58505642721587,2
100,1.5,0.7,0.3,0.5,1.5,50,1,0,1,0,20959.68,1625.18,9726.39632374348,83.5800215362499,50,NA,NA,0
100,1.5,0.7,0.3,1,0.5,50,1,0.1,0.76,0.14,7514.14,4012,3662.62175536284,0,50,0.717099312113517,0.245551224529606,5
100,1.5,0.7,0.3,1,1,50,1,0.06,0.94,0,12186.38,3490.36,4982.80192421075,702.581297786954,50,1.79289392549916,1.95405791363466,3
100,1.5,0.7,0.3,1,1.5,50,1,0,1,0,24679.54,3142.6,11555.0662361951,717.069034333515,50,NA,NA,0
100,1.5,0.7,0.3,3,0.5,50,1,0.42,0.26,0.32,13447.64,13950.88,6762.47037568674,2464.45266217098,50,0.853813438758173,0.565341084410983,21
100,1.5,0.7,0.3,3,1,50,1,0.06,0.84,0.1,21630.4,9835,11714.5674338947,0,50,2.83892198147974,1.86640307330684,3
100,1.5,0.7,0.3,3,1.5,50,1,0.04,0.96,0,37981.76,9946.24,22135.8232436907,786.585583391916,50,0.448259050724568,0,2
100,1.5,0.7,0.3,5,0.5,50,1,0.56,0.08,0.36,17882.36,24106,9169.9469492156,0,50,0.912545328894343,0.615863265746941,28
100,1.5,0.7,0.3,5,1,50,1,0.2,0.62,0.18,29026.06,19925.68,16745.2617476206,4395.18887913424,50,1.47924848937384,1.73031274240421,10
100,1.5,0.7,0.3,5,1.5,50,1,0.06,0.8,0.14,50038.3,16964.62,37066.5366280968,3379.85782148738,50,0.597665868152152,0.258784341264823,3
100,1.5,0.7,0.3,10,0.5,50,1,0.5,0.16,0.34,31359.52,38594.88,15999.7993893546,4225.61012447689,50,0.950355924835088,0.831820148942922,25
100,1.5,0.7,0.3,10,1,50,1,0.3,0.52,0.18,48261.54,37741,28674.8112861146,0,50,1.31492859232778,1.62036689296594,15
100,1.5,0.7,0.3,10,1.5,50,1,0.18,0.54,0.28,69376.18,37741,47062.7607201234,0,50,0.747127795429998,0.501167976693016,9
100,1.5,0.7,0.4,0.001,0.5,50,1,0,1,0,1115.38,71,386.944645621968,0,50,NA,NA,0
100,1.5,0.7,0.4,0.001,1,50,1,0,1,0,1880.92,71,528.724489035757,0,50,NA,NA,0
100,1.5,0.7,0.4,0.001,1.5,50,1,0,1,0,5015.16,71,1796.80394669456,0,50,NA,NA,0
100,1.5,0.7,0.4,0.01,0.5,50,1,0,1,0,1812.12,71,562.034483654096,0,50,NA,NA,0
100,1.5,0.7,0.4,0.01,1,50,1,0,1,0,3316.48,71,731.269799731946,0,50,NA,NA,0
100,1.5,0.7,0.4,0.01,1.5,50,1,0,1,0,7277.54,71,2170.64439045089,0,50,NA,NA,0
100,1.5,0.7,0.4,0.1,0.5,50,1,0,1,0,4596,174,1407.66242764524,0,50,NA,NA,0
100,1.5,0.7,0.4,0.1,1,50,1,0,1,0,9219.98,174,2606.07991239638,0,50,NA,NA,0
100,1.5,0.7,0.4,0.1,1.5,50,1,0,1,0,20874.26,179.88,5952.56067968283,23.5099978732453,50,NA,NA,0
100,1.5,0.7,0.4,0.5,0.5,50,1,0.02,0.98,0,9175.94,1637,3500.56915727971,0,50,0.447891932746267,NA,1
100,1.5,0.7,0.4,0.5,1,50,1,0,1,0,19679.06,1625.18,6918.26106914276,83.5800215362499,50,NA,NA,0
100,1.5,0.7,0.4,0.5,1.5,50,1,0,1,0,40650.52,1625.18,15012.5262925087,83.5800215362499,50,NA,NA,0
100,1.5,0.7,0.4,1,0.5,50,1,0.02,0.98,0,13652.54,4012,5958.37852278758,0,50,1.34431650445696,NA,1
100,1.5,0.7,0.4,1,1,50,1,0,0.96,0.04,28244.04,3490.36,11243.3538807672,702.581297786954,50,NA,NA,0
100,1.5,0.7,0.4,1,1.5,50,1,0,1,0,57673.46,3142.6,28683.9915299493,717.069034333515,50,NA,NA,0
100,1.5,0.7,0.4,3,0.5,50,1,0.06,0.78,0.16,28344.28,13950.88,12448.6606066513,2464.45266217098,50,1.19522786791213,1.29381722980528,3
100,1.5,0.7,0.4,3,1,50,1,0.02,0.96,0.02,56244.98,9835,28053.0580547662,0,50,0.896657581741333,NA,1
100,1.5,0.7,0.4,3,1.5,50,1,0.02,0.98,0,105451.4,9835,52188.2123218159,0,50,0.448259050724568,NA,1
100,1.5,0.7,0.4,5,0.5,50,1,0.08,0.7,0.22,41744.46,24106,20750.3540979966,0,50,1.12058791681963,1.34459965980253,4
100,1.5,0.7,0.4,5,1,50,1,0.04,0.88,0.08,85833.34,20448.22,45805.3846623485,4342.04074699575,50,1.3448421111958,0.634032656451628,2
100,1.5,0.7,0.4,5,1.5,50,1,0.02,0.96,0.02,150032.06,17312.98,94743.0500186323,3644.29809870775,50,1.3447723710497,NA,1
100,1.5,0.7,0.4,10,0.5,50,1,0.08,0.72,0.2,78502.94,38594.88,38398.7581609412,4225.61012447689,50,1.34472877710073,1.50890166693804,4
100,1.5,0.7,0.4,10,1,50,1,0.04,0.92,0.04,162039.34,37741,92543.1884318178,0,50,1.79312837570433,0.634032656451628,2
100,1.5,0.7,0.4,10,1.5,50,0.86,0.04,0.8,0.02,191415.325581395,37741,115079.687257243,0,43,1.12067245003338,0.950897662721553,2
