"mu","sigma","item_overlap","class_overlap","add_k","n_preferred","frac_detected","frac_ob_lt_ow","frac_ow_lt_ob","mean_ob_nobs","mean_ow_nobs","sd_ob_nobs","sd_ow_nobs","n_both","mean_log_ratio","sd_log_ratio","n_ob_lt_ow","frac_ob_lt_ow_ci_lo","frac_ob_lt_ow_ci_hi","frac_ow_lt_ob_ci_lo","frac_ow_lt_ob_ci_hi","mean_ob_nobs_ci_lo","mean_ob_nobs_ci_hi","mean_ow_nobs_ci_lo","mean_ow_nobs_ci_hi","mean_log_ratio_ci_lo","mean_log_ratio_ci_hi"
10,0.5,0.5,0.2,0.001,50,1,0,1,39.22,1,11.0255547317519,0,50,NA,NA,0,6.93889390390723e-18,0.0713475991333587,0.928652400866641,1,36.08657201514,42.35342798486,1,1,NA,NA
10,0.5,0.5,0.2,0.01,50,1,0,1,39.22,1,11.0255547317519,0,50,NA,NA,0,6.93889390390723e-18,0.0713475991333587,0.928652400866641,1,36.08657201514,42.35342798486,1,1,NA,NA
10,0.5,0.5,0.2,0.1,50,1,0,1,38.8,4,10.7304639761222,0,50,NA,NA,0,6.93889390390723e-18,0.0713475991333587,0.928652400866641,1,35.7504358799759,41.8495641200241,4,4,NA,NA
10,0.5,0.5,0.2,0.5,50,1,0,0.9,39.74,23,10.5343170986398,0,50,NA,NA,0,6.93889390390723e-18,0.0713475991333587,0.786397685625204,0.95652423506811,36.7461802057717,42.7338197942283,23,23,NA,NA
10,0.5,0.5,0.2,1,50,1,1,0,43.26,88,12.4864171099999,0,50,0.754577264386387,0.308701318963529,50,0.928652400866641,1,6.93889390390723e-18,0.0713475991333587,39.7113995209299,46.8086004790701,88,88,0.666845320249568,0.842309208523206
10,0.5,0.5,0.3,0.001,50,1,0,1,58.38,1,16.2655137876278,0,50,NA,NA,0,6.93889390390723e-18,0.0713475991333587,0.928652400866641,1,53.7573921285337,63.0026078714663,1,1,NA,NA
10,0.5,0.5,0.3,0.01,50,1,0,1,58.38,1,16.2655137876278,0,50,NA,NA,0,6.93889390390723e-18,0.0713475991333587,0.928652400866641,1,53.7573921285337,63.0026078714663,1,1,NA,NA
10,0.5,0.5,0.3,0.1,50,1,0,1,58.38,4,16.2655137876278,0,50,NA,NA,0,6.93889390390723e-18,0.0713475991333587,0.928652400866641,1,53.7573921285337,63.0026078714663,4,4,NA,NA
10,0.5,0.5,0.3,0.5,50,1,0,1,63.78,23,17.357336859586,0,50,NA,NA,0,6.93889390390723e-18,0.0713475991333587,0.928652400866641,1,58.8470994447255,68.7129005552745,23,23,NA,NA
10,0.5,0.5,0.3,1,50,1,0.58,0,68.34,88,17.7943008532829,0,50,0.497669316213096,0.161264233245115,29,0.442334417685782,0.70624996645288,6.93889390390723e-18,0.0713475991333587,63.282915651752,73.397084348248,88,88,0.436327682497859,0.559010949928333
10,0.5,0.5,0.4,0.001,50,1,0,1,167.62,1,69.5207765157074,0,50,NA,NA,0,6.93889390390723e-18,0.0713475991333587,0.928652400866641,1,147.862413922615,187.377586077385,1,1,NA,NA
10,0.5,0.5,0.4,0.01,50,1,0,1,167.74,1,64.7830949226347,0,50,NA,NA,0,6.93889390390723e-18,0.0713475991333587,0.928652400866641,1,149.328848133706,186.151151866294,1,1,NA,NA
10,0.5,0.5,0.4,0.1,50,1,0,1,159.46,4,64.9772990186196,0,50,NA,NA,0,6.93889390390723e-18,0.0713475991333587,0.928652400866641,1,140.993655940303,177.926344059697,4,4,NA,NA
10,0.5,0.5,0.4,0.5,50,1,0,1,161.64,23,64.5460632859533,0,50,NA,NA,0,6.93889390390723e-18,0.0713475991333587,0.928652400866641,1,143.296211779504,179.983788220496,23,23,NA,NA
10,0.5,0.5,0.4,1,50,1,0.08,0.82,167.46,88,66.193966677408,0,50,0.661174809620006,0.4537785259527,4,0.031549514088593,0.188382469183428,0.692039463256992,0.902298073297658,148.647882817492,186.272117182508,88,88,-0.0608880870476227,1.38323770628763
10,0.5,0.6,0.2,0.001,50,1,0,1,29.08,1,9.07528601899304,0,50,NA,NA,0,6.93889390390723e-18,0.0713475991333587,0.928652400866641,1,26.5008322506778,31.6591677493222,1,1,NA,NA
10,0.5,0.6,0.2,0.01,50,1,0,1,29.08,1,9.07528601899304,0,50,NA,NA,0,6.93889390390723e-18,0.0713475991333587,0.928652400866641,1,26.5008322506778,31.6591677493222,1,1,NA,NA
10,0.5,0.6,0.2,0.1,50,1,0,1,29.5,4,9.85455452559674,0,50,NA,NA,0,6.93889390390723e-18,0.0713475991333587,0.928652400866641,1,26.6993665915142,32.3006334084858,4,4,NA,NA
10,0.5,0.6,0.2,0.5,50,1,0.06,0.5,30.28,23,9.82300506827868,0,50,0.42744401482694,0,3,0.020614970348974,0.162170916888382,0.366445143168286,0.633554856831714,27.4883328480766,33.0716671519234,23,23,0.42744401482694,0.42744401482694
10,0.5,0.6,0.2,1,50,1,1,0,33.1,88,11.2961073302411,0,50,1.03457003194654,0.343672134417315,50,0.928652400866641,1,6.93889390390723e-18,0.0713475991333587,29.8896818174032,36.3103181825968,88,88,0.936899492023633,1.13224057186945
10,0.5,0.6,0.3,0.001,50,1,0,1,40.36,1,9.11325565160051,0,50,NA,NA,0,6.93889390390723e-18,0.0713475991333587,0.928652400866641,1,37.7700414004864,42.9499585995136,1,1,NA,NA
10,0.5,0.6,0.3,0.01,50,1,0,1,40.36,1,9.11325565160051,0,50,NA,NA,0,6.93889390390723e-18,0.0713475991333587,0.928652400866641,1,37.7700414004864,42.9499585995136,1,1,NA,NA
10,0.5,0.6,0.3,0.1,50,1,0,1,40.78,4,9.38798624382704,0,50,NA,NA,0,6.93889390390723e-18,0.0713475991333587,0.928652400866641,1,38.1119638300672,43.4480361699328,4,4,NA,NA
10,0.5,0.6,0.3,0.5,50,1,0,0.98,42.46,23,10.2403961976925,0,50,NA,NA,0,6.93889390390723e-18,0.0713475991333587,0.895045564103622,0.996460740728354,39.5497116015854,45.3702883984146,23,23,NA,NA
10,0.5,0.6,0.3,1,50,1,1,0,46.08,88,10.5981130395934,0,50,0.673242357920445,0.231913122480971,50,0.928652400866641,1,6.93889390390723e-18,0.0713475991333587,43.0680495999593,49.0919504000407,88,88,0.607333377763157,0.739151338077733
10,0.5,0.6,0.4,0.001,50,1,0,1,63.38,1,15.7931656621671,0,50,NA,NA,0,6.93889390390723e-18,0.0713475991333587,0.928652400866641,1,58.891631980489,67.868368019511,1,1,NA,NA
10,0.5,0.6,0.4,0.01,50,1,0,1,63.38,1,15.7931656621671,0,50,NA,NA,0,6.93889390390723e-18,0.0713475991333587,0.928652400866641,1,58.891631980489,67.868368019511,1,1,NA,NA
10,0.5,0.6,0.4,0.1,50,1,0,1,63.38,4,15.7931656621671,0,50,NA,NA,0,6.93889390390723e-18,0.0713475991333587,0.928652400866641,1,58.891631980489,67.868368019511,4,4,NA,NA
10,0.5,0.6,0.4,0.5,50,1,0,1,63.8,23,15.3223859174765,0,50,NA,NA,0,6.93889390390723e-18,0.0713475991333587,0.928652400866641,1,59.4454261035611,68.1545738964389,23,23,NA,NA
10,0.5,0.6,0.4,1,50,1,0.56,0,69.8,88,16.8013604891305,0,50,0.467109284456402,0.12051936775288,28,0.423060280216569,0.688378007887428,6.93889390390723e-18,0.0713475991333587,65.0251061809389,74.5748938190611,88,88,0.420376752273933,0.513841816638871
10,0.5,0.7,0.2,0.001,50,1,0,1,24.44,1,5.54079490355538,0,50,NA,NA,0,6.93889390390723e-18,0.0713475991333587,0.928652400866641,1,22.8653235114628,26.0146764885372,1,1,NA,NA
10,0.5,0.7,0.2,0.01,50,1,0,1,24.44,1,5.54079490355538,0,50,NA,NA,0,6.93889390390723e-18,0.0713475991333587,0.928652400866641,1,22.8653235114628,26.0146764885372,1,1,NA,NA
10,0.5,0.7,0.2,0.1,50,1,0,1,24.18,4,5.28644782554835,0,50,NA,NA,0,6.93889390390723e-18,0.0713475991333587,0.928652400866641,1,22.6776081512369,25.6823918487631,4,4,NA,NA
10,0.5,0.7,0.2,0.5,50,1,0.08,0.2,24.96,23,5.98283258283948,0,50,0.42744401482694,0,4,0.031549514088593,0.188382469183428,0.112437500157761,0.330371059322254,23.2596977929996,26.6603022070004,23,23,0.42744401482694,0.42744401482694
10,0.5,0.7,0.2,1,50,1,1,0,25.74,88,6.51155957995205,0,50,1.2595516918782,0.247505260844917,50,0.928652400866641,1,6.93889390390723e-18,0.0713475991333587,23.8894352430045,27.5905647569955,88,88,1.18921147502742,1.32989190872898
10,0.5,0.7,0.3,0.001,50,1,0,1,29.86,1,6.81238368183791,0,50,NA,NA,0,6.93889390390723e-18,0.0713475991333587,0.928652400866641,1,27.9239419791912,31.7960580208088,1,1,NA,NA
10,0.5,0.7,0.3,0.01,50,1,0,1,29.86,1,6.81238368183791,0,50,NA,NA,0,6.93889390390723e-18,0.0713475991333587,0.928652400866641,1,27.9239419791912,31.7960580208088,1,1,NA,NA
10,0.5,0.7,0.3,0.1,50,1,0,1,29.86,4,6.81238368183791,0,50,NA,NA,0,6.93889390390723e-18,0.0713475991333587,0.928652400866641,1,27.9239419791912,31.7960580208088,4,4,NA,NA
10,0.5,0.7,0.3,0.5,50,1,0.02,0.64,31.16,23,6.61278909325231,0,50,0.42744401482694,NA,1,0.00353925927164624,0.104954435896378,0.501410168761127,0.758612503481533,29.2806661336412,33.0393338663588,23,23,NA,NA
10,0.5,0.7,0.3,1,50,1,1,0,31.68,88,6.45689000769167,0,50,1.04573466752726,0.23138457310831,50,0.928652400866641,1,6.93889390390723e-18,0.0713475991333587,29.8449721635322,33.5150278364678,88,88,0.979975899439657,1.11149343561486
10,0.5,0.7,0.4,0.001,50,1,0,1,39.74,1,10.5343170986398,0,50,NA,NA,0,6.93889390390723e-18,0.0713475991333587,0.928652400866641,1,36.7461802057717,42.7338197942283,1,1,NA,NA
10,0.5,0.7,0.4,0.01,50,1,0,1,40.16,1,10.7975053808266,0,50,NA,NA,0,6.93889390390723e-18,0.0713475991333587,0.928652400866641,1,37.0913829235709,43.2286170764291,1,1,NA,NA
10,0.5,0.7,0.4,0.1,50,1,0,1,40.16,4,10.7975053808266,0,50,NA,NA,0,6.93889390390723e-18,0.0713475991333587,0.928652400866641,1,37.0913829235709,43.2286170764291,4,4,NA,NA
10,0.5,0.7,0.4,0.5,50,1,0,0.9,42.26,23,11.8007436638717,0,50,NA,NA,0,6.93889390390723e-18,0.0713475991333587,0.786397685625204,0.95652423506811,38.9062657582165,45.6137342417835,23,23,NA,NA
10,0.5,0.7,0.4,1,50,1,1,0,45.98,88,11.4133648832929,0,50,0.681972700233955,0.264836585053403,50,0.928652400866641,1,6.93889390390723e-18,0.0713475991333587,42.7363575895428,49.2236424104572,88,88,0.60670697554155,0.75723842492636
10,1,0.5,0.2,0.001,50,1,0,1,46.02,1,12.4170554201116,0,50,NA,NA,0,6.93889390390723e-18,0.0713475991333587,0.928652400866641,1,42.4911118950881,49.5488881049119,1,1,NA,NA
10,1,0.5,0.2,0.01,50,1,0,1,46.02,1,12.4170554201116,0,50,NA,NA,0,6.93889390390723e-18,0.0713475991333587,0.928652400866641,1,42.4911118950881,49.5488881049119,1,1,NA,NA
10,1,0.5,0.2,0.1,50,1,0,1,46.7,4,12.0564150084983,0,50,NA,NA,0,6.93889390390723e-18,0.0713475991333587,0.928652400866641,1,43.2736047660333,50.1263952339667,4,4,NA,NA
10,1,0.5,0.2,0.5,50,1,0,0.98,55.2,23,16.5701969985703,0,50,NA,NA,0,6.93889390390723e-18,0.0713475991333587,0.895045564103622,0.996460740728354,50.4908021180615,59.9091978819385,23,23,NA,NA
10,1,0.5,0.2,1,50,1,0.62,0.04,68.04,88,23.4963827003222,0,50,0.537679698217772,0.227164312280152,31,0.48150446930993,0.741372106898064,0.0110388843276198,0.13460090687507,61.3624019210442,74.7175980789558,88,88,0.454355155763795,0.621004240671748
10,1,0.5,0.3,0.001,50,1,0,1,77.6,1,24.588034255943,0,50,NA,NA,0,6.93889390390723e-18,0.0713475991333587,0.928652400866641,1,70.6121579816397,84.5878420183603,1,1,NA,NA
10,1,0.5,0.3,0.01,50,1,0,1,79.64,1,27.3822227448573,0,50,NA,NA,0,6.93889390390723e-18,0.0713475991333587,0.928652400866641,1,71.8580583994279,87.4219416005721,1,1,NA,NA
10,1,0.5,0.3,0.1,50,1,0,1,80.66,4,27.9004132805321,0,50,NA,NA,0,6.93889390390723e-18,0.0713475991333587,0.928652400866641,1,72.7307902786415,88.5892097213585,4,4,NA,NA
10,1,0.5,0.3,0.5,50,1,0,1,98.02,23,36.1151729095364,0,50,NA,NA,0,6.93889390390723e-18,0.0713475991333587,0.928652400866641,1,87.7561814234252,108.283818576575,23,23,NA,NA
10,1,0.5,0.3,1,50,1,0.12,0.6,123.82,88,46.4286549449798,0,50,0.51087426820673,0.187603287881625,6,0.0561760015093228,0.23804817383203,0.461814377475894,0.723916102697434,110.62512225974,137.01487774026,88,88,0.313996691742086,0.707751844671374
10,1,0.5,0.4,0.001,50,0.98,0,0.98,501.69387755102,1,539.428293198829,0,49,NA,NA,0,6.93889390390723e-18,0.0713475991333587,0.895045564103622,0.996460740728354,346.751981043666,656.635774058374,1,1,NA,NA
10,1,0.5,0.4,0.01,50,0.98,0,0.98,483.938775510204,1,536.405607111014,0,49,NA,NA,0,6.93889390390723e-18,0.0713475991333587,0.895045564103622,0.996460740728354,329.865095818499,638.012455201909,1,1,NA,NA
10,1,0.5,0.4,0.1,50,0.98,0,0.98,486.938775510204,4,549.794711997247,0,49,NA,NA,0,6.93889390390723e-18,0.0713475991333587,0.895045564103622,0.996460740728354,329.019295867394,644.858255153014,4,4,NA,NA
10,1,0.5,0.4,0.5,50,0.98,0,0.98,667.551020408163,23,682.623586528003,0,49,NA,NA,0,6.93889390390723e-18,0.0713475991333587,0.895045564103622,0.996460740728354,471.478633344261,863.623407472065,23,23,NA,NA
10,1,0.5,0.4,1,50,0.98,0,0.96,1055.61224489796,88,1166.06001161187,0,49,NA,NA,0,6.93889390390723e-18,0.0713475991333587,0.86539909312493,0.98896111567238,720.680703637597,1390.54378615832,88,88,NA,NA
10,1,0.6,0.2,0.001,50,1,0,1,33.72,1,8.49018641174164,0,50,NA,NA,0,6.93889390390723e-18,0.0713475991333587,0.928652400866641,1,31.3071157192105,36.1328842807895,1,1,NA,NA
10,1,0.6,0.2,0.01,50,1,0,1,33.72,1,8.49018641174164,0,50,NA,NA,0,6.93889390390723e-18,0.0713475991333587,0.928652400866641,1,31.3071157192105,36.1328842807895,1,1,NA,NA
10,1,0.6,0.2,0.1,50,1,0,1,34.14,4,9.10261231847255,0,50,NA,NA,0,6.93889390390723e-18,0.0713475991333587,0.928652400866641,1,31.5530662022934,36.7269337977066,4,4,NA,NA
10,1,0.6,0.2,0.5,50,1,0.02,0.78,38.02,23,12.1377972651128,0,50,0.42744401482694,NA,1,0.00353925927164624,0.104954435896378,0.647584504187463,0.872460840297856,34.5704761846103,41.4695238153897,23,23,NA,NA
10,1,0.6,0.2,1,50,1,1,0,40.58,88,12.5634552637109,0,50,0.826588752367848,0.34074508440261,50,0.928652400866641,1,6.93889390390723e-18,0.0713475991333587,37.0095055198921,44.1504944801079,88,88,0.729750070854999,0.923427433880697
10,1,0.6,0.3,0.001,50,1,0,1,50.14,1,16.3282777126439,0,50,NA,NA,0,6.93889390390723e-18,0.0713475991333587,0.928652400866641,1,45.4995548184056,54.7804451815944,1,1,NA,NA
10,1,0.6,0.3,0.01,50,1,0,1,50.14,1,16.3282777126439,0,50,NA,NA,0,6.93889390390723e-18,0.0713475991333587,0.928652400866641,1,45.4995548184056,54.7804451815944,1,1,NA,NA
10,1,0.6,0.3,0.1,50,1,0,1,49.1,4,15.5027976408736,0,50,NA,NA,0,6.93889390390723e-18,0.0713475991333587,0.928652400866641,1,44.6941536590771,53.5058463409229,4,4,NA,NA
10,1,0.6,0.3,0.5,50,1,0.02,0.96,58.72,23,19.5427736004898,0,50,0.42744401482694,NA,1,0.00353925927164624,0.104954435896378,0.86539909312493,0.98896111567238,53.1660051950758,64.2739948049242,23,23,NA,NA
10,1,0.6,0.3,1,50,1,0.58,0.04,68.28,88,24.8243132958848,0,50,0.591241662932671,0.301543418433098,29,0.442334417685782,0.70624996645288,0.0110388843276198,0.13460090687507,61.2250082214687,75.3349917785313,88,88,0.476540680882618,0.705942644982724
10,1,0.6,0.4,0.001,50,1,0,1,85.42,1,26.3540183978513,0,50,NA,NA,0,6.93889390390723e-18,0.0713475991333587,0.928652400866641,1,77.930270841654,92.909729158346,1,1,NA,NA
10,1,0.6,0.4,0.01,50,1,0,1,84.8,1,26.6550144610422,0,50,NA,NA,0,6.93889390390723e-18,0.0713475991333587,0.928652400866641,1,77.2247287069786,92.3752712930214,1,1,NA,NA
10,1,0.6,0.4,0.1,50,1,0,1,86.04,4,26.0344826281278,0,50,NA,NA,0,6.93889390390723e-18,0.0713475991333587,0.928652400866641,1,78.6410819026279,93.4389180973721,4,4,NA,NA
10,1,0.6,0.4,0.5,50,1,0,1,103.18,23,32.7331137335555,0,50,NA,NA,0,6.93889390390723e-18,0.0713475991333587,0.928652400866641,1,93.8773520063394,112.482647993661,23,23,NA,NA
10,1,0.6,0.4,1,50,1,0.06,0.64,126.58,88,40.8816559830735,0,50,0.434285546643656,0,3,0.020614970348974,0.162170916888382,0.501410168761127,0.758612503481533,114.961561922152,138.198438077848,88,88,0.434285546643656,0.434285546643656
10,1,0.7,0.2,0.001,50,1,0,1,28.98,1,6.54494664077655,0,50,NA,NA,0,6.93889390390723e-18,0.0713475991333587,0.928652400866641,1,27.119946745304,30.840053254696,1,1,NA,NA
10,1,0.7,0.2,0.01,50,1,0,1,28.98,1,6.54494664077655,0,50,NA,NA,0,6.93889390390723e-18,0.0713475991333587,0.928652400866641,1,27.119946745304,30.840053254696,1,1,NA,NA
10,1,0.7,0.2,0.1,50,1,0,1,28.72,4,6.51854497349129,0,50,NA,NA,0,6.93889390390723e-18,0.0713475991333587,0.928652400866641,1,26.8674500161263,30.5725499838737,4,4,NA,NA
10,1,0.7,0.2,0.5,50,1,0,0.6,31.22,23,7.39357139406821,0,50,NA,NA,0,6.93889390390723e-18,0.0713475991333587,0.461814377475894,0.723916102697434,29.1187702589226,33.3212297410774,23,23,NA,NA
10,1,0.7,0.2,1,50,1,1,0,33.98,88,7.19549178589041,0,50,0.97400202180289,0.217070135083211,50,0.928652400866641,1,6.93889390390723e-18,0.0713475991333587,31.9350638607046,36.0249361392954,88,88,0.912311371990208,1.03569267161557
10,1,0.7,0.3,0.001,50,1,0,1,34.18,1,6.22598242391168,0,50,NA,NA,0,6.93889390390723e-18,0.0713475991333587,0.928652400866641,1,32.4105953727526,35.9494046272474,1,1,NA,NA
10,1,0.7,0.3,0.01,50,1,0,1,34.18,1,6.22598242391168,0,50,NA,NA,0,6.93889390390723e-18,0.0713475991333587,0.928652400866641,1,32.4105953727526,35.9494046272474,1,1,NA,NA
10,1,0.7,0.3,0.1,50,1,0,1,33.92,4,6.41694186175493,0,50,NA,NA,0,6.93889390390723e-18,0.0713475991333587,0.928652400866641,1,32.0963253009903,35.7436746990097,4,4,NA,NA
10,1,0.7,0.3,0.5,50,1,0.02,0.88,38.9,23,10.8010770438009,0,50,0.42744401482694,NA,1,0.00353925927164624,0.104954435896378,0.76195182616797,0.943823998490677,35.8303678681847,41.9696321318153,23,23,NA,NA
10,1,0.7,0.3,1,50,1,0.98,0,44.66,88,13.0001726833115,0,50,0.733683745001935,0.272682417341434,49,0.895045564103622,0.996460740728354,6.93889390390723e-18,0.0713475991333587,40.9653918025014,48.3546081974986,88,88,0.655360209844837,0.812007280159033
10,1,0.7,0.4,0.001,50,1,0,1,46.76,1,13.1297450120569,0,50,NA,NA,0,6.93889390390723e-18,0.0713475991333587,0.928652400866641,1,43.0285677541127,50.4914322458873,1,1,NA,NA
10,1,0.7,0.4,0.01,50,1,0,1,46.34,1,13.1313769736646,0,50,NA,NA,0,6.93889390390723e-18,0.0713475991333587,0.928652400866641,1,42.6081039557555,50.0718960442445,1,1,NA,NA
10,1,0.7,0.4,0.1,50,1,0,1,47.44,4,12.7490055634603,0,50,NA,NA,0,6.93889390390723e-18,0.0713475991333587,0.928652400866641,1,43.816772708167,51.063227291833,4,4,NA,NA
10,1,0.7,0.4,0.5,50,1,0.04,0.92,53.88,23,19.3429204472482,0,50,0.42744401482694,0,2,0.0110388843276198,0.13460090687507,0.811617530816572,0.968450485911407,48.382802832788,59.377197167212,23,23,0.42744401482694,0.42744401482694
10,1,0.7,0.4,1,50,1,0.66,0,60.72,88,22.3935486336615,0,50,0.682921025240807,0.340604710043307,33,0.521538260502326,0.775630507774999,6.93889390390723e-18,0.0713475991333587,54.3558238949227,67.0841761050773,88,88,0.562147846582048,0.803694203899566
10,1.5,0.5,0.2,0.001,50,1,0,1,78.36,1,37.2266965869322,0,50,NA,NA,0,6.93889390390723e-18,0.0713475991333587,0.928652400866641,1,67.7802898895003,88.9397101104997,1,1,NA,NA
10,1.5,0.5,0.2,0.01,50,1,0,1,80,1,38.0633199620135,0,50,NA,NA,0,6.93889390390723e-18,0.0713475991333587,0.928652400866641,1,69.1825241570679,90.8174758429321,1,1,NA,NA
10,1.5,0.5,0.2,0.1,50,1,0,1,95.64,4,46.9757905517213,0,50,NA,NA,0,6.93889390390723e-18,0.0713475991333587,0.928652400866641,1,82.2896280407748,108.990371959225,4,4,NA,NA
10,1.5,0.5,0.2,0.5,50,0.96,0,0.94,261.645833333333,23,265.70488264825,0,48,NA,NA,0,6.93889390390723e-18,0.0713475991333587,0.837829083111618,0.979385029651026,184.493177824692,338.798488841974,23,23,NA,NA
10,1.5,0.5,0.2,1,50,0.92,0.04,0.88,516.326086956522,57,421.723134788049,0,46,0.68354469064192,0.316801319438035,2,0.0110388843276198,0.13460090687507,0.76195182616797,0.943823998490677,391.089774795452,641.562399117592,57,57,-2.16280223500579,3.52989161628963
10,1.5,0.5,0.3,0.001,50,0.9,0,0.9,194.488888888889,1,120.28954126346,0,45,NA,NA,0,6.93889390390723e-18,0.0713475991333587,0.786397685625204,0.95652423506811,158.349909894437,230.627867883341,1,1,NA,NA
10,1.5,0.5,0.3,0.01,50,0.84,0,0.84,193.02380952381,1,121.32912064645,0,42,NA,NA,0,6.93889390390723e-18,0.0713475991333587,0.71485783936965,0.916625793219666,155.214993918315,230.832625129305,1,1,NA,NA
10,1.5,0.5,0.3,0.1,50,0.74,0,0.74,217.756756756757,4,131.87734313988,0,37,NA,NA,0,6.93889390390723e-18,0.0713475991333587,0.604468427351512,0.841284725064476,173.786661400409,261.726852113105,4,4,NA,NA
10,1.5,0.5,0.3,0.5,50,0.5,0,0.5,703.76,23,1028.36481367266,0,25,NA,NA,0,6.93889390390723e-18,0.0713475991333587,0.366445143168286,0.633554856831714,279.271868046425,1128.24813195358,23,23,NA,NA
10,1.5,0.5,0.3,1,50,0.44,0,0.42,1183.04545454545,57,1436.97368757673,0,22,NA,NA,0,6.93889390390723e-18,0.0713475991333587,0.29375003354712,0.557665582314218,545.927013832541,1820.16389525836,57,57,NA,NA
10,1.5,0.5,0.4,0.001,50,0.12,0,0.12,683.333333333333,1,709.533837576945,0,6,NA,NA,0,6.93889390390723e-18,0.0713475991333587,0.0561760015093228,0.23804817383203,-61.2767635320815,1427.94343019875,1,1,NA,NA
10,1.5,0.5,0.4,0.01,50,0.12,0,0.12,601.333333333333,1,717.303747840945,0,6,NA,NA,0,6.93889390390723e-18,0.0713475991333587,0.0561760015093228,0.23804817383203,-151.430784281917,1354.09745094858,1,1,NA,NA
10,1.5,0.5,0.4,0.1,50,0.1,0,0.1,338.2,4,138.968341718537,0,5,NA,NA,0,6.93889390390723e-18,0.0713475991333587,0.0434757649318904,0.213602314374797,165.648013198014,510.751986801986,4,4,NA,NA
10,1.5,0.5,0.4,0.5,50,0.08,0,0.08,337.75,23,160.462612467827,0,4,NA,NA,0,6.93889390390723e-18,0.0713475991333587,0.031549514088593,0.188382469183428,82.4181759077963,593.081824092204,23,23,NA,NA
10,1.5,0.5,0.4,1,50,0.06,0,0.06,437,57,356.53751555762,0,3,NA,NA,0,6.93889390390723e-18,0.0713475991333587,0.020614970348974,0.162170916888382,-448.688288050454,1322.68828805045,57,57,NA,NA
10,1.5,0.6,0.2,0.001,50,1,0,1,49.4,1,17.4496359824028,0,50,NA,NA,0,6.93889390390723e-18,0.0713475991333587,0.928652400866641,1,44.440868324256,54.359131675744,1,1,NA,NA
10,1.5,0.6,0.2,0.01,50,1,0,1,48.98,1,17.5155790713319,0,50,NA,NA,0,6.93889390390723e-18,0.0713475991333587,0.928652400866641,1,44.0021275057407,53.9578724942593,1,1,NA,NA
10,1.5,0.6,0.2,0.1,50,1,0,1,53.08,4,21.0333457313158,0,50,NA,NA,0,6.93889390390723e-18,0.0713475991333587,0.928652400866641,1,47.1023892826055,59.0576107173945,4,4,NA,NA
10,1.5,0.6,0.2,0.5,50,1,0.02,0.94,94.78,23,57.4681065053141,0,50,0.42744401482694,NA,1,0.00353925927164624,0.104954435896378,0.837829083111618,0.979385029651026,78.447744839896,111.112255160104,23,23,NA,NA
10,1.5,0.6,0.2,1,50,1,0.06,0.88,172.98,57,119.689136465074,0,50,1.05003839018105,0.246784917023828,3,0.020614970348974,0.162170916888382,0.76195182616797,0.943823998490677,138.964723779627,206.995276220373,57,57,0.436990671110983,1.66308610925112
10,1.5,0.6,0.3,0.001,50,1,0,1,80.52,1,32.8081871315247,0,50,NA,NA,0,6.93889390390723e-18,0.0713475991333587,0.928652400866641,1,71.1960163827052,89.8439836172948,1,1,NA,NA
10,1.5,0.6,0.3,0.01,50,1,0,1,84.62,1,35.0124700817364,0,50,NA,NA,0,6.93889390390723e-18,0.0713475991333587,0.928652400866641,1,74.6695660996322,94.5704339003678,1,1,NA,NA
10,1.5,0.6,0.3,0.1,50,1,0,1,90.38,4,35.5107859440952,0,50,NA,NA,0,6.93889390390723e-18,0.0713475991333587,0.928652400866641,1,80.2879462985062,100.472053701494,4,4,NA,NA
10,1.5,0.6,0.3,0.5,50,0.98,0.02,0.94,285.469387755102,23,697.566009482281,0,49,0.42744401482694,NA,1,0.00353925927164624,0.104954435896378,0.837829083111618,0.979385029651026,85.1050356976293,485.833739812575,23,23,NA,NA
10,1.5,0.6,0.3,1,50,0.96,0.04,0.86,412.0625,57,325.183967981072,0,48,1.12127905931887,0.302248561461732,2,0.0110388843276198,0.13460090687507,0.738138062894145,0.930491665729837,317.638918436428,506.486081563572,57,57,-1.59431652350292,3.83687464214066
10,1.5,0.6,0.4,0.001,50,0.94,0,0.94,209.425531914894,1,120.278435068992,0,47,NA,NA,0,6.93889390390723e-18,0.0713475991333587,0.837829083111618,0.979385029651026,174.110460385309,244.740603444479,1,1,NA,NA
10,1.5,0.6,0.4,0.01,50,0.9,0,0.9,224.533333333333,1,292.394238843878,0,45,NA,NA,0,6.93889390390723e-18,0.0713475991333587,0.786397685625204,0.95652423506811,136.688379028171,312.378287638495,1,1,NA,NA
10,1.5,0.6,0.4,0.1,50,0.82,0,0.82,317.926829268293,4,359.34283005536,0,41,NA,NA,0,6.93889390390723e-18,0.0713475991333587,0.692039463256992,0.902298073297658,204.504236862204,431.349421674382,4,4,NA,NA
10,1.5,0.6,0.4,0.5,50,0.54,0,0.52,681.814814814815,23,989.632489557343,0,27,NA,NA,0,6.93889390390723e-18,0.0713475991333587,0.385117448900446,0.652028647134219,290.329240443818,1073.30038918581,23,23,NA,NA
10,1.5,0.6,0.4,1,50,0.42,0.02,0.38,1080.19047619048,57,1012.89943326313,0,21,0.45953232937844,NA,1,0.00353925927164624,0.104954435896378,0.258627893101936,0.51849553069007,619.12418199508,1541.25677038588,57,57,NA,NA
10,1.5,0.7,0.2,0.001,50,1,0,1,39.22,1,11.0255547317519,0,50,NA,NA,0,6.93889390390723e-18,0.0713475991333587,0.928652400866641,1,36.08657201514,42.35342798486,1,1,NA,NA
10,1.5,0.7,0.2,0.01,50,1,0,1,39.22,1,11.0255547317519,0,50,NA,NA,0,6.93889390390723e-18,0.0713475991333587,0.928652400866641,1,36.08657201514,42.35342798486,1,1,NA,NA
10,1.5,0.7,0.2,0.1,50,1,0,1,42,4,12.0813568639234,0,50,NA,NA,0,6.93889390390723e-18,0.0713475991333587,0.928652400866641,1,38.5665163691512,45.4334836308488,4,4,NA,NA
10,1.5,0.7,0.2,0.5,50,1,0,0.96,60.7,23,25.1276333780894,0,50,NA,NA,0,6.93889390390723e-18,0.0713475991333587,0.86539909312493,0.98896111567238,53.5588056078974,67.8411943921026,23,23,NA,NA
10,1.5,0.7,0.2,1,50,1,0.12,0.6,90.42,57,38.7567452983664,0,50,0.45953232937844,0,6,0.0561760015093228,0.23804817383203,0.461814377475894,0.723916102697434,79.4054548569554,101.434545143045,57,57,0.45953232937844,0.45953232937844
10,1.5,0.7,0.3,0.001,50,1,0,1,48.1,1,13.858247378661,0,50,NA,NA,0,6.93889390390723e-18,0.0713475991333587,0.928652400866641,1,44.1615296723026,52.0384703276974,1,1,NA,NA
10,1.5,0.7,0.3,0.01,50,1,0,1,47.68,1,13.9011671804778,0,50,NA,NA,0,6.93889390390723e-18,0.0713475991333587,0.928652400866641,1,43.7293319995878,51.6306680004122,1,1,NA,NA
10,1.5,0.7,0.3,0.1,50,1,0,1,51,4,17.4811852211083,0,50,NA,NA,0,6.93889390390723e-18,0.0713475991333587,0.928652400866641,1,46.0319021298226,55.9680978701774,4,4,NA,NA
10,1.5,0.7,0.3,0.5,50,1,0.04,0.94,92.56,23,49.3943564486834,0,50,0.885589380764017,0.6479153900466,2,0.0110388843276198,0.13460090687507,0.837829083111618,0.979385029651026,78.522279218049,106.597720781951,23,23,-4.93569943776217,6.7068781992902
10,1.5,0.7,0.3,1,50,1,0.08,0.82,163.5,57,125.5114028481,0,50,1.35035174228741,0.633525296517099,4,0.031549514088593,0.188382469183428,0.692039463256992,0.902298073297658,127.830053981712,199.169946018288,57,57,0.342271622685107,2.35843186188971
10,1.5,0.7,0.4,0.001,50,1,0,1,82.44,1,32.2003675983581,0,50,NA,NA,0,6.93889390390723e-18,0.0713475991333587,0.928652400866641,1,73.28875678274,91.59124321726,1,1,NA,NA
10,1.5,0.7,0.4,0.01,50,1,0,1,80.18,1,31.4984223770794,0,50,NA,NA,0,6.93889390390723e-18,0.0713475991333587,0.928652400866641,1,71.2282474073577,89.1317525926423,1,1,NA,NA
10,1.5,0.7,0.4,0.1,50,1,0,1,95.44,4,39.61403585517,0,50,NA,NA,0,6.93889390390723e-18,0.0713475991333587,0.928652400866641,1,84.1818155764656,106.698184423534,4,4,NA,NA
10,1.5,0.7,0.4,0.5,50,1,0,1,204,23,128.490927179108,0,50,NA,NA,0,6.93889390390723e-18,0.0713475991333587,0.928652400866641,1,167.483282535967,240.516717464033,23,23,NA,NA
10,1.5,0.7,0.4,1,50,1,0.02,0.9,385.12,57,303.787159648572,0,50,0.9075570519054,NA,1,0.00353925927164624,0.104954435896378,0.786397685625204,0.95652423506811,298.784644487897,471.455355512103,57,57,NA,NA
30,0.5,0.5,0.2,0.001,50,1,0,1,16,1,2.97609523657138,0,50,NA,NA,0,6.93889390390723e-18,0.0713475991333587,0.928652400866641,1,15.1542030921106,16.8457969078894,1,1,NA,NA
30,0.5,0.5,0.2,0.01,50,1,0,1,16,1,2.97609523657138,0,50,NA,NA,0,6.93889390390723e-18,0.0713475991333587,0.928652400866641,1,15.1542030921106,16.8457969078894,1,1,NA,NA
30,0.5,0.5,0.2,0.1,50,1,0,1,16,4,2.97609523657138,0,50,NA,NA,0,6.93889390390723e-18,0.0713475991333587,0.928652400866641,1,15.1542030921106,16.8457969078894,4,4,NA,NA
30,0.5,0.5,0.2,0.5,50,1,0.84,0,16.16,23,3.1321896885243,0,50,0.439606529678511,0.0788221049935675,42,0.71485783936965,0.916625793219666,6.93889390390723e-18,0.0713475991333587,15.2698415397052,17.0501584602948,23,23,0.415043832632161,0.464169226724861
30,0.5,0.5,0.2,1,50,1,1,0,17.6,88,4.00509879110748,0,50,1.63417216081016,0.223797905011119,50,0.928652400866641,1,6.93889390390723e-18,0.0713475991333587,16.4617635176175,18.7382364823825,88,88,1.57056949993947,1.69777482168085
30,0.5,0.5,0.3,0.001,50,1,0,1,24.48,1,6.43409286694,0,50,NA,NA,0,6.93889390390723e-18,0.0713475991333587,0.928652400866641,1,22.6514510392481,26.3085489607519,1,1,NA,NA
30,0.5,0.5,0.3,0.01,50,1,0,1,24.48,1,6.43409286694,0,50,NA,NA,0,6.93889390390723e-18,0.0713475991333587,0.928652400866641,1,22.6514510392481,26.3085489607519,1,1,NA,NA
30,0.5,0.5,0.3,0.1,50,1,0,1,24.74,4,6.63266499213998,0,50,NA,NA,0,6.93889390390723e-18,0.0713475991333587,0.928652400866641,1,22.8550174656772,26.6249825343228,4,4,NA,NA
30,0.5,0.5,0.3,0.5,50,1,0.1,0.28,25.84,23,6.82540273163273,0,50,0.42744401482694,0,5,0.0434757649318904,0.213602314374797,0.174741706659112,0.416651236959566,23.900242006178,27.779757993822,23,23,0.42744401482694,0.42744401482694
30,0.5,0.5,0.3,1,50,1,1,0,28.18,88,7.6470349062328,0,50,1.17849562766935,0.292635169541318,50,0.928652400866641,1,6.93889390390723e-18,0.0713475991333587,26.0067367257826,30.3532632742174,88,88,1.09532963267825,1.26166162266045
30,0.5,0.5,0.4,0.001,50,1,0,1,50.84,1,12.9651967409142,0,50,NA,NA,0,6.93889390390723e-18,0.0713475991333587,0.928652400866641,1,47.1553318553487,54.5246681446513,1,1,NA,NA
30,0.5,0.5,0.4,0.01,50,1,0,1,50.84,1,12.9651967409142,0,50,NA,NA,0,6.93889390390723e-18,0.0713475991333587,0.928652400866641,1,47.1553318553487,54.5246681446513,1,1,NA,NA
30,0.5,0.5,0.4,0.1,50,1,0,1,53.92,4,14.3510505908531,0,50,NA,NA,0,6.93889390390723e-18,0.0713475991333587,0.928652400866641,1,49.8414765490194,57.9985234509806,4,4,NA,NA
30,0.5,0.5,0.4,0.5,50,1,0,1,58.6,23,15.0427960926722,0,50,NA,NA,0,6.93889390390723e-18,0.0713475991333587,0.928652400866641,1,54.3248846525991,62.8751153474009,23,23,NA,NA
30,0.5,0.5,0.4,1,50,1,0.72,0,61.64,88,18.6599647833078,0,50,0.561613760169571,0.23478685980911,36,0.583348763040434,0.825258293340888,6.93889390390723e-18,0.0713475991333587,56.3368966849229,66.9431033150771,88,88,0.482173315911658,0.641054204427484
30,0.5,0.6,0.2,0.001,50,1,0,1,13.92,1,2.32852760694962,0,50,NA,NA,0,6.93889390390723e-18,0.0713475991333587,0.928652400866641,1,13.2582397761699,14.5817602238301,1,1,NA,NA
30,0.5,0.6,0.2,0.01,50,1,0,1,13.92,1,2.32852760694962,0,50,NA,NA,0,6.93889390390723e-18,0.0713475991333587,0.928652400866641,1,13.2582397761699,14.5817602238301,1,1,NA,NA
30,0.5,0.6,0.2,0.1,50,1,0,1,13.92,4,2.32852760694962,0,50,NA,NA,0,6.93889390390723e-18,0.0713475991333587,0.928652400866641,1,13.2582397761699,14.5817602238301,4,4,NA,NA
30,0.5,0.6,0.2,0.5,50,1,1,0,13.8,23,2.42436610692531,0,50,0.529609139580138,0.206404721467874,50,0.928652400866641,1,6.93889390390723e-18,0.0713475991333587,13.1110027758414,14.4889972241586,23,23,0.470949566779496,0.58826871238078
30,0.5,0.6,0.2,1,50,1,1,0,14.32,88,2.44481959603216,0,50,1.8322533204067,0.192251313064079,50,0.928652400866641,1,6.93889390390723e-18,0.0713475991333587,13.6251899585533,15.0148100414467,88,88,1.77761610176896,1.88689053904444
30,0.5,0.6,0.3,0.001,50,1,0,1,17.16,1,4.03737639603559,0,50,NA,NA,0,6.93889390390723e-18,0.0713475991333587,0.928652400866641,1,16.012590323794,18.307409676206,1,1,NA,NA
30,0.5,0.6,0.3,0.01,50,1,0,1,17.16,1,4.03737639603559,0,50,NA,NA,0,6.93889390390723e-18,0.0713475991333587,0.928652400866641,1,16.012590323794,18.307409676206,1,1,NA,NA
30,0.5,0.6,0.3,0.1,50,1,0,1,17.16,4,4.03737639603559,0,50,NA,NA,0,6.93889390390723e-18,0.0713475991333587,0.928652400866641,1,16.012590323794,18.307409676206,4,4,NA,NA
30,0.5,0.6,0.3,0.5,50,1,0.58,0,18.12,23,4.35487060188746,0,50,0.462673368190111,0.131732076983469,29,0.442334417685782,0.70624996645288,6.93889390390723e-18,0.0713475991333587,16.8823594688528,19.3576405311472,23,23,0.412565165941786,0.512781570438436
30,0.5,0.6,0.3,1,50,1,1,0,18.7,88,5.02341456357636,0,50,1.5841348970557,0.270821039294706,50,0.928652400866641,1,6.93889390390723e-18,0.0713475991333587,17.2723613771801,20.1276386228199,88,88,1.50716840928606,1.66110138482534
30,0.5,0.6,0.4,0.001,50,1,0,1,24.18,1,5.28644782554835,0,50,NA,NA,0,6.93889390390723e-18,0.0713475991333587,0.928652400866641,1,22.6776081512369,25.6823918487631,1,1,NA,NA
30,0.5,0.6,0.4,0.01,50,1,0,1,24.44,1,5.54079490355538,0,50,NA,NA,0,6.93889390390723e-18,0.0713475991333587,0.928652400866641,1,22.8653235114628,26.0146764885372,1,1,NA,NA
30,0.5,0.6,0.4,0.1,50,1,0,1,24.96,4,5.98283258283948,0,50,NA,NA,0,6.93889390390723e-18,0.0713475991333587,0.928652400866641,1,23.2596977929996,26.6603022070004,4,4,NA,NA
30,0.5,0.6,0.4,0.5,50,1,0.08,0.34,26.78,23,7.01976800593459,0,50,0.42744401482694,0,4,0.031549514088593,0.188382469183428,0.224369492225001,0.478461739497674,24.7850040064039,28.7749959935961,23,23,0.42744401482694,0.42744401482694
30,0.5,0.6,0.4,1,50,1,1,0,29.02,88,7.29128638464141,0,50,1.14347687817519,0.27100835917321,50,0.928652400866641,1,6.93889390390723e-18,0.0713475991333587,26.9478393369661,31.0921606630339,88,88,1.06645715468511,1.22049660166527
30,0.5,0.7,0.2,0.001,50,1,0,1,12.26,1,3.19955354028384,0,50,NA,NA,0,6.93889390390723e-18,0.0713475991333587,0.928652400866641,1,11.3506969448611,13.1693030551389,1,1,NA,NA
30,0.5,0.7,0.2,0.01,50,1,0,1,12.26,1,3.19955354028384,0,50,NA,NA,0,6.93889390390723e-18,0.0713475991333587,0.928652400866641,1,11.3506969448611,13.1693030551389,1,1,NA,NA
30,0.5,0.7,0.2,0.1,50,1,0,0.98,12.26,4,3.19955354028384,0,50,NA,NA,0,6.93889390390723e-18,0.0713475991333587,0.895045564103622,0.996460740728354,11.3506969448611,13.1693030551389,4,4,NA,NA
30,0.5,0.7,0.2,0.5,50,1,1,0,12.26,23,3.19955354028384,0,50,0.668425893608302,0.2970337842838,50,0.928652400866641,1,6.93889390390723e-18,0.0713475991333587,11.3506969448611,13.1693030551389,23,23,0.584009826138849,0.752841961077755
30,0.5,0.7,0.2,1,50,1,1,0,12.5,88,3.17033443159602,0,50,1.98983546720672,0.295298610342745,50,0.928652400866641,1,6.93889390390723e-18,0.0713475991333587,11.5990009236706,13.4009990763294,88,88,1.90591253071505,2.07375840369839
30,0.5,0.7,0.3,0.001,50,1,0,1,13.68,1,2.51071174557888,0,50,NA,NA,0,6.93889390390723e-18,0.0713475991333587,0.928652400866641,1,12.9664636168503,14.3935363831497,1,1,NA,NA
30,0.5,0.7,0.3,0.01,50,1,0,1,13.68,1,2.51071174557888,0,50,NA,NA,0,6.93889390390723e-18,0.0713475991333587,0.928652400866641,1,12.9664636168503,14.3935363831497,1,1,NA,NA
30,0.5,0.7,0.3,0.1,50,1,0,1,13.68,4,2.51071174557888,0,50,NA,NA,0,6.93889390390723e-18,0.0713475991333587,0.928652400866641,1,12.9664636168503,14.3935363831497,4,4,NA,NA
30,0.5,0.7,0.3,0.5,50,1,0.98,0,13.84,23,2.83102346820916,0,50,0.54211915485604,0.215348651297972,49,0.895045564103622,0.996460740728354,6.93889390390723e-18,0.0713475991333587,13.0354320325003,14.6445679674997,23,23,0.480263800097868,0.603974509614212
30,0.5,0.7,0.3,1,50,1,1,0,14.12,88,3.02803229702669,0,50,1.85435397753612,0.230926356682604,50,0.928652400866641,1,6.93889390390723e-18,0.0713475991333587,13.2594427428455,14.9805572571545,88,88,1.78872543311584,1.9199825219564
30,0.5,0.7,0.4,0.001,50,1,0,1,17.24,1,3.62845894088858,0,50,NA,NA,0,6.93889390390723e-18,0.0713475991333587,0.928652400866641,1,16.2088033787041,18.2711966212959,1,1,NA,NA
30,0.5,0.7,0.4,0.01,50,1,0,1,17.24,1,3.62845894088858,0,50,NA,NA,0,6.93889390390723e-18,0.0713475991333587,0.928652400866641,1,16.2088033787041,18.2711966212959,1,1,NA,NA
30,0.5,0.7,0.4,0.1,50,1,0,1,17.24,4,3.62845894088858,0,50,NA,NA,0,6.93889390390723e-18,0.0713475991333587,0.928652400866641,1,16.2088033787041,18.2711966212959,4,4,NA,NA
30,0.5,0.7,0.4,0.5,50,1,0.68,0,17.56,23,3.76969657199329,0,50,0.42744401482694,0,34,0.541897026918559,0.792417837393432,6.93889390390723e-18,0.0713475991333587,16.4886640880665,18.6313359119335,23,23,0.42744401482694,0.42744401482694
30,0.5,0.7,0.4,1,50,1,1,0,19.64,88,3.98855505522632,0,50,1.52136908477637,0.213110498270528,50,0.928652400866641,1,6.93889390390723e-18,0.0713475991333587,18.5064651953331,20.7735348046669,88,88,1.46080375129476,1.58193441825798
30,1,0.5,0.2,0.001,50,1,0,1,17.4,1,4.53557367611073,0,50,NA,NA,0,6.93889390390723e-18,0.0713475991333587,0.928652400866641,1,16.1110042233801,18.6889957766199,1,1,NA,NA
30,1,0.5,0.2,0.01,50,1,0,1,17.4,1,4.53557367611073,0,50,NA,NA,0,6.93889390390723e-18,0.0713475991333587,0.928652400866641,1,16.1110042233801,18.6889957766199,1,1,NA,NA
30,1,0.5,0.2,0.1,50,1,0,1,17.24,4,4.47469073153186,0,50,NA,NA,0,6.93889390390723e-18,0.0713475991333587,0.928652400866641,1,15.9683069647828,18.5116930352172,4,4,NA,NA
30,1,0.5,0.2,0.5,50,1,0.4,0.06,20.22,23,6.05515466021997,0,50,0.504067858391838,0.187139714994268,20,0.276083897302565,0.538185622524106,0.020614970348974,0.162170916888382,18.4991440860252,21.9408559139748,23,23,0.416483775761203,0.591651941022473
30,1,0.5,0.2,1,50,1,1,0,23.08,57,6.88043662591738,0,50,0.950343804513653,0.316851513789296,50,0.928652400866641,1,6.93889390390723e-18,0.0713475991333587,21.1246015464766,25.0353984535234,57,57,0.860295600635673,1.04039200839163
30,1,0.5,0.3,0.001,50,1,0,1,26.98,1,7.56331101234028,0,50,NA,NA,0,6.93889390390723e-18,0.0713475991333587,0.928652400866641,1,24.8305307931567,29.1294692068433,1,1,NA,NA
30,1,0.5,0.3,0.01,50,1,0,1,26.98,1,7.56331101234028,0,50,NA,NA,0,6.93889390390723e-18,0.0713475991333587,0.928652400866641,1,24.8305307931567,29.1294692068433,1,1,NA,NA
30,1,0.5,0.3,0.1,50,1,0,1,27.82,4,8.48213007517834,0,50,NA,NA,0,6.93889390390723e-18,0.0713475991333587,0.928652400866641,1,25.4094053047286,30.2305946952714,4,4,NA,NA
30,1,0.5,0.3,0.5,50,1,0.04,0.7,35.14,23,11.5793799841065,0,50,0.42744401482694,0,2,0.0110388843276198,0.13460090687507,0.562496495355466,0.808964464991191,31.8491766199267,38.4308233800733,23,23,0.42744401482694,0.42744401482694
30,1,0.5,0.3,1,50,1,0.58,0.02,42.94,57,14.9207566695472,0,50,0.613313933432564,0.245418014782111,29,0.442334417685782,0.70624996645288,0.00353925927164624,0.104954435896378,38.6995678728977,47.1804321271023,57,57,0.519961913167768,0.70666595369736
30,1,0.5,0.4,0.001,50,1,0,1,70.58,1,28.8012825678132,0,50,NA,NA,0,6.93889390390723e-18,0.0713475991333587,0.928652400866641,1,62.3947660599835,78.7652339400165,1,1,NA,NA
30,1,0.5,0.4,0.01,50,1,0,1,72.24,1,28.4766714404358,0,50,NA,NA,0,6.93889390390723e-18,0.0713475991333587,0.928652400866641,1,64.1470195216431,80.3329804783569,1,1,NA,NA
30,1,0.5,0.4,0.1,50,1,0,1,80.2,4,37.7786247737516,0,50,NA,NA,0,6.93889390390723e-18,0.0713475991333587,0.928652400866641,1,69.4634336343467,90.9365663656533,4,4,NA,NA
30,1,0.5,0.4,0.5,50,1,0,0.98,112.48,23,60.0718073709817,0,50,NA,NA,0,6.93889390390723e-18,0.0713475991333587,0.895045564103622,0.996460740728354,95.4077812412218,129.552218758778,23,23,NA,NA
30,1,0.5,0.4,1,50,1,0.04,0.84,158.92,57,87.1435222457054,0,50,0.68354469064192,0.316801319438035,2,0.0110388843276198,0.13460090687507,0.71485783936965,0.916625793219666,134.154085000948,183.685914999052,57,57,-2.16280223500579,3.52989161628963
30,1,0.6,0.2,0.001,50,1,0,1,13.96,1,2.94133108837284,0,50,NA,NA,0,6.93889390390723e-18,0.0713475991333587,0.928652400866641,1,13.1240829537126,14.7959170462874,1,1,NA,NA
30,1,0.6,0.2,0.01,50,1,0,1,13.96,1,2.94133108837284,0,50,NA,NA,0,6.93889390390723e-18,0.0713475991333587,0.928652400866641,1,13.1240829537126,14.7959170462874,1,1,NA,NA
30,1,0.6,0.2,0.1,50,1,0,1,14.12,4,3.20484327357256,0,50,NA,NA,0,6.93889390390723e-18,0.0713475991333587,0.928652400866641,1,13.209193619294,15.030806380706,4,4,NA,NA
30,1,0.6,0.2,0.5,50,1,0.86,0,14.92,23,4.19348376918869,0,50,0.553219848085317,0.259373606522442,43,0.738138062894145,0.930491665729837,6.93889390390723e-18,0.0713475991333587,13.7282250992242,16.1117749007758,23,23,0.473396434174977,0.633043261995658
30,1,0.6,0.2,1,50,1,1,0,16.48,57,5.13586826711344,0,50,1.2961696861146,0.352622093053451,50,0.928652400866641,1,6.93889390390723e-18,0.0713475991333587,15.0204023882461,17.9395976117539,57,57,1.19595559609049,1.39638377613871
30,1,0.6,0.3,0.001,50,1,0,1,19.48,1,4.01141229137926,0,50,NA,NA,0,6.93889390390723e-18,0.0713475991333587,0.928652400866641,1,18.3399692406931,20.6200307593069,1,1,NA,NA
30,1,0.6,0.3,0.01,50,1,0,1,19.9,1,4.59036257515989,0,50,NA,NA,0,6.93889390390723e-18,0.0713475991333587,0.928652400866641,1,18.5954333905543,21.2045666094457,1,1,NA,NA
30,1,0.6,0.3,0.1,50,1,0,1,20.06,4,4.55537359295904,0,50,NA,NA,0,6.93889390390723e-18,0.0713475991333587,0.928652400866641,1,18.7653771492728,21.3546228507272,4,4,NA,NA
30,1,0.6,0.3,0.5,50,1,0.2,0.14,23.22,23,6.09546502553751,0,50,0.42744401482694,0,10,0.112437500157761,0.330371059322254,0.0695083342701629,0.261861937105855,21.487688006958,24.952311993042,23,23,0.42744401482694,0.42744401482694
30,1,0.6,0.3,1,50,1,1,0,27.5,57,7.72023580056507,0,50,0.77067995022331,0.298798015816102,50,0.928652400866641,1,6.93889390390723e-18,0.0713475991333587,25.3059332617938,29.6940667382062,57,57,0.68576249370001,0.85559740674661
30,1,0.6,0.4,0.001,50,1,0,1,29.86,1,8.02549508931203,0,50,NA,NA,0,6.93889390390723e-18,0.0713475991333587,0.928652400866641,1,27.5791795318211,32.1408204681789,1,1,NA,NA
30,1,0.6,0.4,0.01,50,1,0,1,29.86,1,8.02549508931203,0,50,NA,NA,0,6.93889390390723e-18,0.0713475991333587,0.928652400866641,1,27.5791795318211,32.1408204681789,1,1,NA,NA
30,1,0.6,0.4,0.1,50,1,0,1,30.28,4,8.85953884643149,0,50,NA,NA,0,6.93889390390723e-18,0.0713475991333587,0.928652400866641,1,27.7621469187019,32.7978530812981,4,4,NA,NA
30,1,0.6,0.4,0.5,50,1,0.02,0.72,36.82,23,12.3349346266974,0,50,0.42744401482694,NA,1,0.00353925927164624,0.104954435896378,0.583348763040434,0.825258293340888,33.3144503663472,40.3255496336528,23,23,NA,NA
30,1,0.6,0.4,1,50,1,0.6,0.04,43.14,57,16.0293226205436,0,50,0.608187879964093,0.242778495926751,30,0.461814377475894,0.723916102697434,0.0110388843276198,0.13460090687507,38.5845169155149,47.6954830844851,57,57,0.517532899712143,0.698842860216043
30,1,0.7,0.2,0.001,50,1,0,1,13.44,1,2.85828548580567,0,50,NA,NA,0,6.93889390390723e-18,0.0713475991333587,0.928652400866641,1,12.6276842528249,14.2523157471751,1,1,NA,NA
30,1,0.7,0.2,0.01,50,1,0,1,13.44,1,2.85828548580567,0,50,NA,NA,0,6.93889390390723e-18,0.0713475991333587,0.928652400866641,1,12.6276842528249,14.2523157471751,1,1,NA,NA
30,1,0.7,0.2,0.1,50,1,0,1,13.44,4,2.85828548580567,0,50,NA,NA,0,6.93889390390723e-18,0.0713475991333587,0.928652400866641,1,12.6276842528249,14.2523157471751,4,4,NA,NA
30,1,0.7,0.2,0.5,50,1,1,0,13.8,23,2.64189171555813,0,50,0.535611231429145,0.244146568497032,50,0.928652400866641,1,6.93889390390723e-18,0.0713475991333587,13.0491826818782,14.5508173181218,23,23,0.466225544382216,0.604996918476074
30,1,0.7,0.2,1,50,1,1,0,13.96,57.62,2.94133108837284,4.38406204335659,50,1.44330511397088,0.288785803260785,50,0.928652400866641,1,6.93889390390723e-18,0.0713475991333587,13.1240829537126,14.7959170462874,56.3740633529799,58.8659366470201,1.36123309677236,1.5253771311694
30,1,0.7,0.3,0.001,50,1,0,1,14.92,1,1.66402511754983,0,50,NA,NA,0,6.93889390390723e-18,0.0713475991333587,0.928652400866641,1,14.4470892941264,15.3929107058736,1,1,NA,NA
30,1,0.7,0.3,0.01,50,1,0,1,14.92,1,1.66402511754983,0,50,NA,NA,0,6.93889390390723e-18,0.0713475991333587,0.928652400866641,1,14.4470892941264,15.3929107058736,1,1,NA,NA
30,1,0.7,0.3,0.1,50,1,0,1,15.08,4,2.01868819801779,0,50,NA,NA,0,6.93889390390723e-18,0.0713475991333587,0.928652400866641,1,14.506295161897,15.653704838103,4,4,NA,NA
30,1,0.7,0.3,0.5,50,1,0.88,0,15.72,23,2.96262431927216,0,50,0.450663361361757,0.107634562772379,44,0.76195182616797,0.943823998490677,6.93889390390723e-18,0.0713475991333587,14.8780314844477,16.5619685155523,23,23,0.417939463298043,0.483387259425471
30,1,0.7,0.3,1,50,1,1,0,18.38,57,4.99342424737631,0,50,1.16694711100513,0.268419115636885,50,0.928652400866641,1,6.93889390390723e-18,0.0713475991333587,16.9608845307395,19.7991154692605,57,57,1.09066324238618,1.24323097962408
30,1,0.7,0.4,0.001,50,1,0,1,18.1,1,4.6958514039696,0,50,NA,NA,0,6.93889390390723e-18,0.0713475991333587,0.928652400866641,1,16.7654537971166,19.4345462028834,1,1,NA,NA
30,1,0.7,0.4,0.01,50,1,0,1,18.1,1,4.6958514039696,0,50,NA,NA,0,6.93889390390723e-18,0.0713475991333587,0.928652400866641,1,16.7654537971166,19.4345462028834,1,1,NA,NA
30,1,0.7,0.4,0.1,50,1,0,1,18.26,4,4.72427513066334,0,50,NA,NA,0,6.93889390390723e-18,0.0713475991333587,0.928652400866641,1,16.9173758633688,19.6026241366312,4,4,NA,NA
30,1,0.7,0.4,0.5,50,1,0.4,0.06,20.16,23,6.18213357265953,0,50,0.524341113797246,0.248542423079364,20,0.276083897302565,0.538185622524106,0.020614970348974,0.162170916888382,18.4030570783956,21.9169429216044,23,23,0.408019679189589,0.640662548404903
30,1,0.7,0.4,1,50,1,1,0,23.16,57,7.44053980925183,0,50,0.959709124700597,0.369736072953478,50,0.928652400866641,1,6.93889390390723e-18,0.0713475991333587,21.0454219830198,25.2745780169802,57,57,0.854631295403879,1.06478695399732
30,1.5,0.5,0.2,0.001,50,1,0,1,22.82,1,6.30092315879675,0,50,NA,NA,0,6.93889390390723e-18,0.0713475991333587,0.928652400866641,1,21.0292974515497,24.6107025484503,1,1,NA,NA
30,1.5,0.5,0.2,0.01,50,1,0,1,23.08,1,6.57093165823103,0,50,NA,NA,0,6.93889390390723e-18,0.0713475991333587,0.928652400866641,1,21.2125618850534,24.9474381149466,1,1,NA,NA
30,1.5,0.5,0.2,0.1,50,1,0,1,24.64,4,8.89567654675516,0,50,NA,NA,0,6.93889390390723e-18,0.0713475991333587,0.928652400866641,1,22.1118766979051,27.1681233020949,4,4,NA,NA
30,1.5,0.5,0.2,0.5,50,1,0.12,0.74,41.2,23,19.3738725807596,0,50,0.665296740766964,0.390150742096382,6,0.0561760015093228,0.23804817383203,0.604468427351512,0.841284725064476,35.6940063337732,46.7059936662268,23,23,0.255858647079154,1.07473483445477
30,1.5,0.5,0.2,1,50,1,0.28,0.34,63.9,57,34.3649382305838,0,50,0.909078485116772,0.559739353858593,14,0.174741706659112,0.416651236959566,0.224369492225001,0.478461739497674,54.1335926155631,73.6664073844369,57,57,0.585894604053987,1.23226236617956
30,1.5,0.5,0.3,0.001,50,1,0,1,40.82,1,14.1229152335443,0,50,NA,NA,0,6.93889390390723e-18,0.0713475991333587,0.928652400866641,1,36.806311900194,44.833688099806,1,1,NA,NA
30,1.5,0.5,0.3,0.01,50,1,0,1,42.7,1,15.8284811756065,0,50,NA,NA,0,6.93889390390723e-18,0.0713475991333587,0.928652400866641,1,38.2015954226193,47.1984045773807,1,1,NA,NA
30,1.5,0.5,0.3,0.1,50,1,0,1,50.14,4,22.6679761526507,0,50,NA,NA,0,6.93889390390723e-18,0.0713475991333587,0.928652400866641,1,43.6978324569645,56.5821675430355,4,4,NA,NA
30,1.5,0.5,0.3,0.5,50,1,0.02,0.96,108.18,23,59.2840584966712,0,50,0.42744401482694,NA,1,0.00353925927164624,0.104954435896378,0.86539909312493,0.98896111567238,91.3316569942211,125.028343005779,23,23,NA,NA
30,1.5,0.5,0.3,1,50,1,0.1,0.8,187.54,57,143.708351198118,0,50,0.813835965860004,0.367505945514644,5,0.0434757649318904,0.213602314374797,0.669628940677746,0.887562499842239,146.698538481019,228.381461518981,57,57,0.357517064188636,1.27015486753137
30,1.5,0.5,0.4,0.001,50,0.96,0,0.96,251,1,457.314222250238,0,48,NA,NA,0,6.93889390390723e-18,0.0713475991333587,0.86539909312493,0.98896111567238,118.209791943555,383.790208056445,1,1,NA,NA
30,1.5,0.5,0.4,0.01,50,0.94,0,0.94,253.276595744681,1,459.483060298421,0,47,NA,NA,0,6.93889390390723e-18,0.0713475991333587,0.837829083111618,0.979385029651026,118.367315192738,388.185876296624,1,1,NA,NA
30,1.5,0.5,0.4,0.1,50,0.78,0,0.78,263.692307692308,4,233.267313775662,0,39,NA,NA,0,6.93889390390723e-18,0.0713475991333587,0.647584504187463,0.872460840297856,188.075792080937,339.308823303679,4,4,NA,NA
30,1.5,0.5,0.4,0.5,50,0.44,0.02,0.4,695.272727272727,23,867.696193366482,0,22,1.34373474670109,NA,1,0.00353925927164624,0.104954435896378,0.276083897302565,0.538185622524106,310.557787458869,1079.98766708659,23,23,NA,NA
30,1.5,0.5,0.4,1,50,0.34,0.02,0.3,1034.29411764706,57,1140.89546873858,0,17,2.2512917986065,NA,1,0.00353925927164624,0.104954435896378,0.191035535008809,0.437503504644534,447.699795394131,1620.88843989999,57,57,NA,NA
30,1.5,0.6,0.2,0.001,50,1,0,1,17.6,1,4.00509879110748,0,50,NA,NA,0,6.93889390390723e-18,0.0713475991333587,0.928652400866641,1,16.4617635176175,18.7382364823825,1,1,NA,NA
30,1.5,0.6,0.2,0.01,50,1,0,1,17.6,1,4.00509879110748,0,50,NA,NA,0,6.93889390390723e-18,0.0713475991333587,0.928652400866641,1,16.4617635176175,18.7382364823825,1,1,NA,NA
30,1.5,0.6,0.2,0.1,50,1,0,1,18.4,4,4.20398256273205,0,50,NA,NA,0,6.93889390390723e-18,0.0713475991333587,0.928652400866641,1,17.2052413751127,19.5947586248873,4,4,NA,NA
30,1.5,0.6,0.2,0.5,50,1,0.16,0.32,26.18,23,8.84028349346886,0,50,0.491297217797688,0.18060413128439,8,0.0833742067803341,0.28514216063035,0.207582162606568,0.458102973081441,23.6676192294653,28.6923807705347,23,23,0.340308385511179,0.642286050084197
30,1.5,0.6,0.2,1,50,1,0.66,0.04,39.98,57,17.4805898186578,0,50,0.716894383876961,0.355433169338854,33,0.521538260502326,0.775630507774999,0.0110388843276198,0.13460090687507,35.0120713413268,44.9479286586732,57,57,0.590863262180633,0.842925505573289
30,1.5,0.6,0.3,0.001,50,1,0,1,25.78,1,6.60021644666727,0,50,NA,NA,0,6.93889390390723e-18,0.0713475991333587,0.928652400866641,1,23.904239240266,27.655760759734,1,1,NA,NA
30,1.5,0.6,0.3,0.01,50,1,0,1,25.78,1,6.60021644666727,0,50,NA,NA,0,6.93889390390723e-18,0.0713475991333587,0.928652400866641,1,23.904239240266,27.655760759734,1,1,NA,NA
30,1.5,0.6,0.3,0.1,50,1,0,1,27.5,4,8.25672267838488,0,50,NA,NA,0,6.93889390390723e-18,0.0713475991333587,0.928652400866641,1,25.1534653781027,29.8465346218973,4,4,NA,NA
30,1.5,0.6,0.3,0.5,50,1,0.06,0.88,47.24,23,18.249473014477,0,50,0.597719222748937,0.294925311390253,3,0.020614970348974,0.162170916888382,0.76195182616797,0.943823998490677,42.0535571548315,52.4264428451685,23,23,-0.1349158654253,1.33035431092317
30,1.5,0.6,0.3,1,50,1,0.16,0.4,68.74,57,29.7669930888395,0,50,0.851686308856901,0.563715369778873,8,0.0833742067803341,0.28514216063035,0.276083897302565,0.538185622524106,60.2803141665887,77.1996858334113,57,57,0.380408465877534,1.32296415183627
30,1.5,0.6,0.4,0.001,50,1,0,1,43.92,1,16.8992693961144,0,50,NA,NA,0,6.93889390390723e-18,0.0713475991333587,0.928652400866641,1,39.1172807774491,48.7227192225509,1,1,NA,NA
30,1.5,0.6,0.4,0.01,50,1,0,1,44.54,1,17.9263914440158,0,50,NA,NA,0,6.93889390390723e-18,0.0713475991333587,0.928652400866641,1,39.4453759212251,49.6346240787748,1,1,NA,NA
30,1.5,0.6,0.4,0.1,50,1,0,1,51.22,4,19.1090212694829,0,50,NA,NA,0,6.93889390390723e-18,0.0713475991333587,0.928652400866641,1,45.7892762436119,56.6507237563881,4,4,NA,NA
30,1.5,0.6,0.4,0.5,50,1,0,0.94,105.58,23,55.051030129938,0,50,NA,NA,0,6.93889390390723e-18,0.0713475991333587,0.837829083111618,0.979385029651026,89.9346703452709,121.225329654729,23,23,NA,NA
30,1.5,0.6,0.4,1,50,1,0.08,0.92,194.68,57,119.952616495355,0,50,0.68354469064192,0.258667194154548,4,0.031549514088593,0.188382469183428,0.811617530816572,0.968450485911407,160.589843583535,228.770156416465,57,57,0.271947462474298,1.09514191880954
30,1.5,0.7,0.2,0.001,50,1,0,1,15.36,1,3.37312306085525,0,50,NA,NA,0,6.93889390390723e-18,0.0713475991333587,0.928652400866641,1,14.4013690329048,16.3186309670952,1,1,NA,NA
30,1.5,0.7,0.2,0.01,50,1,0,1,15.36,1,3.37312306085525,0,50,NA,NA,0,6.93889390390723e-18,0.0713475991333587,0.928652400866641,1,14.4013690329048,16.3186309670952,1,1,NA,NA
30,1.5,0.7,0.2,0.1,50,1,0,1,15.52,4,3.54124387232302,0,50,NA,NA,0,6.93889390390723e-18,0.0713475991333587,0.928652400866641,1,14.5135896269423,16.5264103730577,4,4,NA,NA
30,1.5,0.7,0.2,0.5,50,1,0.38,0.06,20.38,23,6.02000067801203,0,50,0.508100692263675,0.191372812564638,19,0.258627893101936,0.51849553069007,0.020614970348974,0.162170916888382,18.6691347372268,22.0908652627732,23,23,0.41586194917105,0.600339435356301
30,1.5,0.7,0.2,1,50,1,0.94,0,26.94,57,11.2438826905648,0,50,0.886347787495271,0.372851101982876,47,0.837829083111618,0.979385029651026,6.93889390390723e-18,0.0713475991333587,23.7445238957786,30.1354761042214,57,57,0.776874602806286,0.995820972184256
30,1.5,0.7,0.3,0.001,50,1,0,1,18.94,1,4.67913300882607,0,50,NA,NA,0,6.93889390390723e-18,0.0713475991333587,0.928652400866641,1,17.6102051124454,20.2697948875546,1,1,NA,NA
30,1.5,0.7,0.3,0.01,50,1,0,1,18.94,1,4.67913300882607,0,50,NA,NA,0,6.93889390390723e-18,0.0713475991333587,0.928652400866641,1,17.6102051124454,20.2697948875546,1,1,NA,NA
30,1.5,0.7,0.3,0.1,50,1,0,1,19.2,4,5.23722936566382,0,50,NA,NA,0,6.93889390390723e-18,0.0713475991333587,0.928652400866641,1,17.7115958827684,20.6884041172316,4,4,NA,NA
30,1.5,0.7,0.3,0.5,50,1,0.2,0.48,28.9,23,10.9883983345701,0,50,0.42744401482694,0,10,0.112437500157761,0.330371059322254,0.347971352865781,0.614882551099554,25.7771317463807,32.0228682536193,23,23,0.42744401482694,0.42744401482694
30,1.5,0.7,0.3,1,50,1,0.6,0,39.86,57,15.4510550462037,0,50,0.740537225952179,0.316492477185344,30,0.461814377475894,0.723916102697434,6.93889390390723e-18,0.0713475991333587,35.4688587417775,44.2511412582225,57,57,0.622356992733399,0.858717459170959
30,1.5,0.7,0.4,0.001,50,1,0,1,24.92,1,7.49105589135116,0,50,NA,NA,0,6.93889390390723e-18,0.0713475991333587,0.928652400866641,1,22.7910654713352,27.0489345286648,1,1,NA,NA
30,1.5,0.7,0.4,0.01,50,1,0,1,25.08,1,7.35912594632525,0,50,NA,NA,0,6.93889390390723e-18,0.0713475991333587,0.928652400866641,1,22.9885595468573,27.1714404531427,1,1,NA,NA
30,1.5,0.7,0.4,0.1,50,1,0,1,26.02,4,8.73531420646758,0,50,NA,NA,0,6.93889390390723e-18,0.0713475991333587,0.928652400866641,1,23.5374511707547,28.5025488292453,4,4,NA,NA
30,1.5,0.7,0.4,0.5,50,1,0.08,0.8,40.54,23,16.7748718782175,0,50,0.656516697795478,0.458145365937078,4,0.031549514088593,0.188382469183428,0.669628940677746,0.887562499842239,35.7726341608668,45.3073658391332,23,23,-0.072494815759175,1.38552821135013
30,1.5,0.7,0.4,1,50,1,0.3,0.34,62.94,57,32.5133630298406,0,50,0.813813337801352,0.536421032390595,15,0.191035535008809,0.437503504644534,0.224369492225001,0.478461739497674,53.6998044653282,72.1801955346718,57,57,0.51675327155627,1.11087340404643
60,0.5,0.5,0.2,0.001,50,1,0,1,12.36,1,3.1864509077899,0,50,NA,NA,0,6.93889390390723e-18,0.0713475991333587,0.928652400866641,1,11.4544206718146,13.2655793281854,1,1,NA,NA
60,0.5,0.5,0.2,0.01,50,1,0,1,12.36,1,3.1864509077899,0,50,NA,NA,0,6.93889390390723e-18,0.0713475991333587,0.928652400866641,1,11.4544206718146,13.2655793281854,1,1,NA,NA
60,0.5,0.5,0.2,0.1,50,1,0,1,12.36,4,3.1864509077899,0,50,NA,NA,0,6.93889390390723e-18,0.0713475991333587,0.928652400866641,1,11.4544206718146,13.2655793281854,4,4,NA,NA
60,0.5,0.5,0.2,0.5,50,1,0.96,0,12.8,23,3.76883027379226,0,50,0.657182404233943,0.285937101011254,48,0.86539909312493,0.98896111567238,6.93889390390723e-18,0.0713475991333587,11.7289102872911,13.8710897127089,23,23,0.574154924905814,0.740209883562073
60,0.5,0.5,0.2,1,50,1,1,0,13.56,71.26,3.82878464225068,15.6071804510825,50,1.67859206875293,0.333169951713796,50,0.928652400866641,1,6.93889390390723e-18,0.0713475991333587,12.471871444302,14.648128555698,66.8244883926479,75.6955116073521,1.58390621613021,1.77327792137566
60,0.5,0.5,0.3,0.001,50,1,0,1,16.84,1,3.87224556482227,0,50,NA,NA,0,6.93889390390723e-18,0.0713475991333587,0.928652400866641,1,15.7395199867702,17.9404800132298,1,1,NA,NA
60,0.5,0.5,0.3,0.01,50,1,0,1,16.84,1,3.87224556482227,0,50,NA,NA,0,6.93889390390723e-18,0.0713475991333587,0.928652400866641,1,15.7395199867702,17.9404800132298,1,1,NA,NA
60,0.5,0.5,0.3,0.1,50,1,0,1,16.84,4,3.87224556482227,0,50,NA,NA,0,6.93889390390723e-18,0.0713475991333587,0.928652400866641,1,15.7395199867702,17.9404800132298,4,4,NA,NA
60,0.5,0.5,0.3,0.5,50,1,0.56,0,18.16,23,4.55514958646827,0,50,0.48217533165901,0.160894948071935,28,0.423060280216569,0.688378007887428,6.93889390390723e-18,0.0713475991333587,16.865440811213,19.454559188787,23,23,0.419786783835014,0.544563879483006
60,0.5,0.5,0.3,1,50,1,1,0,20.44,71.88,6.31861519315615,15.6448335346379,50,1.28013164767015,0.38830266340945,50,0.928652400866641,1,6.93889390390723e-18,0.0713475991333587,18.6442694310175,22.2357305689825,67.4337875047018,76.3262124952982,1.16977725174857,1.39048604359173
60,0.5,0.5,0.4,0.001,50,1,0,1,36.6,1,9.67850553483104,0,50,NA,NA,0,6.93889390390723e-18,0.0713475991333587,0.928652400866641,1,33.849399161103,39.350600838897,1,1,NA,NA
60,0.5,0.5,0.4,0.01,50,1,0,1,36.18,1,9.21996502715931,0,50,NA,NA,0,6.93889390390723e-18,0.0713475991333587,0.928652400866641,1,33.5597149315007,38.8002850684993,1,1,NA,NA
60,0.5,0.5,0.4,0.1,50,1,0,1,36.76,4,10.2907923972484,0,50,NA,NA,0,6.93889390390723e-18,0.0713475991333587,0.928652400866641,1,33.8353891601426,39.6846108398574,4,4,NA,NA
60,0.5,0.5,0.4,0.5,50,1,0,0.88,44.3,23,13.9492520463665,0,50,NA,NA,0,6.93889390390723e-18,0.0713475991333587,0.76195182616797,0.943823998490677,40.3356664319053,48.2643335680947,23,23,NA,NA
60,0.5,0.5,0.4,1,50,1,0.72,0.02,47.18,74.98,13.1143946462952,15.455650839002,50,0.680766627665307,0.27487161410416,36,0.583348763040434,0.825258293340888,0.00353925927164624,0.104954435896378,43.4529302797929,50.9070697202071,70.5875526319157,79.3724473680843,0.58776345382467,0.773769801505944
60,0.5,0.6,0.2,0.001,50,1,0,1,9.78,1,2.6286490671764,0,50,NA,NA,0,6.93889390390723e-18,0.0713475991333587,0.928652400866641,1,9.03294620090668,10.5270537990933,1,1,NA,NA
60,0.5,0.6,0.2,0.01,50,1,0,1,9.78,1,2.6286490671764,0,50,NA,NA,0,6.93889390390723e-18,0.0713475991333587,0.928652400866641,1,9.03294620090668,10.5270537990933,1,1,NA,NA
60,0.5,0.6,0.2,0.1,50,1,0,1,9.78,4,2.6286490671764,0,50,NA,NA,0,6.93889390390723e-18,0.0713475991333587,0.928652400866641,1,9.03294620090668,10.5270537990933,4,4,NA,NA
60,0.5,0.6,0.2,0.5,50,1,1,0,10.02,23,2.81751084238176,0,50,0.866434512175229,0.264743483739681,50,0.928652400866641,1,6.93889390390723e-18,0.0713475991333587,9.21927227826998,10.82072772173,23,23,0.791195246583427,0.941673777767031
60,0.5,0.6,0.2,1,50,1,1,0,10.14,88,2.89975368412068,0,50,2.19806059824897,0.271680334816161,50,0.928652400866641,1,6.93889390390723e-18,0.0713475991333587,9.31589912126075,10.9641008787393,88,88,2.12084990139419,2.27527129510375
60,0.5,0.6,0.3,0.001,50,1,0,1,13.8,1,2.42436610692531,0,50,NA,NA,0,6.93889390390723e-18,0.0713475991333587,0.928652400866641,1,13.1110027758414,14.4889972241586,1,1,NA,NA
60,0.5,0.6,0.3,0.01,50,1,0,1,13.8,1,2.42436610692531,0,50,NA,NA,0,6.93889390390723e-18,0.0713475991333587,0.928652400866641,1,13.1110027758414,14.4889972241586,1,1,NA,NA
60,0.5,0.6,0.3,0.1,50,1,0,1,13.8,4,2.42436610692531,0,50,NA,NA,0,6.93889390390723e-18,0.0713475991333587,0.928652400866641,1,13.1110027758414,14.4889972241586,4,4,NA,NA
60,0.5,0.6,0.3,0.5,50,1,0.98,0,14.2,23,2.55550625999976,0,50,0.510844116666285,0.190761591544561,49,0.895045564103622,0.996460740728354,6.93889390390723e-18,0.0713475991333587,13.4737331567084,14.9262668432916,23,23,0.456050990040683,0.565637243291887
60,0.5,0.6,0.3,1,50,1,1,0,14.96,88,2.19424107097443,0,50,1.78283839020888,0.152466971501564,50,0.928652400866641,1,6.93889390390723e-18,0.0713475991333587,14.3364035874295,15.5835964125705,88,88,1.73950775634118,1.82616902407658
60,0.5,0.6,0.4,0.001,50,1,0,1,18.24,1,4.17749070273395,0,50,NA,NA,0,6.93889390390723e-18,0.0713475991333587,0.928652400866641,1,17.0527702784204,19.4272297215796,1,1,NA,NA
60,0.5,0.6,0.4,0.01,50,1,0,1,18.24,1,4.17749070273395,0,50,NA,NA,0,6.93889390390723e-18,0.0713475991333587,0.928652400866641,1,17.0527702784204,19.4272297215796,1,1,NA,NA
60,0.5,0.6,0.4,0.1,50,1,0,1,18.24,4,4.17749070273395,0,50,NA,NA,0,6.93889390390723e-18,0.0713475991333587,0.928652400866641,1,17.0527702784204,19.4272297215796,4,4,NA,NA
60,0.5,0.6,0.4,0.5,50,1,0.38,0,19.84,23,4.16182848355511,0,50,0.454329573972518,0.117191435356162,19,0.258627893101936,0.51849553069007,6.93889390390723e-18,0.0713475991333587,18.6572214318611,21.0227785681389,23,23,0.397845110199368,0.510814037745668
60,0.5,0.6,0.4,1,50,1,1,0,22.1,88,6.00764818666122,0,50,1.41839208262668,0.277874223815455,50,0.928652400866641,1,6.93889390390723e-18,0.0713475991333587,20.3926452764263,23.8073547235737,88,88,1.33942110199501,1.49736306325835
60,0.5,0.7,0.2,0.001,50,1,0,1,8.52,1,1.11098411972706,0,50,NA,NA,0,6.93889390390723e-18,0.0713475991333587,0.928652400866641,1,8.20426180666788,8.83573819333212,1,1,NA,NA
60,0.5,0.7,0.2,0.01,50,1,0,1,8.52,1,1.11098411972706,0,50,NA,NA,0,6.93889390390723e-18,0.0713475991333587,0.928652400866641,1,8.20426180666788,8.83573819333212,1,1,NA,NA
60,0.5,0.7,0.2,0.1,50,1,0,1,8.52,4,1.11098411972706,0,50,NA,NA,0,6.93889390390723e-18,0.0713475991333587,0.928652400866641,1,8.20426180666788,8.83573819333212,4,4,NA,NA
60,0.5,0.7,0.2,0.5,50,1,1,0,8.64,23,1.43938762489257,0,50,0.992927543414917,0.170640098707883,50,0.928652400866641,1,6.93889390390723e-18,0.0713475991333587,8.23093056316607,9.04906943683394,23,23,0.944432163940656,1.04142292288918
60,0.5,0.7,0.2,1,50,1,1,0,9.12,88,2.2645448251925,0,50,2.29390409206269,0.230811300147677,50,0.928652400866641,1,6.93889390390723e-18,0.0713475991333587,8.47642348155116,9.76357651844883,88,88,2.22830824634784,2.35949993777754
60,0.5,0.7,0.3,0.001,50,1,0,1,10.22,1,3.04584025469867,0,50,NA,NA,0,6.93889390390723e-18,0.0713475991333587,0.928652400866641,1,9.35438177727232,11.0856182227277,1,1,NA,NA
60,0.5,0.7,0.3,0.01,50,1,0,1,10.22,1,3.04584025469867,0,50,NA,NA,0,6.93889390390723e-18,0.0713475991333587,0.928652400866641,1,9.35438177727232,11.0856182227277,1,1,NA,NA
60,0.5,0.7,0.3,0.1,50,1,0,0.98,10.22,4,3.04584025469867,0,50,NA,NA,0,6.93889390390723e-18,0.0713475991333587,0.895045564103622,0.996460740728354,9.35438177727232,11.0856182227277,4,4,NA,NA
60,0.5,0.7,0.3,0.5,50,1,1,0,10.22,23,3.04584025469867,0,50,0.854110789386752,0.298066444749913,50,0.928652400866641,1,6.93889390390723e-18,0.0713475991333587,9.35438177727232,11.0856182227277,23,23,0.769401243060035,0.938820335713469
60,0.5,0.7,0.3,1,50,1,1,0,11.3,88,3.46557413448806,0,50,2.10400477565793,0.335190038249322,50,0.928652400866641,1,6.93889390390723e-18,0.0713475991333587,10.3150947284912,12.2849052715088,88,88,2.00874482079398,2.19926473052188
60,0.5,0.7,0.4,0.001,50,1,0,1,13.44,1,2.85828548580567,0,50,NA,NA,0,6.93889390390723e-18,0.0713475991333587,0.928652400866641,1,12.6276842528249,14.2523157471751,1,1,NA,NA
60,0.5,0.7,0.4,0.01,50,1,0,1,13.44,1,2.85828548580567,0,50,NA,NA,0,6.93889390390723e-18,0.0713475991333587,0.928652400866641,1,12.6276842528249,14.2523157471751,1,1,NA,NA
60,0.5,0.7,0.4,0.1,50,1,0,1,13.44,4,2.85828548580567,0,50,NA,NA,0,6.93889390390723e-18,0.0713475991333587,0.928652400866641,1,12.6276842528249,14.2523157471751,4,4,NA,NA
60,0.5,0.7,0.4,0.5,50,1,1,0,13.44,23,2.85828548580567,0,50,0.566260768855104,0.26049799363285,50,0.928652400866641,1,6.93889390390723e-18,0.0713475991333587,12.6276842528249,14.2523157471751,23,23,0.492228058201701,0.640293479508507
60,0.5,0.7,0.4,1,50,1,1,0,14.36,88,3.02884095835691,0,50,1.83992304443448,0.251519180187412,50,0.928652400866641,1,6.93889390390723e-18,0.0713475991333587,13.4992129238383,15.2207870761617,88,88,1.76844208432835,1.91140400454061
60,1,0.5,0.2,0.001,50,1,0,1,14.56,1,2.18678778493171,0,50,NA,NA,0,6.93889390390723e-18,0.0713475991333587,0.928652400866641,1,13.9385217878859,15.1814782121141,1,1,NA,NA
60,1,0.5,0.2,0.01,50,1,0,1,14.56,1,2.18678778493171,0,50,NA,NA,0,6.93889390390723e-18,0.0713475991333587,0.928652400866641,1,13.9385217878859,15.1814782121141,1,1,NA,NA
60,1,0.5,0.2,0.1,50,1,0,1,14.56,4,2.18678778493171,0,50,NA,NA,0,6.93889390390723e-18,0.0713475991333587,0.928652400866641,1,13.9385217878859,15.1814782121141,4,4,NA,NA
60,1,0.5,0.2,0.5,50,1,0.86,0,15.52,23,3.54124387232302,0,50,0.486842343171822,0.165687826724896,43,0.738138062894145,0.930491665729837,6.93889390390723e-18,0.0713475991333587,14.5135896269423,16.5264103730577,23,23,0.435851156559233,0.537833529784411
60,1,0.5,0.2,1,50,1,1,0,18.08,57,5.78470890735715,0,50,1.1955174020983,0.310033579996868,50,0.928652400866641,1,6.93889390390723e-18,0.0713475991333587,16.436003918571,19.723996081429,57,57,1.10740683356511,1.28362797063149
60,1,0.5,0.3,0.001,50,1,0,1,20.58,1,5.52208922308895,0,50,NA,NA,0,6.93889390390723e-18,0.0713475991333587,0.928652400866641,1,19.0106396070313,22.1493603929687,1,1,NA,NA
60,1,0.5,0.3,0.01,50,1,0,1,20.58,1,5.52208922308895,0,50,NA,NA,0,6.93889390390723e-18,0.0713475991333587,0.928652400866641,1,19.0106396070313,22.1493603929687,1,1,NA,NA
60,1,0.5,0.3,0.1,50,1,0,1,20.84,4,5.92938032347463,0,50,NA,NA,0,6.93889390390723e-18,0.0713475991333587,0.928652400866641,1,19.1548887570303,22.5251112429697,4,4,NA,NA
60,1,0.5,0.3,0.5,50,1,0.26,0.28,24.56,23,7.92351189917239,0,50,0.42744401482694,0,13,0.158715274935524,0.395531572648488,0.174741706659112,0.416651236959566,22.3081628337722,26.8118371662278,23,23,0.42744401482694,0.42744401482694
60,1,0.5,0.3,1,50,1,0.88,0,31.06,57,12.1913485550958,0,50,0.772379651017887,0.309013369753249,44,0.76195182616797,0.943823998490677,6.93889390390723e-18,0.0713475991333587,27.5952570763894,34.5247429236106,57,57,0.678430999658427,0.866328302377347
60,1,0.5,0.4,0.001,50,1,0,1,50.82,1,17.4082903074533,0,50,NA,NA,0,6.93889390390723e-18,0.0713475991333587,0.928652400866641,1,45.872618635065,55.767381364935,1,1,NA,NA
60,1,0.5,0.4,0.01,50,1,0,1,50.4,1,17.5091812650229,0,50,NA,NA,0,6.93889390390723e-18,0.0713475991333587,0.928652400866641,1,45.4239457421757,55.3760542578243,1,1,NA,NA
60,1,0.5,0.4,0.1,50,1,0,1,56.2,4,23.0226153233409,0,50,NA,NA,0,6.93889390390723e-18,0.0713475991333587,0.928652400866641,1,49.6570451198187,62.7429548801813,4,4,NA,NA
60,1,0.5,0.4,0.5,50,1,0.04,0.86,73.82,23,40.2054367325756,0,50,0.42744401482694,0,2,0.0110388843276198,0.13460090687507,0.738138062894145,0.930491665729837,62.3937413067695,85.2462586932305,23,23,0.42744401482694,0.42744401482694
60,1,0.5,0.4,1,50,1,0.1,0.64,92.7,57,52.122011488743,0,50,0.988929713330784,0.365046357837212,5,0.0434757649318904,0.213602314374797,0.501410168761127,0.758612503481533,77.8870882327869,107.512911767213,57,57,0.535664793128909,1.44219463353266
60,1,0.6,0.2,0.001,50,1,0,1,11.66,1,3.52026204961494,0,50,NA,NA,0,6.93889390390723e-18,0.0713475991333587,0.928652400866641,1,10.6595525949785,12.6604474050215,1,1,NA,NA
60,1,0.6,0.2,0.01,50,1,0,1,11.66,1,3.52026204961494,0,50,NA,NA,0,6.93889390390723e-18,0.0713475991333587,0.928652400866641,1,10.6595525949785,12.6604474050215,1,1,NA,NA
60,1,0.6,0.2,0.1,50,1,0,0.98,11.66,4,3.52026204961494,0,50,NA,NA,0,6.93889390390723e-18,0.0713475991333587,0.895045564103622,0.996460740728354,10.6595525949785,12.6604474050215,4,4,NA,NA
60,1,0.6,0.2,0.5,50,1,1,0,12.14,23,3.53414828234932,0,50,0.690646589781635,0.344540469913329,50,0.928652400866641,1,6.93889390390723e-18,0.0713475991333587,11.1356061713007,13.1443938286993,23,23,0.592729271641246,0.788563907922024
60,1,0.6,0.2,1,50,1,1,0,12.98,57,4.28804698420802,0,50,1.54190746337146,0.375398081588963,50,0.928652400866641,1,6.93889390390723e-18,0.0713475991333587,11.7613505308701,14.1986494691299,57,57,1.43522050902475,1.64859441771817
60,1,0.6,0.3,0.001,50,1,0,1,14.88,1,2.75266105017361,0,50,NA,NA,0,6.93889390390723e-18,0.0713475991333587,0.928652400866641,1,14.0977023852951,15.6622976147049,1,1,NA,NA
60,1,0.6,0.3,0.01,50,1,0,1,14.88,1,2.75266105017361,0,50,NA,NA,0,6.93889390390723e-18,0.0713475991333587,0.928652400866641,1,14.0977023852951,15.6622976147049,1,1,NA,NA
60,1,0.6,0.3,0.1,50,1,0,1,14.88,4,2.75266105017361,0,50,NA,NA,0,6.93889390390723e-18,0.0713475991333587,0.928652400866641,1,14.0977023852951,15.6622976147049,4,4,NA,NA
60,1,0.6,0.3,0.5,50,1,0.72,0,16.76,23,4.2501380529799,0,50,0.484202417467605,0.162814239974986,36,0.583348763040434,0.825258293340888,6.93889390390723e-18,0.0713475991333587,15.5521241299204,17.9678758700796,23,23,0.429114004233393,0.539290830701817
60,1,0.6,0.3,1,50,1,1,0,18.7,57,5.02341456357636,0,50,1.14984935041205,0.270821039294706,50,0.928652400866641,1,6.93889390390723e-18,0.0713475991333587,17.2723613771801,20.1276386228199,57,57,1.07288286264241,1.22681583818169
60,1,0.6,0.4,0.001,50,1,0,1,21.64,1,5.61252244211685,0,50,NA,NA,0,6.93889390390723e-18,0.0713475991333587,0.928652400866641,1,20.0449387705512,23.2350612294488,1,1,NA,NA
60,1,0.6,0.4,0.01,50,1,0,1,21.64,1,5.61252244211685,0,50,NA,NA,0,6.93889390390723e-18,0.0713475991333587,0.928652400866641,1,20.0449387705512,23.2350612294488,1,1,NA,NA
60,1,0.6,0.4,0.1,50,1,0,1,22.06,4,5.88463929156552,0,50,NA,NA,0,6.93889390390723e-18,0.0713475991333587,0.928652400866641,1,20.3876040176105,23.7323959823895,4,4,NA,NA
60,1,0.6,0.4,0.5,50,1,0.14,0.34,26.3,23,7.52750060153584,0,50,0.42744401482694,0,7,0.0695083342701629,0.261861937105855,0.224369492225001,0.478461739497674,24.1607079993013,28.4392920006987,23,23,0.42744401482694,0.42744401482694
60,1,0.6,0.4,1,50,1,0.88,0,32.58,57,11.4519225727493,0,50,0.702506220686326,0.277648328028316,44,0.76195182616797,0.943823998490677,6.93889390390723e-18,0.0713475991333587,29.3253996154441,35.8346003845559,57,57,0.618093413592257,0.786919027780395
60,1,0.7,0.2,0.001,50,1,0,1,9,1,1.81827458019398,0,50,NA,NA,0,6.93889390390723e-18,0.0713475991333587,0.928652400866641,1,8.48325208188105,9.51674791811895,1,1,NA,NA
60,1,0.7,0.2,0.01,50,1,0,1,9,1,1.81827458019398,0,50,NA,NA,0,6.93889390390723e-18,0.0713475991333587,0.928652400866641,1,8.48325208188105,9.51674791811895,1,1,NA,NA
60,1,0.7,0.2,0.1,50,1,0,1,9,4,1.81827458019398,0,50,NA,NA,0,6.93889390390723e-18,0.0713475991333587,0.928652400866641,1,8.48325208188105,9.51674791811895,4,4,NA,NA
60,1,0.7,0.2,0.5,50,1,1,0,9.24,23,2.17180447874056,0,50,0.935842889189311,0.216221322609787,50,0.928652400866641,1,6.93889390390723e-18,0.0713475991333587,8.62277999639039,9.85722000360961,23,23,0.874393469212482,0.99729230916614
60,1,0.7,0.2,1,50,1,1,0,11.1,57,3.3335033970223,0,50,1.68204295180275,0.309694071372781,50,0.928652400866641,1,6.93889390390723e-18,0.0713475991333587,10.1526288167819,12.0473711832181,57,57,1.59402887055294,1.77005703305256
60,1,0.7,0.3,0.001,50,1,0,1,12.06,1,3.11945835172763,0,50,NA,NA,0,6.93889390390723e-18,0.0713475991333587,0.928652400866641,1,11.1734597455891,12.9465402544109,1,1,NA,NA
60,1,0.7,0.3,0.01,50,1,0,1,12.06,1,3.11945835172763,0,50,NA,NA,0,6.93889390390723e-18,0.0713475991333587,0.928652400866641,1,11.1734597455891,12.9465402544109,1,1,NA,NA
60,1,0.7,0.3,0.1,50,1,0,1,12.18,4,3.11474439610399,0,50,NA,NA,0,6.93889390390723e-18,0.0713475991333587,0.928652400866641,1,11.2947994369543,13.0652005630457,4,4,NA,NA
60,1,0.7,0.3,0.5,50,1,0.98,0,12.7,23,3.39417267729049,0,50,0.64421906754996,0.269834922324067,49,0.895045564103622,0.996460740728354,6.93889390390723e-18,0.0713475991333587,11.7353867981045,13.6646132018955,23,23,0.566713428457731,0.721724706642189
60,1,0.7,0.3,1,50,1,1,0,13.88,57,3.35419323308869,0,50,1.44650354769211,0.27743134397297,50,0.928652400866641,1,6.93889390390723e-18,0.0713475991333587,12.9267488304311,14.8332511695689,57,57,1.36765843211904,1.52534866326518
60,1,0.7,0.4,0.001,50,1,0,1,14.8,1,3.38061701891407,0,50,NA,NA,0,6.93889390390723e-18,0.0713475991333587,0.928652400866641,1,13.8392392735893,15.7607607264107,1,1,NA,NA
60,1,0.7,0.4,0.01,50,1,0,1,14.8,1,3.38061701891407,0,50,NA,NA,0,6.93889390390723e-18,0.0713475991333587,0.928652400866641,1,13.8392392735893,15.7607607264107,1,1,NA,NA
60,1,0.7,0.4,0.1,50,1,0,1,14.32,4,2.6606735375595,0,50,NA,NA,0,6.93889390390723e-18,0.0713475991333587,0.928652400866641,1,13.5638449471249,15.0761550528751,4,4,NA,NA
60,1,0.7,0.4,0.5,50,1,0.8,0,15.76,23,4.32628416702805,0,50,0.524341113797246,0.245335289707891,40,0.669628940677746,0.887562499842239,6.93889390390723e-18,0.0713475991333587,14.5304836437497,16.9895163562503,23,23,0.445879081650721,0.602803145943771
60,1,0.7,0.4,1,50,1,1,0,18.36,57,4.88546365271924,0,50,1.1766960813657,0.321733127728149,50,0.928652400866641,1,6.93889390390723e-18,0.0713475991333587,16.9715665922585,19.7484334077415,57,57,1.08526053815655,1.26813162457485
60,1.5,0.5,0.2,0.001,50,1,0,1,17.74,1,4.86893526474166,0,50,NA,NA,0,6.93889390390723e-18,0.0713475991333587,0.928652400866641,1,16.3562639081482,19.1237360918518,1,1,NA,NA
60,1.5,0.5,0.2,0.01,50,1,0,1,17.74,1,4.86893526474166,0,50,NA,NA,0,6.93889390390723e-18,0.0713475991333587,0.928652400866641,1,16.3562639081482,19.1237360918518,1,1,NA,NA
60,1.5,0.5,0.2,0.1,50,1,0,1,18.5,4,4.83292280686779,0,50,NA,NA,0,6.93889390390723e-18,0.0713475991333587,0.928652400866641,1,17.1264985354346,19.8735014645654,4,4,NA,NA
60,1.5,0.5,0.2,0.5,50,1,0.26,0.4,28.64,23,13.2044519394183,0,50,0.42744401482694,0,13,0.158715274935524,0.395531572648488,0.276083897302565,0.538185622524106,24.8873362802728,32.3926637197272,23,23,0.42744401482694,0.42744401482694
60,1.5,0.5,0.2,1,50,1,0.6,0.1,41.9,57,21.9212412131825,0,50,0.826712052507568,0.383201764736071,30,0.461814377475894,0.723916102697434,0.0434757649318904,0.213602314374797,35.6700521786501,48.1299478213499,57,57,0.683622161938585,0.969801943076551
60,1.5,0.5,0.3,0.001,50,1,0,1,29.76,1,10.7258223603658,0,50,NA,NA,0,6.93889390390723e-18,0.0713475991333587,0.928652400866641,1,26.7117550125783,32.8082449874218,1,1,NA,NA
60,1.5,0.5,0.3,0.01,50,1,0,1,29.76,1,10.7258223603658,0,50,NA,NA,0,6.93889390390723e-18,0.0713475991333587,0.928652400866641,1,26.7117550125783,32.8082449874218,1,1,NA,NA
60,1.5,0.5,0.3,0.1,50,1,0,1,34.36,4,13.3581130281739,0,50,NA,NA,0,6.93889390390723e-18,0.0713475991333587,0.928652400866641,1,30.5636662820364,38.1563337179636,4,4,NA,NA
60,1.5,0.5,0.3,0.5,50,1,0.02,0.88,64.6,23,34.7057602699951,0,50,0.42744401482694,NA,1,0.00353925927164624,0.104954435896378,0.76195182616797,0.943823998490677,54.7367320636788,74.4632679363212,23,23,NA,NA
60,1.5,0.5,0.3,1,50,1,0.18,0.64,91.3,57,47.2346508920936,0,50,0.706148207704527,0.320400031813198,9,0.0977019267023418,0.307960536743008,0.501410168761127,0.758612503481533,77.8760607460284,104.723939253972,57,57,0.459866941610933,0.952429473798121
60,1.5,0.5,0.4,0.001,50,1,0,1,112.12,1,60.463394221763,0,50,NA,NA,0,6.93889390390723e-18,0.0713475991333587,0.928652400866641,1,94.9364934895763,129.303506510424,1,1,NA,NA
60,1.5,0.5,0.4,0.01,50,1,0,1,114.92,1,61.2968155113847,0,50,NA,NA,0,6.93889390390723e-18,0.0713475991333587,0.928652400866641,1,97.4996377797626,132.340362220237,1,1,NA,NA
60,1.5,0.5,0.4,0.1,50,1,0,1,152.2,4,82.0121942152507,0,50,NA,NA,0,6.93889390390723e-18,0.0713475991333587,0.928652400866641,1,128.892392291721,175.507607708279,4,4,NA,NA
60,1.5,0.5,0.4,0.5,50,0.96,0.02,0.94,528.229166666667,23,573.575654531842,0,48,0.42744401482694,NA,1,0.00353925927164624,0.104954435896378,0.837829083111618,0.979385029651026,361.680157701627,694.778175631707,23,23,NA,NA
60,1.5,0.5,0.4,1,50,0.86,0.04,0.82,731.813953488372,57,620.537986858176,0,43,0.89726669805539,0.619049880899767,2,0.0110388843276198,0.13460090687507,0.692039463256992,0.902298073297658,540.840549385346,922.787357591398,57,57,-4.66467581041411,6.45920920652489
60,1.5,0.6,0.2,0.001,50,1,0,1,14.74,1,2.08796356211853,0,50,NA,NA,0,6.93889390390723e-18,0.0713475991333587,0.928652400866641,1,14.1466073212563,15.3333926787437,1,1,NA,NA
60,1.5,0.6,0.2,0.01,50,1,0,1,14.74,1,2.08796356211853,0,50,NA,NA,0,6.93889390390723e-18,0.0713475991333587,0.928652400866641,1,14.1466073212563,15.3333926787437,1,1,NA,NA
60,1.5,0.6,0.2,0.1,50,1,0,1,14.9,4,2.39259060349203,0,50,NA,NA,0,6.93889390390723e-18,0.0713475991333587,0.928652400866641,1,14.2200332739989,15.5799667260011,4,4,NA,NA
60,1.5,0.6,0.2,0.5,50,1,0.58,0.02,18.2,23,5.27218345349884,0,50,0.494269600323703,0.209759235594197,29,0.442334417685782,0.70624996645288,0.00353925927164624,0.104954435896378,16.701662040919,19.698337959081,23,23,0.41448145425259,0.574057746394816
60,1.5,0.6,0.2,1,50,1,0.98,0,25.4,57,9.68482928953045,0,50,0.905913282611483,0.409235819048411,49,0.895045564103622,0.996460740728354,6.93889390390723e-18,0.0713475991333587,22.6476019699025,28.1523980300975,57,57,0.788367030919546,1.02345953430342
60,1.5,0.6,0.3,0.001,50,1,0,1,17.52,1,4.81595986151827,0,50,NA,NA,0,6.93889390390723e-18,0.0713475991333587,0.928652400866641,1,16.1513193511629,18.8886806488371,1,1,NA,NA
60,1.5,0.6,0.3,0.01,50,1,0,1,17.52,1,4.81595986151827,0,50,NA,NA,0,6.93889390390723e-18,0.0713475991333587,0.928652400866641,1,16.1513193511629,18.8886806488371,1,1,NA,NA
60,1.5,0.6,0.3,0.1,50,1,0,0.98,17.68,4,4.86318951357008,0,50,NA,NA,0,6.93889390390723e-18,0.0713475991333587,0.895045564103622,0.996460740728354,16.2978968325636,19.0621031674364,4,4,NA,NA
60,1.5,0.6,0.3,0.5,50,1,0.18,0.46,27.44,23,10.2203478514228,0,50,0.732874258784991,0.500996671448933,9,0.0977019267023418,0.307960536743008,0.329696521922244,0.596011286008425,24.5354092785531,30.3445907214469,23,23,0.347774126756737,1.11797439081325
60,1.5,0.6,0.3,1,50,1,0.6,0.12,44.74,57,21.2994299051809,0,50,0.725533833842003,0.539859994866397,30,0.461814377475894,0.723916102697434,0.0561760015093228,0.23804817383203,38.6867689970959,50.7932310029041,57,57,0.523946798768694,0.927120868915312
60,1.5,0.6,0.4,0.001,50,1,0,1,30.4,1,11.2376916795984,0,50,NA,NA,0,6.93889390390723e-18,0.0713475991333587,0.928652400866641,1,27.2062833616276,33.5937166383724,1,1,NA,NA
60,1.5,0.6,0.4,0.01,50,1,0,1,30.82,1,11.0410920784909,0,50,NA,NA,0,6.93889390390723e-18,0.0713475991333587,0.928652400866641,1,27.6821563500541,33.9578436499459,1,1,NA,NA
60,1.5,0.6,0.4,0.1,50,1,0,1,35.32,4,16.1276034126815,0,50,NA,NA,0,6.93889390390723e-18,0.0713475991333587,0.928652400866641,1,30.7365858234337,39.9034141765663,4,4,NA,NA
60,1.5,0.6,0.4,0.5,50,1,0.04,0.9,58.66,23,25.1628248633185,0,50,0.682856826709935,0.36120826256878,2,0.0110388843276198,0.13460090687507,0.786397685625204,0.95652423506811,51.5088042984551,65.8111957015449,23,23,-2.56247065331748,3.92818430673735
60,1.5,0.6,0.4,1,50,1,0.12,0.68,94.96,57,45.6892610076873,0,50,0.839922963740742,0.539459387053409,6,0.0561760015093228,0.23804817383203,0.541897026918559,0.792417837393432,81.9752556916916,107.944744308308,57,57,0.273795056690452,1.40605087079103
60,1.5,0.7,0.2,0.001,50,1,0,1,13.2,1,2.77746029931765,0,50,NA,NA,0,6.93889390390723e-18,0.0713475991333587,0.928652400866641,1,12.4106545166697,13.9893454833303,1,1,NA,NA
60,1.5,0.7,0.2,0.01,50,1,0,1,13.2,1,2.77746029931765,0,50,NA,NA,0,6.93889390390723e-18,0.0713475991333587,0.928652400866641,1,12.4106545166697,13.9893454833303,1,1,NA,NA
60,1.5,0.7,0.2,0.1,50,1,0,1,13.2,4,2.77746029931765,0,50,NA,NA,0,6.93889390390723e-18,0.0713475991333587,0.928652400866641,1,12.4106545166697,13.9893454833303,4,4,NA,NA
60,1.5,0.7,0.2,0.5,50,1,0.88,0,14.52,23,4.05190809171105,0,50,0.566760094035846,0.230132375353975,44,0.76195182616797,0.943823998490677,6.93889390390723e-18,0.0713475991333587,13.368460461578,15.671539538422,23,23,0.496793456942055,0.636726731129637
60,1.5,0.7,0.2,1,50,1,1,0,17.52,57,6.50977287293058,0,50,1.24826759665368,0.379444690980139,50,0.928652400866641,1,6.93889390390723e-18,0.0713475991333587,15.6699430195217,19.3700569804783,57,57,1.14043060864258,1.35610458466478
60,1.5,0.7,0.3,0.001,50,1,0,1,14.66,1,2.66197716913192,0,50,NA,NA,0,6.93889390390723e-18,0.0713475991333587,0.928652400866641,1,13.9034744591313,15.4165255408687,1,1,NA,NA
60,1.5,0.7,0.3,0.01,50,1,0,1,14.66,1,2.66197716913192,0,50,NA,NA,0,6.93889390390723e-18,0.0713475991333587,0.928652400866641,1,13.9034744591313,15.4165255408687,1,1,NA,NA
60,1.5,0.7,0.3,0.1,50,1,0,1,14.98,4,3.1330366048527,0,50,NA,NA,0,6.93889390390723e-18,0.0713475991333587,0.928652400866641,1,14.0896008487478,15.8703991512522,4,4,NA,NA
60,1.5,0.7,0.3,0.5,50,1,0.58,0.06,18.78,23,6.17529640699827,0,50,0.480288044871697,0.158322252729088,29,0.442334417685782,0.70624996645288,0.020614970348974,0.162170916888382,17.025000179377,20.534999820623,23,23,0.420065480695812,0.540510609047582
60,1.5,0.7,0.3,1,50,1,0.92,0,27.72,57,12.1605585263782,0,50,0.885439309840702,0.388069271359415,46,0.811617530816572,0.968450485911407,6.93889390390723e-18,0.0713475991333587,24.2640075057315,31.1759924942685,57,57,0.770196961486935,1.00068165819447
60,1.5,0.7,0.4,0.001,50,1,0,1,19.6,1,5.52545131594678,0,50,NA,NA,0,6.93889390390723e-18,0.0713475991333587,0.928652400866641,1,18.0296841108132,21.1703158891868,1,1,NA,NA
60,1.5,0.7,0.4,0.01,50,1,0,1,19.6,1,5.52545131594678,0,50,NA,NA,0,6.93889390390723e-18,0.0713475991333587,0.928652400866641,1,18.0296841108132,21.1703158891868,1,1,NA,NA
60,1.5,0.7,0.4,0.1,50,1,0,1,20.32,4,6.47897699155838,0,50,NA,NA,0,6.93889390390723e-18,0.0713475991333587,0.928652400866641,1,18.4786951121699,22.1613048878301,4,4,NA,NA
60,1.5,0.7,0.4,0.5,50,1,0.16,0.54,30.06,23,11.8896456410352,0,50,0.619003623739186,0.264377377342864,8,0.0833742067803341,0.28514216063035,0.403988713991575,0.670303478077756,26.6810000958593,33.4389999041407,23,23,0.397978605074959,0.840028642403413
60,1.5,0.7,0.4,1,50,1,0.44,0.06,45.98,57,19.0504057485313,0,50,0.806764990602817,0.462603395861444,22,0.311621992112572,0.576939719783431,0.020614970348974,0.162170916888382,40.5659345903496,51.3940654096504,57,57,0.601658135280526,1.01187184592511
100,0.5,0.5,0.2,0.001,50,1,0,1,11.58,1,3.429107101011,0,50,NA,NA,0,6.93889390390723e-18,0.0713475991333587,0.928652400866641,1,10.6054585447346,12.5545414552654,1,1,NA,NA
100,0.5,0.5,0.2,0.01,50,1,0,1,11.58,1,3.429107101011,0,50,NA,NA,0,6.93889390390723e-18,0.0713475991333587,0.928652400866641,1,10.6054585447346,12.5545414552654,1,1,NA,NA
100,0.5,0.5,0.2,0.1,50,1,0,1,11.58,4,3.429107101011,0,50,NA,NA,0,6.93889390390723e-18,0.0713475991333587,0.928652400866641,1,10.6054585447346,12.5545414552654,4,4,NA,NA
100,0.5,0.5,0.2,0.5,50,1,1,0,11.46,23,3.41192386928488,0,50,0.743836362471391,0.317306252564317,50,0.928652400866641,1,6.93889390390723e-18,0.0713475991333587,10.4903419651584,12.4296580348416,23,23,0.653658923263478,0.834013801679304
100,0.5,0.5,0.2,1,50,1,1,0,12.46,60.72,3.74280261683293,10.1760824024388,50,1.62344321235025,0.376604448268646,50,0.928652400866641,1,6.93889390390723e-18,0.0713475991333587,11.3963072655549,13.5236927344451,57.8279893799615,63.6120106200385,1.5164134123866,1.7304730123139
100,0.5,0.5,0.3,0.001,50,1,0,1,15.24,1,3.49086270841172,0,50,NA,NA,0,6.93889390390723e-18,0.0713475991333587,0.928652400866641,1,14.2479077953021,16.2320922046979,1,1,NA,NA
100,0.5,0.5,0.3,0.01,50,1,0,1,15.24,1,3.49086270841172,0,50,NA,NA,0,6.93889390390723e-18,0.0713475991333587,0.928652400866641,1,14.2479077953021,16.2320922046979,1,1,NA,NA
100,0.5,0.5,0.3,0.1,50,1,0,1,15.12,4,3.60068020784736,0,50,NA,NA,0,6.93889390390723e-18,0.0713475991333587,0.928652400866641,1,14.0966980072841,16.1433019927159,4,4,NA,NA
100,0.5,0.5,0.3,0.5,50,1,0.8,0,15.88,23,4.08401563090415,0,50,0.504067858391838,0.184724907825133,40,0.669628940677746,0.887562499842239,6.93889390390723e-18,0.0713475991333587,14.7193355999016,17.0406644000984,23,23,0.444989966771368,0.563145750012308
100,0.5,0.5,0.3,1,50,1,1,0,17.94,57,5.08864281653622,0,50,1.19426138407352,0.280220102799358,50,0.928652400866641,1,6.93889390390723e-18,0.0713475991333587,16.4938237127995,19.3861762872005,57,57,1.11462371201125,1.27389905613579
100,0.5,0.5,0.4,0.001,50,1,0,1,33.72,1,7.35413253253723,0,50,NA,NA,0,6.93889390390723e-18,0.0713475991333587,0.928652400866641,1,31.6299786593541,35.8100213406459,1,1,NA,NA
100,0.5,0.5,0.4,0.01,50,1,0,1,33.72,1,7.35413253253723,0,50,NA,NA,0,6.93889390390723e-18,0.0713475991333587,0.928652400866641,1,31.6299786593541,35.8100213406459,1,1,NA,NA
100,0.5,0.5,0.4,0.1,50,1,0,1,34.98,4,9.23721399822368,0,50,NA,NA,0,6.93889390390723e-18,0.0713475991333587,0.928652400866641,1,32.3548128281637,37.6051871718363,4,4,NA,NA
100,0.5,0.5,0.4,0.5,50,1,0.02,0.88,38.9,23,10.8010770438009,0,50,0.42744401482694,NA,1,0.00353925927164624,0.104954435896378,0.76195182616797,0.943823998490677,35.8303678681847,41.9696321318153,23,23,NA,NA
100,0.5,0.5,0.4,1,50,1,0.6,0.02,43.72,58.86,14.1638228438166,7.43683606194495,50,0.591496218063148,0.287903848339536,30,0.461814377475894,0.723916102697434,0.00353925927164624,0.104954435896378,39.6946860859887,47.7453139140113,56.746474576358,60.973525423642,0.483991154296892,0.699001281829404
100,0.5,0.6,0.2,0.001,50,1,0,1,8.36,1,1.32110034533679,0,50,NA,NA,0,6.93889390390723e-18,0.0713475991333587,0.928652400866641,1,7.98454743606096,8.73545256393904,1,1,NA,NA
100,0.5,0.6,0.2,0.01,50,1,0,1,8.36,1,1.32110034533679,0,50,NA,NA,0,6.93889390390723e-18,0.0713475991333587,0.928652400866641,1,7.98454743606096,8.73545256393904,1,1,NA,NA
100,0.5,0.6,0.2,0.1,50,1,0,0.98,8.36,4,1.32110034533679,0,50,NA,NA,0,6.93889390390723e-18,0.0713475991333587,0.895045564103622,0.996460740728354,7.98454743606096,8.73545256393904,4,4,NA,NA
100,0.5,0.6,0.2,0.5,50,1,1,0,8.48,23,1.61927169317769,0,50,1.01725544990141,0.206339837533003,50,0.928652400866641,1,6.93889390390723e-18,0.0713475991333587,8.01980807660565,8.94019192339435,23,23,0.958614316911031,1.07589658289179
100,0.5,0.6,0.2,1,50,1,1,0,9.32,88,2.81714865255851,0,50,2.28758246112322,0.293535024905313,50,0.928652400866641,1,6.93889390390723e-18,0.0713475991333587,8.51937521147884,10.1206247885212,88,88,2.20416073006727,2.37100419217917
100,0.5,0.6,0.3,0.001,50,1,0,1,12.72,1,2.94188610886809,0,50,NA,NA,0,6.93889390390723e-18,0.0713475991333587,0.928652400866641,1,11.8839252186331,13.5560747813669,1,1,NA,NA
100,0.5,0.6,0.3,0.01,50,1,0,1,12.72,1,2.94188610886809,0,50,NA,NA,0,6.93889390390723e-18,0.0713475991333587,0.928652400866641,1,11.8839252186331,13.5560747813669,1,1,NA,NA
100,0.5,0.6,0.3,0.1,50,1,0,1,12.72,4,2.94188610886809,0,50,NA,NA,0,6.93889390390723e-18,0.0713475991333587,0.928652400866641,1,11.8839252186331,13.5560747813669,4,4,NA,NA
100,0.5,0.6,0.3,0.5,50,1,1,0,12.6,23,2.96922995583236,0,50,0.631774264333336,0.252793124048788,50,0.928652400866641,1,6.93889390390723e-18,0.0713475991333587,11.7561541833087,13.4438458166913,23,23,0.559931253387729,0.703617275278944
100,0.5,0.6,0.3,1,50,1,1,0,13.2,88,2.77746029931765,0,50,1.92253430050579,0.236466314980703,50,0.928652400866641,1,6.93889390390723e-18,0.0713475991333587,12.4106545166697,13.9893454833303,88,88,1.85533131735761,1.98973728365397
100,0.5,0.6,0.4,0.001,50,1,0,1,15.64,1,3.41521206799633,0,50,NA,NA,0,6.93889390390723e-18,0.0713475991333587,0.928652400866641,1,14.6694074694244,16.6105925305756,1,1,NA,NA
100,0.5,0.6,0.4,0.01,50,1,0,1,15.8,1,3.56857028479908,0,50,NA,NA,0,6.93889390390723e-18,0.0713475991333587,0.928652400866641,1,14.7858235464446,16.8141764535554,1,1,NA,NA
100,0.5,0.6,0.4,0.1,50,1,0,1,15.8,4,3.56857028479908,0,50,NA,NA,0,6.93889390390723e-18,0.0713475991333587,0.928652400866641,1,14.7858235464446,16.8141764535554,4,4,NA,NA
100,0.5,0.6,0.4,0.5,50,1,0.7,0,17.04,23,4.18919893954704,0,50,0.471229068292596,0.145089107705563,35,0.562496495355466,0.808964464991191,6.93889390390723e-18,0.0713475991333587,15.8494428343347,18.2305571656653,23,23,0.421389216007515,0.521068920577677
100,0.5,0.6,0.4,1,50,1,1,0,18.6,88,4.42626668137991,0,50,1.58454651120971,0.255568259496609,50,0.928652400866641,1,6.93889390390723e-18,0.0713475991333587,17.3420689275663,19.8579310724337,88,88,1.51191481549626,1.65717820692316
100,0.5,0.7,0.2,0.001,50,1,0,1,7.9,1,1.59399382888724,0,50,NA,NA,0,6.93889390390723e-18,0.0713475991333587,0.928652400866641,1,7.44699196615065,8.35300803384935,1,1,NA,NA
100,0.5,0.7,0.2,0.01,50,1,0,1,7.9,1,1.59399382888724,0,50,NA,NA,0,6.93889390390723e-18,0.0713475991333587,0.928652400866641,1,7.44699196615065,8.35300803384935,1,1,NA,NA
100,0.5,0.7,0.2,0.1,50,1,0,0.96,7.9,4,1.59399382888724,0,50,NA,NA,0,6.93889390390723e-18,0.0713475991333587,0.86539909312493,0.98896111567238,7.44699196615065,8.35300803384935,4,4,NA,NA
100,0.5,0.7,0.2,0.5,50,1,1,0,7.9,23,1.59399382888724,0,50,1.09234637967403,0.230095935290982,50,0.928652400866641,1,6.93889390390723e-18,0.0713475991333587,7.44699196615065,8.35300803384935,23,23,1.02695383840198,1.15773892094608
100,0.5,0.7,0.2,1,50,1,1,0,7.9,88,1.59399382888724,0,50,2.43418897822309,0.230095935290982,50,0.928652400866641,1,6.93889390390723e-18,0.0713475991333587,7.44699196615065,8.35300803384935,88,88,2.36879643695104,2.49958151949514
100,0.5,0.7,0.3,0.001,50,1,0,1,8.64,1,2.21091909967464,0,50,NA,NA,0,6.93889390390723e-18,0.0713475991333587,0.928652400866641,1,8.01166374411702,9.26833625588298,1,1,NA,NA
100,0.5,0.7,0.3,0.01,50,1,0,1,8.64,1,2.21091909967464,0,50,NA,NA,0,6.93889390390723e-18,0.0713475991333587,0.928652400866641,1,8.01166374411702,9.26833625588298,1,1,NA,NA
100,0.5,0.7,0.3,0.1,50,1,0,0.94,8.64,4,2.21091909967464,0,50,NA,NA,0,6.93889390390723e-18,0.0713475991333587,0.837829083111618,0.979385029651026,8.01166374411702,9.26833625588298,4,4,NA,NA
100,0.5,0.7,0.3,0.5,50,1,1,0,8.88,23,2.54462218036712,0,50,0.992608004324454,0.295569954906603,50,0.928652400866641,1,6.93889390390723e-18,0.0713475991333587,8.15682637791498,9.60317362208502,23,23,0.908607952560983,1.07660805608793
100,0.5,0.7,0.3,1,50,1,1,0,9.24,88,2.93855441345168,0,50,2.30380106544755,0.325235288073768,50,0.928652400866641,1,6.93889390390723e-18,0.0713475991333587,8.40487207599393,10.0751279240061,88,88,2.21137021928074,2.39623191161436
100,0.5,0.7,0.4,0.001,50,1,0,1,12.06,1,3.11945835172763,0,50,NA,NA,0,6.93889390390723e-18,0.0713475991333587,0.928652400866641,1,11.1734597455891,12.9465402544109,1,1,NA,NA
100,0.5,0.7,0.4,0.01,50,1,0,1,12.06,1,3.11945835172763,0,50,NA,NA,0,6.93889390390723e-18,0.0713475991333587,0.928652400866641,1,11.1734597455891,12.9465402544109,1,1,NA,NA
100,0.5,0.7,0.4,0.1,50,1,0,1,12.06,4,3.11945835172763,0,50,NA,NA,0,6.93889390390723e-18,0.0713475991333587,0.928652400866641,1,11.1734597455891,12.9465402544109,4,4,NA,NA
100,0.5,0.7,0.4,0.5,50,1,1,0,12.3,23,3.10529501704059,0,50,0.660316591446139,0.271349839486173,50,0.928652400866641,1,6.93889390390723e-18,0.0713475991333587,11.4174849207705,13.1825150792295,23,23,0.583199820324898,0.73743336256738
100,0.5,0.7,0.4,1,50,1,1,0,12.9,88,2.98465463082517,0,50,1.9510766276186,0.26195081824324,50,0.928652400866641,1,6.93889390390723e-18,0.0713475991333587,12.0517705391787,13.7482294608213,88,88,1.87663102877934,2.02552222645786
100,1,0.5,0.2,0.001,50,1,0,1,13.36,1,3.09548716946566,0,50,NA,NA,0,6.93889390390723e-18,0.0713475991333587,0.928652400866641,1,12.4802722802105,14.2397277197895,1,1,NA,NA
100,1,0.5,0.2,0.01,50,1,0,1,13.36,1,3.09548716946566,0,50,NA,NA,0,6.93889390390723e-18,0.0713475991333587,0.928652400866641,1,12.4802722802105,14.2397277197895,1,1,NA,NA
100,1,0.5,0.2,0.1,50,1,0,1,13.2,4,2.77746029931765,0,50,NA,NA,0,6.93889390390723e-18,0.0713475991333587,0.928652400866641,1,12.4106545166697,13.9893454833303,4,4,NA,NA
100,1,0.5,0.2,0.5,50,1,0.96,0,14,23,3.11022015101103,0,50,0.544508220273312,0.216970320718143,48,0.86539909312493,0.98896111567238,6.93889390390723e-18,0.0713475991333587,13.1160852131832,14.8839147868168,23,23,0.481506606440995,0.607509834105629
100,1,0.5,0.2,1,50,1,1,0,16.7,57,4.83292280686779,0,50,1.26432005862461,0.269928893896022,50,0.928652400866641,1,6.93889390390723e-18,0.0713475991333587,15.3264985354346,18.0735014645654,57,57,1.18760711577192,1.3410330014773
100,1,0.5,0.3,0.001,50,1,0,1,17.3,1,4.88751011273029,0,50,NA,NA,0,6.93889390390723e-18,0.0713475991333587,0.928652400866641,1,15.9109849947585,18.6890150052415,1,1,NA,NA
100,1,0.5,0.3,0.01,50,1,0,1,17.3,1,4.88751011273029,0,50,NA,NA,0,6.93889390390723e-18,0.0713475991333587,0.928652400866641,1,15.9109849947585,18.6890150052415,1,1,NA,NA
100,1,0.5,0.3,0.1,50,1,0,0.98,17.62,4,4.98933556575974,0,50,NA,NA,0,6.93889390390723e-18,0.0713475991333587,0.895045564103622,0.996460740728354,16.2020465211981,19.0379534788019,4,4,NA,NA
100,1,0.5,0.3,0.5,50,1,0.42,0.14,20.88,23,7.88861230392473,0,50,0.577650553099827,0.384214381838181,21,0.29375003354712,0.557665582314218,0.0695083342701629,0.261861937105855,18.6380811889997,23.1219188110003,23,23,0.402758263309507,0.752542842890147
100,1,0.5,0.3,1,50,1,0.94,0,26.5,57,11.7911242994423,0,50,0.932191722876493,0.47485508358829,47,0.837829083111618,0.979385029651026,6.93889390390723e-18,0.0713475991333587,23.1489995513392,29.8510004486608,57,57,0.792769047203265,1.07161439854972
100,1,0.5,0.4,0.001,50,1,0,1,43.24,1,16.6004179932621,0,50,NA,NA,0,6.93889390390723e-18,0.0713475991333587,0.928652400866641,1,38.5222134064002,47.9577865935998,1,1,NA,NA
100,1,0.5,0.4,0.01,50,1,0,1,43.5,1,16.377249027669,0,50,NA,NA,0,6.93889390390723e-18,0.0713475991333587,0.928652400866641,1,38.845637324666,48.154362675334,1,1,NA,NA
100,1,0.5,0.4,0.1,50,1,0,1,48.08,4,20.1604178771074,0,50,NA,NA,0,6.93889390390723e-18,0.0713475991333587,0.928652400866641,1,42.3504726338462,53.8095273661538,4,4,NA,NA
100,1,0.5,0.4,0.5,50,1,0.04,0.84,59.02,23,27.9675394932433,0,50,0.42744401482694,0,2,0.0110388843276198,0.13460090687507,0.71485783936965,0.916625793219666,51.0717132200676,66.9682867799324,23,23,0.42744401482694,0.42744401482694
100,1,0.5,0.4,1,50,1,0.18,0.52,76.04,57,35.3166203574095,0,50,0.755928732429745,0.311988114435011,9,0.0977019267023418,0.307960536743008,0.385117448900446,0.652028647134219,66.0031275476877,86.0768724523123,57,57,0.516113438422516,0.995744026436974
100,1,0.6,0.2,0.001,50,1,0,1,10.26,1,2.78340563676506,0,50,NA,NA,0,6.93889390390723e-18,0.0713475991333587,0.928652400866641,1,9.46896487046228,11.0510351295377,1,1,NA,NA
100,1,0.6,0.2,0.01,50,1,0,1,10.26,1,2.78340563676506,0,50,NA,NA,0,6.93889390390723e-18,0.0713475991333587,0.928652400866641,1,9.46896487046228,11.0510351295377,1,1,NA,NA
100,1,0.6,0.2,0.1,50,1,0,1,10.26,4,2.78340563676506,0,50,NA,NA,0,6.93889390390723e-18,0.0713475991333587,0.928652400866641,1,9.46896487046228,11.0510351295377,4,4,NA,NA
100,1,0.6,0.2,0.5,50,1,1,0,10.86,23,3.0839280544296,0,50,0.788916832998983,0.278989457008422,50,0.928652400866641,1,6.93889390390723e-18,0.0713475991333587,9.98355734435604,11.736442655644,23,23,0.709628906600728,0.868204759397238
100,1,0.6,0.2,1,50,1,1,0,12.24,57,3.19795853248759,0,50,1.5759829455137,0.285514947373304,50,0.928652400866641,1,6.93889390390723e-18,0.0713475991333587,11.3311502410613,13.1488497589387,57,57,1.49484049527318,1.65712539575422
100,1,0.6,0.3,0.001,50,1,0,1,13.9,1,2.88734041877253,0,50,NA,NA,0,6.93889390390723e-18,0.0713475991333587,0.928652400866641,1,13.0794269322391,14.7205730677609,1,1,NA,NA
100,1,0.6,0.3,0.01,50,1,0,1,13.9,1,2.88734041877253,0,50,NA,NA,0,6.93889390390723e-18,0.0713475991333587,0.928652400866641,1,13.0794269322391,14.7205730677609,1,1,NA,NA
100,1,0.6,0.3,0.1,50,1,0,1,13.9,4,2.88734041877253,0,50,NA,NA,0,6.93889390390723e-18,0.0713475991333587,0.928652400866641,1,13.0794269322391,14.7205730677609,4,4,NA,NA
100,1,0.6,0.3,0.5,50,1,0.92,0,14.5,23,3.53553390593274,0,50,0.536202617479159,0.230121866291468,46,0.811617530816572,0.968450485911407,6.93889390390723e-18,0.0713475991333587,13.4952123814354,15.5047876185646,23,23,0.467864858640174,0.604540376318144
100,1,0.6,0.3,1,50,1,1,0,16.7,57,4.38108177862733,0,50,1.26429209464424,0.283215740355754,50,0.928652400866641,1,6.93889390390723e-18,0.0713475991333587,15.4549103348445,17.9450896651555,57,57,1.18380307180824,1.34478111748024
100,1,0.6,0.4,0.001,50,1,0,1,17.46,1,4.52300243426954,0,50,NA,NA,0,6.93889390390723e-18,0.0713475991333587,0.928652400866641,1,16.1745769307811,18.7454230692189,1,1,NA,NA
100,1,0.6,0.4,0.01,50,1,0,1,17.72,1,5.17466355013955,0,50,NA,NA,0,6.93889390390723e-18,0.0713475991333587,0.928652400866641,1,16.249376890802,19.190623109198,1,1,NA,NA
100,1,0.6,0.4,0.1,50,1,0,1,18.04,4,5.2448614308265,0,50,NA,NA,0,6.93889390390723e-18,0.0713475991333587,0.928652400866641,1,16.5494268738483,19.5305731261517,4,4,NA,NA
100,1,0.6,0.4,0.5,50,1,0.34,0.22,22.84,23,8.20989945002933,0,50,0.511392035746948,0.247579271337463,17,0.224369492225001,0.478461739497674,0.127539159702144,0.352415495812537,20.5067723923655,25.1732276076345,23,23,0.384098520386909,0.638685551106987
100,1,0.6,0.4,1,50,1,0.98,0,26.58,57,9.49992481173253,0,50,0.84890982485761,0.378993566153925,49,0.895045564103622,0.996460740728354,6.93889390390723e-18,0.0713475991333587,23.8801512410597,29.2798487589402,57,57,0.740050162425461,0.957769487289759
100,1,0.7,0.2,0.001,50,1,0,1,8.36,1,1.68740834974096,0,50,NA,NA,0,6.93889390390723e-18,0.0713475991333587,0.928652400866641,1,7.88044385306638,8.83955614693362,1,1,NA,NA
100,1,0.7,0.2,0.01,50,1,0,1,8.36,1,1.68740834974096,0,50,NA,NA,0,6.93889390390723e-18,0.0713475991333587,0.928652400866641,1,7.88044385306638,8.83955614693362,1,1,NA,NA
100,1,0.7,0.2,0.1,50,1,0,0.98,8.36,4,1.68740834974096,0,50,NA,NA,0,6.93889390390723e-18,0.0713475991333587,0.895045564103622,0.996460740728354,7.88044385306638,8.83955614693362,4,4,NA,NA
100,1,0.7,0.2,0.5,50,1,1,0,8.48,23,1.9297879760878,0,50,1.02325754175041,0.231532946482389,50,0.928652400866641,1,6.93889390390723e-18,0.0713475991333587,7.93156032542238,9.02843967457762,23,23,0.957456606416454,1.08905847708437
100,1,0.7,0.2,1,50,1,1,0,9.14,57,2.52344112315719,0,50,1.86562063726804,0.267981507801601,50,0.928652400866641,1,6.93889390390723e-18,0.0713475991333587,8.42284596777011,9.85715403222989,57,57,1.78946113541982,1.94178013911626
100,1,0.7,0.3,0.001,50,1,0,1,10.56,1,2.85828548580567,0,50,NA,NA,0,6.93889390390723e-18,0.0713475991333587,0.928652400866641,1,9.74768425282494,11.3723157471751,1,1,NA,NA
100,1,0.7,0.3,0.01,50,1,0,1,10.56,1,2.85828548580567,0,50,NA,NA,0,6.93889390390723e-18,0.0713475991333587,0.928652400866641,1,9.74768425282494,11.3723157471751,1,1,NA,NA
100,1,0.7,0.3,0.1,50,1,0,1,10.56,4,2.85828548580567,0,50,NA,NA,0,6.93889390390723e-18,0.0713475991333587,0.928652400866641,1,9.74768425282494,11.3723157471751,4,4,NA,NA
100,1,0.7,0.3,0.5,50,1,1,0,11.28,23,3.12357722713519,0,50,0.750157993410861,0.277685797813157,50,0.928652400866641,1,6.93889390390723e-18,0.0713475991333587,10.3922891741501,12.1677108258499,23,23,0.671240562856539,0.829075423965183
100,1,0.7,0.3,1,50,1,1,0,13.06,57,3.29755629990155,0,50,1.5082422006784,0.274670773350629,50,0.928652400866641,1,6.93889390390723e-18,0.0713475991333587,12.1228448687478,13.9971551312522,57,57,1.43018163059557,1.58630277076123
100,1,0.7,0.4,0.001,50,1,0,1,13.74,1,3.25645356114875,0,50,NA,NA,0,6.93889390390723e-18,0.0713475991333587,0.928652400866641,1,12.8145261378537,14.6654738621463,1,1,NA,NA
100,1,0.7,0.4,0.01,50,1,0,1,13.74,1,3.25645356114875,0,50,NA,NA,0,6.93889390390723e-18,0.0713475991333587,0.928652400866641,1,12.8145261378537,14.6654738621463,1,1,NA,NA
100,1,0.7,0.4,0.1,50,1,0,0.98,13.74,4,3.25645356114875,0,50,NA,NA,0,6.93889390390723e-18,0.0713475991333587,0.895045564103622,0.996460740728354,12.8145261378537,14.6654738621463,4,4,NA,NA
100,1,0.7,0.4,0.5,50,1,0.92,0,14.46,23,3.7915588307907,0,50,0.551541089230431,0.298980718158309,46,0.811617530816572,0.968450485911407,6.93889390390723e-18,0.0713475991333587,13.3824509028622,15.5375490971378,23,23,0.462754775507724,0.640327402953138
100,1,0.7,0.4,1,50,1,1,0,15.98,57,4.76162380123522,0,50,1.32615078667445,0.361336199989885,50,0.928652400866641,1,6.93889390390723e-18,0.0713475991333587,14.6267614886353,17.3332385113647,57,57,1.22346017486055,1.42884139848835
100,1.5,0.5,0.2,0.001,50,1,0,1,15.32,1,3.65021665557718,0,50,NA,NA,0,6.93889390390723e-18,0.0713475991333587,0.928652400866641,1,14.2826199046068,16.3573800953932,1,1,NA,NA
100,1.5,0.5,0.2,0.01,50,1,0,1,15.32,1,3.65021665557718,0,50,NA,NA,0,6.93889390390723e-18,0.0713475991333587,0.928652400866641,1,14.2826199046068,16.3573800953932,1,1,NA,NA
100,1.5,0.5,0.2,0.1,50,1,0,0.98,15.8,4,4.08581418459288,0,50,NA,NA,0,6.93889390390723e-18,0.0713475991333587,0.895045564103622,0.996460740728354,14.6388244565989,16.9611755434011,4,4,NA,NA
100,1.5,0.5,0.2,0.5,50,1,0.38,0.14,21.02,23,7.98081884193314,0,50,0.625892617098226,0.381604838689948,19,0.258627893101936,0.51849553069007,0.0695083342701629,0.261861937105855,18.7518763808415,23.2881236191585,23,23,0.441964972376298,0.809820261820154
100,1.5,0.5,0.2,1,50,1,0.86,0,30.34,57,14.728301230721,0,50,0.903729025251899,0.549192610155969,43,0.738138062894145,0.930491665729837,6.93889390390723e-18,0.0713475991333587,26.1542631034352,34.5257368965648,57,57,0.734712487197989,1.07274556330581
100,1.5,0.5,0.3,0.001,50,1,0,1,24.06,1,7.6382763308303,0,50,NA,NA,0,6.93889390390723e-18,0.0713475991333587,0.928652400866641,1,21.8892258853706,26.2307741146294,1,1,NA,NA
100,1.5,0.5,0.3,0.01,50,1,0,1,23.8,1,7.4422950157892,0,50,NA,NA,0,6.93889390390723e-18,0.0713475991333587,0.928652400866641,1,21.6849231588412,25.9150768411588,1,1,NA,NA
100,1.5,0.5,0.3,0.1,50,1,0,1,26.72,4,9.5811038518747,0,50,NA,NA,0,6.93889390390723e-18,0.0713475991333587,0.928652400866641,1,23.9970804131192,29.4429195868808,4,4,NA,NA
100,1.5,0.5,0.3,0.5,50,1,0.1,0.8,45.04,23,19.6333327558528,0,50,0.529609139580138,0.228448163877897,5,0.0434757649318904,0.213602314374797,0.669628940677746,0.887562499842239,39.4602685678853,50.6197314321147,23,23,0.2459532790372,0.813265000123076
100,1.5,0.5,0.3,1,50,1,0.32,0.42,67.36,57,35.8555833468493,0,50,0.738327660360225,0.460307531452932,16,0.207582162606568,0.458102973081441,0.29375003354712,0.557665582314218,57.1699559608604,77.5500440391396,57,57,0.493047090676952,0.983608230043499
100,1.5,0.5,0.4,0.001,50,1,0,1,89.72,1,41.6766170431726,0,50,NA,NA,0,6.93889390390723e-18,0.0713475991333587,0.928652400866641,1,77.8756364886306,101.564363511369,1,1,NA,NA
100,1.5,0.5,0.4,0.01,50,1,0,1,92,1,40.3636530779353,0,50,NA,NA,0,6.93889390390723e-18,0.0713475991333587,0.928652400866641,1,80.5287767189302,103.47122328107,1,1,NA,NA
100,1.5,0.5,0.4,0.1,50,1,0,1,124.88,4,65.3953877172838,0,50,NA,NA,0,6.93889390390723e-18,0.0713475991333587,0.928652400866641,1,106.294836446824,143.465163553176,4,4,NA,NA
100,1.5,0.5,0.4,0.5,50,1,0,1,327,23,257.737407895267,0,50,NA,NA,0,6.93889390390723e-18,0.0713475991333587,0.928652400866641,1,253.751839132545,400.248160867455,23,23,NA,NA
100,1.5,0.5,0.4,1,50,1,0.02,0.92,629.52,57,589.092946479447,0,50,0.45953232937844,NA,1,0.00353925927164624,0.104954435896378,0.811617530816572,0.968450485911407,462.101637015827,796.938362984173,57,57,NA,NA
100,1.5,0.6,0.2,0.001,50,1,0,1,12.9,1,3.1638906557643,0,50,NA,NA,0,6.93889390390723e-18,0.0713475991333587,0.928652400866641,1,12.0008322244995,13.7991677755005,1,1,NA,NA
100,1.5,0.6,0.2,0.01,50,1,0,1,12.9,1,3.1638906557643,0,50,NA,NA,0,6.93889390390723e-18,0.0713475991333587,0.928652400866641,1,12.0008322244995,13.7991677755005,1,1,NA,NA
100,1.5,0.6,0.2,0.1,50,1,0,1,13.02,4,3.12651595882962,0,50,NA,NA,0,6.93889390390723e-18,0.0713475991333587,0.928652400866641,1,12.1314539958434,13.9085460041566,4,4,NA,NA
100,1.5,0.6,0.2,0.5,50,1,0.82,0,15.18,23,4.59231834209063,0,50,0.569244647466413,0.285482872832844,41,0.692039463256992,0.902298073297658,6.93889390390723e-18,0.0713475991333587,13.8748775677425,16.4851224322575,23,23,0.479135134166118,0.659354160766708
100,1.5,0.6,0.2,1,50,1,1,0,19.94,57,8.36516098872861,0,50,1.13443360914294,0.418000005046864,50,0.928652400866641,1,6.93889390390723e-18,0.0713475991333587,17.5626475512878,22.3173524487122,57,57,1.01563932211142,1.25322789617446
100,1.5,0.6,0.3,0.001,50,1,0,1,15.7,1,3.82393108980691,0,50,NA,NA,0,6.93889390390723e-18,0.0713475991333587,0.928652400866641,1,14.6132508086445,16.7867491913555,1,1,NA,NA
100,1.5,0.6,0.3,0.01,50,1,0,1,15.7,1,3.82393108980691,0,50,NA,NA,0,6.93889390390723e-18,0.0713475991333587,0.928652400866641,1,14.6132508086445,16.7867491913555,1,1,NA,NA
100,1.5,0.6,0.3,0.1,50,1,0,0.98,16.02,4,4.0832659997225,0,50,NA,NA,0,6.93889390390723e-18,0.0713475991333587,0.895045564103622,0.996460740728354,14.8595486427262,17.1804513572738,4,4,NA,NA
100,1.5,0.6,0.3,0.5,50,1,0.34,0.22,22.98,23,9.71741546221556,0,50,0.595340056666957,0.358002494710306,17,0.224369492225001,0.478461739497674,0.127539159702144,0.352415495812537,20.2183410820928,25.7416589179072,23,23,0.411272158683598,0.779407954650316
100,1.5,0.6,0.3,1,50,1,0.88,0.02,32.1,57,15.5291036838734,0,50,0.825655252035466,0.55706137222834,44,0.76195182616797,0.943823998490677,0.00353925927164624,0.104954435896378,27.686677564376,36.513322435624,57,57,0.656293115092677,0.995017388978255
100,1.5,0.6,0.4,0.001,50,1,0,1,25.4,1,9.03733751653412,0,50,NA,NA,0,6.93889390390723e-18,0.0713475991333587,0.928652400866641,1,22.8316170957474,27.9683829042526,1,1,NA,NA
100,1.5,0.6,0.4,0.01,50,1,0,1,25.56,1,8.91950396717262,0,50,NA,NA,0,6.93889390390723e-18,0.0713475991333587,0.928652400866641,1,23.0251050199479,28.0948949800521,1,1,NA,NA
100,1.5,0.6,0.4,0.1,50,1,0,1,27.44,4,10.1099264213395,0,50,NA,NA,0,6.93889390390723e-18,0.0713475991333587,0.928652400866641,1,24.5667907017621,30.3132092982379,4,4,NA,NA
100,1.5,0.6,0.4,0.5,50,1,0.04,0.76,44.68,23,20.8017267729074,0,50,0.42744401482694,0,2,0.0110388843276198,0.13460090687507,0.625873162420571,0.857026086030083,38.7682146622584,50.5917853377416,23,23,0.42744401482694,0.42744401482694
100,1.5,0.6,0.4,1,50,1,0.24,0.4,67.86,57,35.2182756360318,0,50,0.873740007823071,0.365414492055478,12,0.142973913969917,0.374126837579429,0.276083897302565,0.538185622524106,57.8510768082579,77.8689231917421,57,57,0.641566716259697,1.10591329938644
100,1.5,0.7,0.2,0.001,50,1,0,1,11.88,1,3.37239695535531,0,50,NA,NA,0,6.93889390390723e-18,0.0713475991333587,0.928652400866641,1,10.9215753898046,12.8384246101954,1,1,NA,NA
100,1.5,0.7,0.2,0.01,50,1,0,1,11.88,1,3.37239695535531,0,50,NA,NA,0,6.93889390390723e-18,0.0713475991333587,0.928652400866641,1,10.9215753898046,12.8384246101954,1,1,NA,NA
100,1.5,0.7,0.2,0.1,50,1,0,1,11.88,4,3.37239695535531,0,50,NA,NA,0,6.93889390390723e-18,0.0713475991333587,0.928652400866641,1,10.9215753898046,12.8384246101954,4,4,NA,NA
100,1.5,0.7,0.2,0.5,50,1,1,0,12.42,23,3.26446545300721,0,50,0.656102170819826,0.297628943247844,50,0.928652400866641,1,6.93889390390723e-18,0.0713475991333587,11.4922491833809,13.3477508166191,23,23,0.571516961044272,0.74068738059538
100,1.5,0.7,0.2,1,50,1,1,0,16.24,57,5.33972406227368,0,50,1.31660271106524,0.369034292754823,50,0.928652400866641,1,6.93889390390723e-18,0.0713475991333587,14.7224672122869,17.7575327877131,57,57,1.21172432549423,1.42148109663625
100,1.5,0.7,0.3,0.001,50,1,0,1,13.54,1,3.09845254332954,0,50,NA,NA,0,6.93889390390723e-18,0.0713475991333587,0.928652400866641,1,12.659429530283,14.420570469717,1,1,NA,NA
100,1.5,0.7,0.3,0.01,50,1,0,1,13.54,1,3.09845254332954,0,50,NA,NA,0,6.93889390390723e-18,0.0713475991333587,0.928652400866641,1,12.659429530283,14.420570469717,1,1,NA,NA
100,1.5,0.7,0.3,0.1,50,1,0,1,13.54,4,3.09845254332954,0,50,NA,NA,0,6.93889390390723e-18,0.0713475991333587,0.928652400866641,1,12.659429530283,14.420570469717,4,4,NA,NA
100,1.5,0.7,0.3,0.5,50,1,0.62,0.04,17.42,23,6.4621030253474,0,50,0.588827747794749,0.265816055523389,31,0.48150446930993,0.741372106898064,0.0110388843276198,0.13460090687507,15.5834906403068,19.2565093596932,23,23,0.491325631458395,0.686329864131103
100,1.5,0.7,0.3,1,50,1,0.98,0,22.24,57,9.28364812177732,0,50,1.04185380693724,0.381447062725253,49,0.895045564103622,0.996460740728354,6.93889390390723e-18,0.0713475991333587,19.601616396262,24.878383603738,57,57,0.932289418007374,1.15141819586711
100,1.5,0.7,0.4,0.001,50,1,0,1,17.04,1,4.18919893954704,0,50,NA,NA,0,6.93889390390723e-18,0.0713475991333587,0.928652400866641,1,15.8494428343347,18.2305571656653,1,1,NA,NA
100,1.5,0.7,0.4,0.01,50,1,0,1,17.2,1,4.26183825433608,0,50,NA,NA,0,6.93889390390723e-18,0.0713475991333587,0.928652400866641,1,15.9887989694863,18.4112010305137,1,1,NA,NA
100,1.5,0.7,0.4,0.1,50,1,0,1,17.52,4,4.38569101901693,0,50,NA,NA,0,6.93889390390723e-18,0.0713475991333587,0.928652400866641,1,16.2736004032195,18.7663995967805,4,4,NA,NA
100,1.5,0.7,0.4,0.5,50,1,0.3,0.36,25.04,23,9.10025790170537,0,50,0.495554097995738,0.1797420541365,15,0.191035535008809,0.437503504644534,0.241387496518467,0.498589831238873,22.4537353201352,27.6262646798648,23,23,0.396016266171991,0.595091929819485
100,1.5,0.7,0.4,1,50,1,0.8,0,33.66,57,14.0008891845905,0,50,0.771632551523285,0.353323776098692,40,0.669628940677746,0.887562499842239,6.93889390390723e-18,0.0713475991333587,29.6809913195952,37.6390086804048,57,57,0.65863412593439,0.88463097711218
