"mu","sigma","item_overlap","class_overlap","add_k","n_preferred","seed","ob_nobs","ow_nobs"
10,0.5,0.5,0.2,0.001,50,1,36,1
10,0.5,0.5,0.2,0.001,50,2,23,1
10,0.5,0.5,0.2,0.001,50,3,36,1
10,0.5,0.5,0.2,0.001,50,4,36,1
10,0.5,0.5,0.2,0.001,50,5,36,1
10,0.5,0.5,0.2,0.001,50,6,36,1
10,0.5,0.5,0.2,0.001,50,7,36,1
10,0.5,0.5,0.2,0.001,50,8,57,1
10,0.5,0.5,0.2,0.001,50,9,36,1
10,0.5,0.5,0.2,0.001,50,10,36,1
10,0.5,0.5,0.2,0.001,50,11,57,1
10,0.5,0.5,0.2,0.001,50,12,36,1
10,0.5,0.5,0.2,0.001,50,13,36,1
10,0.5,0.5,0.2,0.001,50,14,23,1
10,0.5,0.5,0.2,0.001,50,15,36,1
10,0.5,0.5,0.2,0.001,50,16,36,1
10,0.5,0.5,0.2,0.001,50,17,23,1
10,0.5,0.5,0.2,0.001,50,18,57,1
10,0.5,0.5,0.2,0.001,50,19,36,1
10,0.5,0.5,0.2,0.001,50,20,57,1
10,0.5,0.5,0.2,0.001,50,21,57,1
10,0.5,0.5,0.2,0.001,50,22,23,1
10,0.5,0.5,0.2,0.001,50,23,36,1
10,0.5,0.5,0.2,0.001,50,24,36,1
10,0.5,0.5,0.2,0.001,50,25,36,1
10,0.5,0.5,0.2,0.001,50,26,36,1
10,0.5,0.5,0.2,0.001,50,27,36,1
10,0.5,0.5,0.2,0.001,50,28,36,1
10,0.5,0.5,0.2,0.001,50,29,36,1
10,0.5,0.5,0.2,0.001,50,30,57,1
10,0.5,0.5,0.2,0.001,50,31,57,1
10,0.5,0.5,0.2,0.001,50,32,57,1
10,0.5,0.5,0.2,0.001,50,33,36,1
10,0.5,0.5,0.2,0.001,50,34,36,1
10,0.5,0.5,0.2,0.001,50,35,57,1
10,0.5,0.5,0.2,0.001,50,36,36,1
10,0.5,0.5,0.2,0.001,50,37,57,1
10,0.5,0.5,0.2,0.001,50,38,36,1
10,0.5,0.5,0.2,0.001,50,39,23,1
10,0.5,0.5,0.2,0.001,50,40,36,1
10,0.5,0.5,0.2,0.001,50,41,36,1
10,0.5,0.5,0.2,0.001,50,42,36,1
10,0.5,0.5,0.2,0.001,50,43,36,1
10,0.5,0.5,0.2,0.001,50,44,36,1
10,0.5,0.5,0.2,0.001,50,45,23,1
10,0.5,0.5,0.2,0.001,50,46,36,1
10,0.5,0.5,0.2,0.001,50,47,57,1
10,0.5,0.5,0.2,0.001,50,48,23,1
10,0.5,0.5,0.2,0.001,50,49,36,1
10,0.5,0.5,0.2,0.001,50,50,57,1
30,0.5,0.5,0.2,0.001,50,1,15,1
30,0.5,0.5,0.2,0.001,50,2,15,1
30,0.5,0.5,0.2,0.001,50,3,15,1
30,0.5,0.5,0.2,0.001,50,4,15,1
30,0.5,0.5,0.2,0.001,50,5,15,1
30,0.5,0.5,0.2,0.001,50,6,15,1
30,0.5,0.5,0.2,0.001,50,7,15,1
30,0.5,0.5,0.2,0.001,50,8,15,1
30,0.5,0.5,0.2,0.001,50,9,15,1
30,0.5,0.5,0.2,0.001,50,10,15,1
30,0.5,0.5,0.2,0.001,50,11,15,1
30,0.5,0.5,0.2,0.001,50,12,15,1
30,0.5,0.5,0.2,0.001,50,13,15,1
30,0.5,0.5,0.2,0.001,50,14,15,1
30,0.5,0.5,0.2,0.001,50,15,15,1
30,0.5,0.5,0.2,0.001,50,16,15,1
30,0.5,0.5,0.2,0.001,50,17,15,1
30,0.5,0.5,0.2,0.001,50,18,23,1
30,0.5,0.5,0.2,0.001,50,19,15,1
30,0.5,0.5,0.2,0.001,50,20,23,1
30,0.5,0.5,0.2,0.001,50,21,15,1
30,0.5,0.5,0.2,0.001,50,22,15,1
30,0.5,0.5,0.2,0.001,50,23,15,1
30,0.5,0.5,0.2,0.001,50,24,15,1
30,0.5,0.5,0.2,0.001,50,25,15,1
30,0.5,0.5,0.2,0.001,50,26,15,1
30,0.5,0.5,0.2,0.001,50,27,23,1
30,0.5,0.5,0.2,0.001,50,28,15,1
30,0.5,0.5,0.2,0.001,50,29,15,1
30,0.5,0.5,0.2,0.001,50,30,15,1
30,0.5,0.5,0.2,0.001,50,31,15,1
30,0.5,0.5,0.2,0.001,50,32,23,1
30,0.5,0.5,0.2,0.001,50,33,23,1
30,0.5,0.5,0.2,0.001,50,34,23,1
30,0.5,0.5,0.2,0.001,50,35,15,1
30,0.5,0.5,0.2,0.001,50,36,15,1
30,0.5,0.5,0.2,0.001,50,37,15,1
30,0.5,0.5,0.2,0.001,50,38,15,1
30,0.5,0.5,0.2,0.001,50,39,15,1
30,0.5,0.5,0.2,0.001,50,40,15,1
30,0.5,0.5,0.2,0.001,50,41,15,1
30,0.5,0.5,0.2,0.001,50,42,15,1
30,0.5,0.5,0.2,0.001,50,43,15,1
30,0.5,0.5,0.2,0.001,50,44,15,1
30,0.5,0.5,0.2,0.001,50,45,15,1
30,0.5,0.5,0.2,0.001,50,46,15,1
30,0.5,0.5,0.2,0.001,50,47,23,1
30,0.5,0.5,0.2,0.001,50,48,15,1
30,0.5,0.5,0.2,0.001,50,49,9,1
30,0.5,0.5,0.2,0.001,50,50,15,1
60,0.5,0.5,0.2,0.001,50,1,15,1
60,0.5,0.5,0.2,0.001,50,2,15,1
60,0.5,0.5,0.2,0.001,50,3,9,1
60,0.5,0.5,0.2,0.001,50,4,9,1
60,0.5,0.5,0.2,0.001,50,5,15,1
60,0.5,0.5,0.2,0.001,50,6,9,1
60,0.5,0.5,0.2,0.001,50,7,15,1
60,0.5,0.5,0.2,0.001,50,8,9,1
60,0.5,0.5,0.2,0.001,50,9,9,1
60,0.5,0.5,0.2,0.001,50,10,15,1
60,0.5,0.5,0.2,0.001,50,11,15,1
60,0.5,0.5,0.2,0.001,50,12,15,1
60,0.5,0.5,0.2,0.001,50,13,15,1
60,0.5,0.5,0.2,0.001,50,14,15,1
60,0.5,0.5,0.2,0.001,50,15,9,1
60,0.5,0.5,0.2,0.001,50,16,15,1
60,0.5,0.5,0.2,0.001,50,17,9,1
60,0.5,0.5,0.2,0.001,50,18,15,1
60,0.5,0.5,0.2,0.001,50,19,15,1
60,0.5,0.5,0.2,0.001,50,20,15,1
60,0.5,0.5,0.2,0.001,50,21,15,1
60,0.5,0.5,0.2,0.001,50,22,15,1
60,0.5,0.5,0.2,0.001,50,23,9,1
60,0.5,0.5,0.2,0.001,50,24,9,1
60,0.5,0.5,0.2,0.001,50,25,9,1
60,0.5,0.5,0.2,0.001,50,26,15,1
60,0.5,0.5,0.2,0.001,50,27,9,1
60,0.5,0.5,0.2,0.001,50,28,15,1
60,0.5,0.5,0.2,0.001,50,29,15,1
60,0.5,0.5,0.2,0.001,50,30,9,1
60,0.5,0.5,0.2,0.001,50,31,15,1
60,0.5,0.5,0.2,0.001,50,32,15,1
60,0.5,0.5,0.2,0.001,50,33,15,1
60,0.5,0.5,0.2,0.001,50,34,6,1
60,0.5,0.5,0.2,0.001,50,35,9,1
60,0.5,0.5,0.2,0.001,50,36,15,1
60,0.5,0.5,0.2,0.001,50,37,9,1
60,0.5,0.5,0.2,0.001,50,38,9,1
60,0.5,0.5,0.2,0.001,50,39,15,1
60,0.5,0.5,0.2,0.001,50,40,9,1
60,0.5,0.5,0.2,0.001,50,41,15,1
60,0.5,0.5,0.2,0.001,50,42,15,1
60,0.5,0.5,0.2,0.001,50,43,15,1
60,0.5,0.5,0.2,0.001,50,44,9,1
60,0.5,0.5,0.2,0.001,50,45,9,1
60,0.5,0.5,0.2,0.001,50,46,9,1
60,0.5,0.5,0.2,0.001,50,47,15,1
60,0.5,0.5,0.2,0.001,50,48,15,1
60,0.5,0.5,0.2,0.001,50,49,6,1
60,0.5,0.5,0.2,0.001,50,50,15,1
100,0.5,0.5,0.2,0.001,50,1,15,1
100,0.5,0.5,0.2,0.001,50,2,9,1
100,0.5,0.5,0.2,0.001,50,3,15,1
100,0.5,0.5,0.2,0.001,50,4,9,1
100,0.5,0.5,0.2,0.001,50,5,9,1
100,0.5,0.5,0.2,0.001,50,6,9,1
100,0.5,0.5,0.2,0.001,50,7,9,1
100,0.5,0.5,0.2,0.001,50,8,6,1
100,0.5,0.5,0.2,0.001,50,9,9,1
100,0.5,0.5,0.2,0.001,50,10,9,1
100,0.5,0.5,0.2,0.001,50,11,15,1
100,0.5,0.5,0.2,0.001,50,12,9,1
100,0.5,0.5,0.2,0.001,50,13,9,1
100,0.5,0.5,0.2,0.001,50,14,15,1
100,0.5,0.5,0.2,0.001,50,15,9,1
100,0.5,0.5,0.2,0.001,50,16,9,1
100,0.5,0.5,0.2,0.001,50,17,9,1
100,0.5,0.5,0.2,0.001,50,18,15,1
100,0.5,0.5,0.2,0.001,50,19,15,1
100,0.5,0.5,0.2,0.001,50,20,15,1
100,0.5,0.5,0.2,0.001,50,21,15,1
100,0.5,0.5,0.2,0.001,50,22,9,1
100,0.5,0.5,0.2,0.001,50,23,6,1
100,0.5,0.5,0.2,0.001,50,24,9,1
100,0.5,0.5,0.2,0.001,50,25,15,1
100,0.5,0.5,0.2,0.001,50,26,15,1
100,0.5,0.5,0.2,0.001,50,27,15,1
100,0.5,0.5,0.2,0.001,50,28,15,1
100,0.5,0.5,0.2,0.001,50,29,15,1
100,0.5,0.5,0.2,0.001,50,30,6,1
100,0.5,0.5,0.2,0.001,50,31,15,1
100,0.5,0.5,0.2,0.001,50,32,15,1
100,0.5,0.5,0.2,0.001,50,33,15,1
100,0.5,0.5,0.2,0.001,50,34,6,1
100,0.5,0.5,0.2,0.001,50,35,9,1
100,0.5,0.5,0.2,0.001,50,36,15,1
100,0.5,0.5,0.2,0.001,50,37,9,1
100,0.5,0.5,0.2,0.001,50,38,9,1
100,0.5,0.5,0.2,0.001,50,39,6,1
100,0.5,0.5,0.2,0.001,50,40,9,1
100,0.5,0.5,0.2,0.001,50,41,15,1
100,0.5,0.5,0.2,0.001,50,42,15,1
100,0.5,0.5,0.2,0.001,50,43,15,1
100,0.5,0.5,0.2,0.001,50,44,9,1
100,0.5,0.5,0.2,0.001,50,45,9,1
100,0.5,0.5,0.2,0.001,50,46,9,1
100,0.5,0.5,0.2,0.001,50,47,15,1
100,0.5,0.5,0.2,0.001,50,48,15,1
100,0.5,0.5,0.2,0.001,50,49,15,1
100,0.5,0.5,0.2,0.001,50,50,15,1
10,1,0.5,0.2,0.001,50,1,36,1
10,1,0.5,0.2,0.001,50,2,36,1
10,1,0.5,0.2,0.001,50,3,57,1
10,1,0.5,0.2,0.001,50,4,57,1
10,1,0.5,0.2,0.001,50,5,57,1
10,1,0.5,0.2,0.001,50,6,36,1
10,1,0.5,0.2,0.001,50,7,36,1
10,1,0.5,0.2,0.001,50,8,57,1
10,1,0.5,0.2,0.001,50,9,36,1
10,1,0.5,0.2,0.001,50,10,36,1
10,1,0.5,0.2,0.001,50,11,57,1
10,1,0.5,0.2,0.001,50,12,36,1
10,1,0.5,0.2,0.001,50,13,57,1
10,1,0.5,0.2,0.001,50,14,36,1
10,1,0.5,0.2,0.001,50,15,36,1
10,1,0.5,0.2,0.001,50,16,57,1
10,1,0.5,0.2,0.001,50,17,36,1
10,1,0.5,0.2,0.001,50,18,57,1
10,1,0.5,0.2,0.001,50,19,36,1
10,1,0.5,0.2,0.001,50,20,57,1
10,1,0.5,0.2,0.001,50,21,57,1
10,1,0.5,0.2,0.001,50,22,36,1
10,1,0.5,0.2,0.001,50,23,57,1
10,1,0.5,0.2,0.001,50,24,36,1
10,1,0.5,0.2,0.001,50,25,57,1
10,1,0.5,0.2,0.001,50,26,36,1
10,1,0.5,0.2,0.001,50,27,57,1
10,1,0.5,0.2,0.001,50,28,36,1
10,1,0.5,0.2,0.001,50,29,57,1
10,1,0.5,0.2,0.001,50,30,57,1
10,1,0.5,0.2,0.001,50,31,57,1
10,1,0.5,0.2,0.001,50,32,36,1
10,1,0.5,0.2,0.001,50,33,57,1
10,1,0.5,0.2,0.001,50,34,36,1
10,1,0.5,0.2,0.001,50,35,57,1
10,1,0.5,0.2,0.001,50,36,36,1
10,1,0.5,0.2,0.001,50,37,88,1
10,1,0.5,0.2,0.001,50,38,36,1
10,1,0.5,0.2,0.001,50,39,23,1
10,1,0.5,0.2,0.001,50,40,36,1
10,1,0.5,0.2,0.001,50,41,36,1
10,1,0.5,0.2,0.001,50,42,36,1
10,1,0.5,0.2,0.001,50,43,36,1
10,1,0.5,0.2,0.001,50,44,57,1
10,1,0.5,0.2,0.001,50,45,36,1
10,1,0.5,0.2,0.001,50,46,57,1
10,1,0.5,0.2,0.001,50,47,57,1
10,1,0.5,0.2,0.001,50,48,36,1
10,1,0.5,0.2,0.001,50,49,36,1
10,1,0.5,0.2,0.001,50,50,57,1
30,1,0.5,0.2,0.001,50,1,15,1
30,1,0.5,0.2,0.001,50,2,23,1
30,1,0.5,0.2,0.001,50,3,23,1
30,1,0.5,0.2,0.001,50,4,15,1
30,1,0.5,0.2,0.001,50,5,9,1
30,1,0.5,0.2,0.001,50,6,15,1
30,1,0.5,0.2,0.001,50,7,23,1
30,1,0.5,0.2,0.001,50,8,15,1
30,1,0.5,0.2,0.001,50,9,15,1
30,1,0.5,0.2,0.001,50,10,15,1
30,1,0.5,0.2,0.001,50,11,23,1
30,1,0.5,0.2,0.001,50,12,9,1
30,1,0.5,0.2,0.001,50,13,15,1
30,1,0.5,0.2,0.001,50,14,15,1
30,1,0.5,0.2,0.001,50,15,9,1
30,1,0.5,0.2,0.001,50,16,23,1
30,1,0.5,0.2,0.001,50,17,15,1
30,1,0.5,0.2,0.001,50,18,23,1
30,1,0.5,0.2,0.001,50,19,15,1
30,1,0.5,0.2,0.001,50,20,23,1
30,1,0.5,0.2,0.001,50,21,23,1
30,1,0.5,0.2,0.001,50,22,15,1
30,1,0.5,0.2,0.001,50,23,23,1
30,1,0.5,0.2,0.001,50,24,23,1
30,1,0.5,0.2,0.001,50,25,15,1
30,1,0.5,0.2,0.001,50,26,15,1
30,1,0.5,0.2,0.001,50,27,23,1
30,1,0.5,0.2,0.001,50,28,15,1
30,1,0.5,0.2,0.001,50,29,23,1
30,1,0.5,0.2,0.001,50,30,23,1
30,1,0.5,0.2,0.001,50,31,15,1
30,1,0.5,0.2,0.001,50,32,23,1
30,1,0.5,0.2,0.001,50,33,23,1
30,1,0.5,0.2,0.001,50,34,15,1
30,1,0.5,0.2,0.001,50,35,15,1
30,1,0.5,0.2,0.001,50,36,15,1
30,1,0.5,0.2,0.001,50,37,15,1
30,1,0.5,0.2,0.001,50,38,23,1
30,1,0.5,0.2,0.001,50,39,9,1
30,1,0.5,0.2,0.001,50,40,15,1
30,1,0.5,0.2,0.001,50,41,15,1
30,1,0.5,0.2,0.001,50,42,15,1
30,1,0.5,0.2,0.001,50,43,15,1
30,1,0.5,0.2,0.001,50,44,15,1
30,1,0.5,0.2,0.001,50,45,15,1
30,1,0.5,0.2,0.001,50,46,15,1
30,1,0.5,0.2,0.001,50,47,23,1
30,1,0.5,0.2,0.001,50,48,23,1
30,1,0.5,0.2,0.001,50,49,15,1
30,1,0.5,0.2,0.001,50,50,15,1
60,1,0.5,0.2,0.001,50,1,15,1
60,1,0.5,0.2,0.001,50,2,15,1
60,1,0.5,0.2,0.001,50,3,15,1
60,1,0.5,0.2,0.001,50,4,15,1
60,1,0.5,0.2,0.001,50,5,15,1
60,1,0.5,0.2,0.001,50,6,15,1
60,1,0.5,0.2,0.001,50,7,15,1
60,1,0.5,0.2,0.001,50,8,15,1
60,1,0.5,0.2,0.001,50,9,15,1
60,1,0.5,0.2,0.001,50,10,15,1
60,1,0.5,0.2,0.001,50,11,15,1
60,1,0.5,0.2,0.001,50,12,15,1
60,1,0.5,0.2,0.001,50,13,15,1
60,1,0.5,0.2,0.001,50,14,15,1
60,1,0.5,0.2,0.001,50,15,15,1
60,1,0.5,0.2,0.001,50,16,15,1
60,1,0.5,0.2,0.001,50,17,15,1
60,1,0.5,0.2,0.001,50,18,15,1
60,1,0.5,0.2,0.001,50,19,15,1
60,1,0.5,0.2,0.001,50,20,15,1
60,1,0.5,0.2,0.001,50,21,15,1
60,1,0.5,0.2,0.001,50,22,9,1
60,1,0.5,0.2,0.001,50,23,15,1
60,1,0.5,0.2,0.001,50,24,15,1
60,1,0.5,0.2,0.001,50,25,15,1
60,1,0.5,0.2,0.001,50,26,15,1
60,1,0.5,0.2,0.001,50,27,15,1
60,1,0.5,0.2,0.001,50,28,15,1
60,1,0.5,0.2,0.001,50,29,15,1
60,1,0.5,0.2,0.001,50,30,9,1
60,1,0.5,0.2,0.001,50,31,15,1
60,1,0.5,0.2,0.001,50,32,15,1
60,1,0.5,0.2,0.001,50,33,23,1
60,1,0.5,0.2,0.001,50,34,15,1
60,1,0.5,0.2,0.001,50,35,15,1
60,1,0.5,0.2,0.001,50,36,9,1
60,1,0.5,0.2,0.001,50,37,15,1
60,1,0.5,0.2,0.001,50,38,15,1
60,1,0.5,0.2,0.001,50,39,9,1
60,1,0.5,0.2,0.001,50,40,15,1
60,1,0.5,0.2,0.001,50,41,15,1
60,1,0.5,0.2,0.001,50,42,15,1
60,1,0.5,0.2,0.001,50,43,15,1
60,1,0.5,0.2,0.001,50,44,9,1
60,1,0.5,0.2,0.001,50,45,15,1
60,1,0.5,0.2,0.001,50,46,15,1
60,1,0.5,0.2,0.001,50,47,15,1
60,1,0.5,0.2,0.001,50,48,15,1
60,1,0.5,0.2,0.001,50,49,15,1
60,1,0.5,0.2,0.001,50,50,15,1
100,1,0.5,0.2,0.001,50,1,9,1
100,1,0.5,0.2,0.001,50,2,15,1
100,1,0.5,0.2,0.001,50,3,15,1
100,1,0.5,0.2,0.001,50,4,15,1
100,1,0.5,0.2,0.001,50,5,15,1
100,1,0.5,0.2,0.001,50,6,9,1
100,1,0.5,0.2,0.001,50,7,15,1
100,1,0.5,0.2,0.001,50,8,15,1
100,1,0.5,0.2,0.001,50,9,9,1
100,1,0.5,0.2,0.001,50,10,15,1
100,1,0.5,0.2,0.001,50,11,15,1
100,1,0.5,0.2,0.001,50,12,15,1
100,1,0.5,0.2,0.001,50,13,9,1
100,1,0.5,0.2,0.001,50,14,15,1
100,1,0.5,0.2,0.001,50,15,15,1
100,1,0.5,0.2,0.001,50,16,15,1
100,1,0.5,0.2,0.001,50,17,15,1
100,1,0.5,0.2,0.001,50,18,15,1
100,1,0.5,0.2,0.001,50,19,9,1
100,1,0.5,0.2,0.001,50,20,15,1
100,1,0.5,0.2,0.001,50,21,9,1
100,1,0.5,0.2,0.001,50,22,9,1
100,1,0.5,0.2,0.001,50,23,15,1
100,1,0.5,0.2,0.001,50,24,15,1
100,1,0.5,0.2,0.001,50,25,15,1
100,1,0.5,0.2,0.001,50,26,15,1
100,1,0.5,0.2,0.001,50,27,15,1
100,1,0.5,0.2,0.001,50,28,15,1
100,1,0.5,0.2,0.001,50,29,15,1
100,1,0.5,0.2,0.001,50,30,15,1
100,1,0.5,0.2,0.001,50,31,15,1
100,1,0.5,0.2,0.001,50,32,15,1
100,1,0.5,0.2,0.001,50,33,23,1
100,1,0.5,0.2,0.001,50,34,15,1
100,1,0.5,0.2,0.001,50,35,15,1
100,1,0.5,0.2,0.001,50,36,9,1
100,1,0.5,0.2,0.001,50,37,15,1
100,1,0.5,0.2,0.001,50,38,9,1
100,1,0.5,0.2,0.001,50,39,9,1
100,1,0.5,0.2,0.001,50,40,15,1
100,1,0.5,0.2,0.001,50,41,15,1
100,1,0.5,0.2,0.001,50,42,9,1
100,1,0.5,0.2,0.001,50,43,15,1
100,1,0.5,0.2,0.001,50,44,9,1
100,1,0.5,0.2,0.001,50,45,15,1
100,1,0.5,0.2,0.001,50,46,9,1
100,1,0.5,0.2,0.001,50,47,15,1
100,1,0.5,0.2,0.001,50,48,9,1
100,1,0.5,0.2,0.001,50,49,9,1
100,1,0.5,0.2,0.001,50,50,15,1
10,1.5,0.5,0.2,0.001,50,1,57,1
10,1.5,0.5,0.2,0.001,50,2,57,1
10,1.5,0.5,0.2,0.001,50,3,57,1
10,1.5,0.5,0.2,0.001,50,4,88,1
10,1.5,0.5,0.2,0.001,50,5,139,1
10,1.5,0.5,0.2,0.001,50,6,57,1
10,1.5,0.5,0.2,0.001,50,7,57,1
10,1.5,0.5,0.2,0.001,50,8,88,1
10,1.5,0.5,0.2,0.001,50,9,57,1
10,1.5,0.5,0.2,0.001,50,10,88,1
10,1.5,0.5,0.2,0.001,50,11,139,1
10,1.5,0.5,0.2,0.001,50,12,88,1
10,1.5,0.5,0.2,0.001,50,13,88,1
10,1.5,0.5,0.2,0.001,50,14,36,1
10,1.5,0.5,0.2,0.001,50,15,57,1
10,1.5,0.5,0.2,0.001,50,16,88,1
10,1.5,0.5,0.2,0.001,50,17,88,1
10,1.5,0.5,0.2,0.001,50,18,57,1
10,1.5,0.5,0.2,0.001,50,19,23,1
10,1.5,0.5,0.2,0.001,50,20,217,1
10,1.5,0.5,0.2,0.001,50,21,88,1
10,1.5,0.5,0.2,0.001,50,22,57,1
10,1.5,0.5,0.2,0.001,50,23,57,1
10,1.5,0.5,0.2,0.001,50,24,57,1
10,1.5,0.5,0.2,0.001,50,25,88,1
10,1.5,0.5,0.2,0.001,50,26,57,1
10,1.5,0.5,0.2,0.001,50,27,88,1
10,1.5,0.5,0.2,0.001,50,28,57,1
10,1.5,0.5,0.2,0.001,50,29,57,1
10,1.5,0.5,0.2,0.001,50,30,139,1
10,1.5,0.5,0.2,0.001,50,31,57,1
10,1.5,0.5,0.2,0.001,50,32,88,1
10,1.5,0.5,0.2,0.001,50,33,57,1
10,1.5,0.5,0.2,0.001,50,34,88,1
10,1.5,0.5,0.2,0.001,50,35,88,1
10,1.5,0.5,0.2,0.001,50,36,57,1
10,1.5,0.5,0.2,0.001,50,37,139,1
10,1.5,0.5,0.2,0.001,50,38,139,1
10,1.5,0.5,0.2,0.001,50,39,23,1
10,1.5,0.5,0.2,0.001,50,40,57,1
10,1.5,0.5,0.2,0.001,50,41,57,1
10,1.5,0.5,0.2,0.001,50,42,36,1
10,1.5,0.5,0.2,0.001,50,43,57,1
10,1.5,0.5,0.2,0.001,50,44,57,1
10,1.5,0.5,0.2,0.001,50,45,36,1
10,1.5,0.5,0.2,0.001,50,46,88,1
10,1.5,0.5,0.2,0.001,50,47,139,1
10,1.5,0.5,0.2,0.001,50,48,88,1
10,1.5,0.5,0.2,0.001,50,49,57,1
10,1.5,0.5,0.2,0.001,50,50,139,1
30,1.5,0.5,0.2,0.001,50,1,23,1
30,1.5,0.5,0.2,0.001,50,2,23,1
30,1.5,0.5,0.2,0.001,50,3,23,1
30,1.5,0.5,0.2,0.001,50,4,23,1
30,1.5,0.5,0.2,0.001,50,5,9,1
30,1.5,0.5,0.2,0.001,50,6,15,1
30,1.5,0.5,0.2,0.001,50,7,23,1
30,1.5,0.5,0.2,0.001,50,8,23,1
30,1.5,0.5,0.2,0.001,50,9,23,1
30,1.5,0.5,0.2,0.001,50,10,23,1
30,1.5,0.5,0.2,0.001,50,11,36,1
30,1.5,0.5,0.2,0.001,50,12,23,1
30,1.5,0.5,0.2,0.001,50,13,23,1
30,1.5,0.5,0.2,0.001,50,14,23,1
30,1.5,0.5,0.2,0.001,50,15,15,1
30,1.5,0.5,0.2,0.001,50,16,23,1
30,1.5,0.5,0.2,0.001,50,17,23,1
30,1.5,0.5,0.2,0.001,50,18,36,1
30,1.5,0.5,0.2,0.001,50,19,23,1
30,1.5,0.5,0.2,0.001,50,20,36,1
30,1.5,0.5,0.2,0.001,50,21,15,1
30,1.5,0.5,0.2,0.001,50,22,15,1
30,1.5,0.5,0.2,0.001,50,23,23,1
30,1.5,0.5,0.2,0.001,50,24,23,1
30,1.5,0.5,0.2,0.001,50,25,23,1
30,1.5,0.5,0.2,0.001,50,26,15,1
30,1.5,0.5,0.2,0.001,50,27,23,1
30,1.5,0.5,0.2,0.001,50,28,23,1
30,1.5,0.5,0.2,0.001,50,29,36,1
30,1.5,0.5,0.2,0.001,50,30,23,1
30,1.5,0.5,0.2,0.001,50,31,23,1
30,1.5,0.5,0.2,0.001,50,32,23,1
30,1.5,0.5,0.2,0.001,50,33,23,1
30,1.5,0.5,0.2,0.001,50,34,36,1
30,1.5,0.5,0.2,0.001,50,35,23,1
30,1.5,0.5,0.2,0.001,50,36,23,1
30,1.5,0.5,0.2,0.001,50,37,23,1
30,1.5,0.5,0.2,0.001,50,38,23,1
30,1.5,0.5,0.2,0.001,50,39,15,1
30,1.5,0.5,0.2,0.001,50,40,23,1
30,1.5,0.5,0.2,0.001,50,41,6,1
30,1.5,0.5,0.2,0.001,50,42,15,1
30,1.5,0.5,0.2,0.001,50,43,23,1
30,1.5,0.5,0.2,0.001,50,44,23,1
30,1.5,0.5,0.2,0.001,50,45,23,1
30,1.5,0.5,0.2,0.001,50,46,23,1
30,1.5,0.5,0.2,0.001,50,47,36,1
30,1.5,0.5,0.2,0.001,50,48,23,1
30,1.5,0.5,0.2,0.001,50,49,23,1
30,1.5,0.5,0.2,0.001,50,50,23,1
60,1.5,0.5,0.2,0.001,50,1,15,1
60,1.5,0.5,0.2,0.001,50,2,15,1
60,1.5,0.5,0.2,0.001,50,3,15,1
60,1.5,0.5,0.2,0.001,50,4,23,1
60,1.5,0.5,0.2,0.001,50,5,15,1
60,1.5,0.5,0.2,0.001,50,6,15,1
60,1.5,0.5,0.2,0.001,50,7,36,1
60,1.5,0.5,0.2,0.001,50,8,9,1
60,1.5,0.5,0.2,0.001,50,9,9,1
60,1.5,0.5,0.2,0.001,50,10,23,1
60,1.5,0.5,0.2,0.001,50,11,23,1
60,1.5,0.5,0.2,0.001,50,12,15,1
60,1.5,0.5,0.2,0.001,50,13,15,1
60,1.5,0.5,0.2,0.001,50,14,15,1
60,1.5,0.5,0.2,0.001,50,15,15,1
60,1.5,0.5,0.2,0.001,50,16,23,1
60,1.5,0.5,0.2,0.001,50,17,15,1
60,1.5,0.5,0.2,0.001,50,18,23,1
60,1.5,0.5,0.2,0.001,50,19,15,1
60,1.5,0.5,0.2,0.001,50,20,23,1
60,1.5,0.5,0.2,0.001,50,21,15,1
60,1.5,0.5,0.2,0.001,50,22,15,1
60,1.5,0.5,0.2,0.001,50,23,23,1
60,1.5,0.5,0.2,0.001,50,24,15,1
60,1.5,0.5,0.2,0.001,50,25,15,1
60,1.5,0.5,0.2,0.001,50,26,15,1
60,1.5,0.5,0.2,0.001,50,27,23,1
60,1.5,0.5,0.2,0.001,50,28,15,1
60,1.5,0.5,0.2,0.001,50,29,15,1
60,1.5,0.5,0.2,0.001,50,30,15,1
60,1.5,0.5,0.2,0.001,50,31,15,1
60,1.5,0.5,0.2,0.001,50,32,15,1
60,1.5,0.5,0.2,0.001,50,33,23,1
60,1.5,0.5,0.2,0.001,50,34,23,1
60,1.5,0.5,0.2,0.001,50,35,15,1
60,1.5,0.5,0.2,0.001,50,36,15,1
60,1.5,0.5,0.2,0.001,50,37,23,1
60,1.5,0.5,0.2,0.001,50,38,23,1
60,1.5,0.5,0.2,0.001,50,39,23,1
60,1.5,0.5,0.2,0.001,50,40,15,1
60,1.5,0.5,0.2,0.001,50,41,15,1
60,1.5,0.5,0.2,0.001,50,42,15,1
60,1.5,0.5,0.2,0.001,50,43,23,1
60,1.5,0.5,0.2,0.001,50,44,15,1
60,1.5,0.5,0.2,0.001,50,45,15,1
60,1.5,0.5,0.2,0.001,50,46,23,1
60,1.5,0.5,0.2,0.001,50,47,23,1
60,1.5,0.5,0.2,0.001,50,48,15,1
60,1.5,0.5,0.2,0.001,50,49,15,1
60,1.5,0.5,0.2,0.001,50,50,15,1
100,1.5,0.5,0.2,0.001,50,1,15,1
100,1.5,0.5,0.2,0.001,50,2,15,1
100,1.5,0.5,0.2,0.001,50,3,15,1
100,1.5,0.5,0.2,0.001,50,4,23,1
100,1.5,0.5,0.2,0.001,50,5,15,1
100,1.5,0.5,0.2,0.001,50,6,15,1
100,1.5,0.5,0.2,0.001,50,7,23,1
100,1.5,0.5,0.2,0.001,50,8,15,1
100,1.5,0.5,0.2,0.001,50,9,9,1
100,1.5,0.5,0.2,0.001,50,10,4,1
100,1.5,0.5,0.2,0.001,50,11,15,1
100,1.5,0.5,0.2,0.001,50,12,15,1
100,1.5,0.5,0.2,0.001,50,13,15,1
100,1.5,0.5,0.2,0.001,50,14,15,1
100,1.5,0.5,0.2,0.001,50,15,15,1
100,1.5,0.5,0.2,0.001,50,16,15,1
100,1.5,0.5,0.2,0.001,50,17,15,1
100,1.5,0.5,0.2,0.001,50,18,15,1
100,1.5,0.5,0.2,0.001,50,19,15,1
100,1.5,0.5,0.2,0.001,50,20,23,1
100,1.5,0.5,0.2,0.001,50,21,15,1
100,1.5,0.5,0.2,0.001,50,22,15,1
100,1.5,0.5,0.2,0.001,50,23,15,1
100,1.5,0.5,0.2,0.001,50,24,15,1
100,1.5,0.5,0.2,0.001,50,25,23,1
100,1.5,0.5,0.2,0.001,50,26,15,1
100,1.5,0.5,0.2,0.001,50,27,23,1
100,1.5,0.5,0.2,0.001,50,28,15,1
100,1.5,0.5,0.2,0.001,50,29,23,1
100,1.5,0.5,0.2,0.001,50,30,9,1
100,1.5,0.5,0.2,0.001,50,31,15,1
100,1.5,0.5,0.2,0.001,50,32,15,1
100,1.5,0.5,0.2,0.001,50,33,15,1
100,1.5,0.5,0.2,0.001,50,34,15,1
100,1.5,0.5,0.2,0.001,50,35,15,1
100,1.5,0.5,0.2,0.001,50,36,15,1
100,1.5,0.5,0.2,0.001,50,37,15,1
100,1.5,0.5,0.2,0.001,50,38,15,1
100,1.5,0.5,0.2,0.001,50,39,15,1
100,1.5,0.5,0.2,0.001,50,40,15,1
100,1.5,0.5,0.2,0.001,50,41,15,1
100,1.5,0.5,0.2,0.001,50,42,6,1
100,1.5,0.5,0.2,0.001,50,43,15,1
100,1.5,0.5,0.2,0.001,50,44,15,1
100,1.5,0.5,0.2,0.001,50,45,15,1
100,1.5,0.5,0.2,0.001,50,46,15,1
100,1.5,0.5,0.2,0.001,50,47,15,1
100,1.5,0.5,0.2,0.001,50,48,15,1
100,1.5,0.5,0.2,0.001,50,49,15,1
100,1.5,0.5,0.2,0.001,50,50,15,1
10,0.5,0.6,0.2,0.001,50,1,36,1
10,0.5,0.6,0.2,0.001,50,2,23,1
10,0.5,0.6,0.2,0.001,50,3,23,1
10,0.5,0.6,0.2,0.001,50,4,23,1
10,0.5,0.6,0.2,0.001,50,5,23,1
10,0.5,0.6,0.2,0.001,50,6,23,1
10,0.5,0.6,0.2,0.001,50,7,36,1
10,0.5,0.6,0.2,0.001,50,8,36,1
10,0.5,0.6,0.2,0.001,50,9,23,1
10,0.5,0.6,0.2,0.001,50,10,23,1
10,0.5,0.6,0.2,0.001,50,11,23,1
10,0.5,0.6,0.2,0.001,50,12,23,1
10,0.5,0.6,0.2,0.001,50,13,57,1
10,0.5,0.6,0.2,0.001,50,14,23,1
10,0.5,0.6,0.2,0.001,50,15,23,1
10,0.5,0.6,0.2,0.001,50,16,36,1
10,0.5,0.6,0.2,0.001,50,17,23,1
10,0.5,0.6,0.2,0.001,50,18,36,1
10,0.5,0.6,0.2,0.001,50,19,23,1
10,0.5,0.6,0.2,0.001,50,20,36,1
10,0.5,0.6,0.2,0.001,50,21,23,1
10,0.5,0.6,0.2,0.001,50,22,23,1
10,0.5,0.6,0.2,0.001,50,23,15,1
10,0.5,0.6,0.2,0.001,50,24,23,1
10,0.5,0.6,0.2,0.001,50,25,15,1
10,0.5,0.6,0.2,0.001,50,26,36,1
10,0.5,0.6,0.2,0.001,50,27,23,1
10,0.5,0.6,0.2,0.001,50,28,36,1
10,0.5,0.6,0.2,0.001,50,29,36,1
10,0.5,0.6,0.2,0.001,50,30,36,1
10,0.5,0.6,0.2,0.001,50,31,23,1
10,0.5,0.6,0.2,0.001,50,32,36,1
10,0.5,0.6,0.2,0.001,50,33,36,1
10,0.5,0.6,0.2,0.001,50,34,36,1
10,0.5,0.6,0.2,0.001,50,35,23,1
10,0.5,0.6,0.2,0.001,50,36,36,1
10,0.5,0.6,0.2,0.001,50,37,57,1
10,0.5,0.6,0.2,0.001,50,38,23,1
10,0.5,0.6,0.2,0.001,50,39,23,1
10,0.5,0.6,0.2,0.001,50,40,36,1
10,0.5,0.6,0.2,0.001,50,41,36,1
10,0.5,0.6,0.2,0.001,50,42,36,1
10,0.5,0.6,0.2,0.001,50,43,23,1
10,0.5,0.6,0.2,0.001,50,44,36,1
10,0.5,0.6,0.2,0.001,50,45,23,1
10,0.5,0.6,0.2,0.001,50,46,36,1
10,0.5,0.6,0.2,0.001,50,47,15,1
10,0.5,0.6,0.2,0.001,50,48,23,1
10,0.5,0.6,0.2,0.001,50,49,36,1
10,0.5,0.6,0.2,0.001,50,50,23,1
30,0.5,0.6,0.2,0.001,50,1,9,1
30,0.5,0.6,0.2,0.001,50,2,15,1
30,0.5,0.6,0.2,0.001,50,3,15,1
30,0.5,0.6,0.2,0.001,50,4,9,1
30,0.5,0.6,0.2,0.001,50,5,9,1
30,0.5,0.6,0.2,0.001,50,6,9,1
30,0.5,0.6,0.2,0.001,50,7,15,1
30,0.5,0.6,0.2,0.001,50,8,15,1
30,0.5,0.6,0.2,0.001,50,9,15,1
30,0.5,0.6,0.2,0.001,50,10,15,1
30,0.5,0.6,0.2,0.001,50,11,9,1
30,0.5,0.6,0.2,0.001,50,12,15,1
30,0.5,0.6,0.2,0.001,50,13,15,1
30,0.5,0.6,0.2,0.001,50,14,15,1
30,0.5,0.6,0.2,0.001,50,15,15,1
30,0.5,0.6,0.2,0.001,50,16,15,1
30,0.5,0.6,0.2,0.001,50,17,15,1
30,0.5,0.6,0.2,0.001,50,18,15,1
30,0.5,0.6,0.2,0.001,50,19,15,1
30,0.5,0.6,0.2,0.001,50,20,15,1
30,0.5,0.6,0.2,0.001,50,21,15,1
30,0.5,0.6,0.2,0.001,50,22,15,1
30,0.5,0.6,0.2,0.001,50,23,15,1
30,0.5,0.6,0.2,0.001,50,24,9,1
30,0.5,0.6,0.2,0.001,50,25,9,1
30,0.5,0.6,0.2,0.001,50,26,15,1
30,0.5,0.6,0.2,0.001,50,27,9,1
30,0.5,0.6,0.2,0.001,50,28,15,1
30,0.5,0.6,0.2,0.001,50,29,15,1
30,0.5,0.6,0.2,0.001,50,30,15,1
30,0.5,0.6,0.2,0.001,50,31,15,1
30,0.5,0.6,0.2,0.001,50,32,15,1
30,0.5,0.6,0.2,0.001,50,33,15,1
30,0.5,0.6,0.2,0.001,50,34,15,1
30,0.5,0.6,0.2,0.001,50,35,15,1
30,0.5,0.6,0.2,0.001,50,36,15,1
30,0.5,0.6,0.2,0.001,50,37,15,1
30,0.5,0.6,0.2,0.001,50,38,15,1
30,0.5,0.6,0.2,0.001,50,39,15,1
30,0.5,0.6,0.2,0.001,50,40,15,1
30,0.5,0.6,0.2,0.001,50,41,15,1
30,0.5,0.6,0.2,0.001,50,42,15,1
30,0.5,0.6,0.2,0.001,50,43,15,1
30,0.5,0.6,0.2,0.001,50,44,15,1
30,0.5,0.6,0.2,0.001,50,45,15,1
30,0.5,0.6,0.2,0.001,50,46,15,1
30,0.5,0.6,0.2,0.001,50,47,15,1
30,0.5,0.6,0.2,0.001,50,48,9,1
30,0.5,0.6,0.2,0.001,50,49,15,1
30,0.5,0.6,0.2,0.001,50,50,15,1
60,0.5,0.6,0.2,0.001,50,1,9,1
60,0.5,0.6,0.2,0.001,50,2,9,1
60,0.5,0.6,0.2,0.001,50,3,9,1
60,0.5,0.6,0.2,0.001,50,4,6,1
60,0.5,0.6,0.2,0.001,50,5,9,1
60,0.5,0.6,0.2,0.001,50,6,9,1
60,0.5,0.6,0.2,0.001,50,7,15,1
60,0.5,0.6,0.2,0.001,50,8,9,1
60,0.5,0.6,0.2,0.001,50,9,15,1
60,0.5,0.6,0.2,0.001,50,10,9,1
60,0.5,0.6,0.2,0.001,50,11,6,1
60,0.5,0.6,0.2,0.001,50,12,9,1
60,0.5,0.6,0.2,0.001,50,13,9,1
60,0.5,0.6,0.2,0.001,50,14,9,1
60,0.5,0.6,0.2,0.001,50,15,9,1
60,0.5,0.6,0.2,0.001,50,16,9,1
60,0.5,0.6,0.2,0.001,50,17,9,1
60,0.5,0.6,0.2,0.001,50,18,9,1
60,0.5,0.6,0.2,0.001,50,19,9,1
60,0.5,0.6,0.2,0.001,50,20,9,1
60,0.5,0.6,0.2,0.001,50,21,6,1
60,0.5,0.6,0.2,0.001,50,22,15,1
60,0.5,0.6,0.2,0.001,50,23,9,1
60,0.5,0.6,0.2,0.001,50,24,15,1
60,0.5,0.6,0.2,0.001,50,25,9,1
60,0.5,0.6,0.2,0.001,50,26,9,1
60,0.5,0.6,0.2,0.001,50,27,9,1
60,0.5,0.6,0.2,0.001,50,28,15,1
60,0.5,0.6,0.2,0.001,50,29,6,1
60,0.5,0.6,0.2,0.001,50,30,9,1
60,0.5,0.6,0.2,0.001,50,31,9,1
60,0.5,0.6,0.2,0.001,50,32,9,1
60,0.5,0.6,0.2,0.001,50,33,15,1
60,0.5,0.6,0.2,0.001,50,34,9,1
60,0.5,0.6,0.2,0.001,50,35,9,1
60,0.5,0.6,0.2,0.001,50,36,9,1
60,0.5,0.6,0.2,0.001,50,37,9,1
60,0.5,0.6,0.2,0.001,50,38,9,1
60,0.5,0.6,0.2,0.001,50,39,15,1
60,0.5,0.6,0.2,0.001,50,40,9,1
60,0.5,0.6,0.2,0.001,50,41,9,1
60,0.5,0.6,0.2,0.001,50,42,6,1
60,0.5,0.6,0.2,0.001,50,43,15,1
60,0.5,0.6,0.2,0.001,50,44,9,1
60,0.5,0.6,0.2,0.001,50,45,9,1
60,0.5,0.6,0.2,0.001,50,46,9,1
60,0.5,0.6,0.2,0.001,50,47,9,1
60,0.5,0.6,0.2,0.001,50,48,9,1
60,0.5,0.6,0.2,0.001,50,49,15,1
60,0.5,0.6,0.2,0.001,50,50,9,1
100,0.5,0.6,0.2,0.001,50,1,6,1
100,0.5,0.6,0.2,0.001,50,2,9,1
100,0.5,0.6,0.2,0.001,50,3,9,1
100,0.5,0.6,0.2,0.001,50,4,4,1
100,0.5,0.6,0.2,0.001,50,5,9,1
100,0.5,0.6,0.2,0.001,50,6,9,1
100,0.5,0.6,0.2,0.001,50,7,9,1
100,0.5,0.6,0.2,0.001,50,8,9,1
100,0.5,0.6,0.2,0.001,50,9,9,1
100,0.5,0.6,0.2,0.001,50,10,9,1
100,0.5,0.6,0.2,0.001,50,11,6,1
100,0.5,0.6,0.2,0.001,50,12,9,1
100,0.5,0.6,0.2,0.001,50,13,9,1
100,0.5,0.6,0.2,0.001,50,14,9,1
100,0.5,0.6,0.2,0.001,50,15,9,1
100,0.5,0.6,0.2,0.001,50,16,6,1
100,0.5,0.6,0.2,0.001,50,17,9,1
100,0.5,0.6,0.2,0.001,50,18,9,1
100,0.5,0.6,0.2,0.001,50,19,9,1
100,0.5,0.6,0.2,0.001,50,20,9,1
100,0.5,0.6,0.2,0.001,50,21,6,1
100,0.5,0.6,0.2,0.001,50,22,9,1
100,0.5,0.6,0.2,0.001,50,23,6,1
100,0.5,0.6,0.2,0.001,50,24,9,1
100,0.5,0.6,0.2,0.001,50,25,9,1
100,0.5,0.6,0.2,0.001,50,26,9,1
100,0.5,0.6,0.2,0.001,50,27,9,1
100,0.5,0.6,0.2,0.001,50,28,9,1
100,0.5,0.6,0.2,0.001,50,29,9,1
100,0.5,0.6,0.2,0.001,50,30,9,1
100,0.5,0.6,0.2,0.001,50,31,9,1
100,0.5,0.6,0.2,0.001,50,32,6,1
100,0.5,0.6,0.2,0.001,50,33,9,1
100,0.5,0.6,0.2,0.001,50,34,9,1
100,0.5,0.6,0.2,0.001,50,35,6,1
100,0.5,0.6,0.2,0.001,50,36,9,1
100,0.5,0.6,0.2,0.001,50,37,9,1
100,0.5,0.6,0.2,0.001,50,38,6,1
100,0.5,0.6,0.2,0.001,50,39,9,1
100,0.5,0.6,0.2,0.001,50,40,9,1
100,0.5,0.6,0.2,0.001,50,41,9,1
100,0.5,0.6,0.2,0.001,50,42,9,1
100,0.5,0.6,0.2,0.001,50,43,9,1
100,0.5,0.6,0.2,0.001,50,44,9,1
100,0.5,0.6,0.2,0.001,50,45,9,1
100,0.5,0.6,0.2,0.001,50,46,9,1
100,0.5,0.6,0.2,0.001,50,47,6,1
100,0.5,0.6,0.2,0.001,50,48,9,1
100,0.5,0.6,0.2,0.001,50,49,9,1
100,0.5,0.6,0.2,0.001,50,50,9,1
10,1,0.6,0.2,0.001,50,1,36,1
10,1,0.6,0.2,0.001,50,2,36,1
10,1,0.6,0.2,0.001,50,3,36,1
10,1,0.6,0.2,0.001,50,4,36,1
10,1,0.6,0.2,0.001,50,5,36,1
10,1,0.6,0.2,0.001,50,6,36,1
10,1,0.6,0.2,0.001,50,7,36,1
10,1,0.6,0.2,0.001,50,8,36,1
10,1,0.6,0.2,0.001,50,9,36,1
10,1,0.6,0.2,0.001,50,10,36,1
10,1,0.6,0.2,0.001,50,11,36,1
10,1,0.6,0.2,0.001,50,12,23,1
10,1,0.6,0.2,0.001,50,13,36,1
10,1,0.6,0.2,0.001,50,14,36,1
10,1,0.6,0.2,0.001,50,15,23,1
10,1,0.6,0.2,0.001,50,16,36,1
10,1,0.6,0.2,0.001,50,17,36,1
10,1,0.6,0.2,0.001,50,18,36,1
10,1,0.6,0.2,0.001,50,19,23,1
10,1,0.6,0.2,0.001,50,20,23,1
10,1,0.6,0.2,0.001,50,21,23,1
10,1,0.6,0.2,0.001,50,22,23,1
10,1,0.6,0.2,0.001,50,23,36,1
10,1,0.6,0.2,0.001,50,24,23,1
10,1,0.6,0.2,0.001,50,25,36,1
10,1,0.6,0.2,0.001,50,26,36,1
10,1,0.6,0.2,0.001,50,27,23,1
10,1,0.6,0.2,0.001,50,28,15,1
10,1,0.6,0.2,0.001,50,29,36,1
10,1,0.6,0.2,0.001,50,30,57,1
10,1,0.6,0.2,0.001,50,31,36,1
10,1,0.6,0.2,0.001,50,32,57,1
10,1,0.6,0.2,0.001,50,33,36,1
10,1,0.6,0.2,0.001,50,34,36,1
10,1,0.6,0.2,0.001,50,35,23,1
10,1,0.6,0.2,0.001,50,36,36,1
10,1,0.6,0.2,0.001,50,37,57,1
10,1,0.6,0.2,0.001,50,38,36,1
10,1,0.6,0.2,0.001,50,39,36,1
10,1,0.6,0.2,0.001,50,40,36,1
10,1,0.6,0.2,0.001,50,41,36,1
10,1,0.6,0.2,0.001,50,42,36,1
10,1,0.6,0.2,0.001,50,43,36,1
10,1,0.6,0.2,0.001,50,44,36,1
10,1,0.6,0.2,0.001,50,45,36,1
10,1,0.6,0.2,0.001,50,46,23,1
10,1,0.6,0.2,0.001,50,47,23,1
10,1,0.6,0.2,0.001,50,48,23,1
10,1,0.6,0.2,0.001,50,49,36,1
10,1,0.6,0.2,0.001,50,50,36,1
30,1,0.6,0.2,0.001,50,1,15,1
30,1,0.6,0.2,0.001,50,2,15,1
30,1,0.6,0.2,0.001,50,3,15,1
30,1,0.6,0.2,0.001,50,4,9,1
30,1,0.6,0.2,0.001,50,5,15,1
30,1,0.6,0.2,0.001,50,6,15,1
30,1,0.6,0.2,0.001,50,7,15,1
30,1,0.6,0.2,0.001,50,8,15,1
30,1,0.6,0.2,0.001,50,9,15,1
30,1,0.6,0.2,0.001,50,10,15,1
30,1,0.6,0.2,0.001,50,11,15,1
30,1,0.6,0.2,0.001,50,12,15,1
30,1,0.6,0.2,0.001,50,13,15,1
30,1,0.6,0.2,0.001,50,14,15,1
30,1,0.6,0.2,0.001,50,15,15,1
30,1,0.6,0.2,0.001,50,16,6,1
30,1,0.6,0.2,0.001,50,17,9,1
30,1,0.6,0.2,0.001,50,18,15,1
30,1,0.6,0.2,0.001,50,19,15,1
30,1,0.6,0.2,0.001,50,20,15,1
30,1,0.6,0.2,0.001,50,21,15,1
30,1,0.6,0.2,0.001,50,22,15,1
30,1,0.6,0.2,0.001,50,23,15,1
30,1,0.6,0.2,0.001,50,24,9,1
30,1,0.6,0.2,0.001,50,25,15,1
30,1,0.6,0.2,0.001,50,26,9,1
30,1,0.6,0.2,0.001,50,27,15,1
30,1,0.6,0.2,0.001,50,28,15,1
30,1,0.6,0.2,0.001,50,29,23,1
30,1,0.6,0.2,0.001,50,30,15,1
30,1,0.6,0.2,0.001,50,31,15,1
30,1,0.6,0.2,0.001,50,32,9,1
30,1,0.6,0.2,0.001,50,33,15,1
30,1,0.6,0.2,0.001,50,34,15,1
30,1,0.6,0.2,0.001,50,35,15,1
30,1,0.6,0.2,0.001,50,36,15,1
30,1,0.6,0.2,0.001,50,37,15,1
30,1,0.6,0.2,0.001,50,38,15,1
30,1,0.6,0.2,0.001,50,39,9,1
30,1,0.6,0.2,0.001,50,40,15,1
30,1,0.6,0.2,0.001,50,41,15,1
30,1,0.6,0.2,0.001,50,42,6,1
30,1,0.6,0.2,0.001,50,43,15,1
30,1,0.6,0.2,0.001,50,44,15,1
30,1,0.6,0.2,0.001,50,45,15,1
30,1,0.6,0.2,0.001,50,46,15,1
30,1,0.6,0.2,0.001,50,47,9,1
30,1,0.6,0.2,0.001,50,48,15,1
30,1,0.6,0.2,0.001,50,49,15,1
30,1,0.6,0.2,0.001,50,50,15,1
60,1,0.6,0.2,0.001,50,1,15,1
60,1,0.6,0.2,0.001,50,2,9,1
60,1,0.6,0.2,0.001,50,3,6,1
60,1,0.6,0.2,0.001,50,4,6,1
60,1,0.6,0.2,0.001,50,5,9,1
60,1,0.6,0.2,0.001,50,6,9,1
60,1,0.6,0.2,0.001,50,7,15,1
60,1,0.6,0.2,0.001,50,8,4,1
60,1,0.6,0.2,0.001,50,9,15,1
60,1,0.6,0.2,0.001,50,10,9,1
60,1,0.6,0.2,0.001,50,11,9,1
60,1,0.6,0.2,0.001,50,12,9,1
60,1,0.6,0.2,0.001,50,13,9,1
60,1,0.6,0.2,0.001,50,14,15,1
60,1,0.6,0.2,0.001,50,15,15,1
60,1,0.6,0.2,0.001,50,16,15,1
60,1,0.6,0.2,0.001,50,17,9,1
60,1,0.6,0.2,0.001,50,18,15,1
60,1,0.6,0.2,0.001,50,19,9,1
60,1,0.6,0.2,0.001,50,20,15,1
60,1,0.6,0.2,0.001,50,21,9,1
60,1,0.6,0.2,0.001,50,22,15,1
60,1,0.6,0.2,0.001,50,23,15,1
60,1,0.6,0.2,0.001,50,24,15,1
60,1,0.6,0.2,0.001,50,25,9,1
60,1,0.6,0.2,0.001,50,26,9,1
60,1,0.6,0.2,0.001,50,27,15,1
60,1,0.6,0.2,0.001,50,28,15,1
60,1,0.6,0.2,0.001,50,29,15,1
60,1,0.6,0.2,0.001,50,30,15,1
60,1,0.6,0.2,0.001,50,31,9,1
60,1,0.6,0.2,0.001,50,32,9,1
60,1,0.6,0.2,0.001,50,33,15,1
60,1,0.6,0.2,0.001,50,34,15,1
60,1,0.6,0.2,0.001,50,35,9,1
60,1,0.6,0.2,0.001,50,36,6,1
60,1,0.6,0.2,0.001,50,37,15,1
60,1,0.6,0.2,0.001,50,38,9,1
60,1,0.6,0.2,0.001,50,39,9,1
60,1,0.6,0.2,0.001,50,40,9,1
60,1,0.6,0.2,0.001,50,41,15,1
60,1,0.6,0.2,0.001,50,42,6,1
60,1,0.6,0.2,0.001,50,43,15,1
60,1,0.6,0.2,0.001,50,44,15,1
60,1,0.6,0.2,0.001,50,45,15,1
60,1,0.6,0.2,0.001,50,46,15,1
60,1,0.6,0.2,0.001,50,47,9,1
60,1,0.6,0.2,0.001,50,48,9,1
60,1,0.6,0.2,0.001,50,49,15,1
60,1,0.6,0.2,0.001,50,50,15,1
100,1,0.6,0.2,0.001,50,1,6,1
100,1,0.6,0.2,0.001,50,2,9,1
100,1,0.6,0.2,0.001,50,3,15,1
100,1,0.6,0.2,0.001,50,4,9,1
100,1,0.6,0.2,0.001,50,5,9,1
100,1,0.6,0.2,0.001,50,6,15,1
100,1,0.6,0.2,0.001,50,7,9,1
100,1,0.6,0.2,0.001,50,8,6,1
100,1,0.6,0.2,0.001,50,9,15,1
100,1,0.6,0.2,0.001,50,10,9,1
100,1,0.6,0.2,0.001,50,11,9,1
100,1,0.6,0.2,0.001,50,12,9,1
100,1,0.6,0.2,0.001,50,13,9,1
100,1,0.6,0.2,0.001,50,14,9,1
100,1,0.6,0.2,0.001,50,15,9,1
100,1,0.6,0.2,0.001,50,16,9,1
100,1,0.6,0.2,0.001,50,17,9,1
100,1,0.6,0.2,0.001,50,18,9,1
100,1,0.6,0.2,0.001,50,19,9,1
100,1,0.6,0.2,0.001,50,20,9,1
100,1,0.6,0.2,0.001,50,21,9,1
100,1,0.6,0.2,0.001,50,22,9,1
100,1,0.6,0.2,0.001,50,23,9,1
100,1,0.6,0.2,0.001,50,24,15,1
100,1,0.6,0.2,0.001,50,25,9,1
100,1,0.6,0.2,0.001,50,26,9,1
100,1,0.6,0.2,0.001,50,27,9,1
100,1,0.6,0.2,0.001,50,28,9,1
100,1,0.6,0.2,0.001,50,29,15,1
100,1,0.6,0.2,0.001,50,30,9,1
100,1,0.6,0.2,0.001,50,31,9,1
100,1,0.6,0.2,0.001,50,32,9,1
100,1,0.6,0.2,0.001,50,33,15,1
100,1,0.6,0.2,0.001,50,34,9,1
100,1,0.6,0.2,0.001,50,35,9,1
100,1,0.6,0.2,0.001,50,36,9,1
100,1,0.6,0.2,0.001,50,37,15,1
100,1,0.6,0.2,0.001,50,38,9,1
100,1,0.6,0.2,0.001,50,39,15,1
100,1,0.6,0.2,0.001,50,40,15,1
100,1,0.6,0.2,0.001,50,41,15,1
100,1,0.6,0.2,0.001,50,42,6,1
100,1,0.6,0.2,0.001,50,43,15,1
100,1,0.6,0.2,0.001,50,44,9,1
100,1,0.6,0.2,0.001,50,45,9,1
100,1,0.6,0.2,0.001,50,46,9,1
100,1,0.6,0.2,0.001,50,47,9,1
100,1,0.6,0.2,0.001,50,48,9,1
100,1,0.6,0.2,0.001,50,49,15,1
100,1,0.6,0.2,0.001,50,50,9,1
10,1.5,0.6,0.2,0.001,50,1,57,1
10,1.5,0.6,0.2,0.001,50,2,36,1
10,1.5,0.6,0.2,0.001,50,3,36,1
10,1.5,0.6,0.2,0.001,50,4,36,1
10,1.5,0.6,0.2,0.001,50,5,88,1
10,1.5,0.6,0.2,0.001,50,6,57,1
10,1.5,0.6,0.2,0.001,50,7,36,1
10,1.5,0.6,0.2,0.001,50,8,57,1
10,1.5,0.6,0.2,0.001,50,9,36,1
10,1.5,0.6,0.2,0.001,50,10,36,1
10,1.5,0.6,0.2,0.001,50,11,36,1
10,1.5,0.6,0.2,0.001,50,12,36,1
10,1.5,0.6,0.2,0.001,50,13,57,1
10,1.5,0.6,0.2,0.001,50,14,36,1
10,1.5,0.6,0.2,0.001,50,15,57,1
10,1.5,0.6,0.2,0.001,50,16,57,1
10,1.5,0.6,0.2,0.001,50,17,23,1
10,1.5,0.6,0.2,0.001,50,18,57,1
10,1.5,0.6,0.2,0.001,50,19,36,1
10,1.5,0.6,0.2,0.001,50,20,88,1
10,1.5,0.6,0.2,0.001,50,21,36,1
10,1.5,0.6,0.2,0.001,50,22,36,1
10,1.5,0.6,0.2,0.001,50,23,88,1
10,1.5,0.6,0.2,0.001,50,24,23,1
10,1.5,0.6,0.2,0.001,50,25,36,1
10,1.5,0.6,0.2,0.001,50,26,36,1
10,1.5,0.6,0.2,0.001,50,27,57,1
10,1.5,0.6,0.2,0.001,50,28,57,1
10,1.5,0.6,0.2,0.001,50,29,57,1
10,1.5,0.6,0.2,0.001,50,30,57,1
10,1.5,0.6,0.2,0.001,50,31,36,1
10,1.5,0.6,0.2,0.001,50,32,57,1
10,1.5,0.6,0.2,0.001,50,33,57,1
10,1.5,0.6,0.2,0.001,50,34,88,1
10,1.5,0.6,0.2,0.001,50,35,57,1
10,1.5,0.6,0.2,0.001,50,36,57,1
10,1.5,0.6,0.2,0.001,50,37,88,1
10,1.5,0.6,0.2,0.001,50,38,57,1
10,1.5,0.6,0.2,0.001,50,39,23,1
10,1.5,0.6,0.2,0.001,50,40,57,1
10,1.5,0.6,0.2,0.001,50,41,36,1
10,1.5,0.6,0.2,0.001,50,42,57,1
10,1.5,0.6,0.2,0.001,50,43,57,1
10,1.5,0.6,0.2,0.001,50,44,57,1
10,1.5,0.6,0.2,0.001,50,45,36,1
10,1.5,0.6,0.2,0.001,50,46,57,1
10,1.5,0.6,0.2,0.001,50,47,23,1
10,1.5,0.6,0.2,0.001,50,48,36,1
10,1.5,0.6,0.2,0.001,50,49,36,1
10,1.5,0.6,0.2,0.001,50,50,57,1
30,1.5,0.6,0.2,0.001,50,1,15,1
30,1.5,0.6,0.2,0.001,50,2,15,1
30,1.5,0.6,0.2,0.001,50,3,15,1
30,1.5,0.6,0.2,0.001,50,4,15,1
30,1.5,0.6,0.2,0.001,50,5,23,1
30,1.5,0.6,0.2,0.001,50,6,15,1
30,1.5,0.6,0.2,0.001,50,7,15,1
30,1.5,0.6,0.2,0.001,50,8,15,1
30,1.5,0.6,0.2,0.001,50,9,15,1
30,1.5,0.6,0.2,0.001,50,10,15,1
30,1.5,0.6,0.2,0.001,50,11,15,1
30,1.5,0.6,0.2,0.001,50,12,15,1
30,1.5,0.6,0.2,0.001,50,13,23,1
30,1.5,0.6,0.2,0.001,50,14,23,1
30,1.5,0.6,0.2,0.001,50,15,23,1
30,1.5,0.6,0.2,0.001,50,16,23,1
30,1.5,0.6,0.2,0.001,50,17,15,1
30,1.5,0.6,0.2,0.001,50,18,23,1
30,1.5,0.6,0.2,0.001,50,19,15,1
30,1.5,0.6,0.2,0.001,50,20,15,1
30,1.5,0.6,0.2,0.001,50,21,15,1
30,1.5,0.6,0.2,0.001,50,22,15,1
30,1.5,0.6,0.2,0.001,50,23,15,1
30,1.5,0.6,0.2,0.001,50,24,9,1
30,1.5,0.6,0.2,0.001,50,25,15,1
30,1.5,0.6,0.2,0.001,50,26,23,1
30,1.5,0.6,0.2,0.001,50,27,15,1
30,1.5,0.6,0.2,0.001,50,28,15,1
30,1.5,0.6,0.2,0.001,50,29,23,1
30,1.5,0.6,0.2,0.001,50,30,15,1
30,1.5,0.6,0.2,0.001,50,31,15,1
30,1.5,0.6,0.2,0.001,50,32,15,1
30,1.5,0.6,0.2,0.001,50,33,23,1
30,1.5,0.6,0.2,0.001,50,34,23,1
30,1.5,0.6,0.2,0.001,50,35,15,1
30,1.5,0.6,0.2,0.001,50,36,15,1
30,1.5,0.6,0.2,0.001,50,37,15,1
30,1.5,0.6,0.2,0.001,50,38,23,1
30,1.5,0.6,0.2,0.001,50,39,15,1
30,1.5,0.6,0.2,0.001,50,40,23,1
30,1.5,0.6,0.2,0.001,50,41,23,1
30,1.5,0.6,0.2,0.001,50,42,15,1
30,1.5,0.6,0.2,0.001,50,43,23,1
30,1.5,0.6,0.2,0.001,50,44,23,1
30,1.5,0.6,0.2,0.001,50,45,23,1
30,1.5,0.6,0.2,0.001,50,46,15,1
30,1.5,0.6,0.2,0.001,50,47,15,1
30,1.5,0.6,0.2,0.001,50,48,15,1
30,1.5,0.6,0.2,0.001,50,49,23,1
30,1.5,0.6,0.2,0.001,50,50,15,1
60,1.5,0.6,0.2,0.001,50,1,15,1
60,1.5,0.6,0.2,0.001,50,2,15,1
60,1.5,0.6,0.2,0.001,50,3,15,1
60,1.5,0.6,0.2,0.001,50,4,15,1
60,1.5,0.6,0.2,0.001,50,5,15,1
60,1.5,0.6,0.2,0.001,50,6,15,1
60,1.5,0.6,0.2,0.001,50,7,15,1
60,1.5,0.6,0.2,0.001,50,8,15,1
60,1.5,0.6,0.2,0.001,50,9,15,1
60,1.5,0.6,0.2,0.001,50,10,15,1
60,1.5,0.6,0.2,0.001,50,11,15,1
60,1.5,0.6,0.2,0.001,50,12,15,1
60,1.5,0.6,0.2,0.001,50,13,15,1
60,1.5,0.6,0.2,0.001,50,14,15,1
60,1.5,0.6,0.2,0.001,50,15,15,1
60,1.5,0.6,0.2,0.001,50,16,15,1
60,1.5,0.6,0.2,0.001,50,17,15,1
60,1.5,0.6,0.2,0.001,50,18,15,1
60,1.5,0.6,0.2,0.001,50,19,15,1
60,1.5,0.6,0.2,0.001,50,20,15,1
60,1.5,0.6,0.2,0.001,50,21,15,1
60,1.5,0.6,0.2,0.001,50,22,15,1
60,1.5,0.6,0.2,0.001,50,23,15,1
60,1.5,0.6,0.2,0.001,50,24,15,1
60,1.5,0.6,0.2,0.001,50,25,15,1
60,1.5,0.6,0.2,0.001,50,26,15,1
60,1.5,0.6,0.2,0.001,50,27,15,1
60,1.5,0.6,0.2,0.001,50,28,15,1
60,1.5,0.6,0.2,0.001,50,29,15,1
60,1.5,0.6,0.2,0.001,50,30,15,1
60,1.5,0.6,0.2,0.001,50,31,15,1
60,1.5,0.6,0.2,0.001,50,32,15,1
60,1.5,0.6,0.2,0.001,50,33,23,1
60,1.5,0.6,0.2,0.001,50,34,15,1
60,1.5,0.6,0.2,0.001,50,35,15,1
60,1.5,0.6,0.2,0.001,50,36,9,1
60,1.5,0.6,0.2,0.001,50,37,15,1
60,1.5,0.6,0.2,0.001,50,38,15,1
60,1.5,0.6,0.2,0.001,50,39,9,1
60,1.5,0.6,0.2,0.001,50,40,15,1
60,1.5,0.6,0.2,0.001,50,41,15,1
60,1.5,0.6,0.2,0.001,50,42,15,1
60,1.5,0.6,0.2,0.001,50,43,15,1
60,1.5,0.6,0.2,0.001,50,44,15,1
60,1.5,0.6,0.2,0.001,50,45,15,1
60,1.5,0.6,0.2,0.001,50,46,15,1
60,1.5,0.6,0.2,0.001,50,47,15,1
60,1.5,0.6,0.2,0.001,50,48,15,1
60,1.5,0.6,0.2,0.001,50,49,15,1
60,1.5,0.6,0.2,0.001,50,50,6,1
100,1.5,0.6,0.2,0.001,50,1,9,1
100,1.5,0.6,0.2,0.001,50,2,9,1
100,1.5,0.6,0.2,0.001,50,3,15,1
100,1.5,0.6,0.2,0.001,50,4,15,1
100,1.5,0.6,0.2,0.001,50,5,9,1
100,1.5,0.6,0.2,0.001,50,6,15,1
100,1.5,0.6,0.2,0.001,50,7,6,1
100,1.5,0.6,0.2,0.001,50,8,15,1
100,1.5,0.6,0.2,0.001,50,9,15,1
100,1.5,0.6,0.2,0.001,50,10,15,1
100,1.5,0.6,0.2,0.001,50,11,9,1
100,1.5,0.6,0.2,0.001,50,12,15,1
100,1.5,0.6,0.2,0.001,50,13,9,1
100,1.5,0.6,0.2,0.001,50,14,15,1
100,1.5,0.6,0.2,0.001,50,15,15,1
100,1.5,0.6,0.2,0.001,50,16,15,1
100,1.5,0.6,0.2,0.001,50,17,15,1
100,1.5,0.6,0.2,0.001,50,18,15,1
100,1.5,0.6,0.2,0.001,50,19,6,1
100,1.5,0.6,0.2,0.001,50,20,15,1
100,1.5,0.6,0.2,0.001,50,21,9,1
100,1.5,0.6,0.2,0.001,50,22,9,1
100,1.5,0.6,0.2,0.001,50,23,15,1
100,1.5,0.6,0.2,0.001,50,24,15,1
100,1.5,0.6,0.2,0.001,50,25,15,1
100,1.5,0.6,0.2,0.001,50,26,15,1
100,1.5,0.6,0.2,0.001,50,27,9,1
100,1.5,0.6,0.2,0.001,50,28,15,1
100,1.5,0.6,0.2,0.001,50,29,15,1
100,1.5,0.6,0.2,0.001,50,30,9,1
100,1.5,0.6,0.2,0.001,50,31,15,1
100,1.5,0.6,0.2,0.001,50,32,15,1
100,1.5,0.6,0.2,0.001,50,33,15,1
100,1.5,0.6,0.2,0.001,50,34,15,1
100,1.5,0.6,0.2,0.001,50,35,6,1
100,1.5,0.6,0.2,0.001,50,36,15,1
100,1.5,0.6,0.2,0.001,50,37,9,1
100,1.5,0.6,0.2,0.001,50,38,15,1
100,1.5,0.6,0.2,0.001,50,39,15,1
100,1.5,0.6,0.2,0.001,50,40,15,1
100,1.5,0.6,0.2,0.001,50,41,9,1
100,1.5,0.6,0.2,0.001,50,42,15,1
100,1.5,0.6,0.2,0.001,50,43,15,1
100,1.5,0.6,0.2,0.001,50,44,15,1
100,1.5,0.6,0.2,0.001,50,45,9,1
100,1.5,0.6,0.2,0.001,50,46,15,1
100,1.5,0.6,0.2,0.001,50,47,15,1
100,1.5,0.6,0.2,0.001,50,48,9,1
100,1.5,0.6,0.2,0.001,50,49,15,1
100,1.5,0.6,0.2,0.001,50,50,15,1
10,0.5,0.7,0.2,0.001,50,1,23,1
10,0.5,0.7,0.2,0.001,50,2,23,1
10,0.5,0.7,0.2,0.001,50,3,36,1
10,0.5,0.7,0.2,0.001,50,4,15,1
10,0.5,0.7,0.2,0.001,50,5,15,1
10,0.5,0.7,0.2,0.001,50,6,15,1
10,0.5,0.7,0.2,0.001,50,7,36,1
10,0.5,0.7,0.2,0.001,50,8,36,1
10,0.5,0.7,0.2,0.001,50,9,23,1
10,0.5,0.7,0.2,0.001,50,10,23,1
10,0.5,0.7,0.2,0.001,50,11,23,1
10,0.5,0.7,0.2,0.001,50,12,23,1
10,0.5,0.7,0.2,0.001,50,13,36,1
10,0.5,0.7,0.2,0.001,50,14,23,1
10,0.5,0.7,0.2,0.001,50,15,23,1
10,0.5,0.7,0.2,0.001,50,16,23,1
10,0.5,0.7,0.2,0.001,50,17,23,1
10,0.5,0.7,0.2,0.001,50,18,23,1
10,0.5,0.7,0.2,0.001,50,19,23,1
10,0.5,0.7,0.2,0.001,50,20,23,1
10,0.5,0.7,0.2,0.001,50,21,23,1
10,0.5,0.7,0.2,0.001,50,22,23,1
10,0.5,0.7,0.2,0.001,50,23,23,1
10,0.5,0.7,0.2,0.001,50,24,15,1
10,0.5,0.7,0.2,0.001,50,25,23,1
10,0.5,0.7,0.2,0.001,50,26,23,1
10,0.5,0.7,0.2,0.001,50,27,23,1
10,0.5,0.7,0.2,0.001,50,28,36,1
10,0.5,0.7,0.2,0.001,50,29,36,1
10,0.5,0.7,0.2,0.001,50,30,23,1
10,0.5,0.7,0.2,0.001,50,31,23,1
10,0.5,0.7,0.2,0.001,50,32,23,1
10,0.5,0.7,0.2,0.001,50,33,23,1
10,0.5,0.7,0.2,0.001,50,34,36,1
10,0.5,0.7,0.2,0.001,50,35,23,1
10,0.5,0.7,0.2,0.001,50,36,23,1
10,0.5,0.7,0.2,0.001,50,37,23,1
10,0.5,0.7,0.2,0.001,50,38,23,1
10,0.5,0.7,0.2,0.001,50,39,23,1
10,0.5,0.7,0.2,0.001,50,40,23,1
10,0.5,0.7,0.2,0.001,50,41,23,1
10,0.5,0.7,0.2,0.001,50,42,23,1
10,0.5,0.7,0.2,0.001,50,43,23,1
10,0.5,0.7,0.2,0.001,50,44,23,1
10,0.5,0.7,0.2,0.001,50,45,23,1
10,0.5,0.7,0.2,0.001,50,46,36,1
10,0.5,0.7,0.2,0.001,50,47,23,1
10,0.5,0.7,0.2,0.001,50,48,23,1
10,0.5,0.7,0.2,0.001,50,49,23,1
10,0.5,0.7,0.2,0.001,50,50,23,1
30,0.5,0.7,0.2,0.001,50,1,15,1
30,0.5,0.7,0.2,0.001,50,2,15,1
30,0.5,0.7,0.2,0.001,50,3,15,1
30,0.5,0.7,0.2,0.001,50,4,9,1
30,0.5,0.7,0.2,0.001,50,5,15,1
30,0.5,0.7,0.2,0.001,50,6,9,1
30,0.5,0.7,0.2,0.001,50,7,9,1
30,0.5,0.7,0.2,0.001,50,8,9,1
30,0.5,0.7,0.2,0.001,50,9,15,1
30,0.5,0.7,0.2,0.001,50,10,15,1
30,0.5,0.7,0.2,0.001,50,11,15,1
30,0.5,0.7,0.2,0.001,50,12,15,1
30,0.5,0.7,0.2,0.001,50,13,15,1
30,0.5,0.7,0.2,0.001,50,14,9,1
30,0.5,0.7,0.2,0.001,50,15,15,1
30,0.5,0.7,0.2,0.001,50,16,9,1
30,0.5,0.7,0.2,0.001,50,17,9,1
30,0.5,0.7,0.2,0.001,50,18,15,1
30,0.5,0.7,0.2,0.001,50,19,15,1
30,0.5,0.7,0.2,0.001,50,20,15,1
30,0.5,0.7,0.2,0.001,50,21,9,1
30,0.5,0.7,0.2,0.001,50,22,15,1
30,0.5,0.7,0.2,0.001,50,23,15,1
30,0.5,0.7,0.2,0.001,50,24,9,1
30,0.5,0.7,0.2,0.001,50,25,9,1
30,0.5,0.7,0.2,0.001,50,26,9,1
30,0.5,0.7,0.2,0.001,50,27,9,1
30,0.5,0.7,0.2,0.001,50,28,15,1
30,0.5,0.7,0.2,0.001,50,29,15,1
30,0.5,0.7,0.2,0.001,50,30,15,1
30,0.5,0.7,0.2,0.001,50,31,9,1
30,0.5,0.7,0.2,0.001,50,32,4,1
30,0.5,0.7,0.2,0.001,50,33,15,1
30,0.5,0.7,0.2,0.001,50,34,9,1
30,0.5,0.7,0.2,0.001,50,35,15,1
30,0.5,0.7,0.2,0.001,50,36,9,1
30,0.5,0.7,0.2,0.001,50,37,15,1
30,0.5,0.7,0.2,0.001,50,38,15,1
30,0.5,0.7,0.2,0.001,50,39,15,1
30,0.5,0.7,0.2,0.001,50,40,15,1
30,0.5,0.7,0.2,0.001,50,41,9,1
30,0.5,0.7,0.2,0.001,50,42,9,1
30,0.5,0.7,0.2,0.001,50,43,9,1
30,0.5,0.7,0.2,0.001,50,44,9,1
30,0.5,0.7,0.2,0.001,50,45,15,1
30,0.5,0.7,0.2,0.001,50,46,9,1
30,0.5,0.7,0.2,0.001,50,47,9,1
30,0.5,0.7,0.2,0.001,50,48,15,1
30,0.5,0.7,0.2,0.001,50,49,15,1
30,0.5,0.7,0.2,0.001,50,50,15,1
60,0.5,0.7,0.2,0.001,50,1,9,1
60,0.5,0.7,0.2,0.001,50,2,9,1
60,0.5,0.7,0.2,0.001,50,3,9,1
60,0.5,0.7,0.2,0.001,50,4,9,1
60,0.5,0.7,0.2,0.001,50,5,9,1
60,0.5,0.7,0.2,0.001,50,6,9,1
60,0.5,0.7,0.2,0.001,50,7,9,1
60,0.5,0.7,0.2,0.001,50,8,9,1
60,0.5,0.7,0.2,0.001,50,9,9,1
60,0.5,0.7,0.2,0.001,50,10,9,1
60,0.5,0.7,0.2,0.001,50,11,9,1
60,0.5,0.7,0.2,0.001,50,12,6,1
60,0.5,0.7,0.2,0.001,50,13,9,1
60,0.5,0.7,0.2,0.001,50,14,9,1
60,0.5,0.7,0.2,0.001,50,15,9,1
60,0.5,0.7,0.2,0.001,50,16,9,1
60,0.5,0.7,0.2,0.001,50,17,9,1
60,0.5,0.7,0.2,0.001,50,18,9,1
60,0.5,0.7,0.2,0.001,50,19,9,1
60,0.5,0.7,0.2,0.001,50,20,9,1
60,0.5,0.7,0.2,0.001,50,21,9,1
60,0.5,0.7,0.2,0.001,50,22,9,1
60,0.5,0.7,0.2,0.001,50,23,9,1
60,0.5,0.7,0.2,0.001,50,24,6,1
60,0.5,0.7,0.2,0.001,50,25,9,1
60,0.5,0.7,0.2,0.001,50,26,9,1
60,0.5,0.7,0.2,0.001,50,27,9,1
60,0.5,0.7,0.2,0.001,50,28,9,1
60,0.5,0.7,0.2,0.001,50,29,9,1
60,0.5,0.7,0.2,0.001,50,30,6,1
60,0.5,0.7,0.2,0.001,50,31,6,1
60,0.5,0.7,0.2,0.001,50,32,6,1
60,0.5,0.7,0.2,0.001,50,33,9,1
60,0.5,0.7,0.2,0.001,50,34,9,1
60,0.5,0.7,0.2,0.001,50,35,9,1
60,0.5,0.7,0.2,0.001,50,36,6,1
60,0.5,0.7,0.2,0.001,50,37,9,1
60,0.5,0.7,0.2,0.001,50,38,9,1
60,0.5,0.7,0.2,0.001,50,39,9,1
60,0.5,0.7,0.2,0.001,50,40,9,1
60,0.5,0.7,0.2,0.001,50,41,6,1
60,0.5,0.7,0.2,0.001,50,42,9,1
60,0.5,0.7,0.2,0.001,50,43,9,1
60,0.5,0.7,0.2,0.001,50,44,9,1
60,0.5,0.7,0.2,0.001,50,45,9,1
60,0.5,0.7,0.2,0.001,50,46,9,1
60,0.5,0.7,0.2,0.001,50,47,9,1
60,0.5,0.7,0.2,0.001,50,48,6,1
60,0.5,0.7,0.2,0.001,50,49,9,1
60,0.5,0.7,0.2,0.001,50,50,9,1
100,0.5,0.7,0.2,0.001,50,1,9,1
100,0.5,0.7,0.2,0.001,50,2,9,1
100,0.5,0.7,0.2,0.001,50,3,6,1
100,0.5,0.7,0.2,0.001,50,4,6,1
100,0.5,0.7,0.2,0.001,50,5,9,1
100,0.5,0.7,0.2,0.001,50,6,6,1
100,0.5,0.7,0.2,0.001,50,7,6,1
100,0.5,0.7,0.2,0.001,50,8,9,1
100,0.5,0.7,0.2,0.001,50,9,9,1
100,0.5,0.7,0.2,0.001,50,10,9,1
100,0.5,0.7,0.2,0.001,50,11,6,1
100,0.5,0.7,0.2,0.001,50,12,9,1
100,0.5,0.7,0.2,0.001,50,13,9,1
100,0.5,0.7,0.2,0.001,50,14,9,1
100,0.5,0.7,0.2,0.001,50,15,9,1
100,0.5,0.7,0.2,0.001,50,16,9,1
100,0.5,0.7,0.2,0.001,50,17,6,1
100,0.5,0.7,0.2,0.001,50,18,9,1
100,0.5,0.7,0.2,0.001,50,19,9,1
100,0.5,0.7,0.2,0.001,50,20,9,1
100,0.5,0.7,0.2,0.001,50,21,9,1
100,0.5,0.7,0.2,0.001,50,22,6,1
100,0.5,0.7,0.2,0.001,50,23,9,1
100,0.5,0.7,0.2,0.001,50,24,9,1
100,0.5,0.7,0.2,0.001,50,25,9,1
100,0.5,0.7,0.2,0.001,50,26,4,1
100,0.5,0.7,0.2,0.001,50,27,9,1
100,0.5,0.7,0.2,0.001,50,28,9,1
100,0.5,0.7,0.2,0.001,50,29,9,1
100,0.5,0.7,0.2,0.001,50,30,6,1
100,0.5,0.7,0.2,0.001,50,31,9,1
100,0.5,0.7,0.2,0.001,50,32,4,1
100,0.5,0.7,0.2,0.001,50,33,9,1
100,0.5,0.7,0.2,0.001,50,34,9,1
100,0.5,0.7,0.2,0.001,50,35,9,1
100,0.5,0.7,0.2,0.001,50,36,6,1
100,0.5,0.7,0.2,0.001,50,37,6,1
100,0.5,0.7,0.2,0.001,50,38,9,1
100,0.5,0.7,0.2,0.001,50,39,6,1
100,0.5,0.7,0.2,0.001,50,40,6,1
100,0.5,0.7,0.2,0.001,50,41,9,1
100,0.5,0.7,0.2,0.001,50,42,9,1
100,0.5,0.7,0.2,0.001,50,43,6,1
100,0.5,0.7,0.2,0.001,50,44,9,1
100,0.5,0.7,0.2,0.001,50,45,9,1
100,0.5,0.7,0.2,0.001,50,46,9,1
100,0.5,0.7,0.2,0.001,50,47,6,1
100,0.5,0.7,0.2,0.001,50,48,6,1
100,0.5,0.7,0.2,0.001,50,49,9,1
100,0.5,0.7,0.2,0.001,50,50,9,1
10,1,0.7,0.2,0.001,50,1,36,1
10,1,0.7,0.2,0.001,50,2,23,1
10,1,0.7,0.2,0.001,50,3,36,1
10,1,0.7,0.2,0.001,50,4,23,1
10,1,0.7,0.2,0.001,50,5,23,1
10,1,0.7,0.2,0.001,50,6,23,1
10,1,0.7,0.2,0.001,50,7,36,1
10,1,0.7,0.2,0.001,50,8,36,1
10,1,0.7,0.2,0.001,50,9,23,1
10,1,0.7,0.2,0.001,50,10,36,1
10,1,0.7,0.2,0.001,50,11,23,1
10,1,0.7,0.2,0.001,50,12,23,1
10,1,0.7,0.2,0.001,50,13,23,1
10,1,0.7,0.2,0.001,50,14,36,1
10,1,0.7,0.2,0.001,50,15,36,1
10,1,0.7,0.2,0.001,50,16,23,1
10,1,0.7,0.2,0.001,50,17,36,1
10,1,0.7,0.2,0.001,50,18,36,1
10,1,0.7,0.2,0.001,50,19,23,1
10,1,0.7,0.2,0.001,50,20,36,1
10,1,0.7,0.2,0.001,50,21,23,1
10,1,0.7,0.2,0.001,50,22,23,1
10,1,0.7,0.2,0.001,50,23,36,1
10,1,0.7,0.2,0.001,50,24,23,1
10,1,0.7,0.2,0.001,50,25,23,1
10,1,0.7,0.2,0.001,50,26,36,1
10,1,0.7,0.2,0.001,50,27,36,1
10,1,0.7,0.2,0.001,50,28,36,1
10,1,0.7,0.2,0.001,50,29,23,1
10,1,0.7,0.2,0.001,50,30,36,1
10,1,0.7,0.2,0.001,50,31,23,1
10,1,0.7,0.2,0.001,50,32,36,1
10,1,0.7,0.2,0.001,50,33,36,1
10,1,0.7,0.2,0.001,50,34,36,1
10,1,0.7,0.2,0.001,50,35,23,1
10,1,0.7,0.2,0.001,50,36,23,1
10,1,0.7,0.2,0.001,50,37,36,1
10,1,0.7,0.2,0.001,50,38,23,1
10,1,0.7,0.2,0.001,50,39,36,1
10,1,0.7,0.2,0.001,50,40,23,1
10,1,0.7,0.2,0.001,50,41,23,1
10,1,0.7,0.2,0.001,50,42,23,1
10,1,0.7,0.2,0.001,50,43,23,1
10,1,0.7,0.2,0.001,50,44,36,1
10,1,0.7,0.2,0.001,50,45,36,1
10,1,0.7,0.2,0.001,50,46,23,1
10,1,0.7,0.2,0.001,50,47,23,1
10,1,0.7,0.2,0.001,50,48,23,1
10,1,0.7,0.2,0.001,50,49,23,1
10,1,0.7,0.2,0.001,50,50,36,1
30,1,0.7,0.2,0.001,50,1,15,1
30,1,0.7,0.2,0.001,50,2,15,1
30,1,0.7,0.2,0.001,50,3,15,1
30,1,0.7,0.2,0.001,50,4,15,1
30,1,0.7,0.2,0.001,50,5,15,1
30,1,0.7,0.2,0.001,50,6,9,1
30,1,0.7,0.2,0.001,50,7,9,1
30,1,0.7,0.2,0.001,50,8,9,1
30,1,0.7,0.2,0.001,50,9,15,1
30,1,0.7,0.2,0.001,50,10,15,1
30,1,0.7,0.2,0.001,50,11,15,1
30,1,0.7,0.2,0.001,50,12,15,1
30,1,0.7,0.2,0.001,50,13,9,1
30,1,0.7,0.2,0.001,50,14,15,1
30,1,0.7,0.2,0.001,50,15,9,1
30,1,0.7,0.2,0.001,50,16,15,1
30,1,0.7,0.2,0.001,50,17,15,1
30,1,0.7,0.2,0.001,50,18,15,1
30,1,0.7,0.2,0.001,50,19,15,1
30,1,0.7,0.2,0.001,50,20,15,1
30,1,0.7,0.2,0.001,50,21,6,1
30,1,0.7,0.2,0.001,50,22,15,1
30,1,0.7,0.2,0.001,50,23,15,1
30,1,0.7,0.2,0.001,50,24,15,1
30,1,0.7,0.2,0.001,50,25,15,1
30,1,0.7,0.2,0.001,50,26,15,1
30,1,0.7,0.2,0.001,50,27,15,1
30,1,0.7,0.2,0.001,50,28,15,1
30,1,0.7,0.2,0.001,50,29,15,1
30,1,0.7,0.2,0.001,50,30,15,1
30,1,0.7,0.2,0.001,50,31,15,1
30,1,0.7,0.2,0.001,50,32,15,1
30,1,0.7,0.2,0.001,50,33,15,1
30,1,0.7,0.2,0.001,50,34,15,1
30,1,0.7,0.2,0.001,50,35,15,1
30,1,0.7,0.2,0.001,50,36,9,1
30,1,0.7,0.2,0.001,50,37,15,1
30,1,0.7,0.2,0.001,50,38,15,1
30,1,0.7,0.2,0.001,50,39,15,1
30,1,0.7,0.2,0.001,50,40,9,1
30,1,0.7,0.2,0.001,50,41,6,1
30,1,0.7,0.2,0.001,50,42,15,1
30,1,0.7,0.2,0.001,50,43,9,1
30,1,0.7,0.2,0.001,50,44,15,1
30,1,0.7,0.2,0.001,50,45,15,1
30,1,0.7,0.2,0.001,50,46,15,1
30,1,0.7,0.2,0.001,50,47,9,1
30,1,0.7,0.2,0.001,50,48,15,1
30,1,0.7,0.2,0.001,50,49,9,1
30,1,0.7,0.2,0.001,50,50,15,1
60,1,0.7,0.2,0.001,50,1,9,1
60,1,0.7,0.2,0.001,50,2,9,1
60,1,0.7,0.2,0.001,50,3,9,1
60,1,0.7,0.2,0.001,50,4,9,1
60,1,0.7,0.2,0.001,50,5,9,1
60,1,0.7,0.2,0.001,50,6,9,1
60,1,0.7,0.2,0.001,50,7,9,1
60,1,0.7,0.2,0.001,50,8,9,1
60,1,0.7,0.2,0.001,50,9,15,1
60,1,0.7,0.2,0.001,50,10,9,1
60,1,0.7,0.2,0.001,50,11,9,1
60,1,0.7,0.2,0.001,50,12,9,1
60,1,0.7,0.2,0.001,50,13,9,1
60,1,0.7,0.2,0.001,50,14,9,1
60,1,0.7,0.2,0.001,50,15,9,1
60,1,0.7,0.2,0.001,50,16,9,1
60,1,0.7,0.2,0.001,50,17,9,1
60,1,0.7,0.2,0.001,50,18,15,1
60,1,0.7,0.2,0.001,50,19,9,1
60,1,0.7,0.2,0.001,50,20,9,1
60,1,0.7,0.2,0.001,50,21,6,1
60,1,0.7,0.2,0.001,50,22,9,1
60,1,0.7,0.2,0.001,50,23,9,1
60,1,0.7,0.2,0.001,50,24,9,1
60,1,0.7,0.2,0.001,50,25,9,1
60,1,0.7,0.2,0.001,50,26,9,1
60,1,0.7,0.2,0.001,50,27,9,1
60,1,0.7,0.2,0.001,50,28,9,1
60,1,0.7,0.2,0.001,50,29,9,1
60,1,0.7,0.2,0.001,50,30,9,1
60,1,0.7,0.2,0.001,50,31,9,1
60,1,0.7,0.2,0.001,50,32,9,1
60,1,0.7,0.2,0.001,50,33,9,1
60,1,0.7,0.2,0.001,50,34,9,1
60,1,0.7,0.2,0.001,50,35,15,1
60,1,0.7,0.2,0.001,50,36,6,1
60,1,0.7,0.2,0.001,50,37,6,1
60,1,0.7,0.2,0.001,50,38,9,1
60,1,0.7,0.2,0.001,50,39,9,1
60,1,0.7,0.2,0.001,50,40,9,1
60,1,0.7,0.2,0.001,50,41,6,1
60,1,0.7,0.2,0.001,50,42,9,1
60,1,0.7,0.2,0.001,50,43,6,1
60,1,0.7,0.2,0.001,50,44,9,1
60,1,0.7,0.2,0.001,50,45,9,1
60,1,0.7,0.2,0.001,50,46,9,1
60,1,0.7,0.2,0.001,50,47,9,1
60,1,0.7,0.2,0.001,50,48,6,1
60,1,0.7,0.2,0.001,50,49,9,1
60,1,0.7,0.2,0.001,50,50,9,1
100,1,0.7,0.2,0.001,50,1,9,1
100,1,0.7,0.2,0.001,50,2,9,1
100,1,0.7,0.2,0.001,50,3,9,1
100,1,0.7,0.2,0.001,50,4,9,1
100,1,0.7,0.2,0.001,50,5,9,1
100,1,0.7,0.2,0.001,50,6,9,1
100,1,0.7,0.2,0.001,50,7,9,1
100,1,0.7,0.2,0.001,50,8,9,1
100,1,0.7,0.2,0.001,50,9,6,1
100,1,0.7,0.2,0.001,50,10,9,1
100,1,0.7,0.2,0.001,50,11,9,1
100,1,0.7,0.2,0.001,50,12,9,1
100,1,0.7,0.2,0.001,50,13,9,1
100,1,0.7,0.2,0.001,50,14,9,1
100,1,0.7,0.2,0.001,50,15,9,1
100,1,0.7,0.2,0.001,50,16,6,1
100,1,0.7,0.2,0.001,50,17,9,1
100,1,0.7,0.2,0.001,50,18,15,1
100,1,0.7,0.2,0.001,50,19,9,1
100,1,0.7,0.2,0.001,50,20,9,1
100,1,0.7,0.2,0.001,50,21,6,1
100,1,0.7,0.2,0.001,50,22,9,1
100,1,0.7,0.2,0.001,50,23,9,1
100,1,0.7,0.2,0.001,50,24,9,1
100,1,0.7,0.2,0.001,50,25,9,1
100,1,0.7,0.2,0.001,50,26,6,1
100,1,0.7,0.2,0.001,50,27,9,1
100,1,0.7,0.2,0.001,50,28,9,1
100,1,0.7,0.2,0.001,50,29,9,1
100,1,0.7,0.2,0.001,50,30,9,1
100,1,0.7,0.2,0.001,50,31,9,1
100,1,0.7,0.2,0.001,50,32,4,1
100,1,0.7,0.2,0.001,50,33,6,1
100,1,0.7,0.2,0.001,50,34,9,1
100,1,0.7,0.2,0.001,50,35,9,1
100,1,0.7,0.2,0.001,50,36,6,1
100,1,0.7,0.2,0.001,50,37,6,1
100,1,0.7,0.2,0.001,50,38,9,1
100,1,0.7,0.2,0.001,50,39,9,1
100,1,0.7,0.2,0.001,50,40,9,1
100,1,0.7,0.2,0.001,50,41,6,1
100,1,0.7,0.2,0.001,50,42,9,1
100,1,0.7,0.2,0.001,50,43,6,1
100,1,0.7,0.2,0.001,50,44,9,1
100,1,0.7,0.2,0.001,50,45,9,1
100,1,0.7,0.2,0.001,50,46,6,1
100,1,0.7,0.2,0.001,50,47,9,1
100,1,0.7,0.2,0.001,50,48,9,1
100,1,0.7,0.2,0.001,50,49,6,1
100,1,0.7,0.2,0.001,50,50,9,1
10,1.5,0.7,0.2,0.001,50,1,36,1
10,1.5,0.7,0.2,0.001,50,2,36,1
10,1.5,0.7,0.2,0.001,50,3,36,1
10,1.5,0.7,0.2,0.001,50,4,23,1
10,1.5,0.7,0.2,0.001,50,5,36,1
10,1.5,0.7,0.2,0.001,50,6,36,1
10,1.5,0.7,0.2,0.001,50,7,36,1
10,1.5,0.7,0.2,0.001,50,8,36,1
10,1.5,0.7,0.2,0.001,50,9,36,1
10,1.5,0.7,0.2,0.001,50,10,57,1
10,1.5,0.7,0.2,0.001,50,11,36,1
10,1.5,0.7,0.2,0.001,50,12,23,1
10,1.5,0.7,0.2,0.001,50,13,57,1
10,1.5,0.7,0.2,0.001,50,14,36,1
10,1.5,0.7,0.2,0.001,50,15,57,1
10,1.5,0.7,0.2,0.001,50,16,36,1
10,1.5,0.7,0.2,0.001,50,17,36,1
10,1.5,0.7,0.2,0.001,50,18,57,1
10,1.5,0.7,0.2,0.001,50,19,36,1
10,1.5,0.7,0.2,0.001,50,20,36,1
10,1.5,0.7,0.2,0.001,50,21,23,1
10,1.5,0.7,0.2,0.001,50,22,36,1
10,1.5,0.7,0.2,0.001,50,23,36,1
10,1.5,0.7,0.2,0.001,50,24,36,1
10,1.5,0.7,0.2,0.001,50,25,36,1
10,1.5,0.7,0.2,0.001,50,26,36,1
10,1.5,0.7,0.2,0.001,50,27,57,1
10,1.5,0.7,0.2,0.001,50,28,57,1
10,1.5,0.7,0.2,0.001,50,29,36,1
10,1.5,0.7,0.2,0.001,50,30,57,1
10,1.5,0.7,0.2,0.001,50,31,36,1
10,1.5,0.7,0.2,0.001,50,32,57,1
10,1.5,0.7,0.2,0.001,50,33,36,1
10,1.5,0.7,0.2,0.001,50,34,36,1
10,1.5,0.7,0.2,0.001,50,35,23,1
10,1.5,0.7,0.2,0.001,50,36,57,1
10,1.5,0.7,0.2,0.001,50,37,57,1
10,1.5,0.7,0.2,0.001,50,38,36,1
10,1.5,0.7,0.2,0.001,50,39,36,1
10,1.5,0.7,0.2,0.001,50,40,36,1
10,1.5,0.7,0.2,0.001,50,41,36,1
10,1.5,0.7,0.2,0.001,50,42,23,1
10,1.5,0.7,0.2,0.001,50,43,23,1
10,1.5,0.7,0.2,0.001,50,44,57,1
10,1.5,0.7,0.2,0.001,50,45,36,1
10,1.5,0.7,0.2,0.001,50,46,57,1
10,1.5,0.7,0.2,0.001,50,47,23,1
10,1.5,0.7,0.2,0.001,50,48,36,1
10,1.5,0.7,0.2,0.001,50,49,36,1
10,1.5,0.7,0.2,0.001,50,50,36,1
30,1.5,0.7,0.2,0.001,50,1,15,1
30,1.5,0.7,0.2,0.001,50,2,15,1
30,1.5,0.7,0.2,0.001,50,3,15,1
30,1.5,0.7,0.2,0.001,50,4,9,1
30,1.5,0.7,0.2,0.001,50,5,23,1
30,1.5,0.7,0.2,0.001,50,6,15,1
30,1.5,0.7,0.2,0.001,50,7,15,1
30,1.5,0.7,0.2,0.001,50,8,23,1
30,1.5,0.7,0.2,0.001,50,9,15,1
30,1.5,0.7,0.2,0.001,50,10,15,1
30,1.5,0.7,0.2,0.001,50,11,15,1
30,1.5,0.7,0.2,0.001,50,12,9,1
30,1.5,0.7,0.2,0.001,50,13,15,1
30,1.5,0.7,0.2,0.001,50,14,9,1
30,1.5,0.7,0.2,0.001,50,15,23,1
30,1.5,0.7,0.2,0.001,50,16,15,1
30,1.5,0.7,0.2,0.001,50,17,15,1
30,1.5,0.7,0.2,0.001,50,18,15,1
30,1.5,0.7,0.2,0.001,50,19,23,1
30,1.5,0.7,0.2,0.001,50,20,15,1
30,1.5,0.7,0.2,0.001,50,21,9,1
30,1.5,0.7,0.2,0.001,50,22,15,1
30,1.5,0.7,0.2,0.001,50,23,23,1
30,1.5,0.7,0.2,0.001,50,24,15,1
30,1.5,0.7,0.2,0.001,50,25,15,1
30,1.5,0.7,0.2,0.001,50,26,15,1
30,1.5,0.7,0.2,0.001,50,27,15,1
30,1.5,0.7,0.2,0.001,50,28,15,1
30,1.5,0.7,0.2,0.001,50,29,15,1
30,1.5,0.7,0.2,0.001,50,30,15,1
30,1.5,0.7,0.2,0.001,50,31,15,1
30,1.5,0.7,0.2,0.001,50,32,23,1
30,1.5,0.7,0.2,0.001,50,33,15,1
30,1.5,0.7,0.2,0.001,50,34,15,1
30,1.5,0.7,0.2,0.001,50,35,15,1
30,1.5,0.7,0.2,0.001,50,36,15,1
30,1.5,0.7,0.2,0.001,50,37,15,1
30,1.5,0.7,0.2,0.001,50,38,15,1
30,1.5,0.7,0.2,0.001,50,39,15,1
30,1.5,0.7,0.2,0.001,50,40,15,1
30,1.5,0.7,0.2,0.001,50,41,9,1
30,1.5,0.7,0.2,0.001,50,42,15,1
30,1.5,0.7,0.2,0.001,50,43,15,1
30,1.5,0.7,0.2,0.001,50,44,15,1
30,1.5,0.7,0.2,0.001,50,45,15,1
30,1.5,0.7,0.2,0.001,50,46,15,1
30,1.5,0.7,0.2,0.001,50,47,15,1
30,1.5,0.7,0.2,0.001,50,48,15,1
30,1.5,0.7,0.2,0.001,50,49,15,1
30,1.5,0.7,0.2,0.001,50,50,15,1
60,1.5,0.7,0.2,0.001,50,1,15,1
60,1.5,0.7,0.2,0.001,50,2,15,1
60,1.5,0.7,0.2,0.001,50,3,9,1
60,1.5,0.7,0.2,0.001,50,4,9,1
60,1.5,0.7,0.2,0.001,50,5,15,1
60,1.5,0.7,0.2,0.001,50,6,15,1
60,1.5,0.7,0.2,0.001,50,7,9,1
60,1.5,0.7,0.2,0.001,50,8,9,1
60,1.5,0.7,0.2,0.001,50,9,15,1
60,1.5,0.7,0.2,0.001,50,10,15,1
60,1.5,0.7,0.2,0.001,50,11,15,1
60,1.5,0.7,0.2,0.001,50,12,9,1
60,1.5,0.7,0.2,0.001,50,13,15,1
60,1.5,0.7,0.2,0.001,50,14,9,1
60,1.5,0.7,0.2,0.001,50,15,15,1
60,1.5,0.7,0.2,0.001,50,16,15,1
60,1.5,0.7,0.2,0.001,50,17,15,1
60,1.5,0.7,0.2,0.001,50,18,15,1
60,1.5,0.7,0.2,0.001,50,19,15,1
60,1.5,0.7,0.2,0.001,50,20,15,1
60,1.5,0.7,0.2,0.001,50,21,9,1
60,1.5,0.7,0.2,0.001,50,22,15,1
60,1.5,0.7,0.2,0.001,50,23,15,1
60,1.5,0.7,0.2,0.001,50,24,15,1
60,1.5,0.7,0.2,0.001,50,25,15,1
60,1.5,0.7,0.2,0.001,50,26,15,1
60,1.5,0.7,0.2,0.001,50,27,15,1
60,1.5,0.7,0.2,0.001,50,28,9,1
60,1.5,0.7,0.2,0.001,50,29,15,1
60,1.5,0.7,0.2,0.001,50,30,15,1
60,1.5,0.7,0.2,0.001,50,31,15,1
60,1.5,0.7,0.2,0.001,50,32,15,1
60,1.5,0.7,0.2,0.001,50,33,15,1
60,1.5,0.7,0.2,0.001,50,34,15,1
60,1.5,0.7,0.2,0.001,50,35,15,1
60,1.5,0.7,0.2,0.001,50,36,15,1
60,1.5,0.7,0.2,0.001,50,37,15,1
60,1.5,0.7,0.2,0.001,50,38,15,1
60,1.5,0.7,0.2,0.001,50,39,9,1
60,1.5,0.7,0.2,0.001,50,40,9,1
60,1.5,0.7,0.2,0.001,50,41,9,1
60,1.5,0.7,0.2,0.001,50,42,15,1
60,1.5,0.7,0.2,0.001,50,43,9,1
60,1.5,0.7,0.2,0.001,50,44,9,1
60,1.5,0.7,0.2,0.001,50,45,15,1
60,1.5,0.7,0.2,0.001,50,46,9,1
60,1.5,0.7,0.2,0.001,50,47,15,1
60,1.5,0.7,0.2,0.001,50,48,15,1
60,1.5,0.7,0.2,0.001,50,49,9,1
60,1.5,0.7,0.2,0.001,50,50,15,1
100,1.5,0.7,0.2,0.001,50,1,9,1
100,1.5,0.7,0.2,0.001,50,2,9,1
100,1.5,0.7,0.2,0.001,50,3,9,1
100,1.5,0.7,0.2,0.001,50,4,9,1
100,1.5,0.7,0.2,0.001,50,5,15,1
100,1.5,0.7,0.2,0.001,50,6,6,1
100,1.5,0.7,0.2,0.001,50,7,15,1
100,1.5,0.7,0.2,0.001,50,8,9,1
100,1.5,0.7,0.2,0.001,50,9,15,1
100,1.5,0.7,0.2,0.001,50,10,15,1
100,1.5,0.7,0.2,0.001,50,11,15,1
100,1.5,0.7,0.2,0.001,50,12,9,1
100,1.5,0.7,0.2,0.001,50,13,9,1
100,1.5,0.7,0.2,0.001,50,14,9,1
100,1.5,0.7,0.2,0.001,50,15,15,1
100,1.5,0.7,0.2,0.001,50,16,15,1
100,1.5,0.7,0.2,0.001,50,17,6,1
100,1.5,0.7,0.2,0.001,50,18,15,1
100,1.5,0.7,0.2,0.001,50,19,15,1
100,1.5,0.7,0.2,0.001,50,20,9,1
100,1.5,0.7,0.2,0.001,50,21,15,1
100,1.5,0.7,0.2,0.001,50,22,15,1
100,1.5,0.7,0.2,0.001,50,23,9,1
100,1.5,0.7,0.2,0.001,50,24,9,1
100,1.5,0.7,0.2,0.001,50,25,15,1
100,1.5,0.7,0.2,0.001,50,26,15,1
100,1.5,0.7,0.2,0.001,50,27,9,1
100,1.5,0.7,0.2,0.001,50,28,15,1
100,1.5,0.7,0.2,0.001,50,29,15,1
100,1.5,0.7,0.2,0.001,50,30,15,1
100,1.5,0.7,0.2,0.001,50,31,15,1
100,1.5,0.7,0.2,0.001,50,32,15,1
100,1.5,0.7,0.2,0.001,50,33,9,1
100,1.5,0.7,0.2,0.001,50,34,6,1
100,1.5,0.7,0.2,0.001,50,35,9,1
100,1.5,0.7,0.2,0.001,50,36,15,1
100,1.5,0.7,0.2,0.001,50,37,15,1
100,1.5,0.7,0.2,0.001,50,38,15,1
100,1.5,0.7,0.2,0.001,50,39,15,1
100,1.5,0.7,0.2,0.001,50,40,6,1
100,1.5,0.7,0.2,0.001,50,41,9,1
100,1.5,0.7,0.2,0.001,50,42,15,1
100,1.5,0.7,0.2,0.001,50,43,9,1
100,1.5,0.7,0.2,0.001,50,44,9,1
100,1.5,0.7,0.2,0.001,50,45,15,1
100,1.5,0.7,0.2,0.001,50,46,9,1
100,1.5,0.7,0.2,0.001,50,47,9,1
100,1.5,0.7,0.2,0.001,50,48,9,1
100,1.5,0.7,0.2,0.001,50,49,15,1
100,1.5,0.7,0.2,0.001,50,50,15,1
10,0.5,0.5,0.3,0.001,50,1,57,1
10,0.5,0.5,0.3,0.001,50,2,36,1
10,0.5,0.5,0.3,0.001,50,3,88,1
10,0.5,0.5,0.3,0.001,50,4,88,1
10,0.5,0.5,0.3,0.001,50,5,57,1
10,0.5,0.5,0.3,0.001,50,6,57,1
10,0.5,0.5,0.3,0.001,50,7,57,1
10,0.5,0.5,0.3,0.001,50,8,88,1
10,0.5,0.5,0.3,0.001,50,9,88,1
10,0.5,0.5,0.3,0.001,50,10,57,1
10,0.5,0.5,0.3,0.001,50,11,88,1
10,0.5,0.5,0.3,0.001,50,12,57,1
10,0.5,0.5,0.3,0.001,50,13,57,1
10,0.5,0.5,0.3,0.001,50,14,57,1
10,0.5,0.5,0.3,0.001,50,15,57,1
10,0.5,0.5,0.3,0.001,50,16,88,1
10,0.5,0.5,0.3,0.001,50,17,57,1
10,0.5,0.5,0.3,0.001,50,18,57,1
10,0.5,0.5,0.3,0.001,50,19,36,1
10,0.5,0.5,0.3,0.001,50,20,57,1
10,0.5,0.5,0.3,0.001,50,21,57,1
10,0.5,0.5,0.3,0.001,50,22,36,1
10,0.5,0.5,0.3,0.001,50,23,57,1
10,0.5,0.5,0.3,0.001,50,24,36,1
10,0.5,0.5,0.3,0.001,50,25,57,1
10,0.5,0.5,0.3,0.001,50,26,36,1
10,0.5,0.5,0.3,0.001,50,27,57,1
10,0.5,0.5,0.3,0.001,50,28,57,1
10,0.5,0.5,0.3,0.001,50,29,57,1
10,0.5,0.5,0.3,0.001,50,30,88,1
10,0.5,0.5,0.3,0.001,50,31,57,1
10,0.5,0.5,0.3,0.001,50,32,57,1
10,0.5,0.5,0.3,0.001,50,33,36,1
10,0.5,0.5,0.3,0.001,50,34,36,1
10,0.5,0.5,0.3,0.001,50,35,57,1
10,0.5,0.5,0.3,0.001,50,36,57,1
10,0.5,0.5,0.3,0.001,50,37,57,1
10,0.5,0.5,0.3,0.001,50,38,57,1
10,0.5,0.5,0.3,0.001,50,39,57,1
10,0.5,0.5,0.3,0.001,50,40,36,1
10,0.5,0.5,0.3,0.001,50,41,36,1
10,0.5,0.5,0.3,0.001,50,42,57,1
10,0.5,0.5,0.3,0.001,50,43,57,1
10,0.5,0.5,0.3,0.001,50,44,57,1
10,0.5,0.5,0.3,0.001,50,45,57,1
10,0.5,0.5,0.3,0.001,50,46,57,1
10,0.5,0.5,0.3,0.001,50,47,88,1
10,0.5,0.5,0.3,0.001,50,48,36,1
10,0.5,0.5,0.3,0.001,50,49,88,1
10,0.5,0.5,0.3,0.001,50,50,57,1
30,0.5,0.5,0.3,0.001,50,1,36,1
30,0.5,0.5,0.3,0.001,50,2,23,1
30,0.5,0.5,0.3,0.001,50,3,36,1
30,0.5,0.5,0.3,0.001,50,4,15,1
30,0.5,0.5,0.3,0.001,50,5,23,1
30,0.5,0.5,0.3,0.001,50,6,23,1
30,0.5,0.5,0.3,0.001,50,7,23,1
30,0.5,0.5,0.3,0.001,50,8,23,1
30,0.5,0.5,0.3,0.001,50,9,23,1
30,0.5,0.5,0.3,0.001,50,10,23,1
30,0.5,0.5,0.3,0.001,50,11,23,1
30,0.5,0.5,0.3,0.001,50,12,23,1
30,0.5,0.5,0.3,0.001,50,13,36,1
30,0.5,0.5,0.3,0.001,50,14,15,1
30,0.5,0.5,0.3,0.001,50,15,23,1
30,0.5,0.5,0.3,0.001,50,16,23,1
30,0.5,0.5,0.3,0.001,50,17,23,1
30,0.5,0.5,0.3,0.001,50,18,23,1
30,0.5,0.5,0.3,0.001,50,19,23,1
30,0.5,0.5,0.3,0.001,50,20,23,1
30,0.5,0.5,0.3,0.001,50,21,23,1
30,0.5,0.5,0.3,0.001,50,22,23,1
30,0.5,0.5,0.3,0.001,50,23,23,1
30,0.5,0.5,0.3,0.001,50,24,23,1
30,0.5,0.5,0.3,0.001,50,25,36,1
30,0.5,0.5,0.3,0.001,50,26,23,1
30,0.5,0.5,0.3,0.001,50,27,23,1
30,0.5,0.5,0.3,0.001,50,28,23,1
30,0.5,0.5,0.3,0.001,50,29,36,1
30,0.5,0.5,0.3,0.001,50,30,36,1
30,0.5,0.5,0.3,0.001,50,31,15,1
30,0.5,0.5,0.3,0.001,50,32,36,1
30,0.5,0.5,0.3,0.001,50,33,23,1
30,0.5,0.5,0.3,0.001,50,34,23,1
30,0.5,0.5,0.3,0.001,50,35,23,1
30,0.5,0.5,0.3,0.001,50,36,23,1
30,0.5,0.5,0.3,0.001,50,37,36,1
30,0.5,0.5,0.3,0.001,50,38,15,1
30,0.5,0.5,0.3,0.001,50,39,23,1
30,0.5,0.5,0.3,0.001,50,40,15,1
30,0.5,0.5,0.3,0.001,50,41,15,1
30,0.5,0.5,0.3,0.001,50,42,36,1
30,0.5,0.5,0.3,0.001,50,43,15,1
30,0.5,0.5,0.3,0.001,50,44,23,1
30,0.5,0.5,0.3,0.001,50,45,23,1
30,0.5,0.5,0.3,0.001,50,46,36,1
30,0.5,0.5,0.3,0.001,50,47,23,1
30,0.5,0.5,0.3,0.001,50,48,23,1
30,0.5,0.5,0.3,0.001,50,49,23,1
30,0.5,0.5,0.3,0.001,50,50,23,1
60,0.5,0.5,0.3,0.001,50,1,15,1
60,0.5,0.5,0.3,0.001,50,2,15,1
60,0.5,0.5,0.3,0.001,50,3,23,1
60,0.5,0.5,0.3,0.001,50,4,15,1
60,0.5,0.5,0.3,0.001,50,5,15,1
60,0.5,0.5,0.3,0.001,50,6,23,1
60,0.5,0.5,0.3,0.001,50,7,23,1
60,0.5,0.5,0.3,0.001,50,8,15,1
60,0.5,0.5,0.3,0.001,50,9,23,1
60,0.5,0.5,0.3,0.001,50,10,15,1
60,0.5,0.5,0.3,0.001,50,11,9,1
60,0.5,0.5,0.3,0.001,50,12,15,1
60,0.5,0.5,0.3,0.001,50,13,15,1
60,0.5,0.5,0.3,0.001,50,14,15,1
60,0.5,0.5,0.3,0.001,50,15,15,1
60,0.5,0.5,0.3,0.001,50,16,15,1
60,0.5,0.5,0.3,0.001,50,17,9,1
60,0.5,0.5,0.3,0.001,50,18,15,1
60,0.5,0.5,0.3,0.001,50,19,15,1
60,0.5,0.5,0.3,0.001,50,20,15,1
60,0.5,0.5,0.3,0.001,50,21,23,1
60,0.5,0.5,0.3,0.001,50,22,15,1
60,0.5,0.5,0.3,0.001,50,23,23,1
60,0.5,0.5,0.3,0.001,50,24,15,1
60,0.5,0.5,0.3,0.001,50,25,23,1
60,0.5,0.5,0.3,0.001,50,26,15,1
60,0.5,0.5,0.3,0.001,50,27,15,1
60,0.5,0.5,0.3,0.001,50,28,15,1
60,0.5,0.5,0.3,0.001,50,29,23,1
60,0.5,0.5,0.3,0.001,50,30,23,1
60,0.5,0.5,0.3,0.001,50,31,15,1
60,0.5,0.5,0.3,0.001,50,32,15,1
60,0.5,0.5,0.3,0.001,50,33,23,1
60,0.5,0.5,0.3,0.001,50,34,15,1
60,0.5,0.5,0.3,0.001,50,35,23,1
60,0.5,0.5,0.3,0.001,50,36,15,1
60,0.5,0.5,0.3,0.001,50,37,15,1
60,0.5,0.5,0.3,0.001,50,38,15,1
60,0.5,0.5,0.3,0.001,50,39,15,1
60,0.5,0.5,0.3,0.001,50,40,15,1
60,0.5,0.5,0.3,0.001,50,41,15,1
60,0.5,0.5,0.3,0.001,50,42,15,1
60,0.5,0.5,0.3,0.001,50,43,15,1
60,0.5,0.5,0.3,0.001,50,44,15,1
60,0.5,0.5,0.3,0.001,50,45,15,1
60,0.5,0.5,0.3,0.001,50,46,15,1
60,0.5,0.5,0.3,0.001,50,47,23,1
60,0.5,0.5,0.3,0.001,50,48,15,1
60,0.5,0.5,0.3,0.001,50,49,15,1
60,0.5,0.5,0.3,0.001,50,50,23,1
100,0.5,0.5,0.3,0.001,50,1,15,1
100,0.5,0.5,0.3,0.001,50,2,15,1
100,0.5,0.5,0.3,0.001,50,3,23,1
100,0.5,0.5,0.3,0.001,50,4,15,1
100,0.5,0.5,0.3,0.001,50,5,15,1
100,0.5,0.5,0.3,0.001,50,6,15,1
100,0.5,0.5,0.3,0.001,50,7,15,1
100,0.5,0.5,0.3,0.001,50,8,9,1
100,0.5,0.5,0.3,0.001,50,9,23,1
100,0.5,0.5,0.3,0.001,50,10,15,1
100,0.5,0.5,0.3,0.001,50,11,9,1
100,0.5,0.5,0.3,0.001,50,12,15,1
100,0.5,0.5,0.3,0.001,50,13,15,1
100,0.5,0.5,0.3,0.001,50,14,9,1
100,0.5,0.5,0.3,0.001,50,15,15,1
100,0.5,0.5,0.3,0.001,50,16,15,1
100,0.5,0.5,0.3,0.001,50,17,15,1
100,0.5,0.5,0.3,0.001,50,18,15,1
100,0.5,0.5,0.3,0.001,50,19,15,1
100,0.5,0.5,0.3,0.001,50,20,15,1
100,0.5,0.5,0.3,0.001,50,21,15,1
100,0.5,0.5,0.3,0.001,50,22,15,1
100,0.5,0.5,0.3,0.001,50,23,15,1
100,0.5,0.5,0.3,0.001,50,24,15,1
100,0.5,0.5,0.3,0.001,50,25,15,1
100,0.5,0.5,0.3,0.001,50,26,15,1
100,0.5,0.5,0.3,0.001,50,27,15,1
100,0.5,0.5,0.3,0.001,50,28,15,1
100,0.5,0.5,0.3,0.001,50,29,23,1
100,0.5,0.5,0.3,0.001,50,30,23,1
100,0.5,0.5,0.3,0.001,50,31,15,1
100,0.5,0.5,0.3,0.001,50,32,15,1
100,0.5,0.5,0.3,0.001,50,33,23,1
100,0.5,0.5,0.3,0.001,50,34,15,1
100,0.5,0.5,0.3,0.001,50,35,15,1
100,0.5,0.5,0.3,0.001,50,36,15,1
100,0.5,0.5,0.3,0.001,50,37,15,1
100,0.5,0.5,0.3,0.001,50,38,15,1
100,0.5,0.5,0.3,0.001,50,39,15,1
100,0.5,0.5,0.3,0.001,50,40,15,1
100,0.5,0.5,0.3,0.001,50,41,15,1
100,0.5,0.5,0.3,0.001,50,42,15,1
100,0.5,0.5,0.3,0.001,50,43,15,1
100,0.5,0.5,0.3,0.001,50,44,9,1
100,0.5,0.5,0.3,0.001,50,45,15,1
100,0.5,0.5,0.3,0.001,50,46,15,1
100,0.5,0.5,0.3,0.001,50,47,9,1
100,0.5,0.5,0.3,0.001,50,48,15,1
100,0.5,0.5,0.3,0.001,50,49,23,1
100,0.5,0.5,0.3,0.001,50,50,9,1
10,1,0.5,0.3,0.001,50,1,88,1
10,1,0.5,0.3,0.001,50,2,57,1
10,1,0.5,0.3,0.001,50,3,88,1
10,1,0.5,0.3,0.001,50,4,88,1
10,1,0.5,0.3,0.001,50,5,88,1
10,1,0.5,0.3,0.001,50,6,57,1
10,1,0.5,0.3,0.001,50,7,88,1
10,1,0.5,0.3,0.001,50,8,88,1
10,1,0.5,0.3,0.001,50,9,88,1
10,1,0.5,0.3,0.001,50,10,88,1
10,1,0.5,0.3,0.001,50,11,139,1
10,1,0.5,0.3,0.001,50,12,57,1
10,1,0.5,0.3,0.001,50,13,57,1
10,1,0.5,0.3,0.001,50,14,36,1
10,1,0.5,0.3,0.001,50,15,57,1
10,1,0.5,0.3,0.001,50,16,88,1
10,1,0.5,0.3,0.001,50,17,88,1
10,1,0.5,0.3,0.001,50,18,57,1
10,1,0.5,0.3,0.001,50,19,88,1
10,1,0.5,0.3,0.001,50,20,88,1
10,1,0.5,0.3,0.001,50,21,88,1
10,1,0.5,0.3,0.001,50,22,57,1
10,1,0.5,0.3,0.001,50,23,88,1
10,1,0.5,0.3,0.001,50,24,57,1
10,1,0.5,0.3,0.001,50,25,88,1
10,1,0.5,0.3,0.001,50,26,57,1
10,1,0.5,0.3,0.001,50,27,57,1
10,1,0.5,0.3,0.001,50,28,57,1
10,1,0.5,0.3,0.001,50,29,88,1
10,1,0.5,0.3,0.001,50,30,88,1
10,1,0.5,0.3,0.001,50,31,88,1
10,1,0.5,0.3,0.001,50,32,88,1
10,1,0.5,0.3,0.001,50,33,88,1
10,1,0.5,0.3,0.001,50,34,88,1
10,1,0.5,0.3,0.001,50,35,57,1
10,1,0.5,0.3,0.001,50,36,57,1
10,1,0.5,0.3,0.001,50,37,88,1
10,1,0.5,0.3,0.001,50,38,36,1
10,1,0.5,0.3,0.001,50,39,57,1
10,1,0.5,0.3,0.001,50,40,57,1
10,1,0.5,0.3,0.001,50,41,57,1
10,1,0.5,0.3,0.001,50,42,57,1
10,1,0.5,0.3,0.001,50,43,57,1
10,1,0.5,0.3,0.001,50,44,88,1
10,1,0.5,0.3,0.001,50,45,139,1
10,1,0.5,0.3,0.001,50,46,88,1
10,1,0.5,0.3,0.001,50,47,139,1
10,1,0.5,0.3,0.001,50,48,57,1
10,1,0.5,0.3,0.001,50,49,139,1
10,1,0.5,0.3,0.001,50,50,57,1
30,1,0.5,0.3,0.001,50,1,36,1
30,1,0.5,0.3,0.001,50,2,36,1
30,1,0.5,0.3,0.001,50,3,36,1
30,1,0.5,0.3,0.001,50,4,23,1
30,1,0.5,0.3,0.001,50,5,23,1
30,1,0.5,0.3,0.001,50,6,23,1
30,1,0.5,0.3,0.001,50,7,36,1
30,1,0.5,0.3,0.001,50,8,23,1
30,1,0.5,0.3,0.001,50,9,23,1
30,1,0.5,0.3,0.001,50,10,36,1
30,1,0.5,0.3,0.001,50,11,23,1
30,1,0.5,0.3,0.001,50,12,36,1
30,1,0.5,0.3,0.001,50,13,36,1
30,1,0.5,0.3,0.001,50,14,15,1
30,1,0.5,0.3,0.001,50,15,23,1
30,1,0.5,0.3,0.001,50,16,23,1
30,1,0.5,0.3,0.001,50,17,15,1
30,1,0.5,0.3,0.001,50,18,23,1
30,1,0.5,0.3,0.001,50,19,23,1
30,1,0.5,0.3,0.001,50,20,36,1
30,1,0.5,0.3,0.001,50,21,36,1
30,1,0.5,0.3,0.001,50,22,23,1
30,1,0.5,0.3,0.001,50,23,23,1
30,1,0.5,0.3,0.001,50,24,23,1
30,1,0.5,0.3,0.001,50,25,23,1
30,1,0.5,0.3,0.001,50,26,23,1
30,1,0.5,0.3,0.001,50,27,36,1
30,1,0.5,0.3,0.001,50,28,36,1
30,1,0.5,0.3,0.001,50,29,36,1
30,1,0.5,0.3,0.001,50,30,36,1
30,1,0.5,0.3,0.001,50,31,23,1
30,1,0.5,0.3,0.001,50,32,36,1
30,1,0.5,0.3,0.001,50,33,36,1
30,1,0.5,0.3,0.001,50,34,23,1
30,1,0.5,0.3,0.001,50,35,23,1
30,1,0.5,0.3,0.001,50,36,15,1
30,1,0.5,0.3,0.001,50,37,36,1
30,1,0.5,0.3,0.001,50,38,23,1
30,1,0.5,0.3,0.001,50,39,23,1
30,1,0.5,0.3,0.001,50,40,15,1
30,1,0.5,0.3,0.001,50,41,15,1
30,1,0.5,0.3,0.001,50,42,36,1
30,1,0.5,0.3,0.001,50,43,36,1
30,1,0.5,0.3,0.001,50,44,15,1
30,1,0.5,0.3,0.001,50,45,23,1
30,1,0.5,0.3,0.001,50,46,23,1
30,1,0.5,0.3,0.001,50,47,36,1
30,1,0.5,0.3,0.001,50,48,23,1
30,1,0.5,0.3,0.001,50,49,23,1
30,1,0.5,0.3,0.001,50,50,23,1
60,1,0.5,0.3,0.001,50,1,23,1
60,1,0.5,0.3,0.001,50,2,23,1
60,1,0.5,0.3,0.001,50,3,23,1
60,1,0.5,0.3,0.001,50,4,23,1
60,1,0.5,0.3,0.001,50,5,15,1
60,1,0.5,0.3,0.001,50,6,15,1
60,1,0.5,0.3,0.001,50,7,15,1
60,1,0.5,0.3,0.001,50,8,23,1
60,1,0.5,0.3,0.001,50,9,23,1
60,1,0.5,0.3,0.001,50,10,23,1
60,1,0.5,0.3,0.001,50,11,23,1
60,1,0.5,0.3,0.001,50,12,15,1
60,1,0.5,0.3,0.001,50,13,23,1
60,1,0.5,0.3,0.001,50,14,15,1
60,1,0.5,0.3,0.001,50,15,23,1
60,1,0.5,0.3,0.001,50,16,15,1
60,1,0.5,0.3,0.001,50,17,15,1
60,1,0.5,0.3,0.001,50,18,23,1
60,1,0.5,0.3,0.001,50,19,15,1
60,1,0.5,0.3,0.001,50,20,23,1
60,1,0.5,0.3,0.001,50,21,15,1
60,1,0.5,0.3,0.001,50,22,15,1
60,1,0.5,0.3,0.001,50,23,15,1
60,1,0.5,0.3,0.001,50,24,15,1
60,1,0.5,0.3,0.001,50,25,23,1
60,1,0.5,0.3,0.001,50,26,23,1
60,1,0.5,0.3,0.001,50,27,23,1
60,1,0.5,0.3,0.001,50,28,15,1
60,1,0.5,0.3,0.001,50,29,23,1
60,1,0.5,0.3,0.001,50,30,36,1
60,1,0.5,0.3,0.001,50,31,23,1
60,1,0.5,0.3,0.001,50,32,23,1
60,1,0.5,0.3,0.001,50,33,36,1
60,1,0.5,0.3,0.001,50,34,23,1
60,1,0.5,0.3,0.001,50,35,23,1
60,1,0.5,0.3,0.001,50,36,15,1
60,1,0.5,0.3,0.001,50,37,36,1
60,1,0.5,0.3,0.001,50,38,15,1
60,1,0.5,0.3,0.001,50,39,23,1
60,1,0.5,0.3,0.001,50,40,23,1
60,1,0.5,0.3,0.001,50,41,15,1
60,1,0.5,0.3,0.001,50,42,23,1
60,1,0.5,0.3,0.001,50,43,23,1
60,1,0.5,0.3,0.001,50,44,15,1
60,1,0.5,0.3,0.001,50,45,23,1
60,1,0.5,0.3,0.001,50,46,15,1
60,1,0.5,0.3,0.001,50,47,23,1
60,1,0.5,0.3,0.001,50,48,15,1
60,1,0.5,0.3,0.001,50,49,23,1
60,1,0.5,0.3,0.001,50,50,15,1
100,1,0.5,0.3,0.001,50,1,23,1
100,1,0.5,0.3,0.001,50,2,15,1
100,1,0.5,0.3,0.001,50,3,23,1
100,1,0.5,0.3,0.001,50,4,15,1
100,1,0.5,0.3,0.001,50,5,15,1
100,1,0.5,0.3,0.001,50,6,15,1
100,1,0.5,0.3,0.001,50,7,15,1
100,1,0.5,0.3,0.001,50,8,15,1
100,1,0.5,0.3,0.001,50,9,15,1
100,1,0.5,0.3,0.001,50,10,23,1
100,1,0.5,0.3,0.001,50,11,6,1
100,1,0.5,0.3,0.001,50,12,15,1
100,1,0.5,0.3,0.001,50,13,23,1
100,1,0.5,0.3,0.001,50,14,15,1
100,1,0.5,0.3,0.001,50,15,15,1
100,1,0.5,0.3,0.001,50,16,23,1
100,1,0.5,0.3,0.001,50,17,23,1
100,1,0.5,0.3,0.001,50,18,15,1
100,1,0.5,0.3,0.001,50,19,15,1
100,1,0.5,0.3,0.001,50,20,15,1
100,1,0.5,0.3,0.001,50,21,15,1
100,1,0.5,0.3,0.001,50,22,15,1
100,1,0.5,0.3,0.001,50,23,15,1
100,1,0.5,0.3,0.001,50,24,15,1
100,1,0.5,0.3,0.001,50,25,23,1
100,1,0.5,0.3,0.001,50,26,15,1
100,1,0.5,0.3,0.001,50,27,23,1
100,1,0.5,0.3,0.001,50,28,15,1
100,1,0.5,0.3,0.001,50,29,23,1
100,1,0.5,0.3,0.001,50,30,23,1
100,1,0.5,0.3,0.001,50,31,23,1
100,1,0.5,0.3,0.001,50,32,23,1
100,1,0.5,0.3,0.001,50,33,23,1
100,1,0.5,0.3,0.001,50,34,23,1
100,1,0.5,0.3,0.001,50,35,15,1
100,1,0.5,0.3,0.001,50,36,15,1
100,1,0.5,0.3,0.001,50,37,23,1
100,1,0.5,0.3,0.001,50,38,15,1
100,1,0.5,0.3,0.001,50,39,6,1
100,1,0.5,0.3,0.001,50,40,15,1
100,1,0.5,0.3,0.001,50,41,15,1
100,1,0.5,0.3,0.001,50,42,23,1
100,1,0.5,0.3,0.001,50,43,23,1
100,1,0.5,0.3,0.001,50,44,15,1
100,1,0.5,0.3,0.001,50,45,15,1
100,1,0.5,0.3,0.001,50,46,4,1
100,1,0.5,0.3,0.001,50,47,15,1
100,1,0.5,0.3,0.001,50,48,15,1
100,1,0.5,0.3,0.001,50,49,23,1
100,1,0.5,0.3,0.001,50,50,15,1
10,1.5,0.5,0.3,0.001,50,1,139,1
10,1.5,0.5,0.3,0.001,50,2,88,1
10,1.5,0.5,0.3,0.001,50,3,532,1
10,1.5,0.5,0.3,0.001,50,4,340,1
10,1.5,0.5,0.3,0.001,50,5,NA,1
10,1.5,0.5,0.3,0.001,50,6,139,1
10,1.5,0.5,0.3,0.001,50,7,88,1
10,1.5,0.5,0.3,0.001,50,8,340,1
10,1.5,0.5,0.3,0.001,50,9,139,1
10,1.5,0.5,0.3,0.001,50,10,340,1
10,1.5,0.5,0.3,0.001,50,11,217,1
10,1.5,0.5,0.3,0.001,50,12,217,1
10,1.5,0.5,0.3,0.001,50,13,217,1
10,1.5,0.5,0.3,0.001,50,14,139,1
10,1.5,0.5,0.3,0.001,50,15,57,1
10,1.5,0.5,0.3,0.001,50,16,217,1
10,1.5,0.5,0.3,0.001,50,17,217,1
10,1.5,0.5,0.3,0.001,50,18,88,1
10,1.5,0.5,0.3,0.001,50,19,217,1
10,1.5,0.5,0.3,0.001,50,20,NA,1
10,1.5,0.5,0.3,0.001,50,21,532,1
10,1.5,0.5,0.3,0.001,50,22,139,1
10,1.5,0.5,0.3,0.001,50,23,139,1
10,1.5,0.5,0.3,0.001,50,24,217,1
10,1.5,0.5,0.3,0.001,50,25,88,1
10,1.5,0.5,0.3,0.001,50,26,217,1
10,1.5,0.5,0.3,0.001,50,27,88,1
10,1.5,0.5,0.3,0.001,50,28,NA,1
10,1.5,0.5,0.3,0.001,50,29,139,1
10,1.5,0.5,0.3,0.001,50,30,340,1
10,1.5,0.5,0.3,0.001,50,31,139,1
10,1.5,0.5,0.3,0.001,50,32,139,1
10,1.5,0.5,0.3,0.001,50,33,217,1
10,1.5,0.5,0.3,0.001,50,34,139,1
10,1.5,0.5,0.3,0.001,50,35,NA,1
10,1.5,0.5,0.3,0.001,50,36,139,1
10,1.5,0.5,0.3,0.001,50,37,139,1
10,1.5,0.5,0.3,0.001,50,38,217,1
10,1.5,0.5,0.3,0.001,50,39,340,1
10,1.5,0.5,0.3,0.001,50,40,88,1
10,1.5,0.5,0.3,0.001,50,41,57,1
10,1.5,0.5,0.3,0.001,50,42,88,1
10,1.5,0.5,0.3,0.001,50,43,139,1
10,1.5,0.5,0.3,0.001,50,44,217,1
10,1.5,0.5,0.3,0.001,50,45,88,1
10,1.5,0.5,0.3,0.001,50,46,139,1
10,1.5,0.5,0.3,0.001,50,47,532,1
10,1.5,0.5,0.3,0.001,50,48,88,1
10,1.5,0.5,0.3,0.001,50,49,217,1
10,1.5,0.5,0.3,0.001,50,50,NA,1
30,1.5,0.5,0.3,0.001,50,1,36,1
30,1.5,0.5,0.3,0.001,50,2,36,1
30,1.5,0.5,0.3,0.001,50,3,57,1
30,1.5,0.5,0.3,0.001,50,4,36,1
30,1.5,0.5,0.3,0.001,50,5,57,1
30,1.5,0.5,0.3,0.001,50,6,36,1
30,1.5,0.5,0.3,0.001,50,7,36,1
30,1.5,0.5,0.3,0.001,50,8,36,1
30,1.5,0.5,0.3,0.001,50,9,57,1
30,1.5,0.5,0.3,0.001,50,10,57,1
30,1.5,0.5,0.3,0.001,50,11,23,1
30,1.5,0.5,0.3,0.001,50,12,23,1
30,1.5,0.5,0.3,0.001,50,13,36,1
30,1.5,0.5,0.3,0.001,50,14,15,1
30,1.5,0.5,0.3,0.001,50,15,36,1
30,1.5,0.5,0.3,0.001,50,16,36,1
30,1.5,0.5,0.3,0.001,50,17,36,1
30,1.5,0.5,0.3,0.001,50,18,36,1
30,1.5,0.5,0.3,0.001,50,19,23,1
30,1.5,0.5,0.3,0.001,50,20,57,1
30,1.5,0.5,0.3,0.001,50,21,57,1
30,1.5,0.5,0.3,0.001,50,22,36,1
30,1.5,0.5,0.3,0.001,50,23,36,1
30,1.5,0.5,0.3,0.001,50,24,36,1
30,1.5,0.5,0.3,0.001,50,25,36,1
30,1.5,0.5,0.3,0.001,50,26,36,1
30,1.5,0.5,0.3,0.001,50,27,36,1
30,1.5,0.5,0.3,0.001,50,28,57,1
30,1.5,0.5,0.3,0.001,50,29,36,1
30,1.5,0.5,0.3,0.001,50,30,88,1
30,1.5,0.5,0.3,0.001,50,31,23,1
30,1.5,0.5,0.3,0.001,50,32,36,1
30,1.5,0.5,0.3,0.001,50,33,57,1
30,1.5,0.5,0.3,0.001,50,34,36,1
30,1.5,0.5,0.3,0.001,50,35,36,1
30,1.5,0.5,0.3,0.001,50,36,36,1
30,1.5,0.5,0.3,0.001,50,37,36,1
30,1.5,0.5,0.3,0.001,50,38,36,1
30,1.5,0.5,0.3,0.001,50,39,36,1
30,1.5,0.5,0.3,0.001,50,40,36,1
30,1.5,0.5,0.3,0.001,50,41,36,1
30,1.5,0.5,0.3,0.001,50,42,57,1
30,1.5,0.5,0.3,0.001,50,43,36,1
30,1.5,0.5,0.3,0.001,50,44,36,1
30,1.5,0.5,0.3,0.001,50,45,36,1
30,1.5,0.5,0.3,0.001,50,46,36,1
30,1.5,0.5,0.3,0.001,50,47,88,1
30,1.5,0.5,0.3,0.001,50,48,36,1
30,1.5,0.5,0.3,0.001,50,49,36,1
30,1.5,0.5,0.3,0.001,50,50,57,1
60,1.5,0.5,0.3,0.001,50,1,36,1
60,1.5,0.5,0.3,0.001,50,2,36,1
60,1.5,0.5,0.3,0.001,50,3,57,1
60,1.5,0.5,0.3,0.001,50,4,36,1
60,1.5,0.5,0.3,0.001,50,5,36,1
60,1.5,0.5,0.3,0.001,50,6,23,1
60,1.5,0.5,0.3,0.001,50,7,23,1
60,1.5,0.5,0.3,0.001,50,8,23,1
60,1.5,0.5,0.3,0.001,50,9,57,1
60,1.5,0.5,0.3,0.001,50,10,36,1
60,1.5,0.5,0.3,0.001,50,11,23,1
60,1.5,0.5,0.3,0.001,50,12,23,1
60,1.5,0.5,0.3,0.001,50,13,36,1
60,1.5,0.5,0.3,0.001,50,14,15,1
60,1.5,0.5,0.3,0.001,50,15,23,1
60,1.5,0.5,0.3,0.001,50,16,23,1
60,1.5,0.5,0.3,0.001,50,17,36,1
60,1.5,0.5,0.3,0.001,50,18,23,1
60,1.5,0.5,0.3,0.001,50,19,23,1
60,1.5,0.5,0.3,0.001,50,20,36,1
60,1.5,0.5,0.3,0.001,50,21,36,1
60,1.5,0.5,0.3,0.001,50,22,23,1
60,1.5,0.5,0.3,0.001,50,23,15,1
60,1.5,0.5,0.3,0.001,50,24,36,1
60,1.5,0.5,0.3,0.001,50,25,36,1
60,1.5,0.5,0.3,0.001,50,26,23,1
60,1.5,0.5,0.3,0.001,50,27,23,1
60,1.5,0.5,0.3,0.001,50,28,23,1
60,1.5,0.5,0.3,0.001,50,29,23,1
60,1.5,0.5,0.3,0.001,50,30,57,1
60,1.5,0.5,0.3,0.001,50,31,23,1
60,1.5,0.5,0.3,0.001,50,32,36,1
60,1.5,0.5,0.3,0.001,50,33,36,1
60,1.5,0.5,0.3,0.001,50,34,23,1
60,1.5,0.5,0.3,0.001,50,35,23,1
60,1.5,0.5,0.3,0.001,50,36,23,1
60,1.5,0.5,0.3,0.001,50,37,36,1
60,1.5,0.5,0.3,0.001,50,38,23,1
60,1.5,0.5,0.3,0.001,50,39,23,1
60,1.5,0.5,0.3,0.001,50,40,23,1
60,1.5,0.5,0.3,0.001,50,41,23,1
60,1.5,0.5,0.3,0.001,50,42,36,1
60,1.5,0.5,0.3,0.001,50,43,36,1
60,1.5,0.5,0.3,0.001,50,44,15,1
60,1.5,0.5,0.3,0.001,50,45,15,1
60,1.5,0.5,0.3,0.001,50,46,23,1
60,1.5,0.5,0.3,0.001,50,47,57,1
60,1.5,0.5,0.3,0.001,50,48,23,1
60,1.5,0.5,0.3,0.001,50,49,36,1
60,1.5,0.5,0.3,0.001,50,50,36,1
100,1.5,0.5,0.3,0.001,50,1,23,1
100,1.5,0.5,0.3,0.001,50,2,36,1
100,1.5,0.5,0.3,0.001,50,3,23,1
100,1.5,0.5,0.3,0.001,50,4,36,1
100,1.5,0.5,0.3,0.001,50,5,23,1
100,1.5,0.5,0.3,0.001,50,6,23,1
100,1.5,0.5,0.3,0.001,50,7,23,1
100,1.5,0.5,0.3,0.001,50,8,36,1
100,1.5,0.5,0.3,0.001,50,9,36,1
100,1.5,0.5,0.3,0.001,50,10,23,1
100,1.5,0.5,0.3,0.001,50,11,23,1
100,1.5,0.5,0.3,0.001,50,12,15,1
100,1.5,0.5,0.3,0.001,50,13,36,1
100,1.5,0.5,0.3,0.001,50,14,23,1
100,1.5,0.5,0.3,0.001,50,15,15,1
100,1.5,0.5,0.3,0.001,50,16,23,1
100,1.5,0.5,0.3,0.001,50,17,23,1
100,1.5,0.5,0.3,0.001,50,18,15,1
100,1.5,0.5,0.3,0.001,50,19,15,1
100,1.5,0.5,0.3,0.001,50,20,23,1
100,1.5,0.5,0.3,0.001,50,21,23,1
100,1.5,0.5,0.3,0.001,50,22,15,1
100,1.5,0.5,0.3,0.001,50,23,15,1
100,1.5,0.5,0.3,0.001,50,24,23,1
100,1.5,0.5,0.3,0.001,50,25,23,1
100,1.5,0.5,0.3,0.001,50,26,23,1
100,1.5,0.5,0.3,0.001,50,27,23,1
100,1.5,0.5,0.3,0.001,50,28,23,1
100,1.5,0.5,0.3,0.001,50,29,23,1
100,1.5,0.5,0.3,0.001,50,30,36,1
100,1.5,0.5,0.3,0.001,50,31,15,1
100,1.5,0.5,0.3,0.001,50,32,23,1
100,1.5,0.5,0.3,0.001,50,33,23,1
100,1.5,0.5,0.3,0.001,50,34,23,1
100,1.5,0.5,0.3,0.001,50,35,36,1
100,1.5,0.5,0.3,0.001,50,36,15,1
100,1.5,0.5,0.3,0.001,50,37,23,1
100,1.5,0.5,0.3,0.001,50,38,23,1
100,1.5,0.5,0.3,0.001,50,39,23,1
100,1.5,0.5,0.3,0.001,50,40,23,1
100,1.5,0.5,0.3,0.001,50,41,23,1
100,1.5,0.5,0.3,0.001,50,42,57,1
100,1.5,0.5,0.3,0.001,50,43,23,1
100,1.5,0.5,0.3,0.001,50,44,15,1
100,1.5,0.5,0.3,0.001,50,45,23,1
100,1.5,0.5,0.3,0.001,50,46,23,1
100,1.5,0.5,0.3,0.001,50,47,23,1
100,1.5,0.5,0.3,0.001,50,48,23,1
100,1.5,0.5,0.3,0.001,50,49,23,1
100,1.5,0.5,0.3,0.001,50,50,23,1
10,0.5,0.6,0.3,0.001,50,1,36,1
10,0.5,0.6,0.3,0.001,50,2,36,1
10,0.5,0.6,0.3,0.001,50,3,57,1
10,0.5,0.6,0.3,0.001,50,4,36,1
10,0.5,0.6,0.3,0.001,50,5,36,1
10,0.5,0.6,0.3,0.001,50,6,36,1
10,0.5,0.6,0.3,0.001,50,7,36,1
10,0.5,0.6,0.3,0.001,50,8,36,1
10,0.5,0.6,0.3,0.001,50,9,36,1
10,0.5,0.6,0.3,0.001,50,10,36,1
10,0.5,0.6,0.3,0.001,50,11,36,1
10,0.5,0.6,0.3,0.001,50,12,57,1
10,0.5,0.6,0.3,0.001,50,13,57,1
10,0.5,0.6,0.3,0.001,50,14,23,1
10,0.5,0.6,0.3,0.001,50,15,36,1
10,0.5,0.6,0.3,0.001,50,16,36,1
10,0.5,0.6,0.3,0.001,50,17,36,1
10,0.5,0.6,0.3,0.001,50,18,36,1
10,0.5,0.6,0.3,0.001,50,19,36,1
10,0.5,0.6,0.3,0.001,50,20,57,1
10,0.5,0.6,0.3,0.001,50,21,36,1
10,0.5,0.6,0.3,0.001,50,22,36,1
10,0.5,0.6,0.3,0.001,50,23,36,1
10,0.5,0.6,0.3,0.001,50,24,36,1
10,0.5,0.6,0.3,0.001,50,25,36,1
10,0.5,0.6,0.3,0.001,50,26,36,1
10,0.5,0.6,0.3,0.001,50,27,36,1
10,0.5,0.6,0.3,0.001,50,28,57,1
10,0.5,0.6,0.3,0.001,50,29,36,1
10,0.5,0.6,0.3,0.001,50,30,57,1
10,0.5,0.6,0.3,0.001,50,31,36,1
10,0.5,0.6,0.3,0.001,50,32,57,1
10,0.5,0.6,0.3,0.001,50,33,36,1
10,0.5,0.6,0.3,0.001,50,34,57,1
10,0.5,0.6,0.3,0.001,50,35,36,1
10,0.5,0.6,0.3,0.001,50,36,36,1
10,0.5,0.6,0.3,0.001,50,37,57,1
10,0.5,0.6,0.3,0.001,50,38,36,1
10,0.5,0.6,0.3,0.001,50,39,36,1
10,0.5,0.6,0.3,0.001,50,40,36,1
10,0.5,0.6,0.3,0.001,50,41,36,1
10,0.5,0.6,0.3,0.001,50,42,36,1
10,0.5,0.6,0.3,0.001,50,43,36,1
10,0.5,0.6,0.3,0.001,50,44,36,1
10,0.5,0.6,0.3,0.001,50,45,36,1
10,0.5,0.6,0.3,0.001,50,46,36,1
10,0.5,0.6,0.3,0.001,50,47,57,1
10,0.5,0.6,0.3,0.001,50,48,36,1
10,0.5,0.6,0.3,0.001,50,49,36,1
10,0.5,0.6,0.3,0.001,50,50,57,1
30,0.5,0.6,0.3,0.001,50,1,15,1
30,0.5,0.6,0.3,0.001,50,2,15,1
30,0.5,0.6,0.3,0.001,50,3,15,1
30,0.5,0.6,0.3,0.001,50,4,15,1
30,0.5,0.6,0.3,0.001,50,5,15,1
30,0.5,0.6,0.3,0.001,50,6,15,1
30,0.5,0.6,0.3,0.001,50,7,15,1
30,0.5,0.6,0.3,0.001,50,8,23,1
30,0.5,0.6,0.3,0.001,50,9,15,1
30,0.5,0.6,0.3,0.001,50,10,15,1
30,0.5,0.6,0.3,0.001,50,11,23,1
30,0.5,0.6,0.3,0.001,50,12,23,1
30,0.5,0.6,0.3,0.001,50,13,15,1
30,0.5,0.6,0.3,0.001,50,14,23,1
30,0.5,0.6,0.3,0.001,50,15,15,1
30,0.5,0.6,0.3,0.001,50,16,15,1
30,0.5,0.6,0.3,0.001,50,17,15,1
30,0.5,0.6,0.3,0.001,50,18,15,1
30,0.5,0.6,0.3,0.001,50,19,9,1
30,0.5,0.6,0.3,0.001,50,20,15,1
30,0.5,0.6,0.3,0.001,50,21,15,1
30,0.5,0.6,0.3,0.001,50,22,23,1
30,0.5,0.6,0.3,0.001,50,23,23,1
30,0.5,0.6,0.3,0.001,50,24,15,1
30,0.5,0.6,0.3,0.001,50,25,15,1
30,0.5,0.6,0.3,0.001,50,26,23,1
30,0.5,0.6,0.3,0.001,50,27,15,1
30,0.5,0.6,0.3,0.001,50,28,23,1
30,0.5,0.6,0.3,0.001,50,29,15,1
30,0.5,0.6,0.3,0.001,50,30,9,1
30,0.5,0.6,0.3,0.001,50,31,15,1
30,0.5,0.6,0.3,0.001,50,32,23,1
30,0.5,0.6,0.3,0.001,50,33,23,1
30,0.5,0.6,0.3,0.001,50,34,23,1
30,0.5,0.6,0.3,0.001,50,35,23,1
30,0.5,0.6,0.3,0.001,50,36,15,1
30,0.5,0.6,0.3,0.001,50,37,15,1
30,0.5,0.6,0.3,0.001,50,38,23,1
30,0.5,0.6,0.3,0.001,50,39,23,1
30,0.5,0.6,0.3,0.001,50,40,15,1
30,0.5,0.6,0.3,0.001,50,41,15,1
30,0.5,0.6,0.3,0.001,50,42,15,1
30,0.5,0.6,0.3,0.001,50,43,15,1
30,0.5,0.6,0.3,0.001,50,44,23,1
30,0.5,0.6,0.3,0.001,50,45,15,1
30,0.5,0.6,0.3,0.001,50,46,15,1
30,0.5,0.6,0.3,0.001,50,47,15,1
30,0.5,0.6,0.3,0.001,50,48,15,1
30,0.5,0.6,0.3,0.001,50,49,15,1
30,0.5,0.6,0.3,0.001,50,50,15,1
60,0.5,0.6,0.3,0.001,50,1,9,1
60,0.5,0.6,0.3,0.001,50,2,9,1
60,0.5,0.6,0.3,0.001,50,3,15,1
60,0.5,0.6,0.3,0.001,50,4,15,1
60,0.5,0.6,0.3,0.001,50,5,15,1
60,0.5,0.6,0.3,0.001,50,6,9,1
60,0.5,0.6,0.3,0.001,50,7,15,1
60,0.5,0.6,0.3,0.001,50,8,15,1
60,0.5,0.6,0.3,0.001,50,9,15,1
60,0.5,0.6,0.3,0.001,50,10,9,1
60,0.5,0.6,0.3,0.001,50,11,9,1
60,0.5,0.6,0.3,0.001,50,12,15,1
60,0.5,0.6,0.3,0.001,50,13,15,1
60,0.5,0.6,0.3,0.001,50,14,15,1
60,0.5,0.6,0.3,0.001,50,15,15,1
60,0.5,0.6,0.3,0.001,50,16,15,1
60,0.5,0.6,0.3,0.001,50,17,15,1
60,0.5,0.6,0.3,0.001,50,18,15,1
60,0.5,0.6,0.3,0.001,50,19,15,1
60,0.5,0.6,0.3,0.001,50,20,15,1
60,0.5,0.6,0.3,0.001,50,21,9,1
60,0.5,0.6,0.3,0.001,50,22,15,1
60,0.5,0.6,0.3,0.001,50,23,15,1
60,0.5,0.6,0.3,0.001,50,24,15,1
60,0.5,0.6,0.3,0.001,50,25,9,1
60,0.5,0.6,0.3,0.001,50,26,15,1
60,0.5,0.6,0.3,0.001,50,27,15,1
60,0.5,0.6,0.3,0.001,50,28,15,1
60,0.5,0.6,0.3,0.001,50,29,15,1
60,0.5,0.6,0.3,0.001,50,30,9,1
60,0.5,0.6,0.3,0.001,50,31,9,1
60,0.5,0.6,0.3,0.001,50,32,15,1
60,0.5,0.6,0.3,0.001,50,33,15,1
60,0.5,0.6,0.3,0.001,50,34,15,1
60,0.5,0.6,0.3,0.001,50,35,15,1
60,0.5,0.6,0.3,0.001,50,36,15,1
60,0.5,0.6,0.3,0.001,50,37,15,1
60,0.5,0.6,0.3,0.001,50,38,15,1
60,0.5,0.6,0.3,0.001,50,39,15,1
60,0.5,0.6,0.3,0.001,50,40,15,1
60,0.5,0.6,0.3,0.001,50,41,15,1
60,0.5,0.6,0.3,0.001,50,42,15,1
60,0.5,0.6,0.3,0.001,50,43,15,1
60,0.5,0.6,0.3,0.001,50,44,15,1
60,0.5,0.6,0.3,0.001,50,45,9,1
60,0.5,0.6,0.3,0.001,50,46,15,1
60,0.5,0.6,0.3,0.001,50,47,15,1
60,0.5,0.6,0.3,0.001,50,48,15,1
60,0.5,0.6,0.3,0.001,50,49,15,1
60,0.5,0.6,0.3,0.001,50,50,15,1
100,0.5,0.6,0.3,0.001,50,1,9,1
100,0.5,0.6,0.3,0.001,50,2,15,1
100,0.5,0.6,0.3,0.001,50,3,9,1
100,0.5,0.6,0.3,0.001,50,4,9,1
100,0.5,0.6,0.3,0.001,50,5,9,1
100,0.5,0.6,0.3,0.001,50,6,9,1
100,0.5,0.6,0.3,0.001,50,7,15,1
100,0.5,0.6,0.3,0.001,50,8,15,1
100,0.5,0.6,0.3,0.001,50,9,15,1
100,0.5,0.6,0.3,0.001,50,10,15,1
100,0.5,0.6,0.3,0.001,50,11,9,1
100,0.5,0.6,0.3,0.001,50,12,15,1
100,0.5,0.6,0.3,0.001,50,13,9,1
100,0.5,0.6,0.3,0.001,50,14,9,1
100,0.5,0.6,0.3,0.001,50,15,15,1
100,0.5,0.6,0.3,0.001,50,16,15,1
100,0.5,0.6,0.3,0.001,50,17,15,1
100,0.5,0.6,0.3,0.001,50,18,9,1
100,0.5,0.6,0.3,0.001,50,19,9,1
100,0.5,0.6,0.3,0.001,50,20,15,1
100,0.5,0.6,0.3,0.001,50,21,9,1
100,0.5,0.6,0.3,0.001,50,22,15,1
100,0.5,0.6,0.3,0.001,50,23,15,1
100,0.5,0.6,0.3,0.001,50,24,15,1
100,0.5,0.6,0.3,0.001,50,25,9,1
100,0.5,0.6,0.3,0.001,50,26,15,1
100,0.5,0.6,0.3,0.001,50,27,9,1
100,0.5,0.6,0.3,0.001,50,28,15,1
100,0.5,0.6,0.3,0.001,50,29,15,1
100,0.5,0.6,0.3,0.001,50,30,9,1
100,0.5,0.6,0.3,0.001,50,31,9,1
100,0.5,0.6,0.3,0.001,50,32,9,1
100,0.5,0.6,0.3,0.001,50,33,15,1
100,0.5,0.6,0.3,0.001,50,34,15,1
100,0.5,0.6,0.3,0.001,50,35,9,1
100,0.5,0.6,0.3,0.001,50,36,15,1
100,0.5,0.6,0.3,0.001,50,37,15,1
100,0.5,0.6,0.3,0.001,50,38,15,1
100,0.5,0.6,0.3,0.001,50,39,15,1
100,0.5,0.6,0.3,0.001,50,40,15,1
100,0.5,0.6,0.3,0.001,50,41,15,1
100,0.5,0.6,0.3,0.001,50,42,15,1
100,0.5,0.6,0.3,0.001,50,43,15,1
100,0.5,0.6,0.3,0.001,50,44,15,1
100,0.5,0.6,0.3,0.001,50,45,9,1
100,0.5,0.6,0.3,0.001,50,46,9,1
100,0.5,0.6,0.3,0.001,50,47,15,1
100,0.5,0.6,0.3,0.001,50,48,15,1
100,0.5,0.6,0.3,0.001,50,49,15,1
100,0.5,0.6,0.3,0.001,50,50,15,1
10,1,0.6,0.3,0.001,50,1,57,1
10,1,0.6,0.3,0.001,50,2,57,1
10,1,0.6,0.3,0.001,50,3,88,1
10,1,0.6,0.3,0.001,50,4,36,1
10,1,0.6,0.3,0.001,50,5,23,1
10,1,0.6,0.3,0.001,50,6,57,1
10,1,0.6,0.3,0.001,50,7,36,1
10,1,0.6,0.3,0.001,50,8,57,1
10,1,0.6,0.3,0.001,50,9,57,1
10,1,0.6,0.3,0.001,50,10,57,1
10,1,0.6,0.3,0.001,50,11,36,1
10,1,0.6,0.3,0.001,50,12,57,1
10,1,0.6,0.3,0.001,50,13,57,1
10,1,0.6,0.3,0.001,50,14,57,1
10,1,0.6,0.3,0.001,50,15,57,1
10,1,0.6,0.3,0.001,50,16,23,1
10,1,0.6,0.3,0.001,50,17,57,1
10,1,0.6,0.3,0.001,50,18,57,1
10,1,0.6,0.3,0.001,50,19,36,1
10,1,0.6,0.3,0.001,50,20,57,1
10,1,0.6,0.3,0.001,50,21,57,1
10,1,0.6,0.3,0.001,50,22,36,1
10,1,0.6,0.3,0.001,50,23,36,1
10,1,0.6,0.3,0.001,50,24,15,1
10,1,0.6,0.3,0.001,50,25,57,1
10,1,0.6,0.3,0.001,50,26,36,1
10,1,0.6,0.3,0.001,50,27,36,1
10,1,0.6,0.3,0.001,50,28,57,1
10,1,0.6,0.3,0.001,50,29,57,1
10,1,0.6,0.3,0.001,50,30,88,1
10,1,0.6,0.3,0.001,50,31,36,1
10,1,0.6,0.3,0.001,50,32,57,1
10,1,0.6,0.3,0.001,50,33,36,1
10,1,0.6,0.3,0.001,50,34,57,1
10,1,0.6,0.3,0.001,50,35,57,1
10,1,0.6,0.3,0.001,50,36,57,1
10,1,0.6,0.3,0.001,50,37,88,1
10,1,0.6,0.3,0.001,50,38,88,1
10,1,0.6,0.3,0.001,50,39,36,1
10,1,0.6,0.3,0.001,50,40,36,1
10,1,0.6,0.3,0.001,50,41,36,1
10,1,0.6,0.3,0.001,50,42,57,1
10,1,0.6,0.3,0.001,50,43,57,1
10,1,0.6,0.3,0.001,50,44,57,1
10,1,0.6,0.3,0.001,50,45,57,1
10,1,0.6,0.3,0.001,50,46,36,1
10,1,0.6,0.3,0.001,50,47,36,1
10,1,0.6,0.3,0.001,50,48,36,1
10,1,0.6,0.3,0.001,50,49,36,1
10,1,0.6,0.3,0.001,50,50,57,1
30,1,0.6,0.3,0.001,50,1,15,1
30,1,0.6,0.3,0.001,50,2,23,1
30,1,0.6,0.3,0.001,50,3,23,1
30,1,0.6,0.3,0.001,50,4,15,1
30,1,0.6,0.3,0.001,50,5,15,1
30,1,0.6,0.3,0.001,50,6,15,1
30,1,0.6,0.3,0.001,50,7,23,1
30,1,0.6,0.3,0.001,50,8,23,1
30,1,0.6,0.3,0.001,50,9,23,1
30,1,0.6,0.3,0.001,50,10,15,1
30,1,0.6,0.3,0.001,50,11,15,1
30,1,0.6,0.3,0.001,50,12,23,1
30,1,0.6,0.3,0.001,50,13,15,1
30,1,0.6,0.3,0.001,50,14,15,1
30,1,0.6,0.3,0.001,50,15,15,1
30,1,0.6,0.3,0.001,50,16,23,1
30,1,0.6,0.3,0.001,50,17,15,1
30,1,0.6,0.3,0.001,50,18,23,1
30,1,0.6,0.3,0.001,50,19,15,1
30,1,0.6,0.3,0.001,50,20,23,1
30,1,0.6,0.3,0.001,50,21,23,1
30,1,0.6,0.3,0.001,50,22,15,1
30,1,0.6,0.3,0.001,50,23,23,1
30,1,0.6,0.3,0.001,50,24,23,1
30,1,0.6,0.3,0.001,50,25,15,1
30,1,0.6,0.3,0.001,50,26,23,1
30,1,0.6,0.3,0.001,50,27,23,1
30,1,0.6,0.3,0.001,50,28,15,1
30,1,0.6,0.3,0.001,50,29,15,1
30,1,0.6,0.3,0.001,50,30,15,1
30,1,0.6,0.3,0.001,50,31,15,1
30,1,0.6,0.3,0.001,50,32,15,1
30,1,0.6,0.3,0.001,50,33,23,1
30,1,0.6,0.3,0.001,50,34,23,1
30,1,0.6,0.3,0.001,50,35,23,1
30,1,0.6,0.3,0.001,50,36,23,1
30,1,0.6,0.3,0.001,50,37,15,1
30,1,0.6,0.3,0.001,50,38,23,1
30,1,0.6,0.3,0.001,50,39,15,1
30,1,0.6,0.3,0.001,50,40,23,1
30,1,0.6,0.3,0.001,50,41,23,1
30,1,0.6,0.3,0.001,50,42,23,1
30,1,0.6,0.3,0.001,50,43,23,1
30,1,0.6,0.3,0.001,50,44,23,1
30,1,0.6,0.3,0.001,50,45,23,1
30,1,0.6,0.3,0.001,50,46,15,1
30,1,0.6,0.3,0.001,50,47,23,1
30,1,0.6,0.3,0.001,50,48,23,1
30,1,0.6,0.3,0.001,50,49,23,1
30,1,0.6,0.3,0.001,50,50,15,1
60,1,0.6,0.3,0.001,50,1,15,1
60,1,0.6,0.3,0.001,50,2,15,1
60,1,0.6,0.3,0.001,50,3,15,1
60,1,0.6,0.3,0.001,50,4,9,1
60,1,0.6,0.3,0.001,50,5,15,1
60,1,0.6,0.3,0.001,50,6,15,1
60,1,0.6,0.3,0.001,50,7,15,1
60,1,0.6,0.3,0.001,50,8,23,1
60,1,0.6,0.3,0.001,50,9,15,1
60,1,0.6,0.3,0.001,50,10,15,1
60,1,0.6,0.3,0.001,50,11,15,1
60,1,0.6,0.3,0.001,50,12,15,1
60,1,0.6,0.3,0.001,50,13,9,1
60,1,0.6,0.3,0.001,50,14,15,1
60,1,0.6,0.3,0.001,50,15,9,1
60,1,0.6,0.3,0.001,50,16,15,1
60,1,0.6,0.3,0.001,50,17,15,1
60,1,0.6,0.3,0.001,50,18,15,1
60,1,0.6,0.3,0.001,50,19,15,1
60,1,0.6,0.3,0.001,50,20,15,1
60,1,0.6,0.3,0.001,50,21,15,1
60,1,0.6,0.3,0.001,50,22,15,1
60,1,0.6,0.3,0.001,50,23,15,1
60,1,0.6,0.3,0.001,50,24,15,1
60,1,0.6,0.3,0.001,50,25,15,1
60,1,0.6,0.3,0.001,50,26,15,1
60,1,0.6,0.3,0.001,50,27,15,1
60,1,0.6,0.3,0.001,50,28,15,1
60,1,0.6,0.3,0.001,50,29,15,1
60,1,0.6,0.3,0.001,50,30,15,1
60,1,0.6,0.3,0.001,50,31,15,1
60,1,0.6,0.3,0.001,50,32,9,1
60,1,0.6,0.3,0.001,50,33,23,1
60,1,0.6,0.3,0.001,50,34,15,1
60,1,0.6,0.3,0.001,50,35,15,1
60,1,0.6,0.3,0.001,50,36,9,1
60,1,0.6,0.3,0.001,50,37,15,1
60,1,0.6,0.3,0.001,50,38,15,1
60,1,0.6,0.3,0.001,50,39,15,1
60,1,0.6,0.3,0.001,50,40,15,1
60,1,0.6,0.3,0.001,50,41,23,1
60,1,0.6,0.3,0.001,50,42,15,1
60,1,0.6,0.3,0.001,50,43,15,1
60,1,0.6,0.3,0.001,50,44,15,1
60,1,0.6,0.3,0.001,50,45,15,1
60,1,0.6,0.3,0.001,50,46,15,1
60,1,0.6,0.3,0.001,50,47,15,1
60,1,0.6,0.3,0.001,50,48,15,1
60,1,0.6,0.3,0.001,50,49,15,1
60,1,0.6,0.3,0.001,50,50,15,1
100,1,0.6,0.3,0.001,50,1,15,1
100,1,0.6,0.3,0.001,50,2,15,1
100,1,0.6,0.3,0.001,50,3,15,1
100,1,0.6,0.3,0.001,50,4,9,1
100,1,0.6,0.3,0.001,50,5,15,1
100,1,0.6,0.3,0.001,50,6,15,1
100,1,0.6,0.3,0.001,50,7,15,1
100,1,0.6,0.3,0.001,50,8,15,1
100,1,0.6,0.3,0.001,50,9,15,1
100,1,0.6,0.3,0.001,50,10,15,1
100,1,0.6,0.3,0.001,50,11,15,1
100,1,0.6,0.3,0.001,50,12,9,1
100,1,0.6,0.3,0.001,50,13,9,1
100,1,0.6,0.3,0.001,50,14,15,1
100,1,0.6,0.3,0.001,50,15,9,1
100,1,0.6,0.3,0.001,50,16,15,1
100,1,0.6,0.3,0.001,50,17,15,1
100,1,0.6,0.3,0.001,50,18,9,1
100,1,0.6,0.3,0.001,50,19,15,1
100,1,0.6,0.3,0.001,50,20,15,1
100,1,0.6,0.3,0.001,50,21,15,1
100,1,0.6,0.3,0.001,50,22,9,1
100,1,0.6,0.3,0.001,50,23,15,1
100,1,0.6,0.3,0.001,50,24,15,1
100,1,0.6,0.3,0.001,50,25,15,1
100,1,0.6,0.3,0.001,50,26,15,1
100,1,0.6,0.3,0.001,50,27,15,1
100,1,0.6,0.3,0.001,50,28,15,1
100,1,0.6,0.3,0.001,50,29,15,1
100,1,0.6,0.3,0.001,50,30,9,1
100,1,0.6,0.3,0.001,50,31,15,1
100,1,0.6,0.3,0.001,50,32,15,1
100,1,0.6,0.3,0.001,50,33,15,1
100,1,0.6,0.3,0.001,50,34,15,1
100,1,0.6,0.3,0.001,50,35,15,1
100,1,0.6,0.3,0.001,50,36,9,1
100,1,0.6,0.3,0.001,50,37,9,1
100,1,0.6,0.3,0.001,50,38,15,1
100,1,0.6,0.3,0.001,50,39,15,1
100,1,0.6,0.3,0.001,50,40,23,1
100,1,0.6,0.3,0.001,50,41,15,1
100,1,0.6,0.3,0.001,50,42,15,1
100,1,0.6,0.3,0.001,50,43,15,1
100,1,0.6,0.3,0.001,50,44,15,1
100,1,0.6,0.3,0.001,50,45,15,1
100,1,0.6,0.3,0.001,50,46,6,1
100,1,0.6,0.3,0.001,50,47,15,1
100,1,0.6,0.3,0.001,50,48,15,1
100,1,0.6,0.3,0.001,50,49,15,1
100,1,0.6,0.3,0.001,50,50,15,1
10,1.5,0.6,0.3,0.001,50,1,139,1
10,1.5,0.6,0.3,0.001,50,2,88,1
10,1.5,0.6,0.3,0.001,50,3,139,1
10,1.5,0.6,0.3,0.001,50,4,88,1
10,1.5,0.6,0.3,0.001,50,5,36,1
10,1.5,0.6,0.3,0.001,50,6,57,1
10,1.5,0.6,0.3,0.001,50,7,88,1
10,1.5,0.6,0.3,0.001,50,8,36,1
10,1.5,0.6,0.3,0.001,50,9,88,1
10,1.5,0.6,0.3,0.001,50,10,88,1
10,1.5,0.6,0.3,0.001,50,11,57,1
10,1.5,0.6,0.3,0.001,50,12,57,1
10,1.5,0.6,0.3,0.001,50,13,88,1
10,1.5,0.6,0.3,0.001,50,14,57,1
10,1.5,0.6,0.3,0.001,50,15,88,1
10,1.5,0.6,0.3,0.001,50,16,139,1
10,1.5,0.6,0.3,0.001,50,17,88,1
10,1.5,0.6,0.3,0.001,50,18,88,1
10,1.5,0.6,0.3,0.001,50,19,57,1
10,1.5,0.6,0.3,0.001,50,20,88,1
10,1.5,0.6,0.3,0.001,50,21,88,1
10,1.5,0.6,0.3,0.001,50,22,57,1
10,1.5,0.6,0.3,0.001,50,23,88,1
10,1.5,0.6,0.3,0.001,50,24,57,1
10,1.5,0.6,0.3,0.001,50,25,88,1
10,1.5,0.6,0.3,0.001,50,26,57,1
10,1.5,0.6,0.3,0.001,50,27,57,1
10,1.5,0.6,0.3,0.001,50,28,88,1
10,1.5,0.6,0.3,0.001,50,29,88,1
10,1.5,0.6,0.3,0.001,50,30,88,1
10,1.5,0.6,0.3,0.001,50,31,57,1
10,1.5,0.6,0.3,0.001,50,32,23,1
10,1.5,0.6,0.3,0.001,50,33,88,1
10,1.5,0.6,0.3,0.001,50,34,139,1
10,1.5,0.6,0.3,0.001,50,35,57,1
10,1.5,0.6,0.3,0.001,50,36,217,1
10,1.5,0.6,0.3,0.001,50,37,88,1
10,1.5,0.6,0.3,0.001,50,38,88,1
10,1.5,0.6,0.3,0.001,50,39,36,1
10,1.5,0.6,0.3,0.001,50,40,57,1
10,1.5,0.6,0.3,0.001,50,41,57,1
10,1.5,0.6,0.3,0.001,50,42,88,1
10,1.5,0.6,0.3,0.001,50,43,88,1
10,1.5,0.6,0.3,0.001,50,44,88,1
10,1.5,0.6,0.3,0.001,50,45,88,1
10,1.5,0.6,0.3,0.001,50,46,57,1
10,1.5,0.6,0.3,0.001,50,47,88,1
10,1.5,0.6,0.3,0.001,50,48,88,1
10,1.5,0.6,0.3,0.001,50,49,36,1
10,1.5,0.6,0.3,0.001,50,50,88,1
30,1.5,0.6,0.3,0.001,50,1,23,1
30,1.5,0.6,0.3,0.001,50,2,23,1
30,1.5,0.6,0.3,0.001,50,3,23,1
30,1.5,0.6,0.3,0.001,50,4,36,1
30,1.5,0.6,0.3,0.001,50,5,23,1
30,1.5,0.6,0.3,0.001,50,6,23,1
30,1.5,0.6,0.3,0.001,50,7,23,1
30,1.5,0.6,0.3,0.001,50,8,36,1
30,1.5,0.6,0.3,0.001,50,9,23,1
30,1.5,0.6,0.3,0.001,50,10,23,1
30,1.5,0.6,0.3,0.001,50,11,23,1
30,1.5,0.6,0.3,0.001,50,12,23,1
30,1.5,0.6,0.3,0.001,50,13,23,1
30,1.5,0.6,0.3,0.001,50,14,23,1
30,1.5,0.6,0.3,0.001,50,15,23,1
30,1.5,0.6,0.3,0.001,50,16,36,1
30,1.5,0.6,0.3,0.001,50,17,23,1
30,1.5,0.6,0.3,0.001,50,18,36,1
30,1.5,0.6,0.3,0.001,50,19,15,1
30,1.5,0.6,0.3,0.001,50,20,23,1
30,1.5,0.6,0.3,0.001,50,21,23,1
30,1.5,0.6,0.3,0.001,50,22,23,1
30,1.5,0.6,0.3,0.001,50,23,23,1
30,1.5,0.6,0.3,0.001,50,24,36,1
30,1.5,0.6,0.3,0.001,50,25,23,1
30,1.5,0.6,0.3,0.001,50,26,23,1
30,1.5,0.6,0.3,0.001,50,27,23,1
30,1.5,0.6,0.3,0.001,50,28,23,1
30,1.5,0.6,0.3,0.001,50,29,36,1
30,1.5,0.6,0.3,0.001,50,30,23,1
30,1.5,0.6,0.3,0.001,50,31,23,1
30,1.5,0.6,0.3,0.001,50,32,15,1
30,1.5,0.6,0.3,0.001,50,33,36,1
30,1.5,0.6,0.3,0.001,50,34,36,1
30,1.5,0.6,0.3,0.001,50,35,23,1
30,1.5,0.6,0.3,0.001,50,36,23,1
30,1.5,0.6,0.3,0.001,50,37,23,1
30,1.5,0.6,0.3,0.001,50,38,36,1
30,1.5,0.6,0.3,0.001,50,39,9,1
30,1.5,0.6,0.3,0.001,50,40,36,1
30,1.5,0.6,0.3,0.001,50,41,23,1
30,1.5,0.6,0.3,0.001,50,42,23,1
30,1.5,0.6,0.3,0.001,50,43,36,1
30,1.5,0.6,0.3,0.001,50,44,23,1
30,1.5,0.6,0.3,0.001,50,45,36,1
30,1.5,0.6,0.3,0.001,50,46,23,1
30,1.5,0.6,0.3,0.001,50,47,23,1
30,1.5,0.6,0.3,0.001,50,48,23,1
30,1.5,0.6,0.3,0.001,50,49,23,1
30,1.5,0.6,0.3,0.001,50,50,36,1
60,1.5,0.6,0.3,0.001,50,1,23,1
60,1.5,0.6,0.3,0.001,50,2,9,1
60,1.5,0.6,0.3,0.001,50,3,15,1
60,1.5,0.6,0.3,0.001,50,4,23,1
60,1.5,0.6,0.3,0.001,50,5,15,1
60,1.5,0.6,0.3,0.001,50,6,15,1
60,1.5,0.6,0.3,0.001,50,7,15,1
60,1.5,0.6,0.3,0.001,50,8,23,1
60,1.5,0.6,0.3,0.001,50,9,15,1
60,1.5,0.6,0.3,0.001,50,10,15,1
60,1.5,0.6,0.3,0.001,50,11,15,1
60,1.5,0.6,0.3,0.001,50,12,15,1
60,1.5,0.6,0.3,0.001,50,13,15,1
60,1.5,0.6,0.3,0.001,50,14,23,1
60,1.5,0.6,0.3,0.001,50,15,15,1
60,1.5,0.6,0.3,0.001,50,16,23,1
60,1.5,0.6,0.3,0.001,50,17,23,1
60,1.5,0.6,0.3,0.001,50,18,15,1
60,1.5,0.6,0.3,0.001,50,19,15,1
60,1.5,0.6,0.3,0.001,50,20,15,1
60,1.5,0.6,0.3,0.001,50,21,15,1
60,1.5,0.6,0.3,0.001,50,22,15,1
60,1.5,0.6,0.3,0.001,50,23,23,1
60,1.5,0.6,0.3,0.001,50,24,23,1
60,1.5,0.6,0.3,0.001,50,25,15,1
60,1.5,0.6,0.3,0.001,50,26,23,1
60,1.5,0.6,0.3,0.001,50,27,23,1
60,1.5,0.6,0.3,0.001,50,28,15,1
60,1.5,0.6,0.3,0.001,50,29,15,1
60,1.5,0.6,0.3,0.001,50,30,15,1
60,1.5,0.6,0.3,0.001,50,31,15,1
60,1.5,0.6,0.3,0.001,50,32,15,1
60,1.5,0.6,0.3,0.001,50,33,23,1
60,1.5,0.6,0.3,0.001,50,34,23,1
60,1.5,0.6,0.3,0.001,50,35,23,1
60,1.5,0.6,0.3,0.001,50,36,15,1
60,1.5,0.6,0.3,0.001,50,37,15,1
60,1.5,0.6,0.3,0.001,50,38,23,1
60,1.5,0.6,0.3,0.001,50,39,6,1
60,1.5,0.6,0.3,0.001,50,40,23,1
60,1.5,0.6,0.3,0.001,50,41,23,1
60,1.5,0.6,0.3,0.001,50,42,15,1
60,1.5,0.6,0.3,0.001,50,43,23,1
60,1.5,0.6,0.3,0.001,50,44,23,1
60,1.5,0.6,0.3,0.001,50,45,4,1
60,1.5,0.6,0.3,0.001,50,46,15,1
60,1.5,0.6,0.3,0.001,50,47,15,1
60,1.5,0.6,0.3,0.001,50,48,15,1
60,1.5,0.6,0.3,0.001,50,49,23,1
60,1.5,0.6,0.3,0.001,50,50,15,1
100,1.5,0.6,0.3,0.001,50,1,9,1
100,1.5,0.6,0.3,0.001,50,2,23,1
100,1.5,0.6,0.3,0.001,50,3,23,1
100,1.5,0.6,0.3,0.001,50,4,23,1
100,1.5,0.6,0.3,0.001,50,5,15,1
100,1.5,0.6,0.3,0.001,50,6,15,1
100,1.5,0.6,0.3,0.001,50,7,15,1
100,1.5,0.6,0.3,0.001,50,8,15,1
100,1.5,0.6,0.3,0.001,50,9,15,1
100,1.5,0.6,0.3,0.001,50,10,15,1
100,1.5,0.6,0.3,0.001,50,11,15,1
100,1.5,0.6,0.3,0.001,50,12,15,1
100,1.5,0.6,0.3,0.001,50,13,15,1
100,1.5,0.6,0.3,0.001,50,14,23,1
100,1.5,0.6,0.3,0.001,50,15,15,1
100,1.5,0.6,0.3,0.001,50,16,15,1
100,1.5,0.6,0.3,0.001,50,17,23,1
100,1.5,0.6,0.3,0.001,50,18,15,1
100,1.5,0.6,0.3,0.001,50,19,4,1
100,1.5,0.6,0.3,0.001,50,20,15,1
100,1.5,0.6,0.3,0.001,50,21,15,1
100,1.5,0.6,0.3,0.001,50,22,15,1
100,1.5,0.6,0.3,0.001,50,23,15,1
100,1.5,0.6,0.3,0.001,50,24,15,1
100,1.5,0.6,0.3,0.001,50,25,15,1
100,1.5,0.6,0.3,0.001,50,26,15,1
100,1.5,0.6,0.3,0.001,50,27,15,1
100,1.5,0.6,0.3,0.001,50,28,9,1
100,1.5,0.6,0.3,0.001,50,29,15,1
100,1.5,0.6,0.3,0.001,50,30,15,1
100,1.5,0.6,0.3,0.001,50,31,15,1
100,1.5,0.6,0.3,0.001,50,32,9,1
100,1.5,0.6,0.3,0.001,50,33,15,1
100,1.5,0.6,0.3,0.001,50,34,23,1
100,1.5,0.6,0.3,0.001,50,35,15,1
100,1.5,0.6,0.3,0.001,50,36,15,1
100,1.5,0.6,0.3,0.001,50,37,15,1
100,1.5,0.6,0.3,0.001,50,38,15,1
100,1.5,0.6,0.3,0.001,50,39,15,1
100,1.5,0.6,0.3,0.001,50,40,15,1
100,1.5,0.6,0.3,0.001,50,41,15,1
100,1.5,0.6,0.3,0.001,50,42,15,1
100,1.5,0.6,0.3,0.001,50,43,15,1
100,1.5,0.6,0.3,0.001,50,44,15,1
100,1.5,0.6,0.3,0.001,50,45,15,1
100,1.5,0.6,0.3,0.001,50,46,15,1
100,1.5,0.6,0.3,0.001,50,47,23,1
100,1.5,0.6,0.3,0.001,50,48,15,1
100,1.5,0.6,0.3,0.001,50,49,23,1
100,1.5,0.6,0.3,0.001,50,50,15,1
10,0.5,0.7,0.3,0.001,50,1,23,1
10,0.5,0.7,0.3,0.001,50,2,23,1
10,0.5,0.7,0.3,0.001,50,3,36,1
10,0.5,0.7,0.3,0.001,50,4,36,1
10,0.5,0.7,0.3,0.001,50,5,23,1
10,0.5,0.7,0.3,0.001,50,6,36,1
10,0.5,0.7,0.3,0.001,50,7,36,1
10,0.5,0.7,0.3,0.001,50,8,36,1
10,0.5,0.7,0.3,0.001,50,9,23,1
10,0.5,0.7,0.3,0.001,50,10,23,1
10,0.5,0.7,0.3,0.001,50,11,36,1
10,0.5,0.7,0.3,0.001,50,12,23,1
10,0.5,0.7,0.3,0.001,50,13,36,1
10,0.5,0.7,0.3,0.001,50,14,36,1
10,0.5,0.7,0.3,0.001,50,15,36,1
10,0.5,0.7,0.3,0.001,50,16,23,1
10,0.5,0.7,0.3,0.001,50,17,36,1
10,0.5,0.7,0.3,0.001,50,18,36,1
10,0.5,0.7,0.3,0.001,50,19,23,1
10,0.5,0.7,0.3,0.001,50,20,36,1
10,0.5,0.7,0.3,0.001,50,21,23,1
10,0.5,0.7,0.3,0.001,50,22,36,1
10,0.5,0.7,0.3,0.001,50,23,15,1
10,0.5,0.7,0.3,0.001,50,24,36,1
10,0.5,0.7,0.3,0.001,50,25,23,1
10,0.5,0.7,0.3,0.001,50,26,23,1
10,0.5,0.7,0.3,0.001,50,27,23,1
10,0.5,0.7,0.3,0.001,50,28,36,1
10,0.5,0.7,0.3,0.001,50,29,36,1
10,0.5,0.7,0.3,0.001,50,30,36,1
10,0.5,0.7,0.3,0.001,50,31,23,1
10,0.5,0.7,0.3,0.001,50,32,36,1
10,0.5,0.7,0.3,0.001,50,33,36,1
10,0.5,0.7,0.3,0.001,50,34,36,1
10,0.5,0.7,0.3,0.001,50,35,23,1
10,0.5,0.7,0.3,0.001,50,36,23,1
10,0.5,0.7,0.3,0.001,50,37,23,1
10,0.5,0.7,0.3,0.001,50,38,23,1
10,0.5,0.7,0.3,0.001,50,39,36,1
10,0.5,0.7,0.3,0.001,50,40,23,1
10,0.5,0.7,0.3,0.001,50,41,36,1
10,0.5,0.7,0.3,0.001,50,42,23,1
10,0.5,0.7,0.3,0.001,50,43,36,1
10,0.5,0.7,0.3,0.001,50,44,23,1
10,0.5,0.7,0.3,0.001,50,45,23,1
10,0.5,0.7,0.3,0.001,50,46,36,1
10,0.5,0.7,0.3,0.001,50,47,36,1
10,0.5,0.7,0.3,0.001,50,48,23,1
10,0.5,0.7,0.3,0.001,50,49,36,1
10,0.5,0.7,0.3,0.001,50,50,36,1
30,0.5,0.7,0.3,0.001,50,1,9,1
30,0.5,0.7,0.3,0.001,50,2,15,1
30,0.5,0.7,0.3,0.001,50,3,15,1
30,0.5,0.7,0.3,0.001,50,4,9,1
30,0.5,0.7,0.3,0.001,50,5,9,1
30,0.5,0.7,0.3,0.001,50,6,15,1
30,0.5,0.7,0.3,0.001,50,7,15,1
30,0.5,0.7,0.3,0.001,50,8,15,1
30,0.5,0.7,0.3,0.001,50,9,15,1
30,0.5,0.7,0.3,0.001,50,10,15,1
30,0.5,0.7,0.3,0.001,50,11,9,1
30,0.5,0.7,0.3,0.001,50,12,15,1
30,0.5,0.7,0.3,0.001,50,13,9,1
30,0.5,0.7,0.3,0.001,50,14,15,1
30,0.5,0.7,0.3,0.001,50,15,15,1
30,0.5,0.7,0.3,0.001,50,16,15,1
30,0.5,0.7,0.3,0.001,50,17,15,1
30,0.5,0.7,0.3,0.001,50,18,15,1
30,0.5,0.7,0.3,0.001,50,19,15,1
30,0.5,0.7,0.3,0.001,50,20,15,1
30,0.5,0.7,0.3,0.001,50,21,15,1
30,0.5,0.7,0.3,0.001,50,22,15,1
30,0.5,0.7,0.3,0.001,50,23,9,1
30,0.5,0.7,0.3,0.001,50,24,15,1
30,0.5,0.7,0.3,0.001,50,25,9,1
30,0.5,0.7,0.3,0.001,50,26,15,1
30,0.5,0.7,0.3,0.001,50,27,15,1
30,0.5,0.7,0.3,0.001,50,28,9,1
30,0.5,0.7,0.3,0.001,50,29,15,1
30,0.5,0.7,0.3,0.001,50,30,9,1
30,0.5,0.7,0.3,0.001,50,31,15,1
30,0.5,0.7,0.3,0.001,50,32,15,1
30,0.5,0.7,0.3,0.001,50,33,15,1
30,0.5,0.7,0.3,0.001,50,34,15,1
30,0.5,0.7,0.3,0.001,50,35,15,1
30,0.5,0.7,0.3,0.001,50,36,15,1
30,0.5,0.7,0.3,0.001,50,37,15,1
30,0.5,0.7,0.3,0.001,50,38,15,1
30,0.5,0.7,0.3,0.001,50,39,15,1
30,0.5,0.7,0.3,0.001,50,40,15,1
30,0.5,0.7,0.3,0.001,50,41,15,1
30,0.5,0.7,0.3,0.001,50,42,9,1
30,0.5,0.7,0.3,0.001,50,43,15,1
30,0.5,0.7,0.3,0.001,50,44,15,1
30,0.5,0.7,0.3,0.001,50,45,15,1
30,0.5,0.7,0.3,0.001,50,46,15,1
30,0.5,0.7,0.3,0.001,50,47,9,1
30,0.5,0.7,0.3,0.001,50,48,15,1
30,0.5,0.7,0.3,0.001,50,49,15,1
30,0.5,0.7,0.3,0.001,50,50,15,1
60,0.5,0.7,0.3,0.001,50,1,9,1
60,0.5,0.7,0.3,0.001,50,2,9,1
60,0.5,0.7,0.3,0.001,50,3,15,1
60,0.5,0.7,0.3,0.001,50,4,6,1
60,0.5,0.7,0.3,0.001,50,5,9,1
60,0.5,0.7,0.3,0.001,50,6,9,1
60,0.5,0.7,0.3,0.001,50,7,15,1
60,0.5,0.7,0.3,0.001,50,8,4,1
60,0.5,0.7,0.3,0.001,50,9,15,1
60,0.5,0.7,0.3,0.001,50,10,9,1
60,0.5,0.7,0.3,0.001,50,11,6,1
60,0.5,0.7,0.3,0.001,50,12,9,1
60,0.5,0.7,0.3,0.001,50,13,9,1
60,0.5,0.7,0.3,0.001,50,14,9,1
60,0.5,0.7,0.3,0.001,50,15,9,1
60,0.5,0.7,0.3,0.001,50,16,15,1
60,0.5,0.7,0.3,0.001,50,17,9,1
60,0.5,0.7,0.3,0.001,50,18,15,1
60,0.5,0.7,0.3,0.001,50,19,9,1
60,0.5,0.7,0.3,0.001,50,20,9,1
60,0.5,0.7,0.3,0.001,50,21,15,1
60,0.5,0.7,0.3,0.001,50,22,9,1
60,0.5,0.7,0.3,0.001,50,23,9,1
60,0.5,0.7,0.3,0.001,50,24,9,1
60,0.5,0.7,0.3,0.001,50,25,9,1
60,0.5,0.7,0.3,0.001,50,26,9,1
60,0.5,0.7,0.3,0.001,50,27,9,1
60,0.5,0.7,0.3,0.001,50,28,9,1
60,0.5,0.7,0.3,0.001,50,29,6,1
60,0.5,0.7,0.3,0.001,50,30,9,1
60,0.5,0.7,0.3,0.001,50,31,9,1
60,0.5,0.7,0.3,0.001,50,32,9,1
60,0.5,0.7,0.3,0.001,50,33,6,1
60,0.5,0.7,0.3,0.001,50,34,9,1
60,0.5,0.7,0.3,0.001,50,35,15,1
60,0.5,0.7,0.3,0.001,50,36,9,1
60,0.5,0.7,0.3,0.001,50,37,9,1
60,0.5,0.7,0.3,0.001,50,38,9,1
60,0.5,0.7,0.3,0.001,50,39,15,1
60,0.5,0.7,0.3,0.001,50,40,15,1
60,0.5,0.7,0.3,0.001,50,41,15,1
60,0.5,0.7,0.3,0.001,50,42,9,1
60,0.5,0.7,0.3,0.001,50,43,9,1
60,0.5,0.7,0.3,0.001,50,44,15,1
60,0.5,0.7,0.3,0.001,50,45,15,1
60,0.5,0.7,0.3,0.001,50,46,9,1
60,0.5,0.7,0.3,0.001,50,47,9,1
60,0.5,0.7,0.3,0.001,50,48,15,1
60,0.5,0.7,0.3,0.001,50,49,9,1
60,0.5,0.7,0.3,0.001,50,50,9,1
100,0.5,0.7,0.3,0.001,50,1,6,1
100,0.5,0.7,0.3,0.001,50,2,9,1
100,0.5,0.7,0.3,0.001,50,3,9,1
100,0.5,0.7,0.3,0.001,50,4,6,1
100,0.5,0.7,0.3,0.001,50,5,9,1
100,0.5,0.7,0.3,0.001,50,6,9,1
100,0.5,0.7,0.3,0.001,50,7,9,1
100,0.5,0.7,0.3,0.001,50,8,4,1
100,0.5,0.7,0.3,0.001,50,9,9,1
100,0.5,0.7,0.3,0.001,50,10,9,1
100,0.5,0.7,0.3,0.001,50,11,4,1
100,0.5,0.7,0.3,0.001,50,12,9,1
100,0.5,0.7,0.3,0.001,50,13,9,1
100,0.5,0.7,0.3,0.001,50,14,9,1
100,0.5,0.7,0.3,0.001,50,15,9,1
100,0.5,0.7,0.3,0.001,50,16,9,1
100,0.5,0.7,0.3,0.001,50,17,9,1
100,0.5,0.7,0.3,0.001,50,18,15,1
100,0.5,0.7,0.3,0.001,50,19,9,1
100,0.5,0.7,0.3,0.001,50,20,6,1
100,0.5,0.7,0.3,0.001,50,21,9,1
100,0.5,0.7,0.3,0.001,50,22,9,1
100,0.5,0.7,0.3,0.001,50,23,9,1
100,0.5,0.7,0.3,0.001,50,24,9,1
100,0.5,0.7,0.3,0.001,50,25,9,1
100,0.5,0.7,0.3,0.001,50,26,9,1
100,0.5,0.7,0.3,0.001,50,27,9,1
100,0.5,0.7,0.3,0.001,50,28,9,1
100,0.5,0.7,0.3,0.001,50,29,6,1
100,0.5,0.7,0.3,0.001,50,30,9,1
100,0.5,0.7,0.3,0.001,50,31,9,1
100,0.5,0.7,0.3,0.001,50,32,9,1
100,0.5,0.7,0.3,0.001,50,33,6,1
100,0.5,0.7,0.3,0.001,50,34,9,1
100,0.5,0.7,0.3,0.001,50,35,9,1
100,0.5,0.7,0.3,0.001,50,36,6,1
100,0.5,0.7,0.3,0.001,50,37,6,1
100,0.5,0.7,0.3,0.001,50,38,9,1
100,0.5,0.7,0.3,0.001,50,39,9,1
100,0.5,0.7,0.3,0.001,50,40,9,1
100,0.5,0.7,0.3,0.001,50,41,15,1
100,0.5,0.7,0.3,0.001,50,42,9,1
100,0.5,0.7,0.3,0.001,50,43,9,1
100,0.5,0.7,0.3,0.001,50,44,9,1
100,0.5,0.7,0.3,0.001,50,45,15,1
100,0.5,0.7,0.3,0.001,50,46,9,1
100,0.5,0.7,0.3,0.001,50,47,9,1
100,0.5,0.7,0.3,0.001,50,48,9,1
100,0.5,0.7,0.3,0.001,50,49,9,1
100,0.5,0.7,0.3,0.001,50,50,4,1
10,1,0.7,0.3,0.001,50,1,36,1
10,1,0.7,0.3,0.001,50,2,36,1
10,1,0.7,0.3,0.001,50,3,36,1
10,1,0.7,0.3,0.001,50,4,23,1
10,1,0.7,0.3,0.001,50,5,23,1
10,1,0.7,0.3,0.001,50,6,36,1
10,1,0.7,0.3,0.001,50,7,36,1
10,1,0.7,0.3,0.001,50,8,36,1
10,1,0.7,0.3,0.001,50,9,36,1
10,1,0.7,0.3,0.001,50,10,36,1
10,1,0.7,0.3,0.001,50,11,36,1
10,1,0.7,0.3,0.001,50,12,36,1
10,1,0.7,0.3,0.001,50,13,36,1
10,1,0.7,0.3,0.001,50,14,36,1
10,1,0.7,0.3,0.001,50,15,36,1
10,1,0.7,0.3,0.001,50,16,36,1
10,1,0.7,0.3,0.001,50,17,36,1
10,1,0.7,0.3,0.001,50,18,36,1
10,1,0.7,0.3,0.001,50,19,36,1
10,1,0.7,0.3,0.001,50,20,36,1
10,1,0.7,0.3,0.001,50,21,36,1
10,1,0.7,0.3,0.001,50,22,23,1
10,1,0.7,0.3,0.001,50,23,23,1
10,1,0.7,0.3,0.001,50,24,36,1
10,1,0.7,0.3,0.001,50,25,36,1
10,1,0.7,0.3,0.001,50,26,36,1
10,1,0.7,0.3,0.001,50,27,36,1
10,1,0.7,0.3,0.001,50,28,36,1
10,1,0.7,0.3,0.001,50,29,36,1
10,1,0.7,0.3,0.001,50,30,36,1
10,1,0.7,0.3,0.001,50,31,23,1
10,1,0.7,0.3,0.001,50,32,36,1
10,1,0.7,0.3,0.001,50,33,36,1
10,1,0.7,0.3,0.001,50,34,36,1
10,1,0.7,0.3,0.001,50,35,36,1
10,1,0.7,0.3,0.001,50,36,36,1
10,1,0.7,0.3,0.001,50,37,57,1
10,1,0.7,0.3,0.001,50,38,36,1
10,1,0.7,0.3,0.001,50,39,36,1
10,1,0.7,0.3,0.001,50,40,36,1
10,1,0.7,0.3,0.001,50,41,36,1
10,1,0.7,0.3,0.001,50,42,23,1
10,1,0.7,0.3,0.001,50,43,36,1
10,1,0.7,0.3,0.001,50,44,36,1
10,1,0.7,0.3,0.001,50,45,36,1
10,1,0.7,0.3,0.001,50,46,36,1
10,1,0.7,0.3,0.001,50,47,23,1
10,1,0.7,0.3,0.001,50,48,15,1
10,1,0.7,0.3,0.001,50,49,36,1
10,1,0.7,0.3,0.001,50,50,36,1
30,1,0.7,0.3,0.001,50,1,15,1
30,1,0.7,0.3,0.001,50,2,15,1
30,1,0.7,0.3,0.001,50,3,15,1
30,1,0.7,0.3,0.001,50,4,15,1
30,1,0.7,0.3,0.001,50,5,15,1
30,1,0.7,0.3,0.001,50,6,15,1
30,1,0.7,0.3,0.001,50,7,15,1
30,1,0.7,0.3,0.001,50,8,15,1
30,1,0.7,0.3,0.001,50,9,15,1
30,1,0.7,0.3,0.001,50,10,15,1
30,1,0.7,0.3,0.001,50,11,15,1
30,1,0.7,0.3,0.001,50,12,15,1
30,1,0.7,0.3,0.001,50,13,9,1
30,1,0.7,0.3,0.001,50,14,15,1
30,1,0.7,0.3,0.001,50,15,15,1
30,1,0.7,0.3,0.001,50,16,15,1
30,1,0.7,0.3,0.001,50,17,15,1
30,1,0.7,0.3,0.001,50,18,15,1
30,1,0.7,0.3,0.001,50,19,15,1
30,1,0.7,0.3,0.001,50,20,15,1
30,1,0.7,0.3,0.001,50,21,15,1
30,1,0.7,0.3,0.001,50,22,15,1
30,1,0.7,0.3,0.001,50,23,15,1
30,1,0.7,0.3,0.001,50,24,15,1
30,1,0.7,0.3,0.001,50,25,15,1
30,1,0.7,0.3,0.001,50,26,15,1
30,1,0.7,0.3,0.001,50,27,15,1
30,1,0.7,0.3,0.001,50,28,15,1
30,1,0.7,0.3,0.001,50,29,15,1
30,1,0.7,0.3,0.001,50,30,15,1
30,1,0.7,0.3,0.001,50,31,9,1
30,1,0.7,0.3,0.001,50,32,15,1
30,1,0.7,0.3,0.001,50,33,15,1
30,1,0.7,0.3,0.001,50,34,15,1
30,1,0.7,0.3,0.001,50,35,15,1
30,1,0.7,0.3,0.001,50,36,15,1
30,1,0.7,0.3,0.001,50,37,15,1
30,1,0.7,0.3,0.001,50,38,15,1
30,1,0.7,0.3,0.001,50,39,15,1
30,1,0.7,0.3,0.001,50,40,15,1
30,1,0.7,0.3,0.001,50,41,23,1
30,1,0.7,0.3,0.001,50,42,15,1
30,1,0.7,0.3,0.001,50,43,15,1
30,1,0.7,0.3,0.001,50,44,15,1
30,1,0.7,0.3,0.001,50,45,15,1
30,1,0.7,0.3,0.001,50,46,15,1
30,1,0.7,0.3,0.001,50,47,15,1
30,1,0.7,0.3,0.001,50,48,15,1
30,1,0.7,0.3,0.001,50,49,15,1
30,1,0.7,0.3,0.001,50,50,15,1
60,1,0.7,0.3,0.001,50,1,9,1
60,1,0.7,0.3,0.001,50,2,9,1
60,1,0.7,0.3,0.001,50,3,15,1
60,1,0.7,0.3,0.001,50,4,9,1
60,1,0.7,0.3,0.001,50,5,9,1
60,1,0.7,0.3,0.001,50,6,9,1
60,1,0.7,0.3,0.001,50,7,15,1
60,1,0.7,0.3,0.001,50,8,9,1
60,1,0.7,0.3,0.001,50,9,15,1
60,1,0.7,0.3,0.001,50,10,9,1
60,1,0.7,0.3,0.001,50,11,9,1
60,1,0.7,0.3,0.001,50,12,15,1
60,1,0.7,0.3,0.001,50,13,15,1
60,1,0.7,0.3,0.001,50,14,15,1
60,1,0.7,0.3,0.001,50,15,9,1
60,1,0.7,0.3,0.001,50,16,15,1
60,1,0.7,0.3,0.001,50,17,15,1
60,1,0.7,0.3,0.001,50,18,15,1
60,1,0.7,0.3,0.001,50,19,15,1
60,1,0.7,0.3,0.001,50,20,9,1
60,1,0.7,0.3,0.001,50,21,15,1
60,1,0.7,0.3,0.001,50,22,15,1
60,1,0.7,0.3,0.001,50,23,15,1
60,1,0.7,0.3,0.001,50,24,15,1
60,1,0.7,0.3,0.001,50,25,15,1
60,1,0.7,0.3,0.001,50,26,9,1
60,1,0.7,0.3,0.001,50,27,9,1
60,1,0.7,0.3,0.001,50,28,9,1
60,1,0.7,0.3,0.001,50,29,15,1
60,1,0.7,0.3,0.001,50,30,15,1
60,1,0.7,0.3,0.001,50,31,9,1
60,1,0.7,0.3,0.001,50,32,15,1
60,1,0.7,0.3,0.001,50,33,15,1
60,1,0.7,0.3,0.001,50,34,15,1
60,1,0.7,0.3,0.001,50,35,15,1
60,1,0.7,0.3,0.001,50,36,15,1
60,1,0.7,0.3,0.001,50,37,6,1
60,1,0.7,0.3,0.001,50,38,9,1
60,1,0.7,0.3,0.001,50,39,9,1
60,1,0.7,0.3,0.001,50,40,15,1
60,1,0.7,0.3,0.001,50,41,15,1
60,1,0.7,0.3,0.001,50,42,9,1
60,1,0.7,0.3,0.001,50,43,9,1
60,1,0.7,0.3,0.001,50,44,9,1
60,1,0.7,0.3,0.001,50,45,9,1
60,1,0.7,0.3,0.001,50,46,9,1
60,1,0.7,0.3,0.001,50,47,9,1
60,1,0.7,0.3,0.001,50,48,15,1
60,1,0.7,0.3,0.001,50,49,15,1
60,1,0.7,0.3,0.001,50,50,9,1
100,1,0.7,0.3,0.001,50,1,9,1
100,1,0.7,0.3,0.001,50,2,9,1
100,1,0.7,0.3,0.001,50,3,9,1
100,1,0.7,0.3,0.001,50,4,9,1
100,1,0.7,0.3,0.001,50,5,9,1
100,1,0.7,0.3,0.001,50,6,9,1
100,1,0.7,0.3,0.001,50,7,15,1
100,1,0.7,0.3,0.001,50,8,9,1
100,1,0.7,0.3,0.001,50,9,15,1
100,1,0.7,0.3,0.001,50,10,9,1
100,1,0.7,0.3,0.001,50,11,9,1
100,1,0.7,0.3,0.001,50,12,9,1
100,1,0.7,0.3,0.001,50,13,9,1
100,1,0.7,0.3,0.001,50,14,9,1
100,1,0.7,0.3,0.001,50,15,9,1
100,1,0.7,0.3,0.001,50,16,9,1
100,1,0.7,0.3,0.001,50,17,9,1
100,1,0.7,0.3,0.001,50,18,15,1
100,1,0.7,0.3,0.001,50,19,9,1
100,1,0.7,0.3,0.001,50,20,9,1
100,1,0.7,0.3,0.001,50,21,15,1
100,1,0.7,0.3,0.001,50,22,15,1
100,1,0.7,0.3,0.001,50,23,15,1
100,1,0.7,0.3,0.001,50,24,9,1
100,1,0.7,0.3,0.001,50,25,9,1
100,1,0.7,0.3,0.001,50,26,9,1
100,1,0.7,0.3,0.001,50,27,9,1
100,1,0.7,0.3,0.001,50,28,6,1
100,1,0.7,0.3,0.001,50,29,15,1
100,1,0.7,0.3,0.001,50,30,9,1
100,1,0.7,0.3,0.001,50,31,9,1
100,1,0.7,0.3,0.001,50,32,9,1
100,1,0.7,0.3,0.001,50,33,9,1
100,1,0.7,0.3,0.001,50,34,15,1
100,1,0.7,0.3,0.001,50,35,15,1
100,1,0.7,0.3,0.001,50,36,15,1
100,1,0.7,0.3,0.001,50,37,9,1
100,1,0.7,0.3,0.001,50,38,9,1
100,1,0.7,0.3,0.001,50,39,9,1
100,1,0.7,0.3,0.001,50,40,9,1
100,1,0.7,0.3,0.001,50,41,15,1
100,1,0.7,0.3,0.001,50,42,9,1
100,1,0.7,0.3,0.001,50,43,9,1
100,1,0.7,0.3,0.001,50,44,15,1
100,1,0.7,0.3,0.001,50,45,15,1
100,1,0.7,0.3,0.001,50,46,9,1
100,1,0.7,0.3,0.001,50,47,9,1
100,1,0.7,0.3,0.001,50,48,6,1
100,1,0.7,0.3,0.001,50,49,15,1
100,1,0.7,0.3,0.001,50,50,9,1
10,1.5,0.7,0.3,0.001,50,1,36,1
10,1.5,0.7,0.3,0.001,50,2,36,1
10,1.5,0.7,0.3,0.001,50,3,57,1
10,1.5,0.7,0.3,0.001,50,4,57,1
10,1.5,0.7,0.3,0.001,50,5,36,1
10,1.5,0.7,0.3,0.001,50,6,57,1
10,1.5,0.7,0.3,0.001,50,7,57,1
10,1.5,0.7,0.3,0.001,50,8,36,1
10,1.5,0.7,0.3,0.001,50,9,57,1
10,1.5,0.7,0.3,0.001,50,10,57,1
10,1.5,0.7,0.3,0.001,50,11,57,1
10,1.5,0.7,0.3,0.001,50,12,57,1
10,1.5,0.7,0.3,0.001,50,13,57,1
10,1.5,0.7,0.3,0.001,50,14,57,1
10,1.5,0.7,0.3,0.001,50,15,57,1
10,1.5,0.7,0.3,0.001,50,16,57,1
10,1.5,0.7,0.3,0.001,50,17,36,1
10,1.5,0.7,0.3,0.001,50,18,57,1
10,1.5,0.7,0.3,0.001,50,19,36,1
10,1.5,0.7,0.3,0.001,50,20,57,1
10,1.5,0.7,0.3,0.001,50,21,57,1
10,1.5,0.7,0.3,0.001,50,22,57,1
10,1.5,0.7,0.3,0.001,50,23,57,1
10,1.5,0.7,0.3,0.001,50,24,57,1
10,1.5,0.7,0.3,0.001,50,25,57,1
10,1.5,0.7,0.3,0.001,50,26,57,1
10,1.5,0.7,0.3,0.001,50,27,36,1
10,1.5,0.7,0.3,0.001,50,28,57,1
10,1.5,0.7,0.3,0.001,50,29,36,1
10,1.5,0.7,0.3,0.001,50,30,57,1
10,1.5,0.7,0.3,0.001,50,31,36,1
10,1.5,0.7,0.3,0.001,50,32,36,1
10,1.5,0.7,0.3,0.001,50,33,36,1
10,1.5,0.7,0.3,0.001,50,34,88,1
10,1.5,0.7,0.3,0.001,50,35,36,1
10,1.5,0.7,0.3,0.001,50,36,36,1
10,1.5,0.7,0.3,0.001,50,37,57,1
10,1.5,0.7,0.3,0.001,50,38,57,1
10,1.5,0.7,0.3,0.001,50,39,57,1
10,1.5,0.7,0.3,0.001,50,40,6,1
10,1.5,0.7,0.3,0.001,50,41,57,1
10,1.5,0.7,0.3,0.001,50,42,23,1
10,1.5,0.7,0.3,0.001,50,43,36,1
10,1.5,0.7,0.3,0.001,50,44,57,1
10,1.5,0.7,0.3,0.001,50,45,36,1
10,1.5,0.7,0.3,0.001,50,46,36,1
10,1.5,0.7,0.3,0.001,50,47,36,1
10,1.5,0.7,0.3,0.001,50,48,23,1
10,1.5,0.7,0.3,0.001,50,49,57,1
10,1.5,0.7,0.3,0.001,50,50,57,1
30,1.5,0.7,0.3,0.001,50,1,15,1
30,1.5,0.7,0.3,0.001,50,2,15,1
30,1.5,0.7,0.3,0.001,50,3,15,1
30,1.5,0.7,0.3,0.001,50,4,23,1
30,1.5,0.7,0.3,0.001,50,5,15,1
30,1.5,0.7,0.3,0.001,50,6,23,1
30,1.5,0.7,0.3,0.001,50,7,23,1
30,1.5,0.7,0.3,0.001,50,8,23,1
30,1.5,0.7,0.3,0.001,50,9,23,1
30,1.5,0.7,0.3,0.001,50,10,15,1
30,1.5,0.7,0.3,0.001,50,11,15,1
30,1.5,0.7,0.3,0.001,50,12,23,1
30,1.5,0.7,0.3,0.001,50,13,15,1
30,1.5,0.7,0.3,0.001,50,14,23,1
30,1.5,0.7,0.3,0.001,50,15,23,1
30,1.5,0.7,0.3,0.001,50,16,15,1
30,1.5,0.7,0.3,0.001,50,17,15,1
30,1.5,0.7,0.3,0.001,50,18,15,1
30,1.5,0.7,0.3,0.001,50,19,23,1
30,1.5,0.7,0.3,0.001,50,20,23,1
30,1.5,0.7,0.3,0.001,50,21,15,1
30,1.5,0.7,0.3,0.001,50,22,36,1
30,1.5,0.7,0.3,0.001,50,23,23,1
30,1.5,0.7,0.3,0.001,50,24,15,1
30,1.5,0.7,0.3,0.001,50,25,15,1
30,1.5,0.7,0.3,0.001,50,26,15,1
30,1.5,0.7,0.3,0.001,50,27,23,1
30,1.5,0.7,0.3,0.001,50,28,15,1
30,1.5,0.7,0.3,0.001,50,29,15,1
30,1.5,0.7,0.3,0.001,50,30,23,1
30,1.5,0.7,0.3,0.001,50,31,15,1
30,1.5,0.7,0.3,0.001,50,32,15,1
30,1.5,0.7,0.3,0.001,50,33,23,1
30,1.5,0.7,0.3,0.001,50,34,23,1
30,1.5,0.7,0.3,0.001,50,35,15,1
30,1.5,0.7,0.3,0.001,50,36,15,1
30,1.5,0.7,0.3,0.001,50,37,15,1
30,1.5,0.7,0.3,0.001,50,38,23,1
30,1.5,0.7,0.3,0.001,50,39,23,1
30,1.5,0.7,0.3,0.001,50,40,23,1
30,1.5,0.7,0.3,0.001,50,41,23,1
30,1.5,0.7,0.3,0.001,50,42,15,1
30,1.5,0.7,0.3,0.001,50,43,15,1
30,1.5,0.7,0.3,0.001,50,44,23,1
30,1.5,0.7,0.3,0.001,50,45,23,1
30,1.5,0.7,0.3,0.001,50,46,15,1
30,1.5,0.7,0.3,0.001,50,47,15,1
30,1.5,0.7,0.3,0.001,50,48,15,1
30,1.5,0.7,0.3,0.001,50,49,23,1
30,1.5,0.7,0.3,0.001,50,50,15,1
60,1.5,0.7,0.3,0.001,50,1,15,1
60,1.5,0.7,0.3,0.001,50,2,15,1
60,1.5,0.7,0.3,0.001,50,3,15,1
60,1.5,0.7,0.3,0.001,50,4,15,1
60,1.5,0.7,0.3,0.001,50,5,15,1
60,1.5,0.7,0.3,0.001,50,6,15,1
60,1.5,0.7,0.3,0.001,50,7,6,1
60,1.5,0.7,0.3,0.001,50,8,15,1
60,1.5,0.7,0.3,0.001,50,9,15,1
60,1.5,0.7,0.3,0.001,50,10,15,1
60,1.5,0.7,0.3,0.001,50,11,9,1
60,1.5,0.7,0.3,0.001,50,12,15,1
60,1.5,0.7,0.3,0.001,50,13,15,1
60,1.5,0.7,0.3,0.001,50,14,15,1
60,1.5,0.7,0.3,0.001,50,15,15,1
60,1.5,0.7,0.3,0.001,50,16,15,1
60,1.5,0.7,0.3,0.001,50,17,15,1
60,1.5,0.7,0.3,0.001,50,18,9,1
60,1.5,0.7,0.3,0.001,50,19,15,1
60,1.5,0.7,0.3,0.001,50,20,15,1
60,1.5,0.7,0.3,0.001,50,21,15,1
60,1.5,0.7,0.3,0.001,50,22,23,1
60,1.5,0.7,0.3,0.001,50,23,15,1
60,1.5,0.7,0.3,0.001,50,24,15,1
60,1.5,0.7,0.3,0.001,50,25,15,1
60,1.5,0.7,0.3,0.001,50,26,15,1
60,1.5,0.7,0.3,0.001,50,27,23,1
60,1.5,0.7,0.3,0.001,50,28,15,1
60,1.5,0.7,0.3,0.001,50,29,15,1
60,1.5,0.7,0.3,0.001,50,30,15,1
60,1.5,0.7,0.3,0.001,50,31,15,1
60,1.5,0.7,0.3,0.001,50,32,9,1
60,1.5,0.7,0.3,0.001,50,33,15,1
60,1.5,0.7,0.3,0.001,50,34,15,1
60,1.5,0.7,0.3,0.001,50,35,15,1
60,1.5,0.7,0.3,0.001,50,36,15,1
60,1.5,0.7,0.3,0.001,50,37,15,1
60,1.5,0.7,0.3,0.001,50,38,15,1
60,1.5,0.7,0.3,0.001,50,39,15,1
60,1.5,0.7,0.3,0.001,50,40,15,1
60,1.5,0.7,0.3,0.001,50,41,15,1
60,1.5,0.7,0.3,0.001,50,42,15,1
60,1.5,0.7,0.3,0.001,50,43,15,1
60,1.5,0.7,0.3,0.001,50,44,15,1
60,1.5,0.7,0.3,0.001,50,45,15,1
60,1.5,0.7,0.3,0.001,50,46,9,1
60,1.5,0.7,0.3,0.001,50,47,15,1
60,1.5,0.7,0.3,0.001,50,48,15,1
60,1.5,0.7,0.3,0.001,50,49,15,1
60,1.5,0.7,0.3,0.001,50,50,15,1
100,1.5,0.7,0.3,0.001,50,1,9,1
100,1.5,0.7,0.3,0.001,50,2,15,1
100,1.5,0.7,0.3,0.001,50,3,15,1
100,1.5,0.7,0.3,0.001,50,4,15,1
100,1.5,0.7,0.3,0.001,50,5,15,1
100,1.5,0.7,0.3,0.001,50,6,15,1
100,1.5,0.7,0.3,0.001,50,7,23,1
100,1.5,0.7,0.3,0.001,50,8,15,1
100,1.5,0.7,0.3,0.001,50,9,15,1
100,1.5,0.7,0.3,0.001,50,10,15,1
100,1.5,0.7,0.3,0.001,50,11,15,1
100,1.5,0.7,0.3,0.001,50,12,15,1
100,1.5,0.7,0.3,0.001,50,13,15,1
100,1.5,0.7,0.3,0.001,50,14,15,1
100,1.5,0.7,0.3,0.001,50,15,15,1
100,1.5,0.7,0.3,0.001,50,16,15,1
100,1.5,0.7,0.3,0.001,50,17,9,1
100,1.5,0.7,0.3,0.001,50,18,15,1
100,1.5,0.7,0.3,0.001,50,19,15,1
100,1.5,0.7,0.3,0.001,50,20,15,1
100,1.5,0.7,0.3,0.001,50,21,15,1
100,1.5,0.7,0.3,0.001,50,22,15,1
100,1.5,0.7,0.3,0.001,50,23,15,1
100,1.5,0.7,0.3,0.001,50,24,9,1
100,1.5,0.7,0.3,0.001,50,25,15,1
100,1.5,0.7,0.3,0.001,50,26,15,1
100,1.5,0.7,0.3,0.001,50,27,15,1
100,1.5,0.7,0.3,0.001,50,28,15,1
100,1.5,0.7,0.3,0.001,50,29,9,1
100,1.5,0.7,0.3,0.001,50,30,9,1
100,1.5,0.7,0.3,0.001,50,31,15,1
100,1.5,0.7,0.3,0.001,50,32,15,1
100,1.5,0.7,0.3,0.001,50,33,15,1
100,1.5,0.7,0.3,0.001,50,34,15,1
100,1.5,0.7,0.3,0.001,50,35,6,1
100,1.5,0.7,0.3,0.001,50,36,15,1
100,1.5,0.7,0.3,0.001,50,37,15,1
100,1.5,0.7,0.3,0.001,50,38,9,1
100,1.5,0.7,0.3,0.001,50,39,15,1
100,1.5,0.7,0.3,0.001,50,40,9,1
100,1.5,0.7,0.3,0.001,50,41,15,1
100,1.5,0.7,0.3,0.001,50,42,15,1
100,1.5,0.7,0.3,0.001,50,43,9,1
100,1.5,0.7,0.3,0.001,50,44,9,1
100,1.5,0.7,0.3,0.001,50,45,15,1
100,1.5,0.7,0.3,0.001,50,46,9,1
100,1.5,0.7,0.3,0.001,50,47,15,1
100,1.5,0.7,0.3,0.001,50,48,9,1
100,1.5,0.7,0.3,0.001,50,49,15,1
100,1.5,0.7,0.3,0.001,50,50,9,1
10,0.5,0.5,0.4,0.001,50,1,139,1
10,0.5,0.5,0.4,0.001,50,2,88,1
10,0.5,0.5,0.4,0.001,50,3,139,1
10,0.5,0.5,0.4,0.001,50,4,340,1
10,0.5,0.5,0.4,0.001,50,5,139,1
10,0.5,0.5,0.4,0.001,50,6,217,1
10,0.5,0.5,0.4,0.001,50,7,57,1
10,0.5,0.5,0.4,0.001,50,8,139,1
10,0.5,0.5,0.4,0.001,50,9,139,1
10,0.5,0.5,0.4,0.001,50,10,217,1
10,0.5,0.5,0.4,0.001,50,11,88,1
10,0.5,0.5,0.4,0.001,50,12,217,1
10,0.5,0.5,0.4,0.001,50,13,88,1
10,0.5,0.5,0.4,0.001,50,14,139,1
10,0.5,0.5,0.4,0.001,50,15,88,1
10,0.5,0.5,0.4,0.001,50,16,88,1
10,0.5,0.5,0.4,0.001,50,17,139,1
10,0.5,0.5,0.4,0.001,50,18,217,1
10,0.5,0.5,0.4,0.001,50,19,217,1
10,0.5,0.5,0.4,0.001,50,20,139,1
10,0.5,0.5,0.4,0.001,50,21,217,1
10,0.5,0.5,0.4,0.001,50,22,139,1
10,0.5,0.5,0.4,0.001,50,23,217,1
10,0.5,0.5,0.4,0.001,50,24,217,1
10,0.5,0.5,0.4,0.001,50,25,217,1
10,0.5,0.5,0.4,0.001,50,26,57,1
10,0.5,0.5,0.4,0.001,50,27,217,1
10,0.5,0.5,0.4,0.001,50,28,57,1
10,0.5,0.5,0.4,0.001,50,29,217,1
10,0.5,0.5,0.4,0.001,50,30,139,1
10,0.5,0.5,0.4,0.001,50,31,139,1
10,0.5,0.5,0.4,0.001,50,32,139,1
10,0.5,0.5,0.4,0.001,50,33,139,1
10,0.5,0.5,0.4,0.001,50,34,340,1
10,0.5,0.5,0.4,0.001,50,35,139,1
10,0.5,0.5,0.4,0.001,50,36,139,1
10,0.5,0.5,0.4,0.001,50,37,217,1
10,0.5,0.5,0.4,0.001,50,38,217,1
10,0.5,0.5,0.4,0.001,50,39,217,1
10,0.5,0.5,0.4,0.001,50,40,88,1
10,0.5,0.5,0.4,0.001,50,41,139,1
10,0.5,0.5,0.4,0.001,50,42,88,1
10,0.5,0.5,0.4,0.001,50,43,139,1
10,0.5,0.5,0.4,0.001,50,44,217,1
10,0.5,0.5,0.4,0.001,50,45,340,1
10,0.5,0.5,0.4,0.001,50,46,217,1
10,0.5,0.5,0.4,0.001,50,47,217,1
10,0.5,0.5,0.4,0.001,50,48,217,1
10,0.5,0.5,0.4,0.001,50,49,217,1
10,0.5,0.5,0.4,0.001,50,50,88,1
30,0.5,0.5,0.4,0.001,50,1,36,1
30,0.5,0.5,0.4,0.001,50,2,57,1
30,0.5,0.5,0.4,0.001,50,3,57,1
30,0.5,0.5,0.4,0.001,50,4,23,1
30,0.5,0.5,0.4,0.001,50,5,36,1
30,0.5,0.5,0.4,0.001,50,6,36,1
30,0.5,0.5,0.4,0.001,50,7,36,1
30,0.5,0.5,0.4,0.001,50,8,57,1
30,0.5,0.5,0.4,0.001,50,9,57,1
30,0.5,0.5,0.4,0.001,50,10,57,1
30,0.5,0.5,0.4,0.001,50,11,57,1
30,0.5,0.5,0.4,0.001,50,12,57,1
30,0.5,0.5,0.4,0.001,50,13,36,1
30,0.5,0.5,0.4,0.001,50,14,36,1
30,0.5,0.5,0.4,0.001,50,15,36,1
30,0.5,0.5,0.4,0.001,50,16,57,1
30,0.5,0.5,0.4,0.001,50,17,57,1
30,0.5,0.5,0.4,0.001,50,18,57,1
30,0.5,0.5,0.4,0.001,50,19,36,1
30,0.5,0.5,0.4,0.001,50,20,57,1
30,0.5,0.5,0.4,0.001,50,21,57,1
30,0.5,0.5,0.4,0.001,50,22,36,1
30,0.5,0.5,0.4,0.001,50,23,57,1
30,0.5,0.5,0.4,0.001,50,24,57,1
30,0.5,0.5,0.4,0.001,50,25,57,1
30,0.5,0.5,0.4,0.001,50,26,36,1
30,0.5,0.5,0.4,0.001,50,27,88,1
30,0.5,0.5,0.4,0.001,50,28,57,1
30,0.5,0.5,0.4,0.001,50,29,57,1
30,0.5,0.5,0.4,0.001,50,30,88,1
30,0.5,0.5,0.4,0.001,50,31,36,1
30,0.5,0.5,0.4,0.001,50,32,57,1
30,0.5,0.5,0.4,0.001,50,33,36,1
30,0.5,0.5,0.4,0.001,50,34,57,1
30,0.5,0.5,0.4,0.001,50,35,36,1
30,0.5,0.5,0.4,0.001,50,36,57,1
30,0.5,0.5,0.4,0.001,50,37,57,1
30,0.5,0.5,0.4,0.001,50,38,57,1
30,0.5,0.5,0.4,0.001,50,39,57,1
30,0.5,0.5,0.4,0.001,50,40,36,1
30,0.5,0.5,0.4,0.001,50,41,36,1
30,0.5,0.5,0.4,0.001,50,42,57,1
30,0.5,0.5,0.4,0.001,50,43,57,1
30,0.5,0.5,0.4,0.001,50,44,57,1
30,0.5,0.5,0.4,0.001,50,45,36,1
30,0.5,0.5,0.4,0.001,50,46,57,1
30,0.5,0.5,0.4,0.001,50,47,57,1
30,0.5,0.5,0.4,0.001,50,48,57,1
30,0.5,0.5,0.4,0.001,50,49,57,1
30,0.5,0.5,0.4,0.001,50,50,57,1
60,0.5,0.5,0.4,0.001,50,1,36,1
60,0.5,0.5,0.4,0.001,50,2,36,1
60,0.5,0.5,0.4,0.001,50,3,57,1
60,0.5,0.5,0.4,0.001,50,4,23,1
60,0.5,0.5,0.4,0.001,50,5,36,1
60,0.5,0.5,0.4,0.001,50,6,36,1
60,0.5,0.5,0.4,0.001,50,7,23,1
60,0.5,0.5,0.4,0.001,50,8,23,1
60,0.5,0.5,0.4,0.001,50,9,36,1
60,0.5,0.5,0.4,0.001,50,10,36,1
60,0.5,0.5,0.4,0.001,50,11,36,1
60,0.5,0.5,0.4,0.001,50,12,36,1
60,0.5,0.5,0.4,0.001,50,13,23,1
60,0.5,0.5,0.4,0.001,50,14,23,1
60,0.5,0.5,0.4,0.001,50,15,36,1
60,0.5,0.5,0.4,0.001,50,16,36,1
60,0.5,0.5,0.4,0.001,50,17,57,1
60,0.5,0.5,0.4,0.001,50,18,36,1
60,0.5,0.5,0.4,0.001,50,19,23,1
60,0.5,0.5,0.4,0.001,50,20,36,1
60,0.5,0.5,0.4,0.001,50,21,36,1
60,0.5,0.5,0.4,0.001,50,22,36,1
60,0.5,0.5,0.4,0.001,50,23,36,1
60,0.5,0.5,0.4,0.001,50,24,36,1
60,0.5,0.5,0.4,0.001,50,25,36,1
60,0.5,0.5,0.4,0.001,50,26,36,1
60,0.5,0.5,0.4,0.001,50,27,57,1
60,0.5,0.5,0.4,0.001,50,28,36,1
60,0.5,0.5,0.4,0.001,50,29,23,1
60,0.5,0.5,0.4,0.001,50,30,36,1
60,0.5,0.5,0.4,0.001,50,31,36,1
60,0.5,0.5,0.4,0.001,50,32,36,1
60,0.5,0.5,0.4,0.001,50,33,36,1
60,0.5,0.5,0.4,0.001,50,34,57,1
60,0.5,0.5,0.4,0.001,50,35,36,1
60,0.5,0.5,0.4,0.001,50,36,57,1
60,0.5,0.5,0.4,0.001,50,37,36,1
60,0.5,0.5,0.4,0.001,50,38,36,1
60,0.5,0.5,0.4,0.001,50,39,36,1
60,0.5,0.5,0.4,0.001,50,40,36,1
60,0.5,0.5,0.4,0.001,50,41,36,1
60,0.5,0.5,0.4,0.001,50,42,57,1
60,0.5,0.5,0.4,0.001,50,43,36,1
60,0.5,0.5,0.4,0.001,50,44,36,1
60,0.5,0.5,0.4,0.001,50,45,36,1
60,0.5,0.5,0.4,0.001,50,46,36,1
60,0.5,0.5,0.4,0.001,50,47,57,1
60,0.5,0.5,0.4,0.001,50,48,23,1
60,0.5,0.5,0.4,0.001,50,49,36,1
60,0.5,0.5,0.4,0.001,50,50,23,1
100,0.5,0.5,0.4,0.001,50,1,36,1
100,0.5,0.5,0.4,0.001,50,2,36,1
100,0.5,0.5,0.4,0.001,50,3,57,1
100,0.5,0.5,0.4,0.001,50,4,23,1
100,0.5,0.5,0.4,0.001,50,5,36,1
100,0.5,0.5,0.4,0.001,50,6,36,1
100,0.5,0.5,0.4,0.001,50,7,23,1
100,0.5,0.5,0.4,0.001,50,8,23,1
100,0.5,0.5,0.4,0.001,50,9,36,1
100,0.5,0.5,0.4,0.001,50,10,36,1
100,0.5,0.5,0.4,0.001,50,11,36,1
100,0.5,0.5,0.4,0.001,50,12,23,1
100,0.5,0.5,0.4,0.001,50,13,23,1
100,0.5,0.5,0.4,0.001,50,14,23,1
100,0.5,0.5,0.4,0.001,50,15,36,1
100,0.5,0.5,0.4,0.001,50,16,36,1
100,0.5,0.5,0.4,0.001,50,17,36,1
100,0.5,0.5,0.4,0.001,50,18,36,1
100,0.5,0.5,0.4,0.001,50,19,23,1
100,0.5,0.5,0.4,0.001,50,20,36,1
100,0.5,0.5,0.4,0.001,50,21,36,1
100,0.5,0.5,0.4,0.001,50,22,36,1
100,0.5,0.5,0.4,0.001,50,23,36,1
100,0.5,0.5,0.4,0.001,50,24,36,1
100,0.5,0.5,0.4,0.001,50,25,36,1
100,0.5,0.5,0.4,0.001,50,26,36,1
100,0.5,0.5,0.4,0.001,50,27,36,1
100,0.5,0.5,0.4,0.001,50,28,36,1
100,0.5,0.5,0.4,0.001,50,29,23,1
100,0.5,0.5,0.4,0.001,50,30,36,1
100,0.5,0.5,0.4,0.001,50,31,23,1
100,0.5,0.5,0.4,0.001,50,32,36,1
100,0.5,0.5,0.4,0.001,50,33,36,1
100,0.5,0.5,0.4,0.001,50,34,36,1
100,0.5,0.5,0.4,0.001,50,35,36,1
100,0.5,0.5,0.4,0.001,50,36,36,1
100,0.5,0.5,0.4,0.001,50,37,36,1
100,0.5,0.5,0.4,0.001,50,38,36,1
100,0.5,0.5,0.4,0.001,50,39,36,1
100,0.5,0.5,0.4,0.001,50,40,36,1
100,0.5,0.5,0.4,0.001,50,41,36,1
100,0.5,0.5,0.4,0.001,50,42,36,1
100,0.5,0.5,0.4,0.001,50,43,36,1
100,0.5,0.5,0.4,0.001,50,44,36,1
100,0.5,0.5,0.4,0.001,50,45,36,1
100,0.5,0.5,0.4,0.001,50,46,36,1
100,0.5,0.5,0.4,0.001,50,47,57,1
100,0.5,0.5,0.4,0.001,50,48,23,1
100,0.5,0.5,0.4,0.001,50,49,23,1
100,0.5,0.5,0.4,0.001,50,50,23,1
10,1,0.5,0.4,0.001,50,1,217,1
10,1,0.5,0.4,0.001,50,2,217,1
10,1,0.5,0.4,0.001,50,3,340,1
10,1,0.5,0.4,0.001,50,4,532,1
10,1,0.5,0.4,0.001,50,5,217,1
10,1,0.5,0.4,0.001,50,6,217,1
10,1,0.5,0.4,0.001,50,7,88,1
10,1,0.5,0.4,0.001,50,8,832,1
10,1,0.5,0.4,0.001,50,9,832,1
10,1,0.5,0.4,0.001,50,10,88,1
10,1,0.5,0.4,0.001,50,11,532,1
10,1,0.5,0.4,0.001,50,12,532,1
10,1,0.5,0.4,0.001,50,13,NA,1
10,1,0.5,0.4,0.001,50,14,139,1
10,1,0.5,0.4,0.001,50,15,340,1
10,1,0.5,0.4,0.001,50,16,340,1
10,1,0.5,0.4,0.001,50,17,832,1
10,1,0.5,0.4,0.001,50,18,3194,1
10,1,0.5,0.4,0.001,50,19,532,1
10,1,0.5,0.4,0.001,50,20,340,1
10,1,0.5,0.4,0.001,50,21,340,1
10,1,0.5,0.4,0.001,50,22,217,1
10,1,0.5,0.4,0.001,50,23,217,1
10,1,0.5,0.4,0.001,50,24,832,1
10,1,0.5,0.4,0.001,50,25,217,1
10,1,0.5,0.4,0.001,50,26,139,1
10,1,0.5,0.4,0.001,50,27,832,1
10,1,0.5,0.4,0.001,50,28,532,1
10,1,0.5,0.4,0.001,50,29,217,1
10,1,0.5,0.4,0.001,50,30,217,1
10,1,0.5,0.4,0.001,50,31,532,1
10,1,0.5,0.4,0.001,50,32,139,1
10,1,0.5,0.4,0.001,50,33,217,1
10,1,0.5,0.4,0.001,50,34,832,1
10,1,0.5,0.4,0.001,50,35,217,1
10,1,0.5,0.4,0.001,50,36,532,1
10,1,0.5,0.4,0.001,50,37,340,1
10,1,0.5,0.4,0.001,50,38,2040,1
10,1,0.5,0.4,0.001,50,39,1303,1
10,1,0.5,0.4,0.001,50,40,139,1
10,1,0.5,0.4,0.001,50,41,340,1
10,1,0.5,0.4,0.001,50,42,88,1
10,1,0.5,0.4,0.001,50,43,340,1
10,1,0.5,0.4,0.001,50,44,1303,1
10,1,0.5,0.4,0.001,50,45,532,1
10,1,0.5,0.4,0.001,50,46,139,1
10,1,0.5,0.4,0.001,50,47,532,1
10,1,0.5,0.4,0.001,50,48,217,1
10,1,0.5,0.4,0.001,50,49,340,1
10,1,0.5,0.4,0.001,50,50,340,1
30,1,0.5,0.4,0.001,50,1,57,1
30,1,0.5,0.4,0.001,50,2,57,1
30,1,0.5,0.4,0.001,50,3,88,1
30,1,0.5,0.4,0.001,50,4,88,1
30,1,0.5,0.4,0.001,50,5,57,1
30,1,0.5,0.4,0.001,50,6,88,1
30,1,0.5,0.4,0.001,50,7,36,1
30,1,0.5,0.4,0.001,50,8,88,1
30,1,0.5,0.4,0.001,50,9,88,1
30,1,0.5,0.4,0.001,50,10,36,1
30,1,0.5,0.4,0.001,50,11,88,1
30,1,0.5,0.4,0.001,50,12,57,1
30,1,0.5,0.4,0.001,50,13,57,1
30,1,0.5,0.4,0.001,50,14,57,1
30,1,0.5,0.4,0.001,50,15,36,1
30,1,0.5,0.4,0.001,50,16,57,1
30,1,0.5,0.4,0.001,50,17,139,1
30,1,0.5,0.4,0.001,50,18,88,1
30,1,0.5,0.4,0.001,50,19,88,1
30,1,0.5,0.4,0.001,50,20,88,1
30,1,0.5,0.4,0.001,50,21,57,1
30,1,0.5,0.4,0.001,50,22,57,1
30,1,0.5,0.4,0.001,50,23,23,1
30,1,0.5,0.4,0.001,50,24,139,1
30,1,0.5,0.4,0.001,50,25,23,1
30,1,0.5,0.4,0.001,50,26,23,1
30,1,0.5,0.4,0.001,50,27,139,1
30,1,0.5,0.4,0.001,50,28,57,1
30,1,0.5,0.4,0.001,50,29,88,1
30,1,0.5,0.4,0.001,50,30,88,1
30,1,0.5,0.4,0.001,50,31,88,1
30,1,0.5,0.4,0.001,50,32,57,1
30,1,0.5,0.4,0.001,50,33,57,1
30,1,0.5,0.4,0.001,50,34,88,1
30,1,0.5,0.4,0.001,50,35,88,1
30,1,0.5,0.4,0.001,50,36,57,1
30,1,0.5,0.4,0.001,50,37,88,1
30,1,0.5,0.4,0.001,50,38,88,1
30,1,0.5,0.4,0.001,50,39,88,1
30,1,0.5,0.4,0.001,50,40,36,1
30,1,0.5,0.4,0.001,50,41,57,1
30,1,0.5,0.4,0.001,50,42,57,1
30,1,0.5,0.4,0.001,50,43,57,1
30,1,0.5,0.4,0.001,50,44,57,1
30,1,0.5,0.4,0.001,50,45,57,1
30,1,0.5,0.4,0.001,50,46,57,1
30,1,0.5,0.4,0.001,50,47,139,1
30,1,0.5,0.4,0.001,50,48,88,1
30,1,0.5,0.4,0.001,50,49,36,1
30,1,0.5,0.4,0.001,50,50,57,1
60,1,0.5,0.4,0.001,50,1,36,1
60,1,0.5,0.4,0.001,50,2,57,1
60,1,0.5,0.4,0.001,50,3,88,1
60,1,0.5,0.4,0.001,50,4,57,1
60,1,0.5,0.4,0.001,50,5,57,1
60,1,0.5,0.4,0.001,50,6,57,1
60,1,0.5,0.4,0.001,50,7,36,1
60,1,0.5,0.4,0.001,50,8,57,1
60,1,0.5,0.4,0.001,50,9,57,1
60,1,0.5,0.4,0.001,50,10,36,1
60,1,0.5,0.4,0.001,50,11,36,1
60,1,0.5,0.4,0.001,50,12,36,1
60,1,0.5,0.4,0.001,50,13,36,1
60,1,0.5,0.4,0.001,50,14,23,1
60,1,0.5,0.4,0.001,50,15,23,1
60,1,0.5,0.4,0.001,50,16,57,1
60,1,0.5,0.4,0.001,50,17,88,1
60,1,0.5,0.4,0.001,50,18,57,1
60,1,0.5,0.4,0.001,50,19,36,1
60,1,0.5,0.4,0.001,50,20,57,1
60,1,0.5,0.4,0.001,50,21,36,1
60,1,0.5,0.4,0.001,50,22,36,1
60,1,0.5,0.4,0.001,50,23,23,1
60,1,0.5,0.4,0.001,50,24,57,1
60,1,0.5,0.4,0.001,50,25,23,1
60,1,0.5,0.4,0.001,50,26,23,1
60,1,0.5,0.4,0.001,50,27,57,1
60,1,0.5,0.4,0.001,50,28,57,1
60,1,0.5,0.4,0.001,50,29,88,1
60,1,0.5,0.4,0.001,50,30,57,1
60,1,0.5,0.4,0.001,50,31,57,1
60,1,0.5,0.4,0.001,50,32,57,1
60,1,0.5,0.4,0.001,50,33,57,1
60,1,0.5,0.4,0.001,50,34,57,1
60,1,0.5,0.4,0.001,50,35,57,1
60,1,0.5,0.4,0.001,50,36,57,1
60,1,0.5,0.4,0.001,50,37,88,1
60,1,0.5,0.4,0.001,50,38,36,1
60,1,0.5,0.4,0.001,50,39,36,1
60,1,0.5,0.4,0.001,50,40,57,1
60,1,0.5,0.4,0.001,50,41,57,1
60,1,0.5,0.4,0.001,50,42,57,1
60,1,0.5,0.4,0.001,50,43,57,1
60,1,0.5,0.4,0.001,50,44,36,1
60,1,0.5,0.4,0.001,50,45,57,1
60,1,0.5,0.4,0.001,50,46,36,1
60,1,0.5,0.4,0.001,50,47,88,1
60,1,0.5,0.4,0.001,50,48,57,1
60,1,0.5,0.4,0.001,50,49,36,1
60,1,0.5,0.4,0.001,50,50,57,1
100,1,0.5,0.4,0.001,50,1,23,1
100,1,0.5,0.4,0.001,50,2,57,1
100,1,0.5,0.4,0.001,50,3,57,1
100,1,0.5,0.4,0.001,50,4,36,1
100,1,0.5,0.4,0.001,50,5,36,1
100,1,0.5,0.4,0.001,50,6,57,1
100,1,0.5,0.4,0.001,50,7,23,1
100,1,0.5,0.4,0.001,50,8,36,1
100,1,0.5,0.4,0.001,50,9,57,1
100,1,0.5,0.4,0.001,50,10,23,1
100,1,0.5,0.4,0.001,50,11,15,1
100,1,0.5,0.4,0.001,50,12,36,1
100,1,0.5,0.4,0.001,50,13,36,1
100,1,0.5,0.4,0.001,50,14,57,1
100,1,0.5,0.4,0.001,50,15,15,1
100,1,0.5,0.4,0.001,50,16,36,1
100,1,0.5,0.4,0.001,50,17,88,1
100,1,0.5,0.4,0.001,50,18,23,1
100,1,0.5,0.4,0.001,50,19,36,1
100,1,0.5,0.4,0.001,50,20,36,1
100,1,0.5,0.4,0.001,50,21,36,1
100,1,0.5,0.4,0.001,50,22,36,1
100,1,0.5,0.4,0.001,50,23,36,1
100,1,0.5,0.4,0.001,50,24,57,1
100,1,0.5,0.4,0.001,50,25,23,1
100,1,0.5,0.4,0.001,50,26,15,1
100,1,0.5,0.4,0.001,50,27,57,1
100,1,0.5,0.4,0.001,50,28,57,1
100,1,0.5,0.4,0.001,50,29,36,1
100,1,0.5,0.4,0.001,50,30,36,1
100,1,0.5,0.4,0.001,50,31,36,1
100,1,0.5,0.4,0.001,50,32,36,1
100,1,0.5,0.4,0.001,50,33,36,1
100,1,0.5,0.4,0.001,50,34,57,1
100,1,0.5,0.4,0.001,50,35,57,1
100,1,0.5,0.4,0.001,50,36,57,1
100,1,0.5,0.4,0.001,50,37,88,1
100,1,0.5,0.4,0.001,50,38,57,1
100,1,0.5,0.4,0.001,50,39,36,1
100,1,0.5,0.4,0.001,50,40,36,1
100,1,0.5,0.4,0.001,50,41,57,1
100,1,0.5,0.4,0.001,50,42,57,1
100,1,0.5,0.4,0.001,50,43,57,1
100,1,0.5,0.4,0.001,50,44,57,1
100,1,0.5,0.4,0.001,50,45,36,1
100,1,0.5,0.4,0.001,50,46,36,1
100,1,0.5,0.4,0.001,50,47,57,1
100,1,0.5,0.4,0.001,50,48,57,1
100,1,0.5,0.4,0.001,50,49,23,1
100,1,0.5,0.4,0.001,50,50,57,1
10,1.5,0.5,0.4,0.001,50,1,NA,1
10,1.5,0.5,0.4,0.001,50,2,NA,1
10,1.5,0.5,0.4,0.001,50,3,NA,1
10,1.5,0.5,0.4,0.001,50,4,NA,1
10,1.5,0.5,0.4,0.001,50,5,NA,1
10,1.5,0.5,0.4,0.001,50,6,NA,1
10,1.5,0.5,0.4,0.001,50,7,NA,1
10,1.5,0.5,0.4,0.001,50,8,NA,1
10,1.5,0.5,0.4,0.001,50,9,NA,1
10,1.5,0.5,0.4,0.001,50,10,NA,1
10,1.5,0.5,0.4,0.001,50,11,NA,1
10,1.5,0.5,0.4,0.001,50,12,NA,1
10,1.5,0.5,0.4,0.001,50,13,NA,1
10,1.5,0.5,0.4,0.001,50,14,139,1
10,1.5,0.5,0.4,0.001,50,15,532,1
10,1.5,0.5,0.4,0.001,50,16,NA,1
10,1.5,0.5,0.4,0.001,50,17,NA,1
10,1.5,0.5,0.4,0.001,50,18,NA,1
10,1.5,0.5,0.4,0.001,50,19,NA,1
10,1.5,0.5,0.4,0.001,50,20,NA,1
10,1.5,0.5,0.4,0.001,50,21,NA,1
10,1.5,0.5,0.4,0.001,50,22,NA,1
10,1.5,0.5,0.4,0.001,50,23,340,1
10,1.5,0.5,0.4,0.001,50,24,NA,1
10,1.5,0.5,0.4,0.001,50,25,832,1
10,1.5,0.5,0.4,0.001,50,26,NA,1
10,1.5,0.5,0.4,0.001,50,27,NA,1
10,1.5,0.5,0.4,0.001,50,28,NA,1
10,1.5,0.5,0.4,0.001,50,29,NA,1
10,1.5,0.5,0.4,0.001,50,30,NA,1
10,1.5,0.5,0.4,0.001,50,31,NA,1
10,1.5,0.5,0.4,0.001,50,32,NA,1
10,1.5,0.5,0.4,0.001,50,33,NA,1
10,1.5,0.5,0.4,0.001,50,34,2040,1
10,1.5,0.5,0.4,0.001,50,35,NA,1
10,1.5,0.5,0.4,0.001,50,36,NA,1
10,1.5,0.5,0.4,0.001,50,37,NA,1
10,1.5,0.5,0.4,0.001,50,38,NA,1
10,1.5,0.5,0.4,0.001,50,39,NA,1
10,1.5,0.5,0.4,0.001,50,40,217,1
10,1.5,0.5,0.4,0.001,50,41,NA,1
10,1.5,0.5,0.4,0.001,50,42,NA,1
10,1.5,0.5,0.4,0.001,50,43,NA,1
10,1.5,0.5,0.4,0.001,50,44,NA,1
10,1.5,0.5,0.4,0.001,50,45,NA,1
10,1.5,0.5,0.4,0.001,50,46,NA,1
10,1.5,0.5,0.4,0.001,50,47,NA,1
10,1.5,0.5,0.4,0.001,50,48,NA,1
10,1.5,0.5,0.4,0.001,50,49,NA,1
10,1.5,0.5,0.4,0.001,50,50,NA,1
30,1.5,0.5,0.4,0.001,50,1,88,1
30,1.5,0.5,0.4,0.001,50,2,139,1
30,1.5,0.5,0.4,0.001,50,3,139,1
30,1.5,0.5,0.4,0.001,50,4,NA,1
30,1.5,0.5,0.4,0.001,50,5,139,1
30,1.5,0.5,0.4,0.001,50,6,340,1
30,1.5,0.5,0.4,0.001,50,7,88,1
30,1.5,0.5,0.4,0.001,50,8,340,1
30,1.5,0.5,0.4,0.001,50,9,139,1
30,1.5,0.5,0.4,0.001,50,10,139,1
30,1.5,0.5,0.4,0.001,50,11,217,1
30,1.5,0.5,0.4,0.001,50,12,88,1
30,1.5,0.5,0.4,0.001,50,13,NA,1
30,1.5,0.5,0.4,0.001,50,14,57,1
30,1.5,0.5,0.4,0.001,50,15,88,1
30,1.5,0.5,0.4,0.001,50,16,139,1
30,1.5,0.5,0.4,0.001,50,17,532,1
30,1.5,0.5,0.4,0.001,50,18,217,1
30,1.5,0.5,0.4,0.001,50,19,139,1
30,1.5,0.5,0.4,0.001,50,20,139,1
30,1.5,0.5,0.4,0.001,50,21,139,1
30,1.5,0.5,0.4,0.001,50,22,139,1
30,1.5,0.5,0.4,0.001,50,23,217,1
30,1.5,0.5,0.4,0.001,50,24,340,1
30,1.5,0.5,0.4,0.001,50,25,139,1
30,1.5,0.5,0.4,0.001,50,26,217,1
30,1.5,0.5,0.4,0.001,50,27,217,1
30,1.5,0.5,0.4,0.001,50,28,832,1
30,1.5,0.5,0.4,0.001,50,29,217,1
30,1.5,0.5,0.4,0.001,50,30,340,1
30,1.5,0.5,0.4,0.001,50,31,217,1
30,1.5,0.5,0.4,0.001,50,32,139,1
30,1.5,0.5,0.4,0.001,50,33,88,1
30,1.5,0.5,0.4,0.001,50,34,88,1
30,1.5,0.5,0.4,0.001,50,35,139,1
30,1.5,0.5,0.4,0.001,50,36,88,1
30,1.5,0.5,0.4,0.001,50,37,139,1
30,1.5,0.5,0.4,0.001,50,38,532,1
30,1.5,0.5,0.4,0.001,50,39,217,1
30,1.5,0.5,0.4,0.001,50,40,57,1
30,1.5,0.5,0.4,0.001,50,41,6,1
30,1.5,0.5,0.4,0.001,50,42,139,1
30,1.5,0.5,0.4,0.001,50,43,88,1
30,1.5,0.5,0.4,0.001,50,44,139,1
30,1.5,0.5,0.4,0.001,50,45,340,1
30,1.5,0.5,0.4,0.001,50,46,139,1
30,1.5,0.5,0.4,0.001,50,47,3194,1
30,1.5,0.5,0.4,0.001,50,48,139,1
30,1.5,0.5,0.4,0.001,50,49,57,1
30,1.5,0.5,0.4,0.001,50,50,139,1
60,1.5,0.5,0.4,0.001,50,1,57,1
60,1.5,0.5,0.4,0.001,50,2,139,1
60,1.5,0.5,0.4,0.001,50,3,139,1
60,1.5,0.5,0.4,0.001,50,4,217,1
60,1.5,0.5,0.4,0.001,50,5,139,1
60,1.5,0.5,0.4,0.001,50,6,139,1
60,1.5,0.5,0.4,0.001,50,7,57,1
60,1.5,0.5,0.4,0.001,50,8,57,1
60,1.5,0.5,0.4,0.001,50,9,88,1
60,1.5,0.5,0.4,0.001,50,10,139,1
60,1.5,0.5,0.4,0.001,50,11,139,1
60,1.5,0.5,0.4,0.001,50,12,88,1
60,1.5,0.5,0.4,0.001,50,13,340,1
60,1.5,0.5,0.4,0.001,50,14,57,1
60,1.5,0.5,0.4,0.001,50,15,57,1
60,1.5,0.5,0.4,0.001,50,16,88,1
60,1.5,0.5,0.4,0.001,50,17,139,1
60,1.5,0.5,0.4,0.001,50,18,88,1
60,1.5,0.5,0.4,0.001,50,19,57,1
60,1.5,0.5,0.4,0.001,50,20,139,1
60,1.5,0.5,0.4,0.001,50,21,57,1
60,1.5,0.5,0.4,0.001,50,22,88,1
60,1.5,0.5,0.4,0.001,50,23,139,1
60,1.5,0.5,0.4,0.001,50,24,217,1
60,1.5,0.5,0.4,0.001,50,25,139,1
60,1.5,0.5,0.4,0.001,50,26,57,1
60,1.5,0.5,0.4,0.001,50,27,217,1
60,1.5,0.5,0.4,0.001,50,28,217,1
60,1.5,0.5,0.4,0.001,50,29,139,1
60,1.5,0.5,0.4,0.001,50,30,139,1
60,1.5,0.5,0.4,0.001,50,31,139,1
60,1.5,0.5,0.4,0.001,50,32,57,1
60,1.5,0.5,0.4,0.001,50,33,88,1
60,1.5,0.5,0.4,0.001,50,34,139,1
60,1.5,0.5,0.4,0.001,50,35,57,1
60,1.5,0.5,0.4,0.001,50,36,57,1
60,1.5,0.5,0.4,0.001,50,37,57,1
60,1.5,0.5,0.4,0.001,50,38,139,1
60,1.5,0.5,0.4,0.001,50,39,88,1
60,1.5,0.5,0.4,0.001,50,40,57,1
60,1.5,0.5,0.4,0.001,50,41,57,1
60,1.5,0.5,0.4,0.001,50,42,139,1
60,1.5,0.5,0.4,0.001,50,43,57,1
60,1.5,0.5,0.4,0.001,50,44,57,1
60,1.5,0.5,0.4,0.001,50,45,139,1
60,1.5,0.5,0.4,0.001,50,46,57,1
60,1.5,0.5,0.4,0.001,50,47,217,1
60,1.5,0.5,0.4,0.001,50,48,88,1
60,1.5,0.5,0.4,0.001,50,49,88,1
60,1.5,0.5,0.4,0.001,50,50,57,1
100,1.5,0.5,0.4,0.001,50,1,88,1
100,1.5,0.5,0.4,0.001,50,2,139,1
100,1.5,0.5,0.4,0.001,50,3,57,1
100,1.5,0.5,0.4,0.001,50,4,139,1
100,1.5,0.5,0.4,0.001,50,5,88,1
100,1.5,0.5,0.4,0.001,50,6,139,1
100,1.5,0.5,0.4,0.001,50,7,88,1
100,1.5,0.5,0.4,0.001,50,8,88,1
100,1.5,0.5,0.4,0.001,50,9,88,1
100,1.5,0.5,0.4,0.001,50,10,88,1
100,1.5,0.5,0.4,0.001,50,11,88,1
100,1.5,0.5,0.4,0.001,50,12,88,1
100,1.5,0.5,0.4,0.001,50,13,88,1
100,1.5,0.5,0.4,0.001,50,14,57,1
100,1.5,0.5,0.4,0.001,50,15,36,1
100,1.5,0.5,0.4,0.001,50,16,36,1
100,1.5,0.5,0.4,0.001,50,17,139,1
100,1.5,0.5,0.4,0.001,50,18,139,1
100,1.5,0.5,0.4,0.001,50,19,57,1
100,1.5,0.5,0.4,0.001,50,20,36,1
100,1.5,0.5,0.4,0.001,50,21,36,1
100,1.5,0.5,0.4,0.001,50,22,57,1
100,1.5,0.5,0.4,0.001,50,23,88,1
100,1.5,0.5,0.4,0.001,50,24,88,1
100,1.5,0.5,0.4,0.001,50,25,57,1
100,1.5,0.5,0.4,0.001,50,26,57,1
100,1.5,0.5,0.4,0.001,50,27,139,1
100,1.5,0.5,0.4,0.001,50,28,36,1
100,1.5,0.5,0.4,0.001,50,29,139,1
100,1.5,0.5,0.4,0.001,50,30,139,1
100,1.5,0.5,0.4,0.001,50,31,139,1
100,1.5,0.5,0.4,0.001,50,32,57,1
100,1.5,0.5,0.4,0.001,50,33,88,1
100,1.5,0.5,0.4,0.001,50,34,139,1
100,1.5,0.5,0.4,0.001,50,35,57,1
100,1.5,0.5,0.4,0.001,50,36,36,1
100,1.5,0.5,0.4,0.001,50,37,139,1
100,1.5,0.5,0.4,0.001,50,38,139,1
100,1.5,0.5,0.4,0.001,50,39,139,1
100,1.5,0.5,0.4,0.001,50,40,36,1
100,1.5,0.5,0.4,0.001,50,41,57,1
100,1.5,0.5,0.4,0.001,50,42,88,1
100,1.5,0.5,0.4,0.001,50,43,88,1
100,1.5,0.5,0.4,0.001,50,44,88,1
100,1.5,0.5,0.4,0.001,50,45,139,1
100,1.5,0.5,0.4,0.001,50,46,36,1
100,1.5,0.5,0.4,0.001,50,47,217,1
100,1.5,0.5,0.4,0.001,50,48,57,1
100,1.5,0.5,0.4,0.001,50,49,88,1
100,1.5,0.5,0.4,0.001,50,50,57,1
10,0.5,0.6,0.4,0.001,50,1,57,1
10,0.5,0.6,0.4,0.001,50,2,57,1
10,0.5,0.6,0.4,0.001,50,3,88,1
10,0.5,0.6,0.4,0.001,50,4,88,1
10,0.5,0.6,0.4,0.001,50,5,57,1
10,0.5,0.6,0.4,0.001,50,6,57,1
10,0.5,0.6,0.4,0.001,50,7,57,1
10,0.5,0.6,0.4,0.001,50,8,88,1
10,0.5,0.6,0.4,0.001,50,9,57,1
10,0.5,0.6,0.4,0.001,50,10,57,1
10,0.5,0.6,0.4,0.001,50,11,36,1
10,0.5,0.6,0.4,0.001,50,12,57,1
10,0.5,0.6,0.4,0.001,50,13,57,1
10,0.5,0.6,0.4,0.001,50,14,36,1
10,0.5,0.6,0.4,0.001,50,15,57,1
10,0.5,0.6,0.4,0.001,50,16,57,1
10,0.5,0.6,0.4,0.001,50,17,88,1
10,0.5,0.6,0.4,0.001,50,18,57,1
10,0.5,0.6,0.4,0.001,50,19,57,1
10,0.5,0.6,0.4,0.001,50,20,88,1
10,0.5,0.6,0.4,0.001,50,21,57,1
10,0.5,0.6,0.4,0.001,50,22,57,1
10,0.5,0.6,0.4,0.001,50,23,36,1
10,0.5,0.6,0.4,0.001,50,24,36,1
10,0.5,0.6,0.4,0.001,50,25,57,1
10,0.5,0.6,0.4,0.001,50,26,57,1
10,0.5,0.6,0.4,0.001,50,27,88,1
10,0.5,0.6,0.4,0.001,50,28,88,1
10,0.5,0.6,0.4,0.001,50,29,88,1
10,0.5,0.6,0.4,0.001,50,30,88,1
10,0.5,0.6,0.4,0.001,50,31,57,1
10,0.5,0.6,0.4,0.001,50,32,57,1
10,0.5,0.6,0.4,0.001,50,33,57,1
10,0.5,0.6,0.4,0.001,50,34,57,1
10,0.5,0.6,0.4,0.001,50,35,88,1
10,0.5,0.6,0.4,0.001,50,36,57,1
10,0.5,0.6,0.4,0.001,50,37,88,1
10,0.5,0.6,0.4,0.001,50,38,57,1
10,0.5,0.6,0.4,0.001,50,39,57,1
10,0.5,0.6,0.4,0.001,50,40,57,1
10,0.5,0.6,0.4,0.001,50,41,57,1
10,0.5,0.6,0.4,0.001,50,42,57,1
10,0.5,0.6,0.4,0.001,50,43,57,1
10,0.5,0.6,0.4,0.001,50,44,57,1
10,0.5,0.6,0.4,0.001,50,45,88,1
10,0.5,0.6,0.4,0.001,50,46,88,1
10,0.5,0.6,0.4,0.001,50,47,57,1
10,0.5,0.6,0.4,0.001,50,48,57,1
10,0.5,0.6,0.4,0.001,50,49,57,1
10,0.5,0.6,0.4,0.001,50,50,57,1
30,0.5,0.6,0.4,0.001,50,1,23,1
30,0.5,0.6,0.4,0.001,50,2,23,1
30,0.5,0.6,0.4,0.001,50,3,36,1
30,0.5,0.6,0.4,0.001,50,4,15,1
30,0.5,0.6,0.4,0.001,50,5,23,1
30,0.5,0.6,0.4,0.001,50,6,23,1
30,0.5,0.6,0.4,0.001,50,7,23,1
30,0.5,0.6,0.4,0.001,50,8,23,1
30,0.5,0.6,0.4,0.001,50,9,23,1
30,0.5,0.6,0.4,0.001,50,10,23,1
30,0.5,0.6,0.4,0.001,50,11,23,1
30,0.5,0.6,0.4,0.001,50,12,23,1
30,0.5,0.6,0.4,0.001,50,13,36,1
30,0.5,0.6,0.4,0.001,50,14,23,1
30,0.5,0.6,0.4,0.001,50,15,23,1
30,0.5,0.6,0.4,0.001,50,16,23,1
30,0.5,0.6,0.4,0.001,50,17,23,1
30,0.5,0.6,0.4,0.001,50,18,23,1
30,0.5,0.6,0.4,0.001,50,19,23,1
30,0.5,0.6,0.4,0.001,50,20,23,1
30,0.5,0.6,0.4,0.001,50,21,23,1
30,0.5,0.6,0.4,0.001,50,22,23,1
30,0.5,0.6,0.4,0.001,50,23,36,1
30,0.5,0.6,0.4,0.001,50,24,23,1
30,0.5,0.6,0.4,0.001,50,25,15,1
30,0.5,0.6,0.4,0.001,50,26,36,1
30,0.5,0.6,0.4,0.001,50,27,36,1
30,0.5,0.6,0.4,0.001,50,28,23,1
30,0.5,0.6,0.4,0.001,50,29,23,1
30,0.5,0.6,0.4,0.001,50,30,23,1
30,0.5,0.6,0.4,0.001,50,31,15,1
30,0.5,0.6,0.4,0.001,50,32,23,1
30,0.5,0.6,0.4,0.001,50,33,36,1
30,0.5,0.6,0.4,0.001,50,34,36,1
30,0.5,0.6,0.4,0.001,50,35,23,1
30,0.5,0.6,0.4,0.001,50,36,23,1
30,0.5,0.6,0.4,0.001,50,37,23,1
30,0.5,0.6,0.4,0.001,50,38,23,1
30,0.5,0.6,0.4,0.001,50,39,23,1
30,0.5,0.6,0.4,0.001,50,40,23,1
30,0.5,0.6,0.4,0.001,50,41,23,1
30,0.5,0.6,0.4,0.001,50,42,23,1
30,0.5,0.6,0.4,0.001,50,43,23,1
30,0.5,0.6,0.4,0.001,50,44,23,1
30,0.5,0.6,0.4,0.001,50,45,23,1
30,0.5,0.6,0.4,0.001,50,46,23,1
30,0.5,0.6,0.4,0.001,50,47,23,1
30,0.5,0.6,0.4,0.001,50,48,15,1
30,0.5,0.6,0.4,0.001,50,49,23,1
30,0.5,0.6,0.4,0.001,50,50,23,1
60,0.5,0.6,0.4,0.001,50,1,23,1
60,0.5,0.6,0.4,0.001,50,2,23,1
60,0.5,0.6,0.4,0.001,50,3,23,1
60,0.5,0.6,0.4,0.001,50,4,15,1
60,0.5,0.6,0.4,0.001,50,5,15,1
60,0.5,0.6,0.4,0.001,50,6,15,1
60,0.5,0.6,0.4,0.001,50,7,23,1
60,0.5,0.6,0.4,0.001,50,8,15,1
60,0.5,0.6,0.4,0.001,50,9,15,1
60,0.5,0.6,0.4,0.001,50,10,15,1
60,0.5,0.6,0.4,0.001,50,11,15,1
60,0.5,0.6,0.4,0.001,50,12,23,1
60,0.5,0.6,0.4,0.001,50,13,15,1
60,0.5,0.6,0.4,0.001,50,14,15,1
60,0.5,0.6,0.4,0.001,50,15,15,1
60,0.5,0.6,0.4,0.001,50,16,15,1
60,0.5,0.6,0.4,0.001,50,17,15,1
60,0.5,0.6,0.4,0.001,50,18,23,1
60,0.5,0.6,0.4,0.001,50,19,23,1
60,0.5,0.6,0.4,0.001,50,20,23,1
60,0.5,0.6,0.4,0.001,50,21,15,1
60,0.5,0.6,0.4,0.001,50,22,9,1
60,0.5,0.6,0.4,0.001,50,23,15,1
60,0.5,0.6,0.4,0.001,50,24,23,1
60,0.5,0.6,0.4,0.001,50,25,15,1
60,0.5,0.6,0.4,0.001,50,26,23,1
60,0.5,0.6,0.4,0.001,50,27,23,1
60,0.5,0.6,0.4,0.001,50,28,23,1
60,0.5,0.6,0.4,0.001,50,29,15,1
60,0.5,0.6,0.4,0.001,50,30,15,1
60,0.5,0.6,0.4,0.001,50,31,15,1
60,0.5,0.6,0.4,0.001,50,32,15,1
60,0.5,0.6,0.4,0.001,50,33,23,1
60,0.5,0.6,0.4,0.001,50,34,23,1
60,0.5,0.6,0.4,0.001,50,35,23,1
60,0.5,0.6,0.4,0.001,50,36,15,1
60,0.5,0.6,0.4,0.001,50,37,15,1
60,0.5,0.6,0.4,0.001,50,38,23,1
60,0.5,0.6,0.4,0.001,50,39,15,1
60,0.5,0.6,0.4,0.001,50,40,23,1
60,0.5,0.6,0.4,0.001,50,41,15,1
60,0.5,0.6,0.4,0.001,50,42,23,1
60,0.5,0.6,0.4,0.001,50,43,23,1
60,0.5,0.6,0.4,0.001,50,44,15,1
60,0.5,0.6,0.4,0.001,50,45,15,1
60,0.5,0.6,0.4,0.001,50,46,15,1
60,0.5,0.6,0.4,0.001,50,47,23,1
60,0.5,0.6,0.4,0.001,50,48,15,1
60,0.5,0.6,0.4,0.001,50,49,15,1
60,0.5,0.6,0.4,0.001,50,50,23,1
100,0.5,0.6,0.4,0.001,50,1,15,1
100,0.5,0.6,0.4,0.001,50,2,15,1
100,0.5,0.6,0.4,0.001,50,3,23,1
100,0.5,0.6,0.4,0.001,50,4,15,1
100,0.5,0.6,0.4,0.001,50,5,15,1
100,0.5,0.6,0.4,0.001,50,6,9,1
100,0.5,0.6,0.4,0.001,50,7,15,1
100,0.5,0.6,0.4,0.001,50,8,9,1
100,0.5,0.6,0.4,0.001,50,9,15,1
100,0.5,0.6,0.4,0.001,50,10,15,1
100,0.5,0.6,0.4,0.001,50,11,15,1
100,0.5,0.6,0.4,0.001,50,12,15,1
100,0.5,0.6,0.4,0.001,50,13,15,1
100,0.5,0.6,0.4,0.001,50,14,15,1
100,0.5,0.6,0.4,0.001,50,15,15,1
100,0.5,0.6,0.4,0.001,50,16,15,1
100,0.5,0.6,0.4,0.001,50,17,15,1
100,0.5,0.6,0.4,0.001,50,18,15,1
100,0.5,0.6,0.4,0.001,50,19,15,1
100,0.5,0.6,0.4,0.001,50,20,9,1
100,0.5,0.6,0.4,0.001,50,21,15,1
100,0.5,0.6,0.4,0.001,50,22,15,1
100,0.5,0.6,0.4,0.001,50,23,15,1
100,0.5,0.6,0.4,0.001,50,24,9,1
100,0.5,0.6,0.4,0.001,50,25,15,1
100,0.5,0.6,0.4,0.001,50,26,23,1
100,0.5,0.6,0.4,0.001,50,27,15,1
100,0.5,0.6,0.4,0.001,50,28,15,1
100,0.5,0.6,0.4,0.001,50,29,15,1
100,0.5,0.6,0.4,0.001,50,30,15,1
100,0.5,0.6,0.4,0.001,50,31,15,1
100,0.5,0.6,0.4,0.001,50,32,15,1
100,0.5,0.6,0.4,0.001,50,33,23,1
100,0.5,0.6,0.4,0.001,50,34,15,1
100,0.5,0.6,0.4,0.001,50,35,23,1
100,0.5,0.6,0.4,0.001,50,36,15,1
100,0.5,0.6,0.4,0.001,50,37,15,1
100,0.5,0.6,0.4,0.001,50,38,15,1
100,0.5,0.6,0.4,0.001,50,39,15,1
100,0.5,0.6,0.4,0.001,50,40,23,1
100,0.5,0.6,0.4,0.001,50,41,15,1
100,0.5,0.6,0.4,0.001,50,42,15,1
100,0.5,0.6,0.4,0.001,50,43,23,1
100,0.5,0.6,0.4,0.001,50,44,15,1
100,0.5,0.6,0.4,0.001,50,45,15,1
100,0.5,0.6,0.4,0.001,50,46,15,1
100,0.5,0.6,0.4,0.001,50,47,15,1
100,0.5,0.6,0.4,0.001,50,48,15,1
100,0.5,0.6,0.4,0.001,50,49,15,1
100,0.5,0.6,0.4,0.001,50,50,23,1
10,1,0.6,0.4,0.001,50,1,139,1
10,1,0.6,0.4,0.001,50,2,88,1
10,1,0.6,0.4,0.001,50,3,57,1
10,1,0.6,0.4,0.001,50,4,88,1
10,1,0.6,0.4,0.001,50,5,57,1
10,1,0.6,0.4,0.001,50,6,88,1
10,1,0.6,0.4,0.001,50,7,57,1
10,1,0.6,0.4,0.001,50,8,88,1
10,1,0.6,0.4,0.001,50,9,57,1
10,1,0.6,0.4,0.001,50,10,88,1
10,1,0.6,0.4,0.001,50,11,57,1
10,1,0.6,0.4,0.001,50,12,88,1
10,1,0.6,0.4,0.001,50,13,88,1
10,1,0.6,0.4,0.001,50,14,36,1
10,1,0.6,0.4,0.001,50,15,57,1
10,1,0.6,0.4,0.001,50,16,139,1
10,1,0.6,0.4,0.001,50,17,88,1
10,1,0.6,0.4,0.001,50,18,57,1
10,1,0.6,0.4,0.001,50,19,88,1
10,1,0.6,0.4,0.001,50,20,57,1
10,1,0.6,0.4,0.001,50,21,88,1
10,1,0.6,0.4,0.001,50,22,88,1
10,1,0.6,0.4,0.001,50,23,88,1
10,1,0.6,0.4,0.001,50,24,57,1
10,1,0.6,0.4,0.001,50,25,88,1
10,1,0.6,0.4,0.001,50,26,88,1
10,1,0.6,0.4,0.001,50,27,139,1
10,1,0.6,0.4,0.001,50,28,57,1
10,1,0.6,0.4,0.001,50,29,139,1
10,1,0.6,0.4,0.001,50,30,139,1
10,1,0.6,0.4,0.001,50,31,88,1
10,1,0.6,0.4,0.001,50,32,88,1
10,1,0.6,0.4,0.001,50,33,57,1
10,1,0.6,0.4,0.001,50,34,88,1
10,1,0.6,0.4,0.001,50,35,88,1
10,1,0.6,0.4,0.001,50,36,88,1
10,1,0.6,0.4,0.001,50,37,88,1
10,1,0.6,0.4,0.001,50,38,88,1
10,1,0.6,0.4,0.001,50,39,57,1
10,1,0.6,0.4,0.001,50,40,88,1
10,1,0.6,0.4,0.001,50,41,88,1
10,1,0.6,0.4,0.001,50,42,57,1
10,1,0.6,0.4,0.001,50,43,88,1
10,1,0.6,0.4,0.001,50,44,57,1
10,1,0.6,0.4,0.001,50,45,88,1
10,1,0.6,0.4,0.001,50,46,139,1
10,1,0.6,0.4,0.001,50,47,88,1
10,1,0.6,0.4,0.001,50,48,88,1
10,1,0.6,0.4,0.001,50,49,88,1
10,1,0.6,0.4,0.001,50,50,139,1
30,1,0.6,0.4,0.001,50,1,23,1
30,1,0.6,0.4,0.001,50,2,36,1
30,1,0.6,0.4,0.001,50,3,36,1
30,1,0.6,0.4,0.001,50,4,23,1
30,1,0.6,0.4,0.001,50,5,23,1
30,1,0.6,0.4,0.001,50,6,36,1
30,1,0.6,0.4,0.001,50,7,36,1
30,1,0.6,0.4,0.001,50,8,36,1
30,1,0.6,0.4,0.001,50,9,23,1
30,1,0.6,0.4,0.001,50,10,23,1
30,1,0.6,0.4,0.001,50,11,15,1
30,1,0.6,0.4,0.001,50,12,36,1
30,1,0.6,0.4,0.001,50,13,36,1
30,1,0.6,0.4,0.001,50,14,23,1
30,1,0.6,0.4,0.001,50,15,23,1
30,1,0.6,0.4,0.001,50,16,36,1
30,1,0.6,0.4,0.001,50,17,36,1
30,1,0.6,0.4,0.001,50,18,23,1
30,1,0.6,0.4,0.001,50,19,23,1
30,1,0.6,0.4,0.001,50,20,36,1
30,1,0.6,0.4,0.001,50,21,23,1
30,1,0.6,0.4,0.001,50,22,23,1
30,1,0.6,0.4,0.001,50,23,36,1
30,1,0.6,0.4,0.001,50,24,36,1
30,1,0.6,0.4,0.001,50,25,23,1
30,1,0.6,0.4,0.001,50,26,36,1
30,1,0.6,0.4,0.001,50,27,36,1
30,1,0.6,0.4,0.001,50,28,23,1
30,1,0.6,0.4,0.001,50,29,57,1
30,1,0.6,0.4,0.001,50,30,36,1
30,1,0.6,0.4,0.001,50,31,23,1
30,1,0.6,0.4,0.001,50,32,36,1
30,1,0.6,0.4,0.001,50,33,36,1
30,1,0.6,0.4,0.001,50,34,36,1
30,1,0.6,0.4,0.001,50,35,36,1
30,1,0.6,0.4,0.001,50,36,23,1
30,1,0.6,0.4,0.001,50,37,15,1
30,1,0.6,0.4,0.001,50,38,36,1
30,1,0.6,0.4,0.001,50,39,23,1
30,1,0.6,0.4,0.001,50,40,36,1
30,1,0.6,0.4,0.001,50,41,23,1
30,1,0.6,0.4,0.001,50,42,23,1
30,1,0.6,0.4,0.001,50,43,23,1
30,1,0.6,0.4,0.001,50,44,23,1
30,1,0.6,0.4,0.001,50,45,36,1
30,1,0.6,0.4,0.001,50,46,36,1
30,1,0.6,0.4,0.001,50,47,36,1
30,1,0.6,0.4,0.001,50,48,23,1
30,1,0.6,0.4,0.001,50,49,36,1
30,1,0.6,0.4,0.001,50,50,23,1
60,1,0.6,0.4,0.001,50,1,23,1
60,1,0.6,0.4,0.001,50,2,23,1
60,1,0.6,0.4,0.001,50,3,15,1
60,1,0.6,0.4,0.001,50,4,23,1
60,1,0.6,0.4,0.001,50,5,15,1
60,1,0.6,0.4,0.001,50,6,23,1
60,1,0.6,0.4,0.001,50,7,23,1
60,1,0.6,0.4,0.001,50,8,15,1
60,1,0.6,0.4,0.001,50,9,23,1
60,1,0.6,0.4,0.001,50,10,15,1
60,1,0.6,0.4,0.001,50,11,15,1
60,1,0.6,0.4,0.001,50,12,23,1
60,1,0.6,0.4,0.001,50,13,15,1
60,1,0.6,0.4,0.001,50,14,15,1
60,1,0.6,0.4,0.001,50,15,23,1
60,1,0.6,0.4,0.001,50,16,36,1
60,1,0.6,0.4,0.001,50,17,23,1
60,1,0.6,0.4,0.001,50,18,23,1
60,1,0.6,0.4,0.001,50,19,23,1
60,1,0.6,0.4,0.001,50,20,23,1
60,1,0.6,0.4,0.001,50,21,15,1
60,1,0.6,0.4,0.001,50,22,23,1
60,1,0.6,0.4,0.001,50,23,36,1
60,1,0.6,0.4,0.001,50,24,15,1
60,1,0.6,0.4,0.001,50,25,23,1
60,1,0.6,0.4,0.001,50,26,23,1
60,1,0.6,0.4,0.001,50,27,23,1
60,1,0.6,0.4,0.001,50,28,23,1
60,1,0.6,0.4,0.001,50,29,36,1
60,1,0.6,0.4,0.001,50,30,23,1
60,1,0.6,0.4,0.001,50,31,15,1
60,1,0.6,0.4,0.001,50,32,23,1
60,1,0.6,0.4,0.001,50,33,23,1
60,1,0.6,0.4,0.001,50,34,36,1
60,1,0.6,0.4,0.001,50,35,23,1
60,1,0.6,0.4,0.001,50,36,23,1
60,1,0.6,0.4,0.001,50,37,15,1
60,1,0.6,0.4,0.001,50,38,15,1
60,1,0.6,0.4,0.001,50,39,15,1
60,1,0.6,0.4,0.001,50,40,23,1
60,1,0.6,0.4,0.001,50,41,23,1
60,1,0.6,0.4,0.001,50,42,23,1
60,1,0.6,0.4,0.001,50,43,23,1
60,1,0.6,0.4,0.001,50,44,15,1
60,1,0.6,0.4,0.001,50,45,23,1
60,1,0.6,0.4,0.001,50,46,23,1
60,1,0.6,0.4,0.001,50,47,23,1
60,1,0.6,0.4,0.001,50,48,15,1
60,1,0.6,0.4,0.001,50,49,23,1
60,1,0.6,0.4,0.001,50,50,23,1
100,1,0.6,0.4,0.001,50,1,15,1
100,1,0.6,0.4,0.001,50,2,23,1
100,1,0.6,0.4,0.001,50,3,15,1
100,1,0.6,0.4,0.001,50,4,15,1
100,1,0.6,0.4,0.001,50,5,9,1
100,1,0.6,0.4,0.001,50,6,23,1
100,1,0.6,0.4,0.001,50,7,23,1
100,1,0.6,0.4,0.001,50,8,15,1
100,1,0.6,0.4,0.001,50,9,15,1
100,1,0.6,0.4,0.001,50,10,15,1
100,1,0.6,0.4,0.001,50,11,15,1
100,1,0.6,0.4,0.001,50,12,23,1
100,1,0.6,0.4,0.001,50,13,15,1
100,1,0.6,0.4,0.001,50,14,15,1
100,1,0.6,0.4,0.001,50,15,15,1
100,1,0.6,0.4,0.001,50,16,23,1
100,1,0.6,0.4,0.001,50,17,23,1
100,1,0.6,0.4,0.001,50,18,15,1
100,1,0.6,0.4,0.001,50,19,23,1
100,1,0.6,0.4,0.001,50,20,23,1
100,1,0.6,0.4,0.001,50,21,15,1
100,1,0.6,0.4,0.001,50,22,9,1
100,1,0.6,0.4,0.001,50,23,23,1
100,1,0.6,0.4,0.001,50,24,15,1
100,1,0.6,0.4,0.001,50,25,15,1
100,1,0.6,0.4,0.001,50,26,15,1
100,1,0.6,0.4,0.001,50,27,23,1
100,1,0.6,0.4,0.001,50,28,15,1
100,1,0.6,0.4,0.001,50,29,23,1
100,1,0.6,0.4,0.001,50,30,15,1
100,1,0.6,0.4,0.001,50,31,6,1
100,1,0.6,0.4,0.001,50,32,15,1
100,1,0.6,0.4,0.001,50,33,15,1
100,1,0.6,0.4,0.001,50,34,15,1
100,1,0.6,0.4,0.001,50,35,23,1
100,1,0.6,0.4,0.001,50,36,15,1
100,1,0.6,0.4,0.001,50,37,15,1
100,1,0.6,0.4,0.001,50,38,23,1
100,1,0.6,0.4,0.001,50,39,15,1
100,1,0.6,0.4,0.001,50,40,23,1
100,1,0.6,0.4,0.001,50,41,15,1
100,1,0.6,0.4,0.001,50,42,23,1
100,1,0.6,0.4,0.001,50,43,15,1
100,1,0.6,0.4,0.001,50,44,15,1
100,1,0.6,0.4,0.001,50,45,15,1
100,1,0.6,0.4,0.001,50,46,15,1
100,1,0.6,0.4,0.001,50,47,23,1
100,1,0.6,0.4,0.001,50,48,15,1
100,1,0.6,0.4,0.001,50,49,23,1
100,1,0.6,0.4,0.001,50,50,23,1
10,1.5,0.6,0.4,0.001,50,1,139,1
10,1.5,0.6,0.4,0.001,50,2,88,1
10,1.5,0.6,0.4,0.001,50,3,532,1
10,1.5,0.6,0.4,0.001,50,4,NA,1
10,1.5,0.6,0.4,0.001,50,5,88,1
10,1.5,0.6,0.4,0.001,50,6,139,1
10,1.5,0.6,0.4,0.001,50,7,340,1
10,1.5,0.6,0.4,0.001,50,8,340,1
10,1.5,0.6,0.4,0.001,50,9,139,1
10,1.5,0.6,0.4,0.001,50,10,139,1
10,1.5,0.6,0.4,0.001,50,11,217,1
10,1.5,0.6,0.4,0.001,50,12,139,1
10,1.5,0.6,0.4,0.001,50,13,139,1
10,1.5,0.6,0.4,0.001,50,14,532,1
10,1.5,0.6,0.4,0.001,50,15,139,1
10,1.5,0.6,0.4,0.001,50,16,139,1
10,1.5,0.6,0.4,0.001,50,17,340,1
10,1.5,0.6,0.4,0.001,50,18,57,1
10,1.5,0.6,0.4,0.001,50,19,36,1
10,1.5,0.6,0.4,0.001,50,20,217,1
10,1.5,0.6,0.4,0.001,50,21,217,1
10,1.5,0.6,0.4,0.001,50,22,217,1
10,1.5,0.6,0.4,0.001,50,23,340,1
10,1.5,0.6,0.4,0.001,50,24,217,1
10,1.5,0.6,0.4,0.001,50,25,340,1
10,1.5,0.6,0.4,0.001,50,26,139,1
10,1.5,0.6,0.4,0.001,50,27,NA,1
10,1.5,0.6,0.4,0.001,50,28,217,1
10,1.5,0.6,0.4,0.001,50,29,340,1
10,1.5,0.6,0.4,0.001,50,30,139,1
10,1.5,0.6,0.4,0.001,50,31,139,1
10,1.5,0.6,0.4,0.001,50,32,139,1
10,1.5,0.6,0.4,0.001,50,33,139,1
10,1.5,0.6,0.4,0.001,50,34,217,1
10,1.5,0.6,0.4,0.001,50,35,88,1
10,1.5,0.6,0.4,0.001,50,36,217,1
10,1.5,0.6,0.4,0.001,50,37,217,1
10,1.5,0.6,0.4,0.001,50,38,217,1
10,1.5,0.6,0.4,0.001,50,39,217,1
10,1.5,0.6,0.4,0.001,50,40,88,1
10,1.5,0.6,0.4,0.001,50,41,139,1
10,1.5,0.6,0.4,0.001,50,42,88,1
10,1.5,0.6,0.4,0.001,50,43,139,1
10,1.5,0.6,0.4,0.001,50,44,217,1
10,1.5,0.6,0.4,0.001,50,45,340,1
10,1.5,0.6,0.4,0.001,50,46,340,1
10,1.5,0.6,0.4,0.001,50,47,532,1
10,1.5,0.6,0.4,0.001,50,48,88,1
10,1.5,0.6,0.4,0.001,50,49,217,1
10,1.5,0.6,0.4,0.001,50,50,NA,1
30,1.5,0.6,0.4,0.001,50,1,23,1
30,1.5,0.6,0.4,0.001,50,2,57,1
30,1.5,0.6,0.4,0.001,50,3,36,1
30,1.5,0.6,0.4,0.001,50,4,57,1
30,1.5,0.6,0.4,0.001,50,5,36,1
30,1.5,0.6,0.4,0.001,50,6,36,1
30,1.5,0.6,0.4,0.001,50,7,36,1
30,1.5,0.6,0.4,0.001,50,8,57,1
30,1.5,0.6,0.4,0.001,50,9,23,1
30,1.5,0.6,0.4,0.001,50,10,36,1
30,1.5,0.6,0.4,0.001,50,11,23,1
30,1.5,0.6,0.4,0.001,50,12,36,1
30,1.5,0.6,0.4,0.001,50,13,36,1
30,1.5,0.6,0.4,0.001,50,14,36,1
30,1.5,0.6,0.4,0.001,50,15,36,1
30,1.5,0.6,0.4,0.001,50,16,88,1
30,1.5,0.6,0.4,0.001,50,17,57,1
30,1.5,0.6,0.4,0.001,50,18,57,1
30,1.5,0.6,0.4,0.001,50,19,23,1
30,1.5,0.6,0.4,0.001,50,20,36,1
30,1.5,0.6,0.4,0.001,50,21,36,1
30,1.5,0.6,0.4,0.001,50,22,36,1
30,1.5,0.6,0.4,0.001,50,23,88,1
30,1.5,0.6,0.4,0.001,50,24,36,1
30,1.5,0.6,0.4,0.001,50,25,23,1
30,1.5,0.6,0.4,0.001,50,26,36,1
30,1.5,0.6,0.4,0.001,50,27,57,1
30,1.5,0.6,0.4,0.001,50,28,57,1
30,1.5,0.6,0.4,0.001,50,29,57,1
30,1.5,0.6,0.4,0.001,50,30,57,1
30,1.5,0.6,0.4,0.001,50,31,23,1
30,1.5,0.6,0.4,0.001,50,32,36,1
30,1.5,0.6,0.4,0.001,50,33,57,1
30,1.5,0.6,0.4,0.001,50,34,57,1
30,1.5,0.6,0.4,0.001,50,35,57,1
30,1.5,0.6,0.4,0.001,50,36,57,1
30,1.5,0.6,0.4,0.001,50,37,36,1
30,1.5,0.6,0.4,0.001,50,38,36,1
30,1.5,0.6,0.4,0.001,50,39,23,1
30,1.5,0.6,0.4,0.001,50,40,36,1
30,1.5,0.6,0.4,0.001,50,41,23,1
30,1.5,0.6,0.4,0.001,50,42,57,1
30,1.5,0.6,0.4,0.001,50,43,36,1
30,1.5,0.6,0.4,0.001,50,44,36,1
30,1.5,0.6,0.4,0.001,50,45,57,1
30,1.5,0.6,0.4,0.001,50,46,88,1
30,1.5,0.6,0.4,0.001,50,47,57,1
30,1.5,0.6,0.4,0.001,50,48,23,1
30,1.5,0.6,0.4,0.001,50,49,36,1
30,1.5,0.6,0.4,0.001,50,50,57,1
60,1.5,0.6,0.4,0.001,50,1,36,1
60,1.5,0.6,0.4,0.001,50,2,36,1
60,1.5,0.6,0.4,0.001,50,3,36,1
60,1.5,0.6,0.4,0.001,50,4,57,1
60,1.5,0.6,0.4,0.001,50,5,9,1
60,1.5,0.6,0.4,0.001,50,6,15,1
60,1.5,0.6,0.4,0.001,50,7,36,1
60,1.5,0.6,0.4,0.001,50,8,23,1
60,1.5,0.6,0.4,0.001,50,9,23,1
60,1.5,0.6,0.4,0.001,50,10,36,1
60,1.5,0.6,0.4,0.001,50,11,23,1
60,1.5,0.6,0.4,0.001,50,12,36,1
60,1.5,0.6,0.4,0.001,50,13,23,1
60,1.5,0.6,0.4,0.001,50,14,15,1
60,1.5,0.6,0.4,0.001,50,15,36,1
60,1.5,0.6,0.4,0.001,50,16,57,1
60,1.5,0.6,0.4,0.001,50,17,57,1
60,1.5,0.6,0.4,0.001,50,18,23,1
60,1.5,0.6,0.4,0.001,50,19,23,1
60,1.5,0.6,0.4,0.001,50,20,36,1
60,1.5,0.6,0.4,0.001,50,21,23,1
60,1.5,0.6,0.4,0.001,50,22,23,1
60,1.5,0.6,0.4,0.001,50,23,36,1
60,1.5,0.6,0.4,0.001,50,24,36,1
60,1.5,0.6,0.4,0.001,50,25,15,1
60,1.5,0.6,0.4,0.001,50,26,23,1
60,1.5,0.6,0.4,0.001,50,27,23,1
60,1.5,0.6,0.4,0.001,50,28,36,1
60,1.5,0.6,0.4,0.001,50,29,23,1
60,1.5,0.6,0.4,0.001,50,30,36,1
60,1.5,0.6,0.4,0.001,50,31,36,1
60,1.5,0.6,0.4,0.001,50,32,23,1
60,1.5,0.6,0.4,0.001,50,33,36,1
60,1.5,0.6,0.4,0.001,50,34,36,1
60,1.5,0.6,0.4,0.001,50,35,36,1
60,1.5,0.6,0.4,0.001,50,36,36,1
60,1.5,0.6,0.4,0.001,50,37,23,1
60,1.5,0.6,0.4,0.001,50,38,9,1
60,1.5,0.6,0.4,0.001,50,39,23,1
60,1.5,0.6,0.4,0.001,50,40,23,1
60,1.5,0.6,0.4,0.001,50,41,36,1
60,1.5,0.6,0.4,0.001,50,42,36,1
60,1.5,0.6,0.4,0.001,50,43,36,1
60,1.5,0.6,0.4,0.001,50,44,23,1
60,1.5,0.6,0.4,0.001,50,45,36,1
60,1.5,0.6,0.4,0.001,50,46,36,1
60,1.5,0.6,0.4,0.001,50,47,23,1
60,1.5,0.6,0.4,0.001,50,48,23,1
60,1.5,0.6,0.4,0.001,50,49,23,1
60,1.5,0.6,0.4,0.001,50,50,57,1
100,1.5,0.6,0.4,0.001,50,1,23,1
100,1.5,0.6,0.4,0.001,50,2,36,1
100,1.5,0.6,0.4,0.001,50,3,23,1
100,1.5,0.6,0.4,0.001,50,4,57,1
100,1.5,0.6,0.4,0.001,50,5,23,1
100,1.5,0.6,0.4,0.001,50,6,23,1
100,1.5,0.6,0.4,0.001,50,7,36,1
100,1.5,0.6,0.4,0.001,50,8,23,1
100,1.5,0.6,0.4,0.001,50,9,23,1
100,1.5,0.6,0.4,0.001,50,10,36,1
100,1.5,0.6,0.4,0.001,50,11,15,1
100,1.5,0.6,0.4,0.001,50,12,36,1
100,1.5,0.6,0.4,0.001,50,13,23,1
100,1.5,0.6,0.4,0.001,50,14,15,1
100,1.5,0.6,0.4,0.001,50,15,15,1
100,1.5,0.6,0.4,0.001,50,16,36,1
100,1.5,0.6,0.4,0.001,50,17,36,1
100,1.5,0.6,0.4,0.001,50,18,15,1
100,1.5,0.6,0.4,0.001,50,19,23,1
100,1.5,0.6,0.4,0.001,50,20,23,1
100,1.5,0.6,0.4,0.001,50,21,23,1
100,1.5,0.6,0.4,0.001,50,22,15,1
100,1.5,0.6,0.4,0.001,50,23,36,1
100,1.5,0.6,0.4,0.001,50,24,36,1
100,1.5,0.6,0.4,0.001,50,25,23,1
100,1.5,0.6,0.4,0.001,50,26,15,1
100,1.5,0.6,0.4,0.001,50,27,23,1
100,1.5,0.6,0.4,0.001,50,28,23,1
100,1.5,0.6,0.4,0.001,50,29,23,1
100,1.5,0.6,0.4,0.001,50,30,23,1
100,1.5,0.6,0.4,0.001,50,31,23,1
100,1.5,0.6,0.4,0.001,50,32,15,1
100,1.5,0.6,0.4,0.001,50,33,36,1
100,1.5,0.6,0.4,0.001,50,34,36,1
100,1.5,0.6,0.4,0.001,50,35,36,1
100,1.5,0.6,0.4,0.001,50,36,23,1
100,1.5,0.6,0.4,0.001,50,37,23,1
100,1.5,0.6,0.4,0.001,50,38,15,1
100,1.5,0.6,0.4,0.001,50,39,15,1
100,1.5,0.6,0.4,0.001,50,40,15,1
100,1.5,0.6,0.4,0.001,50,41,23,1
100,1.5,0.6,0.4,0.001,50,42,23,1
100,1.5,0.6,0.4,0.001,50,43,23,1
100,1.5,0.6,0.4,0.001,50,44,15,1
100,1.5,0.6,0.4,0.001,50,45,23,1
100,1.5,0.6,0.4,0.001,50,46,36,1
100,1.5,0.6,0.4,0.001,50,47,36,1
100,1.5,0.6,0.4,0.001,50,48,23,1
100,1.5,0.6,0.4,0.001,50,49,15,1
100,1.5,0.6,0.4,0.001,50,50,36,1
10,0.5,0.7,0.4,0.001,50,1,36,1
10,0.5,0.7,0.4,0.001,50,2,36,1
10,0.5,0.7,0.4,0.001,50,3,57,1
10,0.5,0.7,0.4,0.001,50,4,57,1
10,0.5,0.7,0.4,0.001,50,5,36,1
10,0.5,0.7,0.4,0.001,50,6,23,1
10,0.5,0.7,0.4,0.001,50,7,36,1
10,0.5,0.7,0.4,0.001,50,8,36,1
10,0.5,0.7,0.4,0.001,50,9,36,1
10,0.5,0.7,0.4,0.001,50,10,36,1
10,0.5,0.7,0.4,0.001,50,11,36,1
10,0.5,0.7,0.4,0.001,50,12,57,1
10,0.5,0.7,0.4,0.001,50,13,57,1
10,0.5,0.7,0.4,0.001,50,14,36,1
10,0.5,0.7,0.4,0.001,50,15,36,1
10,0.5,0.7,0.4,0.001,50,16,36,1
10,0.5,0.7,0.4,0.001,50,17,57,1
10,0.5,0.7,0.4,0.001,50,18,36,1
10,0.5,0.7,0.4,0.001,50,19,36,1
10,0.5,0.7,0.4,0.001,50,20,57,1
10,0.5,0.7,0.4,0.001,50,21,36,1
10,0.5,0.7,0.4,0.001,50,22,36,1
10,0.5,0.7,0.4,0.001,50,23,36,1
10,0.5,0.7,0.4,0.001,50,24,36,1
10,0.5,0.7,0.4,0.001,50,25,23,1
10,0.5,0.7,0.4,0.001,50,26,36,1
10,0.5,0.7,0.4,0.001,50,27,36,1
10,0.5,0.7,0.4,0.001,50,28,36,1
10,0.5,0.7,0.4,0.001,50,29,57,1
10,0.5,0.7,0.4,0.001,50,30,36,1
10,0.5,0.7,0.4,0.001,50,31,23,1
10,0.5,0.7,0.4,0.001,50,32,57,1
10,0.5,0.7,0.4,0.001,50,33,36,1
10,0.5,0.7,0.4,0.001,50,34,36,1
10,0.5,0.7,0.4,0.001,50,35,36,1
10,0.5,0.7,0.4,0.001,50,36,57,1
10,0.5,0.7,0.4,0.001,50,37,57,1
10,0.5,0.7,0.4,0.001,50,38,57,1
10,0.5,0.7,0.4,0.001,50,39,36,1
10,0.5,0.7,0.4,0.001,50,40,36,1
10,0.5,0.7,0.4,0.001,50,41,57,1
10,0.5,0.7,0.4,0.001,50,42,36,1
10,0.5,0.7,0.4,0.001,50,43,36,1
10,0.5,0.7,0.4,0.001,50,44,23,1
10,0.5,0.7,0.4,0.001,50,45,36,1
10,0.5,0.7,0.4,0.001,50,46,36,1
10,0.5,0.7,0.4,0.001,50,47,36,1
10,0.5,0.7,0.4,0.001,50,48,36,1
10,0.5,0.7,0.4,0.001,50,49,36,1
10,0.5,0.7,0.4,0.001,50,50,23,1
30,0.5,0.7,0.4,0.001,50,1,15,1
30,0.5,0.7,0.4,0.001,50,2,15,1
30,0.5,0.7,0.4,0.001,50,3,15,1
30,0.5,0.7,0.4,0.001,50,4,23,1
30,0.5,0.7,0.4,0.001,50,5,23,1
30,0.5,0.7,0.4,0.001,50,6,15,1
30,0.5,0.7,0.4,0.001,50,7,15,1
30,0.5,0.7,0.4,0.001,50,8,23,1
30,0.5,0.7,0.4,0.001,50,9,23,1
30,0.5,0.7,0.4,0.001,50,10,15,1
30,0.5,0.7,0.4,0.001,50,11,15,1
30,0.5,0.7,0.4,0.001,50,12,15,1
30,0.5,0.7,0.4,0.001,50,13,23,1
30,0.5,0.7,0.4,0.001,50,14,15,1
30,0.5,0.7,0.4,0.001,50,15,15,1
30,0.5,0.7,0.4,0.001,50,16,15,1
30,0.5,0.7,0.4,0.001,50,17,23,1
30,0.5,0.7,0.4,0.001,50,18,23,1
30,0.5,0.7,0.4,0.001,50,19,15,1
30,0.5,0.7,0.4,0.001,50,20,15,1
30,0.5,0.7,0.4,0.001,50,21,15,1
30,0.5,0.7,0.4,0.001,50,22,15,1
30,0.5,0.7,0.4,0.001,50,23,15,1
30,0.5,0.7,0.4,0.001,50,24,15,1
30,0.5,0.7,0.4,0.001,50,25,15,1
30,0.5,0.7,0.4,0.001,50,26,15,1
30,0.5,0.7,0.4,0.001,50,27,23,1
30,0.5,0.7,0.4,0.001,50,28,23,1
30,0.5,0.7,0.4,0.001,50,29,15,1
30,0.5,0.7,0.4,0.001,50,30,15,1
30,0.5,0.7,0.4,0.001,50,31,15,1
30,0.5,0.7,0.4,0.001,50,32,15,1
30,0.5,0.7,0.4,0.001,50,33,15,1
30,0.5,0.7,0.4,0.001,50,34,15,1
30,0.5,0.7,0.4,0.001,50,35,15,1
30,0.5,0.7,0.4,0.001,50,36,15,1
30,0.5,0.7,0.4,0.001,50,37,15,1
30,0.5,0.7,0.4,0.001,50,38,23,1
30,0.5,0.7,0.4,0.001,50,39,23,1
30,0.5,0.7,0.4,0.001,50,40,15,1
30,0.5,0.7,0.4,0.001,50,41,23,1
30,0.5,0.7,0.4,0.001,50,42,15,1
30,0.5,0.7,0.4,0.001,50,43,23,1
30,0.5,0.7,0.4,0.001,50,44,23,1
30,0.5,0.7,0.4,0.001,50,45,15,1
30,0.5,0.7,0.4,0.001,50,46,15,1
30,0.5,0.7,0.4,0.001,50,47,15,1
30,0.5,0.7,0.4,0.001,50,48,15,1
30,0.5,0.7,0.4,0.001,50,49,15,1
30,0.5,0.7,0.4,0.001,50,50,15,1
60,0.5,0.7,0.4,0.001,50,1,15,1
60,0.5,0.7,0.4,0.001,50,2,6,1
60,0.5,0.7,0.4,0.001,50,3,9,1
60,0.5,0.7,0.4,0.001,50,4,15,1
60,0.5,0.7,0.4,0.001,50,5,15,1
60,0.5,0.7,0.4,0.001,50,6,15,1
60,0.5,0.7,0.4,0.001,50,7,15,1
60,0.5,0.7,0.4,0.001,50,8,15,1
60,0.5,0.7,0.4,0.001,50,9,15,1
60,0.5,0.7,0.4,0.001,50,10,15,1
60,0.5,0.7,0.4,0.001,50,11,9,1
60,0.5,0.7,0.4,0.001,50,12,15,1
60,0.5,0.7,0.4,0.001,50,13,15,1
60,0.5,0.7,0.4,0.001,50,14,15,1
60,0.5,0.7,0.4,0.001,50,15,15,1
60,0.5,0.7,0.4,0.001,50,16,15,1
60,0.5,0.7,0.4,0.001,50,17,15,1
60,0.5,0.7,0.4,0.001,50,18,15,1
60,0.5,0.7,0.4,0.001,50,19,15,1
60,0.5,0.7,0.4,0.001,50,20,15,1
60,0.5,0.7,0.4,0.001,50,21,15,1
60,0.5,0.7,0.4,0.001,50,22,15,1
60,0.5,0.7,0.4,0.001,50,23,15,1
60,0.5,0.7,0.4,0.001,50,24,15,1
60,0.5,0.7,0.4,0.001,50,25,9,1
60,0.5,0.7,0.4,0.001,50,26,9,1
60,0.5,0.7,0.4,0.001,50,27,15,1
60,0.5,0.7,0.4,0.001,50,28,15,1
60,0.5,0.7,0.4,0.001,50,29,15,1
60,0.5,0.7,0.4,0.001,50,30,9,1
60,0.5,0.7,0.4,0.001,50,31,15,1
60,0.5,0.7,0.4,0.001,50,32,15,1
60,0.5,0.7,0.4,0.001,50,33,9,1
60,0.5,0.7,0.4,0.001,50,34,9,1
60,0.5,0.7,0.4,0.001,50,35,15,1
60,0.5,0.7,0.4,0.001,50,36,15,1
60,0.5,0.7,0.4,0.001,50,37,9,1
60,0.5,0.7,0.4,0.001,50,38,15,1
60,0.5,0.7,0.4,0.001,50,39,15,1
60,0.5,0.7,0.4,0.001,50,40,15,1
60,0.5,0.7,0.4,0.001,50,41,15,1
60,0.5,0.7,0.4,0.001,50,42,6,1
60,0.5,0.7,0.4,0.001,50,43,15,1
60,0.5,0.7,0.4,0.001,50,44,15,1
60,0.5,0.7,0.4,0.001,50,45,15,1
60,0.5,0.7,0.4,0.001,50,46,9,1
60,0.5,0.7,0.4,0.001,50,47,15,1
60,0.5,0.7,0.4,0.001,50,48,9,1
60,0.5,0.7,0.4,0.001,50,49,15,1
60,0.5,0.7,0.4,0.001,50,50,15,1
100,0.5,0.7,0.4,0.001,50,1,15,1
100,0.5,0.7,0.4,0.001,50,2,6,1
100,0.5,0.7,0.4,0.001,50,3,9,1
100,0.5,0.7,0.4,0.001,50,4,9,1
100,0.5,0.7,0.4,0.001,50,5,9,1
100,0.5,0.7,0.4,0.001,50,6,15,1
100,0.5,0.7,0.4,0.001,50,7,15,1
100,0.5,0.7,0.4,0.001,50,8,15,1
100,0.5,0.7,0.4,0.001,50,9,15,1
100,0.5,0.7,0.4,0.001,50,10,15,1
100,0.5,0.7,0.4,0.001,50,11,9,1
100,0.5,0.7,0.4,0.001,50,12,9,1
100,0.5,0.7,0.4,0.001,50,13,15,1
100,0.5,0.7,0.4,0.001,50,14,9,1
100,0.5,0.7,0.4,0.001,50,15,15,1
100,0.5,0.7,0.4,0.001,50,16,9,1
100,0.5,0.7,0.4,0.001,50,17,15,1
100,0.5,0.7,0.4,0.001,50,18,15,1
100,0.5,0.7,0.4,0.001,50,19,15,1
100,0.5,0.7,0.4,0.001,50,20,15,1
100,0.5,0.7,0.4,0.001,50,21,15,1
100,0.5,0.7,0.4,0.001,50,22,15,1
100,0.5,0.7,0.4,0.001,50,23,9,1
100,0.5,0.7,0.4,0.001,50,24,9,1
100,0.5,0.7,0.4,0.001,50,25,9,1
100,0.5,0.7,0.4,0.001,50,26,9,1
100,0.5,0.7,0.4,0.001,50,27,9,1
100,0.5,0.7,0.4,0.001,50,28,15,1
100,0.5,0.7,0.4,0.001,50,29,15,1
100,0.5,0.7,0.4,0.001,50,30,9,1
100,0.5,0.7,0.4,0.001,50,31,9,1
100,0.5,0.7,0.4,0.001,50,32,15,1
100,0.5,0.7,0.4,0.001,50,33,9,1
100,0.5,0.7,0.4,0.001,50,34,15,1
100,0.5,0.7,0.4,0.001,50,35,9,1
100,0.5,0.7,0.4,0.001,50,36,9,1
100,0.5,0.7,0.4,0.001,50,37,9,1
100,0.5,0.7,0.4,0.001,50,38,9,1
100,0.5,0.7,0.4,0.001,50,39,15,1
100,0.5,0.7,0.4,0.001,50,40,15,1
100,0.5,0.7,0.4,0.001,50,41,15,1
100,0.5,0.7,0.4,0.001,50,42,9,1
100,0.5,0.7,0.4,0.001,50,43,9,1
100,0.5,0.7,0.4,0.001,50,44,15,1
100,0.5,0.7,0.4,0.001,50,45,15,1
100,0.5,0.7,0.4,0.001,50,46,9,1
100,0.5,0.7,0.4,0.001,50,47,15,1
100,0.5,0.7,0.4,0.001,50,48,15,1
100,0.5,0.7,0.4,0.001,50,49,9,1
100,0.5,0.7,0.4,0.001,50,50,15,1
10,1,0.7,0.4,0.001,50,1,36,1
10,1,0.7,0.4,0.001,50,2,57,1
10,1,0.7,0.4,0.001,50,3,57,1
10,1,0.7,0.4,0.001,50,4,36,1
10,1,0.7,0.4,0.001,50,5,36,1
10,1,0.7,0.4,0.001,50,6,36,1
10,1,0.7,0.4,0.001,50,7,57,1
10,1,0.7,0.4,0.001,50,8,36,1
10,1,0.7,0.4,0.001,50,9,36,1
10,1,0.7,0.4,0.001,50,10,36,1
10,1,0.7,0.4,0.001,50,11,57,1
10,1,0.7,0.4,0.001,50,12,57,1
10,1,0.7,0.4,0.001,50,13,57,1
10,1,0.7,0.4,0.001,50,14,57,1
10,1,0.7,0.4,0.001,50,15,57,1
10,1,0.7,0.4,0.001,50,16,36,1
10,1,0.7,0.4,0.001,50,17,57,1
10,1,0.7,0.4,0.001,50,18,36,1
10,1,0.7,0.4,0.001,50,19,36,1
10,1,0.7,0.4,0.001,50,20,36,1
10,1,0.7,0.4,0.001,50,21,36,1
10,1,0.7,0.4,0.001,50,22,57,1
10,1,0.7,0.4,0.001,50,23,36,1
10,1,0.7,0.4,0.001,50,24,57,1
10,1,0.7,0.4,0.001,50,25,57,1
10,1,0.7,0.4,0.001,50,26,23,1
10,1,0.7,0.4,0.001,50,27,23,1
10,1,0.7,0.4,0.001,50,28,57,1
10,1,0.7,0.4,0.001,50,29,57,1
10,1,0.7,0.4,0.001,50,30,57,1
10,1,0.7,0.4,0.001,50,31,57,1
10,1,0.7,0.4,0.001,50,32,57,1
10,1,0.7,0.4,0.001,50,33,57,1
10,1,0.7,0.4,0.001,50,34,57,1
10,1,0.7,0.4,0.001,50,35,57,1
10,1,0.7,0.4,0.001,50,36,57,1
10,1,0.7,0.4,0.001,50,37,57,1
10,1,0.7,0.4,0.001,50,38,57,1
10,1,0.7,0.4,0.001,50,39,88,1
10,1,0.7,0.4,0.001,50,40,36,1
10,1,0.7,0.4,0.001,50,41,57,1
10,1,0.7,0.4,0.001,50,42,36,1
10,1,0.7,0.4,0.001,50,43,36,1
10,1,0.7,0.4,0.001,50,44,36,1
10,1,0.7,0.4,0.001,50,45,36,1
10,1,0.7,0.4,0.001,50,46,23,1
10,1,0.7,0.4,0.001,50,47,36,1
10,1,0.7,0.4,0.001,50,48,36,1
10,1,0.7,0.4,0.001,50,49,36,1
10,1,0.7,0.4,0.001,50,50,57,1
30,1,0.7,0.4,0.001,50,1,23,1
30,1,0.7,0.4,0.001,50,2,15,1
30,1,0.7,0.4,0.001,50,3,23,1
30,1,0.7,0.4,0.001,50,4,15,1
30,1,0.7,0.4,0.001,50,5,15,1
30,1,0.7,0.4,0.001,50,6,23,1
30,1,0.7,0.4,0.001,50,7,23,1
30,1,0.7,0.4,0.001,50,8,23,1
30,1,0.7,0.4,0.001,50,9,23,1
30,1,0.7,0.4,0.001,50,10,15,1
30,1,0.7,0.4,0.001,50,11,15,1
30,1,0.7,0.4,0.001,50,12,23,1
30,1,0.7,0.4,0.001,50,13,15,1
30,1,0.7,0.4,0.001,50,14,15,1
30,1,0.7,0.4,0.001,50,15,15,1
30,1,0.7,0.4,0.001,50,16,23,1
30,1,0.7,0.4,0.001,50,17,15,1
30,1,0.7,0.4,0.001,50,18,23,1
30,1,0.7,0.4,0.001,50,19,15,1
30,1,0.7,0.4,0.001,50,20,23,1
30,1,0.7,0.4,0.001,50,21,23,1
30,1,0.7,0.4,0.001,50,22,15,1
30,1,0.7,0.4,0.001,50,23,15,1
30,1,0.7,0.4,0.001,50,24,23,1
30,1,0.7,0.4,0.001,50,25,15,1
30,1,0.7,0.4,0.001,50,26,9,1
30,1,0.7,0.4,0.001,50,27,15,1
30,1,0.7,0.4,0.001,50,28,15,1
30,1,0.7,0.4,0.001,50,29,23,1
30,1,0.7,0.4,0.001,50,30,23,1
30,1,0.7,0.4,0.001,50,31,23,1
30,1,0.7,0.4,0.001,50,32,15,1
30,1,0.7,0.4,0.001,50,33,15,1
30,1,0.7,0.4,0.001,50,34,23,1
30,1,0.7,0.4,0.001,50,35,15,1
30,1,0.7,0.4,0.001,50,36,15,1
30,1,0.7,0.4,0.001,50,37,6,1
30,1,0.7,0.4,0.001,50,38,23,1
30,1,0.7,0.4,0.001,50,39,15,1
30,1,0.7,0.4,0.001,50,40,23,1
30,1,0.7,0.4,0.001,50,41,23,1
30,1,0.7,0.4,0.001,50,42,9,1
30,1,0.7,0.4,0.001,50,43,15,1
30,1,0.7,0.4,0.001,50,44,23,1
30,1,0.7,0.4,0.001,50,45,15,1
30,1,0.7,0.4,0.001,50,46,15,1
30,1,0.7,0.4,0.001,50,47,15,1
30,1,0.7,0.4,0.001,50,48,15,1
30,1,0.7,0.4,0.001,50,49,23,1
30,1,0.7,0.4,0.001,50,50,23,1
60,1,0.7,0.4,0.001,50,1,15,1
60,1,0.7,0.4,0.001,50,2,15,1
60,1,0.7,0.4,0.001,50,3,6,1
60,1,0.7,0.4,0.001,50,4,15,1
60,1,0.7,0.4,0.001,50,5,15,1
60,1,0.7,0.4,0.001,50,6,15,1
60,1,0.7,0.4,0.001,50,7,23,1
60,1,0.7,0.4,0.001,50,8,15,1
60,1,0.7,0.4,0.001,50,9,15,1
60,1,0.7,0.4,0.001,50,10,15,1
60,1,0.7,0.4,0.001,50,11,9,1
60,1,0.7,0.4,0.001,50,12,15,1
60,1,0.7,0.4,0.001,50,13,9,1
60,1,0.7,0.4,0.001,50,14,15,1
60,1,0.7,0.4,0.001,50,15,9,1
60,1,0.7,0.4,0.001,50,16,15,1
60,1,0.7,0.4,0.001,50,17,15,1
60,1,0.7,0.4,0.001,50,18,15,1
60,1,0.7,0.4,0.001,50,19,15,1
60,1,0.7,0.4,0.001,50,20,15,1
60,1,0.7,0.4,0.001,50,21,15,1
60,1,0.7,0.4,0.001,50,22,15,1
60,1,0.7,0.4,0.001,50,23,15,1
60,1,0.7,0.4,0.001,50,24,23,1
60,1,0.7,0.4,0.001,50,25,15,1
60,1,0.7,0.4,0.001,50,26,9,1
60,1,0.7,0.4,0.001,50,27,15,1
60,1,0.7,0.4,0.001,50,28,15,1
60,1,0.7,0.4,0.001,50,29,15,1
60,1,0.7,0.4,0.001,50,30,15,1
60,1,0.7,0.4,0.001,50,31,23,1
60,1,0.7,0.4,0.001,50,32,15,1
60,1,0.7,0.4,0.001,50,33,15,1
60,1,0.7,0.4,0.001,50,34,15,1
60,1,0.7,0.4,0.001,50,35,15,1
60,1,0.7,0.4,0.001,50,36,15,1
60,1,0.7,0.4,0.001,50,37,6,1
60,1,0.7,0.4,0.001,50,38,15,1
60,1,0.7,0.4,0.001,50,39,15,1
60,1,0.7,0.4,0.001,50,40,15,1
60,1,0.7,0.4,0.001,50,41,23,1
60,1,0.7,0.4,0.001,50,42,15,1
60,1,0.7,0.4,0.001,50,43,15,1
60,1,0.7,0.4,0.001,50,44,15,1
60,1,0.7,0.4,0.001,50,45,15,1
60,1,0.7,0.4,0.001,50,46,15,1
60,1,0.7,0.4,0.001,50,47,15,1
60,1,0.7,0.4,0.001,50,48,15,1
60,1,0.7,0.4,0.001,50,49,15,1
60,1,0.7,0.4,0.001,50,50,15,1
100,1,0.7,0.4,0.001,50,1,15,1
100,1,0.7,0.4,0.001,50,2,15,1
100,1,0.7,0.4,0.001,50,3,15,1
100,1,0.7,0.4,0.001,50,4,9,1
100,1,0.7,0.4,0.001,50,5,15,1
100,1,0.7,0.4,0.001,50,6,15,1
100,1,0.7,0.4,0.001,50,7,15,1
100,1,0.7,0.4,0.001,50,8,15,1
100,1,0.7,0.4,0.001,50,9,15,1
100,1,0.7,0.4,0.001,50,10,15,1
100,1,0.7,0.4,0.001,50,11,15,1
100,1,0.7,0.4,0.001,50,12,15,1
100,1,0.7,0.4,0.001,50,13,9,1
100,1,0.7,0.4,0.001,50,14,9,1
100,1,0.7,0.4,0.001,50,15,9,1
100,1,0.7,0.4,0.001,50,16,15,1
100,1,0.7,0.4,0.001,50,17,15,1
100,1,0.7,0.4,0.001,50,18,15,1
100,1,0.7,0.4,0.001,50,19,9,1
100,1,0.7,0.4,0.001,50,20,15,1
100,1,0.7,0.4,0.001,50,21,15,1
100,1,0.7,0.4,0.001,50,22,15,1
100,1,0.7,0.4,0.001,50,23,15,1
100,1,0.7,0.4,0.001,50,24,15,1
100,1,0.7,0.4,0.001,50,25,15,1
100,1,0.7,0.4,0.001,50,26,9,1
100,1,0.7,0.4,0.001,50,27,15,1
100,1,0.7,0.4,0.001,50,28,15,1
100,1,0.7,0.4,0.001,50,29,15,1
100,1,0.7,0.4,0.001,50,30,15,1
100,1,0.7,0.4,0.001,50,31,15,1
100,1,0.7,0.4,0.001,50,32,4,1
100,1,0.7,0.4,0.001,50,33,15,1
100,1,0.7,0.4,0.001,50,34,15,1
100,1,0.7,0.4,0.001,50,35,15,1
100,1,0.7,0.4,0.001,50,36,15,1
100,1,0.7,0.4,0.001,50,37,6,1
100,1,0.7,0.4,0.001,50,38,15,1
100,1,0.7,0.4,0.001,50,39,15,1
100,1,0.7,0.4,0.001,50,40,15,1
100,1,0.7,0.4,0.001,50,41,23,1
100,1,0.7,0.4,0.001,50,42,9,1
100,1,0.7,0.4,0.001,50,43,15,1
100,1,0.7,0.4,0.001,50,44,15,1
100,1,0.7,0.4,0.001,50,45,15,1
100,1,0.7,0.4,0.001,50,46,15,1
100,1,0.7,0.4,0.001,50,47,15,1
100,1,0.7,0.4,0.001,50,48,6,1
100,1,0.7,0.4,0.001,50,49,15,1
100,1,0.7,0.4,0.001,50,50,15,1
10,1.5,0.7,0.4,0.001,50,1,36,1
10,1.5,0.7,0.4,0.001,50,2,57,1
10,1.5,0.7,0.4,0.001,50,3,88,1
10,1.5,0.7,0.4,0.001,50,4,88,1
10,1.5,0.7,0.4,0.001,50,5,57,1
10,1.5,0.7,0.4,0.001,50,6,57,1
10,1.5,0.7,0.4,0.001,50,7,88,1
10,1.5,0.7,0.4,0.001,50,8,88,1
10,1.5,0.7,0.4,0.001,50,9,88,1
10,1.5,0.7,0.4,0.001,50,10,57,1
10,1.5,0.7,0.4,0.001,50,11,57,1
10,1.5,0.7,0.4,0.001,50,12,88,1
10,1.5,0.7,0.4,0.001,50,13,88,1
10,1.5,0.7,0.4,0.001,50,14,88,1
10,1.5,0.7,0.4,0.001,50,15,217,1
10,1.5,0.7,0.4,0.001,50,16,88,1
10,1.5,0.7,0.4,0.001,50,17,88,1
10,1.5,0.7,0.4,0.001,50,18,139,1
10,1.5,0.7,0.4,0.001,50,19,57,1
10,1.5,0.7,0.4,0.001,50,20,88,1
10,1.5,0.7,0.4,0.001,50,21,57,1
10,1.5,0.7,0.4,0.001,50,22,57,1
10,1.5,0.7,0.4,0.001,50,23,57,1
10,1.5,0.7,0.4,0.001,50,24,139,1
10,1.5,0.7,0.4,0.001,50,25,88,1
10,1.5,0.7,0.4,0.001,50,26,57,1
10,1.5,0.7,0.4,0.001,50,27,88,1
10,1.5,0.7,0.4,0.001,50,28,139,1
10,1.5,0.7,0.4,0.001,50,29,57,1
10,1.5,0.7,0.4,0.001,50,30,88,1
10,1.5,0.7,0.4,0.001,50,31,88,1
10,1.5,0.7,0.4,0.001,50,32,57,1
10,1.5,0.7,0.4,0.001,50,33,88,1
10,1.5,0.7,0.4,0.001,50,34,139,1
10,1.5,0.7,0.4,0.001,50,35,88,1
10,1.5,0.7,0.4,0.001,50,36,57,1
10,1.5,0.7,0.4,0.001,50,37,88,1
10,1.5,0.7,0.4,0.001,50,38,88,1
10,1.5,0.7,0.4,0.001,50,39,88,1
10,1.5,0.7,0.4,0.001,50,40,57,1
10,1.5,0.7,0.4,0.001,50,41,57,1
10,1.5,0.7,0.4,0.001,50,42,88,1
10,1.5,0.7,0.4,0.001,50,43,139,1
10,1.5,0.7,0.4,0.001,50,44,36,1
10,1.5,0.7,0.4,0.001,50,45,88,1
10,1.5,0.7,0.4,0.001,50,46,57,1
10,1.5,0.7,0.4,0.001,50,47,57,1
10,1.5,0.7,0.4,0.001,50,48,57,1
10,1.5,0.7,0.4,0.001,50,49,88,1
10,1.5,0.7,0.4,0.001,50,50,88,1
30,1.5,0.7,0.4,0.001,50,1,23,1
30,1.5,0.7,0.4,0.001,50,2,23,1
30,1.5,0.7,0.4,0.001,50,3,23,1
30,1.5,0.7,0.4,0.001,50,4,23,1
30,1.5,0.7,0.4,0.001,50,5,23,1
30,1.5,0.7,0.4,0.001,50,6,23,1
30,1.5,0.7,0.4,0.001,50,7,23,1
30,1.5,0.7,0.4,0.001,50,8,36,1
30,1.5,0.7,0.4,0.001,50,9,23,1
30,1.5,0.7,0.4,0.001,50,10,23,1
30,1.5,0.7,0.4,0.001,50,11,23,1
30,1.5,0.7,0.4,0.001,50,12,36,1
30,1.5,0.7,0.4,0.001,50,13,36,1
30,1.5,0.7,0.4,0.001,50,14,23,1
30,1.5,0.7,0.4,0.001,50,15,36,1
30,1.5,0.7,0.4,0.001,50,16,23,1
30,1.5,0.7,0.4,0.001,50,17,23,1
30,1.5,0.7,0.4,0.001,50,18,36,1
30,1.5,0.7,0.4,0.001,50,19,15,1
30,1.5,0.7,0.4,0.001,50,20,23,1
30,1.5,0.7,0.4,0.001,50,21,23,1
30,1.5,0.7,0.4,0.001,50,22,15,1
30,1.5,0.7,0.4,0.001,50,23,36,1
30,1.5,0.7,0.4,0.001,50,24,23,1
30,1.5,0.7,0.4,0.001,50,25,15,1
30,1.5,0.7,0.4,0.001,50,26,23,1
30,1.5,0.7,0.4,0.001,50,27,23,1
30,1.5,0.7,0.4,0.001,50,28,23,1
30,1.5,0.7,0.4,0.001,50,29,23,1
30,1.5,0.7,0.4,0.001,50,30,36,1
30,1.5,0.7,0.4,0.001,50,31,23,1
30,1.5,0.7,0.4,0.001,50,32,15,1
30,1.5,0.7,0.4,0.001,50,33,23,1
30,1.5,0.7,0.4,0.001,50,34,36,1
30,1.5,0.7,0.4,0.001,50,35,23,1
30,1.5,0.7,0.4,0.001,50,36,23,1
30,1.5,0.7,0.4,0.001,50,37,6,1
30,1.5,0.7,0.4,0.001,50,38,36,1
30,1.5,0.7,0.4,0.001,50,39,36,1
30,1.5,0.7,0.4,0.001,50,40,23,1
30,1.5,0.7,0.4,0.001,50,41,23,1
30,1.5,0.7,0.4,0.001,50,42,15,1
30,1.5,0.7,0.4,0.001,50,43,23,1
30,1.5,0.7,0.4,0.001,50,44,23,1
30,1.5,0.7,0.4,0.001,50,45,36,1
30,1.5,0.7,0.4,0.001,50,46,23,1
30,1.5,0.7,0.4,0.001,50,47,36,1
30,1.5,0.7,0.4,0.001,50,48,15,1
30,1.5,0.7,0.4,0.001,50,49,36,1
30,1.5,0.7,0.4,0.001,50,50,15,1
60,1.5,0.7,0.4,0.001,50,1,23,1
60,1.5,0.7,0.4,0.001,50,2,15,1
60,1.5,0.7,0.4,0.001,50,3,23,1
60,1.5,0.7,0.4,0.001,50,4,15,1
60,1.5,0.7,0.4,0.001,50,5,23,1
60,1.5,0.7,0.4,0.001,50,6,23,1
60,1.5,0.7,0.4,0.001,50,7,23,1
60,1.5,0.7,0.4,0.001,50,8,36,1
60,1.5,0.7,0.4,0.001,50,9,23,1
60,1.5,0.7,0.4,0.001,50,10,23,1
60,1.5,0.7,0.4,0.001,50,11,15,1
60,1.5,0.7,0.4,0.001,50,12,23,1
60,1.5,0.7,0.4,0.001,50,13,15,1
60,1.5,0.7,0.4,0.001,50,14,23,1
60,1.5,0.7,0.4,0.001,50,15,23,1
60,1.5,0.7,0.4,0.001,50,16,15,1
60,1.5,0.7,0.4,0.001,50,17,15,1
60,1.5,0.7,0.4,0.001,50,18,15,1
60,1.5,0.7,0.4,0.001,50,19,15,1
60,1.5,0.7,0.4,0.001,50,20,9,1
60,1.5,0.7,0.4,0.001,50,21,23,1
60,1.5,0.7,0.4,0.001,50,22,15,1
60,1.5,0.7,0.4,0.001,50,23,15,1
60,1.5,0.7,0.4,0.001,50,24,23,1
60,1.5,0.7,0.4,0.001,50,25,15,1
60,1.5,0.7,0.4,0.001,50,26,9,1
60,1.5,0.7,0.4,0.001,50,27,23,1
60,1.5,0.7,0.4,0.001,50,28,23,1
60,1.5,0.7,0.4,0.001,50,29,23,1
60,1.5,0.7,0.4,0.001,50,30,23,1
60,1.5,0.7,0.4,0.001,50,31,15,1
60,1.5,0.7,0.4,0.001,50,32,15,1
60,1.5,0.7,0.4,0.001,50,33,23,1
60,1.5,0.7,0.4,0.001,50,34,23,1
60,1.5,0.7,0.4,0.001,50,35,23,1
60,1.5,0.7,0.4,0.001,50,36,15,1
60,1.5,0.7,0.4,0.001,50,37,23,1
60,1.5,0.7,0.4,0.001,50,38,36,1
60,1.5,0.7,0.4,0.001,50,39,23,1
60,1.5,0.7,0.4,0.001,50,40,15,1
60,1.5,0.7,0.4,0.001,50,41,23,1
60,1.5,0.7,0.4,0.001,50,42,15,1
60,1.5,0.7,0.4,0.001,50,43,15,1
60,1.5,0.7,0.4,0.001,50,44,23,1
60,1.5,0.7,0.4,0.001,50,45,15,1
60,1.5,0.7,0.4,0.001,50,46,15,1
60,1.5,0.7,0.4,0.001,50,47,23,1
60,1.5,0.7,0.4,0.001,50,48,15,1
60,1.5,0.7,0.4,0.001,50,49,23,1
60,1.5,0.7,0.4,0.001,50,50,15,1
100,1.5,0.7,0.4,0.001,50,1,9,1
100,1.5,0.7,0.4,0.001,50,2,15,1
100,1.5,0.7,0.4,0.001,50,3,23,1
100,1.5,0.7,0.4,0.001,50,4,23,1
100,1.5,0.7,0.4,0.001,50,5,15,1
100,1.5,0.7,0.4,0.001,50,6,15,1
100,1.5,0.7,0.4,0.001,50,7,15,1
100,1.5,0.7,0.4,0.001,50,8,23,1
100,1.5,0.7,0.4,0.001,50,9,23,1
100,1.5,0.7,0.4,0.001,50,10,23,1
100,1.5,0.7,0.4,0.001,50,11,15,1
100,1.5,0.7,0.4,0.001,50,12,15,1
100,1.5,0.7,0.4,0.001,50,13,15,1
100,1.5,0.7,0.4,0.001,50,14,23,1
100,1.5,0.7,0.4,0.001,50,15,23,1
100,1.5,0.7,0.4,0.001,50,16,15,1
100,1.5,0.7,0.4,0.001,50,17,15,1
100,1.5,0.7,0.4,0.001,50,18,15,1
100,1.5,0.7,0.4,0.001,50,19,15,1
100,1.5,0.7,0.4,0.001,50,20,15,1
100,1.5,0.7,0.4,0.001,50,21,23,1
100,1.5,0.7,0.4,0.001,50,22,15,1
100,1.5,0.7,0.4,0.001,50,23,15,1
100,1.5,0.7,0.4,0.001,50,24,23,1
100,1.5,0.7,0.4,0.001,50,25,15,1
100,1.5,0.7,0.4,0.001,50,26,15,1
100,1.5,0.7,0.4,0.001,50,27,15,1
100,1.5,0.7,0.4,0.001,50,28,23,1
100,1.5,0.7,0.4,0.001,50,29,15,1
100,1.5,0.7,0.4,0.001,50,30,15,1
100,1.5,0.7,0.4,0.001,50,31,23,1
100,1.5,0.7,0.4,0.001,50,32,15,1
100,1.5,0.7,0.4,0.001,50,33,15,1
100,1.5,0.7,0.4,0.001,50,34,23,1
100,1.5,0.7,0.4,0.001,50,35,15,1
100,1.5,0.7,0.4,0.001,50,36,15,1
100,1.5,0.7,0.4,0.001,50,37,9,1
100,1.5,0.7,0.4,0.001,50,38,15,1
100,1.5,0.7,0.4,0.001,50,39,23,1
100,1.5,0.7,0.4,0.001,50,40,15,1
100,1.5,0.7,0.4,0.001,50,41,23,1
100,1.5,0.7,0.4,0.001,50,42,15,1
100,1.5,0.7,0.4,0.001,50,43,15,1
100,1.5,0.7,0.4,0.001,50,44,15,1
100,1.5,0.7,0.4,0.001,50,45,15,1
100,1.5,0.7,0.4,0.001,50,46,15,1
100,1.5,0.7,0.4,0.001,50,47,23,1
100,1.5,0.7,0.4,0.001,50,48,9,1
100,1.5,0.7,0.4,0.001,50,49,15,1
100,1.5,0.7,0.4,0.001,50,50,15,1
10,0.5,0.5,0.2,0.01,50,1,36,1
10,0.5,0.5,0.2,0.01,50,2,23,1
10,0.5,0.5,0.2,0.01,50,3,36,1
10,0.5,0.5,0.2,0.01,50,4,36,1
10,0.5,0.5,0.2,0.01,50,5,36,1
10,0.5,0.5,0.2,0.01,50,6,36,1
10,0.5,0.5,0.2,0.01,50,7,36,1
10,0.5,0.5,0.2,0.01,50,8,57,1
10,0.5,0.5,0.2,0.01,50,9,36,1
10,0.5,0.5,0.2,0.01,50,10,36,1
10,0.5,0.5,0.2,0.01,50,11,57,1
10,0.5,0.5,0.2,0.01,50,12,36,1
10,0.5,0.5,0.2,0.01,50,13,36,1
10,0.5,0.5,0.2,0.01,50,14,23,1
10,0.5,0.5,0.2,0.01,50,15,36,1
10,0.5,0.5,0.2,0.01,50,16,36,1
10,0.5,0.5,0.2,0.01,50,17,23,1
10,0.5,0.5,0.2,0.01,50,18,57,1
10,0.5,0.5,0.2,0.01,50,19,36,1
10,0.5,0.5,0.2,0.01,50,20,57,1
10,0.5,0.5,0.2,0.01,50,21,57,1
10,0.5,0.5,0.2,0.01,50,22,23,1
10,0.5,0.5,0.2,0.01,50,23,36,1
10,0.5,0.5,0.2,0.01,50,24,36,1
10,0.5,0.5,0.2,0.01,50,25,36,1
10,0.5,0.5,0.2,0.01,50,26,36,1
10,0.5,0.5,0.2,0.01,50,27,36,1
10,0.5,0.5,0.2,0.01,50,28,36,1
10,0.5,0.5,0.2,0.01,50,29,36,1
10,0.5,0.5,0.2,0.01,50,30,57,1
10,0.5,0.5,0.2,0.01,50,31,57,1
10,0.5,0.5,0.2,0.01,50,32,57,1
10,0.5,0.5,0.2,0.01,50,33,36,1
10,0.5,0.5,0.2,0.01,50,34,36,1
10,0.5,0.5,0.2,0.01,50,35,57,1
10,0.5,0.5,0.2,0.01,50,36,36,1
10,0.5,0.5,0.2,0.01,50,37,57,1
10,0.5,0.5,0.2,0.01,50,38,36,1
10,0.5,0.5,0.2,0.01,50,39,23,1
10,0.5,0.5,0.2,0.01,50,40,36,1
10,0.5,0.5,0.2,0.01,50,41,36,1
10,0.5,0.5,0.2,0.01,50,42,36,1
10,0.5,0.5,0.2,0.01,50,43,36,1
10,0.5,0.5,0.2,0.01,50,44,36,1
10,0.5,0.5,0.2,0.01,50,45,23,1
10,0.5,0.5,0.2,0.01,50,46,36,1
10,0.5,0.5,0.2,0.01,50,47,57,1
10,0.5,0.5,0.2,0.01,50,48,23,1
10,0.5,0.5,0.2,0.01,50,49,36,1
10,0.5,0.5,0.2,0.01,50,50,57,1
30,0.5,0.5,0.2,0.01,50,1,15,1
30,0.5,0.5,0.2,0.01,50,2,15,1
30,0.5,0.5,0.2,0.01,50,3,15,1
30,0.5,0.5,0.2,0.01,50,4,15,1
30,0.5,0.5,0.2,0.01,50,5,15,1
30,0.5,0.5,0.2,0.01,50,6,15,1
30,0.5,0.5,0.2,0.01,50,7,15,1
30,0.5,0.5,0.2,0.01,50,8,15,1
30,0.5,0.5,0.2,0.01,50,9,15,1
30,0.5,0.5,0.2,0.01,50,10,15,1
30,0.5,0.5,0.2,0.01,50,11,15,1
30,0.5,0.5,0.2,0.01,50,12,15,1
30,0.5,0.5,0.2,0.01,50,13,15,1
30,0.5,0.5,0.2,0.01,50,14,15,1
30,0.5,0.5,0.2,0.01,50,15,15,1
30,0.5,0.5,0.2,0.01,50,16,15,1
30,0.5,0.5,0.2,0.01,50,17,15,1
30,0.5,0.5,0.2,0.01,50,18,23,1
30,0.5,0.5,0.2,0.01,50,19,15,1
30,0.5,0.5,0.2,0.01,50,20,23,1
30,0.5,0.5,0.2,0.01,50,21,15,1
30,0.5,0.5,0.2,0.01,50,22,15,1
30,0.5,0.5,0.2,0.01,50,23,15,1
30,0.5,0.5,0.2,0.01,50,24,15,1
30,0.5,0.5,0.2,0.01,50,25,15,1
30,0.5,0.5,0.2,0.01,50,26,15,1
30,0.5,0.5,0.2,0.01,50,27,23,1
30,0.5,0.5,0.2,0.01,50,28,15,1
30,0.5,0.5,0.2,0.01,50,29,15,1
30,0.5,0.5,0.2,0.01,50,30,15,1
30,0.5,0.5,0.2,0.01,50,31,15,1
30,0.5,0.5,0.2,0.01,50,32,23,1
30,0.5,0.5,0.2,0.01,50,33,23,1
30,0.5,0.5,0.2,0.01,50,34,23,1
30,0.5,0.5,0.2,0.01,50,35,15,1
30,0.5,0.5,0.2,0.01,50,36,15,1
30,0.5,0.5,0.2,0.01,50,37,15,1
30,0.5,0.5,0.2,0.01,50,38,15,1
30,0.5,0.5,0.2,0.01,50,39,15,1
30,0.5,0.5,0.2,0.01,50,40,15,1
30,0.5,0.5,0.2,0.01,50,41,15,1
30,0.5,0.5,0.2,0.01,50,42,15,1
30,0.5,0.5,0.2,0.01,50,43,15,1
30,0.5,0.5,0.2,0.01,50,44,15,1
30,0.5,0.5,0.2,0.01,50,45,15,1
30,0.5,0.5,0.2,0.01,50,46,15,1
30,0.5,0.5,0.2,0.01,50,47,23,1
30,0.5,0.5,0.2,0.01,50,48,15,1
30,0.5,0.5,0.2,0.01,50,49,9,1
30,0.5,0.5,0.2,0.01,50,50,15,1
60,0.5,0.5,0.2,0.01,50,1,15,1
60,0.5,0.5,0.2,0.01,50,2,15,1
60,0.5,0.5,0.2,0.01,50,3,9,1
60,0.5,0.5,0.2,0.01,50,4,9,1
60,0.5,0.5,0.2,0.01,50,5,15,1
60,0.5,0.5,0.2,0.01,50,6,9,1
60,0.5,0.5,0.2,0.01,50,7,15,1
60,0.5,0.5,0.2,0.01,50,8,9,1
60,0.5,0.5,0.2,0.01,50,9,9,1
60,0.5,0.5,0.2,0.01,50,10,15,1
60,0.5,0.5,0.2,0.01,50,11,15,1
60,0.5,0.5,0.2,0.01,50,12,15,1
60,0.5,0.5,0.2,0.01,50,13,15,1
60,0.5,0.5,0.2,0.01,50,14,15,1
60,0.5,0.5,0.2,0.01,50,15,9,1
60,0.5,0.5,0.2,0.01,50,16,15,1
60,0.5,0.5,0.2,0.01,50,17,9,1
60,0.5,0.5,0.2,0.01,50,18,15,1
60,0.5,0.5,0.2,0.01,50,19,15,1
60,0.5,0.5,0.2,0.01,50,20,15,1
60,0.5,0.5,0.2,0.01,50,21,15,1
60,0.5,0.5,0.2,0.01,50,22,15,1
60,0.5,0.5,0.2,0.01,50,23,9,1
60,0.5,0.5,0.2,0.01,50,24,9,1
60,0.5,0.5,0.2,0.01,50,25,9,1
60,0.5,0.5,0.2,0.01,50,26,15,1
60,0.5,0.5,0.2,0.01,50,27,9,1
60,0.5,0.5,0.2,0.01,50,28,15,1
60,0.5,0.5,0.2,0.01,50,29,15,1
60,0.5,0.5,0.2,0.01,50,30,9,1
60,0.5,0.5,0.2,0.01,50,31,15,1
60,0.5,0.5,0.2,0.01,50,32,15,1
60,0.5,0.5,0.2,0.01,50,33,15,1
60,0.5,0.5,0.2,0.01,50,34,6,1
60,0.5,0.5,0.2,0.01,50,35,9,1
60,0.5,0.5,0.2,0.01,50,36,15,1
60,0.5,0.5,0.2,0.01,50,37,9,1
60,0.5,0.5,0.2,0.01,50,38,9,1
60,0.5,0.5,0.2,0.01,50,39,15,1
60,0.5,0.5,0.2,0.01,50,40,9,1
60,0.5,0.5,0.2,0.01,50,41,15,1
60,0.5,0.5,0.2,0.01,50,42,15,1
60,0.5,0.5,0.2,0.01,50,43,15,1
60,0.5,0.5,0.2,0.01,50,44,9,1
60,0.5,0.5,0.2,0.01,50,45,9,1
60,0.5,0.5,0.2,0.01,50,46,9,1
60,0.5,0.5,0.2,0.01,50,47,15,1
60,0.5,0.5,0.2,0.01,50,48,15,1
60,0.5,0.5,0.2,0.01,50,49,6,1
60,0.5,0.5,0.2,0.01,50,50,15,1
100,0.5,0.5,0.2,0.01,50,1,15,1
100,0.5,0.5,0.2,0.01,50,2,9,1
100,0.5,0.5,0.2,0.01,50,3,15,1
100,0.5,0.5,0.2,0.01,50,4,9,1
100,0.5,0.5,0.2,0.01,50,5,9,1
100,0.5,0.5,0.2,0.01,50,6,9,1
100,0.5,0.5,0.2,0.01,50,7,9,1
100,0.5,0.5,0.2,0.01,50,8,6,1
100,0.5,0.5,0.2,0.01,50,9,9,1
100,0.5,0.5,0.2,0.01,50,10,9,1
100,0.5,0.5,0.2,0.01,50,11,15,1
100,0.5,0.5,0.2,0.01,50,12,9,1
100,0.5,0.5,0.2,0.01,50,13,9,1
100,0.5,0.5,0.2,0.01,50,14,15,1
100,0.5,0.5,0.2,0.01,50,15,9,1
100,0.5,0.5,0.2,0.01,50,16,9,1
100,0.5,0.5,0.2,0.01,50,17,9,1
100,0.5,0.5,0.2,0.01,50,18,15,1
100,0.5,0.5,0.2,0.01,50,19,15,1
100,0.5,0.5,0.2,0.01,50,20,15,1
100,0.5,0.5,0.2,0.01,50,21,15,1
100,0.5,0.5,0.2,0.01,50,22,9,1
100,0.5,0.5,0.2,0.01,50,23,6,1
100,0.5,0.5,0.2,0.01,50,24,9,1
100,0.5,0.5,0.2,0.01,50,25,15,1
100,0.5,0.5,0.2,0.01,50,26,15,1
100,0.5,0.5,0.2,0.01,50,27,15,1
100,0.5,0.5,0.2,0.01,50,28,15,1
100,0.5,0.5,0.2,0.01,50,29,15,1
100,0.5,0.5,0.2,0.01,50,30,6,1
100,0.5,0.5,0.2,0.01,50,31,15,1
100,0.5,0.5,0.2,0.01,50,32,15,1
100,0.5,0.5,0.2,0.01,50,33,15,1
100,0.5,0.5,0.2,0.01,50,34,6,1
100,0.5,0.5,0.2,0.01,50,35,9,1
100,0.5,0.5,0.2,0.01,50,36,15,1
100,0.5,0.5,0.2,0.01,50,37,9,1
100,0.5,0.5,0.2,0.01,50,38,9,1
100,0.5,0.5,0.2,0.01,50,39,6,1
100,0.5,0.5,0.2,0.01,50,40,9,1
100,0.5,0.5,0.2,0.01,50,41,15,1
100,0.5,0.5,0.2,0.01,50,42,15,1
100,0.5,0.5,0.2,0.01,50,43,15,1
100,0.5,0.5,0.2,0.01,50,44,9,1
100,0.5,0.5,0.2,0.01,50,45,9,1
100,0.5,0.5,0.2,0.01,50,46,9,1
100,0.5,0.5,0.2,0.01,50,47,15,1
100,0.5,0.5,0.2,0.01,50,48,15,1
100,0.5,0.5,0.2,0.01,50,49,15,1
100,0.5,0.5,0.2,0.01,50,50,15,1
10,1,0.5,0.2,0.01,50,1,36,1
10,1,0.5,0.2,0.01,50,2,36,1
10,1,0.5,0.2,0.01,50,3,57,1
10,1,0.5,0.2,0.01,50,4,57,1
10,1,0.5,0.2,0.01,50,5,57,1
10,1,0.5,0.2,0.01,50,6,36,1
10,1,0.5,0.2,0.01,50,7,36,1
10,1,0.5,0.2,0.01,50,8,57,1
10,1,0.5,0.2,0.01,50,9,36,1
10,1,0.5,0.2,0.01,50,10,36,1
10,1,0.5,0.2,0.01,50,11,57,1
10,1,0.5,0.2,0.01,50,12,36,1
10,1,0.5,0.2,0.01,50,13,57,1
10,1,0.5,0.2,0.01,50,14,36,1
10,1,0.5,0.2,0.01,50,15,36,1
10,1,0.5,0.2,0.01,50,16,57,1
10,1,0.5,0.2,0.01,50,17,36,1
10,1,0.5,0.2,0.01,50,18,57,1
10,1,0.5,0.2,0.01,50,19,36,1
10,1,0.5,0.2,0.01,50,20,57,1
10,1,0.5,0.2,0.01,50,21,57,1
10,1,0.5,0.2,0.01,50,22,36,1
10,1,0.5,0.2,0.01,50,23,57,1
10,1,0.5,0.2,0.01,50,24,36,1
10,1,0.5,0.2,0.01,50,25,57,1
10,1,0.5,0.2,0.01,50,26,36,1
10,1,0.5,0.2,0.01,50,27,57,1
10,1,0.5,0.2,0.01,50,28,36,1
10,1,0.5,0.2,0.01,50,29,57,1
10,1,0.5,0.2,0.01,50,30,57,1
10,1,0.5,0.2,0.01,50,31,57,1
10,1,0.5,0.2,0.01,50,32,36,1
10,1,0.5,0.2,0.01,50,33,57,1
10,1,0.5,0.2,0.01,50,34,36,1
10,1,0.5,0.2,0.01,50,35,57,1
10,1,0.5,0.2,0.01,50,36,36,1
10,1,0.5,0.2,0.01,50,37,88,1
10,1,0.5,0.2,0.01,50,38,36,1
10,1,0.5,0.2,0.01,50,39,23,1
10,1,0.5,0.2,0.01,50,40,36,1
10,1,0.5,0.2,0.01,50,41,36,1
10,1,0.5,0.2,0.01,50,42,36,1
10,1,0.5,0.2,0.01,50,43,36,1
10,1,0.5,0.2,0.01,50,44,57,1
10,1,0.5,0.2,0.01,50,45,36,1
10,1,0.5,0.2,0.01,50,46,57,1
10,1,0.5,0.2,0.01,50,47,57,1
10,1,0.5,0.2,0.01,50,48,36,1
10,1,0.5,0.2,0.01,50,49,36,1
10,1,0.5,0.2,0.01,50,50,57,1
30,1,0.5,0.2,0.01,50,1,15,1
30,1,0.5,0.2,0.01,50,2,23,1
30,1,0.5,0.2,0.01,50,3,23,1
30,1,0.5,0.2,0.01,50,4,15,1
30,1,0.5,0.2,0.01,50,5,9,1
30,1,0.5,0.2,0.01,50,6,15,1
30,1,0.5,0.2,0.01,50,7,23,1
30,1,0.5,0.2,0.01,50,8,15,1
30,1,0.5,0.2,0.01,50,9,15,1
30,1,0.5,0.2,0.01,50,10,15,1
30,1,0.5,0.2,0.01,50,11,23,1
30,1,0.5,0.2,0.01,50,12,9,1
30,1,0.5,0.2,0.01,50,13,15,1
30,1,0.5,0.2,0.01,50,14,15,1
30,1,0.5,0.2,0.01,50,15,9,1
30,1,0.5,0.2,0.01,50,16,23,1
30,1,0.5,0.2,0.01,50,17,15,1
30,1,0.5,0.2,0.01,50,18,23,1
30,1,0.5,0.2,0.01,50,19,15,1
30,1,0.5,0.2,0.01,50,20,23,1
30,1,0.5,0.2,0.01,50,21,23,1
30,1,0.5,0.2,0.01,50,22,15,1
30,1,0.5,0.2,0.01,50,23,23,1
30,1,0.5,0.2,0.01,50,24,23,1
30,1,0.5,0.2,0.01,50,25,15,1
30,1,0.5,0.2,0.01,50,26,15,1
30,1,0.5,0.2,0.01,50,27,23,1
30,1,0.5,0.2,0.01,50,28,15,1
30,1,0.5,0.2,0.01,50,29,23,1
30,1,0.5,0.2,0.01,50,30,23,1
30,1,0.5,0.2,0.01,50,31,15,1
30,1,0.5,0.2,0.01,50,32,23,1
30,1,0.5,0.2,0.01,50,33,23,1
30,1,0.5,0.2,0.01,50,34,15,1
30,1,0.5,0.2,0.01,50,35,15,1
30,1,0.5,0.2,0.01,50,36,15,1
30,1,0.5,0.2,0.01,50,37,15,1
30,1,0.5,0.2,0.01,50,38,23,1
30,1,0.5,0.2,0.01,50,39,9,1
30,1,0.5,0.2,0.01,50,40,15,1
30,1,0.5,0.2,0.01,50,41,15,1
30,1,0.5,0.2,0.01,50,42,15,1
30,1,0.5,0.2,0.01,50,43,15,1
30,1,0.5,0.2,0.01,50,44,15,1
30,1,0.5,0.2,0.01,50,45,15,1
30,1,0.5,0.2,0.01,50,46,15,1
30,1,0.5,0.2,0.01,50,47,23,1
30,1,0.5,0.2,0.01,50,48,23,1
30,1,0.5,0.2,0.01,50,49,15,1
30,1,0.5,0.2,0.01,50,50,15,1
60,1,0.5,0.2,0.01,50,1,15,1
60,1,0.5,0.2,0.01,50,2,15,1
60,1,0.5,0.2,0.01,50,3,15,1
60,1,0.5,0.2,0.01,50,4,15,1
60,1,0.5,0.2,0.01,50,5,15,1
60,1,0.5,0.2,0.01,50,6,15,1
60,1,0.5,0.2,0.01,50,7,15,1
60,1,0.5,0.2,0.01,50,8,15,1
60,1,0.5,0.2,0.01,50,9,15,1
60,1,0.5,0.2,0.01,50,10,15,1
60,1,0.5,0.2,0.01,50,11,15,1
60,1,0.5,0.2,0.01,50,12,15,1
60,1,0.5,0.2,0.01,50,13,15,1
60,1,0.5,0.2,0.01,50,14,15,1
60,1,0.5,0.2,0.01,50,15,15,1
60,1,0.5,0.2,0.01,50,16,15,1
60,1,0.5,0.2,0.01,50,17,15,1
60,1,0.5,0.2,0.01,50,18,15,1
60,1,0.5,0.2,0.01,50,19,15,1
60,1,0.5,0.2,0.01,50,20,15,1
60,1,0.5,0.2,0.01,50,21,15,1
60,1,0.5,0.2,0.01,50,22,9,1
60,1,0.5,0.2,0.01,50,23,15,1
60,1,0.5,0.2,0.01,50,24,15,1
60,1,0.5,0.2,0.01,50,25,15,1
60,1,0.5,0.2,0.01,50,26,15,1
60,1,0.5,0.2,0.01,50,27,15,1
60,1,0.5,0.2,0.01,50,28,15,1
60,1,0.5,0.2,0.01,50,29,15,1
60,1,0.5,0.2,0.01,50,30,9,1
60,1,0.5,0.2,0.01,50,31,15,1
60,1,0.5,0.2,0.01,50,32,15,1
60,1,0.5,0.2,0.01,50,33,23,1
60,1,0.5,0.2,0.01,50,34,15,1
60,1,0.5,0.2,0.01,50,35,15,1
60,1,0.5,0.2,0.01,50,36,9,1
60,1,0.5,0.2,0.01,50,37,15,1
60,1,0.5,0.2,0.01,50,38,15,1
60,1,0.5,0.2,0.01,50,39,9,1
60,1,0.5,0.2,0.01,50,40,15,1
60,1,0.5,0.2,0.01,50,41,15,1
60,1,0.5,0.2,0.01,50,42,15,1
60,1,0.5,0.2,0.01,50,43,15,1
60,1,0.5,0.2,0.01,50,44,9,1
60,1,0.5,0.2,0.01,50,45,15,1
60,1,0.5,0.2,0.01,50,46,15,1
60,1,0.5,0.2,0.01,50,47,15,1
60,1,0.5,0.2,0.01,50,48,15,1
60,1,0.5,0.2,0.01,50,49,15,1
60,1,0.5,0.2,0.01,50,50,15,1
100,1,0.5,0.2,0.01,50,1,9,1
100,1,0.5,0.2,0.01,50,2,15,1
100,1,0.5,0.2,0.01,50,3,15,1
100,1,0.5,0.2,0.01,50,4,15,1
100,1,0.5,0.2,0.01,50,5,15,1
100,1,0.5,0.2,0.01,50,6,9,1
100,1,0.5,0.2,0.01,50,7,15,1
100,1,0.5,0.2,0.01,50,8,15,1
100,1,0.5,0.2,0.01,50,9,9,1
100,1,0.5,0.2,0.01,50,10,15,1
100,1,0.5,0.2,0.01,50,11,15,1
100,1,0.5,0.2,0.01,50,12,15,1
100,1,0.5,0.2,0.01,50,13,9,1
100,1,0.5,0.2,0.01,50,14,15,1
100,1,0.5,0.2,0.01,50,15,15,1
100,1,0.5,0.2,0.01,50,16,15,1
100,1,0.5,0.2,0.01,50,17,15,1
100,1,0.5,0.2,0.01,50,18,15,1
100,1,0.5,0.2,0.01,50,19,9,1
100,1,0.5,0.2,0.01,50,20,15,1
100,1,0.5,0.2,0.01,50,21,9,1
100,1,0.5,0.2,0.01,50,22,9,1
100,1,0.5,0.2,0.01,50,23,15,1
100,1,0.5,0.2,0.01,50,24,15,1
100,1,0.5,0.2,0.01,50,25,15,1
100,1,0.5,0.2,0.01,50,26,15,1
100,1,0.5,0.2,0.01,50,27,15,1
100,1,0.5,0.2,0.01,50,28,15,1
100,1,0.5,0.2,0.01,50,29,15,1
100,1,0.5,0.2,0.01,50,30,15,1
100,1,0.5,0.2,0.01,50,31,15,1
100,1,0.5,0.2,0.01,50,32,15,1
100,1,0.5,0.2,0.01,50,33,23,1
100,1,0.5,0.2,0.01,50,34,15,1
100,1,0.5,0.2,0.01,50,35,15,1
100,1,0.5,0.2,0.01,50,36,9,1
100,1,0.5,0.2,0.01,50,37,15,1
100,1,0.5,0.2,0.01,50,38,9,1
100,1,0.5,0.2,0.01,50,39,9,1
100,1,0.5,0.2,0.01,50,40,15,1
100,1,0.5,0.2,0.01,50,41,15,1
100,1,0.5,0.2,0.01,50,42,9,1
100,1,0.5,0.2,0.01,50,43,15,1
100,1,0.5,0.2,0.01,50,44,9,1
100,1,0.5,0.2,0.01,50,45,15,1
100,1,0.5,0.2,0.01,50,46,9,1
100,1,0.5,0.2,0.01,50,47,15,1
100,1,0.5,0.2,0.01,50,48,9,1
100,1,0.5,0.2,0.01,50,49,9,1
100,1,0.5,0.2,0.01,50,50,15,1
10,1.5,0.5,0.2,0.01,50,1,57,1
10,1.5,0.5,0.2,0.01,50,2,88,1
10,1.5,0.5,0.2,0.01,50,3,57,1
10,1.5,0.5,0.2,0.01,50,4,88,1
10,1.5,0.5,0.2,0.01,50,5,139,1
10,1.5,0.5,0.2,0.01,50,6,57,1
10,1.5,0.5,0.2,0.01,50,7,57,1
10,1.5,0.5,0.2,0.01,50,8,88,1
10,1.5,0.5,0.2,0.01,50,9,57,1
10,1.5,0.5,0.2,0.01,50,10,88,1
10,1.5,0.5,0.2,0.01,50,11,139,1
10,1.5,0.5,0.2,0.01,50,12,88,1
10,1.5,0.5,0.2,0.01,50,13,88,1
10,1.5,0.5,0.2,0.01,50,14,36,1
10,1.5,0.5,0.2,0.01,50,15,57,1
10,1.5,0.5,0.2,0.01,50,16,88,1
10,1.5,0.5,0.2,0.01,50,17,88,1
10,1.5,0.5,0.2,0.01,50,18,57,1
10,1.5,0.5,0.2,0.01,50,19,23,1
10,1.5,0.5,0.2,0.01,50,20,217,1
10,1.5,0.5,0.2,0.01,50,21,88,1
10,1.5,0.5,0.2,0.01,50,22,57,1
10,1.5,0.5,0.2,0.01,50,23,57,1
10,1.5,0.5,0.2,0.01,50,24,57,1
10,1.5,0.5,0.2,0.01,50,25,88,1
10,1.5,0.5,0.2,0.01,50,26,57,1
10,1.5,0.5,0.2,0.01,50,27,88,1
10,1.5,0.5,0.2,0.01,50,28,57,1
10,1.5,0.5,0.2,0.01,50,29,57,1
10,1.5,0.5,0.2,0.01,50,30,139,1
10,1.5,0.5,0.2,0.01,50,31,88,1
10,1.5,0.5,0.2,0.01,50,32,88,1
10,1.5,0.5,0.2,0.01,50,33,57,1
10,1.5,0.5,0.2,0.01,50,34,88,1
10,1.5,0.5,0.2,0.01,50,35,57,1
10,1.5,0.5,0.2,0.01,50,36,57,1
10,1.5,0.5,0.2,0.01,50,37,139,1
10,1.5,0.5,0.2,0.01,50,38,139,1
10,1.5,0.5,0.2,0.01,50,39,23,1
10,1.5,0.5,0.2,0.01,50,40,57,1
10,1.5,0.5,0.2,0.01,50,41,57,1
10,1.5,0.5,0.2,0.01,50,42,36,1
10,1.5,0.5,0.2,0.01,50,43,57,1
10,1.5,0.5,0.2,0.01,50,44,57,1
10,1.5,0.5,0.2,0.01,50,45,36,1
10,1.5,0.5,0.2,0.01,50,46,139,1
10,1.5,0.5,0.2,0.01,50,47,139,1
10,1.5,0.5,0.2,0.01,50,48,88,1
10,1.5,0.5,0.2,0.01,50,49,57,1
10,1.5,0.5,0.2,0.01,50,50,139,1
30,1.5,0.5,0.2,0.01,50,1,23,1
30,1.5,0.5,0.2,0.01,50,2,23,1
30,1.5,0.5,0.2,0.01,50,3,23,1
30,1.5,0.5,0.2,0.01,50,4,23,1
30,1.5,0.5,0.2,0.01,50,5,9,1
30,1.5,0.5,0.2,0.01,50,6,15,1
30,1.5,0.5,0.2,0.01,50,7,36,1
30,1.5,0.5,0.2,0.01,50,8,23,1
30,1.5,0.5,0.2,0.01,50,9,23,1
30,1.5,0.5,0.2,0.01,50,10,23,1
30,1.5,0.5,0.2,0.01,50,11,36,1
30,1.5,0.5,0.2,0.01,50,12,23,1
30,1.5,0.5,0.2,0.01,50,13,23,1
30,1.5,0.5,0.2,0.01,50,14,23,1
30,1.5,0.5,0.2,0.01,50,15,15,1
30,1.5,0.5,0.2,0.01,50,16,23,1
30,1.5,0.5,0.2,0.01,50,17,23,1
30,1.5,0.5,0.2,0.01,50,18,36,1
30,1.5,0.5,0.2,0.01,50,19,23,1
30,1.5,0.5,0.2,0.01,50,20,36,1
30,1.5,0.5,0.2,0.01,50,21,15,1
30,1.5,0.5,0.2,0.01,50,22,15,1
30,1.5,0.5,0.2,0.01,50,23,23,1
30,1.5,0.5,0.2,0.01,50,24,23,1
30,1.5,0.5,0.2,0.01,50,25,23,1
30,1.5,0.5,0.2,0.01,50,26,15,1
30,1.5,0.5,0.2,0.01,50,27,23,1
30,1.5,0.5,0.2,0.01,50,28,23,1
30,1.5,0.5,0.2,0.01,50,29,36,1
30,1.5,0.5,0.2,0.01,50,30,23,1
30,1.5,0.5,0.2,0.01,50,31,23,1
30,1.5,0.5,0.2,0.01,50,32,23,1
30,1.5,0.5,0.2,0.01,50,33,23,1
30,1.5,0.5,0.2,0.01,50,34,36,1
30,1.5,0.5,0.2,0.01,50,35,23,1
30,1.5,0.5,0.2,0.01,50,36,23,1
30,1.5,0.5,0.2,0.01,50,37,23,1
30,1.5,0.5,0.2,0.01,50,38,23,1
30,1.5,0.5,0.2,0.01,50,39,15,1
30,1.5,0.5,0.2,0.01,50,40,23,1
30,1.5,0.5,0.2,0.01,50,41,6,1
30,1.5,0.5,0.2,0.01,50,42,15,1
30,1.5,0.5,0.2,0.01,50,43,23,1
30,1.5,0.5,0.2,0.01,50,44,23,1
30,1.5,0.5,0.2,0.01,50,45,23,1
30,1.5,0.5,0.2,0.01,50,46,23,1
30,1.5,0.5,0.2,0.01,50,47,36,1
30,1.5,0.5,0.2,0.01,50,48,23,1
30,1.5,0.5,0.2,0.01,50,49,23,1
30,1.5,0.5,0.2,0.01,50,50,23,1
60,1.5,0.5,0.2,0.01,50,1,15,1
60,1.5,0.5,0.2,0.01,50,2,15,1
60,1.5,0.5,0.2,0.01,50,3,15,1
60,1.5,0.5,0.2,0.01,50,4,23,1
60,1.5,0.5,0.2,0.01,50,5,15,1
60,1.5,0.5,0.2,0.01,50,6,15,1
60,1.5,0.5,0.2,0.01,50,7,36,1
60,1.5,0.5,0.2,0.01,50,8,9,1
60,1.5,0.5,0.2,0.01,50,9,9,1
60,1.5,0.5,0.2,0.01,50,10,23,1
60,1.5,0.5,0.2,0.01,50,11,23,1
60,1.5,0.5,0.2,0.01,50,12,15,1
60,1.5,0.5,0.2,0.01,50,13,15,1
60,1.5,0.5,0.2,0.01,50,14,15,1
60,1.5,0.5,0.2,0.01,50,15,15,1
60,1.5,0.5,0.2,0.01,50,16,23,1
60,1.5,0.5,0.2,0.01,50,17,15,1
60,1.5,0.5,0.2,0.01,50,18,23,1
60,1.5,0.5,0.2,0.01,50,19,15,1
60,1.5,0.5,0.2,0.01,50,20,23,1
60,1.5,0.5,0.2,0.01,50,21,15,1
60,1.5,0.5,0.2,0.01,50,22,15,1
60,1.5,0.5,0.2,0.01,50,23,23,1
60,1.5,0.5,0.2,0.01,50,24,15,1
60,1.5,0.5,0.2,0.01,50,25,15,1
60,1.5,0.5,0.2,0.01,50,26,15,1
60,1.5,0.5,0.2,0.01,50,27,23,1
60,1.5,0.5,0.2,0.01,50,28,15,1
60,1.5,0.5,0.2,0.01,50,29,15,1
60,1.5,0.5,0.2,0.01,50,30,15,1
60,1.5,0.5,0.2,0.01,50,31,15,1
60,1.5,0.5,0.2,0.01,50,32,15,1
60,1.5,0.5,0.2,0.01,50,33,23,1
60,1.5,0.5,0.2,0.01,50,34,23,1
60,1.5,0.5,0.2,0.01,50,35,15,1
60,1.5,0.5,0.2,0.01,50,36,15,1
60,1.5,0.5,0.2,0.01,50,37,23,1
60,1.5,0.5,0.2,0.01,50,38,23,1
60,1.5,0.5,0.2,0.01,50,39,23,1
60,1.5,0.5,0.2,0.01,50,40,15,1
60,1.5,0.5,0.2,0.01,50,41,15,1
60,1.5,0.5,0.2,0.01,50,42,15,1
60,1.5,0.5,0.2,0.01,50,43,23,1
60,1.5,0.5,0.2,0.01,50,44,15,1
60,1.5,0.5,0.2,0.01,50,45,15,1
60,1.5,0.5,0.2,0.01,50,46,23,1
60,1.5,0.5,0.2,0.01,50,47,23,1
60,1.5,0.5,0.2,0.01,50,48,15,1
60,1.5,0.5,0.2,0.01,50,49,15,1
60,1.5,0.5,0.2,0.01,50,50,15,1
100,1.5,0.5,0.2,0.01,50,1,15,1
100,1.5,0.5,0.2,0.01,50,2,15,1
100,1.5,0.5,0.2,0.01,50,3,15,1
100,1.5,0.5,0.2,0.01,50,4,23,1
100,1.5,0.5,0.2,0.01,50,5,15,1
100,1.5,0.5,0.2,0.01,50,6,15,1
100,1.5,0.5,0.2,0.01,50,7,23,1
100,1.5,0.5,0.2,0.01,50,8,15,1
100,1.5,0.5,0.2,0.01,50,9,9,1
100,1.5,0.5,0.2,0.01,50,10,4,1
100,1.5,0.5,0.2,0.01,50,11,15,1
100,1.5,0.5,0.2,0.01,50,12,15,1
100,1.5,0.5,0.2,0.01,50,13,15,1
100,1.5,0.5,0.2,0.01,50,14,15,1
100,1.5,0.5,0.2,0.01,50,15,15,1
100,1.5,0.5,0.2,0.01,50,16,15,1
100,1.5,0.5,0.2,0.01,50,17,15,1
100,1.5,0.5,0.2,0.01,50,18,15,1
100,1.5,0.5,0.2,0.01,50,19,15,1
100,1.5,0.5,0.2,0.01,50,20,23,1
100,1.5,0.5,0.2,0.01,50,21,15,1
100,1.5,0.5,0.2,0.01,50,22,15,1
100,1.5,0.5,0.2,0.01,50,23,15,1
100,1.5,0.5,0.2,0.01,50,24,15,1
100,1.5,0.5,0.2,0.01,50,25,23,1
100,1.5,0.5,0.2,0.01,50,26,15,1
100,1.5,0.5,0.2,0.01,50,27,23,1
100,1.5,0.5,0.2,0.01,50,28,15,1
100,1.5,0.5,0.2,0.01,50,29,23,1
100,1.5,0.5,0.2,0.01,50,30,9,1
100,1.5,0.5,0.2,0.01,50,31,15,1
100,1.5,0.5,0.2,0.01,50,32,15,1
100,1.5,0.5,0.2,0.01,50,33,15,1
100,1.5,0.5,0.2,0.01,50,34,15,1
100,1.5,0.5,0.2,0.01,50,35,15,1
100,1.5,0.5,0.2,0.01,50,36,15,1
100,1.5,0.5,0.2,0.01,50,37,15,1
100,1.5,0.5,0.2,0.01,50,38,15,1
100,1.5,0.5,0.2,0.01,50,39,15,1
100,1.5,0.5,0.2,0.01,50,40,15,1
100,1.5,0.5,0.2,0.01,50,41,15,1
100,1.5,0.5,0.2,0.01,50,42,6,1
100,1.5,0.5,0.2,0.01,50,43,15,1
100,1.5,0.5,0.2,0.01,50,44,15,1
100,1.5,0.5,0.2,0.01,50,45,15,1
100,1.5,0.5,0.2,0.01,50,46,15,1
100,1.5,0.5,0.2,0.01,50,47,15,1
100,1.5,0.5,0.2,0.01,50,48,15,1
100,1.5,0.5,0.2,0.01,50,49,15,1
100,1.5,0.5,0.2,0.01,50,50,15,1
10,0.5,0.6,0.2,0.01,50,1,36,1
10,0.5,0.6,0.2,0.01,50,2,23,1
10,0.5,0.6,0.2,0.01,50,3,23,1
10,0.5,0.6,0.2,0.01,50,4,23,1
10,0.5,0.6,0.2,0.01,50,5,23,1
10,0.5,0.6,0.2,0.01,50,6,23,1
10,0.5,0.6,0.2,0.01,50,7,36,1
10,0.5,0.6,0.2,0.01,50,8,36,1
10,0.5,0.6,0.2,0.01,50,9,23,1
10,0.5,0.6,0.2,0.01,50,10,23,1
10,0.5,0.6,0.2,0.01,50,11,23,1
10,0.5,0.6,0.2,0.01,50,12,23,1
10,0.5,0.6,0.2,0.01,50,13,57,1
10,0.5,0.6,0.2,0.01,50,14,23,1
10,0.5,0.6,0.2,0.01,50,15,23,1
10,0.5,0.6,0.2,0.01,50,16,36,1
10,0.5,0.6,0.2,0.01,50,17,23,1
10,0.5,0.6,0.2,0.01,50,18,36,1
10,0.5,0.6,0.2,0.01,50,19,23,1
10,0.5,0.6,0.2,0.01,50,20,36,1
10,0.5,0.6,0.2,0.01,50,21,23,1
10,0.5,0.6,0.2,0.01,50,22,23,1
10,0.5,0.6,0.2,0.01,50,23,15,1
10,0.5,0.6,0.2,0.01,50,24,23,1
10,0.5,0.6,0.2,0.01,50,25,15,1
10,0.5,0.6,0.2,0.01,50,26,36,1
10,0.5,0.6,0.2,0.01,50,27,23,1
10,0.5,0.6,0.2,0.01,50,28,36,1
10,0.5,0.6,0.2,0.01,50,29,36,1
10,0.5,0.6,0.2,0.01,50,30,36,1
10,0.5,0.6,0.2,0.01,50,31,23,1
10,0.5,0.6,0.2,0.01,50,32,36,1
10,0.5,0.6,0.2,0.01,50,33,36,1
10,0.5,0.6,0.2,0.01,50,34,36,1
10,0.5,0.6,0.2,0.01,50,35,23,1
10,0.5,0.6,0.2,0.01,50,36,36,1
10,0.5,0.6,0.2,0.01,50,37,57,1
10,0.5,0.6,0.2,0.01,50,38,23,1
10,0.5,0.6,0.2,0.01,50,39,23,1
10,0.5,0.6,0.2,0.01,50,40,36,1
10,0.5,0.6,0.2,0.01,50,41,36,1
10,0.5,0.6,0.2,0.01,50,42,36,1
10,0.5,0.6,0.2,0.01,50,43,23,1
10,0.5,0.6,0.2,0.01,50,44,36,1
10,0.5,0.6,0.2,0.01,50,45,23,1
10,0.5,0.6,0.2,0.01,50,46,36,1
10,0.5,0.6,0.2,0.01,50,47,15,1
10,0.5,0.6,0.2,0.01,50,48,23,1
10,0.5,0.6,0.2,0.01,50,49,36,1
10,0.5,0.6,0.2,0.01,50,50,23,1
30,0.5,0.6,0.2,0.01,50,1,9,1
30,0.5,0.6,0.2,0.01,50,2,15,1
30,0.5,0.6,0.2,0.01,50,3,15,1
30,0.5,0.6,0.2,0.01,50,4,9,1
30,0.5,0.6,0.2,0.01,50,5,9,1
30,0.5,0.6,0.2,0.01,50,6,9,1
30,0.5,0.6,0.2,0.01,50,7,15,1
30,0.5,0.6,0.2,0.01,50,8,15,1
30,0.5,0.6,0.2,0.01,50,9,15,1
30,0.5,0.6,0.2,0.01,50,10,15,1
30,0.5,0.6,0.2,0.01,50,11,9,1
30,0.5,0.6,0.2,0.01,50,12,15,1
30,0.5,0.6,0.2,0.01,50,13,15,1
30,0.5,0.6,0.2,0.01,50,14,15,1
30,0.5,0.6,0.2,0.01,50,15,15,1
30,0.5,0.6,0.2,0.01,50,16,15,1
30,0.5,0.6,0.2,0.01,50,17,15,1
30,0.5,0.6,0.2,0.01,50,18,15,1
30,0.5,0.6,0.2,0.01,50,19,15,1
30,0.5,0.6,0.2,0.01,50,20,15,1
30,0.5,0.6,0.2,0.01,50,21,15,1
30,0.5,0.6,0.2,0.01,50,22,15,1
30,0.5,0.6,0.2,0.01,50,23,15,1
30,0.5,0.6,0.2,0.01,50,24,9,1
30,0.5,0.6,0.2,0.01,50,25,9,1
30,0.5,0.6,0.2,0.01,50,26,15,1
30,0.5,0.6,0.2,0.01,50,27,9,1
30,0.5,0.6,0.2,0.01,50,28,15,1
30,0.5,0.6,0.2,0.01,50,29,15,1
30,0.5,0.6,0.2,0.01,50,30,15,1
30,0.5,0.6,0.2,0.01,50,31,15,1
30,0.5,0.6,0.2,0.01,50,32,15,1
30,0.5,0.6,0.2,0.01,50,33,15,1
30,0.5,0.6,0.2,0.01,50,34,15,1
30,0.5,0.6,0.2,0.01,50,35,15,1
30,0.5,0.6,0.2,0.01,50,36,15,1
30,0.5,0.6,0.2,0.01,50,37,15,1
30,0.5,0.6,0.2,0.01,50,38,15,1
30,0.5,0.6,0.2,0.01,50,39,15,1
30,0.5,0.6,0.2,0.01,50,40,15,1
30,0.5,0.6,0.2,0.01,50,41,15,1
30,0.5,0.6,0.2,0.01,50,42,15,1
30,0.5,0.6,0.2,0.01,50,43,15,1
30,0.5,0.6,0.2,0.01,50,44,15,1
30,0.5,0.6,0.2,0.01,50,45,15,1
30,0.5,0.6,0.2,0.01,50,46,15,1
30,0.5,0.6,0.2,0.01,50,47,15,1
30,0.5,0.6,0.2,0.01,50,48,9,1
30,0.5,0.6,0.2,0.01,50,49,15,1
30,0.5,0.6,0.2,0.01,50,50,15,1
60,0.5,0.6,0.2,0.01,50,1,9,1
60,0.5,0.6,0.2,0.01,50,2,9,1
60,0.5,0.6,0.2,0.01,50,3,9,1
60,0.5,0.6,0.2,0.01,50,4,6,1
60,0.5,0.6,0.2,0.01,50,5,9,1
60,0.5,0.6,0.2,0.01,50,6,9,1
60,0.5,0.6,0.2,0.01,50,7,15,1
60,0.5,0.6,0.2,0.01,50,8,9,1
60,0.5,0.6,0.2,0.01,50,9,15,1
60,0.5,0.6,0.2,0.01,50,10,9,1
60,0.5,0.6,0.2,0.01,50,11,6,1
60,0.5,0.6,0.2,0.01,50,12,9,1
60,0.5,0.6,0.2,0.01,50,13,9,1
60,0.5,0.6,0.2,0.01,50,14,9,1
60,0.5,0.6,0.2,0.01,50,15,9,1
60,0.5,0.6,0.2,0.01,50,16,9,1
60,0.5,0.6,0.2,0.01,50,17,9,1
60,0.5,0.6,0.2,0.01,50,18,9,1
60,0.5,0.6,0.2,0.01,50,19,9,1
60,0.5,0.6,0.2,0.01,50,20,9,1
60,0.5,0.6,0.2,0.01,50,21,6,1
60,0.5,0.6,0.2,0.01,50,22,15,1
60,0.5,0.6,0.2,0.01,50,23,9,1
60,0.5,0.6,0.2,0.01,50,24,15,1
60,0.5,0.6,0.2,0.01,50,25,9,1
60,0.5,0.6,0.2,0.01,50,26,9,1
60,0.5,0.6,0.2,0.01,50,27,9,1
60,0.5,0.6,0.2,0.01,50,28,15,1
60,0.5,0.6,0.2,0.01,50,29,6,1
60,0.5,0.6,0.2,0.01,50,30,9,1
60,0.5,0.6,0.2,0.01,50,31,9,1
60,0.5,0.6,0.2,0.01,50,32,9,1
60,0.5,0.6,0.2,0.01,50,33,15,1
60,0.5,0.6,0.2,0.01,50,34,9,1
60,0.5,0.6,0.2,0.01,50,35,9,1
60,0.5,0.6,0.2,0.01,50,36,9,1
60,0.5,0.6,0.2,0.01,50,37,9,1
60,0.5,0.6,0.2,0.01,50,38,9,1
60,0.5,0.6,0.2,0.01,50,39,15,1
60,0.5,0.6,0.2,0.01,50,40,9,1
60,0.5,0.6,0.2,0.01,50,41,9,1
60,0.5,0.6,0.2,0.01,50,42,6,1
60,0.5,0.6,0.2,0.01,50,43,15,1
60,0.5,0.6,0.2,0.01,50,44,9,1
60,0.5,0.6,0.2,0.01,50,45,9,1
60,0.5,0.6,0.2,0.01,50,46,9,1
60,0.5,0.6,0.2,0.01,50,47,9,1
60,0.5,0.6,0.2,0.01,50,48,9,1
60,0.5,0.6,0.2,0.01,50,49,15,1
60,0.5,0.6,0.2,0.01,50,50,9,1
100,0.5,0.6,0.2,0.01,50,1,6,1
100,0.5,0.6,0.2,0.01,50,2,9,1
100,0.5,0.6,0.2,0.01,50,3,9,1
100,0.5,0.6,0.2,0.01,50,4,4,1
100,0.5,0.6,0.2,0.01,50,5,9,1
100,0.5,0.6,0.2,0.01,50,6,9,1
100,0.5,0.6,0.2,0.01,50,7,9,1
100,0.5,0.6,0.2,0.01,50,8,9,1
100,0.5,0.6,0.2,0.01,50,9,9,1
100,0.5,0.6,0.2,0.01,50,10,9,1
100,0.5,0.6,0.2,0.01,50,11,6,1
100,0.5,0.6,0.2,0.01,50,12,9,1
100,0.5,0.6,0.2,0.01,50,13,9,1
100,0.5,0.6,0.2,0.01,50,14,9,1
100,0.5,0.6,0.2,0.01,50,15,9,1
100,0.5,0.6,0.2,0.01,50,16,6,1
100,0.5,0.6,0.2,0.01,50,17,9,1
100,0.5,0.6,0.2,0.01,50,18,9,1
100,0.5,0.6,0.2,0.01,50,19,9,1
100,0.5,0.6,0.2,0.01,50,20,9,1
100,0.5,0.6,0.2,0.01,50,21,6,1
100,0.5,0.6,0.2,0.01,50,22,9,1
100,0.5,0.6,0.2,0.01,50,23,6,1
100,0.5,0.6,0.2,0.01,50,24,9,1
100,0.5,0.6,0.2,0.01,50,25,9,1
100,0.5,0.6,0.2,0.01,50,26,9,1
100,0.5,0.6,0.2,0.01,50,27,9,1
100,0.5,0.6,0.2,0.01,50,28,9,1
100,0.5,0.6,0.2,0.01,50,29,9,1
100,0.5,0.6,0.2,0.01,50,30,9,1
100,0.5,0.6,0.2,0.01,50,31,9,1
100,0.5,0.6,0.2,0.01,50,32,6,1
100,0.5,0.6,0.2,0.01,50,33,9,1
100,0.5,0.6,0.2,0.01,50,34,9,1
100,0.5,0.6,0.2,0.01,50,35,6,1
100,0.5,0.6,0.2,0.01,50,36,9,1
100,0.5,0.6,0.2,0.01,50,37,9,1
100,0.5,0.6,0.2,0.01,50,38,6,1
100,0.5,0.6,0.2,0.01,50,39,9,1
100,0.5,0.6,0.2,0.01,50,40,9,1
100,0.5,0.6,0.2,0.01,50,41,9,1
100,0.5,0.6,0.2,0.01,50,42,9,1
100,0.5,0.6,0.2,0.01,50,43,9,1
100,0.5,0.6,0.2,0.01,50,44,9,1
100,0.5,0.6,0.2,0.01,50,45,9,1
100,0.5,0.6,0.2,0.01,50,46,9,1
100,0.5,0.6,0.2,0.01,50,47,6,1
100,0.5,0.6,0.2,0.01,50,48,9,1
100,0.5,0.6,0.2,0.01,50,49,9,1
100,0.5,0.6,0.2,0.01,50,50,9,1
10,1,0.6,0.2,0.01,50,1,36,1
10,1,0.6,0.2,0.01,50,2,36,1
10,1,0.6,0.2,0.01,50,3,36,1
10,1,0.6,0.2,0.01,50,4,36,1
10,1,0.6,0.2,0.01,50,5,36,1
10,1,0.6,0.2,0.01,50,6,36,1
10,1,0.6,0.2,0.01,50,7,36,1
10,1,0.6,0.2,0.01,50,8,36,1
10,1,0.6,0.2,0.01,50,9,36,1
10,1,0.6,0.2,0.01,50,10,36,1
10,1,0.6,0.2,0.01,50,11,36,1
10,1,0.6,0.2,0.01,50,12,23,1
10,1,0.6,0.2,0.01,50,13,36,1
10,1,0.6,0.2,0.01,50,14,36,1
10,1,0.6,0.2,0.01,50,15,23,1
10,1,0.6,0.2,0.01,50,16,36,1
10,1,0.6,0.2,0.01,50,17,36,1
10,1,0.6,0.2,0.01,50,18,36,1
10,1,0.6,0.2,0.01,50,19,23,1
10,1,0.6,0.2,0.01,50,20,23,1
10,1,0.6,0.2,0.01,50,21,23,1
10,1,0.6,0.2,0.01,50,22,23,1
10,1,0.6,0.2,0.01,50,23,36,1
10,1,0.6,0.2,0.01,50,24,23,1
10,1,0.6,0.2,0.01,50,25,36,1
10,1,0.6,0.2,0.01,50,26,36,1
10,1,0.6,0.2,0.01,50,27,23,1
10,1,0.6,0.2,0.01,50,28,15,1
10,1,0.6,0.2,0.01,50,29,36,1
10,1,0.6,0.2,0.01,50,30,57,1
10,1,0.6,0.2,0.01,50,31,36,1
10,1,0.6,0.2,0.01,50,32,57,1
10,1,0.6,0.2,0.01,50,33,36,1
10,1,0.6,0.2,0.01,50,34,36,1
10,1,0.6,0.2,0.01,50,35,23,1
10,1,0.6,0.2,0.01,50,36,36,1
10,1,0.6,0.2,0.01,50,37,57,1
10,1,0.6,0.2,0.01,50,38,36,1
10,1,0.6,0.2,0.01,50,39,36,1
10,1,0.6,0.2,0.01,50,40,36,1
10,1,0.6,0.2,0.01,50,41,36,1
10,1,0.6,0.2,0.01,50,42,36,1
10,1,0.6,0.2,0.01,50,43,36,1
10,1,0.6,0.2,0.01,50,44,36,1
10,1,0.6,0.2,0.01,50,45,36,1
10,1,0.6,0.2,0.01,50,46,23,1
10,1,0.6,0.2,0.01,50,47,23,1
10,1,0.6,0.2,0.01,50,48,23,1
10,1,0.6,0.2,0.01,50,49,36,1
10,1,0.6,0.2,0.01,50,50,36,1
30,1,0.6,0.2,0.01,50,1,15,1
30,1,0.6,0.2,0.01,50,2,15,1
30,1,0.6,0.2,0.01,50,3,15,1
30,1,0.6,0.2,0.01,50,4,9,1
30,1,0.6,0.2,0.01,50,5,15,1
30,1,0.6,0.2,0.01,50,6,15,1
30,1,0.6,0.2,0.01,50,7,15,1
30,1,0.6,0.2,0.01,50,8,15,1
30,1,0.6,0.2,0.01,50,9,15,1
30,1,0.6,0.2,0.01,50,10,15,1
30,1,0.6,0.2,0.01,50,11,15,1
30,1,0.6,0.2,0.01,50,12,15,1
30,1,0.6,0.2,0.01,50,13,15,1
30,1,0.6,0.2,0.01,50,14,15,1
30,1,0.6,0.2,0.01,50,15,15,1
30,1,0.6,0.2,0.01,50,16,6,1
30,1,0.6,0.2,0.01,50,17,9,1
30,1,0.6,0.2,0.01,50,18,15,1
30,1,0.6,0.2,0.01,50,19,15,1
30,1,0.6,0.2,0.01,50,20,15,1
30,1,0.6,0.2,0.01,50,21,15,1
30,1,0.6,0.2,0.01,50,22,15,1
30,1,0.6,0.2,0.01,50,23,15,1
30,1,0.6,0.2,0.01,50,24,9,1
30,1,0.6,0.2,0.01,50,25,15,1
30,1,0.6,0.2,0.01,50,26,9,1
30,1,0.6,0.2,0.01,50,27,15,1
30,1,0.6,0.2,0.01,50,28,15,1
30,1,0.6,0.2,0.01,50,29,23,1
30,1,0.6,0.2,0.01,50,30,15,1
30,1,0.6,0.2,0.01,50,31,15,1
30,1,0.6,0.2,0.01,50,32,9,1
30,1,0.6,0.2,0.01,50,33,15,1
30,1,0.6,0.2,0.01,50,34,15,1
30,1,0.6,0.2,0.01,50,35,15,1
30,1,0.6,0.2,0.01,50,36,15,1
30,1,0.6,0.2,0.01,50,37,15,1
30,1,0.6,0.2,0.01,50,38,15,1
30,1,0.6,0.2,0.01,50,39,9,1
30,1,0.6,0.2,0.01,50,40,15,1
30,1,0.6,0.2,0.01,50,41,15,1
30,1,0.6,0.2,0.01,50,42,6,1
30,1,0.6,0.2,0.01,50,43,15,1
30,1,0.6,0.2,0.01,50,44,15,1
30,1,0.6,0.2,0.01,50,45,15,1
30,1,0.6,0.2,0.01,50,46,15,1
30,1,0.6,0.2,0.01,50,47,9,1
30,1,0.6,0.2,0.01,50,48,15,1
30,1,0.6,0.2,0.01,50,49,15,1
30,1,0.6,0.2,0.01,50,50,15,1
60,1,0.6,0.2,0.01,50,1,15,1
60,1,0.6,0.2,0.01,50,2,9,1
60,1,0.6,0.2,0.01,50,3,6,1
60,1,0.6,0.2,0.01,50,4,6,1
60,1,0.6,0.2,0.01,50,5,9,1
60,1,0.6,0.2,0.01,50,6,9,1
60,1,0.6,0.2,0.01,50,7,15,1
60,1,0.6,0.2,0.01,50,8,4,1
60,1,0.6,0.2,0.01,50,9,15,1
60,1,0.6,0.2,0.01,50,10,9,1
60,1,0.6,0.2,0.01,50,11,9,1
60,1,0.6,0.2,0.01,50,12,9,1
60,1,0.6,0.2,0.01,50,13,9,1
60,1,0.6,0.2,0.01,50,14,15,1
60,1,0.6,0.2,0.01,50,15,15,1
60,1,0.6,0.2,0.01,50,16,15,1
60,1,0.6,0.2,0.01,50,17,9,1
60,1,0.6,0.2,0.01,50,18,15,1
60,1,0.6,0.2,0.01,50,19,9,1
60,1,0.6,0.2,0.01,50,20,15,1
60,1,0.6,0.2,0.01,50,21,9,1
60,1,0.6,0.2,0.01,50,22,15,1
60,1,0.6,0.2,0.01,50,23,15,1
60,1,0.6,0.2,0.01,50,24,15,1
60,1,0.6,0.2,0.01,50,25,9,1
60,1,0.6,0.2,0.01,50,26,9,1
60,1,0.6,0.2,0.01,50,27,15,1
60,1,0.6,0.2,0.01,50,28,15,1
60,1,0.6,0.2,0.01,50,29,15,1
60,1,0.6,0.2,0.01,50,30,15,1
60,1,0.6,0.2,0.01,50,31,9,1
60,1,0.6,0.2,0.01,50,32,9,1
60,1,0.6,0.2,0.01,50,33,15,1
60,1,0.6,0.2,0.01,50,34,15,1
60,1,0.6,0.2,0.01,50,35,9,1
60,1,0.6,0.2,0.01,50,36,6,1
60,1,0.6,0.2,0.01,50,37,15,1
60,1,0.6,0.2,0.01,50,38,9,1
60,1,0.6,0.2,0.01,50,39,9,1
60,1,0.6,0.2,0.01,50,40,9,1
60,1,0.6,0.2,0.01,50,41,15,1
60,1,0.6,0.2,0.01,50,42,6,1
60,1,0.6,0.2,0.01,50,43,15,1
60,1,0.6,0.2,0.01,50,44,15,1
60,1,0.6,0.2,0.01,50,45,15,1
60,1,0.6,0.2,0.01,50,46,15,1
60,1,0.6,0.2,0.01,50,47,9,1
60,1,0.6,0.2,0.01,50,48,9,1
60,1,0.6,0.2,0.01,50,49,15,1
60,1,0.6,0.2,0.01,50,50,15,1
100,1,0.6,0.2,0.01,50,1,6,1
100,1,0.6,0.2,0.01,50,2,9,1
100,1,0.6,0.2,0.01,50,3,15,1
100,1,0.6,0.2,0.01,50,4,9,1
100,1,0.6,0.2,0.01,50,5,9,1
100,1,0.6,0.2,0.01,50,6,15,1
100,1,0.6,0.2,0.01,50,7,9,1
100,1,0.6,0.2,0.01,50,8,6,1
100,1,0.6,0.2,0.01,50,9,15,1
100,1,0.6,0.2,0.01,50,10,9,1
100,1,0.6,0.2,0.01,50,11,9,1
100,1,0.6,0.2,0.01,50,12,9,1
100,1,0.6,0.2,0.01,50,13,9,1
100,1,0.6,0.2,0.01,50,14,9,1
100,1,0.6,0.2,0.01,50,15,9,1
100,1,0.6,0.2,0.01,50,16,9,1
100,1,0.6,0.2,0.01,50,17,9,1
100,1,0.6,0.2,0.01,50,18,9,1
100,1,0.6,0.2,0.01,50,19,9,1
100,1,0.6,0.2,0.01,50,20,9,1
100,1,0.6,0.2,0.01,50,21,9,1
100,1,0.6,0.2,0.01,50,22,9,1
100,1,0.6,0.2,0.01,50,23,9,1
100,1,0.6,0.2,0.01,50,24,15,1
100,1,0.6,0.2,0.01,50,25,9,1
100,1,0.6,0.2,0.01,50,26,9,1
100,1,0.6,0.2,0.01,50,27,9,1
100,1,0.6,0.2,0.01,50,28,9,1
100,1,0.6,0.2,0.01,50,29,15,1
100,1,0.6,0.2,0.01,50,30,9,1
100,1,0.6,0.2,0.01,50,31,9,1
100,1,0.6,0.2,0.01,50,32,9,1
100,1,0.6,0.2,0.01,50,33,15,1
100,1,0.6,0.2,0.01,50,34,9,1
100,1,0.6,0.2,0.01,50,35,9,1
100,1,0.6,0.2,0.01,50,36,9,1
100,1,0.6,0.2,0.01,50,37,15,1
100,1,0.6,0.2,0.01,50,38,9,1
100,1,0.6,0.2,0.01,50,39,15,1
100,1,0.6,0.2,0.01,50,40,15,1
100,1,0.6,0.2,0.01,50,41,15,1
100,1,0.6,0.2,0.01,50,42,6,1
100,1,0.6,0.2,0.01,50,43,15,1
100,1,0.6,0.2,0.01,50,44,9,1
100,1,0.6,0.2,0.01,50,45,9,1
100,1,0.6,0.2,0.01,50,46,9,1
100,1,0.6,0.2,0.01,50,47,9,1
100,1,0.6,0.2,0.01,50,48,9,1
100,1,0.6,0.2,0.01,50,49,15,1
100,1,0.6,0.2,0.01,50,50,9,1
10,1.5,0.6,0.2,0.01,50,1,57,1
10,1.5,0.6,0.2,0.01,50,2,36,1
10,1.5,0.6,0.2,0.01,50,3,36,1
10,1.5,0.6,0.2,0.01,50,4,36,1
10,1.5,0.6,0.2,0.01,50,5,88,1
10,1.5,0.6,0.2,0.01,50,6,57,1
10,1.5,0.6,0.2,0.01,50,7,36,1
10,1.5,0.6,0.2,0.01,50,8,57,1
10,1.5,0.6,0.2,0.01,50,9,36,1
10,1.5,0.6,0.2,0.01,50,10,36,1
10,1.5,0.6,0.2,0.01,50,11,36,1
10,1.5,0.6,0.2,0.01,50,12,36,1
10,1.5,0.6,0.2,0.01,50,13,57,1
10,1.5,0.6,0.2,0.01,50,14,36,1
10,1.5,0.6,0.2,0.01,50,15,36,1
10,1.5,0.6,0.2,0.01,50,16,57,1
10,1.5,0.6,0.2,0.01,50,17,23,1
10,1.5,0.6,0.2,0.01,50,18,57,1
10,1.5,0.6,0.2,0.01,50,19,36,1
10,1.5,0.6,0.2,0.01,50,20,88,1
10,1.5,0.6,0.2,0.01,50,21,36,1
10,1.5,0.6,0.2,0.01,50,22,36,1
10,1.5,0.6,0.2,0.01,50,23,88,1
10,1.5,0.6,0.2,0.01,50,24,23,1
10,1.5,0.6,0.2,0.01,50,25,36,1
10,1.5,0.6,0.2,0.01,50,26,36,1
10,1.5,0.6,0.2,0.01,50,27,57,1
10,1.5,0.6,0.2,0.01,50,28,57,1
10,1.5,0.6,0.2,0.01,50,29,57,1
10,1.5,0.6,0.2,0.01,50,30,57,1
10,1.5,0.6,0.2,0.01,50,31,36,1
10,1.5,0.6,0.2,0.01,50,32,57,1
10,1.5,0.6,0.2,0.01,50,33,57,1
10,1.5,0.6,0.2,0.01,50,34,88,1
10,1.5,0.6,0.2,0.01,50,35,57,1
10,1.5,0.6,0.2,0.01,50,36,57,1
10,1.5,0.6,0.2,0.01,50,37,88,1
10,1.5,0.6,0.2,0.01,50,38,57,1
10,1.5,0.6,0.2,0.01,50,39,23,1
10,1.5,0.6,0.2,0.01,50,40,57,1
10,1.5,0.6,0.2,0.01,50,41,36,1
10,1.5,0.6,0.2,0.01,50,42,57,1
10,1.5,0.6,0.2,0.01,50,43,57,1
10,1.5,0.6,0.2,0.01,50,44,57,1
10,1.5,0.6,0.2,0.01,50,45,36,1
10,1.5,0.6,0.2,0.01,50,46,57,1
10,1.5,0.6,0.2,0.01,50,47,23,1
10,1.5,0.6,0.2,0.01,50,48,36,1
10,1.5,0.6,0.2,0.01,50,49,36,1
10,1.5,0.6,0.2,0.01,50,50,57,1
30,1.5,0.6,0.2,0.01,50,1,15,1
30,1.5,0.6,0.2,0.01,50,2,15,1
30,1.5,0.6,0.2,0.01,50,3,15,1
30,1.5,0.6,0.2,0.01,50,4,15,1
30,1.5,0.6,0.2,0.01,50,5,23,1
30,1.5,0.6,0.2,0.01,50,6,15,1
30,1.5,0.6,0.2,0.01,50,7,15,1
30,1.5,0.6,0.2,0.01,50,8,15,1
30,1.5,0.6,0.2,0.01,50,9,15,1
30,1.5,0.6,0.2,0.01,50,10,15,1
30,1.5,0.6,0.2,0.01,50,11,15,1
30,1.5,0.6,0.2,0.01,50,12,15,1
30,1.5,0.6,0.2,0.01,50,13,23,1
30,1.5,0.6,0.2,0.01,50,14,23,1
30,1.5,0.6,0.2,0.01,50,15,23,1
30,1.5,0.6,0.2,0.01,50,16,23,1
30,1.5,0.6,0.2,0.01,50,17,15,1
30,1.5,0.6,0.2,0.01,50,18,23,1
30,1.5,0.6,0.2,0.01,50,19,15,1
30,1.5,0.6,0.2,0.01,50,20,15,1
30,1.5,0.6,0.2,0.01,50,21,15,1
30,1.5,0.6,0.2,0.01,50,22,15,1
30,1.5,0.6,0.2,0.01,50,23,15,1
30,1.5,0.6,0.2,0.01,50,24,9,1
30,1.5,0.6,0.2,0.01,50,25,15,1
30,1.5,0.6,0.2,0.01,50,26,23,1
30,1.5,0.6,0.2,0.01,50,27,15,1
30,1.5,0.6,0.2,0.01,50,28,15,1
30,1.5,0.6,0.2,0.01,50,29,23,1
30,1.5,0.6,0.2,0.01,50,30,15,1
30,1.5,0.6,0.2,0.01,50,31,15,1
30,1.5,0.6,0.2,0.01,50,32,15,1
30,1.5,0.6,0.2,0.01,50,33,23,1
30,1.5,0.6,0.2,0.01,50,34,23,1
30,1.5,0.6,0.2,0.01,50,35,15,1
30,1.5,0.6,0.2,0.01,50,36,15,1
30,1.5,0.6,0.2,0.01,50,37,15,1
30,1.5,0.6,0.2,0.01,50,38,23,1
30,1.5,0.6,0.2,0.01,50,39,15,1
30,1.5,0.6,0.2,0.01,50,40,23,1
30,1.5,0.6,0.2,0.01,50,41,23,1
30,1.5,0.6,0.2,0.01,50,42,15,1
30,1.5,0.6,0.2,0.01,50,43,23,1
30,1.5,0.6,0.2,0.01,50,44,23,1
30,1.5,0.6,0.2,0.01,50,45,23,1
30,1.5,0.6,0.2,0.01,50,46,15,1
30,1.5,0.6,0.2,0.01,50,47,15,1
30,1.5,0.6,0.2,0.01,50,48,15,1
30,1.5,0.6,0.2,0.01,50,49,23,1
30,1.5,0.6,0.2,0.01,50,50,15,1
60,1.5,0.6,0.2,0.01,50,1,15,1
60,1.5,0.6,0.2,0.01,50,2,15,1
60,1.5,0.6,0.2,0.01,50,3,15,1
60,1.5,0.6,0.2,0.01,50,4,15,1
60,1.5,0.6,0.2,0.01,50,5,15,1
60,1.5,0.6,0.2,0.01,50,6,15,1
60,1.5,0.6,0.2,0.01,50,7,15,1
60,1.5,0.6,0.2,0.01,50,8,15,1
60,1.5,0.6,0.2,0.01,50,9,15,1
60,1.5,0.6,0.2,0.01,50,10,15,1
60,1.5,0.6,0.2,0.01,50,11,15,1
60,1.5,0.6,0.2,0.01,50,12,15,1
60,1.5,0.6,0.2,0.01,50,13,15,1
60,1.5,0.6,0.2,0.01,50,14,15,1
60,1.5,0.6,0.2,0.01,50,15,15,1
60,1.5,0.6,0.2,0.01,50,16,15,1
60,1.5,0.6,0.2,0.01,50,17,15,1
60,1.5,0.6,0.2,0.01,50,18,15,1
60,1.5,0.6,0.2,0.01,50,19,15,1
60,1.5,0.6,0.2,0.01,50,20,15,1
60,1.5,0.6,0.2,0.01,50,21,15,1
60,1.5,0.6,0.2,0.01,50,22,15,1
60,1.5,0.6,0.2,0.01,50,23,15,1
60,1.5,0.6,0.2,0.01,50,24,15,1
60,1.5,0.6,0.2,0.01,50,25,15,1
60,1.5,0.6,0.2,0.01,50,26,15,1
60,1.5,0.6,0.2,0.01,50,27,15,1
60,1.5,0.6,0.2,0.01,50,28,15,1
60,1.5,0.6,0.2,0.01,50,29,15,1
60,1.5,0.6,0.2,0.01,50,30,15,1
60,1.5,0.6,0.2,0.01,50,31,15,1
60,1.5,0.6,0.2,0.01,50,32,15,1
60,1.5,0.6,0.2,0.01,50,33,23,1
60,1.5,0.6,0.2,0.01,50,34,15,1
60,1.5,0.6,0.2,0.01,50,35,15,1
60,1.5,0.6,0.2,0.01,50,36,9,1
60,1.5,0.6,0.2,0.01,50,37,15,1
60,1.5,0.6,0.2,0.01,50,38,15,1
60,1.5,0.6,0.2,0.01,50,39,9,1
60,1.5,0.6,0.2,0.01,50,40,15,1
60,1.5,0.6,0.2,0.01,50,41,15,1
60,1.5,0.6,0.2,0.01,50,42,15,1
60,1.5,0.6,0.2,0.01,50,43,15,1
60,1.5,0.6,0.2,0.01,50,44,15,1
60,1.5,0.6,0.2,0.01,50,45,15,1
60,1.5,0.6,0.2,0.01,50,46,15,1
60,1.5,0.6,0.2,0.01,50,47,15,1
60,1.5,0.6,0.2,0.01,50,48,15,1
60,1.5,0.6,0.2,0.01,50,49,15,1
60,1.5,0.6,0.2,0.01,50,50,6,1
100,1.5,0.6,0.2,0.01,50,1,9,1
100,1.5,0.6,0.2,0.01,50,2,9,1
100,1.5,0.6,0.2,0.01,50,3,15,1
100,1.5,0.6,0.2,0.01,50,4,15,1
100,1.5,0.6,0.2,0.01,50,5,9,1
100,1.5,0.6,0.2,0.01,50,6,15,1
100,1.5,0.6,0.2,0.01,50,7,6,1
100,1.5,0.6,0.2,0.01,50,8,15,1
100,1.5,0.6,0.2,0.01,50,9,15,1
100,1.5,0.6,0.2,0.01,50,10,15,1
100,1.5,0.6,0.2,0.01,50,11,9,1
100,1.5,0.6,0.2,0.01,50,12,15,1
100,1.5,0.6,0.2,0.01,50,13,9,1
100,1.5,0.6,0.2,0.01,50,14,15,1
100,1.5,0.6,0.2,0.01,50,15,15,1
100,1.5,0.6,0.2,0.01,50,16,15,1
100,1.5,0.6,0.2,0.01,50,17,15,1
100,1.5,0.6,0.2,0.01,50,18,15,1
100,1.5,0.6,0.2,0.01,50,19,6,1
100,1.5,0.6,0.2,0.01,50,20,15,1
100,1.5,0.6,0.2,0.01,50,21,9,1
100,1.5,0.6,0.2,0.01,50,22,9,1
100,1.5,0.6,0.2,0.01,50,23,15,1
100,1.5,0.6,0.2,0.01,50,24,15,1
100,1.5,0.6,0.2,0.01,50,25,15,1
100,1.5,0.6,0.2,0.01,50,26,15,1
100,1.5,0.6,0.2,0.01,50,27,9,1
100,1.5,0.6,0.2,0.01,50,28,15,1
100,1.5,0.6,0.2,0.01,50,29,15,1
100,1.5,0.6,0.2,0.01,50,30,9,1
100,1.5,0.6,0.2,0.01,50,31,15,1
100,1.5,0.6,0.2,0.01,50,32,15,1
100,1.5,0.6,0.2,0.01,50,33,15,1
100,1.5,0.6,0.2,0.01,50,34,15,1
100,1.5,0.6,0.2,0.01,50,35,6,1
100,1.5,0.6,0.2,0.01,50,36,15,1
100,1.5,0.6,0.2,0.01,50,37,9,1
100,1.5,0.6,0.2,0.01,50,38,15,1
100,1.5,0.6,0.2,0.01,50,39,15,1
100,1.5,0.6,0.2,0.01,50,40,15,1
100,1.5,0.6,0.2,0.01,50,41,9,1
100,1.5,0.6,0.2,0.01,50,42,15,1
100,1.5,0.6,0.2,0.01,50,43,15,1
100,1.5,0.6,0.2,0.01,50,44,15,1
100,1.5,0.6,0.2,0.01,50,45,9,1
100,1.5,0.6,0.2,0.01,50,46,15,1
100,1.5,0.6,0.2,0.01,50,47,15,1
100,1.5,0.6,0.2,0.01,50,48,9,1
100,1.5,0.6,0.2,0.01,50,49,15,1
100,1.5,0.6,0.2,0.01,50,50,15,1
10,0.5,0.7,0.2,0.01,50,1,23,1
10,0.5,0.7,0.2,0.01,50,2,23,1
10,0.5,0.7,0.2,0.01,50,3,36,1
10,0.5,0.7,0.2,0.01,50,4,15,1
10,0.5,0.7,0.2,0.01,50,5,15,1
10,0.5,0.7,0.2,0.01,50,6,15,1
10,0.5,0.7,0.2,0.01,50,7,36,1
10,0.5,0.7,0.2,0.01,50,8,36,1
10,0.5,0.7,0.2,0.01,50,9,23,1
10,0.5,0.7,0.2,0.01,50,10,23,1
10,0.5,0.7,0.2,0.01,50,11,23,1
10,0.5,0.7,0.2,0.01,50,12,23,1
10,0.5,0.7,0.2,0.01,50,13,36,1
10,0.5,0.7,0.2,0.01,50,14,23,1
10,0.5,0.7,0.2,0.01,50,15,23,1
10,0.5,0.7,0.2,0.01,50,16,23,1
10,0.5,0.7,0.2,0.01,50,17,23,1
10,0.5,0.7,0.2,0.01,50,18,23,1
10,0.5,0.7,0.2,0.01,50,19,23,1
10,0.5,0.7,0.2,0.01,50,20,23,1
10,0.5,0.7,0.2,0.01,50,21,23,1
10,0.5,0.7,0.2,0.01,50,22,23,1
10,0.5,0.7,0.2,0.01,50,23,23,1
10,0.5,0.7,0.2,0.01,50,24,15,1
10,0.5,0.7,0.2,0.01,50,25,23,1
10,0.5,0.7,0.2,0.01,50,26,23,1
10,0.5,0.7,0.2,0.01,50,27,23,1
10,0.5,0.7,0.2,0.01,50,28,36,1
10,0.5,0.7,0.2,0.01,50,29,36,1
10,0.5,0.7,0.2,0.01,50,30,23,1
10,0.5,0.7,0.2,0.01,50,31,23,1
10,0.5,0.7,0.2,0.01,50,32,23,1
10,0.5,0.7,0.2,0.01,50,33,23,1
10,0.5,0.7,0.2,0.01,50,34,36,1
10,0.5,0.7,0.2,0.01,50,35,23,1
10,0.5,0.7,0.2,0.01,50,36,23,1
10,0.5,0.7,0.2,0.01,50,37,23,1
10,0.5,0.7,0.2,0.01,50,38,23,1
10,0.5,0.7,0.2,0.01,50,39,23,1
10,0.5,0.7,0.2,0.01,50,40,23,1
10,0.5,0.7,0.2,0.01,50,41,23,1
10,0.5,0.7,0.2,0.01,50,42,23,1
10,0.5,0.7,0.2,0.01,50,43,23,1
10,0.5,0.7,0.2,0.01,50,44,23,1
10,0.5,0.7,0.2,0.01,50,45,23,1
10,0.5,0.7,0.2,0.01,50,46,36,1
10,0.5,0.7,0.2,0.01,50,47,23,1
10,0.5,0.7,0.2,0.01,50,48,23,1
10,0.5,0.7,0.2,0.01,50,49,23,1
10,0.5,0.7,0.2,0.01,50,50,23,1
30,0.5,0.7,0.2,0.01,50,1,15,1
30,0.5,0.7,0.2,0.01,50,2,15,1
30,0.5,0.7,0.2,0.01,50,3,15,1
30,0.5,0.7,0.2,0.01,50,4,9,1
30,0.5,0.7,0.2,0.01,50,5,15,1
30,0.5,0.7,0.2,0.01,50,6,9,1
30,0.5,0.7,0.2,0.01,50,7,9,1
30,0.5,0.7,0.2,0.01,50,8,9,1
30,0.5,0.7,0.2,0.01,50,9,15,1
30,0.5,0.7,0.2,0.01,50,10,15,1
30,0.5,0.7,0.2,0.01,50,11,15,1
30,0.5,0.7,0.2,0.01,50,12,15,1
30,0.5,0.7,0.2,0.01,50,13,15,1
30,0.5,0.7,0.2,0.01,50,14,9,1
30,0.5,0.7,0.2,0.01,50,15,15,1
30,0.5,0.7,0.2,0.01,50,16,9,1
30,0.5,0.7,0.2,0.01,50,17,9,1
30,0.5,0.7,0.2,0.01,50,18,15,1
30,0.5,0.7,0.2,0.01,50,19,15,1
30,0.5,0.7,0.2,0.01,50,20,15,1
30,0.5,0.7,0.2,0.01,50,21,9,1
30,0.5,0.7,0.2,0.01,50,22,15,1
30,0.5,0.7,0.2,0.01,50,23,15,1
30,0.5,0.7,0.2,0.01,50,24,9,1
30,0.5,0.7,0.2,0.01,50,25,9,1
30,0.5,0.7,0.2,0.01,50,26,9,1
30,0.5,0.7,0.2,0.01,50,27,9,1
30,0.5,0.7,0.2,0.01,50,28,15,1
30,0.5,0.7,0.2,0.01,50,29,15,1
30,0.5,0.7,0.2,0.01,50,30,15,1
30,0.5,0.7,0.2,0.01,50,31,9,1
30,0.5,0.7,0.2,0.01,50,32,4,1
30,0.5,0.7,0.2,0.01,50,33,15,1
30,0.5,0.7,0.2,0.01,50,34,9,1
30,0.5,0.7,0.2,0.01,50,35,15,1
30,0.5,0.7,0.2,0.01,50,36,9,1
30,0.5,0.7,0.2,0.01,50,37,15,1
30,0.5,0.7,0.2,0.01,50,38,15,1
30,0.5,0.7,0.2,0.01,50,39,15,1
30,0.5,0.7,0.2,0.01,50,40,15,1
30,0.5,0.7,0.2,0.01,50,41,9,1
30,0.5,0.7,0.2,0.01,50,42,9,1
30,0.5,0.7,0.2,0.01,50,43,9,1
30,0.5,0.7,0.2,0.01,50,44,9,1
30,0.5,0.7,0.2,0.01,50,45,15,1
30,0.5,0.7,0.2,0.01,50,46,9,1
30,0.5,0.7,0.2,0.01,50,47,9,1
30,0.5,0.7,0.2,0.01,50,48,15,1
30,0.5,0.7,0.2,0.01,50,49,15,1
30,0.5,0.7,0.2,0.01,50,50,15,1
60,0.5,0.7,0.2,0.01,50,1,9,1
60,0.5,0.7,0.2,0.01,50,2,9,1
60,0.5,0.7,0.2,0.01,50,3,9,1
60,0.5,0.7,0.2,0.01,50,4,9,1
60,0.5,0.7,0.2,0.01,50,5,9,1
60,0.5,0.7,0.2,0.01,50,6,9,1
60,0.5,0.7,0.2,0.01,50,7,9,1
60,0.5,0.7,0.2,0.01,50,8,9,1
60,0.5,0.7,0.2,0.01,50,9,9,1
60,0.5,0.7,0.2,0.01,50,10,9,1
60,0.5,0.7,0.2,0.01,50,11,9,1
60,0.5,0.7,0.2,0.01,50,12,6,1
60,0.5,0.7,0.2,0.01,50,13,9,1
60,0.5,0.7,0.2,0.01,50,14,9,1
60,0.5,0.7,0.2,0.01,50,15,9,1
60,0.5,0.7,0.2,0.01,50,16,9,1
60,0.5,0.7,0.2,0.01,50,17,9,1
60,0.5,0.7,0.2,0.01,50,18,9,1
60,0.5,0.7,0.2,0.01,50,19,9,1
60,0.5,0.7,0.2,0.01,50,20,9,1
60,0.5,0.7,0.2,0.01,50,21,9,1
60,0.5,0.7,0.2,0.01,50,22,9,1
60,0.5,0.7,0.2,0.01,50,23,9,1
60,0.5,0.7,0.2,0.01,50,24,6,1
60,0.5,0.7,0.2,0.01,50,25,9,1
60,0.5,0.7,0.2,0.01,50,26,9,1
60,0.5,0.7,0.2,0.01,50,27,9,1
60,0.5,0.7,0.2,0.01,50,28,9,1
60,0.5,0.7,0.2,0.01,50,29,9,1
60,0.5,0.7,0.2,0.01,50,30,6,1
60,0.5,0.7,0.2,0.01,50,31,6,1
60,0.5,0.7,0.2,0.01,50,32,6,1
60,0.5,0.7,0.2,0.01,50,33,9,1
60,0.5,0.7,0.2,0.01,50,34,9,1
60,0.5,0.7,0.2,0.01,50,35,9,1
60,0.5,0.7,0.2,0.01,50,36,6,1
60,0.5,0.7,0.2,0.01,50,37,9,1
60,0.5,0.7,0.2,0.01,50,38,9,1
60,0.5,0.7,0.2,0.01,50,39,9,1
60,0.5,0.7,0.2,0.01,50,40,9,1
60,0.5,0.7,0.2,0.01,50,41,6,1
60,0.5,0.7,0.2,0.01,50,42,9,1
60,0.5,0.7,0.2,0.01,50,43,9,1
60,0.5,0.7,0.2,0.01,50,44,9,1
60,0.5,0.7,0.2,0.01,50,45,9,1
60,0.5,0.7,0.2,0.01,50,46,9,1
60,0.5,0.7,0.2,0.01,50,47,9,1
60,0.5,0.7,0.2,0.01,50,48,6,1
60,0.5,0.7,0.2,0.01,50,49,9,1
60,0.5,0.7,0.2,0.01,50,50,9,1
100,0.5,0.7,0.2,0.01,50,1,9,1
100,0.5,0.7,0.2,0.01,50,2,9,1
100,0.5,0.7,0.2,0.01,50,3,6,1
100,0.5,0.7,0.2,0.01,50,4,6,1
100,0.5,0.7,0.2,0.01,50,5,9,1
100,0.5,0.7,0.2,0.01,50,6,6,1
100,0.5,0.7,0.2,0.01,50,7,6,1
100,0.5,0.7,0.2,0.01,50,8,9,1
100,0.5,0.7,0.2,0.01,50,9,9,1
100,0.5,0.7,0.2,0.01,50,10,9,1
100,0.5,0.7,0.2,0.01,50,11,6,1
100,0.5,0.7,0.2,0.01,50,12,9,1
100,0.5,0.7,0.2,0.01,50,13,9,1
100,0.5,0.7,0.2,0.01,50,14,9,1
100,0.5,0.7,0.2,0.01,50,15,9,1
100,0.5,0.7,0.2,0.01,50,16,9,1
100,0.5,0.7,0.2,0.01,50,17,6,1
100,0.5,0.7,0.2,0.01,50,18,9,1
100,0.5,0.7,0.2,0.01,50,19,9,1
100,0.5,0.7,0.2,0.01,50,20,9,1
100,0.5,0.7,0.2,0.01,50,21,9,1
100,0.5,0.7,0.2,0.01,50,22,6,1
100,0.5,0.7,0.2,0.01,50,23,9,1
100,0.5,0.7,0.2,0.01,50,24,9,1
100,0.5,0.7,0.2,0.01,50,25,9,1
100,0.5,0.7,0.2,0.01,50,26,4,1
100,0.5,0.7,0.2,0.01,50,27,9,1
100,0.5,0.7,0.2,0.01,50,28,9,1
100,0.5,0.7,0.2,0.01,50,29,9,1
100,0.5,0.7,0.2,0.01,50,30,6,1
100,0.5,0.7,0.2,0.01,50,31,9,1
100,0.5,0.7,0.2,0.01,50,32,4,1
100,0.5,0.7,0.2,0.01,50,33,9,1
100,0.5,0.7,0.2,0.01,50,34,9,1
100,0.5,0.7,0.2,0.01,50,35,9,1
100,0.5,0.7,0.2,0.01,50,36,6,1
100,0.5,0.7,0.2,0.01,50,37,6,1
100,0.5,0.7,0.2,0.01,50,38,9,1
100,0.5,0.7,0.2,0.01,50,39,6,1
100,0.5,0.7,0.2,0.01,50,40,6,1
100,0.5,0.7,0.2,0.01,50,41,9,1
100,0.5,0.7,0.2,0.01,50,42,9,1
100,0.5,0.7,0.2,0.01,50,43,6,1
100,0.5,0.7,0.2,0.01,50,44,9,1
100,0.5,0.7,0.2,0.01,50,45,9,1
100,0.5,0.7,0.2,0.01,50,46,9,1
100,0.5,0.7,0.2,0.01,50,47,6,1
100,0.5,0.7,0.2,0.01,50,48,6,1
100,0.5,0.7,0.2,0.01,50,49,9,1
100,0.5,0.7,0.2,0.01,50,50,9,1
10,1,0.7,0.2,0.01,50,1,36,1
10,1,0.7,0.2,0.01,50,2,23,1
10,1,0.7,0.2,0.01,50,3,36,1
10,1,0.7,0.2,0.01,50,4,23,1
10,1,0.7,0.2,0.01,50,5,23,1
10,1,0.7,0.2,0.01,50,6,23,1
10,1,0.7,0.2,0.01,50,7,36,1
10,1,0.7,0.2,0.01,50,8,36,1
10,1,0.7,0.2,0.01,50,9,23,1
10,1,0.7,0.2,0.01,50,10,36,1
10,1,0.7,0.2,0.01,50,11,23,1
10,1,0.7,0.2,0.01,50,12,23,1
10,1,0.7,0.2,0.01,50,13,23,1
10,1,0.7,0.2,0.01,50,14,36,1
10,1,0.7,0.2,0.01,50,15,36,1
10,1,0.7,0.2,0.01,50,16,23,1
10,1,0.7,0.2,0.01,50,17,36,1
10,1,0.7,0.2,0.01,50,18,36,1
10,1,0.7,0.2,0.01,50,19,23,1
10,1,0.7,0.2,0.01,50,20,36,1
10,1,0.7,0.2,0.01,50,21,23,1
10,1,0.7,0.2,0.01,50,22,23,1
10,1,0.7,0.2,0.01,50,23,36,1
10,1,0.7,0.2,0.01,50,24,23,1
10,1,0.7,0.2,0.01,50,25,23,1
10,1,0.7,0.2,0.01,50,26,36,1
10,1,0.7,0.2,0.01,50,27,36,1
10,1,0.7,0.2,0.01,50,28,36,1
10,1,0.7,0.2,0.01,50,29,23,1
10,1,0.7,0.2,0.01,50,30,36,1
10,1,0.7,0.2,0.01,50,31,23,1
10,1,0.7,0.2,0.01,50,32,36,1
10,1,0.7,0.2,0.01,50,33,36,1
10,1,0.7,0.2,0.01,50,34,36,1
10,1,0.7,0.2,0.01,50,35,23,1
10,1,0.7,0.2,0.01,50,36,23,1
10,1,0.7,0.2,0.01,50,37,36,1
10,1,0.7,0.2,0.01,50,38,23,1
10,1,0.7,0.2,0.01,50,39,36,1
10,1,0.7,0.2,0.01,50,40,23,1
10,1,0.7,0.2,0.01,50,41,23,1
10,1,0.7,0.2,0.01,50,42,23,1
10,1,0.7,0.2,0.01,50,43,23,1
10,1,0.7,0.2,0.01,50,44,36,1
10,1,0.7,0.2,0.01,50,45,36,1
10,1,0.7,0.2,0.01,50,46,23,1
10,1,0.7,0.2,0.01,50,47,23,1
10,1,0.7,0.2,0.01,50,48,23,1
10,1,0.7,0.2,0.01,50,49,23,1
10,1,0.7,0.2,0.01,50,50,36,1
30,1,0.7,0.2,0.01,50,1,15,1
30,1,0.7,0.2,0.01,50,2,15,1
30,1,0.7,0.2,0.01,50,3,15,1
30,1,0.7,0.2,0.01,50,4,15,1
30,1,0.7,0.2,0.01,50,5,15,1
30,1,0.7,0.2,0.01,50,6,9,1
30,1,0.7,0.2,0.01,50,7,9,1
30,1,0.7,0.2,0.01,50,8,9,1
30,1,0.7,0.2,0.01,50,9,15,1
30,1,0.7,0.2,0.01,50,10,15,1
30,1,0.7,0.2,0.01,50,11,15,1
30,1,0.7,0.2,0.01,50,12,15,1
30,1,0.7,0.2,0.01,50,13,9,1
30,1,0.7,0.2,0.01,50,14,15,1
30,1,0.7,0.2,0.01,50,15,9,1
30,1,0.7,0.2,0.01,50,16,15,1
30,1,0.7,0.2,0.01,50,17,15,1
30,1,0.7,0.2,0.01,50,18,15,1
30,1,0.7,0.2,0.01,50,19,15,1
30,1,0.7,0.2,0.01,50,20,15,1
30,1,0.7,0.2,0.01,50,21,6,1
30,1,0.7,0.2,0.01,50,22,15,1
30,1,0.7,0.2,0.01,50,23,15,1
30,1,0.7,0.2,0.01,50,24,15,1
30,1,0.7,0.2,0.01,50,25,15,1
30,1,0.7,0.2,0.01,50,26,15,1
30,1,0.7,0.2,0.01,50,27,15,1
30,1,0.7,0.2,0.01,50,28,15,1
30,1,0.7,0.2,0.01,50,29,15,1
30,1,0.7,0.2,0.01,50,30,15,1
30,1,0.7,0.2,0.01,50,31,15,1
30,1,0.7,0.2,0.01,50,32,15,1
30,1,0.7,0.2,0.01,50,33,15,1
30,1,0.7,0.2,0.01,50,34,15,1
30,1,0.7,0.2,0.01,50,35,15,1
30,1,0.7,0.2,0.01,50,36,9,1
30,1,0.7,0.2,0.01,50,37,15,1
30,1,0.7,0.2,0.01,50,38,15,1
30,1,0.7,0.2,0.01,50,39,15,1
30,1,0.7,0.2,0.01,50,40,9,1
30,1,0.7,0.2,0.01,50,41,6,1
30,1,0.7,0.2,0.01,50,42,15,1
30,1,0.7,0.2,0.01,50,43,9,1
30,1,0.7,0.2,0.01,50,44,15,1
30,1,0.7,0.2,0.01,50,45,15,1
30,1,0.7,0.2,0.01,50,46,15,1
30,1,0.7,0.2,0.01,50,47,9,1
30,1,0.7,0.2,0.01,50,48,15,1
30,1,0.7,0.2,0.01,50,49,9,1
30,1,0.7,0.2,0.01,50,50,15,1
60,1,0.7,0.2,0.01,50,1,9,1
60,1,0.7,0.2,0.01,50,2,9,1
60,1,0.7,0.2,0.01,50,3,9,1
60,1,0.7,0.2,0.01,50,4,9,1
60,1,0.7,0.2,0.01,50,5,9,1
60,1,0.7,0.2,0.01,50,6,9,1
60,1,0.7,0.2,0.01,50,7,9,1
60,1,0.7,0.2,0.01,50,8,9,1
60,1,0.7,0.2,0.01,50,9,15,1
60,1,0.7,0.2,0.01,50,10,9,1
60,1,0.7,0.2,0.01,50,11,9,1
60,1,0.7,0.2,0.01,50,12,9,1
60,1,0.7,0.2,0.01,50,13,9,1
60,1,0.7,0.2,0.01,50,14,9,1
60,1,0.7,0.2,0.01,50,15,9,1
60,1,0.7,0.2,0.01,50,16,9,1
60,1,0.7,0.2,0.01,50,17,9,1
60,1,0.7,0.2,0.01,50,18,15,1
60,1,0.7,0.2,0.01,50,19,9,1
60,1,0.7,0.2,0.01,50,20,9,1
60,1,0.7,0.2,0.01,50,21,6,1
60,1,0.7,0.2,0.01,50,22,9,1
60,1,0.7,0.2,0.01,50,23,9,1
60,1,0.7,0.2,0.01,50,24,9,1
60,1,0.7,0.2,0.01,50,25,9,1
60,1,0.7,0.2,0.01,50,26,9,1
60,1,0.7,0.2,0.01,50,27,9,1
60,1,0.7,0.2,0.01,50,28,9,1
60,1,0.7,0.2,0.01,50,29,9,1
60,1,0.7,0.2,0.01,50,30,9,1
60,1,0.7,0.2,0.01,50,31,9,1
60,1,0.7,0.2,0.01,50,32,9,1
60,1,0.7,0.2,0.01,50,33,9,1
60,1,0.7,0.2,0.01,50,34,9,1
60,1,0.7,0.2,0.01,50,35,15,1
60,1,0.7,0.2,0.01,50,36,6,1
60,1,0.7,0.2,0.01,50,37,6,1
60,1,0.7,0.2,0.01,50,38,9,1
60,1,0.7,0.2,0.01,50,39,9,1
60,1,0.7,0.2,0.01,50,40,9,1
60,1,0.7,0.2,0.01,50,41,6,1
60,1,0.7,0.2,0.01,50,42,9,1
60,1,0.7,0.2,0.01,50,43,6,1
60,1,0.7,0.2,0.01,50,44,9,1
60,1,0.7,0.2,0.01,50,45,9,1
60,1,0.7,0.2,0.01,50,46,9,1
60,1,0.7,0.2,0.01,50,47,9,1
60,1,0.7,0.2,0.01,50,48,6,1
60,1,0.7,0.2,0.01,50,49,9,1
60,1,0.7,0.2,0.01,50,50,9,1
100,1,0.7,0.2,0.01,50,1,9,1
100,1,0.7,0.2,0.01,50,2,9,1
100,1,0.7,0.2,0.01,50,3,9,1
100,1,0.7,0.2,0.01,50,4,9,1
100,1,0.7,0.2,0.01,50,5,9,1
100,1,0.7,0.2,0.01,50,6,9,1
100,1,0.7,0.2,0.01,50,7,9,1
100,1,0.7,0.2,0.01,50,8,9,1
100,1,0.7,0.2,0.01,50,9,6,1
100,1,0.7,0.2,0.01,50,10,9,1
100,1,0.7,0.2,0.01,50,11,9,1
100,1,0.7,0.2,0.01,50,12,9,1
100,1,0.7,0.2,0.01,50,13,9,1
100,1,0.7,0.2,0.01,50,14,9,1
100,1,0.7,0.2,0.01,50,15,9,1
100,1,0.7,0.2,0.01,50,16,6,1
100,1,0.7,0.2,0.01,50,17,9,1
100,1,0.7,0.2,0.01,50,18,15,1
100,1,0.7,0.2,0.01,50,19,9,1
100,1,0.7,0.2,0.01,50,20,9,1
100,1,0.7,0.2,0.01,50,21,6,1
100,1,0.7,0.2,0.01,50,22,9,1
100,1,0.7,0.2,0.01,50,23,9,1
100,1,0.7,0.2,0.01,50,24,9,1
100,1,0.7,0.2,0.01,50,25,9,1
100,1,0.7,0.2,0.01,50,26,6,1
100,1,0.7,0.2,0.01,50,27,9,1
100,1,0.7,0.2,0.01,50,28,9,1
100,1,0.7,0.2,0.01,50,29,9,1
100,1,0.7,0.2,0.01,50,30,9,1
100,1,0.7,0.2,0.01,50,31,9,1
100,1,0.7,0.2,0.01,50,32,4,1
100,1,0.7,0.2,0.01,50,33,6,1
100,1,0.7,0.2,0.01,50,34,9,1
100,1,0.7,0.2,0.01,50,35,9,1
100,1,0.7,0.2,0.01,50,36,6,1
100,1,0.7,0.2,0.01,50,37,6,1
100,1,0.7,0.2,0.01,50,38,9,1
100,1,0.7,0.2,0.01,50,39,9,1
100,1,0.7,0.2,0.01,50,40,9,1
100,1,0.7,0.2,0.01,50,41,6,1
100,1,0.7,0.2,0.01,50,42,9,1
100,1,0.7,0.2,0.01,50,43,6,1
100,1,0.7,0.2,0.01,50,44,9,1
100,1,0.7,0.2,0.01,50,45,9,1
100,1,0.7,0.2,0.01,50,46,6,1
100,1,0.7,0.2,0.01,50,47,9,1
100,1,0.7,0.2,0.01,50,48,9,1
100,1,0.7,0.2,0.01,50,49,6,1
100,1,0.7,0.2,0.01,50,50,9,1
10,1.5,0.7,0.2,0.01,50,1,36,1
10,1.5,0.7,0.2,0.01,50,2,36,1
10,1.5,0.7,0.2,0.01,50,3,36,1
10,1.5,0.7,0.2,0.01,50,4,23,1
10,1.5,0.7,0.2,0.01,50,5,36,1
10,1.5,0.7,0.2,0.01,50,6,36,1
10,1.5,0.7,0.2,0.01,50,7,36,1
10,1.5,0.7,0.2,0.01,50,8,36,1
10,1.5,0.7,0.2,0.01,50,9,36,1
10,1.5,0.7,0.2,0.01,50,10,57,1
10,1.5,0.7,0.2,0.01,50,11,36,1
10,1.5,0.7,0.2,0.01,50,12,23,1
10,1.5,0.7,0.2,0.01,50,13,57,1
10,1.5,0.7,0.2,0.01,50,14,36,1
10,1.5,0.7,0.2,0.01,50,15,57,1
10,1.5,0.7,0.2,0.01,50,16,36,1
10,1.5,0.7,0.2,0.01,50,17,36,1
10,1.5,0.7,0.2,0.01,50,18,57,1
10,1.5,0.7,0.2,0.01,50,19,36,1
10,1.5,0.7,0.2,0.01,50,20,36,1
10,1.5,0.7,0.2,0.01,50,21,23,1
10,1.5,0.7,0.2,0.01,50,22,36,1
10,1.5,0.7,0.2,0.01,50,23,36,1
10,1.5,0.7,0.2,0.01,50,24,36,1
10,1.5,0.7,0.2,0.01,50,25,36,1
10,1.5,0.7,0.2,0.01,50,26,36,1
10,1.5,0.7,0.2,0.01,50,27,57,1
10,1.5,0.7,0.2,0.01,50,28,57,1
10,1.5,0.7,0.2,0.01,50,29,36,1
10,1.5,0.7,0.2,0.01,50,30,57,1
10,1.5,0.7,0.2,0.01,50,31,36,1
10,1.5,0.7,0.2,0.01,50,32,57,1
10,1.5,0.7,0.2,0.01,50,33,36,1
10,1.5,0.7,0.2,0.01,50,34,36,1
10,1.5,0.7,0.2,0.01,50,35,23,1
10,1.5,0.7,0.2,0.01,50,36,57,1
10,1.5,0.7,0.2,0.01,50,37,57,1
10,1.5,0.7,0.2,0.01,50,38,36,1
10,1.5,0.7,0.2,0.01,50,39,36,1
10,1.5,0.7,0.2,0.01,50,40,36,1
10,1.5,0.7,0.2,0.01,50,41,36,1
10,1.5,0.7,0.2,0.01,50,42,23,1
10,1.5,0.7,0.2,0.01,50,43,23,1
10,1.5,0.7,0.2,0.01,50,44,57,1
10,1.5,0.7,0.2,0.01,50,45,36,1
10,1.5,0.7,0.2,0.01,50,46,57,1
10,1.5,0.7,0.2,0.01,50,47,23,1
10,1.5,0.7,0.2,0.01,50,48,36,1
10,1.5,0.7,0.2,0.01,50,49,36,1
10,1.5,0.7,0.2,0.01,50,50,36,1
30,1.5,0.7,0.2,0.01,50,1,15,1
30,1.5,0.7,0.2,0.01,50,2,15,1
30,1.5,0.7,0.2,0.01,50,3,15,1
30,1.5,0.7,0.2,0.01,50,4,9,1
30,1.5,0.7,0.2,0.01,50,5,23,1
30,1.5,0.7,0.2,0.01,50,6,15,1
30,1.5,0.7,0.2,0.01,50,7,15,1
30,1.5,0.7,0.2,0.01,50,8,23,1
30,1.5,0.7,0.2,0.01,50,9,15,1
30,1.5,0.7,0.2,0.01,50,10,15,1
30,1.5,0.7,0.2,0.01,50,11,15,1
30,1.5,0.7,0.2,0.01,50,12,9,1
30,1.5,0.7,0.2,0.01,50,13,15,1
30,1.5,0.7,0.2,0.01,50,14,9,1
30,1.5,0.7,0.2,0.01,50,15,23,1
30,1.5,0.7,0.2,0.01,50,16,15,1
30,1.5,0.7,0.2,0.01,50,17,15,1
30,1.5,0.7,0.2,0.01,50,18,15,1
30,1.5,0.7,0.2,0.01,50,19,23,1
30,1.5,0.7,0.2,0.01,50,20,15,1
30,1.5,0.7,0.2,0.01,50,21,9,1
30,1.5,0.7,0.2,0.01,50,22,15,1
30,1.5,0.7,0.2,0.01,50,23,23,1
30,1.5,0.7,0.2,0.01,50,24,15,1
30,1.5,0.7,0.2,0.01,50,25,15,1
30,1.5,0.7,0.2,0.01,50,26,15,1
30,1.5,0.7,0.2,0.01,50,27,15,1
30,1.5,0.7,0.2,0.01,50,28,15,1
30,1.5,0.7,0.2,0.01,50,29,15,1
30,1.5,0.7,0.2,0.01,50,30,15,1
30,1.5,0.7,0.2,0.01,50,31,15,1
30,1.5,0.7,0.2,0.01,50,32,23,1
30,1.5,0.7,0.2,0.01,50,33,15,1
30,1.5,0.7,0.2,0.01,50,34,15,1
30,1.5,0.7,0.2,0.01,50,35,15,1
30,1.5,0.7,0.2,0.01,50,36,15,1
30,1.5,0.7,0.2,0.01,50,37,15,1
30,1.5,0.7,0.2,0.01,50,38,15,1
30,1.5,0.7,0.2,0.01,50,39,15,1
30,1.5,0.7,0.2,0.01,50,40,15,1
30,1.5,0.7,0.2,0.01,50,41,9,1
30,1.5,0.7,0.2,0.01,50,42,15,1
30,1.5,0.7,0.2,0.01,50,43,15,1
30,1.5,0.7,0.2,0.01,50,44,15,1
30,1.5,0.7,0.2,0.01,50,45,15,1
30,1.5,0.7,0.2,0.01,50,46,15,1
30,1.5,0.7,0.2,0.01,50,47,15,1
30,1.5,0.7,0.2,0.01,50,48,15,1
30,1.5,0.7,0.2,0.01,50,49,15,1
30,1.5,0.7,0.2,0.01,50,50,15,1
60,1.5,0.7,0.2,0.01,50,1,15,1
60,1.5,0.7,0.2,0.01,50,2,15,1
60,1.5,0.7,0.2,0.01,50,3,9,1
60,1.5,0.7,0.2,0.01,50,4,9,1
60,1.5,0.7,0.2,0.01,50,5,15,1
60,1.5,0.7,0.2,0.01,50,6,15,1
60,1.5,0.7,0.2,0.01,50,7,9,1
60,1.5,0.7,0.2,0.01,50,8,9,1
60,1.5,0.7,0.2,0.01,50,9,15,1
60,1.5,0.7,0.2,0.01,50,10,15,1
60,1.5,0.7,0.2,0.01,50,11,15,1
60,1.5,0.7,0.2,0.01,50,12,9,1
60,1.5,0.7,0.2,0.01,50,13,15,1
60,1.5,0.7,0.2,0.01,50,14,9,1
60,1.5,0.7,0.2,0.01,50,15,15,1
60,1.5,0.7,0.2,0.01,50,16,15,1
60,1.5,0.7,0.2,0.01,50,17,15,1
60,1.5,0.7,0.2,0.01,50,18,15,1
60,1.5,0.7,0.2,0.01,50,19,15,1
60,1.5,0.7,0.2,0.01,50,20,15,1
60,1.5,0.7,0.2,0.01,50,21,9,1
60,1.5,0.7,0.2,0.01,50,22,15,1
60,1.5,0.7,0.2,0.01,50,23,15,1
60,1.5,0.7,0.2,0.01,50,24,15,1
60,1.5,0.7,0.2,0.01,50,25,15,1
60,1.5,0.7,0.2,0.01,50,26,15,1
60,1.5,0.7,0.2,0.01,50,27,15,1
60,1.5,0.7,0.2,0.01,50,28,9,1
60,1.5,0.7,0.2,0.01,50,29,15,1
60,1.5,0.7,0.2,0.01,50,30,15,1
60,1.5,0.7,0.2,0.01,50,31,15,1
60,1.5,0.7,0.2,0.01,50,32,15,1
60,1.5,0.7,0.2,0.01,50,33,15,1
60,1.5,0.7,0.2,0.01,50,34,15,1
60,1.5,0.7,0.2,0.01,50,35,15,1
60,1.5,0.7,0.2,0.01,50,36,15,1
60,1.5,0.7,0.2,0.01,50,37,15,1
60,1.5,0.7,0.2,0.01,50,38,15,1
60,1.5,0.7,0.2,0.01,50,39,9,1
60,1.5,0.7,0.2,0.01,50,40,9,1
60,1.5,0.7,0.2,0.01,50,41,9,1
60,1.5,0.7,0.2,0.01,50,42,15,1
60,1.5,0.7,0.2,0.01,50,43,9,1
60,1.5,0.7,0.2,0.01,50,44,9,1
60,1.5,0.7,0.2,0.01,50,45,15,1
60,1.5,0.7,0.2,0.01,50,46,9,1
60,1.5,0.7,0.2,0.01,50,47,15,1
60,1.5,0.7,0.2,0.01,50,48,15,1
60,1.5,0.7,0.2,0.01,50,49,9,1
60,1.5,0.7,0.2,0.01,50,50,15,1
100,1.5,0.7,0.2,0.01,50,1,9,1
100,1.5,0.7,0.2,0.01,50,2,9,1
100,1.5,0.7,0.2,0.01,50,3,9,1
100,1.5,0.7,0.2,0.01,50,4,9,1
100,1.5,0.7,0.2,0.01,50,5,15,1
100,1.5,0.7,0.2,0.01,50,6,6,1
100,1.5,0.7,0.2,0.01,50,7,15,1
100,1.5,0.7,0.2,0.01,50,8,9,1
100,1.5,0.7,0.2,0.01,50,9,15,1
100,1.5,0.7,0.2,0.01,50,10,15,1
100,1.5,0.7,0.2,0.01,50,11,15,1
100,1.5,0.7,0.2,0.01,50,12,9,1
100,1.5,0.7,0.2,0.01,50,13,9,1
100,1.5,0.7,0.2,0.01,50,14,9,1
100,1.5,0.7,0.2,0.01,50,15,15,1
100,1.5,0.7,0.2,0.01,50,16,15,1
100,1.5,0.7,0.2,0.01,50,17,6,1
100,1.5,0.7,0.2,0.01,50,18,15,1
100,1.5,0.7,0.2,0.01,50,19,15,1
100,1.5,0.7,0.2,0.01,50,20,9,1
100,1.5,0.7,0.2,0.01,50,21,15,1
100,1.5,0.7,0.2,0.01,50,22,15,1
100,1.5,0.7,0.2,0.01,50,23,9,1
100,1.5,0.7,0.2,0.01,50,24,9,1
100,1.5,0.7,0.2,0.01,50,25,15,1
100,1.5,0.7,0.2,0.01,50,26,15,1
100,1.5,0.7,0.2,0.01,50,27,9,1
100,1.5,0.7,0.2,0.01,50,28,15,1
100,1.5,0.7,0.2,0.01,50,29,15,1
100,1.5,0.7,0.2,0.01,50,30,15,1
100,1.5,0.7,0.2,0.01,50,31,15,1
100,1.5,0.7,0.2,0.01,50,32,15,1
100,1.5,0.7,0.2,0.01,50,33,9,1
100,1.5,0.7,0.2,0.01,50,34,6,1
100,1.5,0.7,0.2,0.01,50,35,9,1
100,1.5,0.7,0.2,0.01,50,36,15,1
100,1.5,0.7,0.2,0.01,50,37,15,1
100,1.5,0.7,0.2,0.01,50,38,15,1
100,1.5,0.7,0.2,0.01,50,39,15,1
100,1.5,0.7,0.2,0.01,50,40,6,1
100,1.5,0.7,0.2,0.01,50,41,9,1
100,1.5,0.7,0.2,0.01,50,42,15,1
100,1.5,0.7,0.2,0.01,50,43,9,1
100,1.5,0.7,0.2,0.01,50,44,9,1
100,1.5,0.7,0.2,0.01,50,45,15,1
100,1.5,0.7,0.2,0.01,50,46,9,1
100,1.5,0.7,0.2,0.01,50,47,9,1
100,1.5,0.7,0.2,0.01,50,48,9,1
100,1.5,0.7,0.2,0.01,50,49,15,1
100,1.5,0.7,0.2,0.01,50,50,15,1
10,0.5,0.5,0.3,0.01,50,1,57,1
10,0.5,0.5,0.3,0.01,50,2,36,1
10,0.5,0.5,0.3,0.01,50,3,88,1
10,0.5,0.5,0.3,0.01,50,4,88,1
10,0.5,0.5,0.3,0.01,50,5,57,1
10,0.5,0.5,0.3,0.01,50,6,57,1
10,0.5,0.5,0.3,0.01,50,7,57,1
10,0.5,0.5,0.3,0.01,50,8,88,1
10,0.5,0.5,0.3,0.01,50,9,88,1
10,0.5,0.5,0.3,0.01,50,10,57,1
10,0.5,0.5,0.3,0.01,50,11,88,1
10,0.5,0.5,0.3,0.01,50,12,57,1
10,0.5,0.5,0.3,0.01,50,13,57,1
10,0.5,0.5,0.3,0.01,50,14,57,1
10,0.5,0.5,0.3,0.01,50,15,57,1
10,0.5,0.5,0.3,0.01,50,16,88,1
10,0.5,0.5,0.3,0.01,50,17,57,1
10,0.5,0.5,0.3,0.01,50,18,57,1
10,0.5,0.5,0.3,0.01,50,19,36,1
10,0.5,0.5,0.3,0.01,50,20,57,1
10,0.5,0.5,0.3,0.01,50,21,57,1
10,0.5,0.5,0.3,0.01,50,22,36,1
10,0.5,0.5,0.3,0.01,50,23,57,1
10,0.5,0.5,0.3,0.01,50,24,36,1
10,0.5,0.5,0.3,0.01,50,25,57,1
10,0.5,0.5,0.3,0.01,50,26,36,1
10,0.5,0.5,0.3,0.01,50,27,57,1
10,0.5,0.5,0.3,0.01,50,28,57,1
10,0.5,0.5,0.3,0.01,50,29,57,1
10,0.5,0.5,0.3,0.01,50,30,88,1
10,0.5,0.5,0.3,0.01,50,31,57,1
10,0.5,0.5,0.3,0.01,50,32,57,1
10,0.5,0.5,0.3,0.01,50,33,36,1
10,0.5,0.5,0.3,0.01,50,34,36,1
10,0.5,0.5,0.3,0.01,50,35,57,1
10,0.5,0.5,0.3,0.01,50,36,57,1
10,0.5,0.5,0.3,0.01,50,37,57,1
10,0.5,0.5,0.3,0.01,50,38,57,1
10,0.5,0.5,0.3,0.01,50,39,57,1
10,0.5,0.5,0.3,0.01,50,40,36,1
10,0.5,0.5,0.3,0.01,50,41,36,1
10,0.5,0.5,0.3,0.01,50,42,57,1
10,0.5,0.5,0.3,0.01,50,43,57,1
10,0.5,0.5,0.3,0.01,50,44,57,1
10,0.5,0.5,0.3,0.01,50,45,57,1
10,0.5,0.5,0.3,0.01,50,46,57,1
10,0.5,0.5,0.3,0.01,50,47,88,1
10,0.5,0.5,0.3,0.01,50,48,36,1
10,0.5,0.5,0.3,0.01,50,49,88,1
10,0.5,0.5,0.3,0.01,50,50,57,1
30,0.5,0.5,0.3,0.01,50,1,36,1
30,0.5,0.5,0.3,0.01,50,2,23,1
30,0.5,0.5,0.3,0.01,50,3,36,1
30,0.5,0.5,0.3,0.01,50,4,15,1
30,0.5,0.5,0.3,0.01,50,5,23,1
30,0.5,0.5,0.3,0.01,50,6,23,1
30,0.5,0.5,0.3,0.01,50,7,23,1
30,0.5,0.5,0.3,0.01,50,8,23,1
30,0.5,0.5,0.3,0.01,50,9,23,1
30,0.5,0.5,0.3,0.01,50,10,23,1
30,0.5,0.5,0.3,0.01,50,11,23,1
30,0.5,0.5,0.3,0.01,50,12,23,1
30,0.5,0.5,0.3,0.01,50,13,36,1
30,0.5,0.5,0.3,0.01,50,14,15,1
30,0.5,0.5,0.3,0.01,50,15,23,1
30,0.5,0.5,0.3,0.01,50,16,23,1
30,0.5,0.5,0.3,0.01,50,17,23,1
30,0.5,0.5,0.3,0.01,50,18,23,1
30,0.5,0.5,0.3,0.01,50,19,23,1
30,0.5,0.5,0.3,0.01,50,20,23,1
30,0.5,0.5,0.3,0.01,50,21,23,1
30,0.5,0.5,0.3,0.01,50,22,23,1
30,0.5,0.5,0.3,0.01,50,23,23,1
30,0.5,0.5,0.3,0.01,50,24,23,1
30,0.5,0.5,0.3,0.01,50,25,36,1
30,0.5,0.5,0.3,0.01,50,26,23,1
30,0.5,0.5,0.3,0.01,50,27,23,1
30,0.5,0.5,0.3,0.01,50,28,23,1
30,0.5,0.5,0.3,0.01,50,29,36,1
30,0.5,0.5,0.3,0.01,50,30,36,1
30,0.5,0.5,0.3,0.01,50,31,15,1
30,0.5,0.5,0.3,0.01,50,32,36,1
30,0.5,0.5,0.3,0.01,50,33,23,1
30,0.5,0.5,0.3,0.01,50,34,23,1
30,0.5,0.5,0.3,0.01,50,35,23,1
30,0.5,0.5,0.3,0.01,50,36,23,1
30,0.5,0.5,0.3,0.01,50,37,36,1
30,0.5,0.5,0.3,0.01,50,38,15,1
30,0.5,0.5,0.3,0.01,50,39,23,1
30,0.5,0.5,0.3,0.01,50,40,15,1
30,0.5,0.5,0.3,0.01,50,41,15,1
30,0.5,0.5,0.3,0.01,50,42,36,1
30,0.5,0.5,0.3,0.01,50,43,15,1
30,0.5,0.5,0.3,0.01,50,44,23,1
30,0.5,0.5,0.3,0.01,50,45,23,1
30,0.5,0.5,0.3,0.01,50,46,36,1
30,0.5,0.5,0.3,0.01,50,47,23,1
30,0.5,0.5,0.3,0.01,50,48,23,1
30,0.5,0.5,0.3,0.01,50,49,23,1
30,0.5,0.5,0.3,0.01,50,50,23,1
60,0.5,0.5,0.3,0.01,50,1,15,1
60,0.5,0.5,0.3,0.01,50,2,15,1
60,0.5,0.5,0.3,0.01,50,3,23,1
60,0.5,0.5,0.3,0.01,50,4,15,1
60,0.5,0.5,0.3,0.01,50,5,15,1
60,0.5,0.5,0.3,0.01,50,6,23,1
60,0.5,0.5,0.3,0.01,50,7,23,1
60,0.5,0.5,0.3,0.01,50,8,15,1
60,0.5,0.5,0.3,0.01,50,9,23,1
60,0.5,0.5,0.3,0.01,50,10,15,1
60,0.5,0.5,0.3,0.01,50,11,9,1
60,0.5,0.5,0.3,0.01,50,12,15,1
60,0.5,0.5,0.3,0.01,50,13,15,1
60,0.5,0.5,0.3,0.01,50,14,15,1
60,0.5,0.5,0.3,0.01,50,15,15,1
60,0.5,0.5,0.3,0.01,50,16,15,1
60,0.5,0.5,0.3,0.01,50,17,9,1
60,0.5,0.5,0.3,0.01,50,18,15,1
60,0.5,0.5,0.3,0.01,50,19,15,1
60,0.5,0.5,0.3,0.01,50,20,15,1
60,0.5,0.5,0.3,0.01,50,21,23,1
60,0.5,0.5,0.3,0.01,50,22,15,1
60,0.5,0.5,0.3,0.01,50,23,23,1
60,0.5,0.5,0.3,0.01,50,24,15,1
60,0.5,0.5,0.3,0.01,50,25,23,1
60,0.5,0.5,0.3,0.01,50,26,15,1
60,0.5,0.5,0.3,0.01,50,27,15,1
60,0.5,0.5,0.3,0.01,50,28,15,1
60,0.5,0.5,0.3,0.01,50,29,23,1
60,0.5,0.5,0.3,0.01,50,30,23,1
60,0.5,0.5,0.3,0.01,50,31,15,1
60,0.5,0.5,0.3,0.01,50,32,15,1
60,0.5,0.5,0.3,0.01,50,33,23,1
60,0.5,0.5,0.3,0.01,50,34,15,1
60,0.5,0.5,0.3,0.01,50,35,23,1
60,0.5,0.5,0.3,0.01,50,36,15,1
60,0.5,0.5,0.3,0.01,50,37,15,1
60,0.5,0.5,0.3,0.01,50,38,15,1
60,0.5,0.5,0.3,0.01,50,39,15,1
60,0.5,0.5,0.3,0.01,50,40,15,1
60,0.5,0.5,0.3,0.01,50,41,15,1
60,0.5,0.5,0.3,0.01,50,42,15,1
60,0.5,0.5,0.3,0.01,50,43,15,1
60,0.5,0.5,0.3,0.01,50,44,15,1
60,0.5,0.5,0.3,0.01,50,45,15,1
60,0.5,0.5,0.3,0.01,50,46,15,1
60,0.5,0.5,0.3,0.01,50,47,23,1
60,0.5,0.5,0.3,0.01,50,48,15,1
60,0.5,0.5,0.3,0.01,50,49,15,1
60,0.5,0.5,0.3,0.01,50,50,23,1
100,0.5,0.5,0.3,0.01,50,1,15,1
100,0.5,0.5,0.3,0.01,50,2,15,1
100,0.5,0.5,0.3,0.01,50,3,23,1
100,0.5,0.5,0.3,0.01,50,4,15,1
100,0.5,0.5,0.3,0.01,50,5,15,1
100,0.5,0.5,0.3,0.01,50,6,15,1
100,0.5,0.5,0.3,0.01,50,7,15,1
100,0.5,0.5,0.3,0.01,50,8,9,1
100,0.5,0.5,0.3,0.01,50,9,23,1
100,0.5,0.5,0.3,0.01,50,10,15,1
100,0.5,0.5,0.3,0.01,50,11,9,1
100,0.5,0.5,0.3,0.01,50,12,15,1
100,0.5,0.5,0.3,0.01,50,13,15,1
100,0.5,0.5,0.3,0.01,50,14,9,1
100,0.5,0.5,0.3,0.01,50,15,15,1
100,0.5,0.5,0.3,0.01,50,16,15,1
100,0.5,0.5,0.3,0.01,50,17,15,1
100,0.5,0.5,0.3,0.01,50,18,15,1
100,0.5,0.5,0.3,0.01,50,19,15,1
100,0.5,0.5,0.3,0.01,50,20,15,1
100,0.5,0.5,0.3,0.01,50,21,15,1
100,0.5,0.5,0.3,0.01,50,22,15,1
100,0.5,0.5,0.3,0.01,50,23,15,1
100,0.5,0.5,0.3,0.01,50,24,15,1
100,0.5,0.5,0.3,0.01,50,25,15,1
100,0.5,0.5,0.3,0.01,50,26,15,1
100,0.5,0.5,0.3,0.01,50,27,15,1
100,0.5,0.5,0.3,0.01,50,28,15,1
100,0.5,0.5,0.3,0.01,50,29,23,1
100,0.5,0.5,0.3,0.01,50,30,23,1
100,0.5,0.5,0.3,0.01,50,31,15,1
100,0.5,0.5,0.3,0.01,50,32,15,1
100,0.5,0.5,0.3,0.01,50,33,23,1
100,0.5,0.5,0.3,0.01,50,34,15,1
100,0.5,0.5,0.3,0.01,50,35,15,1
100,0.5,0.5,0.3,0.01,50,36,15,1
100,0.5,0.5,0.3,0.01,50,37,15,1
100,0.5,0.5,0.3,0.01,50,38,15,1
100,0.5,0.5,0.3,0.01,50,39,15,1
100,0.5,0.5,0.3,0.01,50,40,15,1
100,0.5,0.5,0.3,0.01,50,41,15,1
100,0.5,0.5,0.3,0.01,50,42,15,1
100,0.5,0.5,0.3,0.01,50,43,15,1
100,0.5,0.5,0.3,0.01,50,44,9,1
100,0.5,0.5,0.3,0.01,50,45,15,1
100,0.5,0.5,0.3,0.01,50,46,15,1
100,0.5,0.5,0.3,0.01,50,47,9,1
100,0.5,0.5,0.3,0.01,50,48,15,1
100,0.5,0.5,0.3,0.01,50,49,23,1
100,0.5,0.5,0.3,0.01,50,50,9,1
10,1,0.5,0.3,0.01,50,1,88,1
10,1,0.5,0.3,0.01,50,2,57,1
10,1,0.5,0.3,0.01,50,3,139,1
10,1,0.5,0.3,0.01,50,4,88,1
10,1,0.5,0.3,0.01,50,5,88,1
10,1,0.5,0.3,0.01,50,6,57,1
10,1,0.5,0.3,0.01,50,7,88,1
10,1,0.5,0.3,0.01,50,8,88,1
10,1,0.5,0.3,0.01,50,9,88,1
10,1,0.5,0.3,0.01,50,10,88,1
10,1,0.5,0.3,0.01,50,11,139,1
10,1,0.5,0.3,0.01,50,12,57,1
10,1,0.5,0.3,0.01,50,13,57,1
10,1,0.5,0.3,0.01,50,14,36,1
10,1,0.5,0.3,0.01,50,15,57,1
10,1,0.5,0.3,0.01,50,16,88,1
10,1,0.5,0.3,0.01,50,17,88,1
10,1,0.5,0.3,0.01,50,18,57,1
10,1,0.5,0.3,0.01,50,19,88,1
10,1,0.5,0.3,0.01,50,20,88,1
10,1,0.5,0.3,0.01,50,21,88,1
10,1,0.5,0.3,0.01,50,22,57,1
10,1,0.5,0.3,0.01,50,23,88,1
10,1,0.5,0.3,0.01,50,24,57,1
10,1,0.5,0.3,0.01,50,25,88,1
10,1,0.5,0.3,0.01,50,26,57,1
10,1,0.5,0.3,0.01,50,27,57,1
10,1,0.5,0.3,0.01,50,28,57,1
10,1,0.5,0.3,0.01,50,29,88,1
10,1,0.5,0.3,0.01,50,30,139,1
10,1,0.5,0.3,0.01,50,31,88,1
10,1,0.5,0.3,0.01,50,32,88,1
10,1,0.5,0.3,0.01,50,33,88,1
10,1,0.5,0.3,0.01,50,34,88,1
10,1,0.5,0.3,0.01,50,35,57,1
10,1,0.5,0.3,0.01,50,36,57,1
10,1,0.5,0.3,0.01,50,37,88,1
10,1,0.5,0.3,0.01,50,38,36,1
10,1,0.5,0.3,0.01,50,39,57,1
10,1,0.5,0.3,0.01,50,40,57,1
10,1,0.5,0.3,0.01,50,41,57,1
10,1,0.5,0.3,0.01,50,42,57,1
10,1,0.5,0.3,0.01,50,43,57,1
10,1,0.5,0.3,0.01,50,44,88,1
10,1,0.5,0.3,0.01,50,45,139,1
10,1,0.5,0.3,0.01,50,46,88,1
10,1,0.5,0.3,0.01,50,47,139,1
10,1,0.5,0.3,0.01,50,48,57,1
10,1,0.5,0.3,0.01,50,49,139,1
10,1,0.5,0.3,0.01,50,50,57,1
30,1,0.5,0.3,0.01,50,1,36,1
30,1,0.5,0.3,0.01,50,2,36,1
30,1,0.5,0.3,0.01,50,3,36,1
30,1,0.5,0.3,0.01,50,4,23,1
30,1,0.5,0.3,0.01,50,5,23,1
30,1,0.5,0.3,0.01,50,6,23,1
30,1,0.5,0.3,0.01,50,7,36,1
30,1,0.5,0.3,0.01,50,8,23,1
30,1,0.5,0.3,0.01,50,9,23,1
30,1,0.5,0.3,0.01,50,10,36,1
30,1,0.5,0.3,0.01,50,11,23,1
30,1,0.5,0.3,0.01,50,12,36,1
30,1,0.5,0.3,0.01,50,13,36,1
30,1,0.5,0.3,0.01,50,14,15,1
30,1,0.5,0.3,0.01,50,15,23,1
30,1,0.5,0.3,0.01,50,16,23,1
30,1,0.5,0.3,0.01,50,17,15,1
30,1,0.5,0.3,0.01,50,18,23,1
30,1,0.5,0.3,0.01,50,19,23,1
30,1,0.5,0.3,0.01,50,20,36,1
30,1,0.5,0.3,0.01,50,21,36,1
30,1,0.5,0.3,0.01,50,22,23,1
30,1,0.5,0.3,0.01,50,23,23,1
30,1,0.5,0.3,0.01,50,24,23,1
30,1,0.5,0.3,0.01,50,25,23,1
30,1,0.5,0.3,0.01,50,26,23,1
30,1,0.5,0.3,0.01,50,27,36,1
30,1,0.5,0.3,0.01,50,28,36,1
30,1,0.5,0.3,0.01,50,29,36,1
30,1,0.5,0.3,0.01,50,30,36,1
30,1,0.5,0.3,0.01,50,31,23,1
30,1,0.5,0.3,0.01,50,32,36,1
30,1,0.5,0.3,0.01,50,33,36,1
30,1,0.5,0.3,0.01,50,34,23,1
30,1,0.5,0.3,0.01,50,35,23,1
30,1,0.5,0.3,0.01,50,36,15,1
30,1,0.5,0.3,0.01,50,37,36,1
30,1,0.5,0.3,0.01,50,38,23,1
30,1,0.5,0.3,0.01,50,39,23,1
30,1,0.5,0.3,0.01,50,40,15,1
30,1,0.5,0.3,0.01,50,41,15,1
30,1,0.5,0.3,0.01,50,42,36,1
30,1,0.5,0.3,0.01,50,43,36,1
30,1,0.5,0.3,0.01,50,44,15,1
30,1,0.5,0.3,0.01,50,45,23,1
30,1,0.5,0.3,0.01,50,46,23,1
30,1,0.5,0.3,0.01,50,47,36,1
30,1,0.5,0.3,0.01,50,48,23,1
30,1,0.5,0.3,0.01,50,49,23,1
30,1,0.5,0.3,0.01,50,50,23,1
60,1,0.5,0.3,0.01,50,1,23,1
60,1,0.5,0.3,0.01,50,2,23,1
60,1,0.5,0.3,0.01,50,3,23,1
60,1,0.5,0.3,0.01,50,4,23,1
60,1,0.5,0.3,0.01,50,5,15,1
60,1,0.5,0.3,0.01,50,6,15,1
60,1,0.5,0.3,0.01,50,7,15,1
60,1,0.5,0.3,0.01,50,8,23,1
60,1,0.5,0.3,0.01,50,9,23,1
60,1,0.5,0.3,0.01,50,10,23,1
60,1,0.5,0.3,0.01,50,11,23,1
60,1,0.5,0.3,0.01,50,12,15,1
60,1,0.5,0.3,0.01,50,13,23,1
60,1,0.5,0.3,0.01,50,14,15,1
60,1,0.5,0.3,0.01,50,15,23,1
60,1,0.5,0.3,0.01,50,16,15,1
60,1,0.5,0.3,0.01,50,17,15,1
60,1,0.5,0.3,0.01,50,18,23,1
60,1,0.5,0.3,0.01,50,19,15,1
60,1,0.5,0.3,0.01,50,20,23,1
60,1,0.5,0.3,0.01,50,21,15,1
60,1,0.5,0.3,0.01,50,22,15,1
60,1,0.5,0.3,0.01,50,23,15,1
60,1,0.5,0.3,0.01,50,24,15,1
60,1,0.5,0.3,0.01,50,25,23,1
60,1,0.5,0.3,0.01,50,26,23,1
60,1,0.5,0.3,0.01,50,27,23,1
60,1,0.5,0.3,0.01,50,28,15,1
60,1,0.5,0.3,0.01,50,29,23,1
60,1,0.5,0.3,0.01,50,30,36,1
60,1,0.5,0.3,0.01,50,31,23,1
60,1,0.5,0.3,0.01,50,32,23,1
60,1,0.5,0.3,0.01,50,33,36,1
60,1,0.5,0.3,0.01,50,34,23,1
60,1,0.5,0.3,0.01,50,35,23,1
60,1,0.5,0.3,0.01,50,36,15,1
60,1,0.5,0.3,0.01,50,37,36,1
60,1,0.5,0.3,0.01,50,38,15,1
60,1,0.5,0.3,0.01,50,39,23,1
60,1,0.5,0.3,0.01,50,40,23,1
60,1,0.5,0.3,0.01,50,41,15,1
60,1,0.5,0.3,0.01,50,42,23,1
60,1,0.5,0.3,0.01,50,43,23,1
60,1,0.5,0.3,0.01,50,44,15,1
60,1,0.5,0.3,0.01,50,45,23,1
60,1,0.5,0.3,0.01,50,46,15,1
60,1,0.5,0.3,0.01,50,47,23,1
60,1,0.5,0.3,0.01,50,48,15,1
60,1,0.5,0.3,0.01,50,49,23,1
60,1,0.5,0.3,0.01,50,50,15,1
100,1,0.5,0.3,0.01,50,1,23,1
100,1,0.5,0.3,0.01,50,2,15,1
100,1,0.5,0.3,0.01,50,3,23,1
100,1,0.5,0.3,0.01,50,4,15,1
100,1,0.5,0.3,0.01,50,5,15,1
100,1,0.5,0.3,0.01,50,6,15,1
100,1,0.5,0.3,0.01,50,7,15,1
100,1,0.5,0.3,0.01,50,8,15,1
100,1,0.5,0.3,0.01,50,9,15,1
100,1,0.5,0.3,0.01,50,10,23,1
100,1,0.5,0.3,0.01,50,11,6,1
100,1,0.5,0.3,0.01,50,12,15,1
100,1,0.5,0.3,0.01,50,13,23,1
100,1,0.5,0.3,0.01,50,14,15,1
100,1,0.5,0.3,0.01,50,15,15,1
100,1,0.5,0.3,0.01,50,16,23,1
100,1,0.5,0.3,0.01,50,17,23,1
100,1,0.5,0.3,0.01,50,18,15,1
100,1,0.5,0.3,0.01,50,19,15,1
100,1,0.5,0.3,0.01,50,20,15,1
100,1,0.5,0.3,0.01,50,21,15,1
100,1,0.5,0.3,0.01,50,22,15,1
100,1,0.5,0.3,0.01,50,23,15,1
100,1,0.5,0.3,0.01,50,24,15,1
100,1,0.5,0.3,0.01,50,25,23,1
100,1,0.5,0.3,0.01,50,26,15,1
100,1,0.5,0.3,0.01,50,27,23,1
100,1,0.5,0.3,0.01,50,28,15,1
100,1,0.5,0.3,0.01,50,29,23,1
100,1,0.5,0.3,0.01,50,30,23,1
100,1,0.5,0.3,0.01,50,31,23,1
100,1,0.5,0.3,0.01,50,32,23,1
100,1,0.5,0.3,0.01,50,33,23,1
100,1,0.5,0.3,0.01,50,34,23,1
100,1,0.5,0.3,0.01,50,35,15,1
100,1,0.5,0.3,0.01,50,36,15,1
100,1,0.5,0.3,0.01,50,37,23,1
100,1,0.5,0.3,0.01,50,38,15,1
100,1,0.5,0.3,0.01,50,39,6,1
100,1,0.5,0.3,0.01,50,40,15,1
100,1,0.5,0.3,0.01,50,41,15,1
100,1,0.5,0.3,0.01,50,42,23,1
100,1,0.5,0.3,0.01,50,43,23,1
100,1,0.5,0.3,0.01,50,44,15,1
100,1,0.5,0.3,0.01,50,45,15,1
100,1,0.5,0.3,0.01,50,46,4,1
100,1,0.5,0.3,0.01,50,47,15,1
100,1,0.5,0.3,0.01,50,48,15,1
100,1,0.5,0.3,0.01,50,49,23,1
100,1,0.5,0.3,0.01,50,50,15,1
10,1.5,0.5,0.3,0.01,50,1,139,1
10,1.5,0.5,0.3,0.01,50,2,88,1
10,1.5,0.5,0.3,0.01,50,3,532,1
10,1.5,0.5,0.3,0.01,50,4,340,1
10,1.5,0.5,0.3,0.01,50,5,NA,1
10,1.5,0.5,0.3,0.01,50,6,139,1
10,1.5,0.5,0.3,0.01,50,7,88,1
10,1.5,0.5,0.3,0.01,50,8,340,1
10,1.5,0.5,0.3,0.01,50,9,139,1
10,1.5,0.5,0.3,0.01,50,10,340,1
10,1.5,0.5,0.3,0.01,50,11,217,1
10,1.5,0.5,0.3,0.01,50,12,139,1
10,1.5,0.5,0.3,0.01,50,13,NA,1
10,1.5,0.5,0.3,0.01,50,14,88,1
10,1.5,0.5,0.3,0.01,50,15,57,1
10,1.5,0.5,0.3,0.01,50,16,217,1
10,1.5,0.5,0.3,0.01,50,17,217,1
10,1.5,0.5,0.3,0.01,50,18,88,1
10,1.5,0.5,0.3,0.01,50,19,217,1
10,1.5,0.5,0.3,0.01,50,20,NA,1
10,1.5,0.5,0.3,0.01,50,21,532,1
10,1.5,0.5,0.3,0.01,50,22,139,1
10,1.5,0.5,0.3,0.01,50,23,139,1
10,1.5,0.5,0.3,0.01,50,24,217,1
10,1.5,0.5,0.3,0.01,50,25,139,1
10,1.5,0.5,0.3,0.01,50,26,217,1
10,1.5,0.5,0.3,0.01,50,27,88,1
10,1.5,0.5,0.3,0.01,50,28,NA,1
10,1.5,0.5,0.3,0.01,50,29,139,1
10,1.5,0.5,0.3,0.01,50,30,NA,1
10,1.5,0.5,0.3,0.01,50,31,139,1
10,1.5,0.5,0.3,0.01,50,32,139,1
10,1.5,0.5,0.3,0.01,50,33,217,1
10,1.5,0.5,0.3,0.01,50,34,139,1
10,1.5,0.5,0.3,0.01,50,35,NA,1
10,1.5,0.5,0.3,0.01,50,36,139,1
10,1.5,0.5,0.3,0.01,50,37,217,1
10,1.5,0.5,0.3,0.01,50,38,217,1
10,1.5,0.5,0.3,0.01,50,39,340,1
10,1.5,0.5,0.3,0.01,50,40,88,1
10,1.5,0.5,0.3,0.01,50,41,57,1
10,1.5,0.5,0.3,0.01,50,42,NA,1
10,1.5,0.5,0.3,0.01,50,43,139,1
10,1.5,0.5,0.3,0.01,50,44,217,1
10,1.5,0.5,0.3,0.01,50,45,88,1
10,1.5,0.5,0.3,0.01,50,46,139,1
10,1.5,0.5,0.3,0.01,50,47,532,1
10,1.5,0.5,0.3,0.01,50,48,88,1
10,1.5,0.5,0.3,0.01,50,49,217,1
10,1.5,0.5,0.3,0.01,50,50,NA,1
30,1.5,0.5,0.3,0.01,50,1,36,1
30,1.5,0.5,0.3,0.01,50,2,57,1
30,1.5,0.5,0.3,0.01,50,3,88,1
30,1.5,0.5,0.3,0.01,50,4,36,1
30,1.5,0.5,0.3,0.01,50,5,57,1
30,1.5,0.5,0.3,0.01,50,6,36,1
30,1.5,0.5,0.3,0.01,50,7,36,1
30,1.5,0.5,0.3,0.01,50,8,36,1
30,1.5,0.5,0.3,0.01,50,9,57,1
30,1.5,0.5,0.3,0.01,50,10,57,1
30,1.5,0.5,0.3,0.01,50,11,23,1
30,1.5,0.5,0.3,0.01,50,12,23,1
30,1.5,0.5,0.3,0.01,50,13,36,1
30,1.5,0.5,0.3,0.01,50,14,15,1
30,1.5,0.5,0.3,0.01,50,15,23,1
30,1.5,0.5,0.3,0.01,50,16,57,1
30,1.5,0.5,0.3,0.01,50,17,36,1
30,1.5,0.5,0.3,0.01,50,18,36,1
30,1.5,0.5,0.3,0.01,50,19,23,1
30,1.5,0.5,0.3,0.01,50,20,57,1
30,1.5,0.5,0.3,0.01,50,21,57,1
30,1.5,0.5,0.3,0.01,50,22,36,1
30,1.5,0.5,0.3,0.01,50,23,36,1
30,1.5,0.5,0.3,0.01,50,24,36,1
30,1.5,0.5,0.3,0.01,50,25,36,1
30,1.5,0.5,0.3,0.01,50,26,36,1
30,1.5,0.5,0.3,0.01,50,27,36,1
30,1.5,0.5,0.3,0.01,50,28,57,1
30,1.5,0.5,0.3,0.01,50,29,36,1
30,1.5,0.5,0.3,0.01,50,30,88,1
30,1.5,0.5,0.3,0.01,50,31,57,1
30,1.5,0.5,0.3,0.01,50,32,36,1
30,1.5,0.5,0.3,0.01,50,33,57,1
30,1.5,0.5,0.3,0.01,50,34,36,1
30,1.5,0.5,0.3,0.01,50,35,36,1
30,1.5,0.5,0.3,0.01,50,36,36,1
30,1.5,0.5,0.3,0.01,50,37,36,1
30,1.5,0.5,0.3,0.01,50,38,36,1
30,1.5,0.5,0.3,0.01,50,39,36,1
30,1.5,0.5,0.3,0.01,50,40,36,1
30,1.5,0.5,0.3,0.01,50,41,36,1
30,1.5,0.5,0.3,0.01,50,42,57,1
30,1.5,0.5,0.3,0.01,50,43,36,1
30,1.5,0.5,0.3,0.01,50,44,36,1
30,1.5,0.5,0.3,0.01,50,45,36,1
30,1.5,0.5,0.3,0.01,50,46,36,1
30,1.5,0.5,0.3,0.01,50,47,88,1
30,1.5,0.5,0.3,0.01,50,48,36,1
30,1.5,0.5,0.3,0.01,50,49,36,1
30,1.5,0.5,0.3,0.01,50,50,57,1
60,1.5,0.5,0.3,0.01,50,1,36,1
60,1.5,0.5,0.3,0.01,50,2,36,1
60,1.5,0.5,0.3,0.01,50,3,57,1
60,1.5,0.5,0.3,0.01,50,4,36,1
60,1.5,0.5,0.3,0.01,50,5,36,1
60,1.5,0.5,0.3,0.01,50,6,23,1
60,1.5,0.5,0.3,0.01,50,7,23,1
60,1.5,0.5,0.3,0.01,50,8,23,1
60,1.5,0.5,0.3,0.01,50,9,57,1
60,1.5,0.5,0.3,0.01,50,10,36,1
60,1.5,0.5,0.3,0.01,50,11,23,1
60,1.5,0.5,0.3,0.01,50,12,23,1
60,1.5,0.5,0.3,0.01,50,13,36,1
60,1.5,0.5,0.3,0.01,50,14,15,1
60,1.5,0.5,0.3,0.01,50,15,23,1
60,1.5,0.5,0.3,0.01,50,16,23,1
60,1.5,0.5,0.3,0.01,50,17,36,1
60,1.5,0.5,0.3,0.01,50,18,23,1
60,1.5,0.5,0.3,0.01,50,19,23,1
60,1.5,0.5,0.3,0.01,50,20,36,1
60,1.5,0.5,0.3,0.01,50,21,36,1
60,1.5,0.5,0.3,0.01,50,22,23,1
60,1.5,0.5,0.3,0.01,50,23,15,1
60,1.5,0.5,0.3,0.01,50,24,36,1
60,1.5,0.5,0.3,0.01,50,25,36,1
60,1.5,0.5,0.3,0.01,50,26,23,1
60,1.5,0.5,0.3,0.01,50,27,23,1
60,1.5,0.5,0.3,0.01,50,28,23,1
60,1.5,0.5,0.3,0.01,50,29,23,1
60,1.5,0.5,0.3,0.01,50,30,57,1
60,1.5,0.5,0.3,0.01,50,31,23,1
60,1.5,0.5,0.3,0.01,50,32,36,1
60,1.5,0.5,0.3,0.01,50,33,36,1
60,1.5,0.5,0.3,0.01,50,34,23,1
60,1.5,0.5,0.3,0.01,50,35,23,1
60,1.5,0.5,0.3,0.01,50,36,23,1
60,1.5,0.5,0.3,0.01,50,37,36,1
60,1.5,0.5,0.3,0.01,50,38,23,1
60,1.5,0.5,0.3,0.01,50,39,23,1
60,1.5,0.5,0.3,0.01,50,40,23,1
60,1.5,0.5,0.3,0.01,50,41,23,1
60,1.5,0.5,0.3,0.01,50,42,36,1
60,1.5,0.5,0.3,0.01,50,43,36,1
60,1.5,0.5,0.3,0.01,50,44,15,1
60,1.5,0.5,0.3,0.01,50,45,15,1
60,1.5,0.5,0.3,0.01,50,46,23,1
60,1.5,0.5,0.3,0.01,50,47,57,1
60,1.5,0.5,0.3,0.01,50,48,23,1
60,1.5,0.5,0.3,0.01,50,49,36,1
60,1.5,0.5,0.3,0.01,50,50,36,1
100,1.5,0.5,0.3,0.01,50,1,23,1
100,1.5,0.5,0.3,0.01,50,2,36,1
100,1.5,0.5,0.3,0.01,50,3,23,1
100,1.5,0.5,0.3,0.01,50,4,36,1
100,1.5,0.5,0.3,0.01,50,5,23,1
100,1.5,0.5,0.3,0.01,50,6,23,1
100,1.5,0.5,0.3,0.01,50,7,23,1
100,1.5,0.5,0.3,0.01,50,8,23,1
100,1.5,0.5,0.3,0.01,50,9,36,1
100,1.5,0.5,0.3,0.01,50,10,23,1
100,1.5,0.5,0.3,0.01,50,11,23,1
100,1.5,0.5,0.3,0.01,50,12,15,1
100,1.5,0.5,0.3,0.01,50,13,36,1
100,1.5,0.5,0.3,0.01,50,14,23,1
100,1.5,0.5,0.3,0.01,50,15,15,1
100,1.5,0.5,0.3,0.01,50,16,23,1
100,1.5,0.5,0.3,0.01,50,17,23,1
100,1.5,0.5,0.3,0.01,50,18,15,1
100,1.5,0.5,0.3,0.01,50,19,15,1
100,1.5,0.5,0.3,0.01,50,20,23,1
100,1.5,0.5,0.3,0.01,50,21,23,1
100,1.5,0.5,0.3,0.01,50,22,15,1
100,1.5,0.5,0.3,0.01,50,23,15,1
100,1.5,0.5,0.3,0.01,50,24,23,1
100,1.5,0.5,0.3,0.01,50,25,23,1
100,1.5,0.5,0.3,0.01,50,26,23,1
100,1.5,0.5,0.3,0.01,50,27,23,1
100,1.5,0.5,0.3,0.01,50,28,23,1
100,1.5,0.5,0.3,0.01,50,29,23,1
100,1.5,0.5,0.3,0.01,50,30,36,1
100,1.5,0.5,0.3,0.01,50,31,15,1
100,1.5,0.5,0.3,0.01,50,32,23,1
100,1.5,0.5,0.3,0.01,50,33,23,1
100,1.5,0.5,0.3,0.01,50,34,23,1
100,1.5,0.5,0.3,0.01,50,35,36,1
100,1.5,0.5,0.3,0.01,50,36,15,1
100,1.5,0.5,0.3,0.01,50,37,23,1
100,1.5,0.5,0.3,0.01,50,38,23,1
100,1.5,0.5,0.3,0.01,50,39,23,1
100,1.5,0.5,0.3,0.01,50,40,23,1
100,1.5,0.5,0.3,0.01,50,41,23,1
100,1.5,0.5,0.3,0.01,50,42,57,1
100,1.5,0.5,0.3,0.01,50,43,23,1
100,1.5,0.5,0.3,0.01,50,44,15,1
100,1.5,0.5,0.3,0.01,50,45,23,1
100,1.5,0.5,0.3,0.01,50,46,23,1
100,1.5,0.5,0.3,0.01,50,47,23,1
100,1.5,0.5,0.3,0.01,50,48,23,1
100,1.5,0.5,0.3,0.01,50,49,23,1
100,1.5,0.5,0.3,0.01,50,50,23,1
10,0.5,0.6,0.3,0.01,50,1,36,1
10,0.5,0.6,0.3,0.01,50,2,36,1
10,0.5,0.6,0.3,0.01,50,3,57,1
10,0.5,0.6,0.3,0.01,50,4,36,1
10,0.5,0.6,0.3,0.01,50,5,36,1
10,0.5,0.6,0.3,0.01,50,6,36,1
10,0.5,0.6,0.3,0.01,50,7,36,1
10,0.5,0.6,0.3,0.01,50,8,36,1
10,0.5,0.6,0.3,0.01,50,9,36,1
10,0.5,0.6,0.3,0.01,50,10,36,1
10,0.5,0.6,0.3,0.01,50,11,36,1
10,0.5,0.6,0.3,0.01,50,12,57,1
10,0.5,0.6,0.3,0.01,50,13,57,1
10,0.5,0.6,0.3,0.01,50,14,23,1
10,0.5,0.6,0.3,0.01,50,15,36,1
10,0.5,0.6,0.3,0.01,50,16,36,1
10,0.5,0.6,0.3,0.01,50,17,36,1
10,0.5,0.6,0.3,0.01,50,18,36,1
10,0.5,0.6,0.3,0.01,50,19,36,1
10,0.5,0.6,0.3,0.01,50,20,57,1
10,0.5,0.6,0.3,0.01,50,21,36,1
10,0.5,0.6,0.3,0.01,50,22,36,1
10,0.5,0.6,0.3,0.01,50,23,36,1
10,0.5,0.6,0.3,0.01,50,24,36,1
10,0.5,0.6,0.3,0.01,50,25,36,1
10,0.5,0.6,0.3,0.01,50,26,36,1
10,0.5,0.6,0.3,0.01,50,27,36,1
10,0.5,0.6,0.3,0.01,50,28,57,1
10,0.5,0.6,0.3,0.01,50,29,36,1
10,0.5,0.6,0.3,0.01,50,30,57,1
10,0.5,0.6,0.3,0.01,50,31,36,1
10,0.5,0.6,0.3,0.01,50,32,57,1
10,0.5,0.6,0.3,0.01,50,33,36,1
10,0.5,0.6,0.3,0.01,50,34,57,1
10,0.5,0.6,0.3,0.01,50,35,36,1
10,0.5,0.6,0.3,0.01,50,36,36,1
10,0.5,0.6,0.3,0.01,50,37,57,1
10,0.5,0.6,0.3,0.01,50,38,36,1
10,0.5,0.6,0.3,0.01,50,39,36,1
10,0.5,0.6,0.3,0.01,50,40,36,1
10,0.5,0.6,0.3,0.01,50,41,36,1
10,0.5,0.6,0.3,0.01,50,42,36,1
10,0.5,0.6,0.3,0.01,50,43,36,1
10,0.5,0.6,0.3,0.01,50,44,36,1
10,0.5,0.6,0.3,0.01,50,45,36,1
10,0.5,0.6,0.3,0.01,50,46,36,1
10,0.5,0.6,0.3,0.01,50,47,57,1
10,0.5,0.6,0.3,0.01,50,48,36,1
10,0.5,0.6,0.3,0.01,50,49,36,1
10,0.5,0.6,0.3,0.01,50,50,57,1
30,0.5,0.6,0.3,0.01,50,1,15,1
30,0.5,0.6,0.3,0.01,50,2,15,1
30,0.5,0.6,0.3,0.01,50,3,15,1
30,0.5,0.6,0.3,0.01,50,4,15,1
30,0.5,0.6,0.3,0.01,50,5,15,1
30,0.5,0.6,0.3,0.01,50,6,15,1
30,0.5,0.6,0.3,0.01,50,7,15,1
30,0.5,0.6,0.3,0.01,50,8,23,1
30,0.5,0.6,0.3,0.01,50,9,15,1
30,0.5,0.6,0.3,0.01,50,10,15,1
30,0.5,0.6,0.3,0.01,50,11,23,1
30,0.5,0.6,0.3,0.01,50,12,23,1
30,0.5,0.6,0.3,0.01,50,13,15,1
30,0.5,0.6,0.3,0.01,50,14,23,1
30,0.5,0.6,0.3,0.01,50,15,15,1
30,0.5,0.6,0.3,0.01,50,16,15,1
30,0.5,0.6,0.3,0.01,50,17,15,1
30,0.5,0.6,0.3,0.01,50,18,15,1
30,0.5,0.6,0.3,0.01,50,19,9,1
30,0.5,0.6,0.3,0.01,50,20,15,1
30,0.5,0.6,0.3,0.01,50,21,15,1
30,0.5,0.6,0.3,0.01,50,22,23,1
30,0.5,0.6,0.3,0.01,50,23,23,1
30,0.5,0.6,0.3,0.01,50,24,15,1
30,0.5,0.6,0.3,0.01,50,25,15,1
30,0.5,0.6,0.3,0.01,50,26,23,1
30,0.5,0.6,0.3,0.01,50,27,15,1
30,0.5,0.6,0.3,0.01,50,28,23,1
30,0.5,0.6,0.3,0.01,50,29,15,1
30,0.5,0.6,0.3,0.01,50,30,9,1
30,0.5,0.6,0.3,0.01,50,31,15,1
30,0.5,0.6,0.3,0.01,50,32,23,1
30,0.5,0.6,0.3,0.01,50,33,23,1
30,0.5,0.6,0.3,0.01,50,34,23,1
30,0.5,0.6,0.3,0.01,50,35,23,1
30,0.5,0.6,0.3,0.01,50,36,15,1
30,0.5,0.6,0.3,0.01,50,37,15,1
30,0.5,0.6,0.3,0.01,50,38,23,1
30,0.5,0.6,0.3,0.01,50,39,23,1
30,0.5,0.6,0.3,0.01,50,40,15,1
30,0.5,0.6,0.3,0.01,50,41,15,1
30,0.5,0.6,0.3,0.01,50,42,15,1
30,0.5,0.6,0.3,0.01,50,43,15,1
30,0.5,0.6,0.3,0.01,50,44,23,1
30,0.5,0.6,0.3,0.01,50,45,15,1
30,0.5,0.6,0.3,0.01,50,46,15,1
30,0.5,0.6,0.3,0.01,50,47,15,1
30,0.5,0.6,0.3,0.01,50,48,15,1
30,0.5,0.6,0.3,0.01,50,49,15,1
30,0.5,0.6,0.3,0.01,50,50,15,1
60,0.5,0.6,0.3,0.01,50,1,9,1
60,0.5,0.6,0.3,0.01,50,2,9,1
60,0.5,0.6,0.3,0.01,50,3,15,1
60,0.5,0.6,0.3,0.01,50,4,15,1
60,0.5,0.6,0.3,0.01,50,5,15,1
60,0.5,0.6,0.3,0.01,50,6,9,1
60,0.5,0.6,0.3,0.01,50,7,15,1
60,0.5,0.6,0.3,0.01,50,8,15,1
60,0.5,0.6,0.3,0.01,50,9,15,1
60,0.5,0.6,0.3,0.01,50,10,9,1
60,0.5,0.6,0.3,0.01,50,11,9,1
60,0.5,0.6,0.3,0.01,50,12,15,1
60,0.5,0.6,0.3,0.01,50,13,15,1
60,0.5,0.6,0.3,0.01,50,14,15,1
60,0.5,0.6,0.3,0.01,50,15,15,1
60,0.5,0.6,0.3,0.01,50,16,15,1
60,0.5,0.6,0.3,0.01,50,17,15,1
60,0.5,0.6,0.3,0.01,50,18,15,1
60,0.5,0.6,0.3,0.01,50,19,15,1
60,0.5,0.6,0.3,0.01,50,20,15,1
60,0.5,0.6,0.3,0.01,50,21,9,1
60,0.5,0.6,0.3,0.01,50,22,15,1
60,0.5,0.6,0.3,0.01,50,23,15,1
60,0.5,0.6,0.3,0.01,50,24,15,1
60,0.5,0.6,0.3,0.01,50,25,9,1
60,0.5,0.6,0.3,0.01,50,26,15,1
60,0.5,0.6,0.3,0.01,50,27,15,1
60,0.5,0.6,0.3,0.01,50,28,15,1
60,0.5,0.6,0.3,0.01,50,29,15,1
60,0.5,0.6,0.3,0.01,50,30,9,1
60,0.5,0.6,0.3,0.01,50,31,9,1
60,0.5,0.6,0.3,0.01,50,32,15,1
60,0.5,0.6,0.3,0.01,50,33,15,1
60,0.5,0.6,0.3,0.01,50,34,15,1
60,0.5,0.6,0.3,0.01,50,35,15,1
60,0.5,0.6,0.3,0.01,50,36,15,1
60,0.5,0.6,0.3,0.01,50,37,15,1
60,0.5,0.6,0.3,0.01,50,38,15,1
60,0.5,0.6,0.3,0.01,50,39,15,1
60,0.5,0.6,0.3,0.01,50,40,15,1
60,0.5,0.6,0.3,0.01,50,41,15,1
60,0.5,0.6,0.3,0.01,50,42,15,1
60,0.5,0.6,0.3,0.01,50,43,15,1
60,0.5,0.6,0.3,0.01,50,44,15,1
60,0.5,0.6,0.3,0.01,50,45,9,1
60,0.5,0.6,0.3,0.01,50,46,15,1
60,0.5,0.6,0.3,0.01,50,47,15,1
60,0.5,0.6,0.3,0.01,50,48,15,1
60,0.5,0.6,0.3,0.01,50,49,15,1
60,0.5,0.6,0.3,0.01,50,50,15,1
100,0.5,0.6,0.3,0.01,50,1,9,1
100,0.5,0.6,0.3,0.01,50,2,15,1
100,0.5,0.6,0.3,0.01,50,3,9,1
100,0.5,0.6,0.3,0.01,50,4,9,1
100,0.5,0.6,0.3,0.01,50,5,9,1
100,0.5,0.6,0.3,0.01,50,6,9,1
100,0.5,0.6,0.3,0.01,50,7,15,1
100,0.5,0.6,0.3,0.01,50,8,15,1
100,0.5,0.6,0.3,0.01,50,9,15,1
100,0.5,0.6,0.3,0.01,50,10,15,1
100,0.5,0.6,0.3,0.01,50,11,9,1
100,0.5,0.6,0.3,0.01,50,12,15,1
100,0.5,0.6,0.3,0.01,50,13,9,1
100,0.5,0.6,0.3,0.01,50,14,9,1
100,0.5,0.6,0.3,0.01,50,15,15,1
100,0.5,0.6,0.3,0.01,50,16,15,1
100,0.5,0.6,0.3,0.01,50,17,15,1
100,0.5,0.6,0.3,0.01,50,18,9,1
100,0.5,0.6,0.3,0.01,50,19,9,1
100,0.5,0.6,0.3,0.01,50,20,15,1
100,0.5,0.6,0.3,0.01,50,21,9,1
100,0.5,0.6,0.3,0.01,50,22,15,1
100,0.5,0.6,0.3,0.01,50,23,15,1
100,0.5,0.6,0.3,0.01,50,24,15,1
100,0.5,0.6,0.3,0.01,50,25,9,1
100,0.5,0.6,0.3,0.01,50,26,15,1
100,0.5,0.6,0.3,0.01,50,27,9,1
100,0.5,0.6,0.3,0.01,50,28,15,1
100,0.5,0.6,0.3,0.01,50,29,15,1
100,0.5,0.6,0.3,0.01,50,30,9,1
100,0.5,0.6,0.3,0.01,50,31,9,1
100,0.5,0.6,0.3,0.01,50,32,9,1
100,0.5,0.6,0.3,0.01,50,33,15,1
100,0.5,0.6,0.3,0.01,50,34,15,1
100,0.5,0.6,0.3,0.01,50,35,9,1
100,0.5,0.6,0.3,0.01,50,36,15,1
100,0.5,0.6,0.3,0.01,50,37,15,1
100,0.5,0.6,0.3,0.01,50,38,15,1
100,0.5,0.6,0.3,0.01,50,39,15,1
100,0.5,0.6,0.3,0.01,50,40,15,1
100,0.5,0.6,0.3,0.01,50,41,15,1
100,0.5,0.6,0.3,0.01,50,42,15,1
100,0.5,0.6,0.3,0.01,50,43,15,1
100,0.5,0.6,0.3,0.01,50,44,15,1
100,0.5,0.6,0.3,0.01,50,45,9,1
100,0.5,0.6,0.3,0.01,50,46,9,1
100,0.5,0.6,0.3,0.01,50,47,15,1
100,0.5,0.6,0.3,0.01,50,48,15,1
100,0.5,0.6,0.3,0.01,50,49,15,1
100,0.5,0.6,0.3,0.01,50,50,15,1
10,1,0.6,0.3,0.01,50,1,57,1
10,1,0.6,0.3,0.01,50,2,57,1
10,1,0.6,0.3,0.01,50,3,88,1
10,1,0.6,0.3,0.01,50,4,36,1
10,1,0.6,0.3,0.01,50,5,23,1
10,1,0.6,0.3,0.01,50,6,57,1
10,1,0.6,0.3,0.01,50,7,36,1
10,1,0.6,0.3,0.01,50,8,57,1
10,1,0.6,0.3,0.01,50,9,57,1
10,1,0.6,0.3,0.01,50,10,57,1
10,1,0.6,0.3,0.01,50,11,36,1
10,1,0.6,0.3,0.01,50,12,57,1
10,1,0.6,0.3,0.01,50,13,57,1
10,1,0.6,0.3,0.01,50,14,57,1
10,1,0.6,0.3,0.01,50,15,57,1
10,1,0.6,0.3,0.01,50,16,23,1
10,1,0.6,0.3,0.01,50,17,57,1
10,1,0.6,0.3,0.01,50,18,57,1
10,1,0.6,0.3,0.01,50,19,36,1
10,1,0.6,0.3,0.01,50,20,57,1
10,1,0.6,0.3,0.01,50,21,57,1
10,1,0.6,0.3,0.01,50,22,36,1
10,1,0.6,0.3,0.01,50,23,36,1
10,1,0.6,0.3,0.01,50,24,15,1
10,1,0.6,0.3,0.01,50,25,57,1
10,1,0.6,0.3,0.01,50,26,36,1
10,1,0.6,0.3,0.01,50,27,36,1
10,1,0.6,0.3,0.01,50,28,57,1
10,1,0.6,0.3,0.01,50,29,57,1
10,1,0.6,0.3,0.01,50,30,88,1
10,1,0.6,0.3,0.01,50,31,36,1
10,1,0.6,0.3,0.01,50,32,57,1
10,1,0.6,0.3,0.01,50,33,36,1
10,1,0.6,0.3,0.01,50,34,57,1
10,1,0.6,0.3,0.01,50,35,57,1
10,1,0.6,0.3,0.01,50,36,57,1
10,1,0.6,0.3,0.01,50,37,88,1
10,1,0.6,0.3,0.01,50,38,88,1
10,1,0.6,0.3,0.01,50,39,36,1
10,1,0.6,0.3,0.01,50,40,36,1
10,1,0.6,0.3,0.01,50,41,36,1
10,1,0.6,0.3,0.01,50,42,57,1
10,1,0.6,0.3,0.01,50,43,57,1
10,1,0.6,0.3,0.01,50,44,57,1
10,1,0.6,0.3,0.01,50,45,57,1
10,1,0.6,0.3,0.01,50,46,36,1
10,1,0.6,0.3,0.01,50,47,36,1
10,1,0.6,0.3,0.01,50,48,36,1
10,1,0.6,0.3,0.01,50,49,36,1
10,1,0.6,0.3,0.01,50,50,57,1
30,1,0.6,0.3,0.01,50,1,23,1
30,1,0.6,0.3,0.01,50,2,23,1
30,1,0.6,0.3,0.01,50,3,23,1
30,1,0.6,0.3,0.01,50,4,15,1
30,1,0.6,0.3,0.01,50,5,15,1
30,1,0.6,0.3,0.01,50,6,15,1
30,1,0.6,0.3,0.01,50,7,23,1
30,1,0.6,0.3,0.01,50,8,23,1
30,1,0.6,0.3,0.01,50,9,23,1
30,1,0.6,0.3,0.01,50,10,15,1
30,1,0.6,0.3,0.01,50,11,15,1
30,1,0.6,0.3,0.01,50,12,23,1
30,1,0.6,0.3,0.01,50,13,15,1
30,1,0.6,0.3,0.01,50,14,15,1
30,1,0.6,0.3,0.01,50,15,15,1
30,1,0.6,0.3,0.01,50,16,23,1
30,1,0.6,0.3,0.01,50,17,15,1
30,1,0.6,0.3,0.01,50,18,23,1
30,1,0.6,0.3,0.01,50,19,15,1
30,1,0.6,0.3,0.01,50,20,23,1
30,1,0.6,0.3,0.01,50,21,23,1
30,1,0.6,0.3,0.01,50,22,15,1
30,1,0.6,0.3,0.01,50,23,36,1
30,1,0.6,0.3,0.01,50,24,23,1
30,1,0.6,0.3,0.01,50,25,15,1
30,1,0.6,0.3,0.01,50,26,23,1
30,1,0.6,0.3,0.01,50,27,23,1
30,1,0.6,0.3,0.01,50,28,15,1
30,1,0.6,0.3,0.01,50,29,15,1
30,1,0.6,0.3,0.01,50,30,15,1
30,1,0.6,0.3,0.01,50,31,15,1
30,1,0.6,0.3,0.01,50,32,15,1
30,1,0.6,0.3,0.01,50,33,23,1
30,1,0.6,0.3,0.01,50,34,23,1
30,1,0.6,0.3,0.01,50,35,23,1
30,1,0.6,0.3,0.01,50,36,23,1
30,1,0.6,0.3,0.01,50,37,15,1
30,1,0.6,0.3,0.01,50,38,23,1
30,1,0.6,0.3,0.01,50,39,15,1
30,1,0.6,0.3,0.01,50,40,23,1
30,1,0.6,0.3,0.01,50,41,23,1
30,1,0.6,0.3,0.01,50,42,23,1
30,1,0.6,0.3,0.01,50,43,23,1
30,1,0.6,0.3,0.01,50,44,23,1
30,1,0.6,0.3,0.01,50,45,23,1
30,1,0.6,0.3,0.01,50,46,15,1
30,1,0.6,0.3,0.01,50,47,23,1
30,1,0.6,0.3,0.01,50,48,23,1
30,1,0.6,0.3,0.01,50,49,23,1
30,1,0.6,0.3,0.01,50,50,15,1
60,1,0.6,0.3,0.01,50,1,15,1
60,1,0.6,0.3,0.01,50,2,15,1
60,1,0.6,0.3,0.01,50,3,15,1
60,1,0.6,0.3,0.01,50,4,9,1
60,1,0.6,0.3,0.01,50,5,15,1
60,1,0.6,0.3,0.01,50,6,15,1
60,1,0.6,0.3,0.01,50,7,15,1
60,1,0.6,0.3,0.01,50,8,23,1
60,1,0.6,0.3,0.01,50,9,15,1
60,1,0.6,0.3,0.01,50,10,15,1
60,1,0.6,0.3,0.01,50,11,15,1
60,1,0.6,0.3,0.01,50,12,15,1
60,1,0.6,0.3,0.01,50,13,9,1
60,1,0.6,0.3,0.01,50,14,15,1
60,1,0.6,0.3,0.01,50,15,9,1
60,1,0.6,0.3,0.01,50,16,15,1
60,1,0.6,0.3,0.01,50,17,15,1
60,1,0.6,0.3,0.01,50,18,15,1
60,1,0.6,0.3,0.01,50,19,15,1
60,1,0.6,0.3,0.01,50,20,15,1
60,1,0.6,0.3,0.01,50,21,15,1
60,1,0.6,0.3,0.01,50,22,15,1
60,1,0.6,0.3,0.01,50,23,15,1
60,1,0.6,0.3,0.01,50,24,15,1
60,1,0.6,0.3,0.01,50,25,15,1
60,1,0.6,0.3,0.01,50,26,15,1
60,1,0.6,0.3,0.01,50,27,15,1
60,1,0.6,0.3,0.01,50,28,15,1
60,1,0.6,0.3,0.01,50,29,15,1
60,1,0.6,0.3,0.01,50,30,15,1
60,1,0.6,0.3,0.01,50,31,15,1
60,1,0.6,0.3,0.01,50,32,9,1
60,1,0.6,0.3,0.01,50,33,23,1
60,1,0.6,0.3,0.01,50,34,15,1
60,1,0.6,0.3,0.01,50,35,15,1
60,1,0.6,0.3,0.01,50,36,9,1
60,1,0.6,0.3,0.01,50,37,15,1
60,1,0.6,0.3,0.01,50,38,15,1
60,1,0.6,0.3,0.01,50,39,15,1
60,1,0.6,0.3,0.01,50,40,15,1
60,1,0.6,0.3,0.01,50,41,23,1
60,1,0.6,0.3,0.01,50,42,15,1
60,1,0.6,0.3,0.01,50,43,15,1
60,1,0.6,0.3,0.01,50,44,15,1
60,1,0.6,0.3,0.01,50,45,15,1
60,1,0.6,0.3,0.01,50,46,15,1
60,1,0.6,0.3,0.01,50,47,15,1
60,1,0.6,0.3,0.01,50,48,15,1
60,1,0.6,0.3,0.01,50,49,15,1
60,1,0.6,0.3,0.01,50,50,15,1
100,1,0.6,0.3,0.01,50,1,15,1
100,1,0.6,0.3,0.01,50,2,15,1
100,1,0.6,0.3,0.01,50,3,15,1
100,1,0.6,0.3,0.01,50,4,9,1
100,1,0.6,0.3,0.01,50,5,15,1
100,1,0.6,0.3,0.01,50,6,15,1
100,1,0.6,0.3,0.01,50,7,15,1
100,1,0.6,0.3,0.01,50,8,15,1
100,1,0.6,0.3,0.01,50,9,15,1
100,1,0.6,0.3,0.01,50,10,15,1
100,1,0.6,0.3,0.01,50,11,15,1
100,1,0.6,0.3,0.01,50,12,9,1
100,1,0.6,0.3,0.01,50,13,9,1
100,1,0.6,0.3,0.01,50,14,15,1
100,1,0.6,0.3,0.01,50,15,9,1
100,1,0.6,0.3,0.01,50,16,15,1
100,1,0.6,0.3,0.01,50,17,15,1
100,1,0.6,0.3,0.01,50,18,9,1
100,1,0.6,0.3,0.01,50,19,15,1
100,1,0.6,0.3,0.01,50,20,15,1
100,1,0.6,0.3,0.01,50,21,15,1
100,1,0.6,0.3,0.01,50,22,9,1
100,1,0.6,0.3,0.01,50,23,15,1
100,1,0.6,0.3,0.01,50,24,15,1
100,1,0.6,0.3,0.01,50,25,15,1
100,1,0.6,0.3,0.01,50,26,15,1
100,1,0.6,0.3,0.01,50,27,15,1
100,1,0.6,0.3,0.01,50,28,15,1
100,1,0.6,0.3,0.01,50,29,15,1
100,1,0.6,0.3,0.01,50,30,9,1
100,1,0.6,0.3,0.01,50,31,15,1
100,1,0.6,0.3,0.01,50,32,15,1
100,1,0.6,0.3,0.01,50,33,15,1
100,1,0.6,0.3,0.01,50,34,15,1
100,1,0.6,0.3,0.01,50,35,15,1
100,1,0.6,0.3,0.01,50,36,9,1
100,1,0.6,0.3,0.01,50,37,9,1
100,1,0.6,0.3,0.01,50,38,15,1
100,1,0.6,0.3,0.01,50,39,15,1
100,1,0.6,0.3,0.01,50,40,23,1
100,1,0.6,0.3,0.01,50,41,15,1
100,1,0.6,0.3,0.01,50,42,15,1
100,1,0.6,0.3,0.01,50,43,15,1
100,1,0.6,0.3,0.01,50,44,15,1
100,1,0.6,0.3,0.01,50,45,15,1
100,1,0.6,0.3,0.01,50,46,6,1
100,1,0.6,0.3,0.01,50,47,15,1
100,1,0.6,0.3,0.01,50,48,15,1
100,1,0.6,0.3,0.01,50,49,15,1
100,1,0.6,0.3,0.01,50,50,15,1
10,1.5,0.6,0.3,0.01,50,1,139,1
10,1.5,0.6,0.3,0.01,50,2,88,1
10,1.5,0.6,0.3,0.01,50,3,139,1
10,1.5,0.6,0.3,0.01,50,4,88,1
10,1.5,0.6,0.3,0.01,50,5,36,1
10,1.5,0.6,0.3,0.01,50,6,57,1
10,1.5,0.6,0.3,0.01,50,7,88,1
10,1.5,0.6,0.3,0.01,50,8,88,1
10,1.5,0.6,0.3,0.01,50,9,88,1
10,1.5,0.6,0.3,0.01,50,10,88,1
10,1.5,0.6,0.3,0.01,50,11,57,1
10,1.5,0.6,0.3,0.01,50,12,57,1
10,1.5,0.6,0.3,0.01,50,13,88,1
10,1.5,0.6,0.3,0.01,50,14,57,1
10,1.5,0.6,0.3,0.01,50,15,88,1
10,1.5,0.6,0.3,0.01,50,16,88,1
10,1.5,0.6,0.3,0.01,50,17,88,1
10,1.5,0.6,0.3,0.01,50,18,88,1
10,1.5,0.6,0.3,0.01,50,19,57,1
10,1.5,0.6,0.3,0.01,50,20,88,1
10,1.5,0.6,0.3,0.01,50,21,88,1
10,1.5,0.6,0.3,0.01,50,22,57,1
10,1.5,0.6,0.3,0.01,50,23,88,1
10,1.5,0.6,0.3,0.01,50,24,57,1
10,1.5,0.6,0.3,0.01,50,25,88,1
10,1.5,0.6,0.3,0.01,50,26,88,1
10,1.5,0.6,0.3,0.01,50,27,57,1
10,1.5,0.6,0.3,0.01,50,28,57,1
10,1.5,0.6,0.3,0.01,50,29,88,1
10,1.5,0.6,0.3,0.01,50,30,139,1
10,1.5,0.6,0.3,0.01,50,31,57,1
10,1.5,0.6,0.3,0.01,50,32,23,1
10,1.5,0.6,0.3,0.01,50,33,88,1
10,1.5,0.6,0.3,0.01,50,34,139,1
10,1.5,0.6,0.3,0.01,50,35,57,1
10,1.5,0.6,0.3,0.01,50,36,217,1
10,1.5,0.6,0.3,0.01,50,37,139,1
10,1.5,0.6,0.3,0.01,50,38,88,1
10,1.5,0.6,0.3,0.01,50,39,36,1
10,1.5,0.6,0.3,0.01,50,40,57,1
10,1.5,0.6,0.3,0.01,50,41,57,1
10,1.5,0.6,0.3,0.01,50,42,88,1
10,1.5,0.6,0.3,0.01,50,43,139,1
10,1.5,0.6,0.3,0.01,50,44,88,1
10,1.5,0.6,0.3,0.01,50,45,88,1
10,1.5,0.6,0.3,0.01,50,46,57,1
10,1.5,0.6,0.3,0.01,50,47,88,1
10,1.5,0.6,0.3,0.01,50,48,88,1
10,1.5,0.6,0.3,0.01,50,49,36,1
10,1.5,0.6,0.3,0.01,50,50,139,1
30,1.5,0.6,0.3,0.01,50,1,23,1
30,1.5,0.6,0.3,0.01,50,2,23,1
30,1.5,0.6,0.3,0.01,50,3,23,1
30,1.5,0.6,0.3,0.01,50,4,36,1
30,1.5,0.6,0.3,0.01,50,5,23,1
30,1.5,0.6,0.3,0.01,50,6,23,1
30,1.5,0.6,0.3,0.01,50,7,23,1
30,1.5,0.6,0.3,0.01,50,8,36,1
30,1.5,0.6,0.3,0.01,50,9,23,1
30,1.5,0.6,0.3,0.01,50,10,23,1
30,1.5,0.6,0.3,0.01,50,11,23,1
30,1.5,0.6,0.3,0.01,50,12,23,1
30,1.5,0.6,0.3,0.01,50,13,23,1
30,1.5,0.6,0.3,0.01,50,14,23,1
30,1.5,0.6,0.3,0.01,50,15,23,1
30,1.5,0.6,0.3,0.01,50,16,36,1
30,1.5,0.6,0.3,0.01,50,17,23,1
30,1.5,0.6,0.3,0.01,50,18,36,1
30,1.5,0.6,0.3,0.01,50,19,15,1
30,1.5,0.6,0.3,0.01,50,20,23,1
30,1.5,0.6,0.3,0.01,50,21,23,1
30,1.5,0.6,0.3,0.01,50,22,23,1
30,1.5,0.6,0.3,0.01,50,23,23,1
30,1.5,0.6,0.3,0.01,50,24,36,1
30,1.5,0.6,0.3,0.01,50,25,23,1
30,1.5,0.6,0.3,0.01,50,26,23,1
30,1.5,0.6,0.3,0.01,50,27,23,1
30,1.5,0.6,0.3,0.01,50,28,23,1
30,1.5,0.6,0.3,0.01,50,29,36,1
30,1.5,0.6,0.3,0.01,50,30,23,1
30,1.5,0.6,0.3,0.01,50,31,23,1
30,1.5,0.6,0.3,0.01,50,32,15,1
30,1.5,0.6,0.3,0.01,50,33,36,1
30,1.5,0.6,0.3,0.01,50,34,36,1
30,1.5,0.6,0.3,0.01,50,35,23,1
30,1.5,0.6,0.3,0.01,50,36,23,1
30,1.5,0.6,0.3,0.01,50,37,23,1
30,1.5,0.6,0.3,0.01,50,38,36,1
30,1.5,0.6,0.3,0.01,50,39,9,1
30,1.5,0.6,0.3,0.01,50,40,36,1
30,1.5,0.6,0.3,0.01,50,41,23,1
30,1.5,0.6,0.3,0.01,50,42,23,1
30,1.5,0.6,0.3,0.01,50,43,36,1
30,1.5,0.6,0.3,0.01,50,44,23,1
30,1.5,0.6,0.3,0.01,50,45,36,1
30,1.5,0.6,0.3,0.01,50,46,23,1
30,1.5,0.6,0.3,0.01,50,47,23,1
30,1.5,0.6,0.3,0.01,50,48,23,1
30,1.5,0.6,0.3,0.01,50,49,23,1
30,1.5,0.6,0.3,0.01,50,50,36,1
60,1.5,0.6,0.3,0.01,50,1,23,1
60,1.5,0.6,0.3,0.01,50,2,9,1
60,1.5,0.6,0.3,0.01,50,3,15,1
60,1.5,0.6,0.3,0.01,50,4,23,1
60,1.5,0.6,0.3,0.01,50,5,15,1
60,1.5,0.6,0.3,0.01,50,6,15,1
60,1.5,0.6,0.3,0.01,50,7,15,1
60,1.5,0.6,0.3,0.01,50,8,23,1
60,1.5,0.6,0.3,0.01,50,9,15,1
60,1.5,0.6,0.3,0.01,50,10,15,1
60,1.5,0.6,0.3,0.01,50,11,15,1
60,1.5,0.6,0.3,0.01,50,12,15,1
60,1.5,0.6,0.3,0.01,50,13,15,1
60,1.5,0.6,0.3,0.01,50,14,23,1
60,1.5,0.6,0.3,0.01,50,15,15,1
60,1.5,0.6,0.3,0.01,50,16,23,1
60,1.5,0.6,0.3,0.01,50,17,23,1
60,1.5,0.6,0.3,0.01,50,18,15,1
60,1.5,0.6,0.3,0.01,50,19,15,1
60,1.5,0.6,0.3,0.01,50,20,15,1
60,1.5,0.6,0.3,0.01,50,21,15,1
60,1.5,0.6,0.3,0.01,50,22,15,1
60,1.5,0.6,0.3,0.01,50,23,23,1
60,1.5,0.6,0.3,0.01,50,24,23,1
60,1.5,0.6,0.3,0.01,50,25,15,1
60,1.5,0.6,0.3,0.01,50,26,23,1
60,1.5,0.6,0.3,0.01,50,27,23,1
60,1.5,0.6,0.3,0.01,50,28,15,1
60,1.5,0.6,0.3,0.01,50,29,15,1
60,1.5,0.6,0.3,0.01,50,30,15,1
60,1.5,0.6,0.3,0.01,50,31,15,1
60,1.5,0.6,0.3,0.01,50,32,15,1
60,1.5,0.6,0.3,0.01,50,33,23,1
60,1.5,0.6,0.3,0.01,50,34,23,1
60,1.5,0.6,0.3,0.01,50,35,23,1
60,1.5,0.6,0.3,0.01,50,36,15,1
60,1.5,0.6,0.3,0.01,50,37,15,1
60,1.5,0.6,0.3,0.01,50,38,23,1
60,1.5,0.6,0.3,0.01,50,39,6,1
60,1.5,0.6,0.3,0.01,50,40,23,1
60,1.5,0.6,0.3,0.01,50,41,23,1
60,1.5,0.6,0.3,0.01,50,42,15,1
60,1.5,0.6,0.3,0.01,50,43,23,1
60,1.5,0.6,0.3,0.01,50,44,23,1
60,1.5,0.6,0.3,0.01,50,45,4,1
60,1.5,0.6,0.3,0.01,50,46,15,1
60,1.5,0.6,0.3,0.01,50,47,15,1
60,1.5,0.6,0.3,0.01,50,48,15,1
60,1.5,0.6,0.3,0.01,50,49,23,1
60,1.5,0.6,0.3,0.01,50,50,15,1
100,1.5,0.6,0.3,0.01,50,1,9,1
100,1.5,0.6,0.3,0.01,50,2,23,1
100,1.5,0.6,0.3,0.01,50,3,23,1
100,1.5,0.6,0.3,0.01,50,4,23,1
100,1.5,0.6,0.3,0.01,50,5,15,1
100,1.5,0.6,0.3,0.01,50,6,15,1
100,1.5,0.6,0.3,0.01,50,7,15,1
100,1.5,0.6,0.3,0.01,50,8,15,1
100,1.5,0.6,0.3,0.01,50,9,15,1
100,1.5,0.6,0.3,0.01,50,10,15,1
100,1.5,0.6,0.3,0.01,50,11,15,1
100,1.5,0.6,0.3,0.01,50,12,15,1
100,1.5,0.6,0.3,0.01,50,13,15,1
100,1.5,0.6,0.3,0.01,50,14,23,1
100,1.5,0.6,0.3,0.01,50,15,15,1
100,1.5,0.6,0.3,0.01,50,16,15,1
100,1.5,0.6,0.3,0.01,50,17,23,1
100,1.5,0.6,0.3,0.01,50,18,15,1
100,1.5,0.6,0.3,0.01,50,19,4,1
100,1.5,0.6,0.3,0.01,50,20,15,1
100,1.5,0.6,0.3,0.01,50,21,15,1
100,1.5,0.6,0.3,0.01,50,22,15,1
100,1.5,0.6,0.3,0.01,50,23,15,1
100,1.5,0.6,0.3,0.01,50,24,15,1
100,1.5,0.6,0.3,0.01,50,25,15,1
100,1.5,0.6,0.3,0.01,50,26,15,1
100,1.5,0.6,0.3,0.01,50,27,15,1
100,1.5,0.6,0.3,0.01,50,28,9,1
100,1.5,0.6,0.3,0.01,50,29,15,1
100,1.5,0.6,0.3,0.01,50,30,15,1
100,1.5,0.6,0.3,0.01,50,31,15,1
100,1.5,0.6,0.3,0.01,50,32,9,1
100,1.5,0.6,0.3,0.01,50,33,15,1
100,1.5,0.6,0.3,0.01,50,34,23,1
100,1.5,0.6,0.3,0.01,50,35,15,1
100,1.5,0.6,0.3,0.01,50,36,15,1
100,1.5,0.6,0.3,0.01,50,37,15,1
100,1.5,0.6,0.3,0.01,50,38,15,1
100,1.5,0.6,0.3,0.01,50,39,15,1
100,1.5,0.6,0.3,0.01,50,40,15,1
100,1.5,0.6,0.3,0.01,50,41,15,1
100,1.5,0.6,0.3,0.01,50,42,15,1
100,1.5,0.6,0.3,0.01,50,43,15,1
100,1.5,0.6,0.3,0.01,50,44,15,1
100,1.5,0.6,0.3,0.01,50,45,15,1
100,1.5,0.6,0.3,0.01,50,46,15,1
100,1.5,0.6,0.3,0.01,50,47,23,1
100,1.5,0.6,0.3,0.01,50,48,15,1
100,1.5,0.6,0.3,0.01,50,49,23,1
100,1.5,0.6,0.3,0.01,50,50,15,1
10,0.5,0.7,0.3,0.01,50,1,23,1
10,0.5,0.7,0.3,0.01,50,2,23,1
10,0.5,0.7,0.3,0.01,50,3,36,1
10,0.5,0.7,0.3,0.01,50,4,36,1
10,0.5,0.7,0.3,0.01,50,5,23,1
10,0.5,0.7,0.3,0.01,50,6,36,1
10,0.5,0.7,0.3,0.01,50,7,36,1
10,0.5,0.7,0.3,0.01,50,8,36,1
10,0.5,0.7,0.3,0.01,50,9,23,1
10,0.5,0.7,0.3,0.01,50,10,23,1
10,0.5,0.7,0.3,0.01,50,11,36,1
10,0.5,0.7,0.3,0.01,50,12,23,1
10,0.5,0.7,0.3,0.01,50,13,36,1
10,0.5,0.7,0.3,0.01,50,14,36,1
10,0.5,0.7,0.3,0.01,50,15,36,1
10,0.5,0.7,0.3,0.01,50,16,23,1
10,0.5,0.7,0.3,0.01,50,17,36,1
10,0.5,0.7,0.3,0.01,50,18,36,1
10,0.5,0.7,0.3,0.01,50,19,23,1
10,0.5,0.7,0.3,0.01,50,20,36,1
10,0.5,0.7,0.3,0.01,50,21,23,1
10,0.5,0.7,0.3,0.01,50,22,36,1
10,0.5,0.7,0.3,0.01,50,23,15,1
10,0.5,0.7,0.3,0.01,50,24,36,1
10,0.5,0.7,0.3,0.01,50,25,23,1
10,0.5,0.7,0.3,0.01,50,26,23,1
10,0.5,0.7,0.3,0.01,50,27,23,1
10,0.5,0.7,0.3,0.01,50,28,36,1
10,0.5,0.7,0.3,0.01,50,29,36,1
10,0.5,0.7,0.3,0.01,50,30,36,1
10,0.5,0.7,0.3,0.01,50,31,23,1
10,0.5,0.7,0.3,0.01,50,32,36,1
10,0.5,0.7,0.3,0.01,50,33,36,1
10,0.5,0.7,0.3,0.01,50,34,36,1
10,0.5,0.7,0.3,0.01,50,35,23,1
10,0.5,0.7,0.3,0.01,50,36,23,1
10,0.5,0.7,0.3,0.01,50,37,23,1
10,0.5,0.7,0.3,0.01,50,38,23,1
10,0.5,0.7,0.3,0.01,50,39,36,1
10,0.5,0.7,0.3,0.01,50,40,23,1
10,0.5,0.7,0.3,0.01,50,41,36,1
10,0.5,0.7,0.3,0.01,50,42,23,1
10,0.5,0.7,0.3,0.01,50,43,36,1
10,0.5,0.7,0.3,0.01,50,44,23,1
10,0.5,0.7,0.3,0.01,50,45,23,1
10,0.5,0.7,0.3,0.01,50,46,36,1
10,0.5,0.7,0.3,0.01,50,47,36,1
10,0.5,0.7,0.3,0.01,50,48,23,1
10,0.5,0.7,0.3,0.01,50,49,36,1
10,0.5,0.7,0.3,0.01,50,50,36,1
30,0.5,0.7,0.3,0.01,50,1,9,1
30,0.5,0.7,0.3,0.01,50,2,15,1
30,0.5,0.7,0.3,0.01,50,3,15,1
30,0.5,0.7,0.3,0.01,50,4,9,1
30,0.5,0.7,0.3,0.01,50,5,9,1
30,0.5,0.7,0.3,0.01,50,6,15,1
30,0.5,0.7,0.3,0.01,50,7,15,1
30,0.5,0.7,0.3,0.01,50,8,15,1
30,0.5,0.7,0.3,0.01,50,9,15,1
30,0.5,0.7,0.3,0.01,50,10,15,1
30,0.5,0.7,0.3,0.01,50,11,9,1
30,0.5,0.7,0.3,0.01,50,12,15,1
30,0.5,0.7,0.3,0.01,50,13,9,1
30,0.5,0.7,0.3,0.01,50,14,15,1
30,0.5,0.7,0.3,0.01,50,15,15,1
30,0.5,0.7,0.3,0.01,50,16,15,1
30,0.5,0.7,0.3,0.01,50,17,15,1
30,0.5,0.7,0.3,0.01,50,18,15,1
30,0.5,0.7,0.3,0.01,50,19,15,1
30,0.5,0.7,0.3,0.01,50,20,15,1
30,0.5,0.7,0.3,0.01,50,21,15,1
30,0.5,0.7,0.3,0.01,50,22,15,1
30,0.5,0.7,0.3,0.01,50,23,9,1
30,0.5,0.7,0.3,0.01,50,24,15,1
30,0.5,0.7,0.3,0.01,50,25,9,1
30,0.5,0.7,0.3,0.01,50,26,15,1
30,0.5,0.7,0.3,0.01,50,27,15,1
30,0.5,0.7,0.3,0.01,50,28,9,1
30,0.5,0.7,0.3,0.01,50,29,15,1
30,0.5,0.7,0.3,0.01,50,30,9,1
30,0.5,0.7,0.3,0.01,50,31,15,1
30,0.5,0.7,0.3,0.01,50,32,15,1
30,0.5,0.7,0.3,0.01,50,33,15,1
30,0.5,0.7,0.3,0.01,50,34,15,1
30,0.5,0.7,0.3,0.01,50,35,15,1
30,0.5,0.7,0.3,0.01,50,36,15,1
30,0.5,0.7,0.3,0.01,50,37,15,1
30,0.5,0.7,0.3,0.01,50,38,15,1
30,0.5,0.7,0.3,0.01,50,39,15,1
30,0.5,0.7,0.3,0.01,50,40,15,1
30,0.5,0.7,0.3,0.01,50,41,15,1
30,0.5,0.7,0.3,0.01,50,42,9,1
30,0.5,0.7,0.3,0.01,50,43,15,1
30,0.5,0.7,0.3,0.01,50,44,15,1
30,0.5,0.7,0.3,0.01,50,45,15,1
30,0.5,0.7,0.3,0.01,50,46,15,1
30,0.5,0.7,0.3,0.01,50,47,9,1
30,0.5,0.7,0.3,0.01,50,48,15,1
30,0.5,0.7,0.3,0.01,50,49,15,1
30,0.5,0.7,0.3,0.01,50,50,15,1
60,0.5,0.7,0.3,0.01,50,1,9,1
60,0.5,0.7,0.3,0.01,50,2,9,1
60,0.5,0.7,0.3,0.01,50,3,15,1
60,0.5,0.7,0.3,0.01,50,4,6,1
60,0.5,0.7,0.3,0.01,50,5,9,1
60,0.5,0.7,0.3,0.01,50,6,9,1
60,0.5,0.7,0.3,0.01,50,7,15,1
60,0.5,0.7,0.3,0.01,50,8,4,1
60,0.5,0.7,0.3,0.01,50,9,15,1
60,0.5,0.7,0.3,0.01,50,10,9,1
60,0.5,0.7,0.3,0.01,50,11,6,1
60,0.5,0.7,0.3,0.01,50,12,9,1
60,0.5,0.7,0.3,0.01,50,13,9,1
60,0.5,0.7,0.3,0.01,50,14,9,1
60,0.5,0.7,0.3,0.01,50,15,9,1
60,0.5,0.7,0.3,0.01,50,16,15,1
60,0.5,0.7,0.3,0.01,50,17,9,1
60,0.5,0.7,0.3,0.01,50,18,15,1
60,0.5,0.7,0.3,0.01,50,19,9,1
60,0.5,0.7,0.3,0.01,50,20,9,1
60,0.5,0.7,0.3,0.01,50,21,15,1
60,0.5,0.7,0.3,0.01,50,22,9,1
60,0.5,0.7,0.3,0.01,50,23,9,1
60,0.5,0.7,0.3,0.01,50,24,9,1
60,0.5,0.7,0.3,0.01,50,25,9,1
60,0.5,0.7,0.3,0.01,50,26,9,1
60,0.5,0.7,0.3,0.01,50,27,9,1
60,0.5,0.7,0.3,0.01,50,28,9,1
60,0.5,0.7,0.3,0.01,50,29,6,1
60,0.5,0.7,0.3,0.01,50,30,9,1
60,0.5,0.7,0.3,0.01,50,31,9,1
60,0.5,0.7,0.3,0.01,50,32,9,1
60,0.5,0.7,0.3,0.01,50,33,6,1
60,0.5,0.7,0.3,0.01,50,34,9,1
60,0.5,0.7,0.3,0.01,50,35,15,1
60,0.5,0.7,0.3,0.01,50,36,9,1
60,0.5,0.7,0.3,0.01,50,37,9,1
60,0.5,0.7,0.3,0.01,50,38,9,1
60,0.5,0.7,0.3,0.01,50,39,15,1
60,0.5,0.7,0.3,0.01,50,40,15,1
60,0.5,0.7,0.3,0.01,50,41,15,1
60,0.5,0.7,0.3,0.01,50,42,9,1
60,0.5,0.7,0.3,0.01,50,43,9,1
60,0.5,0.7,0.3,0.01,50,44,15,1
60,0.5,0.7,0.3,0.01,50,45,15,1
60,0.5,0.7,0.3,0.01,50,46,9,1
60,0.5,0.7,0.3,0.01,50,47,9,1
60,0.5,0.7,0.3,0.01,50,48,15,1
60,0.5,0.7,0.3,0.01,50,49,9,1
60,0.5,0.7,0.3,0.01,50,50,9,1
100,0.5,0.7,0.3,0.01,50,1,6,1
100,0.5,0.7,0.3,0.01,50,2,9,1
100,0.5,0.7,0.3,0.01,50,3,9,1
100,0.5,0.7,0.3,0.01,50,4,6,1
100,0.5,0.7,0.3,0.01,50,5,9,1
100,0.5,0.7,0.3,0.01,50,6,9,1
100,0.5,0.7,0.3,0.01,50,7,9,1
100,0.5,0.7,0.3,0.01,50,8,4,1
100,0.5,0.7,0.3,0.01,50,9,9,1
100,0.5,0.7,0.3,0.01,50,10,9,1
100,0.5,0.7,0.3,0.01,50,11,4,1
100,0.5,0.7,0.3,0.01,50,12,9,1
100,0.5,0.7,0.3,0.01,50,13,9,1
100,0.5,0.7,0.3,0.01,50,14,9,1
100,0.5,0.7,0.3,0.01,50,15,9,1
100,0.5,0.7,0.3,0.01,50,16,9,1
100,0.5,0.7,0.3,0.01,50,17,9,1
100,0.5,0.7,0.3,0.01,50,18,15,1
100,0.5,0.7,0.3,0.01,50,19,9,1
100,0.5,0.7,0.3,0.01,50,20,6,1
100,0.5,0.7,0.3,0.01,50,21,9,1
100,0.5,0.7,0.3,0.01,50,22,9,1
100,0.5,0.7,0.3,0.01,50,23,9,1
100,0.5,0.7,0.3,0.01,50,24,9,1
100,0.5,0.7,0.3,0.01,50,25,9,1
100,0.5,0.7,0.3,0.01,50,26,9,1
100,0.5,0.7,0.3,0.01,50,27,9,1
100,0.5,0.7,0.3,0.01,50,28,9,1
100,0.5,0.7,0.3,0.01,50,29,6,1
100,0.5,0.7,0.3,0.01,50,30,9,1
100,0.5,0.7,0.3,0.01,50,31,9,1
100,0.5,0.7,0.3,0.01,50,32,9,1
100,0.5,0.7,0.3,0.01,50,33,6,1
100,0.5,0.7,0.3,0.01,50,34,9,1
100,0.5,0.7,0.3,0.01,50,35,9,1
100,0.5,0.7,0.3,0.01,50,36,6,1
100,0.5,0.7,0.3,0.01,50,37,6,1
100,0.5,0.7,0.3,0.01,50,38,9,1
100,0.5,0.7,0.3,0.01,50,39,9,1
100,0.5,0.7,0.3,0.01,50,40,9,1
100,0.5,0.7,0.3,0.01,50,41,15,1
100,0.5,0.7,0.3,0.01,50,42,9,1
100,0.5,0.7,0.3,0.01,50,43,9,1
100,0.5,0.7,0.3,0.01,50,44,9,1
100,0.5,0.7,0.3,0.01,50,45,15,1
100,0.5,0.7,0.3,0.01,50,46,9,1
100,0.5,0.7,0.3,0.01,50,47,9,1
100,0.5,0.7,0.3,0.01,50,48,9,1
100,0.5,0.7,0.3,0.01,50,49,9,1
100,0.5,0.7,0.3,0.01,50,50,4,1
10,1,0.7,0.3,0.01,50,1,36,1
10,1,0.7,0.3,0.01,50,2,36,1
10,1,0.7,0.3,0.01,50,3,36,1
10,1,0.7,0.3,0.01,50,4,23,1
10,1,0.7,0.3,0.01,50,5,23,1
10,1,0.7,0.3,0.01,50,6,36,1
10,1,0.7,0.3,0.01,50,7,36,1
10,1,0.7,0.3,0.01,50,8,36,1
10,1,0.7,0.3,0.01,50,9,36,1
10,1,0.7,0.3,0.01,50,10,36,1
10,1,0.7,0.3,0.01,50,11,36,1
10,1,0.7,0.3,0.01,50,12,36,1
10,1,0.7,0.3,0.01,50,13,36,1
10,1,0.7,0.3,0.01,50,14,36,1
10,1,0.7,0.3,0.01,50,15,36,1
10,1,0.7,0.3,0.01,50,16,36,1
10,1,0.7,0.3,0.01,50,17,36,1
10,1,0.7,0.3,0.01,50,18,36,1
10,1,0.7,0.3,0.01,50,19,36,1
10,1,0.7,0.3,0.01,50,20,36,1
10,1,0.7,0.3,0.01,50,21,36,1
10,1,0.7,0.3,0.01,50,22,23,1
10,1,0.7,0.3,0.01,50,23,23,1
10,1,0.7,0.3,0.01,50,24,36,1
10,1,0.7,0.3,0.01,50,25,36,1
10,1,0.7,0.3,0.01,50,26,36,1
10,1,0.7,0.3,0.01,50,27,36,1
10,1,0.7,0.3,0.01,50,28,36,1
10,1,0.7,0.3,0.01,50,29,36,1
10,1,0.7,0.3,0.01,50,30,36,1
10,1,0.7,0.3,0.01,50,31,23,1
10,1,0.7,0.3,0.01,50,32,36,1
10,1,0.7,0.3,0.01,50,33,36,1
10,1,0.7,0.3,0.01,50,34,36,1
10,1,0.7,0.3,0.01,50,35,36,1
10,1,0.7,0.3,0.01,50,36,36,1
10,1,0.7,0.3,0.01,50,37,57,1
10,1,0.7,0.3,0.01,50,38,36,1
10,1,0.7,0.3,0.01,50,39,36,1
10,1,0.7,0.3,0.01,50,40,36,1
10,1,0.7,0.3,0.01,50,41,36,1
10,1,0.7,0.3,0.01,50,42,23,1
10,1,0.7,0.3,0.01,50,43,36,1
10,1,0.7,0.3,0.01,50,44,36,1
10,1,0.7,0.3,0.01,50,45,36,1
10,1,0.7,0.3,0.01,50,46,36,1
10,1,0.7,0.3,0.01,50,47,23,1
10,1,0.7,0.3,0.01,50,48,15,1
10,1,0.7,0.3,0.01,50,49,36,1
10,1,0.7,0.3,0.01,50,50,36,1
30,1,0.7,0.3,0.01,50,1,15,1
30,1,0.7,0.3,0.01,50,2,15,1
30,1,0.7,0.3,0.01,50,3,15,1
30,1,0.7,0.3,0.01,50,4,15,1
30,1,0.7,0.3,0.01,50,5,15,1
30,1,0.7,0.3,0.01,50,6,15,1
30,1,0.7,0.3,0.01,50,7,15,1
30,1,0.7,0.3,0.01,50,8,15,1
30,1,0.7,0.3,0.01,50,9,15,1
30,1,0.7,0.3,0.01,50,10,15,1
30,1,0.7,0.3,0.01,50,11,15,1
30,1,0.7,0.3,0.01,50,12,15,1
30,1,0.7,0.3,0.01,50,13,9,1
30,1,0.7,0.3,0.01,50,14,15,1
30,1,0.7,0.3,0.01,50,15,15,1
30,1,0.7,0.3,0.01,50,16,15,1
30,1,0.7,0.3,0.01,50,17,15,1
30,1,0.7,0.3,0.01,50,18,15,1
30,1,0.7,0.3,0.01,50,19,15,1
30,1,0.7,0.3,0.01,50,20,15,1
30,1,0.7,0.3,0.01,50,21,15,1
30,1,0.7,0.3,0.01,50,22,15,1
30,1,0.7,0.3,0.01,50,23,15,1
30,1,0.7,0.3,0.01,50,24,15,1
30,1,0.7,0.3,0.01,50,25,15,1
30,1,0.7,0.3,0.01,50,26,15,1
30,1,0.7,0.3,0.01,50,27,15,1
30,1,0.7,0.3,0.01,50,28,15,1
30,1,0.7,0.3,0.01,50,29,15,1
30,1,0.7,0.3,0.01,50,30,15,1
30,1,0.7,0.3,0.01,50,31,9,1
30,1,0.7,0.3,0.01,50,32,15,1
30,1,0.7,0.3,0.01,50,33,15,1
30,1,0.7,0.3,0.01,50,34,15,1
30,1,0.7,0.3,0.01,50,35,15,1
30,1,0.7,0.3,0.01,50,36,15,1
30,1,0.7,0.3,0.01,50,37,15,1
30,1,0.7,0.3,0.01,50,38,15,1
30,1,0.7,0.3,0.01,50,39,15,1
30,1,0.7,0.3,0.01,50,40,15,1
30,1,0.7,0.3,0.01,50,41,23,1
30,1,0.7,0.3,0.01,50,42,15,1
30,1,0.7,0.3,0.01,50,43,15,1
30,1,0.7,0.3,0.01,50,44,15,1
30,1,0.7,0.3,0.01,50,45,15,1
30,1,0.7,0.3,0.01,50,46,15,1
30,1,0.7,0.3,0.01,50,47,15,1
30,1,0.7,0.3,0.01,50,48,15,1
30,1,0.7,0.3,0.01,50,49,15,1
30,1,0.7,0.3,0.01,50,50,15,1
60,1,0.7,0.3,0.01,50,1,9,1
60,1,0.7,0.3,0.01,50,2,9,1
60,1,0.7,0.3,0.01,50,3,15,1
60,1,0.7,0.3,0.01,50,4,9,1
60,1,0.7,0.3,0.01,50,5,9,1
60,1,0.7,0.3,0.01,50,6,9,1
60,1,0.7,0.3,0.01,50,7,15,1
60,1,0.7,0.3,0.01,50,8,9,1
60,1,0.7,0.3,0.01,50,9,15,1
60,1,0.7,0.3,0.01,50,10,9,1
60,1,0.7,0.3,0.01,50,11,9,1
60,1,0.7,0.3,0.01,50,12,15,1
60,1,0.7,0.3,0.01,50,13,15,1
60,1,0.7,0.3,0.01,50,14,15,1
60,1,0.7,0.3,0.01,50,15,9,1
60,1,0.7,0.3,0.01,50,16,15,1
60,1,0.7,0.3,0.01,50,17,15,1
60,1,0.7,0.3,0.01,50,18,15,1
60,1,0.7,0.3,0.01,50,19,15,1
60,1,0.7,0.3,0.01,50,20,9,1
60,1,0.7,0.3,0.01,50,21,15,1
60,1,0.7,0.3,0.01,50,22,15,1
60,1,0.7,0.3,0.01,50,23,15,1
60,1,0.7,0.3,0.01,50,24,15,1
60,1,0.7,0.3,0.01,50,25,15,1
60,1,0.7,0.3,0.01,50,26,9,1
60,1,0.7,0.3,0.01,50,27,9,1
60,1,0.7,0.3,0.01,50,28,9,1
60,1,0.7,0.3,0.01,50,29,15,1
60,1,0.7,0.3,0.01,50,30,15,1
60,1,0.7,0.3,0.01,50,31,9,1
60,1,0.7,0.3,0.01,50,32,15,1
60,1,0.7,0.3,0.01,50,33,15,1
60,1,0.7,0.3,0.01,50,34,15,1
60,1,0.7,0.3,0.01,50,35,15,1
60,1,0.7,0.3,0.01,50,36,15,1
60,1,0.7,0.3,0.01,50,37,6,1
60,1,0.7,0.3,0.01,50,38,9,1
60,1,0.7,0.3,0.01,50,39,9,1
60,1,0.7,0.3,0.01,50,40,15,1
60,1,0.7,0.3,0.01,50,41,15,1
60,1,0.7,0.3,0.01,50,42,9,1
60,1,0.7,0.3,0.01,50,43,9,1
60,1,0.7,0.3,0.01,50,44,9,1
60,1,0.7,0.3,0.01,50,45,9,1
60,1,0.7,0.3,0.01,50,46,9,1
60,1,0.7,0.3,0.01,50,47,9,1
60,1,0.7,0.3,0.01,50,48,15,1
60,1,0.7,0.3,0.01,50,49,15,1
60,1,0.7,0.3,0.01,50,50,9,1
100,1,0.7,0.3,0.01,50,1,9,1
100,1,0.7,0.3,0.01,50,2,9,1
100,1,0.7,0.3,0.01,50,3,9,1
100,1,0.7,0.3,0.01,50,4,9,1
100,1,0.7,0.3,0.01,50,5,9,1
100,1,0.7,0.3,0.01,50,6,9,1
100,1,0.7,0.3,0.01,50,7,15,1
100,1,0.7,0.3,0.01,50,8,9,1
100,1,0.7,0.3,0.01,50,9,15,1
100,1,0.7,0.3,0.01,50,10,9,1
100,1,0.7,0.3,0.01,50,11,9,1
100,1,0.7,0.3,0.01,50,12,9,1
100,1,0.7,0.3,0.01,50,13,9,1
100,1,0.7,0.3,0.01,50,14,9,1
100,1,0.7,0.3,0.01,50,15,9,1
100,1,0.7,0.3,0.01,50,16,9,1
100,1,0.7,0.3,0.01,50,17,9,1
100,1,0.7,0.3,0.01,50,18,15,1
100,1,0.7,0.3,0.01,50,19,9,1
100,1,0.7,0.3,0.01,50,20,9,1
100,1,0.7,0.3,0.01,50,21,15,1
100,1,0.7,0.3,0.01,50,22,15,1
100,1,0.7,0.3,0.01,50,23,15,1
100,1,0.7,0.3,0.01,50,24,9,1
100,1,0.7,0.3,0.01,50,25,9,1
100,1,0.7,0.3,0.01,50,26,9,1
100,1,0.7,0.3,0.01,50,27,9,1
100,1,0.7,0.3,0.01,50,28,6,1
100,1,0.7,0.3,0.01,50,29,15,1
100,1,0.7,0.3,0.01,50,30,9,1
100,1,0.7,0.3,0.01,50,31,9,1
100,1,0.7,0.3,0.01,50,32,9,1
100,1,0.7,0.3,0.01,50,33,9,1
100,1,0.7,0.3,0.01,50,34,15,1
100,1,0.7,0.3,0.01,50,35,15,1
100,1,0.7,0.3,0.01,50,36,15,1
100,1,0.7,0.3,0.01,50,37,9,1
100,1,0.7,0.3,0.01,50,38,9,1
100,1,0.7,0.3,0.01,50,39,9,1
100,1,0.7,0.3,0.01,50,40,9,1
100,1,0.7,0.3,0.01,50,41,15,1
100,1,0.7,0.3,0.01,50,42,9,1
100,1,0.7,0.3,0.01,50,43,9,1
100,1,0.7,0.3,0.01,50,44,15,1
100,1,0.7,0.3,0.01,50,45,15,1
100,1,0.7,0.3,0.01,50,46,9,1
100,1,0.7,0.3,0.01,50,47,9,1
100,1,0.7,0.3,0.01,50,48,6,1
100,1,0.7,0.3,0.01,50,49,15,1
100,1,0.7,0.3,0.01,50,50,9,1
10,1.5,0.7,0.3,0.01,50,1,36,1
10,1.5,0.7,0.3,0.01,50,2,36,1
10,1.5,0.7,0.3,0.01,50,3,57,1
10,1.5,0.7,0.3,0.01,50,4,57,1
10,1.5,0.7,0.3,0.01,50,5,36,1
10,1.5,0.7,0.3,0.01,50,6,57,1
10,1.5,0.7,0.3,0.01,50,7,57,1
10,1.5,0.7,0.3,0.01,50,8,36,1
10,1.5,0.7,0.3,0.01,50,9,57,1
10,1.5,0.7,0.3,0.01,50,10,57,1
10,1.5,0.7,0.3,0.01,50,11,57,1
10,1.5,0.7,0.3,0.01,50,12,57,1
10,1.5,0.7,0.3,0.01,50,13,57,1
10,1.5,0.7,0.3,0.01,50,14,57,1
10,1.5,0.7,0.3,0.01,50,15,57,1
10,1.5,0.7,0.3,0.01,50,16,57,1
10,1.5,0.7,0.3,0.01,50,17,36,1
10,1.5,0.7,0.3,0.01,50,18,57,1
10,1.5,0.7,0.3,0.01,50,19,36,1
10,1.5,0.7,0.3,0.01,50,20,36,1
10,1.5,0.7,0.3,0.01,50,21,57,1
10,1.5,0.7,0.3,0.01,50,22,57,1
10,1.5,0.7,0.3,0.01,50,23,57,1
10,1.5,0.7,0.3,0.01,50,24,57,1
10,1.5,0.7,0.3,0.01,50,25,57,1
10,1.5,0.7,0.3,0.01,50,26,57,1
10,1.5,0.7,0.3,0.01,50,27,36,1
10,1.5,0.7,0.3,0.01,50,28,57,1
10,1.5,0.7,0.3,0.01,50,29,36,1
10,1.5,0.7,0.3,0.01,50,30,57,1
10,1.5,0.7,0.3,0.01,50,31,36,1
10,1.5,0.7,0.3,0.01,50,32,36,1
10,1.5,0.7,0.3,0.01,50,33,36,1
10,1.5,0.7,0.3,0.01,50,34,88,1
10,1.5,0.7,0.3,0.01,50,35,36,1
10,1.5,0.7,0.3,0.01,50,36,36,1
10,1.5,0.7,0.3,0.01,50,37,57,1
10,1.5,0.7,0.3,0.01,50,38,57,1
10,1.5,0.7,0.3,0.01,50,39,57,1
10,1.5,0.7,0.3,0.01,50,40,6,1
10,1.5,0.7,0.3,0.01,50,41,57,1
10,1.5,0.7,0.3,0.01,50,42,23,1
10,1.5,0.7,0.3,0.01,50,43,36,1
10,1.5,0.7,0.3,0.01,50,44,57,1
10,1.5,0.7,0.3,0.01,50,45,36,1
10,1.5,0.7,0.3,0.01,50,46,36,1
10,1.5,0.7,0.3,0.01,50,47,36,1
10,1.5,0.7,0.3,0.01,50,48,23,1
10,1.5,0.7,0.3,0.01,50,49,57,1
10,1.5,0.7,0.3,0.01,50,50,57,1
30,1.5,0.7,0.3,0.01,50,1,15,1
30,1.5,0.7,0.3,0.01,50,2,15,1
30,1.5,0.7,0.3,0.01,50,3,15,1
30,1.5,0.7,0.3,0.01,50,4,23,1
30,1.5,0.7,0.3,0.01,50,5,15,1
30,1.5,0.7,0.3,0.01,50,6,23,1
30,1.5,0.7,0.3,0.01,50,7,23,1
30,1.5,0.7,0.3,0.01,50,8,23,1
30,1.5,0.7,0.3,0.01,50,9,23,1
30,1.5,0.7,0.3,0.01,50,10,15,1
30,1.5,0.7,0.3,0.01,50,11,15,1
30,1.5,0.7,0.3,0.01,50,12,23,1
30,1.5,0.7,0.3,0.01,50,13,15,1
30,1.5,0.7,0.3,0.01,50,14,23,1
30,1.5,0.7,0.3,0.01,50,15,23,1
30,1.5,0.7,0.3,0.01,50,16,15,1
30,1.5,0.7,0.3,0.01,50,17,15,1
30,1.5,0.7,0.3,0.01,50,18,15,1
30,1.5,0.7,0.3,0.01,50,19,23,1
30,1.5,0.7,0.3,0.01,50,20,23,1
30,1.5,0.7,0.3,0.01,50,21,15,1
30,1.5,0.7,0.3,0.01,50,22,36,1
30,1.5,0.7,0.3,0.01,50,23,23,1
30,1.5,0.7,0.3,0.01,50,24,15,1
30,1.5,0.7,0.3,0.01,50,25,15,1
30,1.5,0.7,0.3,0.01,50,26,15,1
30,1.5,0.7,0.3,0.01,50,27,23,1
30,1.5,0.7,0.3,0.01,50,28,15,1
30,1.5,0.7,0.3,0.01,50,29,15,1
30,1.5,0.7,0.3,0.01,50,30,23,1
30,1.5,0.7,0.3,0.01,50,31,15,1
30,1.5,0.7,0.3,0.01,50,32,15,1
30,1.5,0.7,0.3,0.01,50,33,23,1
30,1.5,0.7,0.3,0.01,50,34,23,1
30,1.5,0.7,0.3,0.01,50,35,15,1
30,1.5,0.7,0.3,0.01,50,36,15,1
30,1.5,0.7,0.3,0.01,50,37,15,1
30,1.5,0.7,0.3,0.01,50,38,23,1
30,1.5,0.7,0.3,0.01,50,39,23,1
30,1.5,0.7,0.3,0.01,50,40,23,1
30,1.5,0.7,0.3,0.01,50,41,23,1
30,1.5,0.7,0.3,0.01,50,42,15,1
30,1.5,0.7,0.3,0.01,50,43,15,1
30,1.5,0.7,0.3,0.01,50,44,23,1
30,1.5,0.7,0.3,0.01,50,45,23,1
30,1.5,0.7,0.3,0.01,50,46,15,1
30,1.5,0.7,0.3,0.01,50,47,15,1
30,1.5,0.7,0.3,0.01,50,48,15,1
30,1.5,0.7,0.3,0.01,50,49,23,1
30,1.5,0.7,0.3,0.01,50,50,15,1
60,1.5,0.7,0.3,0.01,50,1,15,1
60,1.5,0.7,0.3,0.01,50,2,15,1
60,1.5,0.7,0.3,0.01,50,3,15,1
60,1.5,0.7,0.3,0.01,50,4,15,1
60,1.5,0.7,0.3,0.01,50,5,15,1
60,1.5,0.7,0.3,0.01,50,6,15,1
60,1.5,0.7,0.3,0.01,50,7,6,1
60,1.5,0.7,0.3,0.01,50,8,15,1
60,1.5,0.7,0.3,0.01,50,9,15,1
60,1.5,0.7,0.3,0.01,50,10,15,1
60,1.5,0.7,0.3,0.01,50,11,9,1
60,1.5,0.7,0.3,0.01,50,12,15,1
60,1.5,0.7,0.3,0.01,50,13,15,1
60,1.5,0.7,0.3,0.01,50,14,15,1
60,1.5,0.7,0.3,0.01,50,15,15,1
60,1.5,0.7,0.3,0.01,50,16,15,1
60,1.5,0.7,0.3,0.01,50,17,15,1
60,1.5,0.7,0.3,0.01,50,18,9,1
60,1.5,0.7,0.3,0.01,50,19,15,1
60,1.5,0.7,0.3,0.01,50,20,15,1
60,1.5,0.7,0.3,0.01,50,21,15,1
60,1.5,0.7,0.3,0.01,50,22,23,1
60,1.5,0.7,0.3,0.01,50,23,15,1
60,1.5,0.7,0.3,0.01,50,24,15,1
60,1.5,0.7,0.3,0.01,50,25,15,1
60,1.5,0.7,0.3,0.01,50,26,15,1
60,1.5,0.7,0.3,0.01,50,27,23,1
60,1.5,0.7,0.3,0.01,50,28,15,1
60,1.5,0.7,0.3,0.01,50,29,15,1
60,1.5,0.7,0.3,0.01,50,30,15,1
60,1.5,0.7,0.3,0.01,50,31,15,1
60,1.5,0.7,0.3,0.01,50,32,9,1
60,1.5,0.7,0.3,0.01,50,33,15,1
60,1.5,0.7,0.3,0.01,50,34,15,1
60,1.5,0.7,0.3,0.01,50,35,15,1
60,1.5,0.7,0.3,0.01,50,36,15,1
60,1.5,0.7,0.3,0.01,50,37,15,1
60,1.5,0.7,0.3,0.01,50,38,15,1
60,1.5,0.7,0.3,0.01,50,39,15,1
60,1.5,0.7,0.3,0.01,50,40,15,1
60,1.5,0.7,0.3,0.01,50,41,15,1
60,1.5,0.7,0.3,0.01,50,42,15,1
60,1.5,0.7,0.3,0.01,50,43,15,1
60,1.5,0.7,0.3,0.01,50,44,15,1
60,1.5,0.7,0.3,0.01,50,45,15,1
60,1.5,0.7,0.3,0.01,50,46,9,1
60,1.5,0.7,0.3,0.01,50,47,15,1
60,1.5,0.7,0.3,0.01,50,48,15,1
60,1.5,0.7,0.3,0.01,50,49,15,1
60,1.5,0.7,0.3,0.01,50,50,15,1
100,1.5,0.7,0.3,0.01,50,1,9,1
100,1.5,0.7,0.3,0.01,50,2,15,1
100,1.5,0.7,0.3,0.01,50,3,15,1
100,1.5,0.7,0.3,0.01,50,4,15,1
100,1.5,0.7,0.3,0.01,50,5,15,1
100,1.5,0.7,0.3,0.01,50,6,15,1
100,1.5,0.7,0.3,0.01,50,7,23,1
100,1.5,0.7,0.3,0.01,50,8,15,1
100,1.5,0.7,0.3,0.01,50,9,15,1
100,1.5,0.7,0.3,0.01,50,10,15,1
100,1.5,0.7,0.3,0.01,50,11,15,1
100,1.5,0.7,0.3,0.01,50,12,15,1
100,1.5,0.7,0.3,0.01,50,13,15,1
100,1.5,0.7,0.3,0.01,50,14,15,1
100,1.5,0.7,0.3,0.01,50,15,15,1
100,1.5,0.7,0.3,0.01,50,16,15,1
100,1.5,0.7,0.3,0.01,50,17,9,1
100,1.5,0.7,0.3,0.01,50,18,15,1
100,1.5,0.7,0.3,0.01,50,19,15,1
100,1.5,0.7,0.3,0.01,50,20,15,1
100,1.5,0.7,0.3,0.01,50,21,15,1
100,1.5,0.7,0.3,0.01,50,22,15,1
100,1.5,0.7,0.3,0.01,50,23,15,1
100,1.5,0.7,0.3,0.01,50,24,9,1
100,1.5,0.7,0.3,0.01,50,25,15,1
100,1.5,0.7,0.3,0.01,50,26,15,1
100,1.5,0.7,0.3,0.01,50,27,15,1
100,1.5,0.7,0.3,0.01,50,28,15,1
100,1.5,0.7,0.3,0.01,50,29,9,1
100,1.5,0.7,0.3,0.01,50,30,9,1
100,1.5,0.7,0.3,0.01,50,31,15,1
100,1.5,0.7,0.3,0.01,50,32,15,1
100,1.5,0.7,0.3,0.01,50,33,15,1
100,1.5,0.7,0.3,0.01,50,34,15,1
100,1.5,0.7,0.3,0.01,50,35,6,1
100,1.5,0.7,0.3,0.01,50,36,15,1
100,1.5,0.7,0.3,0.01,50,37,15,1
100,1.5,0.7,0.3,0.01,50,38,9,1
100,1.5,0.7,0.3,0.01,50,39,15,1
100,1.5,0.7,0.3,0.01,50,40,9,1
100,1.5,0.7,0.3,0.01,50,41,15,1
100,1.5,0.7,0.3,0.01,50,42,15,1
100,1.5,0.7,0.3,0.01,50,43,9,1
100,1.5,0.7,0.3,0.01,50,44,9,1
100,1.5,0.7,0.3,0.01,50,45,15,1
100,1.5,0.7,0.3,0.01,50,46,9,1
100,1.5,0.7,0.3,0.01,50,47,15,1
100,1.5,0.7,0.3,0.01,50,48,9,1
100,1.5,0.7,0.3,0.01,50,49,15,1
100,1.5,0.7,0.3,0.01,50,50,9,1
10,0.5,0.5,0.4,0.01,50,1,139,1
10,0.5,0.5,0.4,0.01,50,2,88,1
10,0.5,0.5,0.4,0.01,50,3,139,1
10,0.5,0.5,0.4,0.01,50,4,340,1
10,0.5,0.5,0.4,0.01,50,5,139,1
10,0.5,0.5,0.4,0.01,50,6,217,1
10,0.5,0.5,0.4,0.01,50,7,57,1
10,0.5,0.5,0.4,0.01,50,8,139,1
10,0.5,0.5,0.4,0.01,50,9,139,1
10,0.5,0.5,0.4,0.01,50,10,217,1
10,0.5,0.5,0.4,0.01,50,11,88,1
10,0.5,0.5,0.4,0.01,50,12,217,1
10,0.5,0.5,0.4,0.01,50,13,88,1
10,0.5,0.5,0.4,0.01,50,14,139,1
10,0.5,0.5,0.4,0.01,50,15,88,1
10,0.5,0.5,0.4,0.01,50,16,88,1
10,0.5,0.5,0.4,0.01,50,17,139,1
10,0.5,0.5,0.4,0.01,50,18,217,1
10,0.5,0.5,0.4,0.01,50,19,217,1
10,0.5,0.5,0.4,0.01,50,20,217,1
10,0.5,0.5,0.4,0.01,50,21,217,1
10,0.5,0.5,0.4,0.01,50,22,139,1
10,0.5,0.5,0.4,0.01,50,23,217,1
10,0.5,0.5,0.4,0.01,50,24,217,1
10,0.5,0.5,0.4,0.01,50,25,217,1
10,0.5,0.5,0.4,0.01,50,26,57,1
10,0.5,0.5,0.4,0.01,50,27,217,1
10,0.5,0.5,0.4,0.01,50,28,57,1
10,0.5,0.5,0.4,0.01,50,29,217,1
10,0.5,0.5,0.4,0.01,50,30,139,1
10,0.5,0.5,0.4,0.01,50,31,139,1
10,0.5,0.5,0.4,0.01,50,32,139,1
10,0.5,0.5,0.4,0.01,50,33,139,1
10,0.5,0.5,0.4,0.01,50,34,340,1
10,0.5,0.5,0.4,0.01,50,35,139,1
10,0.5,0.5,0.4,0.01,50,36,139,1
10,0.5,0.5,0.4,0.01,50,37,217,1
10,0.5,0.5,0.4,0.01,50,38,217,1
10,0.5,0.5,0.4,0.01,50,39,217,1
10,0.5,0.5,0.4,0.01,50,40,139,1
10,0.5,0.5,0.4,0.01,50,41,139,1
10,0.5,0.5,0.4,0.01,50,42,88,1
10,0.5,0.5,0.4,0.01,50,43,139,1
10,0.5,0.5,0.4,0.01,50,44,217,1
10,0.5,0.5,0.4,0.01,50,45,217,1
10,0.5,0.5,0.4,0.01,50,46,217,1
10,0.5,0.5,0.4,0.01,50,47,217,1
10,0.5,0.5,0.4,0.01,50,48,217,1
10,0.5,0.5,0.4,0.01,50,49,217,1
10,0.5,0.5,0.4,0.01,50,50,88,1
30,0.5,0.5,0.4,0.01,50,1,36,1
30,0.5,0.5,0.4,0.01,50,2,57,1
30,0.5,0.5,0.4,0.01,50,3,57,1
30,0.5,0.5,0.4,0.01,50,4,23,1
30,0.5,0.5,0.4,0.01,50,5,36,1
30,0.5,0.5,0.4,0.01,50,6,36,1
30,0.5,0.5,0.4,0.01,50,7,36,1
30,0.5,0.5,0.4,0.01,50,8,57,1
30,0.5,0.5,0.4,0.01,50,9,57,1
30,0.5,0.5,0.4,0.01,50,10,57,1
30,0.5,0.5,0.4,0.01,50,11,57,1
30,0.5,0.5,0.4,0.01,50,12,57,1
30,0.5,0.5,0.4,0.01,50,13,36,1
30,0.5,0.5,0.4,0.01,50,14,36,1
30,0.5,0.5,0.4,0.01,50,15,36,1
30,0.5,0.5,0.4,0.01,50,16,57,1
30,0.5,0.5,0.4,0.01,50,17,57,1
30,0.5,0.5,0.4,0.01,50,18,57,1
30,0.5,0.5,0.4,0.01,50,19,36,1
30,0.5,0.5,0.4,0.01,50,20,57,1
30,0.5,0.5,0.4,0.01,50,21,57,1
30,0.5,0.5,0.4,0.01,50,22,36,1
30,0.5,0.5,0.4,0.01,50,23,57,1
30,0.5,0.5,0.4,0.01,50,24,57,1
30,0.5,0.5,0.4,0.01,50,25,57,1
30,0.5,0.5,0.4,0.01,50,26,36,1
30,0.5,0.5,0.4,0.01,50,27,88,1
30,0.5,0.5,0.4,0.01,50,28,57,1
30,0.5,0.5,0.4,0.01,50,29,57,1
30,0.5,0.5,0.4,0.01,50,30,88,1
30,0.5,0.5,0.4,0.01,50,31,36,1
30,0.5,0.5,0.4,0.01,50,32,57,1
30,0.5,0.5,0.4,0.01,50,33,36,1
30,0.5,0.5,0.4,0.01,50,34,57,1
30,0.5,0.5,0.4,0.01,50,35,36,1
30,0.5,0.5,0.4,0.01,50,36,57,1
30,0.5,0.5,0.4,0.01,50,37,57,1
30,0.5,0.5,0.4,0.01,50,38,57,1
30,0.5,0.5,0.4,0.01,50,39,57,1
30,0.5,0.5,0.4,0.01,50,40,36,1
30,0.5,0.5,0.4,0.01,50,41,36,1
30,0.5,0.5,0.4,0.01,50,42,57,1
30,0.5,0.5,0.4,0.01,50,43,57,1
30,0.5,0.5,0.4,0.01,50,44,57,1
30,0.5,0.5,0.4,0.01,50,45,36,1
30,0.5,0.5,0.4,0.01,50,46,57,1
30,0.5,0.5,0.4,0.01,50,47,57,1
30,0.5,0.5,0.4,0.01,50,48,57,1
30,0.5,0.5,0.4,0.01,50,49,57,1
30,0.5,0.5,0.4,0.01,50,50,57,1
60,0.5,0.5,0.4,0.01,50,1,36,1
60,0.5,0.5,0.4,0.01,50,2,36,1
60,0.5,0.5,0.4,0.01,50,3,57,1
60,0.5,0.5,0.4,0.01,50,4,23,1
60,0.5,0.5,0.4,0.01,50,5,36,1
60,0.5,0.5,0.4,0.01,50,6,36,1
60,0.5,0.5,0.4,0.01,50,7,23,1
60,0.5,0.5,0.4,0.01,50,8,23,1
60,0.5,0.5,0.4,0.01,50,9,36,1
60,0.5,0.5,0.4,0.01,50,10,36,1
60,0.5,0.5,0.4,0.01,50,11,36,1
60,0.5,0.5,0.4,0.01,50,12,36,1
60,0.5,0.5,0.4,0.01,50,13,23,1
60,0.5,0.5,0.4,0.01,50,14,23,1
60,0.5,0.5,0.4,0.01,50,15,36,1
60,0.5,0.5,0.4,0.01,50,16,36,1
60,0.5,0.5,0.4,0.01,50,17,57,1
60,0.5,0.5,0.4,0.01,50,18,36,1
60,0.5,0.5,0.4,0.01,50,19,23,1
60,0.5,0.5,0.4,0.01,50,20,36,1
60,0.5,0.5,0.4,0.01,50,21,36,1
60,0.5,0.5,0.4,0.01,50,22,36,1
60,0.5,0.5,0.4,0.01,50,23,36,1
60,0.5,0.5,0.4,0.01,50,24,36,1
60,0.5,0.5,0.4,0.01,50,25,36,1
60,0.5,0.5,0.4,0.01,50,26,36,1
60,0.5,0.5,0.4,0.01,50,27,57,1
60,0.5,0.5,0.4,0.01,50,28,36,1
60,0.5,0.5,0.4,0.01,50,29,23,1
60,0.5,0.5,0.4,0.01,50,30,36,1
60,0.5,0.5,0.4,0.01,50,31,36,1
60,0.5,0.5,0.4,0.01,50,32,36,1
60,0.5,0.5,0.4,0.01,50,33,36,1
60,0.5,0.5,0.4,0.01,50,34,36,1
60,0.5,0.5,0.4,0.01,50,35,36,1
60,0.5,0.5,0.4,0.01,50,36,57,1
60,0.5,0.5,0.4,0.01,50,37,36,1
60,0.5,0.5,0.4,0.01,50,38,36,1
60,0.5,0.5,0.4,0.01,50,39,36,1
60,0.5,0.5,0.4,0.01,50,40,36,1
60,0.5,0.5,0.4,0.01,50,41,36,1
60,0.5,0.5,0.4,0.01,50,42,57,1
60,0.5,0.5,0.4,0.01,50,43,36,1
60,0.5,0.5,0.4,0.01,50,44,36,1
60,0.5,0.5,0.4,0.01,50,45,36,1
60,0.5,0.5,0.4,0.01,50,46,36,1
60,0.5,0.5,0.4,0.01,50,47,57,1
60,0.5,0.5,0.4,0.01,50,48,23,1
60,0.5,0.5,0.4,0.01,50,49,36,1
60,0.5,0.5,0.4,0.01,50,50,23,1
100,0.5,0.5,0.4,0.01,50,1,36,1
100,0.5,0.5,0.4,0.01,50,2,36,1
100,0.5,0.5,0.4,0.01,50,3,57,1
100,0.5,0.5,0.4,0.01,50,4,23,1
100,0.5,0.5,0.4,0.01,50,5,36,1
100,0.5,0.5,0.4,0.01,50,6,36,1
100,0.5,0.5,0.4,0.01,50,7,23,1
100,0.5,0.5,0.4,0.01,50,8,23,1
100,0.5,0.5,0.4,0.01,50,9,36,1
100,0.5,0.5,0.4,0.01,50,10,36,1
100,0.5,0.5,0.4,0.01,50,11,36,1
100,0.5,0.5,0.4,0.01,50,12,23,1
100,0.5,0.5,0.4,0.01,50,13,23,1
100,0.5,0.5,0.4,0.01,50,14,23,1
100,0.5,0.5,0.4,0.01,50,15,36,1
100,0.5,0.5,0.4,0.01,50,16,36,1
100,0.5,0.5,0.4,0.01,50,17,36,1
100,0.5,0.5,0.4,0.01,50,18,36,1
100,0.5,0.5,0.4,0.01,50,19,23,1
100,0.5,0.5,0.4,0.01,50,20,36,1
100,0.5,0.5,0.4,0.01,50,21,36,1
100,0.5,0.5,0.4,0.01,50,22,36,1
100,0.5,0.5,0.4,0.01,50,23,36,1
100,0.5,0.5,0.4,0.01,50,24,36,1
100,0.5,0.5,0.4,0.01,50,25,36,1
100,0.5,0.5,0.4,0.01,50,26,36,1
100,0.5,0.5,0.4,0.01,50,27,36,1
100,0.5,0.5,0.4,0.01,50,28,36,1
100,0.5,0.5,0.4,0.01,50,29,23,1
100,0.5,0.5,0.4,0.01,50,30,36,1
100,0.5,0.5,0.4,0.01,50,31,23,1
100,0.5,0.5,0.4,0.01,50,32,36,1
100,0.5,0.5,0.4,0.01,50,33,36,1
100,0.5,0.5,0.4,0.01,50,34,36,1
100,0.5,0.5,0.4,0.01,50,35,36,1
100,0.5,0.5,0.4,0.01,50,36,36,1
100,0.5,0.5,0.4,0.01,50,37,36,1
100,0.5,0.5,0.4,0.01,50,38,36,1
100,0.5,0.5,0.4,0.01,50,39,36,1
100,0.5,0.5,0.4,0.01,50,40,36,1
100,0.5,0.5,0.4,0.01,50,41,36,1
100,0.5,0.5,0.4,0.01,50,42,36,1
100,0.5,0.5,0.4,0.01,50,43,36,1
100,0.5,0.5,0.4,0.01,50,44,36,1
100,0.5,0.5,0.4,0.01,50,45,36,1
100,0.5,0.5,0.4,0.01,50,46,36,1
100,0.5,0.5,0.4,0.01,50,47,57,1
100,0.5,0.5,0.4,0.01,50,48,23,1
100,0.5,0.5,0.4,0.01,50,49,23,1
100,0.5,0.5,0.4,0.01,50,50,23,1
10,1,0.5,0.4,0.01,50,1,217,1
10,1,0.5,0.4,0.01,50,2,139,1
10,1,0.5,0.4,0.01,50,3,340,1
10,1,0.5,0.4,0.01,50,4,832,1
10,1,0.5,0.4,0.01,50,5,217,1
10,1,0.5,0.4,0.01,50,6,217,1
10,1,0.5,0.4,0.01,50,7,88,1
10,1,0.5,0.4,0.01,50,8,340,1
10,1,0.5,0.4,0.01,50,9,532,1
10,1,0.5,0.4,0.01,50,10,88,1
10,1,0.5,0.4,0.01,50,11,532,1
10,1,0.5,0.4,0.01,50,12,532,1
10,1,0.5,0.4,0.01,50,13,NA,1
10,1,0.5,0.4,0.01,50,14,139,1
10,1,0.5,0.4,0.01,50,15,340,1
10,1,0.5,0.4,0.01,50,16,340,1
10,1,0.5,0.4,0.01,50,17,532,1
10,1,0.5,0.4,0.01,50,18,3194,1
10,1,0.5,0.4,0.01,50,19,532,1
10,1,0.5,0.4,0.01,50,20,340,1
10,1,0.5,0.4,0.01,50,21,340,1
10,1,0.5,0.4,0.01,50,22,217,1
10,1,0.5,0.4,0.01,50,23,217,1
10,1,0.5,0.4,0.01,50,24,832,1
10,1,0.5,0.4,0.01,50,25,217,1
10,1,0.5,0.4,0.01,50,26,139,1
10,1,0.5,0.4,0.01,50,27,832,1
10,1,0.5,0.4,0.01,50,28,532,1
10,1,0.5,0.4,0.01,50,29,217,1
10,1,0.5,0.4,0.01,50,30,217,1
10,1,0.5,0.4,0.01,50,31,832,1
10,1,0.5,0.4,0.01,50,32,139,1
10,1,0.5,0.4,0.01,50,33,217,1
10,1,0.5,0.4,0.01,50,34,532,1
10,1,0.5,0.4,0.01,50,35,217,1
10,1,0.5,0.4,0.01,50,36,532,1
10,1,0.5,0.4,0.01,50,37,340,1
10,1,0.5,0.4,0.01,50,38,2040,1
10,1,0.5,0.4,0.01,50,39,1303,1
10,1,0.5,0.4,0.01,50,40,139,1
10,1,0.5,0.4,0.01,50,41,340,1
10,1,0.5,0.4,0.01,50,42,88,1
10,1,0.5,0.4,0.01,50,43,340,1
10,1,0.5,0.4,0.01,50,44,1303,1
10,1,0.5,0.4,0.01,50,45,532,1
10,1,0.5,0.4,0.01,50,46,139,1
10,1,0.5,0.4,0.01,50,47,532,1
10,1,0.5,0.4,0.01,50,48,217,1
10,1,0.5,0.4,0.01,50,49,340,1
10,1,0.5,0.4,0.01,50,50,340,1
30,1,0.5,0.4,0.01,50,1,88,1
30,1,0.5,0.4,0.01,50,2,57,1
30,1,0.5,0.4,0.01,50,3,88,1
30,1,0.5,0.4,0.01,50,4,88,1
30,1,0.5,0.4,0.01,50,5,57,1
30,1,0.5,0.4,0.01,50,6,88,1
30,1,0.5,0.4,0.01,50,7,36,1
30,1,0.5,0.4,0.01,50,8,88,1
30,1,0.5,0.4,0.01,50,9,88,1
30,1,0.5,0.4,0.01,50,10,36,1
30,1,0.5,0.4,0.01,50,11,88,1
30,1,0.5,0.4,0.01,50,12,57,1
30,1,0.5,0.4,0.01,50,13,57,1
30,1,0.5,0.4,0.01,50,14,57,1
30,1,0.5,0.4,0.01,50,15,57,1
30,1,0.5,0.4,0.01,50,16,88,1
30,1,0.5,0.4,0.01,50,17,139,1
30,1,0.5,0.4,0.01,50,18,88,1
30,1,0.5,0.4,0.01,50,19,88,1
30,1,0.5,0.4,0.01,50,20,88,1
30,1,0.5,0.4,0.01,50,21,57,1
30,1,0.5,0.4,0.01,50,22,57,1
30,1,0.5,0.4,0.01,50,23,23,1
30,1,0.5,0.4,0.01,50,24,139,1
30,1,0.5,0.4,0.01,50,25,23,1
30,1,0.5,0.4,0.01,50,26,23,1
30,1,0.5,0.4,0.01,50,27,139,1
30,1,0.5,0.4,0.01,50,28,57,1
30,1,0.5,0.4,0.01,50,29,88,1
30,1,0.5,0.4,0.01,50,30,88,1
30,1,0.5,0.4,0.01,50,31,88,1
30,1,0.5,0.4,0.01,50,32,57,1
30,1,0.5,0.4,0.01,50,33,57,1
30,1,0.5,0.4,0.01,50,34,88,1
30,1,0.5,0.4,0.01,50,35,88,1
30,1,0.5,0.4,0.01,50,36,57,1
30,1,0.5,0.4,0.01,50,37,88,1
30,1,0.5,0.4,0.01,50,38,88,1
30,1,0.5,0.4,0.01,50,39,88,1
30,1,0.5,0.4,0.01,50,40,36,1
30,1,0.5,0.4,0.01,50,41,57,1
30,1,0.5,0.4,0.01,50,42,57,1
30,1,0.5,0.4,0.01,50,43,57,1
30,1,0.5,0.4,0.01,50,44,57,1
30,1,0.5,0.4,0.01,50,45,57,1
30,1,0.5,0.4,0.01,50,46,57,1
30,1,0.5,0.4,0.01,50,47,139,1
30,1,0.5,0.4,0.01,50,48,88,1
30,1,0.5,0.4,0.01,50,49,36,1
30,1,0.5,0.4,0.01,50,50,57,1
60,1,0.5,0.4,0.01,50,1,36,1
60,1,0.5,0.4,0.01,50,2,57,1
60,1,0.5,0.4,0.01,50,3,88,1
60,1,0.5,0.4,0.01,50,4,57,1
60,1,0.5,0.4,0.01,50,5,57,1
60,1,0.5,0.4,0.01,50,6,57,1
60,1,0.5,0.4,0.01,50,7,36,1
60,1,0.5,0.4,0.01,50,8,57,1
60,1,0.5,0.4,0.01,50,9,57,1
60,1,0.5,0.4,0.01,50,10,36,1
60,1,0.5,0.4,0.01,50,11,36,1
60,1,0.5,0.4,0.01,50,12,57,1
60,1,0.5,0.4,0.01,50,13,36,1
60,1,0.5,0.4,0.01,50,14,23,1
60,1,0.5,0.4,0.01,50,15,23,1
60,1,0.5,0.4,0.01,50,16,57,1
60,1,0.5,0.4,0.01,50,17,88,1
60,1,0.5,0.4,0.01,50,18,57,1
60,1,0.5,0.4,0.01,50,19,36,1
60,1,0.5,0.4,0.01,50,20,57,1
60,1,0.5,0.4,0.01,50,21,36,1
60,1,0.5,0.4,0.01,50,22,36,1
60,1,0.5,0.4,0.01,50,23,23,1
60,1,0.5,0.4,0.01,50,24,57,1
60,1,0.5,0.4,0.01,50,25,23,1
60,1,0.5,0.4,0.01,50,26,23,1
60,1,0.5,0.4,0.01,50,27,57,1
60,1,0.5,0.4,0.01,50,28,57,1
60,1,0.5,0.4,0.01,50,29,88,1
60,1,0.5,0.4,0.01,50,30,57,1
60,1,0.5,0.4,0.01,50,31,57,1
60,1,0.5,0.4,0.01,50,32,57,1
60,1,0.5,0.4,0.01,50,33,57,1
60,1,0.5,0.4,0.01,50,34,57,1
60,1,0.5,0.4,0.01,50,35,57,1
60,1,0.5,0.4,0.01,50,36,57,1
60,1,0.5,0.4,0.01,50,37,88,1
60,1,0.5,0.4,0.01,50,38,36,1
60,1,0.5,0.4,0.01,50,39,36,1
60,1,0.5,0.4,0.01,50,40,36,1
60,1,0.5,0.4,0.01,50,41,57,1
60,1,0.5,0.4,0.01,50,42,57,1
60,1,0.5,0.4,0.01,50,43,57,1
60,1,0.5,0.4,0.01,50,44,36,1
60,1,0.5,0.4,0.01,50,45,36,1
60,1,0.5,0.4,0.01,50,46,36,1
60,1,0.5,0.4,0.01,50,47,88,1
60,1,0.5,0.4,0.01,50,48,57,1
60,1,0.5,0.4,0.01,50,49,36,1
60,1,0.5,0.4,0.01,50,50,57,1
100,1,0.5,0.4,0.01,50,1,23,1
100,1,0.5,0.4,0.01,50,2,57,1
100,1,0.5,0.4,0.01,50,3,57,1
100,1,0.5,0.4,0.01,50,4,36,1
100,1,0.5,0.4,0.01,50,5,36,1
100,1,0.5,0.4,0.01,50,6,57,1
100,1,0.5,0.4,0.01,50,7,23,1
100,1,0.5,0.4,0.01,50,8,36,1
100,1,0.5,0.4,0.01,50,9,57,1
100,1,0.5,0.4,0.01,50,10,36,1
100,1,0.5,0.4,0.01,50,11,15,1
100,1,0.5,0.4,0.01,50,12,36,1
100,1,0.5,0.4,0.01,50,13,36,1
100,1,0.5,0.4,0.01,50,14,57,1
100,1,0.5,0.4,0.01,50,15,15,1
100,1,0.5,0.4,0.01,50,16,36,1
100,1,0.5,0.4,0.01,50,17,88,1
100,1,0.5,0.4,0.01,50,18,23,1
100,1,0.5,0.4,0.01,50,19,36,1
100,1,0.5,0.4,0.01,50,20,36,1
100,1,0.5,0.4,0.01,50,21,36,1
100,1,0.5,0.4,0.01,50,22,36,1
100,1,0.5,0.4,0.01,50,23,36,1
100,1,0.5,0.4,0.01,50,24,57,1
100,1,0.5,0.4,0.01,50,25,23,1
100,1,0.5,0.4,0.01,50,26,15,1
100,1,0.5,0.4,0.01,50,27,57,1
100,1,0.5,0.4,0.01,50,28,57,1
100,1,0.5,0.4,0.01,50,29,36,1
100,1,0.5,0.4,0.01,50,30,36,1
100,1,0.5,0.4,0.01,50,31,36,1
100,1,0.5,0.4,0.01,50,32,36,1
100,1,0.5,0.4,0.01,50,33,36,1
100,1,0.5,0.4,0.01,50,34,57,1
100,1,0.5,0.4,0.01,50,35,57,1
100,1,0.5,0.4,0.01,50,36,57,1
100,1,0.5,0.4,0.01,50,37,88,1
100,1,0.5,0.4,0.01,50,38,57,1
100,1,0.5,0.4,0.01,50,39,36,1
100,1,0.5,0.4,0.01,50,40,36,1
100,1,0.5,0.4,0.01,50,41,57,1
100,1,0.5,0.4,0.01,50,42,57,1
100,1,0.5,0.4,0.01,50,43,57,1
100,1,0.5,0.4,0.01,50,44,57,1
100,1,0.5,0.4,0.01,50,45,36,1
100,1,0.5,0.4,0.01,50,46,36,1
100,1,0.5,0.4,0.01,50,47,57,1
100,1,0.5,0.4,0.01,50,48,57,1
100,1,0.5,0.4,0.01,50,49,23,1
100,1,0.5,0.4,0.01,50,50,57,1
10,1.5,0.5,0.4,0.01,50,1,NA,1
10,1.5,0.5,0.4,0.01,50,2,NA,1
10,1.5,0.5,0.4,0.01,50,3,NA,1
10,1.5,0.5,0.4,0.01,50,4,NA,1
10,1.5,0.5,0.4,0.01,50,5,NA,1
10,1.5,0.5,0.4,0.01,50,6,NA,1
10,1.5,0.5,0.4,0.01,50,7,NA,1
10,1.5,0.5,0.4,0.01,50,8,NA,1
10,1.5,0.5,0.4,0.01,50,9,NA,1
10,1.5,0.5,0.4,0.01,50,10,NA,1
10,1.5,0.5,0.4,0.01,50,11,NA,1
10,1.5,0.5,0.4,0.01,50,12,NA,1
10,1.5,0.5,0.4,0.01,50,13,NA,1
10,1.5,0.5,0.4,0.01,50,14,139,1
10,1.5,0.5,0.4,0.01,50,15,532,1
10,1.5,0.5,0.4,0.01,50,16,NA,1
10,1.5,0.5,0.4,0.01,50,17,NA,1
10,1.5,0.5,0.4,0.01,50,18,NA,1
10,1.5,0.5,0.4,0.01,50,19,NA,1
10,1.5,0.5,0.4,0.01,50,20,NA,1
10,1.5,0.5,0.4,0.01,50,21,NA,1
10,1.5,0.5,0.4,0.01,50,22,NA,1
10,1.5,0.5,0.4,0.01,50,23,340,1
10,1.5,0.5,0.4,0.01,50,24,NA,1
10,1.5,0.5,0.4,0.01,50,25,340,1
10,1.5,0.5,0.4,0.01,50,26,NA,1
10,1.5,0.5,0.4,0.01,50,27,NA,1
10,1.5,0.5,0.4,0.01,50,28,NA,1
10,1.5,0.5,0.4,0.01,50,29,NA,1
10,1.5,0.5,0.4,0.01,50,30,NA,1
10,1.5,0.5,0.4,0.01,50,31,NA,1
10,1.5,0.5,0.4,0.01,50,32,NA,1
10,1.5,0.5,0.4,0.01,50,33,NA,1
10,1.5,0.5,0.4,0.01,50,34,2040,1
10,1.5,0.5,0.4,0.01,50,35,NA,1
10,1.5,0.5,0.4,0.01,50,36,NA,1
10,1.5,0.5,0.4,0.01,50,37,NA,1
10,1.5,0.5,0.4,0.01,50,38,NA,1
10,1.5,0.5,0.4,0.01,50,39,NA,1
10,1.5,0.5,0.4,0.01,50,40,217,1
10,1.5,0.5,0.4,0.01,50,41,NA,1
10,1.5,0.5,0.4,0.01,50,42,NA,1
10,1.5,0.5,0.4,0.01,50,43,NA,1
10,1.5,0.5,0.4,0.01,50,44,NA,1
10,1.5,0.5,0.4,0.01,50,45,NA,1
10,1.5,0.5,0.4,0.01,50,46,NA,1
10,1.5,0.5,0.4,0.01,50,47,NA,1
10,1.5,0.5,0.4,0.01,50,48,NA,1
10,1.5,0.5,0.4,0.01,50,49,NA,1
10,1.5,0.5,0.4,0.01,50,50,NA,1
30,1.5,0.5,0.4,0.01,50,1,88,1
30,1.5,0.5,0.4,0.01,50,2,139,1
30,1.5,0.5,0.4,0.01,50,3,139,1
30,1.5,0.5,0.4,0.01,50,4,NA,1
30,1.5,0.5,0.4,0.01,50,5,139,1
30,1.5,0.5,0.4,0.01,50,6,340,1
30,1.5,0.5,0.4,0.01,50,7,88,1
30,1.5,0.5,0.4,0.01,50,8,340,1
30,1.5,0.5,0.4,0.01,50,9,139,1
30,1.5,0.5,0.4,0.01,50,10,139,1
30,1.5,0.5,0.4,0.01,50,11,217,1
30,1.5,0.5,0.4,0.01,50,12,88,1
30,1.5,0.5,0.4,0.01,50,13,NA,1
30,1.5,0.5,0.4,0.01,50,14,57,1
30,1.5,0.5,0.4,0.01,50,15,88,1
30,1.5,0.5,0.4,0.01,50,16,217,1
30,1.5,0.5,0.4,0.01,50,17,532,1
30,1.5,0.5,0.4,0.01,50,18,217,1
30,1.5,0.5,0.4,0.01,50,19,340,1
30,1.5,0.5,0.4,0.01,50,20,139,1
30,1.5,0.5,0.4,0.01,50,21,139,1
30,1.5,0.5,0.4,0.01,50,22,139,1
30,1.5,0.5,0.4,0.01,50,23,217,1
30,1.5,0.5,0.4,0.01,50,24,340,1
30,1.5,0.5,0.4,0.01,50,25,139,1
30,1.5,0.5,0.4,0.01,50,26,217,1
30,1.5,0.5,0.4,0.01,50,27,217,1
30,1.5,0.5,0.4,0.01,50,28,832,1
30,1.5,0.5,0.4,0.01,50,29,340,1
30,1.5,0.5,0.4,0.01,50,30,217,1
30,1.5,0.5,0.4,0.01,50,31,217,1
30,1.5,0.5,0.4,0.01,50,32,139,1
30,1.5,0.5,0.4,0.01,50,33,88,1
30,1.5,0.5,0.4,0.01,50,34,88,1
30,1.5,0.5,0.4,0.01,50,35,139,1
30,1.5,0.5,0.4,0.01,50,36,88,1
30,1.5,0.5,0.4,0.01,50,37,139,1
30,1.5,0.5,0.4,0.01,50,38,NA,1
30,1.5,0.5,0.4,0.01,50,39,217,1
30,1.5,0.5,0.4,0.01,50,40,88,1
30,1.5,0.5,0.4,0.01,50,41,6,1
30,1.5,0.5,0.4,0.01,50,42,217,1
30,1.5,0.5,0.4,0.01,50,43,88,1
30,1.5,0.5,0.4,0.01,50,44,139,1
30,1.5,0.5,0.4,0.01,50,45,340,1
30,1.5,0.5,0.4,0.01,50,46,139,1
30,1.5,0.5,0.4,0.01,50,47,3194,1
30,1.5,0.5,0.4,0.01,50,48,139,1
30,1.5,0.5,0.4,0.01,50,49,57,1
30,1.5,0.5,0.4,0.01,50,50,139,1
60,1.5,0.5,0.4,0.01,50,1,88,1
60,1.5,0.5,0.4,0.01,50,2,139,1
60,1.5,0.5,0.4,0.01,50,3,139,1
60,1.5,0.5,0.4,0.01,50,4,217,1
60,1.5,0.5,0.4,0.01,50,5,139,1
60,1.5,0.5,0.4,0.01,50,6,139,1
60,1.5,0.5,0.4,0.01,50,7,57,1
60,1.5,0.5,0.4,0.01,50,8,57,1
60,1.5,0.5,0.4,0.01,50,9,88,1
60,1.5,0.5,0.4,0.01,50,10,139,1
60,1.5,0.5,0.4,0.01,50,11,139,1
60,1.5,0.5,0.4,0.01,50,12,88,1
60,1.5,0.5,0.4,0.01,50,13,340,1
60,1.5,0.5,0.4,0.01,50,14,57,1
60,1.5,0.5,0.4,0.01,50,15,57,1
60,1.5,0.5,0.4,0.01,50,16,88,1
60,1.5,0.5,0.4,0.01,50,17,139,1
60,1.5,0.5,0.4,0.01,50,18,88,1
60,1.5,0.5,0.4,0.01,50,19,57,1
60,1.5,0.5,0.4,0.01,50,20,139,1
60,1.5,0.5,0.4,0.01,50,21,57,1
60,1.5,0.5,0.4,0.01,50,22,88,1
60,1.5,0.5,0.4,0.01,50,23,139,1
60,1.5,0.5,0.4,0.01,50,24,217,1
60,1.5,0.5,0.4,0.01,50,25,139,1
60,1.5,0.5,0.4,0.01,50,26,57,1
60,1.5,0.5,0.4,0.01,50,27,217,1
60,1.5,0.5,0.4,0.01,50,28,217,1
60,1.5,0.5,0.4,0.01,50,29,139,1
60,1.5,0.5,0.4,0.01,50,30,139,1
60,1.5,0.5,0.4,0.01,50,31,139,1
60,1.5,0.5,0.4,0.01,50,32,57,1
60,1.5,0.5,0.4,0.01,50,33,88,1
60,1.5,0.5,0.4,0.01,50,34,139,1
60,1.5,0.5,0.4,0.01,50,35,57,1
60,1.5,0.5,0.4,0.01,50,36,57,1
60,1.5,0.5,0.4,0.01,50,37,57,1
60,1.5,0.5,0.4,0.01,50,38,139,1
60,1.5,0.5,0.4,0.01,50,39,88,1
60,1.5,0.5,0.4,0.01,50,40,57,1
60,1.5,0.5,0.4,0.01,50,41,57,1
60,1.5,0.5,0.4,0.01,50,42,139,1
60,1.5,0.5,0.4,0.01,50,43,88,1
60,1.5,0.5,0.4,0.01,50,44,57,1
60,1.5,0.5,0.4,0.01,50,45,217,1
60,1.5,0.5,0.4,0.01,50,46,57,1
60,1.5,0.5,0.4,0.01,50,47,217,1
60,1.5,0.5,0.4,0.01,50,48,88,1
60,1.5,0.5,0.4,0.01,50,49,88,1
60,1.5,0.5,0.4,0.01,50,50,57,1
100,1.5,0.5,0.4,0.01,50,1,88,1
100,1.5,0.5,0.4,0.01,50,2,139,1
100,1.5,0.5,0.4,0.01,50,3,88,1
100,1.5,0.5,0.4,0.01,50,4,139,1
100,1.5,0.5,0.4,0.01,50,5,88,1
100,1.5,0.5,0.4,0.01,50,6,139,1
100,1.5,0.5,0.4,0.01,50,7,88,1
100,1.5,0.5,0.4,0.01,50,8,88,1
100,1.5,0.5,0.4,0.01,50,9,88,1
100,1.5,0.5,0.4,0.01,50,10,88,1
100,1.5,0.5,0.4,0.01,50,11,88,1
100,1.5,0.5,0.4,0.01,50,12,88,1
100,1.5,0.5,0.4,0.01,50,13,88,1
100,1.5,0.5,0.4,0.01,50,14,57,1
100,1.5,0.5,0.4,0.01,50,15,36,1
100,1.5,0.5,0.4,0.01,50,16,36,1
100,1.5,0.5,0.4,0.01,50,17,139,1
100,1.5,0.5,0.4,0.01,50,18,139,1
100,1.5,0.5,0.4,0.01,50,19,57,1
100,1.5,0.5,0.4,0.01,50,20,57,1
100,1.5,0.5,0.4,0.01,50,21,36,1
100,1.5,0.5,0.4,0.01,50,22,57,1
100,1.5,0.5,0.4,0.01,50,23,88,1
100,1.5,0.5,0.4,0.01,50,24,88,1
100,1.5,0.5,0.4,0.01,50,25,57,1
100,1.5,0.5,0.4,0.01,50,26,57,1
100,1.5,0.5,0.4,0.01,50,27,139,1
100,1.5,0.5,0.4,0.01,50,28,88,1
100,1.5,0.5,0.4,0.01,50,29,139,1
100,1.5,0.5,0.4,0.01,50,30,139,1
100,1.5,0.5,0.4,0.01,50,31,139,1
100,1.5,0.5,0.4,0.01,50,32,88,1
100,1.5,0.5,0.4,0.01,50,33,88,1
100,1.5,0.5,0.4,0.01,50,34,139,1
100,1.5,0.5,0.4,0.01,50,35,57,1
100,1.5,0.5,0.4,0.01,50,36,36,1
100,1.5,0.5,0.4,0.01,50,37,139,1
100,1.5,0.5,0.4,0.01,50,38,139,1
100,1.5,0.5,0.4,0.01,50,39,139,1
100,1.5,0.5,0.4,0.01,50,40,36,1
100,1.5,0.5,0.4,0.01,50,41,36,1
100,1.5,0.5,0.4,0.01,50,42,88,1
100,1.5,0.5,0.4,0.01,50,43,88,1
100,1.5,0.5,0.4,0.01,50,44,88,1
100,1.5,0.5,0.4,0.01,50,45,139,1
100,1.5,0.5,0.4,0.01,50,46,36,1
100,1.5,0.5,0.4,0.01,50,47,217,1
100,1.5,0.5,0.4,0.01,50,48,57,1
100,1.5,0.5,0.4,0.01,50,49,88,1
100,1.5,0.5,0.4,0.01,50,50,57,1
10,0.5,0.6,0.4,0.01,50,1,57,1
10,0.5,0.6,0.4,0.01,50,2,57,1
10,0.5,0.6,0.4,0.01,50,3,88,1
10,0.5,0.6,0.4,0.01,50,4,88,1
10,0.5,0.6,0.4,0.01,50,5,57,1
10,0.5,0.6,0.4,0.01,50,6,57,1
10,0.5,0.6,0.4,0.01,50,7,57,1
10,0.5,0.6,0.4,0.01,50,8,88,1
10,0.5,0.6,0.4,0.01,50,9,57,1
10,0.5,0.6,0.4,0.01,50,10,57,1
10,0.5,0.6,0.4,0.01,50,11,36,1
10,0.5,0.6,0.4,0.01,50,12,57,1
10,0.5,0.6,0.4,0.01,50,13,57,1
10,0.5,0.6,0.4,0.01,50,14,36,1
10,0.5,0.6,0.4,0.01,50,15,57,1
10,0.5,0.6,0.4,0.01,50,16,57,1
10,0.5,0.6,0.4,0.01,50,17,88,1
10,0.5,0.6,0.4,0.01,50,18,57,1
10,0.5,0.6,0.4,0.01,50,19,57,1
10,0.5,0.6,0.4,0.01,50,20,88,1
10,0.5,0.6,0.4,0.01,50,21,57,1
10,0.5,0.6,0.4,0.01,50,22,57,1
10,0.5,0.6,0.4,0.01,50,23,36,1
10,0.5,0.6,0.4,0.01,50,24,36,1
10,0.5,0.6,0.4,0.01,50,25,57,1
10,0.5,0.6,0.4,0.01,50,26,57,1
10,0.5,0.6,0.4,0.01,50,27,88,1
10,0.5,0.6,0.4,0.01,50,28,88,1
10,0.5,0.6,0.4,0.01,50,29,88,1
10,0.5,0.6,0.4,0.01,50,30,88,1
10,0.5,0.6,0.4,0.01,50,31,57,1
10,0.5,0.6,0.4,0.01,50,32,57,1
10,0.5,0.6,0.4,0.01,50,33,57,1
10,0.5,0.6,0.4,0.01,50,34,57,1
10,0.5,0.6,0.4,0.01,50,35,88,1
10,0.5,0.6,0.4,0.01,50,36,57,1
10,0.5,0.6,0.4,0.01,50,37,88,1
10,0.5,0.6,0.4,0.01,50,38,57,1
10,0.5,0.6,0.4,0.01,50,39,57,1
10,0.5,0.6,0.4,0.01,50,40,57,1
10,0.5,0.6,0.4,0.01,50,41,57,1
10,0.5,0.6,0.4,0.01,50,42,57,1
10,0.5,0.6,0.4,0.01,50,43,57,1
10,0.5,0.6,0.4,0.01,50,44,57,1
10,0.5,0.6,0.4,0.01,50,45,88,1
10,0.5,0.6,0.4,0.01,50,46,88,1
10,0.5,0.6,0.4,0.01,50,47,57,1
10,0.5,0.6,0.4,0.01,50,48,57,1
10,0.5,0.6,0.4,0.01,50,49,57,1
10,0.5,0.6,0.4,0.01,50,50,57,1
30,0.5,0.6,0.4,0.01,50,1,23,1
30,0.5,0.6,0.4,0.01,50,2,23,1
30,0.5,0.6,0.4,0.01,50,3,36,1
30,0.5,0.6,0.4,0.01,50,4,15,1
30,0.5,0.6,0.4,0.01,50,5,23,1
30,0.5,0.6,0.4,0.01,50,6,23,1
30,0.5,0.6,0.4,0.01,50,7,23,1
30,0.5,0.6,0.4,0.01,50,8,23,1
30,0.5,0.6,0.4,0.01,50,9,23,1
30,0.5,0.6,0.4,0.01,50,10,23,1
30,0.5,0.6,0.4,0.01,50,11,23,1
30,0.5,0.6,0.4,0.01,50,12,23,1
30,0.5,0.6,0.4,0.01,50,13,36,1
30,0.5,0.6,0.4,0.01,50,14,23,1
30,0.5,0.6,0.4,0.01,50,15,23,1
30,0.5,0.6,0.4,0.01,50,16,23,1
30,0.5,0.6,0.4,0.01,50,17,23,1
30,0.5,0.6,0.4,0.01,50,18,23,1
30,0.5,0.6,0.4,0.01,50,19,23,1
30,0.5,0.6,0.4,0.01,50,20,23,1
30,0.5,0.6,0.4,0.01,50,21,23,1
30,0.5,0.6,0.4,0.01,50,22,23,1
30,0.5,0.6,0.4,0.01,50,23,36,1
30,0.5,0.6,0.4,0.01,50,24,23,1
30,0.5,0.6,0.4,0.01,50,25,15,1
30,0.5,0.6,0.4,0.01,50,26,36,1
30,0.5,0.6,0.4,0.01,50,27,36,1
30,0.5,0.6,0.4,0.01,50,28,23,1
30,0.5,0.6,0.4,0.01,50,29,23,1
30,0.5,0.6,0.4,0.01,50,30,23,1
30,0.5,0.6,0.4,0.01,50,31,15,1
30,0.5,0.6,0.4,0.01,50,32,23,1
30,0.5,0.6,0.4,0.01,50,33,36,1
30,0.5,0.6,0.4,0.01,50,34,36,1
30,0.5,0.6,0.4,0.01,50,35,23,1
30,0.5,0.6,0.4,0.01,50,36,23,1
30,0.5,0.6,0.4,0.01,50,37,23,1
30,0.5,0.6,0.4,0.01,50,38,23,1
30,0.5,0.6,0.4,0.01,50,39,23,1
30,0.5,0.6,0.4,0.01,50,40,36,1
30,0.5,0.6,0.4,0.01,50,41,23,1
30,0.5,0.6,0.4,0.01,50,42,23,1
30,0.5,0.6,0.4,0.01,50,43,23,1
30,0.5,0.6,0.4,0.01,50,44,23,1
30,0.5,0.6,0.4,0.01,50,45,23,1
30,0.5,0.6,0.4,0.01,50,46,23,1
30,0.5,0.6,0.4,0.01,50,47,23,1
30,0.5,0.6,0.4,0.01,50,48,15,1
30,0.5,0.6,0.4,0.01,50,49,23,1
30,0.5,0.6,0.4,0.01,50,50,23,1
60,0.5,0.6,0.4,0.01,50,1,23,1
60,0.5,0.6,0.4,0.01,50,2,23,1
60,0.5,0.6,0.4,0.01,50,3,23,1
60,0.5,0.6,0.4,0.01,50,4,15,1
60,0.5,0.6,0.4,0.01,50,5,15,1
60,0.5,0.6,0.4,0.01,50,6,15,1
60,0.5,0.6,0.4,0.01,50,7,23,1
60,0.5,0.6,0.4,0.01,50,8,15,1
60,0.5,0.6,0.4,0.01,50,9,15,1
60,0.5,0.6,0.4,0.01,50,10,15,1
60,0.5,0.6,0.4,0.01,50,11,15,1
60,0.5,0.6,0.4,0.01,50,12,23,1
60,0.5,0.6,0.4,0.01,50,13,15,1
60,0.5,0.6,0.4,0.01,50,14,15,1
60,0.5,0.6,0.4,0.01,50,15,15,1
60,0.5,0.6,0.4,0.01,50,16,15,1
60,0.5,0.6,0.4,0.01,50,17,15,1
60,0.5,0.6,0.4,0.01,50,18,23,1
60,0.5,0.6,0.4,0.01,50,19,23,1
60,0.5,0.6,0.4,0.01,50,20,23,1
60,0.5,0.6,0.4,0.01,50,21,15,1
60,0.5,0.6,0.4,0.01,50,22,9,1
60,0.5,0.6,0.4,0.01,50,23,15,1
60,0.5,0.6,0.4,0.01,50,24,23,1
60,0.5,0.6,0.4,0.01,50,25,15,1
60,0.5,0.6,0.4,0.01,50,26,23,1
60,0.5,0.6,0.4,0.01,50,27,23,1
60,0.5,0.6,0.4,0.01,50,28,23,1
60,0.5,0.6,0.4,0.01,50,29,15,1
60,0.5,0.6,0.4,0.01,50,30,15,1
60,0.5,0.6,0.4,0.01,50,31,15,1
60,0.5,0.6,0.4,0.01,50,32,15,1
60,0.5,0.6,0.4,0.01,50,33,23,1
60,0.5,0.6,0.4,0.01,50,34,23,1
60,0.5,0.6,0.4,0.01,50,35,23,1
60,0.5,0.6,0.4,0.01,50,36,15,1
60,0.5,0.6,0.4,0.01,50,37,15,1
60,0.5,0.6,0.4,0.01,50,38,23,1
60,0.5,0.6,0.4,0.01,50,39,15,1
60,0.5,0.6,0.4,0.01,50,40,23,1
60,0.5,0.6,0.4,0.01,50,41,15,1
60,0.5,0.6,0.4,0.01,50,42,23,1
60,0.5,0.6,0.4,0.01,50,43,23,1
60,0.5,0.6,0.4,0.01,50,44,15,1
60,0.5,0.6,0.4,0.01,50,45,15,1
60,0.5,0.6,0.4,0.01,50,46,15,1
60,0.5,0.6,0.4,0.01,50,47,23,1
60,0.5,0.6,0.4,0.01,50,48,15,1
60,0.5,0.6,0.4,0.01,50,49,15,1
60,0.5,0.6,0.4,0.01,50,50,23,1
100,0.5,0.6,0.4,0.01,50,1,15,1
100,0.5,0.6,0.4,0.01,50,2,15,1
100,0.5,0.6,0.4,0.01,50,3,23,1
100,0.5,0.6,0.4,0.01,50,4,15,1
100,0.5,0.6,0.4,0.01,50,5,15,1
100,0.5,0.6,0.4,0.01,50,6,9,1
100,0.5,0.6,0.4,0.01,50,7,15,1
100,0.5,0.6,0.4,0.01,50,8,9,1
100,0.5,0.6,0.4,0.01,50,9,15,1
100,0.5,0.6,0.4,0.01,50,10,15,1
100,0.5,0.6,0.4,0.01,50,11,15,1
100,0.5,0.6,0.4,0.01,50,12,15,1
100,0.5,0.6,0.4,0.01,50,13,15,1
100,0.5,0.6,0.4,0.01,50,14,15,1
100,0.5,0.6,0.4,0.01,50,15,15,1
100,0.5,0.6,0.4,0.01,50,16,15,1
100,0.5,0.6,0.4,0.01,50,17,15,1
100,0.5,0.6,0.4,0.01,50,18,15,1
100,0.5,0.6,0.4,0.01,50,19,15,1
100,0.5,0.6,0.4,0.01,50,20,9,1
100,0.5,0.6,0.4,0.01,50,21,15,1
100,0.5,0.6,0.4,0.01,50,22,15,1
100,0.5,0.6,0.4,0.01,50,23,15,1
100,0.5,0.6,0.4,0.01,50,24,9,1
100,0.5,0.6,0.4,0.01,50,25,15,1
100,0.5,0.6,0.4,0.01,50,26,23,1
100,0.5,0.6,0.4,0.01,50,27,15,1
100,0.5,0.6,0.4,0.01,50,28,15,1
100,0.5,0.6,0.4,0.01,50,29,15,1
100,0.5,0.6,0.4,0.01,50,30,15,1
100,0.5,0.6,0.4,0.01,50,31,15,1
100,0.5,0.6,0.4,0.01,50,32,15,1
100,0.5,0.6,0.4,0.01,50,33,23,1
100,0.5,0.6,0.4,0.01,50,34,15,1
100,0.5,0.6,0.4,0.01,50,35,23,1
100,0.5,0.6,0.4,0.01,50,36,15,1
100,0.5,0.6,0.4,0.01,50,37,15,1
100,0.5,0.6,0.4,0.01,50,38,15,1
100,0.5,0.6,0.4,0.01,50,39,15,1
100,0.5,0.6,0.4,0.01,50,40,23,1
100,0.5,0.6,0.4,0.01,50,41,15,1
100,0.5,0.6,0.4,0.01,50,42,15,1
100,0.5,0.6,0.4,0.01,50,43,23,1
100,0.5,0.6,0.4,0.01,50,44,15,1
100,0.5,0.6,0.4,0.01,50,45,15,1
100,0.5,0.6,0.4,0.01,50,46,15,1
100,0.5,0.6,0.4,0.01,50,47,23,1
100,0.5,0.6,0.4,0.01,50,48,15,1
100,0.5,0.6,0.4,0.01,50,49,15,1
100,0.5,0.6,0.4,0.01,50,50,23,1
10,1,0.6,0.4,0.01,50,1,139,1
10,1,0.6,0.4,0.01,50,2,88,1
10,1,0.6,0.4,0.01,50,3,57,1
10,1,0.6,0.4,0.01,50,4,88,1
10,1,0.6,0.4,0.01,50,5,57,1
10,1,0.6,0.4,0.01,50,6,88,1
10,1,0.6,0.4,0.01,50,7,57,1
10,1,0.6,0.4,0.01,50,8,88,1
10,1,0.6,0.4,0.01,50,9,57,1
10,1,0.6,0.4,0.01,50,10,88,1
10,1,0.6,0.4,0.01,50,11,57,1
10,1,0.6,0.4,0.01,50,12,88,1
10,1,0.6,0.4,0.01,50,13,88,1
10,1,0.6,0.4,0.01,50,14,36,1
10,1,0.6,0.4,0.01,50,15,57,1
10,1,0.6,0.4,0.01,50,16,139,1
10,1,0.6,0.4,0.01,50,17,88,1
10,1,0.6,0.4,0.01,50,18,57,1
10,1,0.6,0.4,0.01,50,19,88,1
10,1,0.6,0.4,0.01,50,20,57,1
10,1,0.6,0.4,0.01,50,21,88,1
10,1,0.6,0.4,0.01,50,22,88,1
10,1,0.6,0.4,0.01,50,23,88,1
10,1,0.6,0.4,0.01,50,24,57,1
10,1,0.6,0.4,0.01,50,25,88,1
10,1,0.6,0.4,0.01,50,26,88,1
10,1,0.6,0.4,0.01,50,27,139,1
10,1,0.6,0.4,0.01,50,28,57,1
10,1,0.6,0.4,0.01,50,29,139,1
10,1,0.6,0.4,0.01,50,30,139,1
10,1,0.6,0.4,0.01,50,31,88,1
10,1,0.6,0.4,0.01,50,32,88,1
10,1,0.6,0.4,0.01,50,33,57,1
10,1,0.6,0.4,0.01,50,34,88,1
10,1,0.6,0.4,0.01,50,35,88,1
10,1,0.6,0.4,0.01,50,36,57,1
10,1,0.6,0.4,0.01,50,37,88,1
10,1,0.6,0.4,0.01,50,38,88,1
10,1,0.6,0.4,0.01,50,39,57,1
10,1,0.6,0.4,0.01,50,40,88,1
10,1,0.6,0.4,0.01,50,41,88,1
10,1,0.6,0.4,0.01,50,42,57,1
10,1,0.6,0.4,0.01,50,43,88,1
10,1,0.6,0.4,0.01,50,44,57,1
10,1,0.6,0.4,0.01,50,45,88,1
10,1,0.6,0.4,0.01,50,46,139,1
10,1,0.6,0.4,0.01,50,47,88,1
10,1,0.6,0.4,0.01,50,48,88,1
10,1,0.6,0.4,0.01,50,49,88,1
10,1,0.6,0.4,0.01,50,50,139,1
30,1,0.6,0.4,0.01,50,1,23,1
30,1,0.6,0.4,0.01,50,2,36,1
30,1,0.6,0.4,0.01,50,3,36,1
30,1,0.6,0.4,0.01,50,4,23,1
30,1,0.6,0.4,0.01,50,5,23,1
30,1,0.6,0.4,0.01,50,6,36,1
30,1,0.6,0.4,0.01,50,7,36,1
30,1,0.6,0.4,0.01,50,8,36,1
30,1,0.6,0.4,0.01,50,9,23,1
30,1,0.6,0.4,0.01,50,10,23,1
30,1,0.6,0.4,0.01,50,11,15,1
30,1,0.6,0.4,0.01,50,12,36,1
30,1,0.6,0.4,0.01,50,13,36,1
30,1,0.6,0.4,0.01,50,14,23,1
30,1,0.6,0.4,0.01,50,15,23,1
30,1,0.6,0.4,0.01,50,16,36,1
30,1,0.6,0.4,0.01,50,17,36,1
30,1,0.6,0.4,0.01,50,18,23,1
30,1,0.6,0.4,0.01,50,19,23,1
30,1,0.6,0.4,0.01,50,20,36,1
30,1,0.6,0.4,0.01,50,21,23,1
30,1,0.6,0.4,0.01,50,22,23,1
30,1,0.6,0.4,0.01,50,23,36,1
30,1,0.6,0.4,0.01,50,24,36,1
30,1,0.6,0.4,0.01,50,25,23,1
30,1,0.6,0.4,0.01,50,26,36,1
30,1,0.6,0.4,0.01,50,27,36,1
30,1,0.6,0.4,0.01,50,28,23,1
30,1,0.6,0.4,0.01,50,29,57,1
30,1,0.6,0.4,0.01,50,30,36,1
30,1,0.6,0.4,0.01,50,31,23,1
30,1,0.6,0.4,0.01,50,32,36,1
30,1,0.6,0.4,0.01,50,33,36,1
30,1,0.6,0.4,0.01,50,34,36,1
30,1,0.6,0.4,0.01,50,35,36,1
30,1,0.6,0.4,0.01,50,36,23,1
30,1,0.6,0.4,0.01,50,37,15,1
30,1,0.6,0.4,0.01,50,38,36,1
30,1,0.6,0.4,0.01,50,39,23,1
30,1,0.6,0.4,0.01,50,40,36,1
30,1,0.6,0.4,0.01,50,41,23,1
30,1,0.6,0.4,0.01,50,42,23,1
30,1,0.6,0.4,0.01,50,43,23,1
30,1,0.6,0.4,0.01,50,44,23,1
30,1,0.6,0.4,0.01,50,45,36,1
30,1,0.6,0.4,0.01,50,46,36,1
30,1,0.6,0.4,0.01,50,47,36,1
30,1,0.6,0.4,0.01,50,48,23,1
30,1,0.6,0.4,0.01,50,49,36,1
30,1,0.6,0.4,0.01,50,50,23,1
60,1,0.6,0.4,0.01,50,1,23,1
60,1,0.6,0.4,0.01,50,2,23,1
60,1,0.6,0.4,0.01,50,3,15,1
60,1,0.6,0.4,0.01,50,4,23,1
60,1,0.6,0.4,0.01,50,5,15,1
60,1,0.6,0.4,0.01,50,6,23,1
60,1,0.6,0.4,0.01,50,7,23,1
60,1,0.6,0.4,0.01,50,8,15,1
60,1,0.6,0.4,0.01,50,9,23,1
60,1,0.6,0.4,0.01,50,10,15,1
60,1,0.6,0.4,0.01,50,11,15,1
60,1,0.6,0.4,0.01,50,12,23,1
60,1,0.6,0.4,0.01,50,13,15,1
60,1,0.6,0.4,0.01,50,14,15,1
60,1,0.6,0.4,0.01,50,15,23,1
60,1,0.6,0.4,0.01,50,16,36,1
60,1,0.6,0.4,0.01,50,17,23,1
60,1,0.6,0.4,0.01,50,18,23,1
60,1,0.6,0.4,0.01,50,19,23,1
60,1,0.6,0.4,0.01,50,20,23,1
60,1,0.6,0.4,0.01,50,21,15,1
60,1,0.6,0.4,0.01,50,22,23,1
60,1,0.6,0.4,0.01,50,23,36,1
60,1,0.6,0.4,0.01,50,24,15,1
60,1,0.6,0.4,0.01,50,25,23,1
60,1,0.6,0.4,0.01,50,26,23,1
60,1,0.6,0.4,0.01,50,27,23,1
60,1,0.6,0.4,0.01,50,28,23,1
60,1,0.6,0.4,0.01,50,29,36,1
60,1,0.6,0.4,0.01,50,30,23,1
60,1,0.6,0.4,0.01,50,31,15,1
60,1,0.6,0.4,0.01,50,32,23,1
60,1,0.6,0.4,0.01,50,33,23,1
60,1,0.6,0.4,0.01,50,34,36,1
60,1,0.6,0.4,0.01,50,35,23,1
60,1,0.6,0.4,0.01,50,36,23,1
60,1,0.6,0.4,0.01,50,37,15,1
60,1,0.6,0.4,0.01,50,38,15,1
60,1,0.6,0.4,0.01,50,39,15,1
60,1,0.6,0.4,0.01,50,40,23,1
60,1,0.6,0.4,0.01,50,41,23,1
60,1,0.6,0.4,0.01,50,42,23,1
60,1,0.6,0.4,0.01,50,43,23,1
60,1,0.6,0.4,0.01,50,44,15,1
60,1,0.6,0.4,0.01,50,45,23,1
60,1,0.6,0.4,0.01,50,46,23,1
60,1,0.6,0.4,0.01,50,47,23,1
60,1,0.6,0.4,0.01,50,48,15,1
60,1,0.6,0.4,0.01,50,49,23,1
60,1,0.6,0.4,0.01,50,50,23,1
100,1,0.6,0.4,0.01,50,1,15,1
100,1,0.6,0.4,0.01,50,2,23,1
100,1,0.6,0.4,0.01,50,3,15,1
100,1,0.6,0.4,0.01,50,4,15,1
100,1,0.6,0.4,0.01,50,5,9,1
100,1,0.6,0.4,0.01,50,6,23,1
100,1,0.6,0.4,0.01,50,7,23,1
100,1,0.6,0.4,0.01,50,8,15,1
100,1,0.6,0.4,0.01,50,9,15,1
100,1,0.6,0.4,0.01,50,10,15,1
100,1,0.6,0.4,0.01,50,11,15,1
100,1,0.6,0.4,0.01,50,12,23,1
100,1,0.6,0.4,0.01,50,13,15,1
100,1,0.6,0.4,0.01,50,14,15,1
100,1,0.6,0.4,0.01,50,15,15,1
100,1,0.6,0.4,0.01,50,16,23,1
100,1,0.6,0.4,0.01,50,17,23,1
100,1,0.6,0.4,0.01,50,18,15,1
100,1,0.6,0.4,0.01,50,19,23,1
100,1,0.6,0.4,0.01,50,20,23,1
100,1,0.6,0.4,0.01,50,21,15,1
100,1,0.6,0.4,0.01,50,22,9,1
100,1,0.6,0.4,0.01,50,23,36,1
100,1,0.6,0.4,0.01,50,24,15,1
100,1,0.6,0.4,0.01,50,25,15,1
100,1,0.6,0.4,0.01,50,26,15,1
100,1,0.6,0.4,0.01,50,27,23,1
100,1,0.6,0.4,0.01,50,28,15,1
100,1,0.6,0.4,0.01,50,29,23,1
100,1,0.6,0.4,0.01,50,30,15,1
100,1,0.6,0.4,0.01,50,31,6,1
100,1,0.6,0.4,0.01,50,32,15,1
100,1,0.6,0.4,0.01,50,33,15,1
100,1,0.6,0.4,0.01,50,34,15,1
100,1,0.6,0.4,0.01,50,35,23,1
100,1,0.6,0.4,0.01,50,36,15,1
100,1,0.6,0.4,0.01,50,37,15,1
100,1,0.6,0.4,0.01,50,38,23,1
100,1,0.6,0.4,0.01,50,39,15,1
100,1,0.6,0.4,0.01,50,40,23,1
100,1,0.6,0.4,0.01,50,41,15,1
100,1,0.6,0.4,0.01,50,42,23,1
100,1,0.6,0.4,0.01,50,43,15,1
100,1,0.6,0.4,0.01,50,44,15,1
100,1,0.6,0.4,0.01,50,45,15,1
100,1,0.6,0.4,0.01,50,46,15,1
100,1,0.6,0.4,0.01,50,47,23,1
100,1,0.6,0.4,0.01,50,48,15,1
100,1,0.6,0.4,0.01,50,49,23,1
100,1,0.6,0.4,0.01,50,50,23,1
10,1.5,0.6,0.4,0.01,50,1,139,1
10,1.5,0.6,0.4,0.01,50,2,88,1
10,1.5,0.6,0.4,0.01,50,3,217,1
10,1.5,0.6,0.4,0.01,50,4,NA,1
10,1.5,0.6,0.4,0.01,50,5,88,1
10,1.5,0.6,0.4,0.01,50,6,217,1
10,1.5,0.6,0.4,0.01,50,7,139,1
10,1.5,0.6,0.4,0.01,50,8,340,1
10,1.5,0.6,0.4,0.01,50,9,139,1
10,1.5,0.6,0.4,0.01,50,10,139,1
10,1.5,0.6,0.4,0.01,50,11,88,1
10,1.5,0.6,0.4,0.01,50,12,139,1
10,1.5,0.6,0.4,0.01,50,13,139,1
10,1.5,0.6,0.4,0.01,50,14,NA,1
10,1.5,0.6,0.4,0.01,50,15,139,1
10,1.5,0.6,0.4,0.01,50,16,139,1
10,1.5,0.6,0.4,0.01,50,17,2040,1
10,1.5,0.6,0.4,0.01,50,18,57,1
10,1.5,0.6,0.4,0.01,50,19,36,1
10,1.5,0.6,0.4,0.01,50,20,217,1
10,1.5,0.6,0.4,0.01,50,21,217,1
10,1.5,0.6,0.4,0.01,50,22,217,1
10,1.5,0.6,0.4,0.01,50,23,NA,1
10,1.5,0.6,0.4,0.01,50,24,217,1
10,1.5,0.6,0.4,0.01,50,25,340,1
10,1.5,0.6,0.4,0.01,50,26,139,1
10,1.5,0.6,0.4,0.01,50,27,NA,1
10,1.5,0.6,0.4,0.01,50,28,217,1
10,1.5,0.6,0.4,0.01,50,29,340,1
10,1.5,0.6,0.4,0.01,50,30,139,1
10,1.5,0.6,0.4,0.01,50,31,139,1
10,1.5,0.6,0.4,0.01,50,32,139,1
10,1.5,0.6,0.4,0.01,50,33,139,1
10,1.5,0.6,0.4,0.01,50,34,217,1
10,1.5,0.6,0.4,0.01,50,35,88,1
10,1.5,0.6,0.4,0.01,50,36,217,1
10,1.5,0.6,0.4,0.01,50,37,217,1
10,1.5,0.6,0.4,0.01,50,38,217,1
10,1.5,0.6,0.4,0.01,50,39,217,1
10,1.5,0.6,0.4,0.01,50,40,88,1
10,1.5,0.6,0.4,0.01,50,41,139,1
10,1.5,0.6,0.4,0.01,50,42,88,1
10,1.5,0.6,0.4,0.01,50,43,139,1
10,1.5,0.6,0.4,0.01,50,44,217,1
10,1.5,0.6,0.4,0.01,50,45,340,1
10,1.5,0.6,0.4,0.01,50,46,340,1
10,1.5,0.6,0.4,0.01,50,47,532,1
10,1.5,0.6,0.4,0.01,50,48,88,1
10,1.5,0.6,0.4,0.01,50,49,217,1
10,1.5,0.6,0.4,0.01,50,50,NA,1
30,1.5,0.6,0.4,0.01,50,1,23,1
30,1.5,0.6,0.4,0.01,50,2,57,1
30,1.5,0.6,0.4,0.01,50,3,36,1
30,1.5,0.6,0.4,0.01,50,4,57,1
30,1.5,0.6,0.4,0.01,50,5,36,1
30,1.5,0.6,0.4,0.01,50,6,36,1
30,1.5,0.6,0.4,0.01,50,7,36,1
30,1.5,0.6,0.4,0.01,50,8,57,1
30,1.5,0.6,0.4,0.01,50,9,23,1
30,1.5,0.6,0.4,0.01,50,10,36,1
30,1.5,0.6,0.4,0.01,50,11,23,1
30,1.5,0.6,0.4,0.01,50,12,36,1
30,1.5,0.6,0.4,0.01,50,13,36,1
30,1.5,0.6,0.4,0.01,50,14,36,1
30,1.5,0.6,0.4,0.01,50,15,36,1
30,1.5,0.6,0.4,0.01,50,16,88,1
30,1.5,0.6,0.4,0.01,50,17,57,1
30,1.5,0.6,0.4,0.01,50,18,57,1
30,1.5,0.6,0.4,0.01,50,19,23,1
30,1.5,0.6,0.4,0.01,50,20,36,1
30,1.5,0.6,0.4,0.01,50,21,36,1
30,1.5,0.6,0.4,0.01,50,22,36,1
30,1.5,0.6,0.4,0.01,50,23,88,1
30,1.5,0.6,0.4,0.01,50,24,36,1
30,1.5,0.6,0.4,0.01,50,25,23,1
30,1.5,0.6,0.4,0.01,50,26,36,1
30,1.5,0.6,0.4,0.01,50,27,57,1
30,1.5,0.6,0.4,0.01,50,28,57,1
30,1.5,0.6,0.4,0.01,50,29,57,1
30,1.5,0.6,0.4,0.01,50,30,57,1
30,1.5,0.6,0.4,0.01,50,31,23,1
30,1.5,0.6,0.4,0.01,50,32,36,1
30,1.5,0.6,0.4,0.01,50,33,57,1
30,1.5,0.6,0.4,0.01,50,34,57,1
30,1.5,0.6,0.4,0.01,50,35,57,1
30,1.5,0.6,0.4,0.01,50,36,57,1
30,1.5,0.6,0.4,0.01,50,37,36,1
30,1.5,0.6,0.4,0.01,50,38,36,1
30,1.5,0.6,0.4,0.01,50,39,23,1
30,1.5,0.6,0.4,0.01,50,40,36,1
30,1.5,0.6,0.4,0.01,50,41,23,1
30,1.5,0.6,0.4,0.01,50,42,57,1
30,1.5,0.6,0.4,0.01,50,43,36,1
30,1.5,0.6,0.4,0.01,50,44,36,1
30,1.5,0.6,0.4,0.01,50,45,57,1
30,1.5,0.6,0.4,0.01,50,46,88,1
30,1.5,0.6,0.4,0.01,50,47,88,1
30,1.5,0.6,0.4,0.01,50,48,23,1
30,1.5,0.6,0.4,0.01,50,49,36,1
30,1.5,0.6,0.4,0.01,50,50,57,1
60,1.5,0.6,0.4,0.01,50,1,36,1
60,1.5,0.6,0.4,0.01,50,2,36,1
60,1.5,0.6,0.4,0.01,50,3,36,1
60,1.5,0.6,0.4,0.01,50,4,57,1
60,1.5,0.6,0.4,0.01,50,5,9,1
60,1.5,0.6,0.4,0.01,50,6,15,1
60,1.5,0.6,0.4,0.01,50,7,36,1
60,1.5,0.6,0.4,0.01,50,8,36,1
60,1.5,0.6,0.4,0.01,50,9,23,1
60,1.5,0.6,0.4,0.01,50,10,36,1
60,1.5,0.6,0.4,0.01,50,11,23,1
60,1.5,0.6,0.4,0.01,50,12,36,1
60,1.5,0.6,0.4,0.01,50,13,23,1
60,1.5,0.6,0.4,0.01,50,14,15,1
60,1.5,0.6,0.4,0.01,50,15,36,1
60,1.5,0.6,0.4,0.01,50,16,57,1
60,1.5,0.6,0.4,0.01,50,17,57,1
60,1.5,0.6,0.4,0.01,50,18,23,1
60,1.5,0.6,0.4,0.01,50,19,23,1
60,1.5,0.6,0.4,0.01,50,20,36,1
60,1.5,0.6,0.4,0.01,50,21,23,1
60,1.5,0.6,0.4,0.01,50,22,23,1
60,1.5,0.6,0.4,0.01,50,23,36,1
60,1.5,0.6,0.4,0.01,50,24,36,1
60,1.5,0.6,0.4,0.01,50,25,23,1
60,1.5,0.6,0.4,0.01,50,26,23,1
60,1.5,0.6,0.4,0.01,50,27,23,1
60,1.5,0.6,0.4,0.01,50,28,36,1
60,1.5,0.6,0.4,0.01,50,29,23,1
60,1.5,0.6,0.4,0.01,50,30,36,1
60,1.5,0.6,0.4,0.01,50,31,36,1
60,1.5,0.6,0.4,0.01,50,32,23,1
60,1.5,0.6,0.4,0.01,50,33,36,1
60,1.5,0.6,0.4,0.01,50,34,36,1
60,1.5,0.6,0.4,0.01,50,35,36,1
60,1.5,0.6,0.4,0.01,50,36,36,1
60,1.5,0.6,0.4,0.01,50,37,23,1
60,1.5,0.6,0.4,0.01,50,38,9,1
60,1.5,0.6,0.4,0.01,50,39,23,1
60,1.5,0.6,0.4,0.01,50,40,23,1
60,1.5,0.6,0.4,0.01,50,41,36,1
60,1.5,0.6,0.4,0.01,50,42,36,1
60,1.5,0.6,0.4,0.01,50,43,36,1
60,1.5,0.6,0.4,0.01,50,44,23,1
60,1.5,0.6,0.4,0.01,50,45,36,1
60,1.5,0.6,0.4,0.01,50,46,36,1
60,1.5,0.6,0.4,0.01,50,47,23,1
60,1.5,0.6,0.4,0.01,50,48,23,1
60,1.5,0.6,0.4,0.01,50,49,23,1
60,1.5,0.6,0.4,0.01,50,50,57,1
100,1.5,0.6,0.4,0.01,50,1,23,1
100,1.5,0.6,0.4,0.01,50,2,36,1
100,1.5,0.6,0.4,0.01,50,3,23,1
100,1.5,0.6,0.4,0.01,50,4,57,1
100,1.5,0.6,0.4,0.01,50,5,23,1
100,1.5,0.6,0.4,0.01,50,6,23,1
100,1.5,0.6,0.4,0.01,50,7,36,1
100,1.5,0.6,0.4,0.01,50,8,23,1
100,1.5,0.6,0.4,0.01,50,9,23,1
100,1.5,0.6,0.4,0.01,50,10,36,1
100,1.5,0.6,0.4,0.01,50,11,15,1
100,1.5,0.6,0.4,0.01,50,12,36,1
100,1.5,0.6,0.4,0.01,50,13,23,1
100,1.5,0.6,0.4,0.01,50,14,15,1
100,1.5,0.6,0.4,0.01,50,15,15,1
100,1.5,0.6,0.4,0.01,50,16,36,1
100,1.5,0.6,0.4,0.01,50,17,36,1
100,1.5,0.6,0.4,0.01,50,18,15,1
100,1.5,0.6,0.4,0.01,50,19,23,1
100,1.5,0.6,0.4,0.01,50,20,23,1
100,1.5,0.6,0.4,0.01,50,21,23,1
100,1.5,0.6,0.4,0.01,50,22,15,1
100,1.5,0.6,0.4,0.01,50,23,36,1
100,1.5,0.6,0.4,0.01,50,24,23,1
100,1.5,0.6,0.4,0.01,50,25,23,1
100,1.5,0.6,0.4,0.01,50,26,15,1
100,1.5,0.6,0.4,0.01,50,27,23,1
100,1.5,0.6,0.4,0.01,50,28,23,1
100,1.5,0.6,0.4,0.01,50,29,36,1
100,1.5,0.6,0.4,0.01,50,30,23,1
100,1.5,0.6,0.4,0.01,50,31,23,1
100,1.5,0.6,0.4,0.01,50,32,15,1
100,1.5,0.6,0.4,0.01,50,33,36,1
100,1.5,0.6,0.4,0.01,50,34,36,1
100,1.5,0.6,0.4,0.01,50,35,36,1
100,1.5,0.6,0.4,0.01,50,36,23,1
100,1.5,0.6,0.4,0.01,50,37,23,1
100,1.5,0.6,0.4,0.01,50,38,15,1
100,1.5,0.6,0.4,0.01,50,39,15,1
100,1.5,0.6,0.4,0.01,50,40,15,1
100,1.5,0.6,0.4,0.01,50,41,23,1
100,1.5,0.6,0.4,0.01,50,42,23,1
100,1.5,0.6,0.4,0.01,50,43,23,1
100,1.5,0.6,0.4,0.01,50,44,15,1
100,1.5,0.6,0.4,0.01,50,45,23,1
100,1.5,0.6,0.4,0.01,50,46,36,1
100,1.5,0.6,0.4,0.01,50,47,36,1
100,1.5,0.6,0.4,0.01,50,48,23,1
100,1.5,0.6,0.4,0.01,50,49,23,1
100,1.5,0.6,0.4,0.01,50,50,36,1
10,0.5,0.7,0.4,0.01,50,1,36,1
10,0.5,0.7,0.4,0.01,50,2,36,1
10,0.5,0.7,0.4,0.01,50,3,57,1
10,0.5,0.7,0.4,0.01,50,4,57,1
10,0.5,0.7,0.4,0.01,50,5,36,1
10,0.5,0.7,0.4,0.01,50,6,23,1
10,0.5,0.7,0.4,0.01,50,7,36,1
10,0.5,0.7,0.4,0.01,50,8,57,1
10,0.5,0.7,0.4,0.01,50,9,36,1
10,0.5,0.7,0.4,0.01,50,10,36,1
10,0.5,0.7,0.4,0.01,50,11,36,1
10,0.5,0.7,0.4,0.01,50,12,57,1
10,0.5,0.7,0.4,0.01,50,13,57,1
10,0.5,0.7,0.4,0.01,50,14,36,1
10,0.5,0.7,0.4,0.01,50,15,36,1
10,0.5,0.7,0.4,0.01,50,16,36,1
10,0.5,0.7,0.4,0.01,50,17,57,1
10,0.5,0.7,0.4,0.01,50,18,36,1
10,0.5,0.7,0.4,0.01,50,19,36,1
10,0.5,0.7,0.4,0.01,50,20,57,1
10,0.5,0.7,0.4,0.01,50,21,36,1
10,0.5,0.7,0.4,0.01,50,22,36,1
10,0.5,0.7,0.4,0.01,50,23,36,1
10,0.5,0.7,0.4,0.01,50,24,36,1
10,0.5,0.7,0.4,0.01,50,25,23,1
10,0.5,0.7,0.4,0.01,50,26,36,1
10,0.5,0.7,0.4,0.01,50,27,36,1
10,0.5,0.7,0.4,0.01,50,28,36,1
10,0.5,0.7,0.4,0.01,50,29,57,1
10,0.5,0.7,0.4,0.01,50,30,36,1
10,0.5,0.7,0.4,0.01,50,31,23,1
10,0.5,0.7,0.4,0.01,50,32,57,1
10,0.5,0.7,0.4,0.01,50,33,36,1
10,0.5,0.7,0.4,0.01,50,34,36,1
10,0.5,0.7,0.4,0.01,50,35,36,1
10,0.5,0.7,0.4,0.01,50,36,57,1
10,0.5,0.7,0.4,0.01,50,37,57,1
10,0.5,0.7,0.4,0.01,50,38,57,1
10,0.5,0.7,0.4,0.01,50,39,36,1
10,0.5,0.7,0.4,0.01,50,40,36,1
10,0.5,0.7,0.4,0.01,50,41,57,1
10,0.5,0.7,0.4,0.01,50,42,36,1
10,0.5,0.7,0.4,0.01,50,43,36,1
10,0.5,0.7,0.4,0.01,50,44,23,1
10,0.5,0.7,0.4,0.01,50,45,36,1
10,0.5,0.7,0.4,0.01,50,46,36,1
10,0.5,0.7,0.4,0.01,50,47,36,1
10,0.5,0.7,0.4,0.01,50,48,36,1
10,0.5,0.7,0.4,0.01,50,49,36,1
10,0.5,0.7,0.4,0.01,50,50,23,1
30,0.5,0.7,0.4,0.01,50,1,15,1
30,0.5,0.7,0.4,0.01,50,2,15,1
30,0.5,0.7,0.4,0.01,50,3,15,1
30,0.5,0.7,0.4,0.01,50,4,23,1
30,0.5,0.7,0.4,0.01,50,5,23,1
30,0.5,0.7,0.4,0.01,50,6,15,1
30,0.5,0.7,0.4,0.01,50,7,15,1
30,0.5,0.7,0.4,0.01,50,8,23,1
30,0.5,0.7,0.4,0.01,50,9,23,1
30,0.5,0.7,0.4,0.01,50,10,15,1
30,0.5,0.7,0.4,0.01,50,11,15,1
30,0.5,0.7,0.4,0.01,50,12,15,1
30,0.5,0.7,0.4,0.01,50,13,23,1
30,0.5,0.7,0.4,0.01,50,14,15,1
30,0.5,0.7,0.4,0.01,50,15,15,1
30,0.5,0.7,0.4,0.01,50,16,15,1
30,0.5,0.7,0.4,0.01,50,17,23,1
30,0.5,0.7,0.4,0.01,50,18,23,1
30,0.5,0.7,0.4,0.01,50,19,15,1
30,0.5,0.7,0.4,0.01,50,20,15,1
30,0.5,0.7,0.4,0.01,50,21,15,1
30,0.5,0.7,0.4,0.01,50,22,15,1
30,0.5,0.7,0.4,0.01,50,23,15,1
30,0.5,0.7,0.4,0.01,50,24,15,1
30,0.5,0.7,0.4,0.01,50,25,15,1
30,0.5,0.7,0.4,0.01,50,26,15,1
30,0.5,0.7,0.4,0.01,50,27,23,1
30,0.5,0.7,0.4,0.01,50,28,23,1
30,0.5,0.7,0.4,0.01,50,29,15,1
30,0.5,0.7,0.4,0.01,50,30,15,1
30,0.5,0.7,0.4,0.01,50,31,15,1
30,0.5,0.7,0.4,0.01,50,32,15,1
30,0.5,0.7,0.4,0.01,50,33,15,1
30,0.5,0.7,0.4,0.01,50,34,15,1
30,0.5,0.7,0.4,0.01,50,35,15,1
30,0.5,0.7,0.4,0.01,50,36,15,1
30,0.5,0.7,0.4,0.01,50,37,15,1
30,0.5,0.7,0.4,0.01,50,38,23,1
30,0.5,0.7,0.4,0.01,50,39,23,1
30,0.5,0.7,0.4,0.01,50,40,15,1
30,0.5,0.7,0.4,0.01,50,41,23,1
30,0.5,0.7,0.4,0.01,50,42,15,1
30,0.5,0.7,0.4,0.01,50,43,23,1
30,0.5,0.7,0.4,0.01,50,44,23,1
30,0.5,0.7,0.4,0.01,50,45,15,1
30,0.5,0.7,0.4,0.01,50,46,15,1
30,0.5,0.7,0.4,0.01,50,47,15,1
30,0.5,0.7,0.4,0.01,50,48,15,1
30,0.5,0.7,0.4,0.01,50,49,15,1
30,0.5,0.7,0.4,0.01,50,50,15,1
60,0.5,0.7,0.4,0.01,50,1,15,1
60,0.5,0.7,0.4,0.01,50,2,6,1
60,0.5,0.7,0.4,0.01,50,3,9,1
60,0.5,0.7,0.4,0.01,50,4,15,1
60,0.5,0.7,0.4,0.01,50,5,15,1
60,0.5,0.7,0.4,0.01,50,6,15,1
60,0.5,0.7,0.4,0.01,50,7,15,1
60,0.5,0.7,0.4,0.01,50,8,15,1
60,0.5,0.7,0.4,0.01,50,9,15,1
60,0.5,0.7,0.4,0.01,50,10,15,1
60,0.5,0.7,0.4,0.01,50,11,9,1
60,0.5,0.7,0.4,0.01,50,12,15,1
60,0.5,0.7,0.4,0.01,50,13,15,1
60,0.5,0.7,0.4,0.01,50,14,15,1
60,0.5,0.7,0.4,0.01,50,15,15,1
60,0.5,0.7,0.4,0.01,50,16,15,1
60,0.5,0.7,0.4,0.01,50,17,15,1
60,0.5,0.7,0.4,0.01,50,18,15,1
60,0.5,0.7,0.4,0.01,50,19,15,1
60,0.5,0.7,0.4,0.01,50,20,15,1
60,0.5,0.7,0.4,0.01,50,21,15,1
60,0.5,0.7,0.4,0.01,50,22,15,1
60,0.5,0.7,0.4,0.01,50,23,15,1
60,0.5,0.7,0.4,0.01,50,24,15,1
60,0.5,0.7,0.4,0.01,50,25,9,1
60,0.5,0.7,0.4,0.01,50,26,9,1
60,0.5,0.7,0.4,0.01,50,27,15,1
60,0.5,0.7,0.4,0.01,50,28,15,1
60,0.5,0.7,0.4,0.01,50,29,15,1
60,0.5,0.7,0.4,0.01,50,30,9,1
60,0.5,0.7,0.4,0.01,50,31,15,1
60,0.5,0.7,0.4,0.01,50,32,15,1
60,0.5,0.7,0.4,0.01,50,33,9,1
60,0.5,0.7,0.4,0.01,50,34,9,1
60,0.5,0.7,0.4,0.01,50,35,15,1
60,0.5,0.7,0.4,0.01,50,36,15,1
60,0.5,0.7,0.4,0.01,50,37,9,1
60,0.5,0.7,0.4,0.01,50,38,15,1
60,0.5,0.7,0.4,0.01,50,39,15,1
60,0.5,0.7,0.4,0.01,50,40,15,1
60,0.5,0.7,0.4,0.01,50,41,15,1
60,0.5,0.7,0.4,0.01,50,42,6,1
60,0.5,0.7,0.4,0.01,50,43,15,1
60,0.5,0.7,0.4,0.01,50,44,15,1
60,0.5,0.7,0.4,0.01,50,45,15,1
60,0.5,0.7,0.4,0.01,50,46,9,1
60,0.5,0.7,0.4,0.01,50,47,15,1
60,0.5,0.7,0.4,0.01,50,48,9,1
60,0.5,0.7,0.4,0.01,50,49,15,1
60,0.5,0.7,0.4,0.01,50,50,15,1
100,0.5,0.7,0.4,0.01,50,1,15,1
100,0.5,0.7,0.4,0.01,50,2,6,1
100,0.5,0.7,0.4,0.01,50,3,9,1
100,0.5,0.7,0.4,0.01,50,4,9,1
100,0.5,0.7,0.4,0.01,50,5,9,1
100,0.5,0.7,0.4,0.01,50,6,15,1
100,0.5,0.7,0.4,0.01,50,7,15,1
100,0.5,0.7,0.4,0.01,50,8,15,1
100,0.5,0.7,0.4,0.01,50,9,15,1
100,0.5,0.7,0.4,0.01,50,10,15,1
100,0.5,0.7,0.4,0.01,50,11,9,1
100,0.5,0.7,0.4,0.01,50,12,9,1
100,0.5,0.7,0.4,0.01,50,13,15,1
100,0.5,0.7,0.4,0.01,50,14,9,1
100,0.5,0.7,0.4,0.01,50,15,15,1
100,0.5,0.7,0.4,0.01,50,16,9,1
100,0.5,0.7,0.4,0.01,50,17,15,1
100,0.5,0.7,0.4,0.01,50,18,15,1
100,0.5,0.7,0.4,0.01,50,19,15,1
100,0.5,0.7,0.4,0.01,50,20,15,1
100,0.5,0.7,0.4,0.01,50,21,15,1
100,0.5,0.7,0.4,0.01,50,22,15,1
100,0.5,0.7,0.4,0.01,50,23,9,1
100,0.5,0.7,0.4,0.01,50,24,9,1
100,0.5,0.7,0.4,0.01,50,25,9,1
100,0.5,0.7,0.4,0.01,50,26,9,1
100,0.5,0.7,0.4,0.01,50,27,9,1
100,0.5,0.7,0.4,0.01,50,28,15,1
100,0.5,0.7,0.4,0.01,50,29,15,1
100,0.5,0.7,0.4,0.01,50,30,9,1
100,0.5,0.7,0.4,0.01,50,31,9,1
100,0.5,0.7,0.4,0.01,50,32,15,1
100,0.5,0.7,0.4,0.01,50,33,9,1
100,0.5,0.7,0.4,0.01,50,34,15,1
100,0.5,0.7,0.4,0.01,50,35,9,1
100,0.5,0.7,0.4,0.01,50,36,9,1
100,0.5,0.7,0.4,0.01,50,37,9,1
100,0.5,0.7,0.4,0.01,50,38,9,1
100,0.5,0.7,0.4,0.01,50,39,15,1
100,0.5,0.7,0.4,0.01,50,40,15,1
100,0.5,0.7,0.4,0.01,50,41,15,1
100,0.5,0.7,0.4,0.01,50,42,9,1
100,0.5,0.7,0.4,0.01,50,43,9,1
100,0.5,0.7,0.4,0.01,50,44,15,1
100,0.5,0.7,0.4,0.01,50,45,15,1
100,0.5,0.7,0.4,0.01,50,46,9,1
100,0.5,0.7,0.4,0.01,50,47,15,1
100,0.5,0.7,0.4,0.01,50,48,15,1
100,0.5,0.7,0.4,0.01,50,49,9,1
100,0.5,0.7,0.4,0.01,50,50,15,1
10,1,0.7,0.4,0.01,50,1,36,1
10,1,0.7,0.4,0.01,50,2,57,1
10,1,0.7,0.4,0.01,50,3,57,1
10,1,0.7,0.4,0.01,50,4,36,1
10,1,0.7,0.4,0.01,50,5,36,1
10,1,0.7,0.4,0.01,50,6,36,1
10,1,0.7,0.4,0.01,50,7,36,1
10,1,0.7,0.4,0.01,50,8,36,1
10,1,0.7,0.4,0.01,50,9,36,1
10,1,0.7,0.4,0.01,50,10,36,1
10,1,0.7,0.4,0.01,50,11,57,1
10,1,0.7,0.4,0.01,50,12,57,1
10,1,0.7,0.4,0.01,50,13,57,1
10,1,0.7,0.4,0.01,50,14,57,1
10,1,0.7,0.4,0.01,50,15,57,1
10,1,0.7,0.4,0.01,50,16,36,1
10,1,0.7,0.4,0.01,50,17,57,1
10,1,0.7,0.4,0.01,50,18,36,1
10,1,0.7,0.4,0.01,50,19,36,1
10,1,0.7,0.4,0.01,50,20,36,1
10,1,0.7,0.4,0.01,50,21,36,1
10,1,0.7,0.4,0.01,50,22,57,1
10,1,0.7,0.4,0.01,50,23,36,1
10,1,0.7,0.4,0.01,50,24,57,1
10,1,0.7,0.4,0.01,50,25,57,1
10,1,0.7,0.4,0.01,50,26,23,1
10,1,0.7,0.4,0.01,50,27,23,1
10,1,0.7,0.4,0.01,50,28,57,1
10,1,0.7,0.4,0.01,50,29,57,1
10,1,0.7,0.4,0.01,50,30,57,1
10,1,0.7,0.4,0.01,50,31,57,1
10,1,0.7,0.4,0.01,50,32,57,1
10,1,0.7,0.4,0.01,50,33,57,1
10,1,0.7,0.4,0.01,50,34,57,1
10,1,0.7,0.4,0.01,50,35,57,1
10,1,0.7,0.4,0.01,50,36,57,1
10,1,0.7,0.4,0.01,50,37,57,1
10,1,0.7,0.4,0.01,50,38,57,1
10,1,0.7,0.4,0.01,50,39,88,1
10,1,0.7,0.4,0.01,50,40,36,1
10,1,0.7,0.4,0.01,50,41,57,1
10,1,0.7,0.4,0.01,50,42,36,1
10,1,0.7,0.4,0.01,50,43,36,1
10,1,0.7,0.4,0.01,50,44,36,1
10,1,0.7,0.4,0.01,50,45,36,1
10,1,0.7,0.4,0.01,50,46,23,1
10,1,0.7,0.4,0.01,50,47,36,1
10,1,0.7,0.4,0.01,50,48,36,1
10,1,0.7,0.4,0.01,50,49,36,1
10,1,0.7,0.4,0.01,50,50,57,1
30,1,0.7,0.4,0.01,50,1,23,1
30,1,0.7,0.4,0.01,50,2,15,1
30,1,0.7,0.4,0.01,50,3,23,1
30,1,0.7,0.4,0.01,50,4,15,1
30,1,0.7,0.4,0.01,50,5,15,1
30,1,0.7,0.4,0.01,50,6,23,1
30,1,0.7,0.4,0.01,50,7,23,1
30,1,0.7,0.4,0.01,50,8,23,1
30,1,0.7,0.4,0.01,50,9,23,1
30,1,0.7,0.4,0.01,50,10,15,1
30,1,0.7,0.4,0.01,50,11,15,1
30,1,0.7,0.4,0.01,50,12,23,1
30,1,0.7,0.4,0.01,50,13,15,1
30,1,0.7,0.4,0.01,50,14,15,1
30,1,0.7,0.4,0.01,50,15,15,1
30,1,0.7,0.4,0.01,50,16,23,1
30,1,0.7,0.4,0.01,50,17,15,1
30,1,0.7,0.4,0.01,50,18,23,1
30,1,0.7,0.4,0.01,50,19,15,1
30,1,0.7,0.4,0.01,50,20,23,1
30,1,0.7,0.4,0.01,50,21,23,1
30,1,0.7,0.4,0.01,50,22,15,1
30,1,0.7,0.4,0.01,50,23,15,1
30,1,0.7,0.4,0.01,50,24,23,1
30,1,0.7,0.4,0.01,50,25,15,1
30,1,0.7,0.4,0.01,50,26,9,1
30,1,0.7,0.4,0.01,50,27,15,1
30,1,0.7,0.4,0.01,50,28,15,1
30,1,0.7,0.4,0.01,50,29,23,1
30,1,0.7,0.4,0.01,50,30,23,1
30,1,0.7,0.4,0.01,50,31,23,1
30,1,0.7,0.4,0.01,50,32,15,1
30,1,0.7,0.4,0.01,50,33,15,1
30,1,0.7,0.4,0.01,50,34,23,1
30,1,0.7,0.4,0.01,50,35,15,1
30,1,0.7,0.4,0.01,50,36,15,1
30,1,0.7,0.4,0.01,50,37,6,1
30,1,0.7,0.4,0.01,50,38,23,1
30,1,0.7,0.4,0.01,50,39,15,1
30,1,0.7,0.4,0.01,50,40,23,1
30,1,0.7,0.4,0.01,50,41,23,1
30,1,0.7,0.4,0.01,50,42,9,1
30,1,0.7,0.4,0.01,50,43,15,1
30,1,0.7,0.4,0.01,50,44,23,1
30,1,0.7,0.4,0.01,50,45,15,1
30,1,0.7,0.4,0.01,50,46,15,1
30,1,0.7,0.4,0.01,50,47,15,1
30,1,0.7,0.4,0.01,50,48,15,1
30,1,0.7,0.4,0.01,50,49,23,1
30,1,0.7,0.4,0.01,50,50,23,1
60,1,0.7,0.4,0.01,50,1,15,1
60,1,0.7,0.4,0.01,50,2,15,1
60,1,0.7,0.4,0.01,50,3,6,1
60,1,0.7,0.4,0.01,50,4,15,1
60,1,0.7,0.4,0.01,50,5,15,1
60,1,0.7,0.4,0.01,50,6,15,1
60,1,0.7,0.4,0.01,50,7,23,1
60,1,0.7,0.4,0.01,50,8,15,1
60,1,0.7,0.4,0.01,50,9,15,1
60,1,0.7,0.4,0.01,50,10,15,1
60,1,0.7,0.4,0.01,50,11,9,1
60,1,0.7,0.4,0.01,50,12,15,1
60,1,0.7,0.4,0.01,50,13,9,1
60,1,0.7,0.4,0.01,50,14,15,1
60,1,0.7,0.4,0.01,50,15,9,1
60,1,0.7,0.4,0.01,50,16,15,1
60,1,0.7,0.4,0.01,50,17,15,1
60,1,0.7,0.4,0.01,50,18,15,1
60,1,0.7,0.4,0.01,50,19,15,1
60,1,0.7,0.4,0.01,50,20,15,1
60,1,0.7,0.4,0.01,50,21,15,1
60,1,0.7,0.4,0.01,50,22,15,1
60,1,0.7,0.4,0.01,50,23,15,1
60,1,0.7,0.4,0.01,50,24,23,1
60,1,0.7,0.4,0.01,50,25,15,1
60,1,0.7,0.4,0.01,50,26,9,1
60,1,0.7,0.4,0.01,50,27,15,1
60,1,0.7,0.4,0.01,50,28,15,1
60,1,0.7,0.4,0.01,50,29,15,1
60,1,0.7,0.4,0.01,50,30,15,1
60,1,0.7,0.4,0.01,50,31,23,1
60,1,0.7,0.4,0.01,50,32,15,1
60,1,0.7,0.4,0.01,50,33,15,1
60,1,0.7,0.4,0.01,50,34,15,1
60,1,0.7,0.4,0.01,50,35,15,1
60,1,0.7,0.4,0.01,50,36,15,1
60,1,0.7,0.4,0.01,50,37,6,1
60,1,0.7,0.4,0.01,50,38,15,1
60,1,0.7,0.4,0.01,50,39,15,1
60,1,0.7,0.4,0.01,50,40,15,1
60,1,0.7,0.4,0.01,50,41,23,1
60,1,0.7,0.4,0.01,50,42,15,1
60,1,0.7,0.4,0.01,50,43,15,1
60,1,0.7,0.4,0.01,50,44,15,1
60,1,0.7,0.4,0.01,50,45,15,1
60,1,0.7,0.4,0.01,50,46,15,1
60,1,0.7,0.4,0.01,50,47,15,1
60,1,0.7,0.4,0.01,50,48,15,1
60,1,0.7,0.4,0.01,50,49,15,1
60,1,0.7,0.4,0.01,50,50,15,1
100,1,0.7,0.4,0.01,50,1,15,1
100,1,0.7,0.4,0.01,50,2,15,1
100,1,0.7,0.4,0.01,50,3,15,1
100,1,0.7,0.4,0.01,50,4,9,1
100,1,0.7,0.4,0.01,50,5,15,1
100,1,0.7,0.4,0.01,50,6,15,1
100,1,0.7,0.4,0.01,50,7,15,1
100,1,0.7,0.4,0.01,50,8,15,1
100,1,0.7,0.4,0.01,50,9,15,1
100,1,0.7,0.4,0.01,50,10,15,1
100,1,0.7,0.4,0.01,50,11,15,1
100,1,0.7,0.4,0.01,50,12,15,1
100,1,0.7,0.4,0.01,50,13,9,1
100,1,0.7,0.4,0.01,50,14,9,1
100,1,0.7,0.4,0.01,50,15,9,1
100,1,0.7,0.4,0.01,50,16,15,1
100,1,0.7,0.4,0.01,50,17,15,1
100,1,0.7,0.4,0.01,50,18,15,1
100,1,0.7,0.4,0.01,50,19,9,1
100,1,0.7,0.4,0.01,50,20,15,1
100,1,0.7,0.4,0.01,50,21,15,1
100,1,0.7,0.4,0.01,50,22,15,1
100,1,0.7,0.4,0.01,50,23,15,1
100,1,0.7,0.4,0.01,50,24,15,1
100,1,0.7,0.4,0.01,50,25,15,1
100,1,0.7,0.4,0.01,50,26,9,1
100,1,0.7,0.4,0.01,50,27,15,1
100,1,0.7,0.4,0.01,50,28,15,1
100,1,0.7,0.4,0.01,50,29,15,1
100,1,0.7,0.4,0.01,50,30,15,1
100,1,0.7,0.4,0.01,50,31,15,1
100,1,0.7,0.4,0.01,50,32,4,1
100,1,0.7,0.4,0.01,50,33,15,1
100,1,0.7,0.4,0.01,50,34,15,1
100,1,0.7,0.4,0.01,50,35,15,1
100,1,0.7,0.4,0.01,50,36,15,1
100,1,0.7,0.4,0.01,50,37,6,1
100,1,0.7,0.4,0.01,50,38,15,1
100,1,0.7,0.4,0.01,50,39,15,1
100,1,0.7,0.4,0.01,50,40,15,1
100,1,0.7,0.4,0.01,50,41,23,1
100,1,0.7,0.4,0.01,50,42,9,1
100,1,0.7,0.4,0.01,50,43,15,1
100,1,0.7,0.4,0.01,50,44,15,1
100,1,0.7,0.4,0.01,50,45,15,1
100,1,0.7,0.4,0.01,50,46,15,1
100,1,0.7,0.4,0.01,50,47,15,1
100,1,0.7,0.4,0.01,50,48,6,1
100,1,0.7,0.4,0.01,50,49,15,1
100,1,0.7,0.4,0.01,50,50,15,1
10,1.5,0.7,0.4,0.01,50,1,36,1
10,1.5,0.7,0.4,0.01,50,2,57,1
10,1.5,0.7,0.4,0.01,50,3,88,1
10,1.5,0.7,0.4,0.01,50,4,88,1
10,1.5,0.7,0.4,0.01,50,5,57,1
10,1.5,0.7,0.4,0.01,50,6,57,1
10,1.5,0.7,0.4,0.01,50,7,88,1
10,1.5,0.7,0.4,0.01,50,8,88,1
10,1.5,0.7,0.4,0.01,50,9,88,1
10,1.5,0.7,0.4,0.01,50,10,57,1
10,1.5,0.7,0.4,0.01,50,11,57,1
10,1.5,0.7,0.4,0.01,50,12,88,1
10,1.5,0.7,0.4,0.01,50,13,57,1
10,1.5,0.7,0.4,0.01,50,14,88,1
10,1.5,0.7,0.4,0.01,50,15,217,1
10,1.5,0.7,0.4,0.01,50,16,88,1
10,1.5,0.7,0.4,0.01,50,17,88,1
10,1.5,0.7,0.4,0.01,50,18,139,1
10,1.5,0.7,0.4,0.01,50,19,57,1
10,1.5,0.7,0.4,0.01,50,20,88,1
10,1.5,0.7,0.4,0.01,50,21,57,1
10,1.5,0.7,0.4,0.01,50,22,57,1
10,1.5,0.7,0.4,0.01,50,23,57,1
10,1.5,0.7,0.4,0.01,50,24,139,1
10,1.5,0.7,0.4,0.01,50,25,88,1
10,1.5,0.7,0.4,0.01,50,26,57,1
10,1.5,0.7,0.4,0.01,50,27,88,1
10,1.5,0.7,0.4,0.01,50,28,88,1
10,1.5,0.7,0.4,0.01,50,29,57,1
10,1.5,0.7,0.4,0.01,50,30,88,1
10,1.5,0.7,0.4,0.01,50,31,88,1
10,1.5,0.7,0.4,0.01,50,32,57,1
10,1.5,0.7,0.4,0.01,50,33,88,1
10,1.5,0.7,0.4,0.01,50,34,139,1
10,1.5,0.7,0.4,0.01,50,35,88,1
10,1.5,0.7,0.4,0.01,50,36,57,1
10,1.5,0.7,0.4,0.01,50,37,88,1
10,1.5,0.7,0.4,0.01,50,38,88,1
10,1.5,0.7,0.4,0.01,50,39,88,1
10,1.5,0.7,0.4,0.01,50,40,57,1
10,1.5,0.7,0.4,0.01,50,41,57,1
10,1.5,0.7,0.4,0.01,50,42,57,1
10,1.5,0.7,0.4,0.01,50,43,139,1
10,1.5,0.7,0.4,0.01,50,44,36,1
10,1.5,0.7,0.4,0.01,50,45,88,1
10,1.5,0.7,0.4,0.01,50,46,57,1
10,1.5,0.7,0.4,0.01,50,47,57,1
10,1.5,0.7,0.4,0.01,50,48,57,1
10,1.5,0.7,0.4,0.01,50,49,88,1
10,1.5,0.7,0.4,0.01,50,50,88,1
30,1.5,0.7,0.4,0.01,50,1,23,1
30,1.5,0.7,0.4,0.01,50,2,23,1
30,1.5,0.7,0.4,0.01,50,3,23,1
30,1.5,0.7,0.4,0.01,50,4,23,1
30,1.5,0.7,0.4,0.01,50,5,23,1
30,1.5,0.7,0.4,0.01,50,6,23,1
30,1.5,0.7,0.4,0.01,50,7,23,1
30,1.5,0.7,0.4,0.01,50,8,36,1
30,1.5,0.7,0.4,0.01,50,9,23,1
30,1.5,0.7,0.4,0.01,50,10,23,1
30,1.5,0.7,0.4,0.01,50,11,23,1
30,1.5,0.7,0.4,0.01,50,12,36,1
30,1.5,0.7,0.4,0.01,50,13,36,1
30,1.5,0.7,0.4,0.01,50,14,23,1
30,1.5,0.7,0.4,0.01,50,15,36,1
30,1.5,0.7,0.4,0.01,50,16,23,1
30,1.5,0.7,0.4,0.01,50,17,23,1
30,1.5,0.7,0.4,0.01,50,18,36,1
30,1.5,0.7,0.4,0.01,50,19,15,1
30,1.5,0.7,0.4,0.01,50,20,23,1
30,1.5,0.7,0.4,0.01,50,21,23,1
30,1.5,0.7,0.4,0.01,50,22,23,1
30,1.5,0.7,0.4,0.01,50,23,36,1
30,1.5,0.7,0.4,0.01,50,24,23,1
30,1.5,0.7,0.4,0.01,50,25,15,1
30,1.5,0.7,0.4,0.01,50,26,23,1
30,1.5,0.7,0.4,0.01,50,27,23,1
30,1.5,0.7,0.4,0.01,50,28,23,1
30,1.5,0.7,0.4,0.01,50,29,23,1
30,1.5,0.7,0.4,0.01,50,30,36,1
30,1.5,0.7,0.4,0.01,50,31,23,1
30,1.5,0.7,0.4,0.01,50,32,15,1
30,1.5,0.7,0.4,0.01,50,33,23,1
30,1.5,0.7,0.4,0.01,50,34,36,1
30,1.5,0.7,0.4,0.01,50,35,23,1
30,1.5,0.7,0.4,0.01,50,36,23,1
30,1.5,0.7,0.4,0.01,50,37,6,1
30,1.5,0.7,0.4,0.01,50,38,36,1
30,1.5,0.7,0.4,0.01,50,39,36,1
30,1.5,0.7,0.4,0.01,50,40,23,1
30,1.5,0.7,0.4,0.01,50,41,23,1
30,1.5,0.7,0.4,0.01,50,42,15,1
30,1.5,0.7,0.4,0.01,50,43,23,1
30,1.5,0.7,0.4,0.01,50,44,23,1
30,1.5,0.7,0.4,0.01,50,45,36,1
30,1.5,0.7,0.4,0.01,50,46,23,1
30,1.5,0.7,0.4,0.01,50,47,36,1
30,1.5,0.7,0.4,0.01,50,48,15,1
30,1.5,0.7,0.4,0.01,50,49,36,1
30,1.5,0.7,0.4,0.01,50,50,15,1
60,1.5,0.7,0.4,0.01,50,1,23,1
60,1.5,0.7,0.4,0.01,50,2,15,1
60,1.5,0.7,0.4,0.01,50,3,23,1
60,1.5,0.7,0.4,0.01,50,4,15,1
60,1.5,0.7,0.4,0.01,50,5,23,1
60,1.5,0.7,0.4,0.01,50,6,23,1
60,1.5,0.7,0.4,0.01,50,7,23,1
60,1.5,0.7,0.4,0.01,50,8,36,1
60,1.5,0.7,0.4,0.01,50,9,23,1
60,1.5,0.7,0.4,0.01,50,10,23,1
60,1.5,0.7,0.4,0.01,50,11,15,1
60,1.5,0.7,0.4,0.01,50,12,23,1
60,1.5,0.7,0.4,0.01,50,13,15,1
60,1.5,0.7,0.4,0.01,50,14,23,1
60,1.5,0.7,0.4,0.01,50,15,23,1
60,1.5,0.7,0.4,0.01,50,16,15,1
60,1.5,0.7,0.4,0.01,50,17,15,1
60,1.5,0.7,0.4,0.01,50,18,15,1
60,1.5,0.7,0.4,0.01,50,19,15,1
60,1.5,0.7,0.4,0.01,50,20,9,1
60,1.5,0.7,0.4,0.01,50,21,23,1
60,1.5,0.7,0.4,0.01,50,22,15,1
60,1.5,0.7,0.4,0.01,50,23,15,1
60,1.5,0.7,0.4,0.01,50,24,23,1
60,1.5,0.7,0.4,0.01,50,25,15,1
60,1.5,0.7,0.4,0.01,50,26,9,1
60,1.5,0.7,0.4,0.01,50,27,23,1
60,1.5,0.7,0.4,0.01,50,28,23,1
60,1.5,0.7,0.4,0.01,50,29,23,1
60,1.5,0.7,0.4,0.01,50,30,23,1
60,1.5,0.7,0.4,0.01,50,31,15,1
60,1.5,0.7,0.4,0.01,50,32,15,1
60,1.5,0.7,0.4,0.01,50,33,23,1
60,1.5,0.7,0.4,0.01,50,34,23,1
60,1.5,0.7,0.4,0.01,50,35,23,1
60,1.5,0.7,0.4,0.01,50,36,15,1
60,1.5,0.7,0.4,0.01,50,37,23,1
60,1.5,0.7,0.4,0.01,50,38,36,1
60,1.5,0.7,0.4,0.01,50,39,23,1
60,1.5,0.7,0.4,0.01,50,40,15,1
60,1.5,0.7,0.4,0.01,50,41,23,1
60,1.5,0.7,0.4,0.01,50,42,15,1
60,1.5,0.7,0.4,0.01,50,43,15,1
60,1.5,0.7,0.4,0.01,50,44,23,1
60,1.5,0.7,0.4,0.01,50,45,15,1
60,1.5,0.7,0.4,0.01,50,46,15,1
60,1.5,0.7,0.4,0.01,50,47,23,1
60,1.5,0.7,0.4,0.01,50,48,15,1
60,1.5,0.7,0.4,0.01,50,49,23,1
60,1.5,0.7,0.4,0.01,50,50,15,1
100,1.5,0.7,0.4,0.01,50,1,9,1
100,1.5,0.7,0.4,0.01,50,2,15,1
100,1.5,0.7,0.4,0.01,50,3,23,1
100,1.5,0.7,0.4,0.01,50,4,23,1
100,1.5,0.7,0.4,0.01,50,5,15,1
100,1.5,0.7,0.4,0.01,50,6,15,1
100,1.5,0.7,0.4,0.01,50,7,15,1
100,1.5,0.7,0.4,0.01,50,8,23,1
100,1.5,0.7,0.4,0.01,50,9,23,1
100,1.5,0.7,0.4,0.01,50,10,23,1
100,1.5,0.7,0.4,0.01,50,11,15,1
100,1.5,0.7,0.4,0.01,50,12,15,1
100,1.5,0.7,0.4,0.01,50,13,15,1
100,1.5,0.7,0.4,0.01,50,14,23,1
100,1.5,0.7,0.4,0.01,50,15,23,1
100,1.5,0.7,0.4,0.01,50,16,15,1
100,1.5,0.7,0.4,0.01,50,17,15,1
100,1.5,0.7,0.4,0.01,50,18,15,1
100,1.5,0.7,0.4,0.01,50,19,15,1
100,1.5,0.7,0.4,0.01,50,20,15,1
100,1.5,0.7,0.4,0.01,50,21,23,1
100,1.5,0.7,0.4,0.01,50,22,15,1
100,1.5,0.7,0.4,0.01,50,23,15,1
100,1.5,0.7,0.4,0.01,50,24,23,1
100,1.5,0.7,0.4,0.01,50,25,23,1
100,1.5,0.7,0.4,0.01,50,26,15,1
100,1.5,0.7,0.4,0.01,50,27,15,1
100,1.5,0.7,0.4,0.01,50,28,23,1
100,1.5,0.7,0.4,0.01,50,29,15,1
100,1.5,0.7,0.4,0.01,50,30,15,1
100,1.5,0.7,0.4,0.01,50,31,23,1
100,1.5,0.7,0.4,0.01,50,32,15,1
100,1.5,0.7,0.4,0.01,50,33,15,1
100,1.5,0.7,0.4,0.01,50,34,23,1
100,1.5,0.7,0.4,0.01,50,35,15,1
100,1.5,0.7,0.4,0.01,50,36,15,1
100,1.5,0.7,0.4,0.01,50,37,9,1
100,1.5,0.7,0.4,0.01,50,38,15,1
100,1.5,0.7,0.4,0.01,50,39,23,1
100,1.5,0.7,0.4,0.01,50,40,15,1
100,1.5,0.7,0.4,0.01,50,41,23,1
100,1.5,0.7,0.4,0.01,50,42,15,1
100,1.5,0.7,0.4,0.01,50,43,15,1
100,1.5,0.7,0.4,0.01,50,44,15,1
100,1.5,0.7,0.4,0.01,50,45,15,1
100,1.5,0.7,0.4,0.01,50,46,15,1
100,1.5,0.7,0.4,0.01,50,47,23,1
100,1.5,0.7,0.4,0.01,50,48,9,1
100,1.5,0.7,0.4,0.01,50,49,15,1
100,1.5,0.7,0.4,0.01,50,50,15,1
10,0.5,0.5,0.2,0.1,50,1,36,4
10,0.5,0.5,0.2,0.1,50,2,23,4
10,0.5,0.5,0.2,0.1,50,3,36,4
10,0.5,0.5,0.2,0.1,50,4,36,4
10,0.5,0.5,0.2,0.1,50,5,36,4
10,0.5,0.5,0.2,0.1,50,6,36,4
10,0.5,0.5,0.2,0.1,50,7,36,4
10,0.5,0.5,0.2,0.1,50,8,57,4
10,0.5,0.5,0.2,0.1,50,9,36,4
10,0.5,0.5,0.2,0.1,50,10,36,4
10,0.5,0.5,0.2,0.1,50,11,57,4
10,0.5,0.5,0.2,0.1,50,12,36,4
10,0.5,0.5,0.2,0.1,50,13,36,4
10,0.5,0.5,0.2,0.1,50,14,23,4
10,0.5,0.5,0.2,0.1,50,15,36,4
10,0.5,0.5,0.2,0.1,50,16,36,4
10,0.5,0.5,0.2,0.1,50,17,23,4
10,0.5,0.5,0.2,0.1,50,18,57,4
10,0.5,0.5,0.2,0.1,50,19,36,4
10,0.5,0.5,0.2,0.1,50,20,57,4
10,0.5,0.5,0.2,0.1,50,21,57,4
10,0.5,0.5,0.2,0.1,50,22,23,4
10,0.5,0.5,0.2,0.1,50,23,36,4
10,0.5,0.5,0.2,0.1,50,24,36,4
10,0.5,0.5,0.2,0.1,50,25,36,4
10,0.5,0.5,0.2,0.1,50,26,36,4
10,0.5,0.5,0.2,0.1,50,27,36,4
10,0.5,0.5,0.2,0.1,50,28,36,4
10,0.5,0.5,0.2,0.1,50,29,36,4
10,0.5,0.5,0.2,0.1,50,30,57,4
10,0.5,0.5,0.2,0.1,50,31,57,4
10,0.5,0.5,0.2,0.1,50,32,36,4
10,0.5,0.5,0.2,0.1,50,33,36,4
10,0.5,0.5,0.2,0.1,50,34,36,4
10,0.5,0.5,0.2,0.1,50,35,57,4
10,0.5,0.5,0.2,0.1,50,36,36,4
10,0.5,0.5,0.2,0.1,50,37,57,4
10,0.5,0.5,0.2,0.1,50,38,36,4
10,0.5,0.5,0.2,0.1,50,39,23,4
10,0.5,0.5,0.2,0.1,50,40,36,4
10,0.5,0.5,0.2,0.1,50,41,36,4
10,0.5,0.5,0.2,0.1,50,42,36,4
10,0.5,0.5,0.2,0.1,50,43,36,4
10,0.5,0.5,0.2,0.1,50,44,36,4
10,0.5,0.5,0.2,0.1,50,45,23,4
10,0.5,0.5,0.2,0.1,50,46,36,4
10,0.5,0.5,0.2,0.1,50,47,57,4
10,0.5,0.5,0.2,0.1,50,48,23,4
10,0.5,0.5,0.2,0.1,50,49,36,4
10,0.5,0.5,0.2,0.1,50,50,57,4
30,0.5,0.5,0.2,0.1,50,1,15,4
30,0.5,0.5,0.2,0.1,50,2,15,4
30,0.5,0.5,0.2,0.1,50,3,15,4
30,0.5,0.5,0.2,0.1,50,4,15,4
30,0.5,0.5,0.2,0.1,50,5,15,4
30,0.5,0.5,0.2,0.1,50,6,15,4
30,0.5,0.5,0.2,0.1,50,7,15,4
30,0.5,0.5,0.2,0.1,50,8,15,4
30,0.5,0.5,0.2,0.1,50,9,15,4
30,0.5,0.5,0.2,0.1,50,10,15,4
30,0.5,0.5,0.2,0.1,50,11,15,4
30,0.5,0.5,0.2,0.1,50,12,15,4
30,0.5,0.5,0.2,0.1,50,13,15,4
30,0.5,0.5,0.2,0.1,50,14,15,4
30,0.5,0.5,0.2,0.1,50,15,15,4
30,0.5,0.5,0.2,0.1,50,16,15,4
30,0.5,0.5,0.2,0.1,50,17,15,4
30,0.5,0.5,0.2,0.1,50,18,23,4
30,0.5,0.5,0.2,0.1,50,19,15,4
30,0.5,0.5,0.2,0.1,50,20,23,4
30,0.5,0.5,0.2,0.1,50,21,15,4
30,0.5,0.5,0.2,0.1,50,22,15,4
30,0.5,0.5,0.2,0.1,50,23,15,4
30,0.5,0.5,0.2,0.1,50,24,15,4
30,0.5,0.5,0.2,0.1,50,25,15,4
30,0.5,0.5,0.2,0.1,50,26,15,4
30,0.5,0.5,0.2,0.1,50,27,23,4
30,0.5,0.5,0.2,0.1,50,28,15,4
30,0.5,0.5,0.2,0.1,50,29,15,4
30,0.5,0.5,0.2,0.1,50,30,15,4
30,0.5,0.5,0.2,0.1,50,31,15,4
30,0.5,0.5,0.2,0.1,50,32,23,4
30,0.5,0.5,0.2,0.1,50,33,23,4
30,0.5,0.5,0.2,0.1,50,34,23,4
30,0.5,0.5,0.2,0.1,50,35,15,4
30,0.5,0.5,0.2,0.1,50,36,15,4
30,0.5,0.5,0.2,0.1,50,37,15,4
30,0.5,0.5,0.2,0.1,50,38,15,4
30,0.5,0.5,0.2,0.1,50,39,15,4
30,0.5,0.5,0.2,0.1,50,40,15,4
30,0.5,0.5,0.2,0.1,50,41,15,4
30,0.5,0.5,0.2,0.1,50,42,15,4
30,0.5,0.5,0.2,0.1,50,43,15,4
30,0.5,0.5,0.2,0.1,50,44,15,4
30,0.5,0.5,0.2,0.1,50,45,15,4
30,0.5,0.5,0.2,0.1,50,46,15,4
30,0.5,0.5,0.2,0.1,50,47,23,4
30,0.5,0.5,0.2,0.1,50,48,15,4
30,0.5,0.5,0.2,0.1,50,49,9,4
30,0.5,0.5,0.2,0.1,50,50,15,4
60,0.5,0.5,0.2,0.1,50,1,15,4
60,0.5,0.5,0.2,0.1,50,2,15,4
60,0.5,0.5,0.2,0.1,50,3,9,4
60,0.5,0.5,0.2,0.1,50,4,9,4
60,0.5,0.5,0.2,0.1,50,5,15,4
60,0.5,0.5,0.2,0.1,50,6,9,4
60,0.5,0.5,0.2,0.1,50,7,15,4
60,0.5,0.5,0.2,0.1,50,8,9,4
60,0.5,0.5,0.2,0.1,50,9,9,4
60,0.5,0.5,0.2,0.1,50,10,15,4
60,0.5,0.5,0.2,0.1,50,11,15,4
60,0.5,0.5,0.2,0.1,50,12,15,4
60,0.5,0.5,0.2,0.1,50,13,15,4
60,0.5,0.5,0.2,0.1,50,14,15,4
60,0.5,0.5,0.2,0.1,50,15,9,4
60,0.5,0.5,0.2,0.1,50,16,15,4
60,0.5,0.5,0.2,0.1,50,17,9,4
60,0.5,0.5,0.2,0.1,50,18,15,4
60,0.5,0.5,0.2,0.1,50,19,15,4
60,0.5,0.5,0.2,0.1,50,20,15,4
60,0.5,0.5,0.2,0.1,50,21,15,4
60,0.5,0.5,0.2,0.1,50,22,15,4
60,0.5,0.5,0.2,0.1,50,23,9,4
60,0.5,0.5,0.2,0.1,50,24,9,4
60,0.5,0.5,0.2,0.1,50,25,9,4
60,0.5,0.5,0.2,0.1,50,26,15,4
60,0.5,0.5,0.2,0.1,50,27,9,4
60,0.5,0.5,0.2,0.1,50,28,15,4
60,0.5,0.5,0.2,0.1,50,29,15,4
60,0.5,0.5,0.2,0.1,50,30,9,4
60,0.5,0.5,0.2,0.1,50,31,15,4
60,0.5,0.5,0.2,0.1,50,32,15,4
60,0.5,0.5,0.2,0.1,50,33,15,4
60,0.5,0.5,0.2,0.1,50,34,6,4
60,0.5,0.5,0.2,0.1,50,35,9,4
60,0.5,0.5,0.2,0.1,50,36,15,4
60,0.5,0.5,0.2,0.1,50,37,9,4
60,0.5,0.5,0.2,0.1,50,38,9,4
60,0.5,0.5,0.2,0.1,50,39,15,4
60,0.5,0.5,0.2,0.1,50,40,9,4
60,0.5,0.5,0.2,0.1,50,41,15,4
60,0.5,0.5,0.2,0.1,50,42,15,4
60,0.5,0.5,0.2,0.1,50,43,15,4
60,0.5,0.5,0.2,0.1,50,44,9,4
60,0.5,0.5,0.2,0.1,50,45,9,4
60,0.5,0.5,0.2,0.1,50,46,9,4
60,0.5,0.5,0.2,0.1,50,47,15,4
60,0.5,0.5,0.2,0.1,50,48,15,4
60,0.5,0.5,0.2,0.1,50,49,6,4
60,0.5,0.5,0.2,0.1,50,50,15,4
100,0.5,0.5,0.2,0.1,50,1,15,4
100,0.5,0.5,0.2,0.1,50,2,9,4
100,0.5,0.5,0.2,0.1,50,3,15,4
100,0.5,0.5,0.2,0.1,50,4,9,4
100,0.5,0.5,0.2,0.1,50,5,9,4
100,0.5,0.5,0.2,0.1,50,6,9,4
100,0.5,0.5,0.2,0.1,50,7,9,4
100,0.5,0.5,0.2,0.1,50,8,6,4
100,0.5,0.5,0.2,0.1,50,9,9,4
100,0.5,0.5,0.2,0.1,50,10,9,4
100,0.5,0.5,0.2,0.1,50,11,15,4
100,0.5,0.5,0.2,0.1,50,12,9,4
100,0.5,0.5,0.2,0.1,50,13,9,4
100,0.5,0.5,0.2,0.1,50,14,15,4
100,0.5,0.5,0.2,0.1,50,15,9,4
100,0.5,0.5,0.2,0.1,50,16,9,4
100,0.5,0.5,0.2,0.1,50,17,9,4
100,0.5,0.5,0.2,0.1,50,18,15,4
100,0.5,0.5,0.2,0.1,50,19,15,4
100,0.5,0.5,0.2,0.1,50,20,15,4
100,0.5,0.5,0.2,0.1,50,21,15,4
100,0.5,0.5,0.2,0.1,50,22,9,4
100,0.5,0.5,0.2,0.1,50,23,6,4
100,0.5,0.5,0.2,0.1,50,24,9,4
100,0.5,0.5,0.2,0.1,50,25,15,4
100,0.5,0.5,0.2,0.1,50,26,15,4
100,0.5,0.5,0.2,0.1,50,27,15,4
100,0.5,0.5,0.2,0.1,50,28,15,4
100,0.5,0.5,0.2,0.1,50,29,15,4
100,0.5,0.5,0.2,0.1,50,30,6,4
100,0.5,0.5,0.2,0.1,50,31,15,4
100,0.5,0.5,0.2,0.1,50,32,15,4
100,0.5,0.5,0.2,0.1,50,33,15,4
100,0.5,0.5,0.2,0.1,50,34,6,4
100,0.5,0.5,0.2,0.1,50,35,9,4
100,0.5,0.5,0.2,0.1,50,36,15,4
100,0.5,0.5,0.2,0.1,50,37,9,4
100,0.5,0.5,0.2,0.1,50,38,9,4
100,0.5,0.5,0.2,0.1,50,39,6,4
100,0.5,0.5,0.2,0.1,50,40,9,4
100,0.5,0.5,0.2,0.1,50,41,15,4
100,0.5,0.5,0.2,0.1,50,42,15,4
100,0.5,0.5,0.2,0.1,50,43,15,4
100,0.5,0.5,0.2,0.1,50,44,9,4
100,0.5,0.5,0.2,0.1,50,45,9,4
100,0.5,0.5,0.2,0.1,50,46,9,4
100,0.5,0.5,0.2,0.1,50,47,15,4
100,0.5,0.5,0.2,0.1,50,48,15,4
100,0.5,0.5,0.2,0.1,50,49,15,4
100,0.5,0.5,0.2,0.1,50,50,15,4
10,1,0.5,0.2,0.1,50,1,36,4
10,1,0.5,0.2,0.1,50,2,36,4
10,1,0.5,0.2,0.1,50,3,57,4
10,1,0.5,0.2,0.1,50,4,57,4
10,1,0.5,0.2,0.1,50,5,57,4
10,1,0.5,0.2,0.1,50,6,36,4
10,1,0.5,0.2,0.1,50,7,57,4
10,1,0.5,0.2,0.1,50,8,57,4
10,1,0.5,0.2,0.1,50,9,36,4
10,1,0.5,0.2,0.1,50,10,36,4
10,1,0.5,0.2,0.1,50,11,57,4
10,1,0.5,0.2,0.1,50,12,36,4
10,1,0.5,0.2,0.1,50,13,57,4
10,1,0.5,0.2,0.1,50,14,36,4
10,1,0.5,0.2,0.1,50,15,36,4
10,1,0.5,0.2,0.1,50,16,57,4
10,1,0.5,0.2,0.1,50,17,36,4
10,1,0.5,0.2,0.1,50,18,57,4
10,1,0.5,0.2,0.1,50,19,36,4
10,1,0.5,0.2,0.1,50,20,57,4
10,1,0.5,0.2,0.1,50,21,57,4
10,1,0.5,0.2,0.1,50,22,36,4
10,1,0.5,0.2,0.1,50,23,57,4
10,1,0.5,0.2,0.1,50,24,36,4
10,1,0.5,0.2,0.1,50,25,57,4
10,1,0.5,0.2,0.1,50,26,36,4
10,1,0.5,0.2,0.1,50,27,57,4
10,1,0.5,0.2,0.1,50,28,36,4
10,1,0.5,0.2,0.1,50,29,57,4
10,1,0.5,0.2,0.1,50,30,57,4
10,1,0.5,0.2,0.1,50,31,57,4
10,1,0.5,0.2,0.1,50,32,36,4
10,1,0.5,0.2,0.1,50,33,57,4
10,1,0.5,0.2,0.1,50,34,36,4
10,1,0.5,0.2,0.1,50,35,57,4
10,1,0.5,0.2,0.1,50,36,36,4
10,1,0.5,0.2,0.1,50,37,88,4
10,1,0.5,0.2,0.1,50,38,36,4
10,1,0.5,0.2,0.1,50,39,36,4
10,1,0.5,0.2,0.1,50,40,36,4
10,1,0.5,0.2,0.1,50,41,36,4
10,1,0.5,0.2,0.1,50,42,36,4
10,1,0.5,0.2,0.1,50,43,36,4
10,1,0.5,0.2,0.1,50,44,57,4
10,1,0.5,0.2,0.1,50,45,36,4
10,1,0.5,0.2,0.1,50,46,57,4
10,1,0.5,0.2,0.1,50,47,57,4
10,1,0.5,0.2,0.1,50,48,36,4
10,1,0.5,0.2,0.1,50,49,36,4
10,1,0.5,0.2,0.1,50,50,57,4
30,1,0.5,0.2,0.1,50,1,15,4
30,1,0.5,0.2,0.1,50,2,23,4
30,1,0.5,0.2,0.1,50,3,23,4
30,1,0.5,0.2,0.1,50,4,15,4
30,1,0.5,0.2,0.1,50,5,9,4
30,1,0.5,0.2,0.1,50,6,15,4
30,1,0.5,0.2,0.1,50,7,23,4
30,1,0.5,0.2,0.1,50,8,15,4
30,1,0.5,0.2,0.1,50,9,15,4
30,1,0.5,0.2,0.1,50,10,15,4
30,1,0.5,0.2,0.1,50,11,23,4
30,1,0.5,0.2,0.1,50,12,9,4
30,1,0.5,0.2,0.1,50,13,15,4
30,1,0.5,0.2,0.1,50,14,15,4
30,1,0.5,0.2,0.1,50,15,9,4
30,1,0.5,0.2,0.1,50,16,23,4
30,1,0.5,0.2,0.1,50,17,15,4
30,1,0.5,0.2,0.1,50,18,23,4
30,1,0.5,0.2,0.1,50,19,15,4
30,1,0.5,0.2,0.1,50,20,23,4
30,1,0.5,0.2,0.1,50,21,23,4
30,1,0.5,0.2,0.1,50,22,15,4
30,1,0.5,0.2,0.1,50,23,23,4
30,1,0.5,0.2,0.1,50,24,23,4
30,1,0.5,0.2,0.1,50,25,15,4
30,1,0.5,0.2,0.1,50,26,15,4
30,1,0.5,0.2,0.1,50,27,23,4
30,1,0.5,0.2,0.1,50,28,15,4
30,1,0.5,0.2,0.1,50,29,23,4
30,1,0.5,0.2,0.1,50,30,23,4
30,1,0.5,0.2,0.1,50,31,15,4
30,1,0.5,0.2,0.1,50,32,23,4
30,1,0.5,0.2,0.1,50,33,23,4
30,1,0.5,0.2,0.1,50,34,15,4
30,1,0.5,0.2,0.1,50,35,15,4
30,1,0.5,0.2,0.1,50,36,15,4
30,1,0.5,0.2,0.1,50,37,15,4
30,1,0.5,0.2,0.1,50,38,23,4
30,1,0.5,0.2,0.1,50,39,9,4
30,1,0.5,0.2,0.1,50,40,15,4
30,1,0.5,0.2,0.1,50,41,15,4
30,1,0.5,0.2,0.1,50,42,15,4
30,1,0.5,0.2,0.1,50,43,15,4
30,1,0.5,0.2,0.1,50,44,15,4
30,1,0.5,0.2,0.1,50,45,15,4
30,1,0.5,0.2,0.1,50,46,15,4
30,1,0.5,0.2,0.1,50,47,23,4
30,1,0.5,0.2,0.1,50,48,15,4
30,1,0.5,0.2,0.1,50,49,15,4
30,1,0.5,0.2,0.1,50,50,15,4
60,1,0.5,0.2,0.1,50,1,15,4
60,1,0.5,0.2,0.1,50,2,15,4
60,1,0.5,0.2,0.1,50,3,15,4
60,1,0.5,0.2,0.1,50,4,15,4
60,1,0.5,0.2,0.1,50,5,15,4
60,1,0.5,0.2,0.1,50,6,15,4
60,1,0.5,0.2,0.1,50,7,15,4
60,1,0.5,0.2,0.1,50,8,15,4
60,1,0.5,0.2,0.1,50,9,15,4
60,1,0.5,0.2,0.1,50,10,15,4
60,1,0.5,0.2,0.1,50,11,15,4
60,1,0.5,0.2,0.1,50,12,15,4
60,1,0.5,0.2,0.1,50,13,15,4
60,1,0.5,0.2,0.1,50,14,15,4
60,1,0.5,0.2,0.1,50,15,15,4
60,1,0.5,0.2,0.1,50,16,15,4
60,1,0.5,0.2,0.1,50,17,15,4
60,1,0.5,0.2,0.1,50,18,15,4
60,1,0.5,0.2,0.1,50,19,15,4
60,1,0.5,0.2,0.1,50,20,15,4
60,1,0.5,0.2,0.1,50,21,15,4
60,1,0.5,0.2,0.1,50,22,9,4
60,1,0.5,0.2,0.1,50,23,15,4
60,1,0.5,0.2,0.1,50,24,15,4
60,1,0.5,0.2,0.1,50,25,15,4
60,1,0.5,0.2,0.1,50,26,15,4
60,1,0.5,0.2,0.1,50,27,15,4
60,1,0.5,0.2,0.1,50,28,15,4
60,1,0.5,0.2,0.1,50,29,15,4
60,1,0.5,0.2,0.1,50,30,9,4
60,1,0.5,0.2,0.1,50,31,15,4
60,1,0.5,0.2,0.1,50,32,15,4
60,1,0.5,0.2,0.1,50,33,23,4
60,1,0.5,0.2,0.1,50,34,15,4
60,1,0.5,0.2,0.1,50,35,15,4
60,1,0.5,0.2,0.1,50,36,9,4
60,1,0.5,0.2,0.1,50,37,15,4
60,1,0.5,0.2,0.1,50,38,15,4
60,1,0.5,0.2,0.1,50,39,9,4
60,1,0.5,0.2,0.1,50,40,15,4
60,1,0.5,0.2,0.1,50,41,15,4
60,1,0.5,0.2,0.1,50,42,15,4
60,1,0.5,0.2,0.1,50,43,15,4
60,1,0.5,0.2,0.1,50,44,9,4
60,1,0.5,0.2,0.1,50,45,15,4
60,1,0.5,0.2,0.1,50,46,15,4
60,1,0.5,0.2,0.1,50,47,15,4
60,1,0.5,0.2,0.1,50,48,15,4
60,1,0.5,0.2,0.1,50,49,15,4
60,1,0.5,0.2,0.1,50,50,15,4
100,1,0.5,0.2,0.1,50,1,9,4
100,1,0.5,0.2,0.1,50,2,15,4
100,1,0.5,0.2,0.1,50,3,15,4
100,1,0.5,0.2,0.1,50,4,15,4
100,1,0.5,0.2,0.1,50,5,15,4
100,1,0.5,0.2,0.1,50,6,9,4
100,1,0.5,0.2,0.1,50,7,15,4
100,1,0.5,0.2,0.1,50,8,15,4
100,1,0.5,0.2,0.1,50,9,9,4
100,1,0.5,0.2,0.1,50,10,15,4
100,1,0.5,0.2,0.1,50,11,15,4
100,1,0.5,0.2,0.1,50,12,15,4
100,1,0.5,0.2,0.1,50,13,9,4
100,1,0.5,0.2,0.1,50,14,15,4
100,1,0.5,0.2,0.1,50,15,15,4
100,1,0.5,0.2,0.1,50,16,15,4
100,1,0.5,0.2,0.1,50,17,15,4
100,1,0.5,0.2,0.1,50,18,15,4
100,1,0.5,0.2,0.1,50,19,9,4
100,1,0.5,0.2,0.1,50,20,15,4
100,1,0.5,0.2,0.1,50,21,9,4
100,1,0.5,0.2,0.1,50,22,9,4
100,1,0.5,0.2,0.1,50,23,15,4
100,1,0.5,0.2,0.1,50,24,15,4
100,1,0.5,0.2,0.1,50,25,15,4
100,1,0.5,0.2,0.1,50,26,15,4
100,1,0.5,0.2,0.1,50,27,15,4
100,1,0.5,0.2,0.1,50,28,15,4
100,1,0.5,0.2,0.1,50,29,15,4
100,1,0.5,0.2,0.1,50,30,15,4
100,1,0.5,0.2,0.1,50,31,15,4
100,1,0.5,0.2,0.1,50,32,15,4
100,1,0.5,0.2,0.1,50,33,15,4
100,1,0.5,0.2,0.1,50,34,15,4
100,1,0.5,0.2,0.1,50,35,15,4
100,1,0.5,0.2,0.1,50,36,9,4
100,1,0.5,0.2,0.1,50,37,15,4
100,1,0.5,0.2,0.1,50,38,9,4
100,1,0.5,0.2,0.1,50,39,9,4
100,1,0.5,0.2,0.1,50,40,15,4
100,1,0.5,0.2,0.1,50,41,15,4
100,1,0.5,0.2,0.1,50,42,9,4
100,1,0.5,0.2,0.1,50,43,15,4
100,1,0.5,0.2,0.1,50,44,9,4
100,1,0.5,0.2,0.1,50,45,15,4
100,1,0.5,0.2,0.1,50,46,9,4
100,1,0.5,0.2,0.1,50,47,15,4
100,1,0.5,0.2,0.1,50,48,9,4
100,1,0.5,0.2,0.1,50,49,9,4
100,1,0.5,0.2,0.1,50,50,15,4
10,1.5,0.5,0.2,0.1,50,1,57,4
10,1.5,0.5,0.2,0.1,50,2,139,4
10,1.5,0.5,0.2,0.1,50,3,57,4
10,1.5,0.5,0.2,0.1,50,4,217,4
10,1.5,0.5,0.2,0.1,50,5,139,4
10,1.5,0.5,0.2,0.1,50,6,57,4
10,1.5,0.5,0.2,0.1,50,7,88,4
10,1.5,0.5,0.2,0.1,50,8,88,4
10,1.5,0.5,0.2,0.1,50,9,57,4
10,1.5,0.5,0.2,0.1,50,10,36,4
10,1.5,0.5,0.2,0.1,50,11,139,4
10,1.5,0.5,0.2,0.1,50,12,88,4
10,1.5,0.5,0.2,0.1,50,13,139,4
10,1.5,0.5,0.2,0.1,50,14,57,4
10,1.5,0.5,0.2,0.1,50,15,36,4
10,1.5,0.5,0.2,0.1,50,16,139,4
10,1.5,0.5,0.2,0.1,50,17,88,4
10,1.5,0.5,0.2,0.1,50,18,88,4
10,1.5,0.5,0.2,0.1,50,19,23,4
10,1.5,0.5,0.2,0.1,50,20,217,4
10,1.5,0.5,0.2,0.1,50,21,88,4
10,1.5,0.5,0.2,0.1,50,22,88,4
10,1.5,0.5,0.2,0.1,50,23,88,4
10,1.5,0.5,0.2,0.1,50,24,57,4
10,1.5,0.5,0.2,0.1,50,25,139,4
10,1.5,0.5,0.2,0.1,50,26,139,4
10,1.5,0.5,0.2,0.1,50,27,88,4
10,1.5,0.5,0.2,0.1,50,28,88,4
10,1.5,0.5,0.2,0.1,50,29,57,4
10,1.5,0.5,0.2,0.1,50,30,139,4
10,1.5,0.5,0.2,0.1,50,31,88,4
10,1.5,0.5,0.2,0.1,50,32,88,4
10,1.5,0.5,0.2,0.1,50,33,57,4
10,1.5,0.5,0.2,0.1,50,34,88,4
10,1.5,0.5,0.2,0.1,50,35,139,4
10,1.5,0.5,0.2,0.1,50,36,57,4
10,1.5,0.5,0.2,0.1,50,37,139,4
10,1.5,0.5,0.2,0.1,50,38,139,4
10,1.5,0.5,0.2,0.1,50,39,23,4
10,1.5,0.5,0.2,0.1,50,40,57,4
10,1.5,0.5,0.2,0.1,50,41,57,4
10,1.5,0.5,0.2,0.1,50,42,57,4
10,1.5,0.5,0.2,0.1,50,43,88,4
10,1.5,0.5,0.2,0.1,50,44,88,4
10,1.5,0.5,0.2,0.1,50,45,57,4
10,1.5,0.5,0.2,0.1,50,46,139,4
10,1.5,0.5,0.2,0.1,50,47,139,4
10,1.5,0.5,0.2,0.1,50,48,88,4
10,1.5,0.5,0.2,0.1,50,49,57,4
10,1.5,0.5,0.2,0.1,50,50,217,4
30,1.5,0.5,0.2,0.1,50,1,23,4
30,1.5,0.5,0.2,0.1,50,2,23,4
30,1.5,0.5,0.2,0.1,50,3,23,4
30,1.5,0.5,0.2,0.1,50,4,23,4
30,1.5,0.5,0.2,0.1,50,5,9,4
30,1.5,0.5,0.2,0.1,50,6,15,4
30,1.5,0.5,0.2,0.1,50,7,36,4
30,1.5,0.5,0.2,0.1,50,8,23,4
30,1.5,0.5,0.2,0.1,50,9,23,4
30,1.5,0.5,0.2,0.1,50,10,36,4
30,1.5,0.5,0.2,0.1,50,11,36,4
30,1.5,0.5,0.2,0.1,50,12,23,4
30,1.5,0.5,0.2,0.1,50,13,23,4
30,1.5,0.5,0.2,0.1,50,14,23,4
30,1.5,0.5,0.2,0.1,50,15,15,4
30,1.5,0.5,0.2,0.1,50,16,36,4
30,1.5,0.5,0.2,0.1,50,17,23,4
30,1.5,0.5,0.2,0.1,50,18,36,4
30,1.5,0.5,0.2,0.1,50,19,23,4
30,1.5,0.5,0.2,0.1,50,20,57,4
30,1.5,0.5,0.2,0.1,50,21,15,4
30,1.5,0.5,0.2,0.1,50,22,23,4
30,1.5,0.5,0.2,0.1,50,23,23,4
30,1.5,0.5,0.2,0.1,50,24,23,4
30,1.5,0.5,0.2,0.1,50,25,23,4
30,1.5,0.5,0.2,0.1,50,26,15,4
30,1.5,0.5,0.2,0.1,50,27,23,4
30,1.5,0.5,0.2,0.1,50,28,23,4
30,1.5,0.5,0.2,0.1,50,29,36,4
30,1.5,0.5,0.2,0.1,50,30,23,4
30,1.5,0.5,0.2,0.1,50,31,23,4
30,1.5,0.5,0.2,0.1,50,32,15,4
30,1.5,0.5,0.2,0.1,50,33,36,4
30,1.5,0.5,0.2,0.1,50,34,36,4
30,1.5,0.5,0.2,0.1,50,35,23,4
30,1.5,0.5,0.2,0.1,50,36,23,4
30,1.5,0.5,0.2,0.1,50,37,36,4
30,1.5,0.5,0.2,0.1,50,38,23,4
30,1.5,0.5,0.2,0.1,50,39,15,4
30,1.5,0.5,0.2,0.1,50,40,23,4
30,1.5,0.5,0.2,0.1,50,41,6,4
30,1.5,0.5,0.2,0.1,50,42,15,4
30,1.5,0.5,0.2,0.1,50,43,23,4
30,1.5,0.5,0.2,0.1,50,44,23,4
30,1.5,0.5,0.2,0.1,50,45,23,4
30,1.5,0.5,0.2,0.1,50,46,36,4
30,1.5,0.5,0.2,0.1,50,47,36,4
30,1.5,0.5,0.2,0.1,50,48,15,4
30,1.5,0.5,0.2,0.1,50,49,23,4
30,1.5,0.5,0.2,0.1,50,50,23,4
60,1.5,0.5,0.2,0.1,50,1,15,4
60,1.5,0.5,0.2,0.1,50,2,15,4
60,1.5,0.5,0.2,0.1,50,3,15,4
60,1.5,0.5,0.2,0.1,50,4,23,4
60,1.5,0.5,0.2,0.1,50,5,15,4
60,1.5,0.5,0.2,0.1,50,6,15,4
60,1.5,0.5,0.2,0.1,50,7,36,4
60,1.5,0.5,0.2,0.1,50,8,15,4
60,1.5,0.5,0.2,0.1,50,9,9,4
60,1.5,0.5,0.2,0.1,50,10,23,4
60,1.5,0.5,0.2,0.1,50,11,23,4
60,1.5,0.5,0.2,0.1,50,12,15,4
60,1.5,0.5,0.2,0.1,50,13,15,4
60,1.5,0.5,0.2,0.1,50,14,23,4
60,1.5,0.5,0.2,0.1,50,15,15,4
60,1.5,0.5,0.2,0.1,50,16,23,4
60,1.5,0.5,0.2,0.1,50,17,15,4
60,1.5,0.5,0.2,0.1,50,18,23,4
60,1.5,0.5,0.2,0.1,50,19,15,4
60,1.5,0.5,0.2,0.1,50,20,23,4
60,1.5,0.5,0.2,0.1,50,21,15,4
60,1.5,0.5,0.2,0.1,50,22,23,4
60,1.5,0.5,0.2,0.1,50,23,23,4
60,1.5,0.5,0.2,0.1,50,24,15,4
60,1.5,0.5,0.2,0.1,50,25,23,4
60,1.5,0.5,0.2,0.1,50,26,15,4
60,1.5,0.5,0.2,0.1,50,27,23,4
60,1.5,0.5,0.2,0.1,50,28,15,4
60,1.5,0.5,0.2,0.1,50,29,23,4
60,1.5,0.5,0.2,0.1,50,30,15,4
60,1.5,0.5,0.2,0.1,50,31,15,4
60,1.5,0.5,0.2,0.1,50,32,15,4
60,1.5,0.5,0.2,0.1,50,33,23,4
60,1.5,0.5,0.2,0.1,50,34,23,4
60,1.5,0.5,0.2,0.1,50,35,15,4
60,1.5,0.5,0.2,0.1,50,36,15,4
60,1.5,0.5,0.2,0.1,50,37,23,4
60,1.5,0.5,0.2,0.1,50,38,23,4
60,1.5,0.5,0.2,0.1,50,39,23,4
60,1.5,0.5,0.2,0.1,50,40,15,4
60,1.5,0.5,0.2,0.1,50,41,15,4
60,1.5,0.5,0.2,0.1,50,42,15,4
60,1.5,0.5,0.2,0.1,50,43,23,4
60,1.5,0.5,0.2,0.1,50,44,15,4
60,1.5,0.5,0.2,0.1,50,45,15,4
60,1.5,0.5,0.2,0.1,50,46,23,4
60,1.5,0.5,0.2,0.1,50,47,23,4
60,1.5,0.5,0.2,0.1,50,48,15,4
60,1.5,0.5,0.2,0.1,50,49,15,4
60,1.5,0.5,0.2,0.1,50,50,15,4
100,1.5,0.5,0.2,0.1,50,1,15,4
100,1.5,0.5,0.2,0.1,50,2,15,4
100,1.5,0.5,0.2,0.1,50,3,15,4
100,1.5,0.5,0.2,0.1,50,4,23,4
100,1.5,0.5,0.2,0.1,50,5,15,4
100,1.5,0.5,0.2,0.1,50,6,15,4
100,1.5,0.5,0.2,0.1,50,7,23,4
100,1.5,0.5,0.2,0.1,50,8,15,4
100,1.5,0.5,0.2,0.1,50,9,9,4
100,1.5,0.5,0.2,0.1,50,10,4,4
100,1.5,0.5,0.2,0.1,50,11,23,4
100,1.5,0.5,0.2,0.1,50,12,15,4
100,1.5,0.5,0.2,0.1,50,13,15,4
100,1.5,0.5,0.2,0.1,50,14,15,4
100,1.5,0.5,0.2,0.1,50,15,15,4
100,1.5,0.5,0.2,0.1,50,16,23,4
100,1.5,0.5,0.2,0.1,50,17,15,4
100,1.5,0.5,0.2,0.1,50,18,15,4
100,1.5,0.5,0.2,0.1,50,19,15,4
100,1.5,0.5,0.2,0.1,50,20,23,4
100,1.5,0.5,0.2,0.1,50,21,15,4
100,1.5,0.5,0.2,0.1,50,22,15,4
100,1.5,0.5,0.2,0.1,50,23,15,4
100,1.5,0.5,0.2,0.1,50,24,15,4
100,1.5,0.5,0.2,0.1,50,25,23,4
100,1.5,0.5,0.2,0.1,50,26,15,4
100,1.5,0.5,0.2,0.1,50,27,23,4
100,1.5,0.5,0.2,0.1,50,28,15,4
100,1.5,0.5,0.2,0.1,50,29,23,4
100,1.5,0.5,0.2,0.1,50,30,9,4
100,1.5,0.5,0.2,0.1,50,31,15,4
100,1.5,0.5,0.2,0.1,50,32,15,4
100,1.5,0.5,0.2,0.1,50,33,15,4
100,1.5,0.5,0.2,0.1,50,34,15,4
100,1.5,0.5,0.2,0.1,50,35,15,4
100,1.5,0.5,0.2,0.1,50,36,15,4
100,1.5,0.5,0.2,0.1,50,37,15,4
100,1.5,0.5,0.2,0.1,50,38,15,4
100,1.5,0.5,0.2,0.1,50,39,15,4
100,1.5,0.5,0.2,0.1,50,40,15,4
100,1.5,0.5,0.2,0.1,50,41,15,4
100,1.5,0.5,0.2,0.1,50,42,6,4
100,1.5,0.5,0.2,0.1,50,43,15,4
100,1.5,0.5,0.2,0.1,50,44,15,4
100,1.5,0.5,0.2,0.1,50,45,15,4
100,1.5,0.5,0.2,0.1,50,46,23,4
100,1.5,0.5,0.2,0.1,50,47,15,4
100,1.5,0.5,0.2,0.1,50,48,15,4
100,1.5,0.5,0.2,0.1,50,49,15,4
100,1.5,0.5,0.2,0.1,50,50,15,4
10,0.5,0.6,0.2,0.1,50,1,36,4
10,0.5,0.6,0.2,0.1,50,2,23,4
10,0.5,0.6,0.2,0.1,50,3,23,4
10,0.5,0.6,0.2,0.1,50,4,23,4
10,0.5,0.6,0.2,0.1,50,5,23,4
10,0.5,0.6,0.2,0.1,50,6,23,4
10,0.5,0.6,0.2,0.1,50,7,36,4
10,0.5,0.6,0.2,0.1,50,8,36,4
10,0.5,0.6,0.2,0.1,50,9,23,4
10,0.5,0.6,0.2,0.1,50,10,23,4
10,0.5,0.6,0.2,0.1,50,11,23,4
10,0.5,0.6,0.2,0.1,50,12,23,4
10,0.5,0.6,0.2,0.1,50,13,57,4
10,0.5,0.6,0.2,0.1,50,14,23,4
10,0.5,0.6,0.2,0.1,50,15,23,4
10,0.5,0.6,0.2,0.1,50,16,36,4
10,0.5,0.6,0.2,0.1,50,17,23,4
10,0.5,0.6,0.2,0.1,50,18,36,4
10,0.5,0.6,0.2,0.1,50,19,23,4
10,0.5,0.6,0.2,0.1,50,20,36,4
10,0.5,0.6,0.2,0.1,50,21,23,4
10,0.5,0.6,0.2,0.1,50,22,23,4
10,0.5,0.6,0.2,0.1,50,23,15,4
10,0.5,0.6,0.2,0.1,50,24,23,4
10,0.5,0.6,0.2,0.1,50,25,15,4
10,0.5,0.6,0.2,0.1,50,26,36,4
10,0.5,0.6,0.2,0.1,50,27,23,4
10,0.5,0.6,0.2,0.1,50,28,36,4
10,0.5,0.6,0.2,0.1,50,29,36,4
10,0.5,0.6,0.2,0.1,50,30,36,4
10,0.5,0.6,0.2,0.1,50,31,23,4
10,0.5,0.6,0.2,0.1,50,32,57,4
10,0.5,0.6,0.2,0.1,50,33,36,4
10,0.5,0.6,0.2,0.1,50,34,36,4
10,0.5,0.6,0.2,0.1,50,35,23,4
10,0.5,0.6,0.2,0.1,50,36,36,4
10,0.5,0.6,0.2,0.1,50,37,57,4
10,0.5,0.6,0.2,0.1,50,38,23,4
10,0.5,0.6,0.2,0.1,50,39,23,4
10,0.5,0.6,0.2,0.1,50,40,36,4
10,0.5,0.6,0.2,0.1,50,41,36,4
10,0.5,0.6,0.2,0.1,50,42,36,4
10,0.5,0.6,0.2,0.1,50,43,23,4
10,0.5,0.6,0.2,0.1,50,44,36,4
10,0.5,0.6,0.2,0.1,50,45,23,4
10,0.5,0.6,0.2,0.1,50,46,36,4
10,0.5,0.6,0.2,0.1,50,47,15,4
10,0.5,0.6,0.2,0.1,50,48,23,4
10,0.5,0.6,0.2,0.1,50,49,36,4
10,0.5,0.6,0.2,0.1,50,50,23,4
30,0.5,0.6,0.2,0.1,50,1,9,4
30,0.5,0.6,0.2,0.1,50,2,15,4
30,0.5,0.6,0.2,0.1,50,3,15,4
30,0.5,0.6,0.2,0.1,50,4,9,4
30,0.5,0.6,0.2,0.1,50,5,9,4
30,0.5,0.6,0.2,0.1,50,6,9,4
30,0.5,0.6,0.2,0.1,50,7,15,4
30,0.5,0.6,0.2,0.1,50,8,15,4
30,0.5,0.6,0.2,0.1,50,9,15,4
30,0.5,0.6,0.2,0.1,50,10,15,4
30,0.5,0.6,0.2,0.1,50,11,9,4
30,0.5,0.6,0.2,0.1,50,12,15,4
30,0.5,0.6,0.2,0.1,50,13,15,4
30,0.5,0.6,0.2,0.1,50,14,15,4
30,0.5,0.6,0.2,0.1,50,15,15,4
30,0.5,0.6,0.2,0.1,50,16,15,4
30,0.5,0.6,0.2,0.1,50,17,15,4
30,0.5,0.6,0.2,0.1,50,18,15,4
30,0.5,0.6,0.2,0.1,50,19,15,4
30,0.5,0.6,0.2,0.1,50,20,15,4
30,0.5,0.6,0.2,0.1,50,21,15,4
30,0.5,0.6,0.2,0.1,50,22,15,4
30,0.5,0.6,0.2,0.1,50,23,15,4
30,0.5,0.6,0.2,0.1,50,24,9,4
30,0.5,0.6,0.2,0.1,50,25,9,4
30,0.5,0.6,0.2,0.1,50,26,15,4
30,0.5,0.6,0.2,0.1,50,27,9,4
30,0.5,0.6,0.2,0.1,50,28,15,4
30,0.5,0.6,0.2,0.1,50,29,15,4
30,0.5,0.6,0.2,0.1,50,30,15,4
30,0.5,0.6,0.2,0.1,50,31,15,4
30,0.5,0.6,0.2,0.1,50,32,15,4
30,0.5,0.6,0.2,0.1,50,33,15,4
30,0.5,0.6,0.2,0.1,50,34,15,4
30,0.5,0.6,0.2,0.1,50,35,15,4
30,0.5,0.6,0.2,0.1,50,36,15,4
30,0.5,0.6,0.2,0.1,50,37,15,4
30,0.5,0.6,0.2,0.1,50,38,15,4
30,0.5,0.6,0.2,0.1,50,39,15,4
30,0.5,0.6,0.2,0.1,50,40,15,4
30,0.5,0.6,0.2,0.1,50,41,15,4
30,0.5,0.6,0.2,0.1,50,42,15,4
30,0.5,0.6,0.2,0.1,50,43,15,4
30,0.5,0.6,0.2,0.1,50,44,15,4
30,0.5,0.6,0.2,0.1,50,45,15,4
30,0.5,0.6,0.2,0.1,50,46,15,4
30,0.5,0.6,0.2,0.1,50,47,15,4
30,0.5,0.6,0.2,0.1,50,48,9,4
30,0.5,0.6,0.2,0.1,50,49,15,4
30,0.5,0.6,0.2,0.1,50,50,15,4
60,0.5,0.6,0.2,0.1,50,1,9,4
60,0.5,0.6,0.2,0.1,50,2,9,4
60,0.5,0.6,0.2,0.1,50,3,9,4
60,0.5,0.6,0.2,0.1,50,4,6,4
60,0.5,0.6,0.2,0.1,50,5,9,4
60,0.5,0.6,0.2,0.1,50,6,9,4
60,0.5,0.6,0.2,0.1,50,7,15,4
60,0.5,0.6,0.2,0.1,50,8,9,4
60,0.5,0.6,0.2,0.1,50,9,15,4
60,0.5,0.6,0.2,0.1,50,10,9,4
60,0.5,0.6,0.2,0.1,50,11,6,4
60,0.5,0.6,0.2,0.1,50,12,9,4
60,0.5,0.6,0.2,0.1,50,13,9,4
60,0.5,0.6,0.2,0.1,50,14,9,4
60,0.5,0.6,0.2,0.1,50,15,9,4
60,0.5,0.6,0.2,0.1,50,16,9,4
60,0.5,0.6,0.2,0.1,50,17,9,4
60,0.5,0.6,0.2,0.1,50,18,9,4
60,0.5,0.6,0.2,0.1,50,19,9,4
60,0.5,0.6,0.2,0.1,50,20,9,4
60,0.5,0.6,0.2,0.1,50,21,6,4
60,0.5,0.6,0.2,0.1,50,22,15,4
60,0.5,0.6,0.2,0.1,50,23,9,4
60,0.5,0.6,0.2,0.1,50,24,15,4
60,0.5,0.6,0.2,0.1,50,25,9,4
60,0.5,0.6,0.2,0.1,50,26,9,4
60,0.5,0.6,0.2,0.1,50,27,9,4
60,0.5,0.6,0.2,0.1,50,28,15,4
60,0.5,0.6,0.2,0.1,50,29,6,4
60,0.5,0.6,0.2,0.1,50,30,9,4
60,0.5,0.6,0.2,0.1,50,31,9,4
60,0.5,0.6,0.2,0.1,50,32,9,4
60,0.5,0.6,0.2,0.1,50,33,15,4
60,0.5,0.6,0.2,0.1,50,34,9,4
60,0.5,0.6,0.2,0.1,50,35,9,4
60,0.5,0.6,0.2,0.1,50,36,9,4
60,0.5,0.6,0.2,0.1,50,37,9,4
60,0.5,0.6,0.2,0.1,50,38,9,4
60,0.5,0.6,0.2,0.1,50,39,15,4
60,0.5,0.6,0.2,0.1,50,40,9,4
60,0.5,0.6,0.2,0.1,50,41,9,4
60,0.5,0.6,0.2,0.1,50,42,6,4
60,0.5,0.6,0.2,0.1,50,43,15,4
60,0.5,0.6,0.2,0.1,50,44,9,4
60,0.5,0.6,0.2,0.1,50,45,9,4
60,0.5,0.6,0.2,0.1,50,46,9,4
60,0.5,0.6,0.2,0.1,50,47,9,4
60,0.5,0.6,0.2,0.1,50,48,9,4
60,0.5,0.6,0.2,0.1,50,49,15,4
60,0.5,0.6,0.2,0.1,50,50,9,4
100,0.5,0.6,0.2,0.1,50,1,6,4
100,0.5,0.6,0.2,0.1,50,2,9,4
100,0.5,0.6,0.2,0.1,50,3,9,4
100,0.5,0.6,0.2,0.1,50,4,4,4
100,0.5,0.6,0.2,0.1,50,5,9,4
100,0.5,0.6,0.2,0.1,50,6,9,4
100,0.5,0.6,0.2,0.1,50,7,9,4
100,0.5,0.6,0.2,0.1,50,8,9,4
100,0.5,0.6,0.2,0.1,50,9,9,4
100,0.5,0.6,0.2,0.1,50,10,9,4
100,0.5,0.6,0.2,0.1,50,11,6,4
100,0.5,0.6,0.2,0.1,50,12,9,4
100,0.5,0.6,0.2,0.1,50,13,9,4
100,0.5,0.6,0.2,0.1,50,14,9,4
100,0.5,0.6,0.2,0.1,50,15,9,4
100,0.5,0.6,0.2,0.1,50,16,6,4
100,0.5,0.6,0.2,0.1,50,17,9,4
100,0.5,0.6,0.2,0.1,50,18,9,4
100,0.5,0.6,0.2,0.1,50,19,9,4
100,0.5,0.6,0.2,0.1,50,20,9,4
100,0.5,0.6,0.2,0.1,50,21,6,4
100,0.5,0.6,0.2,0.1,50,22,9,4
100,0.5,0.6,0.2,0.1,50,23,6,4
100,0.5,0.6,0.2,0.1,50,24,9,4
100,0.5,0.6,0.2,0.1,50,25,9,4
100,0.5,0.6,0.2,0.1,50,26,9,4
100,0.5,0.6,0.2,0.1,50,27,9,4
100,0.5,0.6,0.2,0.1,50,28,9,4
100,0.5,0.6,0.2,0.1,50,29,9,4
100,0.5,0.6,0.2,0.1,50,30,9,4
100,0.5,0.6,0.2,0.1,50,31,9,4
100,0.5,0.6,0.2,0.1,50,32,6,4
100,0.5,0.6,0.2,0.1,50,33,9,4
100,0.5,0.6,0.2,0.1,50,34,9,4
100,0.5,0.6,0.2,0.1,50,35,6,4
100,0.5,0.6,0.2,0.1,50,36,9,4
100,0.5,0.6,0.2,0.1,50,37,9,4
100,0.5,0.6,0.2,0.1,50,38,6,4
100,0.5,0.6,0.2,0.1,50,39,9,4
100,0.5,0.6,0.2,0.1,50,40,9,4
100,0.5,0.6,0.2,0.1,50,41,9,4
100,0.5,0.6,0.2,0.1,50,42,9,4
100,0.5,0.6,0.2,0.1,50,43,9,4
100,0.5,0.6,0.2,0.1,50,44,9,4
100,0.5,0.6,0.2,0.1,50,45,9,4
100,0.5,0.6,0.2,0.1,50,46,9,4
100,0.5,0.6,0.2,0.1,50,47,6,4
100,0.5,0.6,0.2,0.1,50,48,9,4
100,0.5,0.6,0.2,0.1,50,49,9,4
100,0.5,0.6,0.2,0.1,50,50,9,4
10,1,0.6,0.2,0.1,50,1,36,4
10,1,0.6,0.2,0.1,50,2,36,4
10,1,0.6,0.2,0.1,50,3,36,4
10,1,0.6,0.2,0.1,50,4,36,4
10,1,0.6,0.2,0.1,50,5,36,4
10,1,0.6,0.2,0.1,50,6,36,4
10,1,0.6,0.2,0.1,50,7,36,4
10,1,0.6,0.2,0.1,50,8,36,4
10,1,0.6,0.2,0.1,50,9,36,4
10,1,0.6,0.2,0.1,50,10,36,4
10,1,0.6,0.2,0.1,50,11,36,4
10,1,0.6,0.2,0.1,50,12,23,4
10,1,0.6,0.2,0.1,50,13,36,4
10,1,0.6,0.2,0.1,50,14,36,4
10,1,0.6,0.2,0.1,50,15,23,4
10,1,0.6,0.2,0.1,50,16,36,4
10,1,0.6,0.2,0.1,50,17,36,4
10,1,0.6,0.2,0.1,50,18,57,4
10,1,0.6,0.2,0.1,50,19,23,4
10,1,0.6,0.2,0.1,50,20,23,4
10,1,0.6,0.2,0.1,50,21,23,4
10,1,0.6,0.2,0.1,50,22,23,4
10,1,0.6,0.2,0.1,50,23,36,4
10,1,0.6,0.2,0.1,50,24,23,4
10,1,0.6,0.2,0.1,50,25,36,4
10,1,0.6,0.2,0.1,50,26,36,4
10,1,0.6,0.2,0.1,50,27,23,4
10,1,0.6,0.2,0.1,50,28,15,4
10,1,0.6,0.2,0.1,50,29,36,4
10,1,0.6,0.2,0.1,50,30,57,4
10,1,0.6,0.2,0.1,50,31,36,4
10,1,0.6,0.2,0.1,50,32,36,4
10,1,0.6,0.2,0.1,50,33,36,4
10,1,0.6,0.2,0.1,50,34,36,4
10,1,0.6,0.2,0.1,50,35,23,4
10,1,0.6,0.2,0.1,50,36,36,4
10,1,0.6,0.2,0.1,50,37,57,4
10,1,0.6,0.2,0.1,50,38,57,4
10,1,0.6,0.2,0.1,50,39,36,4
10,1,0.6,0.2,0.1,50,40,36,4
10,1,0.6,0.2,0.1,50,41,36,4
10,1,0.6,0.2,0.1,50,42,36,4
10,1,0.6,0.2,0.1,50,43,36,4
10,1,0.6,0.2,0.1,50,44,36,4
10,1,0.6,0.2,0.1,50,45,36,4
10,1,0.6,0.2,0.1,50,46,23,4
10,1,0.6,0.2,0.1,50,47,23,4
10,1,0.6,0.2,0.1,50,48,23,4
10,1,0.6,0.2,0.1,50,49,36,4
10,1,0.6,0.2,0.1,50,50,36,4
30,1,0.6,0.2,0.1,50,1,15,4
30,1,0.6,0.2,0.1,50,2,15,4
30,1,0.6,0.2,0.1,50,3,15,4
30,1,0.6,0.2,0.1,50,4,9,4
30,1,0.6,0.2,0.1,50,5,15,4
30,1,0.6,0.2,0.1,50,6,15,4
30,1,0.6,0.2,0.1,50,7,15,4
30,1,0.6,0.2,0.1,50,8,15,4
30,1,0.6,0.2,0.1,50,9,15,4
30,1,0.6,0.2,0.1,50,10,15,4
30,1,0.6,0.2,0.1,50,11,15,4
30,1,0.6,0.2,0.1,50,12,15,4
30,1,0.6,0.2,0.1,50,13,15,4
30,1,0.6,0.2,0.1,50,14,15,4
30,1,0.6,0.2,0.1,50,15,15,4
30,1,0.6,0.2,0.1,50,16,6,4
30,1,0.6,0.2,0.1,50,17,9,4
30,1,0.6,0.2,0.1,50,18,15,4
30,1,0.6,0.2,0.1,50,19,15,4
30,1,0.6,0.2,0.1,50,20,15,4
30,1,0.6,0.2,0.1,50,21,15,4
30,1,0.6,0.2,0.1,50,22,15,4
30,1,0.6,0.2,0.1,50,23,15,4
30,1,0.6,0.2,0.1,50,24,9,4
30,1,0.6,0.2,0.1,50,25,15,4
30,1,0.6,0.2,0.1,50,26,9,4
30,1,0.6,0.2,0.1,50,27,15,4
30,1,0.6,0.2,0.1,50,28,15,4
30,1,0.6,0.2,0.1,50,29,23,4
30,1,0.6,0.2,0.1,50,30,15,4
30,1,0.6,0.2,0.1,50,31,15,4
30,1,0.6,0.2,0.1,50,32,9,4
30,1,0.6,0.2,0.1,50,33,15,4
30,1,0.6,0.2,0.1,50,34,15,4
30,1,0.6,0.2,0.1,50,35,15,4
30,1,0.6,0.2,0.1,50,36,15,4
30,1,0.6,0.2,0.1,50,37,15,4
30,1,0.6,0.2,0.1,50,38,15,4
30,1,0.6,0.2,0.1,50,39,9,4
30,1,0.6,0.2,0.1,50,40,15,4
30,1,0.6,0.2,0.1,50,41,15,4
30,1,0.6,0.2,0.1,50,42,6,4
30,1,0.6,0.2,0.1,50,43,15,4
30,1,0.6,0.2,0.1,50,44,15,4
30,1,0.6,0.2,0.1,50,45,15,4
30,1,0.6,0.2,0.1,50,46,15,4
30,1,0.6,0.2,0.1,50,47,9,4
30,1,0.6,0.2,0.1,50,48,15,4
30,1,0.6,0.2,0.1,50,49,23,4
30,1,0.6,0.2,0.1,50,50,15,4
60,1,0.6,0.2,0.1,50,1,15,4
60,1,0.6,0.2,0.1,50,2,9,4
60,1,0.6,0.2,0.1,50,3,6,4
60,1,0.6,0.2,0.1,50,4,6,4
60,1,0.6,0.2,0.1,50,5,9,4
60,1,0.6,0.2,0.1,50,6,9,4
60,1,0.6,0.2,0.1,50,7,15,4
60,1,0.6,0.2,0.1,50,8,4,4
60,1,0.6,0.2,0.1,50,9,15,4
60,1,0.6,0.2,0.1,50,10,9,4
60,1,0.6,0.2,0.1,50,11,9,4
60,1,0.6,0.2,0.1,50,12,9,4
60,1,0.6,0.2,0.1,50,13,9,4
60,1,0.6,0.2,0.1,50,14,15,4
60,1,0.6,0.2,0.1,50,15,15,4
60,1,0.6,0.2,0.1,50,16,15,4
60,1,0.6,0.2,0.1,50,17,9,4
60,1,0.6,0.2,0.1,50,18,15,4
60,1,0.6,0.2,0.1,50,19,9,4
60,1,0.6,0.2,0.1,50,20,15,4
60,1,0.6,0.2,0.1,50,21,9,4
60,1,0.6,0.2,0.1,50,22,15,4
60,1,0.6,0.2,0.1,50,23,15,4
60,1,0.6,0.2,0.1,50,24,15,4
60,1,0.6,0.2,0.1,50,25,9,4
60,1,0.6,0.2,0.1,50,26,9,4
60,1,0.6,0.2,0.1,50,27,15,4
60,1,0.6,0.2,0.1,50,28,15,4
60,1,0.6,0.2,0.1,50,29,15,4
60,1,0.6,0.2,0.1,50,30,15,4
60,1,0.6,0.2,0.1,50,31,9,4
60,1,0.6,0.2,0.1,50,32,9,4
60,1,0.6,0.2,0.1,50,33,15,4
60,1,0.6,0.2,0.1,50,34,15,4
60,1,0.6,0.2,0.1,50,35,9,4
60,1,0.6,0.2,0.1,50,36,6,4
60,1,0.6,0.2,0.1,50,37,15,4
60,1,0.6,0.2,0.1,50,38,9,4
60,1,0.6,0.2,0.1,50,39,9,4
60,1,0.6,0.2,0.1,50,40,9,4
60,1,0.6,0.2,0.1,50,41,15,4
60,1,0.6,0.2,0.1,50,42,6,4
60,1,0.6,0.2,0.1,50,43,15,4
60,1,0.6,0.2,0.1,50,44,15,4
60,1,0.6,0.2,0.1,50,45,15,4
60,1,0.6,0.2,0.1,50,46,15,4
60,1,0.6,0.2,0.1,50,47,9,4
60,1,0.6,0.2,0.1,50,48,9,4
60,1,0.6,0.2,0.1,50,49,15,4
60,1,0.6,0.2,0.1,50,50,15,4
100,1,0.6,0.2,0.1,50,1,6,4
100,1,0.6,0.2,0.1,50,2,9,4
100,1,0.6,0.2,0.1,50,3,15,4
100,1,0.6,0.2,0.1,50,4,9,4
100,1,0.6,0.2,0.1,50,5,9,4
100,1,0.6,0.2,0.1,50,6,15,4
100,1,0.6,0.2,0.1,50,7,9,4
100,1,0.6,0.2,0.1,50,8,6,4
100,1,0.6,0.2,0.1,50,9,15,4
100,1,0.6,0.2,0.1,50,10,9,4
100,1,0.6,0.2,0.1,50,11,9,4
100,1,0.6,0.2,0.1,50,12,9,4
100,1,0.6,0.2,0.1,50,13,9,4
100,1,0.6,0.2,0.1,50,14,9,4
100,1,0.6,0.2,0.1,50,15,9,4
100,1,0.6,0.2,0.1,50,16,9,4
100,1,0.6,0.2,0.1,50,17,9,4
100,1,0.6,0.2,0.1,50,18,9,4
100,1,0.6,0.2,0.1,50,19,9,4
100,1,0.6,0.2,0.1,50,20,9,4
100,1,0.6,0.2,0.1,50,21,9,4
100,1,0.6,0.2,0.1,50,22,9,4
100,1,0.6,0.2,0.1,50,23,9,4
100,1,0.6,0.2,0.1,50,24,15,4
100,1,0.6,0.2,0.1,50,25,9,4
100,1,0.6,0.2,0.1,50,26,9,4
100,1,0.6,0.2,0.1,50,27,9,4
100,1,0.6,0.2,0.1,50,28,9,4
100,1,0.6,0.2,0.1,50,29,15,4
100,1,0.6,0.2,0.1,50,30,9,4
100,1,0.6,0.2,0.1,50,31,9,4
100,1,0.6,0.2,0.1,50,32,9,4
100,1,0.6,0.2,0.1,50,33,15,4
100,1,0.6,0.2,0.1,50,34,9,4
100,1,0.6,0.2,0.1,50,35,9,4
100,1,0.6,0.2,0.1,50,36,9,4
100,1,0.6,0.2,0.1,50,37,15,4
100,1,0.6,0.2,0.1,50,38,9,4
100,1,0.6,0.2,0.1,50,39,15,4
100,1,0.6,0.2,0.1,50,40,15,4
100,1,0.6,0.2,0.1,50,41,15,4
100,1,0.6,0.2,0.1,50,42,6,4
100,1,0.6,0.2,0.1,50,43,15,4
100,1,0.6,0.2,0.1,50,44,9,4
100,1,0.6,0.2,0.1,50,45,9,4
100,1,0.6,0.2,0.1,50,46,9,4
100,1,0.6,0.2,0.1,50,47,9,4
100,1,0.6,0.2,0.1,50,48,9,4
100,1,0.6,0.2,0.1,50,49,15,4
100,1,0.6,0.2,0.1,50,50,9,4
10,1.5,0.6,0.2,0.1,50,1,57,4
10,1.5,0.6,0.2,0.1,50,2,36,4
10,1.5,0.6,0.2,0.1,50,3,36,4
10,1.5,0.6,0.2,0.1,50,4,57,4
10,1.5,0.6,0.2,0.1,50,5,88,4
10,1.5,0.6,0.2,0.1,50,6,88,4
10,1.5,0.6,0.2,0.1,50,7,36,4
10,1.5,0.6,0.2,0.1,50,8,57,4
10,1.5,0.6,0.2,0.1,50,9,57,4
10,1.5,0.6,0.2,0.1,50,10,36,4
10,1.5,0.6,0.2,0.1,50,11,36,4
10,1.5,0.6,0.2,0.1,50,12,36,4
10,1.5,0.6,0.2,0.1,50,13,88,4
10,1.5,0.6,0.2,0.1,50,14,36,4
10,1.5,0.6,0.2,0.1,50,15,57,4
10,1.5,0.6,0.2,0.1,50,16,57,4
10,1.5,0.6,0.2,0.1,50,17,23,4
10,1.5,0.6,0.2,0.1,50,18,57,4
10,1.5,0.6,0.2,0.1,50,19,36,4
10,1.5,0.6,0.2,0.1,50,20,88,4
10,1.5,0.6,0.2,0.1,50,21,36,4
10,1.5,0.6,0.2,0.1,50,22,36,4
10,1.5,0.6,0.2,0.1,50,23,88,4
10,1.5,0.6,0.2,0.1,50,24,23,4
10,1.5,0.6,0.2,0.1,50,25,57,4
10,1.5,0.6,0.2,0.1,50,26,36,4
10,1.5,0.6,0.2,0.1,50,27,88,4
10,1.5,0.6,0.2,0.1,50,28,36,4
10,1.5,0.6,0.2,0.1,50,29,57,4
10,1.5,0.6,0.2,0.1,50,30,57,4
10,1.5,0.6,0.2,0.1,50,31,36,4
10,1.5,0.6,0.2,0.1,50,32,57,4
10,1.5,0.6,0.2,0.1,50,33,57,4
10,1.5,0.6,0.2,0.1,50,34,88,4
10,1.5,0.6,0.2,0.1,50,35,57,4
10,1.5,0.6,0.2,0.1,50,36,57,4
10,1.5,0.6,0.2,0.1,50,37,88,4
10,1.5,0.6,0.2,0.1,50,38,57,4
10,1.5,0.6,0.2,0.1,50,39,23,4
10,1.5,0.6,0.2,0.1,50,40,57,4
10,1.5,0.6,0.2,0.1,50,41,36,4
10,1.5,0.6,0.2,0.1,50,42,88,4
10,1.5,0.6,0.2,0.1,50,43,57,4
10,1.5,0.6,0.2,0.1,50,44,88,4
10,1.5,0.6,0.2,0.1,50,45,36,4
10,1.5,0.6,0.2,0.1,50,46,57,4
10,1.5,0.6,0.2,0.1,50,47,23,4
10,1.5,0.6,0.2,0.1,50,48,23,4
10,1.5,0.6,0.2,0.1,50,49,36,4
10,1.5,0.6,0.2,0.1,50,50,57,4
30,1.5,0.6,0.2,0.1,50,1,15,4
30,1.5,0.6,0.2,0.1,50,2,15,4
30,1.5,0.6,0.2,0.1,50,3,15,4
30,1.5,0.6,0.2,0.1,50,4,23,4
30,1.5,0.6,0.2,0.1,50,5,23,4
30,1.5,0.6,0.2,0.1,50,6,15,4
30,1.5,0.6,0.2,0.1,50,7,15,4
30,1.5,0.6,0.2,0.1,50,8,15,4
30,1.5,0.6,0.2,0.1,50,9,15,4
30,1.5,0.6,0.2,0.1,50,10,15,4
30,1.5,0.6,0.2,0.1,50,11,15,4
30,1.5,0.6,0.2,0.1,50,12,15,4
30,1.5,0.6,0.2,0.1,50,13,23,4
30,1.5,0.6,0.2,0.1,50,14,23,4
30,1.5,0.6,0.2,0.1,50,15,23,4
30,1.5,0.6,0.2,0.1,50,16,23,4
30,1.5,0.6,0.2,0.1,50,17,15,4
30,1.5,0.6,0.2,0.1,50,18,23,4
30,1.5,0.6,0.2,0.1,50,19,15,4
30,1.5,0.6,0.2,0.1,50,20,15,4
30,1.5,0.6,0.2,0.1,50,21,15,4
30,1.5,0.6,0.2,0.1,50,22,15,4
30,1.5,0.6,0.2,0.1,50,23,15,4
30,1.5,0.6,0.2,0.1,50,24,9,4
30,1.5,0.6,0.2,0.1,50,25,15,4
30,1.5,0.6,0.2,0.1,50,26,23,4
30,1.5,0.6,0.2,0.1,50,27,15,4
30,1.5,0.6,0.2,0.1,50,28,23,4
30,1.5,0.6,0.2,0.1,50,29,23,4
30,1.5,0.6,0.2,0.1,50,30,15,4
30,1.5,0.6,0.2,0.1,50,31,23,4
30,1.5,0.6,0.2,0.1,50,32,15,4
30,1.5,0.6,0.2,0.1,50,33,23,4
30,1.5,0.6,0.2,0.1,50,34,23,4
30,1.5,0.6,0.2,0.1,50,35,23,4
30,1.5,0.6,0.2,0.1,50,36,23,4
30,1.5,0.6,0.2,0.1,50,37,15,4
30,1.5,0.6,0.2,0.1,50,38,23,4
30,1.5,0.6,0.2,0.1,50,39,15,4
30,1.5,0.6,0.2,0.1,50,40,23,4
30,1.5,0.6,0.2,0.1,50,41,23,4
30,1.5,0.6,0.2,0.1,50,42,15,4
30,1.5,0.6,0.2,0.1,50,43,23,4
30,1.5,0.6,0.2,0.1,50,44,23,4
30,1.5,0.6,0.2,0.1,50,45,23,4
30,1.5,0.6,0.2,0.1,50,46,15,4
30,1.5,0.6,0.2,0.1,50,47,15,4
30,1.5,0.6,0.2,0.1,50,48,15,4
30,1.5,0.6,0.2,0.1,50,49,23,4
30,1.5,0.6,0.2,0.1,50,50,15,4
60,1.5,0.6,0.2,0.1,50,1,15,4
60,1.5,0.6,0.2,0.1,50,2,15,4
60,1.5,0.6,0.2,0.1,50,3,15,4
60,1.5,0.6,0.2,0.1,50,4,15,4
60,1.5,0.6,0.2,0.1,50,5,15,4
60,1.5,0.6,0.2,0.1,50,6,15,4
60,1.5,0.6,0.2,0.1,50,7,15,4
60,1.5,0.6,0.2,0.1,50,8,15,4
60,1.5,0.6,0.2,0.1,50,9,15,4
60,1.5,0.6,0.2,0.1,50,10,15,4
60,1.5,0.6,0.2,0.1,50,11,15,4
60,1.5,0.6,0.2,0.1,50,12,15,4
60,1.5,0.6,0.2,0.1,50,13,15,4
60,1.5,0.6,0.2,0.1,50,14,15,4
60,1.5,0.6,0.2,0.1,50,15,15,4
60,1.5,0.6,0.2,0.1,50,16,15,4
60,1.5,0.6,0.2,0.1,50,17,15,4
60,1.5,0.6,0.2,0.1,50,18,15,4
60,1.5,0.6,0.2,0.1,50,19,15,4
60,1.5,0.6,0.2,0.1,50,20,15,4
60,1.5,0.6,0.2,0.1,50,21,15,4
60,1.5,0.6,0.2,0.1,50,22,15,4
60,1.5,0.6,0.2,0.1,50,23,15,4
60,1.5,0.6,0.2,0.1,50,24,15,4
60,1.5,0.6,0.2,0.1,50,25,15,4
60,1.5,0.6,0.2,0.1,50,26,15,4
60,1.5,0.6,0.2,0.1,50,27,15,4
60,1.5,0.6,0.2,0.1,50,28,15,4
60,1.5,0.6,0.2,0.1,50,29,15,4
60,1.5,0.6,0.2,0.1,50,30,15,4
60,1.5,0.6,0.2,0.1,50,31,15,4
60,1.5,0.6,0.2,0.1,50,32,15,4
60,1.5,0.6,0.2,0.1,50,33,23,4
60,1.5,0.6,0.2,0.1,50,34,15,4
60,1.5,0.6,0.2,0.1,50,35,15,4
60,1.5,0.6,0.2,0.1,50,36,9,4
60,1.5,0.6,0.2,0.1,50,37,15,4
60,1.5,0.6,0.2,0.1,50,38,15,4
60,1.5,0.6,0.2,0.1,50,39,9,4
60,1.5,0.6,0.2,0.1,50,40,15,4
60,1.5,0.6,0.2,0.1,50,41,15,4
60,1.5,0.6,0.2,0.1,50,42,15,4
60,1.5,0.6,0.2,0.1,50,43,15,4
60,1.5,0.6,0.2,0.1,50,44,15,4
60,1.5,0.6,0.2,0.1,50,45,15,4
60,1.5,0.6,0.2,0.1,50,46,15,4
60,1.5,0.6,0.2,0.1,50,47,15,4
60,1.5,0.6,0.2,0.1,50,48,15,4
60,1.5,0.6,0.2,0.1,50,49,23,4
60,1.5,0.6,0.2,0.1,50,50,6,4
100,1.5,0.6,0.2,0.1,50,1,9,4
100,1.5,0.6,0.2,0.1,50,2,9,4
100,1.5,0.6,0.2,0.1,50,3,15,4
100,1.5,0.6,0.2,0.1,50,4,15,4
100,1.5,0.6,0.2,0.1,50,5,9,4
100,1.5,0.6,0.2,0.1,50,6,15,4
100,1.5,0.6,0.2,0.1,50,7,6,4
100,1.5,0.6,0.2,0.1,50,8,15,4
100,1.5,0.6,0.2,0.1,50,9,15,4
100,1.5,0.6,0.2,0.1,50,10,15,4
100,1.5,0.6,0.2,0.1,50,11,9,4
100,1.5,0.6,0.2,0.1,50,12,15,4
100,1.5,0.6,0.2,0.1,50,13,9,4
100,1.5,0.6,0.2,0.1,50,14,15,4
100,1.5,0.6,0.2,0.1,50,15,15,4
100,1.5,0.6,0.2,0.1,50,16,15,4
100,1.5,0.6,0.2,0.1,50,17,15,4
100,1.5,0.6,0.2,0.1,50,18,15,4
100,1.5,0.6,0.2,0.1,50,19,6,4
100,1.5,0.6,0.2,0.1,50,20,15,4
100,1.5,0.6,0.2,0.1,50,21,9,4
100,1.5,0.6,0.2,0.1,50,22,15,4
100,1.5,0.6,0.2,0.1,50,23,15,4
100,1.5,0.6,0.2,0.1,50,24,15,4
100,1.5,0.6,0.2,0.1,50,25,15,4
100,1.5,0.6,0.2,0.1,50,26,15,4
100,1.5,0.6,0.2,0.1,50,27,9,4
100,1.5,0.6,0.2,0.1,50,28,15,4
100,1.5,0.6,0.2,0.1,50,29,15,4
100,1.5,0.6,0.2,0.1,50,30,9,4
100,1.5,0.6,0.2,0.1,50,31,15,4
100,1.5,0.6,0.2,0.1,50,32,15,4
100,1.5,0.6,0.2,0.1,50,33,15,4
100,1.5,0.6,0.2,0.1,50,34,15,4
100,1.5,0.6,0.2,0.1,50,35,6,4
100,1.5,0.6,0.2,0.1,50,36,15,4
100,1.5,0.6,0.2,0.1,50,37,9,4
100,1.5,0.6,0.2,0.1,50,38,15,4
100,1.5,0.6,0.2,0.1,50,39,15,4
100,1.5,0.6,0.2,0.1,50,40,15,4
100,1.5,0.6,0.2,0.1,50,41,9,4
100,1.5,0.6,0.2,0.1,50,42,15,4
100,1.5,0.6,0.2,0.1,50,43,15,4
100,1.5,0.6,0.2,0.1,50,44,15,4
100,1.5,0.6,0.2,0.1,50,45,9,4
100,1.5,0.6,0.2,0.1,50,46,15,4
100,1.5,0.6,0.2,0.1,50,47,15,4
100,1.5,0.6,0.2,0.1,50,48,9,4
100,1.5,0.6,0.2,0.1,50,49,15,4
100,1.5,0.6,0.2,0.1,50,50,15,4
10,0.5,0.7,0.2,0.1,50,1,23,4
10,0.5,0.7,0.2,0.1,50,2,23,4
10,0.5,0.7,0.2,0.1,50,3,36,4
10,0.5,0.7,0.2,0.1,50,4,15,4
10,0.5,0.7,0.2,0.1,50,5,15,4
10,0.5,0.7,0.2,0.1,50,6,15,4
10,0.5,0.7,0.2,0.1,50,7,23,4
10,0.5,0.7,0.2,0.1,50,8,36,4
10,0.5,0.7,0.2,0.1,50,9,23,4
10,0.5,0.7,0.2,0.1,50,10,23,4
10,0.5,0.7,0.2,0.1,50,11,23,4
10,0.5,0.7,0.2,0.1,50,12,23,4
10,0.5,0.7,0.2,0.1,50,13,36,4
10,0.5,0.7,0.2,0.1,50,14,23,4
10,0.5,0.7,0.2,0.1,50,15,23,4
10,0.5,0.7,0.2,0.1,50,16,23,4
10,0.5,0.7,0.2,0.1,50,17,23,4
10,0.5,0.7,0.2,0.1,50,18,23,4
10,0.5,0.7,0.2,0.1,50,19,23,4
10,0.5,0.7,0.2,0.1,50,20,23,4
10,0.5,0.7,0.2,0.1,50,21,23,4
10,0.5,0.7,0.2,0.1,50,22,23,4
10,0.5,0.7,0.2,0.1,50,23,23,4
10,0.5,0.7,0.2,0.1,50,24,15,4
10,0.5,0.7,0.2,0.1,50,25,23,4
10,0.5,0.7,0.2,0.1,50,26,23,4
10,0.5,0.7,0.2,0.1,50,27,23,4
10,0.5,0.7,0.2,0.1,50,28,36,4
10,0.5,0.7,0.2,0.1,50,29,36,4
10,0.5,0.7,0.2,0.1,50,30,23,4
10,0.5,0.7,0.2,0.1,50,31,23,4
10,0.5,0.7,0.2,0.1,50,32,23,4
10,0.5,0.7,0.2,0.1,50,33,23,4
10,0.5,0.7,0.2,0.1,50,34,36,4
10,0.5,0.7,0.2,0.1,50,35,23,4
10,0.5,0.7,0.2,0.1,50,36,23,4
10,0.5,0.7,0.2,0.1,50,37,23,4
10,0.5,0.7,0.2,0.1,50,38,23,4
10,0.5,0.7,0.2,0.1,50,39,23,4
10,0.5,0.7,0.2,0.1,50,40,23,4
10,0.5,0.7,0.2,0.1,50,41,23,4
10,0.5,0.7,0.2,0.1,50,42,23,4
10,0.5,0.7,0.2,0.1,50,43,23,4
10,0.5,0.7,0.2,0.1,50,44,23,4
10,0.5,0.7,0.2,0.1,50,45,23,4
10,0.5,0.7,0.2,0.1,50,46,36,4
10,0.5,0.7,0.2,0.1,50,47,23,4
10,0.5,0.7,0.2,0.1,50,48,23,4
10,0.5,0.7,0.2,0.1,50,49,23,4
10,0.5,0.7,0.2,0.1,50,50,23,4
30,0.5,0.7,0.2,0.1,50,1,15,4
30,0.5,0.7,0.2,0.1,50,2,15,4
30,0.5,0.7,0.2,0.1,50,3,15,4
30,0.5,0.7,0.2,0.1,50,4,9,4
30,0.5,0.7,0.2,0.1,50,5,15,4
30,0.5,0.7,0.2,0.1,50,6,9,4
30,0.5,0.7,0.2,0.1,50,7,9,4
30,0.5,0.7,0.2,0.1,50,8,9,4
30,0.5,0.7,0.2,0.1,50,9,15,4
30,0.5,0.7,0.2,0.1,50,10,15,4
30,0.5,0.7,0.2,0.1,50,11,15,4
30,0.5,0.7,0.2,0.1,50,12,15,4
30,0.5,0.7,0.2,0.1,50,13,15,4
30,0.5,0.7,0.2,0.1,50,14,9,4
30,0.5,0.7,0.2,0.1,50,15,15,4
30,0.5,0.7,0.2,0.1,50,16,9,4
30,0.5,0.7,0.2,0.1,50,17,9,4
30,0.5,0.7,0.2,0.1,50,18,15,4
30,0.5,0.7,0.2,0.1,50,19,15,4
30,0.5,0.7,0.2,0.1,50,20,15,4
30,0.5,0.7,0.2,0.1,50,21,9,4
30,0.5,0.7,0.2,0.1,50,22,15,4
30,0.5,0.7,0.2,0.1,50,23,15,4
30,0.5,0.7,0.2,0.1,50,24,9,4
30,0.5,0.7,0.2,0.1,50,25,9,4
30,0.5,0.7,0.2,0.1,50,26,9,4
30,0.5,0.7,0.2,0.1,50,27,9,4
30,0.5,0.7,0.2,0.1,50,28,15,4
30,0.5,0.7,0.2,0.1,50,29,15,4
30,0.5,0.7,0.2,0.1,50,30,15,4
30,0.5,0.7,0.2,0.1,50,31,9,4
30,0.5,0.7,0.2,0.1,50,32,4,4
30,0.5,0.7,0.2,0.1,50,33,15,4
30,0.5,0.7,0.2,0.1,50,34,9,4
30,0.5,0.7,0.2,0.1,50,35,15,4
30,0.5,0.7,0.2,0.1,50,36,9,4
30,0.5,0.7,0.2,0.1,50,37,15,4
30,0.5,0.7,0.2,0.1,50,38,15,4
30,0.5,0.7,0.2,0.1,50,39,15,4
30,0.5,0.7,0.2,0.1,50,40,15,4
30,0.5,0.7,0.2,0.1,50,41,9,4
30,0.5,0.7,0.2,0.1,50,42,9,4
30,0.5,0.7,0.2,0.1,50,43,9,4
30,0.5,0.7,0.2,0.1,50,44,9,4
30,0.5,0.7,0.2,0.1,50,45,15,4
30,0.5,0.7,0.2,0.1,50,46,9,4
30,0.5,0.7,0.2,0.1,50,47,9,4
30,0.5,0.7,0.2,0.1,50,48,15,4
30,0.5,0.7,0.2,0.1,50,49,15,4
30,0.5,0.7,0.2,0.1,50,50,15,4
60,0.5,0.7,0.2,0.1,50,1,9,4
60,0.5,0.7,0.2,0.1,50,2,9,4
60,0.5,0.7,0.2,0.1,50,3,9,4
60,0.5,0.7,0.2,0.1,50,4,9,4
60,0.5,0.7,0.2,0.1,50,5,9,4
60,0.5,0.7,0.2,0.1,50,6,9,4
60,0.5,0.7,0.2,0.1,50,7,9,4
60,0.5,0.7,0.2,0.1,50,8,9,4
60,0.5,0.7,0.2,0.1,50,9,9,4
60,0.5,0.7,0.2,0.1,50,10,9,4
60,0.5,0.7,0.2,0.1,50,11,9,4
60,0.5,0.7,0.2,0.1,50,12,6,4
60,0.5,0.7,0.2,0.1,50,13,9,4
60,0.5,0.7,0.2,0.1,50,14,9,4
60,0.5,0.7,0.2,0.1,50,15,9,4
60,0.5,0.7,0.2,0.1,50,16,9,4
60,0.5,0.7,0.2,0.1,50,17,9,4
60,0.5,0.7,0.2,0.1,50,18,9,4
60,0.5,0.7,0.2,0.1,50,19,9,4
60,0.5,0.7,0.2,0.1,50,20,9,4
60,0.5,0.7,0.2,0.1,50,21,9,4
60,0.5,0.7,0.2,0.1,50,22,9,4
60,0.5,0.7,0.2,0.1,50,23,9,4
60,0.5,0.7,0.2,0.1,50,24,6,4
60,0.5,0.7,0.2,0.1,50,25,9,4
60,0.5,0.7,0.2,0.1,50,26,9,4
60,0.5,0.7,0.2,0.1,50,27,9,4
60,0.5,0.7,0.2,0.1,50,28,9,4
60,0.5,0.7,0.2,0.1,50,29,9,4
60,0.5,0.7,0.2,0.1,50,30,6,4
60,0.5,0.7,0.2,0.1,50,31,6,4
60,0.5,0.7,0.2,0.1,50,32,6,4
60,0.5,0.7,0.2,0.1,50,33,9,4
60,0.5,0.7,0.2,0.1,50,34,9,4
60,0.5,0.7,0.2,0.1,50,35,9,4
60,0.5,0.7,0.2,0.1,50,36,6,4
60,0.5,0.7,0.2,0.1,50,37,9,4
60,0.5,0.7,0.2,0.1,50,38,9,4
60,0.5,0.7,0.2,0.1,50,39,9,4
60,0.5,0.7,0.2,0.1,50,40,9,4
60,0.5,0.7,0.2,0.1,50,41,6,4
60,0.5,0.7,0.2,0.1,50,42,9,4
60,0.5,0.7,0.2,0.1,50,43,9,4
60,0.5,0.7,0.2,0.1,50,44,9,4
60,0.5,0.7,0.2,0.1,50,45,9,4
60,0.5,0.7,0.2,0.1,50,46,9,4
60,0.5,0.7,0.2,0.1,50,47,9,4
60,0.5,0.7,0.2,0.1,50,48,6,4
60,0.5,0.7,0.2,0.1,50,49,9,4
60,0.5,0.7,0.2,0.1,50,50,9,4
100,0.5,0.7,0.2,0.1,50,1,9,4
100,0.5,0.7,0.2,0.1,50,2,9,4
100,0.5,0.7,0.2,0.1,50,3,6,4
100,0.5,0.7,0.2,0.1,50,4,6,4
100,0.5,0.7,0.2,0.1,50,5,9,4
100,0.5,0.7,0.2,0.1,50,6,6,4
100,0.5,0.7,0.2,0.1,50,7,6,4
100,0.5,0.7,0.2,0.1,50,8,9,4
100,0.5,0.7,0.2,0.1,50,9,9,4
100,0.5,0.7,0.2,0.1,50,10,9,4
100,0.5,0.7,0.2,0.1,50,11,6,4
100,0.5,0.7,0.2,0.1,50,12,9,4
100,0.5,0.7,0.2,0.1,50,13,9,4
100,0.5,0.7,0.2,0.1,50,14,9,4
100,0.5,0.7,0.2,0.1,50,15,9,4
100,0.5,0.7,0.2,0.1,50,16,9,4
100,0.5,0.7,0.2,0.1,50,17,6,4
100,0.5,0.7,0.2,0.1,50,18,9,4
100,0.5,0.7,0.2,0.1,50,19,9,4
100,0.5,0.7,0.2,0.1,50,20,9,4
100,0.5,0.7,0.2,0.1,50,21,9,4
100,0.5,0.7,0.2,0.1,50,22,6,4
100,0.5,0.7,0.2,0.1,50,23,9,4
100,0.5,0.7,0.2,0.1,50,24,9,4
100,0.5,0.7,0.2,0.1,50,25,9,4
100,0.5,0.7,0.2,0.1,50,26,4,4
100,0.5,0.7,0.2,0.1,50,27,9,4
100,0.5,0.7,0.2,0.1,50,28,9,4
100,0.5,0.7,0.2,0.1,50,29,9,4
100,0.5,0.7,0.2,0.1,50,30,6,4
100,0.5,0.7,0.2,0.1,50,31,9,4
100,0.5,0.7,0.2,0.1,50,32,4,4
100,0.5,0.7,0.2,0.1,50,33,9,4
100,0.5,0.7,0.2,0.1,50,34,9,4
100,0.5,0.7,0.2,0.1,50,35,9,4
100,0.5,0.7,0.2,0.1,50,36,6,4
100,0.5,0.7,0.2,0.1,50,37,6,4
100,0.5,0.7,0.2,0.1,50,38,9,4
100,0.5,0.7,0.2,0.1,50,39,6,4
100,0.5,0.7,0.2,0.1,50,40,6,4
100,0.5,0.7,0.2,0.1,50,41,9,4
100,0.5,0.7,0.2,0.1,50,42,9,4
100,0.5,0.7,0.2,0.1,50,43,6,4
100,0.5,0.7,0.2,0.1,50,44,9,4
100,0.5,0.7,0.2,0.1,50,45,9,4
100,0.5,0.7,0.2,0.1,50,46,9,4
100,0.5,0.7,0.2,0.1,50,47,6,4
100,0.5,0.7,0.2,0.1,50,48,6,4
100,0.5,0.7,0.2,0.1,50,49,9,4
100,0.5,0.7,0.2,0.1,50,50,9,4
10,1,0.7,0.2,0.1,50,1,36,4
10,1,0.7,0.2,0.1,50,2,23,4
10,1,0.7,0.2,0.1,50,3,36,4
10,1,0.7,0.2,0.1,50,4,23,4
10,1,0.7,0.2,0.1,50,5,23,4
10,1,0.7,0.2,0.1,50,6,23,4
10,1,0.7,0.2,0.1,50,7,36,4
10,1,0.7,0.2,0.1,50,8,36,4
10,1,0.7,0.2,0.1,50,9,23,4
10,1,0.7,0.2,0.1,50,10,36,4
10,1,0.7,0.2,0.1,50,11,23,4
10,1,0.7,0.2,0.1,50,12,23,4
10,1,0.7,0.2,0.1,50,13,23,4
10,1,0.7,0.2,0.1,50,14,36,4
10,1,0.7,0.2,0.1,50,15,36,4
10,1,0.7,0.2,0.1,50,16,23,4
10,1,0.7,0.2,0.1,50,17,23,4
10,1,0.7,0.2,0.1,50,18,36,4
10,1,0.7,0.2,0.1,50,19,23,4
10,1,0.7,0.2,0.1,50,20,36,4
10,1,0.7,0.2,0.1,50,21,23,4
10,1,0.7,0.2,0.1,50,22,23,4
10,1,0.7,0.2,0.1,50,23,36,4
10,1,0.7,0.2,0.1,50,24,23,4
10,1,0.7,0.2,0.1,50,25,23,4
10,1,0.7,0.2,0.1,50,26,36,4
10,1,0.7,0.2,0.1,50,27,36,4
10,1,0.7,0.2,0.1,50,28,36,4
10,1,0.7,0.2,0.1,50,29,23,4
10,1,0.7,0.2,0.1,50,30,36,4
10,1,0.7,0.2,0.1,50,31,23,4
10,1,0.7,0.2,0.1,50,32,36,4
10,1,0.7,0.2,0.1,50,33,36,4
10,1,0.7,0.2,0.1,50,34,36,4
10,1,0.7,0.2,0.1,50,35,23,4
10,1,0.7,0.2,0.1,50,36,23,4
10,1,0.7,0.2,0.1,50,37,36,4
10,1,0.7,0.2,0.1,50,38,23,4
10,1,0.7,0.2,0.1,50,39,36,4
10,1,0.7,0.2,0.1,50,40,23,4
10,1,0.7,0.2,0.1,50,41,23,4
10,1,0.7,0.2,0.1,50,42,23,4
10,1,0.7,0.2,0.1,50,43,23,4
10,1,0.7,0.2,0.1,50,44,36,4
10,1,0.7,0.2,0.1,50,45,36,4
10,1,0.7,0.2,0.1,50,46,23,4
10,1,0.7,0.2,0.1,50,47,23,4
10,1,0.7,0.2,0.1,50,48,23,4
10,1,0.7,0.2,0.1,50,49,23,4
10,1,0.7,0.2,0.1,50,50,36,4
30,1,0.7,0.2,0.1,50,1,15,4
30,1,0.7,0.2,0.1,50,2,15,4
30,1,0.7,0.2,0.1,50,3,15,4
30,1,0.7,0.2,0.1,50,4,15,4
30,1,0.7,0.2,0.1,50,5,15,4
30,1,0.7,0.2,0.1,50,6,9,4
30,1,0.7,0.2,0.1,50,7,9,4
30,1,0.7,0.2,0.1,50,8,9,4
30,1,0.7,0.2,0.1,50,9,15,4
30,1,0.7,0.2,0.1,50,10,15,4
30,1,0.7,0.2,0.1,50,11,15,4
30,1,0.7,0.2,0.1,50,12,15,4
30,1,0.7,0.2,0.1,50,13,9,4
30,1,0.7,0.2,0.1,50,14,15,4
30,1,0.7,0.2,0.1,50,15,9,4
30,1,0.7,0.2,0.1,50,16,15,4
30,1,0.7,0.2,0.1,50,17,15,4
30,1,0.7,0.2,0.1,50,18,15,4
30,1,0.7,0.2,0.1,50,19,15,4
30,1,0.7,0.2,0.1,50,20,15,4
30,1,0.7,0.2,0.1,50,21,6,4
30,1,0.7,0.2,0.1,50,22,15,4
30,1,0.7,0.2,0.1,50,23,15,4
30,1,0.7,0.2,0.1,50,24,15,4
30,1,0.7,0.2,0.1,50,25,15,4
30,1,0.7,0.2,0.1,50,26,15,4
30,1,0.7,0.2,0.1,50,27,15,4
30,1,0.7,0.2,0.1,50,28,15,4
30,1,0.7,0.2,0.1,50,29,15,4
30,1,0.7,0.2,0.1,50,30,15,4
30,1,0.7,0.2,0.1,50,31,15,4
30,1,0.7,0.2,0.1,50,32,15,4
30,1,0.7,0.2,0.1,50,33,15,4
30,1,0.7,0.2,0.1,50,34,15,4
30,1,0.7,0.2,0.1,50,35,15,4
30,1,0.7,0.2,0.1,50,36,9,4
30,1,0.7,0.2,0.1,50,37,15,4
30,1,0.7,0.2,0.1,50,38,15,4
30,1,0.7,0.2,0.1,50,39,15,4
30,1,0.7,0.2,0.1,50,40,9,4
30,1,0.7,0.2,0.1,50,41,6,4
30,1,0.7,0.2,0.1,50,42,15,4
30,1,0.7,0.2,0.1,50,43,9,4
30,1,0.7,0.2,0.1,50,44,15,4
30,1,0.7,0.2,0.1,50,45,15,4
30,1,0.7,0.2,0.1,50,46,15,4
30,1,0.7,0.2,0.1,50,47,9,4
30,1,0.7,0.2,0.1,50,48,15,4
30,1,0.7,0.2,0.1,50,49,9,4
30,1,0.7,0.2,0.1,50,50,15,4
60,1,0.7,0.2,0.1,50,1,9,4
60,1,0.7,0.2,0.1,50,2,9,4
60,1,0.7,0.2,0.1,50,3,9,4
60,1,0.7,0.2,0.1,50,4,9,4
60,1,0.7,0.2,0.1,50,5,9,4
60,1,0.7,0.2,0.1,50,6,9,4
60,1,0.7,0.2,0.1,50,7,9,4
60,1,0.7,0.2,0.1,50,8,9,4
60,1,0.7,0.2,0.1,50,9,15,4
60,1,0.7,0.2,0.1,50,10,9,4
60,1,0.7,0.2,0.1,50,11,9,4
60,1,0.7,0.2,0.1,50,12,9,4
60,1,0.7,0.2,0.1,50,13,9,4
60,1,0.7,0.2,0.1,50,14,9,4
60,1,0.7,0.2,0.1,50,15,9,4
60,1,0.7,0.2,0.1,50,16,9,4
60,1,0.7,0.2,0.1,50,17,9,4
60,1,0.7,0.2,0.1,50,18,15,4
60,1,0.7,0.2,0.1,50,19,9,4
60,1,0.7,0.2,0.1,50,20,9,4
60,1,0.7,0.2,0.1,50,21,6,4
60,1,0.7,0.2,0.1,50,22,9,4
60,1,0.7,0.2,0.1,50,23,9,4
60,1,0.7,0.2,0.1,50,24,9,4
60,1,0.7,0.2,0.1,50,25,9,4
60,1,0.7,0.2,0.1,50,26,9,4
60,1,0.7,0.2,0.1,50,27,9,4
60,1,0.7,0.2,0.1,50,28,9,4
60,1,0.7,0.2,0.1,50,29,9,4
60,1,0.7,0.2,0.1,50,30,9,4
60,1,0.7,0.2,0.1,50,31,9,4
60,1,0.7,0.2,0.1,50,32,9,4
60,1,0.7,0.2,0.1,50,33,9,4
60,1,0.7,0.2,0.1,50,34,9,4
60,1,0.7,0.2,0.1,50,35,15,4
60,1,0.7,0.2,0.1,50,36,6,4
60,1,0.7,0.2,0.1,50,37,6,4
60,1,0.7,0.2,0.1,50,38,9,4
60,1,0.7,0.2,0.1,50,39,9,4
60,1,0.7,0.2,0.1,50,40,9,4
60,1,0.7,0.2,0.1,50,41,6,4
60,1,0.7,0.2,0.1,50,42,9,4
60,1,0.7,0.2,0.1,50,43,6,4
60,1,0.7,0.2,0.1,50,44,9,4
60,1,0.7,0.2,0.1,50,45,9,4
60,1,0.7,0.2,0.1,50,46,9,4
60,1,0.7,0.2,0.1,50,47,9,4
60,1,0.7,0.2,0.1,50,48,6,4
60,1,0.7,0.2,0.1,50,49,9,4
60,1,0.7,0.2,0.1,50,50,9,4
100,1,0.7,0.2,0.1,50,1,9,4
100,1,0.7,0.2,0.1,50,2,9,4
100,1,0.7,0.2,0.1,50,3,9,4
100,1,0.7,0.2,0.1,50,4,9,4
100,1,0.7,0.2,0.1,50,5,9,4
100,1,0.7,0.2,0.1,50,6,9,4
100,1,0.7,0.2,0.1,50,7,9,4
100,1,0.7,0.2,0.1,50,8,9,4
100,1,0.7,0.2,0.1,50,9,6,4
100,1,0.7,0.2,0.1,50,10,9,4
100,1,0.7,0.2,0.1,50,11,9,4
100,1,0.7,0.2,0.1,50,12,9,4
100,1,0.7,0.2,0.1,50,13,9,4
100,1,0.7,0.2,0.1,50,14,9,4
100,1,0.7,0.2,0.1,50,15,9,4
100,1,0.7,0.2,0.1,50,16,6,4
100,1,0.7,0.2,0.1,50,17,9,4
100,1,0.7,0.2,0.1,50,18,15,4
100,1,0.7,0.2,0.1,50,19,9,4
100,1,0.7,0.2,0.1,50,20,9,4
100,1,0.7,0.2,0.1,50,21,6,4
100,1,0.7,0.2,0.1,50,22,9,4
100,1,0.7,0.2,0.1,50,23,9,4
100,1,0.7,0.2,0.1,50,24,9,4
100,1,0.7,0.2,0.1,50,25,9,4
100,1,0.7,0.2,0.1,50,26,6,4
100,1,0.7,0.2,0.1,50,27,9,4
100,1,0.7,0.2,0.1,50,28,9,4
100,1,0.7,0.2,0.1,50,29,9,4
100,1,0.7,0.2,0.1,50,30,9,4
100,1,0.7,0.2,0.1,50,31,9,4
100,1,0.7,0.2,0.1,50,32,4,4
100,1,0.7,0.2,0.1,50,33,6,4
100,1,0.7,0.2,0.1,50,34,9,4
100,1,0.7,0.2,0.1,50,35,9,4
100,1,0.7,0.2,0.1,50,36,6,4
100,1,0.7,0.2,0.1,50,37,6,4
100,1,0.7,0.2,0.1,50,38,9,4
100,1,0.7,0.2,0.1,50,39,9,4
100,1,0.7,0.2,0.1,50,40,9,4
100,1,0.7,0.2,0.1,50,41,6,4
100,1,0.7,0.2,0.1,50,42,9,4
100,1,0.7,0.2,0.1,50,43,6,4
100,1,0.7,0.2,0.1,50,44,9,4
100,1,0.7,0.2,0.1,50,45,9,4
100,1,0.7,0.2,0.1,50,46,6,4
100,1,0.7,0.2,0.1,50,47,9,4
100,1,0.7,0.2,0.1,50,48,9,4
100,1,0.7,0.2,0.1,50,49,6,4
100,1,0.7,0.2,0.1,50,50,9,4
10,1.5,0.7,0.2,0.1,50,1,36,4
10,1.5,0.7,0.2,0.1,50,2,57,4
10,1.5,0.7,0.2,0.1,50,3,36,4
10,1.5,0.7,0.2,0.1,50,4,36,4
10,1.5,0.7,0.2,0.1,50,5,36,4
10,1.5,0.7,0.2,0.1,50,6,36,4
10,1.5,0.7,0.2,0.1,50,7,57,4
10,1.5,0.7,0.2,0.1,50,8,36,4
10,1.5,0.7,0.2,0.1,50,9,36,4
10,1.5,0.7,0.2,0.1,50,10,57,4
10,1.5,0.7,0.2,0.1,50,11,36,4
10,1.5,0.7,0.2,0.1,50,12,23,4
10,1.5,0.7,0.2,0.1,50,13,57,4
10,1.5,0.7,0.2,0.1,50,14,36,4
10,1.5,0.7,0.2,0.1,50,15,57,4
10,1.5,0.7,0.2,0.1,50,16,36,4
10,1.5,0.7,0.2,0.1,50,17,36,4
10,1.5,0.7,0.2,0.1,50,18,57,4
10,1.5,0.7,0.2,0.1,50,19,36,4
10,1.5,0.7,0.2,0.1,50,20,36,4
10,1.5,0.7,0.2,0.1,50,21,23,4
10,1.5,0.7,0.2,0.1,50,22,23,4
10,1.5,0.7,0.2,0.1,50,23,36,4
10,1.5,0.7,0.2,0.1,50,24,36,4
10,1.5,0.7,0.2,0.1,50,25,36,4
10,1.5,0.7,0.2,0.1,50,26,36,4
10,1.5,0.7,0.2,0.1,50,27,57,4
10,1.5,0.7,0.2,0.1,50,28,57,4
10,1.5,0.7,0.2,0.1,50,29,57,4
10,1.5,0.7,0.2,0.1,50,30,57,4
10,1.5,0.7,0.2,0.1,50,31,36,4
10,1.5,0.7,0.2,0.1,50,32,57,4
10,1.5,0.7,0.2,0.1,50,33,57,4
10,1.5,0.7,0.2,0.1,50,34,57,4
10,1.5,0.7,0.2,0.1,50,35,23,4
10,1.5,0.7,0.2,0.1,50,36,57,4
10,1.5,0.7,0.2,0.1,50,37,57,4
10,1.5,0.7,0.2,0.1,50,38,36,4
10,1.5,0.7,0.2,0.1,50,39,57,4
10,1.5,0.7,0.2,0.1,50,40,36,4
10,1.5,0.7,0.2,0.1,50,41,36,4
10,1.5,0.7,0.2,0.1,50,42,23,4
10,1.5,0.7,0.2,0.1,50,43,36,4
10,1.5,0.7,0.2,0.1,50,44,57,4
10,1.5,0.7,0.2,0.1,50,45,36,4
10,1.5,0.7,0.2,0.1,50,46,57,4
10,1.5,0.7,0.2,0.1,50,47,23,4
10,1.5,0.7,0.2,0.1,50,48,36,4
10,1.5,0.7,0.2,0.1,50,49,36,4
10,1.5,0.7,0.2,0.1,50,50,36,4
30,1.5,0.7,0.2,0.1,50,1,15,4
30,1.5,0.7,0.2,0.1,50,2,15,4
30,1.5,0.7,0.2,0.1,50,3,15,4
30,1.5,0.7,0.2,0.1,50,4,9,4
30,1.5,0.7,0.2,0.1,50,5,23,4
30,1.5,0.7,0.2,0.1,50,6,15,4
30,1.5,0.7,0.2,0.1,50,7,15,4
30,1.5,0.7,0.2,0.1,50,8,23,4
30,1.5,0.7,0.2,0.1,50,9,15,4
30,1.5,0.7,0.2,0.1,50,10,23,4
30,1.5,0.7,0.2,0.1,50,11,15,4
30,1.5,0.7,0.2,0.1,50,12,9,4
30,1.5,0.7,0.2,0.1,50,13,15,4
30,1.5,0.7,0.2,0.1,50,14,9,4
30,1.5,0.7,0.2,0.1,50,15,23,4
30,1.5,0.7,0.2,0.1,50,16,15,4
30,1.5,0.7,0.2,0.1,50,17,15,4
30,1.5,0.7,0.2,0.1,50,18,15,4
30,1.5,0.7,0.2,0.1,50,19,23,4
30,1.5,0.7,0.2,0.1,50,20,15,4
30,1.5,0.7,0.2,0.1,50,21,9,4
30,1.5,0.7,0.2,0.1,50,22,15,4
30,1.5,0.7,0.2,0.1,50,23,23,4
30,1.5,0.7,0.2,0.1,50,24,15,4
30,1.5,0.7,0.2,0.1,50,25,15,4
30,1.5,0.7,0.2,0.1,50,26,15,4
30,1.5,0.7,0.2,0.1,50,27,15,4
30,1.5,0.7,0.2,0.1,50,28,15,4
30,1.5,0.7,0.2,0.1,50,29,15,4
30,1.5,0.7,0.2,0.1,50,30,15,4
30,1.5,0.7,0.2,0.1,50,31,15,4
30,1.5,0.7,0.2,0.1,50,32,23,4
30,1.5,0.7,0.2,0.1,50,33,15,4
30,1.5,0.7,0.2,0.1,50,34,15,4
30,1.5,0.7,0.2,0.1,50,35,15,4
30,1.5,0.7,0.2,0.1,50,36,15,4
30,1.5,0.7,0.2,0.1,50,37,15,4
30,1.5,0.7,0.2,0.1,50,38,15,4
30,1.5,0.7,0.2,0.1,50,39,15,4
30,1.5,0.7,0.2,0.1,50,40,15,4
30,1.5,0.7,0.2,0.1,50,41,9,4
30,1.5,0.7,0.2,0.1,50,42,15,4
30,1.5,0.7,0.2,0.1,50,43,15,4
30,1.5,0.7,0.2,0.1,50,44,15,4
30,1.5,0.7,0.2,0.1,50,45,15,4
30,1.5,0.7,0.2,0.1,50,46,15,4
30,1.5,0.7,0.2,0.1,50,47,15,4
30,1.5,0.7,0.2,0.1,50,48,15,4
30,1.5,0.7,0.2,0.1,50,49,15,4
30,1.5,0.7,0.2,0.1,50,50,15,4
60,1.5,0.7,0.2,0.1,50,1,15,4
60,1.5,0.7,0.2,0.1,50,2,15,4
60,1.5,0.7,0.2,0.1,50,3,9,4
60,1.5,0.7,0.2,0.1,50,4,9,4
60,1.5,0.7,0.2,0.1,50,5,15,4
60,1.5,0.7,0.2,0.1,50,6,15,4
60,1.5,0.7,0.2,0.1,50,7,9,4
60,1.5,0.7,0.2,0.1,50,8,9,4
60,1.5,0.7,0.2,0.1,50,9,15,4
60,1.5,0.7,0.2,0.1,50,10,15,4
60,1.5,0.7,0.2,0.1,50,11,15,4
60,1.5,0.7,0.2,0.1,50,12,9,4
60,1.5,0.7,0.2,0.1,50,13,15,4
60,1.5,0.7,0.2,0.1,50,14,9,4
60,1.5,0.7,0.2,0.1,50,15,15,4
60,1.5,0.7,0.2,0.1,50,16,15,4
60,1.5,0.7,0.2,0.1,50,17,15,4
60,1.5,0.7,0.2,0.1,50,18,15,4
60,1.5,0.7,0.2,0.1,50,19,15,4
60,1.5,0.7,0.2,0.1,50,20,15,4
60,1.5,0.7,0.2,0.1,50,21,9,4
60,1.5,0.7,0.2,0.1,50,22,15,4
60,1.5,0.7,0.2,0.1,50,23,15,4
60,1.5,0.7,0.2,0.1,50,24,15,4
60,1.5,0.7,0.2,0.1,50,25,15,4
60,1.5,0.7,0.2,0.1,50,26,15,4
60,1.5,0.7,0.2,0.1,50,27,15,4
60,1.5,0.7,0.2,0.1,50,28,9,4
60,1.5,0.7,0.2,0.1,50,29,15,4
60,1.5,0.7,0.2,0.1,50,30,15,4
60,1.5,0.7,0.2,0.1,50,31,15,4
60,1.5,0.7,0.2,0.1,50,32,15,4
60,1.5,0.7,0.2,0.1,50,33,15,4
60,1.5,0.7,0.2,0.1,50,34,15,4
60,1.5,0.7,0.2,0.1,50,35,15,4
60,1.5,0.7,0.2,0.1,50,36,15,4
60,1.5,0.7,0.2,0.1,50,37,15,4
60,1.5,0.7,0.2,0.1,50,38,15,4
60,1.5,0.7,0.2,0.1,50,39,9,4
60,1.5,0.7,0.2,0.1,50,40,9,4
60,1.5,0.7,0.2,0.1,50,41,9,4
60,1.5,0.7,0.2,0.1,50,42,15,4
60,1.5,0.7,0.2,0.1,50,43,9,4
60,1.5,0.7,0.2,0.1,50,44,9,4
60,1.5,0.7,0.2,0.1,50,45,15,4
60,1.5,0.7,0.2,0.1,50,46,9,4
60,1.5,0.7,0.2,0.1,50,47,15,4
60,1.5,0.7,0.2,0.1,50,48,15,4
60,1.5,0.7,0.2,0.1,50,49,9,4
60,1.5,0.7,0.2,0.1,50,50,15,4
100,1.5,0.7,0.2,0.1,50,1,9,4
100,1.5,0.7,0.2,0.1,50,2,9,4
100,1.5,0.7,0.2,0.1,50,3,9,4
100,1.5,0.7,0.2,0.1,50,4,9,4
100,1.5,0.7,0.2,0.1,50,5,15,4
100,1.5,0.7,0.2,0.1,50,6,6,4
100,1.5,0.7,0.2,0.1,50,7,15,4
100,1.5,0.7,0.2,0.1,50,8,9,4
100,1.5,0.7,0.2,0.1,50,9,15,4
100,1.5,0.7,0.2,0.1,50,10,15,4
100,1.5,0.7,0.2,0.1,50,11,15,4
100,1.5,0.7,0.2,0.1,50,12,9,4
100,1.5,0.7,0.2,0.1,50,13,9,4
100,1.5,0.7,0.2,0.1,50,14,9,4
100,1.5,0.7,0.2,0.1,50,15,15,4
100,1.5,0.7,0.2,0.1,50,16,15,4
100,1.5,0.7,0.2,0.1,50,17,6,4
100,1.5,0.7,0.2,0.1,50,18,15,4
100,1.5,0.7,0.2,0.1,50,19,15,4
100,1.5,0.7,0.2,0.1,50,20,9,4
100,1.5,0.7,0.2,0.1,50,21,15,4
100,1.5,0.7,0.2,0.1,50,22,15,4
100,1.5,0.7,0.2,0.1,50,23,9,4
100,1.5,0.7,0.2,0.1,50,24,9,4
100,1.5,0.7,0.2,0.1,50,25,15,4
100,1.5,0.7,0.2,0.1,50,26,15,4
100,1.5,0.7,0.2,0.1,50,27,9,4
100,1.5,0.7,0.2,0.1,50,28,15,4
100,1.5,0.7,0.2,0.1,50,29,15,4
100,1.5,0.7,0.2,0.1,50,30,15,4
100,1.5,0.7,0.2,0.1,50,31,15,4
100,1.5,0.7,0.2,0.1,50,32,15,4
100,1.5,0.7,0.2,0.1,50,33,9,4
100,1.5,0.7,0.2,0.1,50,34,6,4
100,1.5,0.7,0.2,0.1,50,35,9,4
100,1.5,0.7,0.2,0.1,50,36,15,4
100,1.5,0.7,0.2,0.1,50,37,15,4
100,1.5,0.7,0.2,0.1,50,38,15,4
100,1.5,0.7,0.2,0.1,50,39,15,4
100,1.5,0.7,0.2,0.1,50,40,6,4
100,1.5,0.7,0.2,0.1,50,41,9,4
100,1.5,0.7,0.2,0.1,50,42,15,4
100,1.5,0.7,0.2,0.1,50,43,9,4
100,1.5,0.7,0.2,0.1,50,44,9,4
100,1.5,0.7,0.2,0.1,50,45,15,4
100,1.5,0.7,0.2,0.1,50,46,9,4
100,1.5,0.7,0.2,0.1,50,47,9,4
100,1.5,0.7,0.2,0.1,50,48,9,4
100,1.5,0.7,0.2,0.1,50,49,15,4
100,1.5,0.7,0.2,0.1,50,50,15,4
10,0.5,0.5,0.3,0.1,50,1,57,4
10,0.5,0.5,0.3,0.1,50,2,36,4
10,0.5,0.5,0.3,0.1,50,3,57,4
10,0.5,0.5,0.3,0.1,50,4,88,4
10,0.5,0.5,0.3,0.1,50,5,57,4
10,0.5,0.5,0.3,0.1,50,6,57,4
10,0.5,0.5,0.3,0.1,50,7,36,4
10,0.5,0.5,0.3,0.1,50,8,88,4
10,0.5,0.5,0.3,0.1,50,9,88,4
10,0.5,0.5,0.3,0.1,50,10,57,4
10,0.5,0.5,0.3,0.1,50,11,88,4
10,0.5,0.5,0.3,0.1,50,12,57,4
10,0.5,0.5,0.3,0.1,50,13,57,4
10,0.5,0.5,0.3,0.1,50,14,57,4
10,0.5,0.5,0.3,0.1,50,15,57,4
10,0.5,0.5,0.3,0.1,50,16,88,4
10,0.5,0.5,0.3,0.1,50,17,57,4
10,0.5,0.5,0.3,0.1,50,18,57,4
10,0.5,0.5,0.3,0.1,50,19,36,4
10,0.5,0.5,0.3,0.1,50,20,57,4
10,0.5,0.5,0.3,0.1,50,21,57,4
10,0.5,0.5,0.3,0.1,50,22,36,4
10,0.5,0.5,0.3,0.1,50,23,57,4
10,0.5,0.5,0.3,0.1,50,24,36,4
10,0.5,0.5,0.3,0.1,50,25,57,4
10,0.5,0.5,0.3,0.1,50,26,36,4
10,0.5,0.5,0.3,0.1,50,27,57,4
10,0.5,0.5,0.3,0.1,50,28,57,4
10,0.5,0.5,0.3,0.1,50,29,57,4
10,0.5,0.5,0.3,0.1,50,30,88,4
10,0.5,0.5,0.3,0.1,50,31,57,4
10,0.5,0.5,0.3,0.1,50,32,57,4
10,0.5,0.5,0.3,0.1,50,33,57,4
10,0.5,0.5,0.3,0.1,50,34,36,4
10,0.5,0.5,0.3,0.1,50,35,57,4
10,0.5,0.5,0.3,0.1,50,36,88,4
10,0.5,0.5,0.3,0.1,50,37,57,4
10,0.5,0.5,0.3,0.1,50,38,57,4
10,0.5,0.5,0.3,0.1,50,39,57,4
10,0.5,0.5,0.3,0.1,50,40,36,4
10,0.5,0.5,0.3,0.1,50,41,36,4
10,0.5,0.5,0.3,0.1,50,42,57,4
10,0.5,0.5,0.3,0.1,50,43,57,4
10,0.5,0.5,0.3,0.1,50,44,57,4
10,0.5,0.5,0.3,0.1,50,45,57,4
10,0.5,0.5,0.3,0.1,50,46,57,4
10,0.5,0.5,0.3,0.1,50,47,88,4
10,0.5,0.5,0.3,0.1,50,48,36,4
10,0.5,0.5,0.3,0.1,50,49,88,4
10,0.5,0.5,0.3,0.1,50,50,57,4
30,0.5,0.5,0.3,0.1,50,1,36,4
30,0.5,0.5,0.3,0.1,50,2,23,4
30,0.5,0.5,0.3,0.1,50,3,36,4
30,0.5,0.5,0.3,0.1,50,4,15,4
30,0.5,0.5,0.3,0.1,50,5,23,4
30,0.5,0.5,0.3,0.1,50,6,23,4
30,0.5,0.5,0.3,0.1,50,7,23,4
30,0.5,0.5,0.3,0.1,50,8,23,4
30,0.5,0.5,0.3,0.1,50,9,23,4
30,0.5,0.5,0.3,0.1,50,10,36,4
30,0.5,0.5,0.3,0.1,50,11,23,4
30,0.5,0.5,0.3,0.1,50,12,23,4
30,0.5,0.5,0.3,0.1,50,13,36,4
30,0.5,0.5,0.3,0.1,50,14,15,4
30,0.5,0.5,0.3,0.1,50,15,23,4
30,0.5,0.5,0.3,0.1,50,16,23,4
30,0.5,0.5,0.3,0.1,50,17,23,4
30,0.5,0.5,0.3,0.1,50,18,23,4
30,0.5,0.5,0.3,0.1,50,19,23,4
30,0.5,0.5,0.3,0.1,50,20,23,4
30,0.5,0.5,0.3,0.1,50,21,23,4
30,0.5,0.5,0.3,0.1,50,22,23,4
30,0.5,0.5,0.3,0.1,50,23,23,4
30,0.5,0.5,0.3,0.1,50,24,23,4
30,0.5,0.5,0.3,0.1,50,25,36,4
30,0.5,0.5,0.3,0.1,50,26,23,4
30,0.5,0.5,0.3,0.1,50,27,23,4
30,0.5,0.5,0.3,0.1,50,28,23,4
30,0.5,0.5,0.3,0.1,50,29,36,4
30,0.5,0.5,0.3,0.1,50,30,36,4
30,0.5,0.5,0.3,0.1,50,31,15,4
30,0.5,0.5,0.3,0.1,50,32,36,4
30,0.5,0.5,0.3,0.1,50,33,23,4
30,0.5,0.5,0.3,0.1,50,34,23,4
30,0.5,0.5,0.3,0.1,50,35,23,4
30,0.5,0.5,0.3,0.1,50,36,23,4
30,0.5,0.5,0.3,0.1,50,37,36,4
30,0.5,0.5,0.3,0.1,50,38,15,4
30,0.5,0.5,0.3,0.1,50,39,23,4
30,0.5,0.5,0.3,0.1,50,40,15,4
30,0.5,0.5,0.3,0.1,50,41,15,4
30,0.5,0.5,0.3,0.1,50,42,36,4
30,0.5,0.5,0.3,0.1,50,43,15,4
30,0.5,0.5,0.3,0.1,50,44,23,4
30,0.5,0.5,0.3,0.1,50,45,23,4
30,0.5,0.5,0.3,0.1,50,46,36,4
30,0.5,0.5,0.3,0.1,50,47,23,4
30,0.5,0.5,0.3,0.1,50,48,23,4
30,0.5,0.5,0.3,0.1,50,49,23,4
30,0.5,0.5,0.3,0.1,50,50,23,4
60,0.5,0.5,0.3,0.1,50,1,15,4
60,0.5,0.5,0.3,0.1,50,2,15,4
60,0.5,0.5,0.3,0.1,50,3,23,4
60,0.5,0.5,0.3,0.1,50,4,15,4
60,0.5,0.5,0.3,0.1,50,5,15,4
60,0.5,0.5,0.3,0.1,50,6,23,4
60,0.5,0.5,0.3,0.1,50,7,23,4
60,0.5,0.5,0.3,0.1,50,8,15,4
60,0.5,0.5,0.3,0.1,50,9,23,4
60,0.5,0.5,0.3,0.1,50,10,15,4
60,0.5,0.5,0.3,0.1,50,11,9,4
60,0.5,0.5,0.3,0.1,50,12,15,4
60,0.5,0.5,0.3,0.1,50,13,15,4
60,0.5,0.5,0.3,0.1,50,14,15,4
60,0.5,0.5,0.3,0.1,50,15,15,4
60,0.5,0.5,0.3,0.1,50,16,15,4
60,0.5,0.5,0.3,0.1,50,17,9,4
60,0.5,0.5,0.3,0.1,50,18,15,4
60,0.5,0.5,0.3,0.1,50,19,15,4
60,0.5,0.5,0.3,0.1,50,20,15,4
60,0.5,0.5,0.3,0.1,50,21,23,4
60,0.5,0.5,0.3,0.1,50,22,15,4
60,0.5,0.5,0.3,0.1,50,23,23,4
60,0.5,0.5,0.3,0.1,50,24,15,4
60,0.5,0.5,0.3,0.1,50,25,23,4
60,0.5,0.5,0.3,0.1,50,26,15,4
60,0.5,0.5,0.3,0.1,50,27,15,4
60,0.5,0.5,0.3,0.1,50,28,15,4
60,0.5,0.5,0.3,0.1,50,29,23,4
60,0.5,0.5,0.3,0.1,50,30,23,4
60,0.5,0.5,0.3,0.1,50,31,15,4
60,0.5,0.5,0.3,0.1,50,32,15,4
60,0.5,0.5,0.3,0.1,50,33,23,4
60,0.5,0.5,0.3,0.1,50,34,15,4
60,0.5,0.5,0.3,0.1,50,35,23,4
60,0.5,0.5,0.3,0.1,50,36,15,4
60,0.5,0.5,0.3,0.1,50,37,15,4
60,0.5,0.5,0.3,0.1,50,38,15,4
60,0.5,0.5,0.3,0.1,50,39,15,4
60,0.5,0.5,0.3,0.1,50,40,15,4
60,0.5,0.5,0.3,0.1,50,41,15,4
60,0.5,0.5,0.3,0.1,50,42,15,4
60,0.5,0.5,0.3,0.1,50,43,15,4
60,0.5,0.5,0.3,0.1,50,44,15,4
60,0.5,0.5,0.3,0.1,50,45,15,4
60,0.5,0.5,0.3,0.1,50,46,15,4
60,0.5,0.5,0.3,0.1,50,47,23,4
60,0.5,0.5,0.3,0.1,50,48,15,4
60,0.5,0.5,0.3,0.1,50,49,15,4
60,0.5,0.5,0.3,0.1,50,50,23,4
100,0.5,0.5,0.3,0.1,50,1,15,4
100,0.5,0.5,0.3,0.1,50,2,15,4
100,0.5,0.5,0.3,0.1,50,3,23,4
100,0.5,0.5,0.3,0.1,50,4,15,4
100,0.5,0.5,0.3,0.1,50,5,15,4
100,0.5,0.5,0.3,0.1,50,6,15,4
100,0.5,0.5,0.3,0.1,50,7,15,4
100,0.5,0.5,0.3,0.1,50,8,9,4
100,0.5,0.5,0.3,0.1,50,9,23,4
100,0.5,0.5,0.3,0.1,50,10,15,4
100,0.5,0.5,0.3,0.1,50,11,9,4
100,0.5,0.5,0.3,0.1,50,12,15,4
100,0.5,0.5,0.3,0.1,50,13,15,4
100,0.5,0.5,0.3,0.1,50,14,9,4
100,0.5,0.5,0.3,0.1,50,15,15,4
100,0.5,0.5,0.3,0.1,50,16,15,4
100,0.5,0.5,0.3,0.1,50,17,9,4
100,0.5,0.5,0.3,0.1,50,18,15,4
100,0.5,0.5,0.3,0.1,50,19,15,4
100,0.5,0.5,0.3,0.1,50,20,15,4
100,0.5,0.5,0.3,0.1,50,21,15,4
100,0.5,0.5,0.3,0.1,50,22,15,4
100,0.5,0.5,0.3,0.1,50,23,15,4
100,0.5,0.5,0.3,0.1,50,24,15,4
100,0.5,0.5,0.3,0.1,50,25,15,4
100,0.5,0.5,0.3,0.1,50,26,15,4
100,0.5,0.5,0.3,0.1,50,27,15,4
100,0.5,0.5,0.3,0.1,50,28,15,4
100,0.5,0.5,0.3,0.1,50,29,23,4
100,0.5,0.5,0.3,0.1,50,30,23,4
100,0.5,0.5,0.3,0.1,50,31,15,4
100,0.5,0.5,0.3,0.1,50,32,15,4
100,0.5,0.5,0.3,0.1,50,33,23,4
100,0.5,0.5,0.3,0.1,50,34,15,4
100,0.5,0.5,0.3,0.1,50,35,15,4
100,0.5,0.5,0.3,0.1,50,36,15,4
100,0.5,0.5,0.3,0.1,50,37,15,4
100,0.5,0.5,0.3,0.1,50,38,15,4
100,0.5,0.5,0.3,0.1,50,39,15,4
100,0.5,0.5,0.3,0.1,50,40,15,4
100,0.5,0.5,0.3,0.1,50,41,15,4
100,0.5,0.5,0.3,0.1,50,42,15,4
100,0.5,0.5,0.3,0.1,50,43,15,4
100,0.5,0.5,0.3,0.1,50,44,9,4
100,0.5,0.5,0.3,0.1,50,45,15,4
100,0.5,0.5,0.3,0.1,50,46,15,4
100,0.5,0.5,0.3,0.1,50,47,9,4
100,0.5,0.5,0.3,0.1,50,48,15,4
100,0.5,0.5,0.3,0.1,50,49,23,4
100,0.5,0.5,0.3,0.1,50,50,9,4
10,1,0.5,0.3,0.1,50,1,57,4
10,1,0.5,0.3,0.1,50,2,57,4
10,1,0.5,0.3,0.1,50,3,88,4
10,1,0.5,0.3,0.1,50,4,88,4
10,1,0.5,0.3,0.1,50,5,88,4
10,1,0.5,0.3,0.1,50,6,57,4
10,1,0.5,0.3,0.1,50,7,88,4
10,1,0.5,0.3,0.1,50,8,88,4
10,1,0.5,0.3,0.1,50,9,88,4
10,1,0.5,0.3,0.1,50,10,88,4
10,1,0.5,0.3,0.1,50,11,139,4
10,1,0.5,0.3,0.1,50,12,57,4
10,1,0.5,0.3,0.1,50,13,88,4
10,1,0.5,0.3,0.1,50,14,36,4
10,1,0.5,0.3,0.1,50,15,57,4
10,1,0.5,0.3,0.1,50,16,88,4
10,1,0.5,0.3,0.1,50,17,88,4
10,1,0.5,0.3,0.1,50,18,57,4
10,1,0.5,0.3,0.1,50,19,88,4
10,1,0.5,0.3,0.1,50,20,139,4
10,1,0.5,0.3,0.1,50,21,139,4
10,1,0.5,0.3,0.1,50,22,57,4
10,1,0.5,0.3,0.1,50,23,88,4
10,1,0.5,0.3,0.1,50,24,36,4
10,1,0.5,0.3,0.1,50,25,88,4
10,1,0.5,0.3,0.1,50,26,57,4
10,1,0.5,0.3,0.1,50,27,88,4
10,1,0.5,0.3,0.1,50,28,57,4
10,1,0.5,0.3,0.1,50,29,88,4
10,1,0.5,0.3,0.1,50,30,88,4
10,1,0.5,0.3,0.1,50,31,88,4
10,1,0.5,0.3,0.1,50,32,88,4
10,1,0.5,0.3,0.1,50,33,88,4
10,1,0.5,0.3,0.1,50,34,88,4
10,1,0.5,0.3,0.1,50,35,57,4
10,1,0.5,0.3,0.1,50,36,57,4
10,1,0.5,0.3,0.1,50,37,88,4
10,1,0.5,0.3,0.1,50,38,139,4
10,1,0.5,0.3,0.1,50,39,36,4
10,1,0.5,0.3,0.1,50,40,57,4
10,1,0.5,0.3,0.1,50,41,57,4
10,1,0.5,0.3,0.1,50,42,88,4
10,1,0.5,0.3,0.1,50,43,36,4
10,1,0.5,0.3,0.1,50,44,88,4
10,1,0.5,0.3,0.1,50,45,139,4
10,1,0.5,0.3,0.1,50,46,88,4
10,1,0.5,0.3,0.1,50,47,139,4
10,1,0.5,0.3,0.1,50,48,57,4
10,1,0.5,0.3,0.1,50,49,88,4
10,1,0.5,0.3,0.1,50,50,57,4
30,1,0.5,0.3,0.1,50,1,36,4
30,1,0.5,0.3,0.1,50,2,36,4
30,1,0.5,0.3,0.1,50,3,36,4
30,1,0.5,0.3,0.1,50,4,23,4
30,1,0.5,0.3,0.1,50,5,23,4
30,1,0.5,0.3,0.1,50,6,23,4
30,1,0.5,0.3,0.1,50,7,36,4
30,1,0.5,0.3,0.1,50,8,23,4
30,1,0.5,0.3,0.1,50,9,23,4
30,1,0.5,0.3,0.1,50,10,36,4
30,1,0.5,0.3,0.1,50,11,23,4
30,1,0.5,0.3,0.1,50,12,36,4
30,1,0.5,0.3,0.1,50,13,36,4
30,1,0.5,0.3,0.1,50,14,15,4
30,1,0.5,0.3,0.1,50,15,23,4
30,1,0.5,0.3,0.1,50,16,23,4
30,1,0.5,0.3,0.1,50,17,23,4
30,1,0.5,0.3,0.1,50,18,23,4
30,1,0.5,0.3,0.1,50,19,23,4
30,1,0.5,0.3,0.1,50,20,36,4
30,1,0.5,0.3,0.1,50,21,36,4
30,1,0.5,0.3,0.1,50,22,23,4
30,1,0.5,0.3,0.1,50,23,23,4
30,1,0.5,0.3,0.1,50,24,36,4
30,1,0.5,0.3,0.1,50,25,23,4
30,1,0.5,0.3,0.1,50,26,23,4
30,1,0.5,0.3,0.1,50,27,36,4
30,1,0.5,0.3,0.1,50,28,36,4
30,1,0.5,0.3,0.1,50,29,36,4
30,1,0.5,0.3,0.1,50,30,36,4
30,1,0.5,0.3,0.1,50,31,23,4
30,1,0.5,0.3,0.1,50,32,36,4
30,1,0.5,0.3,0.1,50,33,36,4
30,1,0.5,0.3,0.1,50,34,23,4
30,1,0.5,0.3,0.1,50,35,23,4
30,1,0.5,0.3,0.1,50,36,15,4
30,1,0.5,0.3,0.1,50,37,57,4
30,1,0.5,0.3,0.1,50,38,23,4
30,1,0.5,0.3,0.1,50,39,23,4
30,1,0.5,0.3,0.1,50,40,15,4
30,1,0.5,0.3,0.1,50,41,15,4
30,1,0.5,0.3,0.1,50,42,36,4
30,1,0.5,0.3,0.1,50,43,36,4
30,1,0.5,0.3,0.1,50,44,15,4
30,1,0.5,0.3,0.1,50,45,23,4
30,1,0.5,0.3,0.1,50,46,23,4
30,1,0.5,0.3,0.1,50,47,36,4
30,1,0.5,0.3,0.1,50,48,23,4
30,1,0.5,0.3,0.1,50,49,23,4
30,1,0.5,0.3,0.1,50,50,23,4
60,1,0.5,0.3,0.1,50,1,23,4
60,1,0.5,0.3,0.1,50,2,23,4
60,1,0.5,0.3,0.1,50,3,23,4
60,1,0.5,0.3,0.1,50,4,23,4
60,1,0.5,0.3,0.1,50,5,15,4
60,1,0.5,0.3,0.1,50,6,15,4
60,1,0.5,0.3,0.1,50,7,15,4
60,1,0.5,0.3,0.1,50,8,23,4
60,1,0.5,0.3,0.1,50,9,23,4
60,1,0.5,0.3,0.1,50,10,23,4
60,1,0.5,0.3,0.1,50,11,23,4
60,1,0.5,0.3,0.1,50,12,15,4
60,1,0.5,0.3,0.1,50,13,23,4
60,1,0.5,0.3,0.1,50,14,15,4
60,1,0.5,0.3,0.1,50,15,23,4
60,1,0.5,0.3,0.1,50,16,15,4
60,1,0.5,0.3,0.1,50,17,15,4
60,1,0.5,0.3,0.1,50,18,23,4
60,1,0.5,0.3,0.1,50,19,15,4
60,1,0.5,0.3,0.1,50,20,23,4
60,1,0.5,0.3,0.1,50,21,15,4
60,1,0.5,0.3,0.1,50,22,15,4
60,1,0.5,0.3,0.1,50,23,15,4
60,1,0.5,0.3,0.1,50,24,15,4
60,1,0.5,0.3,0.1,50,25,23,4
60,1,0.5,0.3,0.1,50,26,23,4
60,1,0.5,0.3,0.1,50,27,23,4
60,1,0.5,0.3,0.1,50,28,15,4
60,1,0.5,0.3,0.1,50,29,23,4
60,1,0.5,0.3,0.1,50,30,36,4
60,1,0.5,0.3,0.1,50,31,23,4
60,1,0.5,0.3,0.1,50,32,23,4
60,1,0.5,0.3,0.1,50,33,36,4
60,1,0.5,0.3,0.1,50,34,23,4
60,1,0.5,0.3,0.1,50,35,23,4
60,1,0.5,0.3,0.1,50,36,15,4
60,1,0.5,0.3,0.1,50,37,36,4
60,1,0.5,0.3,0.1,50,38,15,4
60,1,0.5,0.3,0.1,50,39,23,4
60,1,0.5,0.3,0.1,50,40,23,4
60,1,0.5,0.3,0.1,50,41,15,4
60,1,0.5,0.3,0.1,50,42,23,4
60,1,0.5,0.3,0.1,50,43,23,4
60,1,0.5,0.3,0.1,50,44,15,4
60,1,0.5,0.3,0.1,50,45,23,4
60,1,0.5,0.3,0.1,50,46,15,4
60,1,0.5,0.3,0.1,50,47,36,4
60,1,0.5,0.3,0.1,50,48,15,4
60,1,0.5,0.3,0.1,50,49,23,4
60,1,0.5,0.3,0.1,50,50,15,4
100,1,0.5,0.3,0.1,50,1,23,4
100,1,0.5,0.3,0.1,50,2,15,4
100,1,0.5,0.3,0.1,50,3,23,4
100,1,0.5,0.3,0.1,50,4,15,4
100,1,0.5,0.3,0.1,50,5,15,4
100,1,0.5,0.3,0.1,50,6,15,4
100,1,0.5,0.3,0.1,50,7,15,4
100,1,0.5,0.3,0.1,50,8,15,4
100,1,0.5,0.3,0.1,50,9,15,4
100,1,0.5,0.3,0.1,50,10,23,4
100,1,0.5,0.3,0.1,50,11,6,4
100,1,0.5,0.3,0.1,50,12,15,4
100,1,0.5,0.3,0.1,50,13,23,4
100,1,0.5,0.3,0.1,50,14,15,4
100,1,0.5,0.3,0.1,50,15,15,4
100,1,0.5,0.3,0.1,50,16,23,4
100,1,0.5,0.3,0.1,50,17,23,4
100,1,0.5,0.3,0.1,50,18,15,4
100,1,0.5,0.3,0.1,50,19,15,4
100,1,0.5,0.3,0.1,50,20,15,4
100,1,0.5,0.3,0.1,50,21,23,4
100,1,0.5,0.3,0.1,50,22,15,4
100,1,0.5,0.3,0.1,50,23,15,4
100,1,0.5,0.3,0.1,50,24,15,4
100,1,0.5,0.3,0.1,50,25,23,4
100,1,0.5,0.3,0.1,50,26,15,4
100,1,0.5,0.3,0.1,50,27,23,4
100,1,0.5,0.3,0.1,50,28,15,4
100,1,0.5,0.3,0.1,50,29,23,4
100,1,0.5,0.3,0.1,50,30,23,4
100,1,0.5,0.3,0.1,50,31,23,4
100,1,0.5,0.3,0.1,50,32,23,4
100,1,0.5,0.3,0.1,50,33,23,4
100,1,0.5,0.3,0.1,50,34,23,4
100,1,0.5,0.3,0.1,50,35,15,4
100,1,0.5,0.3,0.1,50,36,15,4
100,1,0.5,0.3,0.1,50,37,23,4
100,1,0.5,0.3,0.1,50,38,15,4
100,1,0.5,0.3,0.1,50,39,6,4
100,1,0.5,0.3,0.1,50,40,15,4
100,1,0.5,0.3,0.1,50,41,15,4
100,1,0.5,0.3,0.1,50,42,15,4
100,1,0.5,0.3,0.1,50,43,23,4
100,1,0.5,0.3,0.1,50,44,15,4
100,1,0.5,0.3,0.1,50,45,15,4
100,1,0.5,0.3,0.1,50,46,4,4
100,1,0.5,0.3,0.1,50,47,23,4
100,1,0.5,0.3,0.1,50,48,15,4
100,1,0.5,0.3,0.1,50,49,23,4
100,1,0.5,0.3,0.1,50,50,23,4
10,1.5,0.5,0.3,0.1,50,1,139,4
10,1.5,0.5,0.3,0.1,50,2,88,4
10,1.5,0.5,0.3,0.1,50,3,340,4
10,1.5,0.5,0.3,0.1,50,4,NA,4
10,1.5,0.5,0.3,0.1,50,5,NA,4
10,1.5,0.5,0.3,0.1,50,6,139,4
10,1.5,0.5,0.3,0.1,50,7,88,4
10,1.5,0.5,0.3,0.1,50,8,340,4
10,1.5,0.5,0.3,0.1,50,9,340,4
10,1.5,0.5,0.3,0.1,50,10,NA,4
10,1.5,0.5,0.3,0.1,50,11,217,4
10,1.5,0.5,0.3,0.1,50,12,340,4
10,1.5,0.5,0.3,0.1,50,13,NA,4
10,1.5,0.5,0.3,0.1,50,14,88,4
10,1.5,0.5,0.3,0.1,50,15,57,4
10,1.5,0.5,0.3,0.1,50,16,340,4
10,1.5,0.5,0.3,0.1,50,17,340,4
10,1.5,0.5,0.3,0.1,50,18,532,4
10,1.5,0.5,0.3,0.1,50,19,217,4
10,1.5,0.5,0.3,0.1,50,20,NA,4
10,1.5,0.5,0.3,0.1,50,21,NA,4
10,1.5,0.5,0.3,0.1,50,22,NA,4
10,1.5,0.5,0.3,0.1,50,23,139,4
10,1.5,0.5,0.3,0.1,50,24,88,4
10,1.5,0.5,0.3,0.1,50,25,139,4
10,1.5,0.5,0.3,0.1,50,26,340,4
10,1.5,0.5,0.3,0.1,50,27,139,4
10,1.5,0.5,0.3,0.1,50,28,NA,4
10,1.5,0.5,0.3,0.1,50,29,217,4
10,1.5,0.5,0.3,0.1,50,30,NA,4
10,1.5,0.5,0.3,0.1,50,31,532,4
10,1.5,0.5,0.3,0.1,50,32,139,4
10,1.5,0.5,0.3,0.1,50,33,217,4
10,1.5,0.5,0.3,0.1,50,34,217,4
10,1.5,0.5,0.3,0.1,50,35,NA,4
10,1.5,0.5,0.3,0.1,50,36,139,4
10,1.5,0.5,0.3,0.1,50,37,217,4
10,1.5,0.5,0.3,0.1,50,38,217,4
10,1.5,0.5,0.3,0.1,50,39,139,4
10,1.5,0.5,0.3,0.1,50,40,88,4
10,1.5,0.5,0.3,0.1,50,41,139,4
10,1.5,0.5,0.3,0.1,50,42,NA,4
10,1.5,0.5,0.3,0.1,50,43,139,4
10,1.5,0.5,0.3,0.1,50,44,NA,4
10,1.5,0.5,0.3,0.1,50,45,57,4
10,1.5,0.5,0.3,0.1,50,46,139,4
10,1.5,0.5,0.3,0.1,50,47,532,4
10,1.5,0.5,0.3,0.1,50,48,139,4
10,1.5,0.5,0.3,0.1,50,49,340,4
10,1.5,0.5,0.3,0.1,50,50,NA,4
30,1.5,0.5,0.3,0.1,50,1,36,4
30,1.5,0.5,0.3,0.1,50,2,57,4
30,1.5,0.5,0.3,0.1,50,3,88,4
30,1.5,0.5,0.3,0.1,50,4,88,4
30,1.5,0.5,0.3,0.1,50,5,57,4
30,1.5,0.5,0.3,0.1,50,6,57,4
30,1.5,0.5,0.3,0.1,50,7,36,4
30,1.5,0.5,0.3,0.1,50,8,57,4
30,1.5,0.5,0.3,0.1,50,9,57,4
30,1.5,0.5,0.3,0.1,50,10,88,4
30,1.5,0.5,0.3,0.1,50,11,23,4
30,1.5,0.5,0.3,0.1,50,12,23,4
30,1.5,0.5,0.3,0.1,50,13,88,4
30,1.5,0.5,0.3,0.1,50,14,23,4
30,1.5,0.5,0.3,0.1,50,15,36,4
30,1.5,0.5,0.3,0.1,50,16,57,4
30,1.5,0.5,0.3,0.1,50,17,36,4
30,1.5,0.5,0.3,0.1,50,18,57,4
30,1.5,0.5,0.3,0.1,50,19,23,4
30,1.5,0.5,0.3,0.1,50,20,57,4
30,1.5,0.5,0.3,0.1,50,21,88,4
30,1.5,0.5,0.3,0.1,50,22,36,4
30,1.5,0.5,0.3,0.1,50,23,36,4
30,1.5,0.5,0.3,0.1,50,24,36,4
30,1.5,0.5,0.3,0.1,50,25,36,4
30,1.5,0.5,0.3,0.1,50,26,36,4
30,1.5,0.5,0.3,0.1,50,27,36,4
30,1.5,0.5,0.3,0.1,50,28,57,4
30,1.5,0.5,0.3,0.1,50,29,36,4
30,1.5,0.5,0.3,0.1,50,30,139,4
30,1.5,0.5,0.3,0.1,50,31,23,4
30,1.5,0.5,0.3,0.1,50,32,57,4
30,1.5,0.5,0.3,0.1,50,33,57,4
30,1.5,0.5,0.3,0.1,50,34,36,4
30,1.5,0.5,0.3,0.1,50,35,57,4
30,1.5,0.5,0.3,0.1,50,36,36,4
30,1.5,0.5,0.3,0.1,50,37,36,4
30,1.5,0.5,0.3,0.1,50,38,36,4
30,1.5,0.5,0.3,0.1,50,39,36,4
30,1.5,0.5,0.3,0.1,50,40,36,4
30,1.5,0.5,0.3,0.1,50,41,36,4
30,1.5,0.5,0.3,0.1,50,42,57,4
30,1.5,0.5,0.3,0.1,50,43,36,4
30,1.5,0.5,0.3,0.1,50,44,57,4
30,1.5,0.5,0.3,0.1,50,45,57,4
30,1.5,0.5,0.3,0.1,50,46,36,4
30,1.5,0.5,0.3,0.1,50,47,88,4
30,1.5,0.5,0.3,0.1,50,48,36,4
30,1.5,0.5,0.3,0.1,50,49,57,4
30,1.5,0.5,0.3,0.1,50,50,57,4
60,1.5,0.5,0.3,0.1,50,1,36,4
60,1.5,0.5,0.3,0.1,50,2,57,4
60,1.5,0.5,0.3,0.1,50,3,57,4
60,1.5,0.5,0.3,0.1,50,4,57,4
60,1.5,0.5,0.3,0.1,50,5,36,4
60,1.5,0.5,0.3,0.1,50,6,36,4
60,1.5,0.5,0.3,0.1,50,7,23,4
60,1.5,0.5,0.3,0.1,50,8,23,4
60,1.5,0.5,0.3,0.1,50,9,57,4
60,1.5,0.5,0.3,0.1,50,10,36,4
60,1.5,0.5,0.3,0.1,50,11,23,4
60,1.5,0.5,0.3,0.1,50,12,23,4
60,1.5,0.5,0.3,0.1,50,13,36,4
60,1.5,0.5,0.3,0.1,50,14,15,4
60,1.5,0.5,0.3,0.1,50,15,23,4
60,1.5,0.5,0.3,0.1,50,16,23,4
60,1.5,0.5,0.3,0.1,50,17,36,4
60,1.5,0.5,0.3,0.1,50,18,36,4
60,1.5,0.5,0.3,0.1,50,19,23,4
60,1.5,0.5,0.3,0.1,50,20,57,4
60,1.5,0.5,0.3,0.1,50,21,57,4
60,1.5,0.5,0.3,0.1,50,22,36,4
60,1.5,0.5,0.3,0.1,50,23,15,4
60,1.5,0.5,0.3,0.1,50,24,36,4
60,1.5,0.5,0.3,0.1,50,25,23,4
60,1.5,0.5,0.3,0.1,50,26,23,4
60,1.5,0.5,0.3,0.1,50,27,23,4
60,1.5,0.5,0.3,0.1,50,28,36,4
60,1.5,0.5,0.3,0.1,50,29,36,4
60,1.5,0.5,0.3,0.1,50,30,57,4
60,1.5,0.5,0.3,0.1,50,31,36,4
60,1.5,0.5,0.3,0.1,50,32,36,4
60,1.5,0.5,0.3,0.1,50,33,57,4
60,1.5,0.5,0.3,0.1,50,34,23,4
60,1.5,0.5,0.3,0.1,50,35,23,4
60,1.5,0.5,0.3,0.1,50,36,36,4
60,1.5,0.5,0.3,0.1,50,37,36,4
60,1.5,0.5,0.3,0.1,50,38,23,4
60,1.5,0.5,0.3,0.1,50,39,36,4
60,1.5,0.5,0.3,0.1,50,40,23,4
60,1.5,0.5,0.3,0.1,50,41,23,4
60,1.5,0.5,0.3,0.1,50,42,57,4
60,1.5,0.5,0.3,0.1,50,43,36,4
60,1.5,0.5,0.3,0.1,50,44,15,4
60,1.5,0.5,0.3,0.1,50,45,15,4
60,1.5,0.5,0.3,0.1,50,46,36,4
60,1.5,0.5,0.3,0.1,50,47,57,4
60,1.5,0.5,0.3,0.1,50,48,23,4
60,1.5,0.5,0.3,0.1,50,49,36,4
60,1.5,0.5,0.3,0.1,50,50,36,4
100,1.5,0.5,0.3,0.1,50,1,23,4
100,1.5,0.5,0.3,0.1,50,2,57,4
100,1.5,0.5,0.3,0.1,50,3,23,4
100,1.5,0.5,0.3,0.1,50,4,36,4
100,1.5,0.5,0.3,0.1,50,5,36,4
100,1.5,0.5,0.3,0.1,50,6,36,4
100,1.5,0.5,0.3,0.1,50,7,36,4
100,1.5,0.5,0.3,0.1,50,8,23,4
100,1.5,0.5,0.3,0.1,50,9,36,4
100,1.5,0.5,0.3,0.1,50,10,23,4
100,1.5,0.5,0.3,0.1,50,11,23,4
100,1.5,0.5,0.3,0.1,50,12,15,4
100,1.5,0.5,0.3,0.1,50,13,36,4
100,1.5,0.5,0.3,0.1,50,14,23,4
100,1.5,0.5,0.3,0.1,50,15,15,4
100,1.5,0.5,0.3,0.1,50,16,23,4
100,1.5,0.5,0.3,0.1,50,17,23,4
100,1.5,0.5,0.3,0.1,50,18,15,4
100,1.5,0.5,0.3,0.1,50,19,15,4
100,1.5,0.5,0.3,0.1,50,20,36,4
100,1.5,0.5,0.3,0.1,50,21,36,4
100,1.5,0.5,0.3,0.1,50,22,23,4
100,1.5,0.5,0.3,0.1,50,23,15,4
100,1.5,0.5,0.3,0.1,50,24,23,4
100,1.5,0.5,0.3,0.1,50,25,23,4
100,1.5,0.5,0.3,0.1,50,26,23,4
100,1.5,0.5,0.3,0.1,50,27,23,4
100,1.5,0.5,0.3,0.1,50,28,23,4
100,1.5,0.5,0.3,0.1,50,29,36,4
100,1.5,0.5,0.3,0.1,50,30,36,4
100,1.5,0.5,0.3,0.1,50,31,15,4
100,1.5,0.5,0.3,0.1,50,32,36,4
100,1.5,0.5,0.3,0.1,50,33,36,4
100,1.5,0.5,0.3,0.1,50,34,23,4
100,1.5,0.5,0.3,0.1,50,35,36,4
100,1.5,0.5,0.3,0.1,50,36,15,4
100,1.5,0.5,0.3,0.1,50,37,23,4
100,1.5,0.5,0.3,0.1,50,38,23,4
100,1.5,0.5,0.3,0.1,50,39,36,4
100,1.5,0.5,0.3,0.1,50,40,23,4
100,1.5,0.5,0.3,0.1,50,41,23,4
100,1.5,0.5,0.3,0.1,50,42,57,4
100,1.5,0.5,0.3,0.1,50,43,23,4
100,1.5,0.5,0.3,0.1,50,44,15,4
100,1.5,0.5,0.3,0.1,50,45,23,4
100,1.5,0.5,0.3,0.1,50,46,23,4
100,1.5,0.5,0.3,0.1,50,47,23,4
100,1.5,0.5,0.3,0.1,50,48,23,4
100,1.5,0.5,0.3,0.1,50,49,23,4
100,1.5,0.5,0.3,0.1,50,50,23,4
10,0.5,0.6,0.3,0.1,50,1,36,4
10,0.5,0.6,0.3,0.1,50,2,36,4
10,0.5,0.6,0.3,0.1,50,3,57,4
10,0.5,0.6,0.3,0.1,50,4,36,4
10,0.5,0.6,0.3,0.1,50,5,36,4
10,0.5,0.6,0.3,0.1,50,6,57,4
10,0.5,0.6,0.3,0.1,50,7,36,4
10,0.5,0.6,0.3,0.1,50,8,36,4
10,0.5,0.6,0.3,0.1,50,9,36,4
10,0.5,0.6,0.3,0.1,50,10,36,4
10,0.5,0.6,0.3,0.1,50,11,36,4
10,0.5,0.6,0.3,0.1,50,12,57,4
10,0.5,0.6,0.3,0.1,50,13,57,4
10,0.5,0.6,0.3,0.1,50,14,23,4
10,0.5,0.6,0.3,0.1,50,15,36,4
10,0.5,0.6,0.3,0.1,50,16,36,4
10,0.5,0.6,0.3,0.1,50,17,36,4
10,0.5,0.6,0.3,0.1,50,18,36,4
10,0.5,0.6,0.3,0.1,50,19,36,4
10,0.5,0.6,0.3,0.1,50,20,57,4
10,0.5,0.6,0.3,0.1,50,21,36,4
10,0.5,0.6,0.3,0.1,50,22,36,4
10,0.5,0.6,0.3,0.1,50,23,36,4
10,0.5,0.6,0.3,0.1,50,24,36,4
10,0.5,0.6,0.3,0.1,50,25,36,4
10,0.5,0.6,0.3,0.1,50,26,36,4
10,0.5,0.6,0.3,0.1,50,27,36,4
10,0.5,0.6,0.3,0.1,50,28,57,4
10,0.5,0.6,0.3,0.1,50,29,36,4
10,0.5,0.6,0.3,0.1,50,30,57,4
10,0.5,0.6,0.3,0.1,50,31,36,4
10,0.5,0.6,0.3,0.1,50,32,57,4
10,0.5,0.6,0.3,0.1,50,33,36,4
10,0.5,0.6,0.3,0.1,50,34,57,4
10,0.5,0.6,0.3,0.1,50,35,36,4
10,0.5,0.6,0.3,0.1,50,36,36,4
10,0.5,0.6,0.3,0.1,50,37,57,4
10,0.5,0.6,0.3,0.1,50,38,36,4
10,0.5,0.6,0.3,0.1,50,39,36,4
10,0.5,0.6,0.3,0.1,50,40,36,4
10,0.5,0.6,0.3,0.1,50,41,36,4
10,0.5,0.6,0.3,0.1,50,42,36,4
10,0.5,0.6,0.3,0.1,50,43,36,4
10,0.5,0.6,0.3,0.1,50,44,36,4
10,0.5,0.6,0.3,0.1,50,45,36,4
10,0.5,0.6,0.3,0.1,50,46,36,4
10,0.5,0.6,0.3,0.1,50,47,57,4
10,0.5,0.6,0.3,0.1,50,48,36,4
10,0.5,0.6,0.3,0.1,50,49,36,4
10,0.5,0.6,0.3,0.1,50,50,57,4
30,0.5,0.6,0.3,0.1,50,1,15,4
30,0.5,0.6,0.3,0.1,50,2,15,4
30,0.5,0.6,0.3,0.1,50,3,15,4
30,0.5,0.6,0.3,0.1,50,4,15,4
30,0.5,0.6,0.3,0.1,50,5,15,4
30,0.5,0.6,0.3,0.1,50,6,15,4
30,0.5,0.6,0.3,0.1,50,7,15,4
30,0.5,0.6,0.3,0.1,50,8,23,4
30,0.5,0.6,0.3,0.1,50,9,15,4
30,0.5,0.6,0.3,0.1,50,10,15,4
30,0.5,0.6,0.3,0.1,50,11,23,4
30,0.5,0.6,0.3,0.1,50,12,23,4
30,0.5,0.6,0.3,0.1,50,13,15,4
30,0.5,0.6,0.3,0.1,50,14,23,4
30,0.5,0.6,0.3,0.1,50,15,15,4
30,0.5,0.6,0.3,0.1,50,16,15,4
30,0.5,0.6,0.3,0.1,50,17,15,4
30,0.5,0.6,0.3,0.1,50,18,15,4
30,0.5,0.6,0.3,0.1,50,19,9,4
30,0.5,0.6,0.3,0.1,50,20,15,4
30,0.5,0.6,0.3,0.1,50,21,15,4
30,0.5,0.6,0.3,0.1,50,22,23,4
30,0.5,0.6,0.3,0.1,50,23,23,4
30,0.5,0.6,0.3,0.1,50,24,15,4
30,0.5,0.6,0.3,0.1,50,25,15,4
30,0.5,0.6,0.3,0.1,50,26,23,4
30,0.5,0.6,0.3,0.1,50,27,15,4
30,0.5,0.6,0.3,0.1,50,28,23,4
30,0.5,0.6,0.3,0.1,50,29,15,4
30,0.5,0.6,0.3,0.1,50,30,9,4
30,0.5,0.6,0.3,0.1,50,31,15,4
30,0.5,0.6,0.3,0.1,50,32,23,4
30,0.5,0.6,0.3,0.1,50,33,23,4
30,0.5,0.6,0.3,0.1,50,34,23,4
30,0.5,0.6,0.3,0.1,50,35,23,4
30,0.5,0.6,0.3,0.1,50,36,15,4
30,0.5,0.6,0.3,0.1,50,37,15,4
30,0.5,0.6,0.3,0.1,50,38,23,4
30,0.5,0.6,0.3,0.1,50,39,23,4
30,0.5,0.6,0.3,0.1,50,40,15,4
30,0.5,0.6,0.3,0.1,50,41,15,4
30,0.5,0.6,0.3,0.1,50,42,15,4
30,0.5,0.6,0.3,0.1,50,43,15,4
30,0.5,0.6,0.3,0.1,50,44,23,4
30,0.5,0.6,0.3,0.1,50,45,15,4
30,0.5,0.6,0.3,0.1,50,46,15,4
30,0.5,0.6,0.3,0.1,50,47,15,4
30,0.5,0.6,0.3,0.1,50,48,15,4
30,0.5,0.6,0.3,0.1,50,49,15,4
30,0.5,0.6,0.3,0.1,50,50,15,4
60,0.5,0.6,0.3,0.1,50,1,9,4
60,0.5,0.6,0.3,0.1,50,2,9,4
60,0.5,0.6,0.3,0.1,50,3,15,4
60,0.5,0.6,0.3,0.1,50,4,15,4
60,0.5,0.6,0.3,0.1,50,5,15,4
60,0.5,0.6,0.3,0.1,50,6,9,4
60,0.5,0.6,0.3,0.1,50,7,15,4
60,0.5,0.6,0.3,0.1,50,8,15,4
60,0.5,0.6,0.3,0.1,50,9,15,4
60,0.5,0.6,0.3,0.1,50,10,9,4
60,0.5,0.6,0.3,0.1,50,11,9,4
60,0.5,0.6,0.3,0.1,50,12,15,4
60,0.5,0.6,0.3,0.1,50,13,15,4
60,0.5,0.6,0.3,0.1,50,14,15,4
60,0.5,0.6,0.3,0.1,50,15,15,4
60,0.5,0.6,0.3,0.1,50,16,15,4
60,0.5,0.6,0.3,0.1,50,17,15,4
60,0.5,0.6,0.3,0.1,50,18,15,4
60,0.5,0.6,0.3,0.1,50,19,15,4
60,0.5,0.6,0.3,0.1,50,20,15,4
60,0.5,0.6,0.3,0.1,50,21,9,4
60,0.5,0.6,0.3,0.1,50,22,15,4
60,0.5,0.6,0.3,0.1,50,23,15,4
60,0.5,0.6,0.3,0.1,50,24,15,4
60,0.5,0.6,0.3,0.1,50,25,9,4
60,0.5,0.6,0.3,0.1,50,26,15,4
60,0.5,0.6,0.3,0.1,50,27,15,4
60,0.5,0.6,0.3,0.1,50,28,15,4
60,0.5,0.6,0.3,0.1,50,29,15,4
60,0.5,0.6,0.3,0.1,50,30,9,4
60,0.5,0.6,0.3,0.1,50,31,9,4
60,0.5,0.6,0.3,0.1,50,32,15,4
60,0.5,0.6,0.3,0.1,50,33,15,4
60,0.5,0.6,0.3,0.1,50,34,15,4
60,0.5,0.6,0.3,0.1,50,35,15,4
60,0.5,0.6,0.3,0.1,50,36,15,4
60,0.5,0.6,0.3,0.1,50,37,15,4
60,0.5,0.6,0.3,0.1,50,38,15,4
60,0.5,0.6,0.3,0.1,50,39,15,4
60,0.5,0.6,0.3,0.1,50,40,15,4
60,0.5,0.6,0.3,0.1,50,41,15,4
60,0.5,0.6,0.3,0.1,50,42,15,4
60,0.5,0.6,0.3,0.1,50,43,15,4
60,0.5,0.6,0.3,0.1,50,44,15,4
60,0.5,0.6,0.3,0.1,50,45,9,4
60,0.5,0.6,0.3,0.1,50,46,15,4
60,0.5,0.6,0.3,0.1,50,47,15,4
60,0.5,0.6,0.3,0.1,50,48,15,4
60,0.5,0.6,0.3,0.1,50,49,15,4
60,0.5,0.6,0.3,0.1,50,50,15,4
100,0.5,0.6,0.3,0.1,50,1,9,4
100,0.5,0.6,0.3,0.1,50,2,15,4
100,0.5,0.6,0.3,0.1,50,3,9,4
100,0.5,0.6,0.3,0.1,50,4,9,4
100,0.5,0.6,0.3,0.1,50,5,9,4
100,0.5,0.6,0.3,0.1,50,6,9,4
100,0.5,0.6,0.3,0.1,50,7,15,4
100,0.5,0.6,0.3,0.1,50,8,15,4
100,0.5,0.6,0.3,0.1,50,9,15,4
100,0.5,0.6,0.3,0.1,50,10,15,4
100,0.5,0.6,0.3,0.1,50,11,9,4
100,0.5,0.6,0.3,0.1,50,12,15,4
100,0.5,0.6,0.3,0.1,50,13,9,4
100,0.5,0.6,0.3,0.1,50,14,9,4
100,0.5,0.6,0.3,0.1,50,15,15,4
100,0.5,0.6,0.3,0.1,50,16,15,4
100,0.5,0.6,0.3,0.1,50,17,15,4
100,0.5,0.6,0.3,0.1,50,18,9,4
100,0.5,0.6,0.3,0.1,50,19,9,4
100,0.5,0.6,0.3,0.1,50,20,15,4
100,0.5,0.6,0.3,0.1,50,21,9,4
100,0.5,0.6,0.3,0.1,50,22,15,4
100,0.5,0.6,0.3,0.1,50,23,15,4
100,0.5,0.6,0.3,0.1,50,24,15,4
100,0.5,0.6,0.3,0.1,50,25,9,4
100,0.5,0.6,0.3,0.1,50,26,15,4
100,0.5,0.6,0.3,0.1,50,27,9,4
100,0.5,0.6,0.3,0.1,50,28,15,4
100,0.5,0.6,0.3,0.1,50,29,15,4
100,0.5,0.6,0.3,0.1,50,30,9,4
100,0.5,0.6,0.3,0.1,50,31,9,4
100,0.5,0.6,0.3,0.1,50,32,9,4
100,0.5,0.6,0.3,0.1,50,33,15,4
100,0.5,0.6,0.3,0.1,50,34,15,4
100,0.5,0.6,0.3,0.1,50,35,9,4
100,0.5,0.6,0.3,0.1,50,36,15,4
100,0.5,0.6,0.3,0.1,50,37,15,4
100,0.5,0.6,0.3,0.1,50,38,15,4
100,0.5,0.6,0.3,0.1,50,39,15,4
100,0.5,0.6,0.3,0.1,50,40,15,4
100,0.5,0.6,0.3,0.1,50,41,15,4
100,0.5,0.6,0.3,0.1,50,42,15,4
100,0.5,0.6,0.3,0.1,50,43,15,4
100,0.5,0.6,0.3,0.1,50,44,15,4
100,0.5,0.6,0.3,0.1,50,45,9,4
100,0.5,0.6,0.3,0.1,50,46,9,4
100,0.5,0.6,0.3,0.1,50,47,15,4
100,0.5,0.6,0.3,0.1,50,48,15,4
100,0.5,0.6,0.3,0.1,50,49,15,4
100,0.5,0.6,0.3,0.1,50,50,15,4
10,1,0.6,0.3,0.1,50,1,57,4
10,1,0.6,0.3,0.1,50,2,57,4
10,1,0.6,0.3,0.1,50,3,57,4
10,1,0.6,0.3,0.1,50,4,36,4
10,1,0.6,0.3,0.1,50,5,23,4
10,1,0.6,0.3,0.1,50,6,57,4
10,1,0.6,0.3,0.1,50,7,36,4
10,1,0.6,0.3,0.1,50,8,57,4
10,1,0.6,0.3,0.1,50,9,57,4
10,1,0.6,0.3,0.1,50,10,57,4
10,1,0.6,0.3,0.1,50,11,36,4
10,1,0.6,0.3,0.1,50,12,57,4
10,1,0.6,0.3,0.1,50,13,57,4
10,1,0.6,0.3,0.1,50,14,36,4
10,1,0.6,0.3,0.1,50,15,57,4
10,1,0.6,0.3,0.1,50,16,23,4
10,1,0.6,0.3,0.1,50,17,57,4
10,1,0.6,0.3,0.1,50,18,57,4
10,1,0.6,0.3,0.1,50,19,36,4
10,1,0.6,0.3,0.1,50,20,57,4
10,1,0.6,0.3,0.1,50,21,57,4
10,1,0.6,0.3,0.1,50,22,36,4
10,1,0.6,0.3,0.1,50,23,36,4
10,1,0.6,0.3,0.1,50,24,15,4
10,1,0.6,0.3,0.1,50,25,57,4
10,1,0.6,0.3,0.1,50,26,36,4
10,1,0.6,0.3,0.1,50,27,36,4
10,1,0.6,0.3,0.1,50,28,57,4
10,1,0.6,0.3,0.1,50,29,57,4
10,1,0.6,0.3,0.1,50,30,88,4
10,1,0.6,0.3,0.1,50,31,36,4
10,1,0.6,0.3,0.1,50,32,57,4
10,1,0.6,0.3,0.1,50,33,36,4
10,1,0.6,0.3,0.1,50,34,57,4
10,1,0.6,0.3,0.1,50,35,57,4
10,1,0.6,0.3,0.1,50,36,57,4
10,1,0.6,0.3,0.1,50,37,88,4
10,1,0.6,0.3,0.1,50,38,88,4
10,1,0.6,0.3,0.1,50,39,36,4
10,1,0.6,0.3,0.1,50,40,36,4
10,1,0.6,0.3,0.1,50,41,36,4
10,1,0.6,0.3,0.1,50,42,57,4
10,1,0.6,0.3,0.1,50,43,36,4
10,1,0.6,0.3,0.1,50,44,57,4
10,1,0.6,0.3,0.1,50,45,57,4
10,1,0.6,0.3,0.1,50,46,36,4
10,1,0.6,0.3,0.1,50,47,57,4
10,1,0.6,0.3,0.1,50,48,36,4
10,1,0.6,0.3,0.1,50,49,36,4
10,1,0.6,0.3,0.1,50,50,57,4
30,1,0.6,0.3,0.1,50,1,23,4
30,1,0.6,0.3,0.1,50,2,23,4
30,1,0.6,0.3,0.1,50,3,23,4
30,1,0.6,0.3,0.1,50,4,15,4
30,1,0.6,0.3,0.1,50,5,15,4
30,1,0.6,0.3,0.1,50,6,15,4
30,1,0.6,0.3,0.1,50,7,23,4
30,1,0.6,0.3,0.1,50,8,23,4
30,1,0.6,0.3,0.1,50,9,23,4
30,1,0.6,0.3,0.1,50,10,15,4
30,1,0.6,0.3,0.1,50,11,15,4
30,1,0.6,0.3,0.1,50,12,23,4
30,1,0.6,0.3,0.1,50,13,15,4
30,1,0.6,0.3,0.1,50,14,15,4
30,1,0.6,0.3,0.1,50,15,15,4
30,1,0.6,0.3,0.1,50,16,23,4
30,1,0.6,0.3,0.1,50,17,15,4
30,1,0.6,0.3,0.1,50,18,23,4
30,1,0.6,0.3,0.1,50,19,15,4
30,1,0.6,0.3,0.1,50,20,23,4
30,1,0.6,0.3,0.1,50,21,23,4
30,1,0.6,0.3,0.1,50,22,15,4
30,1,0.6,0.3,0.1,50,23,36,4
30,1,0.6,0.3,0.1,50,24,23,4
30,1,0.6,0.3,0.1,50,25,15,4
30,1,0.6,0.3,0.1,50,26,23,4
30,1,0.6,0.3,0.1,50,27,23,4
30,1,0.6,0.3,0.1,50,28,23,4
30,1,0.6,0.3,0.1,50,29,15,4
30,1,0.6,0.3,0.1,50,30,15,4
30,1,0.6,0.3,0.1,50,31,15,4
30,1,0.6,0.3,0.1,50,32,15,4
30,1,0.6,0.3,0.1,50,33,23,4
30,1,0.6,0.3,0.1,50,34,23,4
30,1,0.6,0.3,0.1,50,35,23,4
30,1,0.6,0.3,0.1,50,36,23,4
30,1,0.6,0.3,0.1,50,37,15,4
30,1,0.6,0.3,0.1,50,38,23,4
30,1,0.6,0.3,0.1,50,39,15,4
30,1,0.6,0.3,0.1,50,40,23,4
30,1,0.6,0.3,0.1,50,41,23,4
30,1,0.6,0.3,0.1,50,42,23,4
30,1,0.6,0.3,0.1,50,43,23,4
30,1,0.6,0.3,0.1,50,44,23,4
30,1,0.6,0.3,0.1,50,45,23,4
30,1,0.6,0.3,0.1,50,46,15,4
30,1,0.6,0.3,0.1,50,47,23,4
30,1,0.6,0.3,0.1,50,48,23,4
30,1,0.6,0.3,0.1,50,49,23,4
30,1,0.6,0.3,0.1,50,50,15,4
60,1,0.6,0.3,0.1,50,1,15,4
60,1,0.6,0.3,0.1,50,2,15,4
60,1,0.6,0.3,0.1,50,3,15,4
60,1,0.6,0.3,0.1,50,4,9,4
60,1,0.6,0.3,0.1,50,5,15,4
60,1,0.6,0.3,0.1,50,6,15,4
60,1,0.6,0.3,0.1,50,7,15,4
60,1,0.6,0.3,0.1,50,8,23,4
60,1,0.6,0.3,0.1,50,9,15,4
60,1,0.6,0.3,0.1,50,10,15,4
60,1,0.6,0.3,0.1,50,11,15,4
60,1,0.6,0.3,0.1,50,12,15,4
60,1,0.6,0.3,0.1,50,13,9,4
60,1,0.6,0.3,0.1,50,14,15,4
60,1,0.6,0.3,0.1,50,15,9,4
60,1,0.6,0.3,0.1,50,16,15,4
60,1,0.6,0.3,0.1,50,17,15,4
60,1,0.6,0.3,0.1,50,18,15,4
60,1,0.6,0.3,0.1,50,19,15,4
60,1,0.6,0.3,0.1,50,20,15,4
60,1,0.6,0.3,0.1,50,21,15,4
60,1,0.6,0.3,0.1,50,22,15,4
60,1,0.6,0.3,0.1,50,23,15,4
60,1,0.6,0.3,0.1,50,24,15,4
60,1,0.6,0.3,0.1,50,25,15,4
60,1,0.6,0.3,0.1,50,26,15,4
60,1,0.6,0.3,0.1,50,27,15,4
60,1,0.6,0.3,0.1,50,28,15,4
60,1,0.6,0.3,0.1,50,29,15,4
60,1,0.6,0.3,0.1,50,30,15,4
60,1,0.6,0.3,0.1,50,31,15,4
60,1,0.6,0.3,0.1,50,32,9,4
60,1,0.6,0.3,0.1,50,33,23,4
60,1,0.6,0.3,0.1,50,34,15,4
60,1,0.6,0.3,0.1,50,35,15,4
60,1,0.6,0.3,0.1,50,36,9,4
60,1,0.6,0.3,0.1,50,37,15,4
60,1,0.6,0.3,0.1,50,38,15,4
60,1,0.6,0.3,0.1,50,39,15,4
60,1,0.6,0.3,0.1,50,40,15,4
60,1,0.6,0.3,0.1,50,41,23,4
60,1,0.6,0.3,0.1,50,42,15,4
60,1,0.6,0.3,0.1,50,43,15,4
60,1,0.6,0.3,0.1,50,44,15,4
60,1,0.6,0.3,0.1,50,45,15,4
60,1,0.6,0.3,0.1,50,46,15,4
60,1,0.6,0.3,0.1,50,47,15,4
60,1,0.6,0.3,0.1,50,48,15,4
60,1,0.6,0.3,0.1,50,49,15,4
60,1,0.6,0.3,0.1,50,50,15,4
100,1,0.6,0.3,0.1,50,1,15,4
100,1,0.6,0.3,0.1,50,2,15,4
100,1,0.6,0.3,0.1,50,3,15,4
100,1,0.6,0.3,0.1,50,4,9,4
100,1,0.6,0.3,0.1,50,5,15,4
100,1,0.6,0.3,0.1,50,6,15,4
100,1,0.6,0.3,0.1,50,7,15,4
100,1,0.6,0.3,0.1,50,8,15,4
100,1,0.6,0.3,0.1,50,9,15,4
100,1,0.6,0.3,0.1,50,10,15,4
100,1,0.6,0.3,0.1,50,11,15,4
100,1,0.6,0.3,0.1,50,12,9,4
100,1,0.6,0.3,0.1,50,13,9,4
100,1,0.6,0.3,0.1,50,14,15,4
100,1,0.6,0.3,0.1,50,15,9,4
100,1,0.6,0.3,0.1,50,16,15,4
100,1,0.6,0.3,0.1,50,17,15,4
100,1,0.6,0.3,0.1,50,18,9,4
100,1,0.6,0.3,0.1,50,19,15,4
100,1,0.6,0.3,0.1,50,20,15,4
100,1,0.6,0.3,0.1,50,21,15,4
100,1,0.6,0.3,0.1,50,22,9,4
100,1,0.6,0.3,0.1,50,23,15,4
100,1,0.6,0.3,0.1,50,24,15,4
100,1,0.6,0.3,0.1,50,25,15,4
100,1,0.6,0.3,0.1,50,26,15,4
100,1,0.6,0.3,0.1,50,27,15,4
100,1,0.6,0.3,0.1,50,28,15,4
100,1,0.6,0.3,0.1,50,29,15,4
100,1,0.6,0.3,0.1,50,30,9,4
100,1,0.6,0.3,0.1,50,31,15,4
100,1,0.6,0.3,0.1,50,32,15,4
100,1,0.6,0.3,0.1,50,33,15,4
100,1,0.6,0.3,0.1,50,34,15,4
100,1,0.6,0.3,0.1,50,35,15,4
100,1,0.6,0.3,0.1,50,36,9,4
100,1,0.6,0.3,0.1,50,37,9,4
100,1,0.6,0.3,0.1,50,38,15,4
100,1,0.6,0.3,0.1,50,39,15,4
100,1,0.6,0.3,0.1,50,40,23,4
100,1,0.6,0.3,0.1,50,41,15,4
100,1,0.6,0.3,0.1,50,42,15,4
100,1,0.6,0.3,0.1,50,43,15,4
100,1,0.6,0.3,0.1,50,44,15,4
100,1,0.6,0.3,0.1,50,45,15,4
100,1,0.6,0.3,0.1,50,46,6,4
100,1,0.6,0.3,0.1,50,47,15,4
100,1,0.6,0.3,0.1,50,48,15,4
100,1,0.6,0.3,0.1,50,49,15,4
100,1,0.6,0.3,0.1,50,50,15,4
10,1.5,0.6,0.3,0.1,50,1,139,4
10,1.5,0.6,0.3,0.1,50,2,88,4
10,1.5,0.6,0.3,0.1,50,3,139,4
10,1.5,0.6,0.3,0.1,50,4,88,4
10,1.5,0.6,0.3,0.1,50,5,139,4
10,1.5,0.6,0.3,0.1,50,6,88,4
10,1.5,0.6,0.3,0.1,50,7,57,4
10,1.5,0.6,0.3,0.1,50,8,88,4
10,1.5,0.6,0.3,0.1,50,9,139,4
10,1.5,0.6,0.3,0.1,50,10,88,4
10,1.5,0.6,0.3,0.1,50,11,57,4
10,1.5,0.6,0.3,0.1,50,12,57,4
10,1.5,0.6,0.3,0.1,50,13,88,4
10,1.5,0.6,0.3,0.1,50,14,88,4
10,1.5,0.6,0.3,0.1,50,15,88,4
10,1.5,0.6,0.3,0.1,50,16,88,4
10,1.5,0.6,0.3,0.1,50,17,88,4
10,1.5,0.6,0.3,0.1,50,18,88,4
10,1.5,0.6,0.3,0.1,50,19,57,4
10,1.5,0.6,0.3,0.1,50,20,139,4
10,1.5,0.6,0.3,0.1,50,21,57,4
10,1.5,0.6,0.3,0.1,50,22,88,4
10,1.5,0.6,0.3,0.1,50,23,88,4
10,1.5,0.6,0.3,0.1,50,24,57,4
10,1.5,0.6,0.3,0.1,50,25,88,4
10,1.5,0.6,0.3,0.1,50,26,88,4
10,1.5,0.6,0.3,0.1,50,27,57,4
10,1.5,0.6,0.3,0.1,50,28,57,4
10,1.5,0.6,0.3,0.1,50,29,57,4
10,1.5,0.6,0.3,0.1,50,30,57,4
10,1.5,0.6,0.3,0.1,50,31,88,4
10,1.5,0.6,0.3,0.1,50,32,23,4
10,1.5,0.6,0.3,0.1,50,33,88,4
10,1.5,0.6,0.3,0.1,50,34,139,4
10,1.5,0.6,0.3,0.1,50,35,57,4
10,1.5,0.6,0.3,0.1,50,36,217,4
10,1.5,0.6,0.3,0.1,50,37,139,4
10,1.5,0.6,0.3,0.1,50,38,139,4
10,1.5,0.6,0.3,0.1,50,39,36,4
10,1.5,0.6,0.3,0.1,50,40,57,4
10,1.5,0.6,0.3,0.1,50,41,88,4
10,1.5,0.6,0.3,0.1,50,42,88,4
10,1.5,0.6,0.3,0.1,50,43,88,4
10,1.5,0.6,0.3,0.1,50,44,139,4
10,1.5,0.6,0.3,0.1,50,45,88,4
10,1.5,0.6,0.3,0.1,50,46,88,4
10,1.5,0.6,0.3,0.1,50,47,88,4
10,1.5,0.6,0.3,0.1,50,48,88,4
10,1.5,0.6,0.3,0.1,50,49,57,4
10,1.5,0.6,0.3,0.1,50,50,139,4
30,1.5,0.6,0.3,0.1,50,1,23,4
30,1.5,0.6,0.3,0.1,50,2,36,4
30,1.5,0.6,0.3,0.1,50,3,36,4
30,1.5,0.6,0.3,0.1,50,4,36,4
30,1.5,0.6,0.3,0.1,50,5,23,4
30,1.5,0.6,0.3,0.1,50,6,23,4
30,1.5,0.6,0.3,0.1,50,7,36,4
30,1.5,0.6,0.3,0.1,50,8,36,4
30,1.5,0.6,0.3,0.1,50,9,23,4
30,1.5,0.6,0.3,0.1,50,10,23,4
30,1.5,0.6,0.3,0.1,50,11,23,4
30,1.5,0.6,0.3,0.1,50,12,23,4
30,1.5,0.6,0.3,0.1,50,13,23,4
30,1.5,0.6,0.3,0.1,50,14,23,4
30,1.5,0.6,0.3,0.1,50,15,23,4
30,1.5,0.6,0.3,0.1,50,16,36,4
30,1.5,0.6,0.3,0.1,50,17,23,4
30,1.5,0.6,0.3,0.1,50,18,36,4
30,1.5,0.6,0.3,0.1,50,19,15,4
30,1.5,0.6,0.3,0.1,50,20,23,4
30,1.5,0.6,0.3,0.1,50,21,23,4
30,1.5,0.6,0.3,0.1,50,22,23,4
30,1.5,0.6,0.3,0.1,50,23,36,4
30,1.5,0.6,0.3,0.1,50,24,36,4
30,1.5,0.6,0.3,0.1,50,25,23,4
30,1.5,0.6,0.3,0.1,50,26,23,4
30,1.5,0.6,0.3,0.1,50,27,23,4
30,1.5,0.6,0.3,0.1,50,28,23,4
30,1.5,0.6,0.3,0.1,50,29,57,4
30,1.5,0.6,0.3,0.1,50,30,23,4
30,1.5,0.6,0.3,0.1,50,31,23,4
30,1.5,0.6,0.3,0.1,50,32,15,4
30,1.5,0.6,0.3,0.1,50,33,36,4
30,1.5,0.6,0.3,0.1,50,34,36,4
30,1.5,0.6,0.3,0.1,50,35,23,4
30,1.5,0.6,0.3,0.1,50,36,23,4
30,1.5,0.6,0.3,0.1,50,37,23,4
30,1.5,0.6,0.3,0.1,50,38,36,4
30,1.5,0.6,0.3,0.1,50,39,9,4
30,1.5,0.6,0.3,0.1,50,40,36,4
30,1.5,0.6,0.3,0.1,50,41,23,4
30,1.5,0.6,0.3,0.1,50,42,36,4
30,1.5,0.6,0.3,0.1,50,43,36,4
30,1.5,0.6,0.3,0.1,50,44,23,4
30,1.5,0.6,0.3,0.1,50,45,23,4
30,1.5,0.6,0.3,0.1,50,46,23,4
30,1.5,0.6,0.3,0.1,50,47,23,4
30,1.5,0.6,0.3,0.1,50,48,23,4
30,1.5,0.6,0.3,0.1,50,49,36,4
30,1.5,0.6,0.3,0.1,50,50,36,4
60,1.5,0.6,0.3,0.1,50,1,23,4
60,1.5,0.6,0.3,0.1,50,2,9,4
60,1.5,0.6,0.3,0.1,50,3,15,4
60,1.5,0.6,0.3,0.1,50,4,23,4
60,1.5,0.6,0.3,0.1,50,5,15,4
60,1.5,0.6,0.3,0.1,50,6,15,4
60,1.5,0.6,0.3,0.1,50,7,15,4
60,1.5,0.6,0.3,0.1,50,8,23,4
60,1.5,0.6,0.3,0.1,50,9,15,4
60,1.5,0.6,0.3,0.1,50,10,15,4
60,1.5,0.6,0.3,0.1,50,11,15,4
60,1.5,0.6,0.3,0.1,50,12,15,4
60,1.5,0.6,0.3,0.1,50,13,15,4
60,1.5,0.6,0.3,0.1,50,14,23,4
60,1.5,0.6,0.3,0.1,50,15,15,4
60,1.5,0.6,0.3,0.1,50,16,23,4
60,1.5,0.6,0.3,0.1,50,17,23,4
60,1.5,0.6,0.3,0.1,50,18,15,4
60,1.5,0.6,0.3,0.1,50,19,15,4
60,1.5,0.6,0.3,0.1,50,20,15,4
60,1.5,0.6,0.3,0.1,50,21,15,4
60,1.5,0.6,0.3,0.1,50,22,15,4
60,1.5,0.6,0.3,0.1,50,23,23,4
60,1.5,0.6,0.3,0.1,50,24,23,4
60,1.5,0.6,0.3,0.1,50,25,15,4
60,1.5,0.6,0.3,0.1,50,26,23,4
60,1.5,0.6,0.3,0.1,50,27,23,4
60,1.5,0.6,0.3,0.1,50,28,23,4
60,1.5,0.6,0.3,0.1,50,29,15,4
60,1.5,0.6,0.3,0.1,50,30,15,4
60,1.5,0.6,0.3,0.1,50,31,15,4
60,1.5,0.6,0.3,0.1,50,32,15,4
60,1.5,0.6,0.3,0.1,50,33,23,4
60,1.5,0.6,0.3,0.1,50,34,23,4
60,1.5,0.6,0.3,0.1,50,35,23,4
60,1.5,0.6,0.3,0.1,50,36,15,4
60,1.5,0.6,0.3,0.1,50,37,15,4
60,1.5,0.6,0.3,0.1,50,38,23,4
60,1.5,0.6,0.3,0.1,50,39,6,4
60,1.5,0.6,0.3,0.1,50,40,23,4
60,1.5,0.6,0.3,0.1,50,41,23,4
60,1.5,0.6,0.3,0.1,50,42,15,4
60,1.5,0.6,0.3,0.1,50,43,23,4
60,1.5,0.6,0.3,0.1,50,44,23,4
60,1.5,0.6,0.3,0.1,50,45,4,4
60,1.5,0.6,0.3,0.1,50,46,15,4
60,1.5,0.6,0.3,0.1,50,47,15,4
60,1.5,0.6,0.3,0.1,50,48,15,4
60,1.5,0.6,0.3,0.1,50,49,23,4
60,1.5,0.6,0.3,0.1,50,50,15,4
100,1.5,0.6,0.3,0.1,50,1,9,4
100,1.5,0.6,0.3,0.1,50,2,23,4
100,1.5,0.6,0.3,0.1,50,3,23,4
100,1.5,0.6,0.3,0.1,50,4,23,4
100,1.5,0.6,0.3,0.1,50,5,15,4
100,1.5,0.6,0.3,0.1,50,6,15,4
100,1.5,0.6,0.3,0.1,50,7,15,4
100,1.5,0.6,0.3,0.1,50,8,15,4
100,1.5,0.6,0.3,0.1,50,9,15,4
100,1.5,0.6,0.3,0.1,50,10,15,4
100,1.5,0.6,0.3,0.1,50,11,15,4
100,1.5,0.6,0.3,0.1,50,12,15,4
100,1.5,0.6,0.3,0.1,50,13,15,4
100,1.5,0.6,0.3,0.1,50,14,23,4
100,1.5,0.6,0.3,0.1,50,15,15,4
100,1.5,0.6,0.3,0.1,50,16,15,4
100,1.5,0.6,0.3,0.1,50,17,23,4
100,1.5,0.6,0.3,0.1,50,18,15,4
100,1.5,0.6,0.3,0.1,50,19,4,4
100,1.5,0.6,0.3,0.1,50,20,15,4
100,1.5,0.6,0.3,0.1,50,21,15,4
100,1.5,0.6,0.3,0.1,50,22,15,4
100,1.5,0.6,0.3,0.1,50,23,15,4
100,1.5,0.6,0.3,0.1,50,24,15,4
100,1.5,0.6,0.3,0.1,50,25,15,4
100,1.5,0.6,0.3,0.1,50,26,15,4
100,1.5,0.6,0.3,0.1,50,27,15,4
100,1.5,0.6,0.3,0.1,50,28,9,4
100,1.5,0.6,0.3,0.1,50,29,15,4
100,1.5,0.6,0.3,0.1,50,30,15,4
100,1.5,0.6,0.3,0.1,50,31,15,4
100,1.5,0.6,0.3,0.1,50,32,9,4
100,1.5,0.6,0.3,0.1,50,33,23,4
100,1.5,0.6,0.3,0.1,50,34,23,4
100,1.5,0.6,0.3,0.1,50,35,15,4
100,1.5,0.6,0.3,0.1,50,36,15,4
100,1.5,0.6,0.3,0.1,50,37,15,4
100,1.5,0.6,0.3,0.1,50,38,15,4
100,1.5,0.6,0.3,0.1,50,39,15,4
100,1.5,0.6,0.3,0.1,50,40,15,4
100,1.5,0.6,0.3,0.1,50,41,15,4
100,1.5,0.6,0.3,0.1,50,42,15,4
100,1.5,0.6,0.3,0.1,50,43,15,4
100,1.5,0.6,0.3,0.1,50,44,15,4
100,1.5,0.6,0.3,0.1,50,45,23,4
100,1.5,0.6,0.3,0.1,50,46,15,4
100,1.5,0.6,0.3,0.1,50,47,23,4
100,1.5,0.6,0.3,0.1,50,48,15,4
100,1.5,0.6,0.3,0.1,50,49,23,4
100,1.5,0.6,0.3,0.1,50,50,15,4
10,0.5,0.7,0.3,0.1,50,1,23,4
10,0.5,0.7,0.3,0.1,50,2,23,4
10,0.5,0.7,0.3,0.1,50,3,36,4
10,0.5,0.7,0.3,0.1,50,4,36,4
10,0.5,0.7,0.3,0.1,50,5,23,4
10,0.5,0.7,0.3,0.1,50,6,36,4
10,0.5,0.7,0.3,0.1,50,7,36,4
10,0.5,0.7,0.3,0.1,50,8,36,4
10,0.5,0.7,0.3,0.1,50,9,23,4
10,0.5,0.7,0.3,0.1,50,10,23,4
10,0.5,0.7,0.3,0.1,50,11,36,4
10,0.5,0.7,0.3,0.1,50,12,23,4
10,0.5,0.7,0.3,0.1,50,13,36,4
10,0.5,0.7,0.3,0.1,50,14,36,4
10,0.5,0.7,0.3,0.1,50,15,36,4
10,0.5,0.7,0.3,0.1,50,16,23,4
10,0.5,0.7,0.3,0.1,50,17,36,4
10,0.5,0.7,0.3,0.1,50,18,36,4
10,0.5,0.7,0.3,0.1,50,19,23,4
10,0.5,0.7,0.3,0.1,50,20,36,4
10,0.5,0.7,0.3,0.1,50,21,23,4
10,0.5,0.7,0.3,0.1,50,22,36,4
10,0.5,0.7,0.3,0.1,50,23,15,4
10,0.5,0.7,0.3,0.1,50,24,36,4
10,0.5,0.7,0.3,0.1,50,25,23,4
10,0.5,0.7,0.3,0.1,50,26,23,4
10,0.5,0.7,0.3,0.1,50,27,23,4
10,0.5,0.7,0.3,0.1,50,28,36,4
10,0.5,0.7,0.3,0.1,50,29,36,4
10,0.5,0.7,0.3,0.1,50,30,36,4
10,0.5,0.7,0.3,0.1,50,31,23,4
10,0.5,0.7,0.3,0.1,50,32,36,4
10,0.5,0.7,0.3,0.1,50,33,36,4
10,0.5,0.7,0.3,0.1,50,34,36,4
10,0.5,0.7,0.3,0.1,50,35,23,4
10,0.5,0.7,0.3,0.1,50,36,23,4
10,0.5,0.7,0.3,0.1,50,37,23,4
10,0.5,0.7,0.3,0.1,50,38,23,4
10,0.5,0.7,0.3,0.1,50,39,36,4
10,0.5,0.7,0.3,0.1,50,40,23,4
10,0.5,0.7,0.3,0.1,50,41,36,4
10,0.5,0.7,0.3,0.1,50,42,23,4
10,0.5,0.7,0.3,0.1,50,43,36,4
10,0.5,0.7,0.3,0.1,50,44,23,4
10,0.5,0.7,0.3,0.1,50,45,23,4
10,0.5,0.7,0.3,0.1,50,46,36,4
10,0.5,0.7,0.3,0.1,50,47,36,4
10,0.5,0.7,0.3,0.1,50,48,23,4
10,0.5,0.7,0.3,0.1,50,49,36,4
10,0.5,0.7,0.3,0.1,50,50,36,4
30,0.5,0.7,0.3,0.1,50,1,9,4
30,0.5,0.7,0.3,0.1,50,2,15,4
30,0.5,0.7,0.3,0.1,50,3,15,4
30,0.5,0.7,0.3,0.1,50,4,9,4
30,0.5,0.7,0.3,0.1,50,5,9,4
30,0.5,0.7,0.3,0.1,50,6,15,4
30,0.5,0.7,0.3,0.1,50,7,15,4
30,0.5,0.7,0.3,0.1,50,8,15,4
30,0.5,0.7,0.3,0.1,50,9,15,4
30,0.5,0.7,0.3,0.1,50,10,15,4
30,0.5,0.7,0.3,0.1,50,11,9,4
30,0.5,0.7,0.3,0.1,50,12,15,4
30,0.5,0.7,0.3,0.1,50,13,9,4
30,0.5,0.7,0.3,0.1,50,14,15,4
30,0.5,0.7,0.3,0.1,50,15,15,4
30,0.5,0.7,0.3,0.1,50,16,15,4
30,0.5,0.7,0.3,0.1,50,17,15,4
30,0.5,0.7,0.3,0.1,50,18,15,4
30,0.5,0.7,0.3,0.1,50,19,15,4
30,0.5,0.7,0.3,0.1,50,20,15,4
30,0.5,0.7,0.3,0.1,50,21,15,4
30,0.5,0.7,0.3,0.1,50,22,15,4
30,0.5,0.7,0.3,0.1,50,23,9,4
30,0.5,0.7,0.3,0.1,50,24,15,4
30,0.5,0.7,0.3,0.1,50,25,9,4
30,0.5,0.7,0.3,0.1,50,26,15,4
30,0.5,0.7,0.3,0.1,50,27,15,4
30,0.5,0.7,0.3,0.1,50,28,9,4
30,0.5,0.7,0.3,0.1,50,29,15,4
30,0.5,0.7,0.3,0.1,50,30,9,4
30,0.5,0.7,0.3,0.1,50,31,15,4
30,0.5,0.7,0.3,0.1,50,32,15,4
30,0.5,0.7,0.3,0.1,50,33,15,4
30,0.5,0.7,0.3,0.1,50,34,15,4
30,0.5,0.7,0.3,0.1,50,35,15,4
30,0.5,0.7,0.3,0.1,50,36,15,4
30,0.5,0.7,0.3,0.1,50,37,15,4
30,0.5,0.7,0.3,0.1,50,38,15,4
30,0.5,0.7,0.3,0.1,50,39,15,4
30,0.5,0.7,0.3,0.1,50,40,15,4
30,0.5,0.7,0.3,0.1,50,41,15,4
30,0.5,0.7,0.3,0.1,50,42,9,4
30,0.5,0.7,0.3,0.1,50,43,15,4
30,0.5,0.7,0.3,0.1,50,44,15,4
30,0.5,0.7,0.3,0.1,50,45,15,4
30,0.5,0.7,0.3,0.1,50,46,15,4
30,0.5,0.7,0.3,0.1,50,47,9,4
30,0.5,0.7,0.3,0.1,50,48,15,4
30,0.5,0.7,0.3,0.1,50,49,15,4
30,0.5,0.7,0.3,0.1,50,50,15,4
60,0.5,0.7,0.3,0.1,50,1,9,4
60,0.5,0.7,0.3,0.1,50,2,9,4
60,0.5,0.7,0.3,0.1,50,3,15,4
60,0.5,0.7,0.3,0.1,50,4,6,4
60,0.5,0.7,0.3,0.1,50,5,9,4
60,0.5,0.7,0.3,0.1,50,6,9,4
60,0.5,0.7,0.3,0.1,50,7,15,4
60,0.5,0.7,0.3,0.1,50,8,4,4
60,0.5,0.7,0.3,0.1,50,9,15,4
60,0.5,0.7,0.3,0.1,50,10,9,4
60,0.5,0.7,0.3,0.1,50,11,6,4
60,0.5,0.7,0.3,0.1,50,12,9,4
60,0.5,0.7,0.3,0.1,50,13,9,4
60,0.5,0.7,0.3,0.1,50,14,9,4
60,0.5,0.7,0.3,0.1,50,15,9,4
60,0.5,0.7,0.3,0.1,50,16,15,4
60,0.5,0.7,0.3,0.1,50,17,9,4
60,0.5,0.7,0.3,0.1,50,18,15,4
60,0.5,0.7,0.3,0.1,50,19,9,4
60,0.5,0.7,0.3,0.1,50,20,9,4
60,0.5,0.7,0.3,0.1,50,21,15,4
60,0.5,0.7,0.3,0.1,50,22,9,4
60,0.5,0.7,0.3,0.1,50,23,9,4
60,0.5,0.7,0.3,0.1,50,24,9,4
60,0.5,0.7,0.3,0.1,50,25,9,4
60,0.5,0.7,0.3,0.1,50,26,9,4
60,0.5,0.7,0.3,0.1,50,27,9,4
60,0.5,0.7,0.3,0.1,50,28,9,4
60,0.5,0.7,0.3,0.1,50,29,6,4
60,0.5,0.7,0.3,0.1,50,30,9,4
60,0.5,0.7,0.3,0.1,50,31,9,4
60,0.5,0.7,0.3,0.1,50,32,9,4
60,0.5,0.7,0.3,0.1,50,33,6,4
60,0.5,0.7,0.3,0.1,50,34,9,4
60,0.5,0.7,0.3,0.1,50,35,15,4
60,0.5,0.7,0.3,0.1,50,36,9,4
60,0.5,0.7,0.3,0.1,50,37,9,4
60,0.5,0.7,0.3,0.1,50,38,9,4
60,0.5,0.7,0.3,0.1,50,39,15,4
60,0.5,0.7,0.3,0.1,50,40,15,4
60,0.5,0.7,0.3,0.1,50,41,15,4
60,0.5,0.7,0.3,0.1,50,42,9,4
60,0.5,0.7,0.3,0.1,50,43,9,4
60,0.5,0.7,0.3,0.1,50,44,15,4
60,0.5,0.7,0.3,0.1,50,45,15,4
60,0.5,0.7,0.3,0.1,50,46,9,4
60,0.5,0.7,0.3,0.1,50,47,9,4
60,0.5,0.7,0.3,0.1,50,48,15,4
60,0.5,0.7,0.3,0.1,50,49,9,4
60,0.5,0.7,0.3,0.1,50,50,9,4
100,0.5,0.7,0.3,0.1,50,1,6,4
100,0.5,0.7,0.3,0.1,50,2,9,4
100,0.5,0.7,0.3,0.1,50,3,9,4
100,0.5,0.7,0.3,0.1,50,4,6,4
100,0.5,0.7,0.3,0.1,50,5,9,4
100,0.5,0.7,0.3,0.1,50,6,9,4
100,0.5,0.7,0.3,0.1,50,7,9,4
100,0.5,0.7,0.3,0.1,50,8,4,4
100,0.5,0.7,0.3,0.1,50,9,9,4
100,0.5,0.7,0.3,0.1,50,10,9,4
100,0.5,0.7,0.3,0.1,50,11,4,4
100,0.5,0.7,0.3,0.1,50,12,9,4
100,0.5,0.7,0.3,0.1,50,13,9,4
100,0.5,0.7,0.3,0.1,50,14,9,4
100,0.5,0.7,0.3,0.1,50,15,9,4
100,0.5,0.7,0.3,0.1,50,16,9,4
100,0.5,0.7,0.3,0.1,50,17,9,4
100,0.5,0.7,0.3,0.1,50,18,15,4
100,0.5,0.7,0.3,0.1,50,19,9,4
100,0.5,0.7,0.3,0.1,50,20,6,4
100,0.5,0.7,0.3,0.1,50,21,9,4
100,0.5,0.7,0.3,0.1,50,22,9,4
100,0.5,0.7,0.3,0.1,50,23,9,4
100,0.5,0.7,0.3,0.1,50,24,9,4
100,0.5,0.7,0.3,0.1,50,25,9,4
100,0.5,0.7,0.3,0.1,50,26,9,4
100,0.5,0.7,0.3,0.1,50,27,9,4
100,0.5,0.7,0.3,0.1,50,28,9,4
100,0.5,0.7,0.3,0.1,50,29,6,4
100,0.5,0.7,0.3,0.1,50,30,9,4
100,0.5,0.7,0.3,0.1,50,31,9,4
100,0.5,0.7,0.3,0.1,50,32,9,4
100,0.5,0.7,0.3,0.1,50,33,6,4
100,0.5,0.7,0.3,0.1,50,34,9,4
100,0.5,0.7,0.3,0.1,50,35,9,4
100,0.5,0.7,0.3,0.1,50,36,6,4
100,0.5,0.7,0.3,0.1,50,37,6,4
100,0.5,0.7,0.3,0.1,50,38,9,4
100,0.5,0.7,0.3,0.1,50,39,9,4
100,0.5,0.7,0.3,0.1,50,40,9,4
100,0.5,0.7,0.3,0.1,50,41,15,4
100,0.5,0.7,0.3,0.1,50,42,9,4
100,0.5,0.7,0.3,0.1,50,43,9,4
100,0.5,0.7,0.3,0.1,50,44,9,4
100,0.5,0.7,0.3,0.1,50,45,15,4
100,0.5,0.7,0.3,0.1,50,46,9,4
100,0.5,0.7,0.3,0.1,50,47,9,4
100,0.5,0.7,0.3,0.1,50,48,9,4
100,0.5,0.7,0.3,0.1,50,49,9,4
100,0.5,0.7,0.3,0.1,50,50,4,4
10,1,0.7,0.3,0.1,50,1,36,4
10,1,0.7,0.3,0.1,50,2,36,4
10,1,0.7,0.3,0.1,50,3,36,4
10,1,0.7,0.3,0.1,50,4,23,4
10,1,0.7,0.3,0.1,50,5,23,4
10,1,0.7,0.3,0.1,50,6,36,4
10,1,0.7,0.3,0.1,50,7,36,4
10,1,0.7,0.3,0.1,50,8,36,4
10,1,0.7,0.3,0.1,50,9,36,4
10,1,0.7,0.3,0.1,50,10,36,4
10,1,0.7,0.3,0.1,50,11,36,4
10,1,0.7,0.3,0.1,50,12,36,4
10,1,0.7,0.3,0.1,50,13,36,4
10,1,0.7,0.3,0.1,50,14,36,4
10,1,0.7,0.3,0.1,50,15,36,4
10,1,0.7,0.3,0.1,50,16,36,4
10,1,0.7,0.3,0.1,50,17,36,4
10,1,0.7,0.3,0.1,50,18,36,4
10,1,0.7,0.3,0.1,50,19,36,4
10,1,0.7,0.3,0.1,50,20,36,4
10,1,0.7,0.3,0.1,50,21,36,4
10,1,0.7,0.3,0.1,50,22,23,4
10,1,0.7,0.3,0.1,50,23,23,4
10,1,0.7,0.3,0.1,50,24,36,4
10,1,0.7,0.3,0.1,50,25,36,4
10,1,0.7,0.3,0.1,50,26,36,4
10,1,0.7,0.3,0.1,50,27,36,4
10,1,0.7,0.3,0.1,50,28,36,4
10,1,0.7,0.3,0.1,50,29,36,4
10,1,0.7,0.3,0.1,50,30,36,4
10,1,0.7,0.3,0.1,50,31,23,4
10,1,0.7,0.3,0.1,50,32,36,4
10,1,0.7,0.3,0.1,50,33,36,4
10,1,0.7,0.3,0.1,50,34,36,4
10,1,0.7,0.3,0.1,50,35,36,4
10,1,0.7,0.3,0.1,50,36,36,4
10,1,0.7,0.3,0.1,50,37,57,4
10,1,0.7,0.3,0.1,50,38,36,4
10,1,0.7,0.3,0.1,50,39,36,4
10,1,0.7,0.3,0.1,50,40,36,4
10,1,0.7,0.3,0.1,50,41,36,4
10,1,0.7,0.3,0.1,50,42,23,4
10,1,0.7,0.3,0.1,50,43,36,4
10,1,0.7,0.3,0.1,50,44,36,4
10,1,0.7,0.3,0.1,50,45,36,4
10,1,0.7,0.3,0.1,50,46,23,4
10,1,0.7,0.3,0.1,50,47,23,4
10,1,0.7,0.3,0.1,50,48,15,4
10,1,0.7,0.3,0.1,50,49,36,4
10,1,0.7,0.3,0.1,50,50,36,4
30,1,0.7,0.3,0.1,50,1,15,4
30,1,0.7,0.3,0.1,50,2,15,4
30,1,0.7,0.3,0.1,50,3,15,4
30,1,0.7,0.3,0.1,50,4,15,4
30,1,0.7,0.3,0.1,50,5,15,4
30,1,0.7,0.3,0.1,50,6,15,4
30,1,0.7,0.3,0.1,50,7,15,4
30,1,0.7,0.3,0.1,50,8,15,4
30,1,0.7,0.3,0.1,50,9,15,4
30,1,0.7,0.3,0.1,50,10,15,4
30,1,0.7,0.3,0.1,50,11,15,4
30,1,0.7,0.3,0.1,50,12,15,4
30,1,0.7,0.3,0.1,50,13,9,4
30,1,0.7,0.3,0.1,50,14,15,4
30,1,0.7,0.3,0.1,50,15,15,4
30,1,0.7,0.3,0.1,50,16,15,4
30,1,0.7,0.3,0.1,50,17,15,4
30,1,0.7,0.3,0.1,50,18,15,4
30,1,0.7,0.3,0.1,50,19,15,4
30,1,0.7,0.3,0.1,50,20,15,4
30,1,0.7,0.3,0.1,50,21,15,4
30,1,0.7,0.3,0.1,50,22,23,4
30,1,0.7,0.3,0.1,50,23,15,4
30,1,0.7,0.3,0.1,50,24,15,4
30,1,0.7,0.3,0.1,50,25,15,4
30,1,0.7,0.3,0.1,50,26,15,4
30,1,0.7,0.3,0.1,50,27,15,4
30,1,0.7,0.3,0.1,50,28,15,4
30,1,0.7,0.3,0.1,50,29,15,4
30,1,0.7,0.3,0.1,50,30,15,4
30,1,0.7,0.3,0.1,50,31,9,4
30,1,0.7,0.3,0.1,50,32,15,4
30,1,0.7,0.3,0.1,50,33,15,4
30,1,0.7,0.3,0.1,50,34,15,4
30,1,0.7,0.3,0.1,50,35,15,4
30,1,0.7,0.3,0.1,50,36,15,4
30,1,0.7,0.3,0.1,50,37,15,4
30,1,0.7,0.3,0.1,50,38,15,4
30,1,0.7,0.3,0.1,50,39,15,4
30,1,0.7,0.3,0.1,50,40,15,4
30,1,0.7,0.3,0.1,50,41,23,4
30,1,0.7,0.3,0.1,50,42,15,4
30,1,0.7,0.3,0.1,50,43,15,4
30,1,0.7,0.3,0.1,50,44,15,4
30,1,0.7,0.3,0.1,50,45,15,4
30,1,0.7,0.3,0.1,50,46,15,4
30,1,0.7,0.3,0.1,50,47,15,4
30,1,0.7,0.3,0.1,50,48,15,4
30,1,0.7,0.3,0.1,50,49,15,4
30,1,0.7,0.3,0.1,50,50,15,4
60,1,0.7,0.3,0.1,50,1,9,4
60,1,0.7,0.3,0.1,50,2,9,4
60,1,0.7,0.3,0.1,50,3,15,4
60,1,0.7,0.3,0.1,50,4,9,4
60,1,0.7,0.3,0.1,50,5,9,4
60,1,0.7,0.3,0.1,50,6,9,4
60,1,0.7,0.3,0.1,50,7,15,4
60,1,0.7,0.3,0.1,50,8,9,4
60,1,0.7,0.3,0.1,50,9,15,4
60,1,0.7,0.3,0.1,50,10,9,4
60,1,0.7,0.3,0.1,50,11,9,4
60,1,0.7,0.3,0.1,50,12,15,4
60,1,0.7,0.3,0.1,50,13,15,4
60,1,0.7,0.3,0.1,50,14,15,4
60,1,0.7,0.3,0.1,50,15,9,4
60,1,0.7,0.3,0.1,50,16,15,4
60,1,0.7,0.3,0.1,50,17,15,4
60,1,0.7,0.3,0.1,50,18,15,4
60,1,0.7,0.3,0.1,50,19,15,4
60,1,0.7,0.3,0.1,50,20,9,4
60,1,0.7,0.3,0.1,50,21,15,4
60,1,0.7,0.3,0.1,50,22,15,4
60,1,0.7,0.3,0.1,50,23,15,4
60,1,0.7,0.3,0.1,50,24,15,4
60,1,0.7,0.3,0.1,50,25,15,4
60,1,0.7,0.3,0.1,50,26,9,4
60,1,0.7,0.3,0.1,50,27,9,4
60,1,0.7,0.3,0.1,50,28,9,4
60,1,0.7,0.3,0.1,50,29,15,4
60,1,0.7,0.3,0.1,50,30,15,4
60,1,0.7,0.3,0.1,50,31,9,4
60,1,0.7,0.3,0.1,50,32,15,4
60,1,0.7,0.3,0.1,50,33,15,4
60,1,0.7,0.3,0.1,50,34,15,4
60,1,0.7,0.3,0.1,50,35,15,4
60,1,0.7,0.3,0.1,50,36,15,4
60,1,0.7,0.3,0.1,50,37,6,4
60,1,0.7,0.3,0.1,50,38,9,4
60,1,0.7,0.3,0.1,50,39,9,4
60,1,0.7,0.3,0.1,50,40,15,4
60,1,0.7,0.3,0.1,50,41,15,4
60,1,0.7,0.3,0.1,50,42,9,4
60,1,0.7,0.3,0.1,50,43,9,4
60,1,0.7,0.3,0.1,50,44,15,4
60,1,0.7,0.3,0.1,50,45,9,4
60,1,0.7,0.3,0.1,50,46,9,4
60,1,0.7,0.3,0.1,50,47,9,4
60,1,0.7,0.3,0.1,50,48,15,4
60,1,0.7,0.3,0.1,50,49,15,4
60,1,0.7,0.3,0.1,50,50,9,4
100,1,0.7,0.3,0.1,50,1,9,4
100,1,0.7,0.3,0.1,50,2,9,4
100,1,0.7,0.3,0.1,50,3,9,4
100,1,0.7,0.3,0.1,50,4,9,4
100,1,0.7,0.3,0.1,50,5,9,4
100,1,0.7,0.3,0.1,50,6,9,4
100,1,0.7,0.3,0.1,50,7,15,4
100,1,0.7,0.3,0.1,50,8,9,4
100,1,0.7,0.3,0.1,50,9,15,4
100,1,0.7,0.3,0.1,50,10,9,4
100,1,0.7,0.3,0.1,50,11,9,4
100,1,0.7,0.3,0.1,50,12,9,4
100,1,0.7,0.3,0.1,50,13,9,4
100,1,0.7,0.3,0.1,50,14,9,4
100,1,0.7,0.3,0.1,50,15,9,4
100,1,0.7,0.3,0.1,50,16,9,4
100,1,0.7,0.3,0.1,50,17,9,4
100,1,0.7,0.3,0.1,50,18,15,4
100,1,0.7,0.3,0.1,50,19,9,4
100,1,0.7,0.3,0.1,50,20,9,4
100,1,0.7,0.3,0.1,50,21,15,4
100,1,0.7,0.3,0.1,50,22,15,4
100,1,0.7,0.3,0.1,50,23,15,4
100,1,0.7,0.3,0.1,50,24,9,4
100,1,0.7,0.3,0.1,50,25,9,4
100,1,0.7,0.3,0.1,50,26,9,4
100,1,0.7,0.3,0.1,50,27,9,4
100,1,0.7,0.3,0.1,50,28,6,4
100,1,0.7,0.3,0.1,50,29,15,4
100,1,0.7,0.3,0.1,50,30,9,4
100,1,0.7,0.3,0.1,50,31,9,4
100,1,0.7,0.3,0.1,50,32,9,4
100,1,0.7,0.3,0.1,50,33,9,4
100,1,0.7,0.3,0.1,50,34,15,4
100,1,0.7,0.3,0.1,50,35,15,4
100,1,0.7,0.3,0.1,50,36,15,4
100,1,0.7,0.3,0.1,50,37,9,4
100,1,0.7,0.3,0.1,50,38,9,4
100,1,0.7,0.3,0.1,50,39,9,4
100,1,0.7,0.3,0.1,50,40,9,4
100,1,0.7,0.3,0.1,50,41,15,4
100,1,0.7,0.3,0.1,50,42,9,4
100,1,0.7,0.3,0.1,50,43,9,4
100,1,0.7,0.3,0.1,50,44,15,4
100,1,0.7,0.3,0.1,50,45,15,4
100,1,0.7,0.3,0.1,50,46,9,4
100,1,0.7,0.3,0.1,50,47,9,4
100,1,0.7,0.3,0.1,50,48,6,4
100,1,0.7,0.3,0.1,50,49,15,4
100,1,0.7,0.3,0.1,50,50,9,4
10,1.5,0.7,0.3,0.1,50,1,36,4
10,1.5,0.7,0.3,0.1,50,2,57,4
10,1.5,0.7,0.3,0.1,50,3,57,4
10,1.5,0.7,0.3,0.1,50,4,57,4
10,1.5,0.7,0.3,0.1,50,5,36,4
10,1.5,0.7,0.3,0.1,50,6,88,4
10,1.5,0.7,0.3,0.1,50,7,57,4
10,1.5,0.7,0.3,0.1,50,8,36,4
10,1.5,0.7,0.3,0.1,50,9,88,4
10,1.5,0.7,0.3,0.1,50,10,57,4
10,1.5,0.7,0.3,0.1,50,11,57,4
10,1.5,0.7,0.3,0.1,50,12,57,4
10,1.5,0.7,0.3,0.1,50,13,88,4
10,1.5,0.7,0.3,0.1,50,14,57,4
10,1.5,0.7,0.3,0.1,50,15,88,4
10,1.5,0.7,0.3,0.1,50,16,57,4
10,1.5,0.7,0.3,0.1,50,17,36,4
10,1.5,0.7,0.3,0.1,50,18,57,4
10,1.5,0.7,0.3,0.1,50,19,36,4
10,1.5,0.7,0.3,0.1,50,20,57,4
10,1.5,0.7,0.3,0.1,50,21,57,4
10,1.5,0.7,0.3,0.1,50,22,57,4
10,1.5,0.7,0.3,0.1,50,23,57,4
10,1.5,0.7,0.3,0.1,50,24,36,4
10,1.5,0.7,0.3,0.1,50,25,57,4
10,1.5,0.7,0.3,0.1,50,26,57,4
10,1.5,0.7,0.3,0.1,50,27,57,4
10,1.5,0.7,0.3,0.1,50,28,57,4
10,1.5,0.7,0.3,0.1,50,29,36,4
10,1.5,0.7,0.3,0.1,50,30,57,4
10,1.5,0.7,0.3,0.1,50,31,36,4
10,1.5,0.7,0.3,0.1,50,32,36,4
10,1.5,0.7,0.3,0.1,50,33,36,4
10,1.5,0.7,0.3,0.1,50,34,88,4
10,1.5,0.7,0.3,0.1,50,35,57,4
10,1.5,0.7,0.3,0.1,50,36,36,4
10,1.5,0.7,0.3,0.1,50,37,57,4
10,1.5,0.7,0.3,0.1,50,38,57,4
10,1.5,0.7,0.3,0.1,50,39,57,4
10,1.5,0.7,0.3,0.1,50,40,6,4
10,1.5,0.7,0.3,0.1,50,41,57,4
10,1.5,0.7,0.3,0.1,50,42,23,4
10,1.5,0.7,0.3,0.1,50,43,36,4
10,1.5,0.7,0.3,0.1,50,44,36,4
10,1.5,0.7,0.3,0.1,50,45,36,4
10,1.5,0.7,0.3,0.1,50,46,36,4
10,1.5,0.7,0.3,0.1,50,47,36,4
10,1.5,0.7,0.3,0.1,50,48,23,4
10,1.5,0.7,0.3,0.1,50,49,57,4
10,1.5,0.7,0.3,0.1,50,50,57,4
30,1.5,0.7,0.3,0.1,50,1,15,4
30,1.5,0.7,0.3,0.1,50,2,15,4
30,1.5,0.7,0.3,0.1,50,3,15,4
30,1.5,0.7,0.3,0.1,50,4,23,4
30,1.5,0.7,0.3,0.1,50,5,15,4
30,1.5,0.7,0.3,0.1,50,6,23,4
30,1.5,0.7,0.3,0.1,50,7,23,4
30,1.5,0.7,0.3,0.1,50,8,23,4
30,1.5,0.7,0.3,0.1,50,9,23,4
30,1.5,0.7,0.3,0.1,50,10,15,4
30,1.5,0.7,0.3,0.1,50,11,15,4
30,1.5,0.7,0.3,0.1,50,12,23,4
30,1.5,0.7,0.3,0.1,50,13,15,4
30,1.5,0.7,0.3,0.1,50,14,23,4
30,1.5,0.7,0.3,0.1,50,15,36,4
30,1.5,0.7,0.3,0.1,50,16,15,4
30,1.5,0.7,0.3,0.1,50,17,15,4
30,1.5,0.7,0.3,0.1,50,18,15,4
30,1.5,0.7,0.3,0.1,50,19,23,4
30,1.5,0.7,0.3,0.1,50,20,23,4
30,1.5,0.7,0.3,0.1,50,21,15,4
30,1.5,0.7,0.3,0.1,50,22,36,4
30,1.5,0.7,0.3,0.1,50,23,23,4
30,1.5,0.7,0.3,0.1,50,24,15,4
30,1.5,0.7,0.3,0.1,50,25,15,4
30,1.5,0.7,0.3,0.1,50,26,15,4
30,1.5,0.7,0.3,0.1,50,27,23,4
30,1.5,0.7,0.3,0.1,50,28,15,4
30,1.5,0.7,0.3,0.1,50,29,15,4
30,1.5,0.7,0.3,0.1,50,30,23,4
30,1.5,0.7,0.3,0.1,50,31,15,4
30,1.5,0.7,0.3,0.1,50,32,15,4
30,1.5,0.7,0.3,0.1,50,33,23,4
30,1.5,0.7,0.3,0.1,50,34,23,4
30,1.5,0.7,0.3,0.1,50,35,15,4
30,1.5,0.7,0.3,0.1,50,36,15,4
30,1.5,0.7,0.3,0.1,50,37,15,4
30,1.5,0.7,0.3,0.1,50,38,23,4
30,1.5,0.7,0.3,0.1,50,39,23,4
30,1.5,0.7,0.3,0.1,50,40,23,4
30,1.5,0.7,0.3,0.1,50,41,23,4
30,1.5,0.7,0.3,0.1,50,42,15,4
30,1.5,0.7,0.3,0.1,50,43,15,4
30,1.5,0.7,0.3,0.1,50,44,23,4
30,1.5,0.7,0.3,0.1,50,45,23,4
30,1.5,0.7,0.3,0.1,50,46,15,4
30,1.5,0.7,0.3,0.1,50,47,15,4
30,1.5,0.7,0.3,0.1,50,48,15,4
30,1.5,0.7,0.3,0.1,50,49,23,4
30,1.5,0.7,0.3,0.1,50,50,15,4
60,1.5,0.7,0.3,0.1,50,1,15,4
60,1.5,0.7,0.3,0.1,50,2,15,4
60,1.5,0.7,0.3,0.1,50,3,15,4
60,1.5,0.7,0.3,0.1,50,4,15,4
60,1.5,0.7,0.3,0.1,50,5,15,4
60,1.5,0.7,0.3,0.1,50,6,15,4
60,1.5,0.7,0.3,0.1,50,7,6,4
60,1.5,0.7,0.3,0.1,50,8,15,4
60,1.5,0.7,0.3,0.1,50,9,23,4
60,1.5,0.7,0.3,0.1,50,10,15,4
60,1.5,0.7,0.3,0.1,50,11,9,4
60,1.5,0.7,0.3,0.1,50,12,23,4
60,1.5,0.7,0.3,0.1,50,13,15,4
60,1.5,0.7,0.3,0.1,50,14,15,4
60,1.5,0.7,0.3,0.1,50,15,15,4
60,1.5,0.7,0.3,0.1,50,16,15,4
60,1.5,0.7,0.3,0.1,50,17,15,4
60,1.5,0.7,0.3,0.1,50,18,9,4
60,1.5,0.7,0.3,0.1,50,19,15,4
60,1.5,0.7,0.3,0.1,50,20,15,4
60,1.5,0.7,0.3,0.1,50,21,15,4
60,1.5,0.7,0.3,0.1,50,22,23,4
60,1.5,0.7,0.3,0.1,50,23,15,4
60,1.5,0.7,0.3,0.1,50,24,15,4
60,1.5,0.7,0.3,0.1,50,25,15,4
60,1.5,0.7,0.3,0.1,50,26,15,4
60,1.5,0.7,0.3,0.1,50,27,23,4
60,1.5,0.7,0.3,0.1,50,28,15,4
60,1.5,0.7,0.3,0.1,50,29,15,4
60,1.5,0.7,0.3,0.1,50,30,15,4
60,1.5,0.7,0.3,0.1,50,31,15,4
60,1.5,0.7,0.3,0.1,50,32,9,4
60,1.5,0.7,0.3,0.1,50,33,15,4
60,1.5,0.7,0.3,0.1,50,34,15,4
60,1.5,0.7,0.3,0.1,50,35,15,4
60,1.5,0.7,0.3,0.1,50,36,15,4
60,1.5,0.7,0.3,0.1,50,37,15,4
60,1.5,0.7,0.3,0.1,50,38,15,4
60,1.5,0.7,0.3,0.1,50,39,15,4
60,1.5,0.7,0.3,0.1,50,40,15,4
60,1.5,0.7,0.3,0.1,50,41,15,4
60,1.5,0.7,0.3,0.1,50,42,15,4
60,1.5,0.7,0.3,0.1,50,43,15,4
60,1.5,0.7,0.3,0.1,50,44,15,4
60,1.5,0.7,0.3,0.1,50,45,15,4
60,1.5,0.7,0.3,0.1,50,46,9,4
60,1.5,0.7,0.3,0.1,50,47,15,4
60,1.5,0.7,0.3,0.1,50,48,15,4
60,1.5,0.7,0.3,0.1,50,49,15,4
60,1.5,0.7,0.3,0.1,50,50,15,4
100,1.5,0.7,0.3,0.1,50,1,9,4
100,1.5,0.7,0.3,0.1,50,2,15,4
100,1.5,0.7,0.3,0.1,50,3,15,4
100,1.5,0.7,0.3,0.1,50,4,15,4
100,1.5,0.7,0.3,0.1,50,5,15,4
100,1.5,0.7,0.3,0.1,50,6,15,4
100,1.5,0.7,0.3,0.1,50,7,23,4
100,1.5,0.7,0.3,0.1,50,8,15,4
100,1.5,0.7,0.3,0.1,50,9,15,4
100,1.5,0.7,0.3,0.1,50,10,15,4
100,1.5,0.7,0.3,0.1,50,11,15,4
100,1.5,0.7,0.3,0.1,50,12,15,4
100,1.5,0.7,0.3,0.1,50,13,15,4
100,1.5,0.7,0.3,0.1,50,14,15,4
100,1.5,0.7,0.3,0.1,50,15,15,4
100,1.5,0.7,0.3,0.1,50,16,15,4
100,1.5,0.7,0.3,0.1,50,17,9,4
100,1.5,0.7,0.3,0.1,50,18,15,4
100,1.5,0.7,0.3,0.1,50,19,15,4
100,1.5,0.7,0.3,0.1,50,20,15,4
100,1.5,0.7,0.3,0.1,50,21,15,4
100,1.5,0.7,0.3,0.1,50,22,15,4
100,1.5,0.7,0.3,0.1,50,23,15,4
100,1.5,0.7,0.3,0.1,50,24,9,4
100,1.5,0.7,0.3,0.1,50,25,15,4
100,1.5,0.7,0.3,0.1,50,26,15,4
100,1.5,0.7,0.3,0.1,50,27,15,4
100,1.5,0.7,0.3,0.1,50,28,15,4
100,1.5,0.7,0.3,0.1,50,29,9,4
100,1.5,0.7,0.3,0.1,50,30,9,4
100,1.5,0.7,0.3,0.1,50,31,15,4
100,1.5,0.7,0.3,0.1,50,32,15,4
100,1.5,0.7,0.3,0.1,50,33,15,4
100,1.5,0.7,0.3,0.1,50,34,15,4
100,1.5,0.7,0.3,0.1,50,35,6,4
100,1.5,0.7,0.3,0.1,50,36,15,4
100,1.5,0.7,0.3,0.1,50,37,15,4
100,1.5,0.7,0.3,0.1,50,38,9,4
100,1.5,0.7,0.3,0.1,50,39,15,4
100,1.5,0.7,0.3,0.1,50,40,9,4
100,1.5,0.7,0.3,0.1,50,41,15,4
100,1.5,0.7,0.3,0.1,50,42,15,4
100,1.5,0.7,0.3,0.1,50,43,9,4
100,1.5,0.7,0.3,0.1,50,44,9,4
100,1.5,0.7,0.3,0.1,50,45,15,4
100,1.5,0.7,0.3,0.1,50,46,9,4
100,1.5,0.7,0.3,0.1,50,47,15,4
100,1.5,0.7,0.3,0.1,50,48,9,4
100,1.5,0.7,0.3,0.1,50,49,15,4
100,1.5,0.7,0.3,0.1,50,50,9,4
10,0.5,0.5,0.4,0.1,50,1,139,4
10,0.5,0.5,0.4,0.1,50,2,88,4
10,0.5,0.5,0.4,0.1,50,3,139,4
10,0.5,0.5,0.4,0.1,50,4,340,4
10,0.5,0.5,0.4,0.1,50,5,139,4
10,0.5,0.5,0.4,0.1,50,6,139,4
10,0.5,0.5,0.4,0.1,50,7,57,4
10,0.5,0.5,0.4,0.1,50,8,139,4
10,0.5,0.5,0.4,0.1,50,9,88,4
10,0.5,0.5,0.4,0.1,50,10,217,4
10,0.5,0.5,0.4,0.1,50,11,88,4
10,0.5,0.5,0.4,0.1,50,12,217,4
10,0.5,0.5,0.4,0.1,50,13,88,4
10,0.5,0.5,0.4,0.1,50,14,139,4
10,0.5,0.5,0.4,0.1,50,15,88,4
10,0.5,0.5,0.4,0.1,50,16,88,4
10,0.5,0.5,0.4,0.1,50,17,139,4
10,0.5,0.5,0.4,0.1,50,18,217,4
10,0.5,0.5,0.4,0.1,50,19,217,4
10,0.5,0.5,0.4,0.1,50,20,217,4
10,0.5,0.5,0.4,0.1,50,21,217,4
10,0.5,0.5,0.4,0.1,50,22,139,4
10,0.5,0.5,0.4,0.1,50,23,139,4
10,0.5,0.5,0.4,0.1,50,24,217,4
10,0.5,0.5,0.4,0.1,50,25,217,4
10,0.5,0.5,0.4,0.1,50,26,57,4
10,0.5,0.5,0.4,0.1,50,27,139,4
10,0.5,0.5,0.4,0.1,50,28,57,4
10,0.5,0.5,0.4,0.1,50,29,139,4
10,0.5,0.5,0.4,0.1,50,30,139,4
10,0.5,0.5,0.4,0.1,50,31,139,4
10,0.5,0.5,0.4,0.1,50,32,139,4
10,0.5,0.5,0.4,0.1,50,33,139,4
10,0.5,0.5,0.4,0.1,50,34,340,4
10,0.5,0.5,0.4,0.1,50,35,139,4
10,0.5,0.5,0.4,0.1,50,36,217,4
10,0.5,0.5,0.4,0.1,50,37,217,4
10,0.5,0.5,0.4,0.1,50,38,217,4
10,0.5,0.5,0.4,0.1,50,39,217,4
10,0.5,0.5,0.4,0.1,50,40,88,4
10,0.5,0.5,0.4,0.1,50,41,139,4
10,0.5,0.5,0.4,0.1,50,42,88,4
10,0.5,0.5,0.4,0.1,50,43,217,4
10,0.5,0.5,0.4,0.1,50,44,217,4
10,0.5,0.5,0.4,0.1,50,45,217,4
10,0.5,0.5,0.4,0.1,50,46,217,4
10,0.5,0.5,0.4,0.1,50,47,217,4
10,0.5,0.5,0.4,0.1,50,48,139,4
10,0.5,0.5,0.4,0.1,50,49,139,4
10,0.5,0.5,0.4,0.1,50,50,88,4
30,0.5,0.5,0.4,0.1,50,1,57,4
30,0.5,0.5,0.4,0.1,50,2,57,4
30,0.5,0.5,0.4,0.1,50,3,57,4
30,0.5,0.5,0.4,0.1,50,4,23,4
30,0.5,0.5,0.4,0.1,50,5,36,4
30,0.5,0.5,0.4,0.1,50,6,57,4
30,0.5,0.5,0.4,0.1,50,7,23,4
30,0.5,0.5,0.4,0.1,50,8,57,4
30,0.5,0.5,0.4,0.1,50,9,57,4
30,0.5,0.5,0.4,0.1,50,10,57,4
30,0.5,0.5,0.4,0.1,50,11,57,4
30,0.5,0.5,0.4,0.1,50,12,57,4
30,0.5,0.5,0.4,0.1,50,13,36,4
30,0.5,0.5,0.4,0.1,50,14,36,4
30,0.5,0.5,0.4,0.1,50,15,36,4
30,0.5,0.5,0.4,0.1,50,16,57,4
30,0.5,0.5,0.4,0.1,50,17,88,4
30,0.5,0.5,0.4,0.1,50,18,57,4
30,0.5,0.5,0.4,0.1,50,19,57,4
30,0.5,0.5,0.4,0.1,50,20,57,4
30,0.5,0.5,0.4,0.1,50,21,57,4
30,0.5,0.5,0.4,0.1,50,22,36,4
30,0.5,0.5,0.4,0.1,50,23,57,4
30,0.5,0.5,0.4,0.1,50,24,57,4
30,0.5,0.5,0.4,0.1,50,25,57,4
30,0.5,0.5,0.4,0.1,50,26,36,4
30,0.5,0.5,0.4,0.1,50,27,88,4
30,0.5,0.5,0.4,0.1,50,28,57,4
30,0.5,0.5,0.4,0.1,50,29,57,4
30,0.5,0.5,0.4,0.1,50,30,88,4
30,0.5,0.5,0.4,0.1,50,31,57,4
30,0.5,0.5,0.4,0.1,50,32,57,4
30,0.5,0.5,0.4,0.1,50,33,36,4
30,0.5,0.5,0.4,0.1,50,34,57,4
30,0.5,0.5,0.4,0.1,50,35,36,4
30,0.5,0.5,0.4,0.1,50,36,57,4
30,0.5,0.5,0.4,0.1,50,37,57,4
30,0.5,0.5,0.4,0.1,50,38,57,4
30,0.5,0.5,0.4,0.1,50,39,57,4
30,0.5,0.5,0.4,0.1,50,40,36,4
30,0.5,0.5,0.4,0.1,50,41,36,4
30,0.5,0.5,0.4,0.1,50,42,57,4
30,0.5,0.5,0.4,0.1,50,43,57,4
30,0.5,0.5,0.4,0.1,50,44,57,4
30,0.5,0.5,0.4,0.1,50,45,57,4
30,0.5,0.5,0.4,0.1,50,46,57,4
30,0.5,0.5,0.4,0.1,50,47,88,4
30,0.5,0.5,0.4,0.1,50,48,57,4
30,0.5,0.5,0.4,0.1,50,49,57,4
30,0.5,0.5,0.4,0.1,50,50,57,4
60,0.5,0.5,0.4,0.1,50,1,36,4
60,0.5,0.5,0.4,0.1,50,2,36,4
60,0.5,0.5,0.4,0.1,50,3,57,4
60,0.5,0.5,0.4,0.1,50,4,23,4
60,0.5,0.5,0.4,0.1,50,5,36,4
60,0.5,0.5,0.4,0.1,50,6,36,4
60,0.5,0.5,0.4,0.1,50,7,23,4
60,0.5,0.5,0.4,0.1,50,8,23,4
60,0.5,0.5,0.4,0.1,50,9,36,4
60,0.5,0.5,0.4,0.1,50,10,57,4
60,0.5,0.5,0.4,0.1,50,11,36,4
60,0.5,0.5,0.4,0.1,50,12,36,4
60,0.5,0.5,0.4,0.1,50,13,23,4
60,0.5,0.5,0.4,0.1,50,14,23,4
60,0.5,0.5,0.4,0.1,50,15,36,4
60,0.5,0.5,0.4,0.1,50,16,36,4
60,0.5,0.5,0.4,0.1,50,17,57,4
60,0.5,0.5,0.4,0.1,50,18,36,4
60,0.5,0.5,0.4,0.1,50,19,23,4
60,0.5,0.5,0.4,0.1,50,20,36,4
60,0.5,0.5,0.4,0.1,50,21,36,4
60,0.5,0.5,0.4,0.1,50,22,36,4
60,0.5,0.5,0.4,0.1,50,23,36,4
60,0.5,0.5,0.4,0.1,50,24,36,4
60,0.5,0.5,0.4,0.1,50,25,36,4
60,0.5,0.5,0.4,0.1,50,26,23,4
60,0.5,0.5,0.4,0.1,50,27,57,4
60,0.5,0.5,0.4,0.1,50,28,36,4
60,0.5,0.5,0.4,0.1,50,29,23,4
60,0.5,0.5,0.4,0.1,50,30,36,4
60,0.5,0.5,0.4,0.1,50,31,36,4
60,0.5,0.5,0.4,0.1,50,32,36,4
60,0.5,0.5,0.4,0.1,50,33,36,4
60,0.5,0.5,0.4,0.1,50,34,57,4
60,0.5,0.5,0.4,0.1,50,35,36,4
60,0.5,0.5,0.4,0.1,50,36,57,4
60,0.5,0.5,0.4,0.1,50,37,36,4
60,0.5,0.5,0.4,0.1,50,38,36,4
60,0.5,0.5,0.4,0.1,50,39,36,4
60,0.5,0.5,0.4,0.1,50,40,36,4
60,0.5,0.5,0.4,0.1,50,41,36,4
60,0.5,0.5,0.4,0.1,50,42,57,4
60,0.5,0.5,0.4,0.1,50,43,36,4
60,0.5,0.5,0.4,0.1,50,44,36,4
60,0.5,0.5,0.4,0.1,50,45,36,4
60,0.5,0.5,0.4,0.1,50,46,36,4
60,0.5,0.5,0.4,0.1,50,47,57,4
60,0.5,0.5,0.4,0.1,50,48,23,4
60,0.5,0.5,0.4,0.1,50,49,36,4
60,0.5,0.5,0.4,0.1,50,50,23,4
100,0.5,0.5,0.4,0.1,50,1,36,4
100,0.5,0.5,0.4,0.1,50,2,36,4
100,0.5,0.5,0.4,0.1,50,3,57,4
100,0.5,0.5,0.4,0.1,50,4,23,4
100,0.5,0.5,0.4,0.1,50,5,36,4
100,0.5,0.5,0.4,0.1,50,6,57,4
100,0.5,0.5,0.4,0.1,50,7,23,4
100,0.5,0.5,0.4,0.1,50,8,23,4
100,0.5,0.5,0.4,0.1,50,9,36,4
100,0.5,0.5,0.4,0.1,50,10,36,4
100,0.5,0.5,0.4,0.1,50,11,23,4
100,0.5,0.5,0.4,0.1,50,12,23,4
100,0.5,0.5,0.4,0.1,50,13,23,4
100,0.5,0.5,0.4,0.1,50,14,23,4
100,0.5,0.5,0.4,0.1,50,15,36,4
100,0.5,0.5,0.4,0.1,50,16,36,4
100,0.5,0.5,0.4,0.1,50,17,36,4
100,0.5,0.5,0.4,0.1,50,18,36,4
100,0.5,0.5,0.4,0.1,50,19,23,4
100,0.5,0.5,0.4,0.1,50,20,36,4
100,0.5,0.5,0.4,0.1,50,21,36,4
100,0.5,0.5,0.4,0.1,50,22,36,4
100,0.5,0.5,0.4,0.1,50,23,36,4
100,0.5,0.5,0.4,0.1,50,24,36,4
100,0.5,0.5,0.4,0.1,50,25,36,4
100,0.5,0.5,0.4,0.1,50,26,36,4
100,0.5,0.5,0.4,0.1,50,27,57,4
100,0.5,0.5,0.4,0.1,50,28,36,4
100,0.5,0.5,0.4,0.1,50,29,36,4
100,0.5,0.5,0.4,0.1,50,30,36,4
100,0.5,0.5,0.4,0.1,50,31,23,4
100,0.5,0.5,0.4,0.1,50,32,36,4
100,0.5,0.5,0.4,0.1,50,33,36,4
100,0.5,0.5,0.4,0.1,50,34,36,4
100,0.5,0.5,0.4,0.1,50,35,36,4
100,0.5,0.5,0.4,0.1,50,36,36,4
100,0.5,0.5,0.4,0.1,50,37,36,4
100,0.5,0.5,0.4,0.1,50,38,36,4
100,0.5,0.5,0.4,0.1,50,39,36,4
100,0.5,0.5,0.4,0.1,50,40,36,4
100,0.5,0.5,0.4,0.1,50,41,36,4
100,0.5,0.5,0.4,0.1,50,42,57,4
100,0.5,0.5,0.4,0.1,50,43,36,4
100,0.5,0.5,0.4,0.1,50,44,36,4
100,0.5,0.5,0.4,0.1,50,45,36,4
100,0.5,0.5,0.4,0.1,50,46,36,4
100,0.5,0.5,0.4,0.1,50,47,57,4
100,0.5,0.5,0.4,0.1,50,48,23,4
100,0.5,0.5,0.4,0.1,50,49,23,4
100,0.5,0.5,0.4,0.1,50,50,23,4
10,1,0.5,0.4,0.1,50,1,217,4
10,1,0.5,0.4,0.1,50,2,139,4
10,1,0.5,0.4,0.1,50,3,139,4
10,1,0.5,0.4,0.1,50,4,532,4
10,1,0.5,0.4,0.1,50,5,217,4
10,1,0.5,0.4,0.1,50,6,217,4
10,1,0.5,0.4,0.1,50,7,88,4
10,1,0.5,0.4,0.1,50,8,340,4
10,1,0.5,0.4,0.1,50,9,832,4
10,1,0.5,0.4,0.1,50,10,88,4
10,1,0.5,0.4,0.1,50,11,532,4
10,1,0.5,0.4,0.1,50,12,340,4
10,1,0.5,0.4,0.1,50,13,NA,4
10,1,0.5,0.4,0.1,50,14,139,4
10,1,0.5,0.4,0.1,50,15,340,4
10,1,0.5,0.4,0.1,50,16,340,4
10,1,0.5,0.4,0.1,50,17,532,4
10,1,0.5,0.4,0.1,50,18,3194,4
10,1,0.5,0.4,0.1,50,19,532,4
10,1,0.5,0.4,0.1,50,20,340,4
10,1,0.5,0.4,0.1,50,21,532,4
10,1,0.5,0.4,0.1,50,22,217,4
10,1,0.5,0.4,0.1,50,23,217,4
10,1,0.5,0.4,0.1,50,24,1303,4
10,1,0.5,0.4,0.1,50,25,217,4
10,1,0.5,0.4,0.1,50,26,139,4
10,1,0.5,0.4,0.1,50,27,832,4
10,1,0.5,0.4,0.1,50,28,832,4
10,1,0.5,0.4,0.1,50,29,532,4
10,1,0.5,0.4,0.1,50,30,217,4
10,1,0.5,0.4,0.1,50,31,1303,4
10,1,0.5,0.4,0.1,50,32,139,4
10,1,0.5,0.4,0.1,50,33,217,4
10,1,0.5,0.4,0.1,50,34,532,4
10,1,0.5,0.4,0.1,50,35,217,4
10,1,0.5,0.4,0.1,50,36,340,4
10,1,0.5,0.4,0.1,50,37,340,4
10,1,0.5,0.4,0.1,50,38,2040,4
10,1,0.5,0.4,0.1,50,39,1303,4
10,1,0.5,0.4,0.1,50,40,139,4
10,1,0.5,0.4,0.1,50,41,340,4
10,1,0.5,0.4,0.1,50,42,88,4
10,1,0.5,0.4,0.1,50,43,217,4
10,1,0.5,0.4,0.1,50,44,532,4
10,1,0.5,0.4,0.1,50,45,532,4
10,1,0.5,0.4,0.1,50,46,139,4
10,1,0.5,0.4,0.1,50,47,532,4
10,1,0.5,0.4,0.1,50,48,217,4
10,1,0.5,0.4,0.1,50,49,217,4
10,1,0.5,0.4,0.1,50,50,340,4
30,1,0.5,0.4,0.1,50,1,88,4
30,1,0.5,0.4,0.1,50,2,88,4
30,1,0.5,0.4,0.1,50,3,88,4
30,1,0.5,0.4,0.1,50,4,88,4
30,1,0.5,0.4,0.1,50,5,57,4
30,1,0.5,0.4,0.1,50,6,139,4
30,1,0.5,0.4,0.1,50,7,36,4
30,1,0.5,0.4,0.1,50,8,88,4
30,1,0.5,0.4,0.1,50,9,139,4
30,1,0.5,0.4,0.1,50,10,36,4
30,1,0.5,0.4,0.1,50,11,88,4
30,1,0.5,0.4,0.1,50,12,57,4
30,1,0.5,0.4,0.1,50,13,57,4
30,1,0.5,0.4,0.1,50,14,88,4
30,1,0.5,0.4,0.1,50,15,36,4
30,1,0.5,0.4,0.1,50,16,88,4
30,1,0.5,0.4,0.1,50,17,139,4
30,1,0.5,0.4,0.1,50,18,88,4
30,1,0.5,0.4,0.1,50,19,88,4
30,1,0.5,0.4,0.1,50,20,88,4
30,1,0.5,0.4,0.1,50,21,57,4
30,1,0.5,0.4,0.1,50,22,57,4
30,1,0.5,0.4,0.1,50,23,23,4
30,1,0.5,0.4,0.1,50,24,139,4
30,1,0.5,0.4,0.1,50,25,23,4
30,1,0.5,0.4,0.1,50,26,36,4
30,1,0.5,0.4,0.1,50,27,139,4
30,1,0.5,0.4,0.1,50,28,88,4
30,1,0.5,0.4,0.1,50,29,88,4
30,1,0.5,0.4,0.1,50,30,139,4
30,1,0.5,0.4,0.1,50,31,88,4
30,1,0.5,0.4,0.1,50,32,57,4
30,1,0.5,0.4,0.1,50,33,57,4
30,1,0.5,0.4,0.1,50,34,88,4
30,1,0.5,0.4,0.1,50,35,88,4
30,1,0.5,0.4,0.1,50,36,57,4
30,1,0.5,0.4,0.1,50,37,139,4
30,1,0.5,0.4,0.1,50,38,88,4
30,1,0.5,0.4,0.1,50,39,88,4
30,1,0.5,0.4,0.1,50,40,36,4
30,1,0.5,0.4,0.1,50,41,57,4
30,1,0.5,0.4,0.1,50,42,57,4
30,1,0.5,0.4,0.1,50,43,57,4
30,1,0.5,0.4,0.1,50,44,57,4
30,1,0.5,0.4,0.1,50,45,88,4
30,1,0.5,0.4,0.1,50,46,57,4
30,1,0.5,0.4,0.1,50,47,217,4
30,1,0.5,0.4,0.1,50,48,88,4
30,1,0.5,0.4,0.1,50,49,36,4
30,1,0.5,0.4,0.1,50,50,57,4
60,1,0.5,0.4,0.1,50,1,36,4
60,1,0.5,0.4,0.1,50,2,57,4
60,1,0.5,0.4,0.1,50,3,88,4
60,1,0.5,0.4,0.1,50,4,57,4
60,1,0.5,0.4,0.1,50,5,57,4
60,1,0.5,0.4,0.1,50,6,88,4
60,1,0.5,0.4,0.1,50,7,36,4
60,1,0.5,0.4,0.1,50,8,57,4
60,1,0.5,0.4,0.1,50,9,57,4
60,1,0.5,0.4,0.1,50,10,36,4
60,1,0.5,0.4,0.1,50,11,23,4
60,1,0.5,0.4,0.1,50,12,57,4
60,1,0.5,0.4,0.1,50,13,36,4
60,1,0.5,0.4,0.1,50,14,36,4
60,1,0.5,0.4,0.1,50,15,23,4
60,1,0.5,0.4,0.1,50,16,57,4
60,1,0.5,0.4,0.1,50,17,88,4
60,1,0.5,0.4,0.1,50,18,57,4
60,1,0.5,0.4,0.1,50,19,36,4
60,1,0.5,0.4,0.1,50,20,57,4
60,1,0.5,0.4,0.1,50,21,36,4
60,1,0.5,0.4,0.1,50,22,36,4
60,1,0.5,0.4,0.1,50,23,23,4
60,1,0.5,0.4,0.1,50,24,88,4
60,1,0.5,0.4,0.1,50,25,23,4
60,1,0.5,0.4,0.1,50,26,23,4
60,1,0.5,0.4,0.1,50,27,88,4
60,1,0.5,0.4,0.1,50,28,57,4
60,1,0.5,0.4,0.1,50,29,88,4
60,1,0.5,0.4,0.1,50,30,57,4
60,1,0.5,0.4,0.1,50,31,57,4
60,1,0.5,0.4,0.1,50,32,57,4
60,1,0.5,0.4,0.1,50,33,57,4
60,1,0.5,0.4,0.1,50,34,88,4
60,1,0.5,0.4,0.1,50,35,57,4
60,1,0.5,0.4,0.1,50,36,57,4
60,1,0.5,0.4,0.1,50,37,88,4
60,1,0.5,0.4,0.1,50,38,57,4
60,1,0.5,0.4,0.1,50,39,57,4
60,1,0.5,0.4,0.1,50,40,57,4
60,1,0.5,0.4,0.1,50,41,57,4
60,1,0.5,0.4,0.1,50,42,57,4
60,1,0.5,0.4,0.1,50,43,57,4
60,1,0.5,0.4,0.1,50,44,36,4
60,1,0.5,0.4,0.1,50,45,57,4
60,1,0.5,0.4,0.1,50,46,36,4
60,1,0.5,0.4,0.1,50,47,139,4
60,1,0.5,0.4,0.1,50,48,88,4
60,1,0.5,0.4,0.1,50,49,36,4
60,1,0.5,0.4,0.1,50,50,57,4
100,1,0.5,0.4,0.1,50,1,23,4
100,1,0.5,0.4,0.1,50,2,88,4
100,1,0.5,0.4,0.1,50,3,88,4
100,1,0.5,0.4,0.1,50,4,36,4
100,1,0.5,0.4,0.1,50,5,36,4
100,1,0.5,0.4,0.1,50,6,57,4
100,1,0.5,0.4,0.1,50,7,23,4
100,1,0.5,0.4,0.1,50,8,36,4
100,1,0.5,0.4,0.1,50,9,57,4
100,1,0.5,0.4,0.1,50,10,36,4
100,1,0.5,0.4,0.1,50,11,15,4
100,1,0.5,0.4,0.1,50,12,36,4
100,1,0.5,0.4,0.1,50,13,36,4
100,1,0.5,0.4,0.1,50,14,57,4
100,1,0.5,0.4,0.1,50,15,15,4
100,1,0.5,0.4,0.1,50,16,57,4
100,1,0.5,0.4,0.1,50,17,88,4
100,1,0.5,0.4,0.1,50,18,23,4
100,1,0.5,0.4,0.1,50,19,36,4
100,1,0.5,0.4,0.1,50,20,36,4
100,1,0.5,0.4,0.1,50,21,36,4
100,1,0.5,0.4,0.1,50,22,23,4
100,1,0.5,0.4,0.1,50,23,57,4
100,1,0.5,0.4,0.1,50,24,57,4
100,1,0.5,0.4,0.1,50,25,23,4
100,1,0.5,0.4,0.1,50,26,15,4
100,1,0.5,0.4,0.1,50,27,57,4
100,1,0.5,0.4,0.1,50,28,57,4
100,1,0.5,0.4,0.1,50,29,36,4
100,1,0.5,0.4,0.1,50,30,57,4
100,1,0.5,0.4,0.1,50,31,57,4
100,1,0.5,0.4,0.1,50,32,36,4
100,1,0.5,0.4,0.1,50,33,36,4
100,1,0.5,0.4,0.1,50,34,57,4
100,1,0.5,0.4,0.1,50,35,57,4
100,1,0.5,0.4,0.1,50,36,57,4
100,1,0.5,0.4,0.1,50,37,88,4
100,1,0.5,0.4,0.1,50,38,57,4
100,1,0.5,0.4,0.1,50,39,57,4
100,1,0.5,0.4,0.1,50,40,36,4
100,1,0.5,0.4,0.1,50,41,57,4
100,1,0.5,0.4,0.1,50,42,57,4
100,1,0.5,0.4,0.1,50,43,88,4
100,1,0.5,0.4,0.1,50,44,36,4
100,1,0.5,0.4,0.1,50,45,57,4
100,1,0.5,0.4,0.1,50,46,36,4
100,1,0.5,0.4,0.1,50,47,88,4
100,1,0.5,0.4,0.1,50,48,57,4
100,1,0.5,0.4,0.1,50,49,36,4
100,1,0.5,0.4,0.1,50,50,57,4
10,1.5,0.5,0.4,0.1,50,1,NA,4
10,1.5,0.5,0.4,0.1,50,2,NA,4
10,1.5,0.5,0.4,0.1,50,3,NA,4
10,1.5,0.5,0.4,0.1,50,4,NA,4
10,1.5,0.5,0.4,0.1,50,5,NA,4
10,1.5,0.5,0.4,0.1,50,6,NA,4
10,1.5,0.5,0.4,0.1,50,7,NA,4
10,1.5,0.5,0.4,0.1,50,8,NA,4
10,1.5,0.5,0.4,0.1,50,9,NA,4
10,1.5,0.5,0.4,0.1,50,10,NA,4
10,1.5,0.5,0.4,0.1,50,11,NA,4
10,1.5,0.5,0.4,0.1,50,12,NA,4
10,1.5,0.5,0.4,0.1,50,13,NA,4
10,1.5,0.5,0.4,0.1,50,14,NA,4
10,1.5,0.5,0.4,0.1,50,15,532,4
10,1.5,0.5,0.4,0.1,50,16,NA,4
10,1.5,0.5,0.4,0.1,50,17,NA,4
10,1.5,0.5,0.4,0.1,50,18,NA,4
10,1.5,0.5,0.4,0.1,50,19,NA,4
10,1.5,0.5,0.4,0.1,50,20,NA,4
10,1.5,0.5,0.4,0.1,50,21,NA,4
10,1.5,0.5,0.4,0.1,50,22,NA,4
10,1.5,0.5,0.4,0.1,50,23,340,4
10,1.5,0.5,0.4,0.1,50,24,NA,4
10,1.5,0.5,0.4,0.1,50,25,340,4
10,1.5,0.5,0.4,0.1,50,26,NA,4
10,1.5,0.5,0.4,0.1,50,27,NA,4
10,1.5,0.5,0.4,0.1,50,28,NA,4
10,1.5,0.5,0.4,0.1,50,29,NA,4
10,1.5,0.5,0.4,0.1,50,30,NA,4
10,1.5,0.5,0.4,0.1,50,31,NA,4
10,1.5,0.5,0.4,0.1,50,32,NA,4
10,1.5,0.5,0.4,0.1,50,33,NA,4
10,1.5,0.5,0.4,0.1,50,34,139,4
10,1.5,0.5,0.4,0.1,50,35,NA,4
10,1.5,0.5,0.4,0.1,50,36,NA,4
10,1.5,0.5,0.4,0.1,50,37,NA,4
10,1.5,0.5,0.4,0.1,50,38,NA,4
10,1.5,0.5,0.4,0.1,50,39,NA,4
10,1.5,0.5,0.4,0.1,50,40,340,4
10,1.5,0.5,0.4,0.1,50,41,NA,4
10,1.5,0.5,0.4,0.1,50,42,NA,4
10,1.5,0.5,0.4,0.1,50,43,NA,4
10,1.5,0.5,0.4,0.1,50,44,NA,4
10,1.5,0.5,0.4,0.1,50,45,NA,4
10,1.5,0.5,0.4,0.1,50,46,NA,4
10,1.5,0.5,0.4,0.1,50,47,NA,4
10,1.5,0.5,0.4,0.1,50,48,NA,4
10,1.5,0.5,0.4,0.1,50,49,NA,4
10,1.5,0.5,0.4,0.1,50,50,NA,4
30,1.5,0.5,0.4,0.1,50,1,88,4
30,1.5,0.5,0.4,0.1,50,2,340,4
30,1.5,0.5,0.4,0.1,50,3,139,4
30,1.5,0.5,0.4,0.1,50,4,NA,4
30,1.5,0.5,0.4,0.1,50,5,217,4
30,1.5,0.5,0.4,0.1,50,6,1303,4
30,1.5,0.5,0.4,0.1,50,7,139,4
30,1.5,0.5,0.4,0.1,50,8,340,4
30,1.5,0.5,0.4,0.1,50,9,340,4
30,1.5,0.5,0.4,0.1,50,10,217,4
30,1.5,0.5,0.4,0.1,50,11,217,4
30,1.5,0.5,0.4,0.1,50,12,88,4
30,1.5,0.5,0.4,0.1,50,13,NA,4
30,1.5,0.5,0.4,0.1,50,14,57,4
30,1.5,0.5,0.4,0.1,50,15,88,4
30,1.5,0.5,0.4,0.1,50,16,340,4
30,1.5,0.5,0.4,0.1,50,17,NA,4
30,1.5,0.5,0.4,0.1,50,18,NA,4
30,1.5,0.5,0.4,0.1,50,19,532,4
30,1.5,0.5,0.4,0.1,50,20,217,4
30,1.5,0.5,0.4,0.1,50,21,340,4
30,1.5,0.5,0.4,0.1,50,22,217,4
30,1.5,0.5,0.4,0.1,50,23,217,4
30,1.5,0.5,0.4,0.1,50,24,340,4
30,1.5,0.5,0.4,0.1,50,25,23,4
30,1.5,0.5,0.4,0.1,50,26,340,4
30,1.5,0.5,0.4,0.1,50,27,NA,4
30,1.5,0.5,0.4,0.1,50,28,832,4
30,1.5,0.5,0.4,0.1,50,29,532,4
30,1.5,0.5,0.4,0.1,50,30,NA,4
30,1.5,0.5,0.4,0.1,50,31,NA,4
30,1.5,0.5,0.4,0.1,50,32,340,4
30,1.5,0.5,0.4,0.1,50,33,139,4
30,1.5,0.5,0.4,0.1,50,34,139,4
30,1.5,0.5,0.4,0.1,50,35,217,4
30,1.5,0.5,0.4,0.1,50,36,57,4
30,1.5,0.5,0.4,0.1,50,37,NA,4
30,1.5,0.5,0.4,0.1,50,38,NA,4
30,1.5,0.5,0.4,0.1,50,39,340,4
30,1.5,0.5,0.4,0.1,50,40,139,4
30,1.5,0.5,0.4,0.1,50,41,6,4
30,1.5,0.5,0.4,0.1,50,42,217,4
30,1.5,0.5,0.4,0.1,50,43,217,4
30,1.5,0.5,0.4,0.1,50,44,NA,4
30,1.5,0.5,0.4,0.1,50,45,217,4
30,1.5,0.5,0.4,0.1,50,46,139,4
30,1.5,0.5,0.4,0.1,50,47,NA,4
30,1.5,0.5,0.4,0.1,50,48,340,4
30,1.5,0.5,0.4,0.1,50,49,57,4
30,1.5,0.5,0.4,0.1,50,50,217,4
60,1.5,0.5,0.4,0.1,50,1,88,4
60,1.5,0.5,0.4,0.1,50,2,217,4
60,1.5,0.5,0.4,0.1,50,3,139,4
60,1.5,0.5,0.4,0.1,50,4,340,4
60,1.5,0.5,0.4,0.1,50,5,217,4
60,1.5,0.5,0.4,0.1,50,6,139,4
60,1.5,0.5,0.4,0.1,50,7,88,4
60,1.5,0.5,0.4,0.1,50,8,57,4
60,1.5,0.5,0.4,0.1,50,9,139,4
60,1.5,0.5,0.4,0.1,50,10,139,4
60,1.5,0.5,0.4,0.1,50,11,217,4
60,1.5,0.5,0.4,0.1,50,12,88,4
60,1.5,0.5,0.4,0.1,50,13,340,4
60,1.5,0.5,0.4,0.1,50,14,57,4
60,1.5,0.5,0.4,0.1,50,15,57,4
60,1.5,0.5,0.4,0.1,50,16,88,4
60,1.5,0.5,0.4,0.1,50,17,217,4
60,1.5,0.5,0.4,0.1,50,18,340,4
60,1.5,0.5,0.4,0.1,50,19,217,4
60,1.5,0.5,0.4,0.1,50,20,139,4
60,1.5,0.5,0.4,0.1,50,21,88,4
60,1.5,0.5,0.4,0.1,50,22,88,4
60,1.5,0.5,0.4,0.1,50,23,139,4
60,1.5,0.5,0.4,0.1,50,24,217,4
60,1.5,0.5,0.4,0.1,50,25,88,4
60,1.5,0.5,0.4,0.1,50,26,57,4
60,1.5,0.5,0.4,0.1,50,27,217,4
60,1.5,0.5,0.4,0.1,50,28,217,4
60,1.5,0.5,0.4,0.1,50,29,139,4
60,1.5,0.5,0.4,0.1,50,30,217,4
60,1.5,0.5,0.4,0.1,50,31,139,4
60,1.5,0.5,0.4,0.1,50,32,139,4
60,1.5,0.5,0.4,0.1,50,33,139,4
60,1.5,0.5,0.4,0.1,50,34,139,4
60,1.5,0.5,0.4,0.1,50,35,139,4
60,1.5,0.5,0.4,0.1,50,36,57,4
60,1.5,0.5,0.4,0.1,50,37,139,4
60,1.5,0.5,0.4,0.1,50,38,340,4
60,1.5,0.5,0.4,0.1,50,39,88,4
60,1.5,0.5,0.4,0.1,50,40,88,4
60,1.5,0.5,0.4,0.1,50,41,36,4
60,1.5,0.5,0.4,0.1,50,42,139,4
60,1.5,0.5,0.4,0.1,50,43,139,4
60,1.5,0.5,0.4,0.1,50,44,88,4
60,1.5,0.5,0.4,0.1,50,45,217,4
60,1.5,0.5,0.4,0.1,50,46,139,4
60,1.5,0.5,0.4,0.1,50,47,340,4
60,1.5,0.5,0.4,0.1,50,48,139,4
60,1.5,0.5,0.4,0.1,50,49,88,4
60,1.5,0.5,0.4,0.1,50,50,88,4
100,1.5,0.5,0.4,0.1,50,1,88,4
100,1.5,0.5,0.4,0.1,50,2,217,4
100,1.5,0.5,0.4,0.1,50,3,88,4
100,1.5,0.5,0.4,0.1,50,4,217,4
100,1.5,0.5,0.4,0.1,50,5,139,4
100,1.5,0.5,0.4,0.1,50,6,139,4
100,1.5,0.5,0.4,0.1,50,7,139,4
100,1.5,0.5,0.4,0.1,50,8,88,4
100,1.5,0.5,0.4,0.1,50,9,139,4
100,1.5,0.5,0.4,0.1,50,10,88,4
100,1.5,0.5,0.4,0.1,50,11,88,4
100,1.5,0.5,0.4,0.1,50,12,88,4
100,1.5,0.5,0.4,0.1,50,13,217,4
100,1.5,0.5,0.4,0.1,50,14,57,4
100,1.5,0.5,0.4,0.1,50,15,36,4
100,1.5,0.5,0.4,0.1,50,16,36,4
100,1.5,0.5,0.4,0.1,50,17,139,4
100,1.5,0.5,0.4,0.1,50,18,217,4
100,1.5,0.5,0.4,0.1,50,19,139,4
100,1.5,0.5,0.4,0.1,50,20,139,4
100,1.5,0.5,0.4,0.1,50,21,57,4
100,1.5,0.5,0.4,0.1,50,22,88,4
100,1.5,0.5,0.4,0.1,50,23,88,4
100,1.5,0.5,0.4,0.1,50,24,139,4
100,1.5,0.5,0.4,0.1,50,25,36,4
100,1.5,0.5,0.4,0.1,50,26,88,4
100,1.5,0.5,0.4,0.1,50,27,139,4
100,1.5,0.5,0.4,0.1,50,28,88,4
100,1.5,0.5,0.4,0.1,50,29,217,4
100,1.5,0.5,0.4,0.1,50,30,139,4
100,1.5,0.5,0.4,0.1,50,31,217,4
100,1.5,0.5,0.4,0.1,50,32,88,4
100,1.5,0.5,0.4,0.1,50,33,139,4
100,1.5,0.5,0.4,0.1,50,34,139,4
100,1.5,0.5,0.4,0.1,50,35,88,4
100,1.5,0.5,0.4,0.1,50,36,36,4
100,1.5,0.5,0.4,0.1,50,37,139,4
100,1.5,0.5,0.4,0.1,50,38,139,4
100,1.5,0.5,0.4,0.1,50,39,217,4
100,1.5,0.5,0.4,0.1,50,40,57,4
100,1.5,0.5,0.4,0.1,50,41,36,4
100,1.5,0.5,0.4,0.1,50,42,217,4
100,1.5,0.5,0.4,0.1,50,43,139,4
100,1.5,0.5,0.4,0.1,50,44,139,4
100,1.5,0.5,0.4,0.1,50,45,217,4
100,1.5,0.5,0.4,0.1,50,46,36,4
100,1.5,0.5,0.4,0.1,50,47,340,4
100,1.5,0.5,0.4,0.1,50,48,88,4
100,1.5,0.5,0.4,0.1,50,49,139,4
100,1.5,0.5,0.4,0.1,50,50,57,4
10,0.5,0.6,0.4,0.1,50,1,57,4
10,0.5,0.6,0.4,0.1,50,2,57,4
10,0.5,0.6,0.4,0.1,50,3,88,4
10,0.5,0.6,0.4,0.1,50,4,88,4
10,0.5,0.6,0.4,0.1,50,5,57,4
10,0.5,0.6,0.4,0.1,50,6,57,4
10,0.5,0.6,0.4,0.1,50,7,57,4
10,0.5,0.6,0.4,0.1,50,8,88,4
10,0.5,0.6,0.4,0.1,50,9,57,4
10,0.5,0.6,0.4,0.1,50,10,57,4
10,0.5,0.6,0.4,0.1,50,11,36,4
10,0.5,0.6,0.4,0.1,50,12,57,4
10,0.5,0.6,0.4,0.1,50,13,57,4
10,0.5,0.6,0.4,0.1,50,14,36,4
10,0.5,0.6,0.4,0.1,50,15,57,4
10,0.5,0.6,0.4,0.1,50,16,57,4
10,0.5,0.6,0.4,0.1,50,17,88,4
10,0.5,0.6,0.4,0.1,50,18,57,4
10,0.5,0.6,0.4,0.1,50,19,57,4
10,0.5,0.6,0.4,0.1,50,20,57,4
10,0.5,0.6,0.4,0.1,50,21,57,4
10,0.5,0.6,0.4,0.1,50,22,57,4
10,0.5,0.6,0.4,0.1,50,23,36,4
10,0.5,0.6,0.4,0.1,50,24,36,4
10,0.5,0.6,0.4,0.1,50,25,57,4
10,0.5,0.6,0.4,0.1,50,26,57,4
10,0.5,0.6,0.4,0.1,50,27,88,4
10,0.5,0.6,0.4,0.1,50,28,88,4
10,0.5,0.6,0.4,0.1,50,29,88,4
10,0.5,0.6,0.4,0.1,50,30,88,4
10,0.5,0.6,0.4,0.1,50,31,88,4
10,0.5,0.6,0.4,0.1,50,32,57,4
10,0.5,0.6,0.4,0.1,50,33,57,4
10,0.5,0.6,0.4,0.1,50,34,57,4
10,0.5,0.6,0.4,0.1,50,35,88,4
10,0.5,0.6,0.4,0.1,50,36,57,4
10,0.5,0.6,0.4,0.1,50,37,88,4
10,0.5,0.6,0.4,0.1,50,38,57,4
10,0.5,0.6,0.4,0.1,50,39,57,4
10,0.5,0.6,0.4,0.1,50,40,57,4
10,0.5,0.6,0.4,0.1,50,41,57,4
10,0.5,0.6,0.4,0.1,50,42,57,4
10,0.5,0.6,0.4,0.1,50,43,57,4
10,0.5,0.6,0.4,0.1,50,44,57,4
10,0.5,0.6,0.4,0.1,50,45,88,4
10,0.5,0.6,0.4,0.1,50,46,88,4
10,0.5,0.6,0.4,0.1,50,47,57,4
10,0.5,0.6,0.4,0.1,50,48,57,4
10,0.5,0.6,0.4,0.1,50,49,57,4
10,0.5,0.6,0.4,0.1,50,50,57,4
30,0.5,0.6,0.4,0.1,50,1,23,4
30,0.5,0.6,0.4,0.1,50,2,23,4
30,0.5,0.6,0.4,0.1,50,3,36,4
30,0.5,0.6,0.4,0.1,50,4,15,4
30,0.5,0.6,0.4,0.1,50,5,23,4
30,0.5,0.6,0.4,0.1,50,6,23,4
30,0.5,0.6,0.4,0.1,50,7,23,4
30,0.5,0.6,0.4,0.1,50,8,23,4
30,0.5,0.6,0.4,0.1,50,9,23,4
30,0.5,0.6,0.4,0.1,50,10,23,4
30,0.5,0.6,0.4,0.1,50,11,23,4
30,0.5,0.6,0.4,0.1,50,12,23,4
30,0.5,0.6,0.4,0.1,50,13,36,4
30,0.5,0.6,0.4,0.1,50,14,23,4
30,0.5,0.6,0.4,0.1,50,15,23,4
30,0.5,0.6,0.4,0.1,50,16,23,4
30,0.5,0.6,0.4,0.1,50,17,23,4
30,0.5,0.6,0.4,0.1,50,18,23,4
30,0.5,0.6,0.4,0.1,50,19,23,4
30,0.5,0.6,0.4,0.1,50,20,23,4
30,0.5,0.6,0.4,0.1,50,21,23,4
30,0.5,0.6,0.4,0.1,50,22,23,4
30,0.5,0.6,0.4,0.1,50,23,36,4
30,0.5,0.6,0.4,0.1,50,24,23,4
30,0.5,0.6,0.4,0.1,50,25,15,4
30,0.5,0.6,0.4,0.1,50,26,36,4
30,0.5,0.6,0.4,0.1,50,27,36,4
30,0.5,0.6,0.4,0.1,50,28,23,4
30,0.5,0.6,0.4,0.1,50,29,23,4
30,0.5,0.6,0.4,0.1,50,30,23,4
30,0.5,0.6,0.4,0.1,50,31,15,4
30,0.5,0.6,0.4,0.1,50,32,23,4
30,0.5,0.6,0.4,0.1,50,33,36,4
30,0.5,0.6,0.4,0.1,50,34,36,4
30,0.5,0.6,0.4,0.1,50,35,36,4
30,0.5,0.6,0.4,0.1,50,36,23,4
30,0.5,0.6,0.4,0.1,50,37,23,4
30,0.5,0.6,0.4,0.1,50,38,36,4
30,0.5,0.6,0.4,0.1,50,39,23,4
30,0.5,0.6,0.4,0.1,50,40,36,4
30,0.5,0.6,0.4,0.1,50,41,23,4
30,0.5,0.6,0.4,0.1,50,42,23,4
30,0.5,0.6,0.4,0.1,50,43,23,4
30,0.5,0.6,0.4,0.1,50,44,23,4
30,0.5,0.6,0.4,0.1,50,45,23,4
30,0.5,0.6,0.4,0.1,50,46,23,4
30,0.5,0.6,0.4,0.1,50,47,23,4
30,0.5,0.6,0.4,0.1,50,48,15,4
30,0.5,0.6,0.4,0.1,50,49,23,4
30,0.5,0.6,0.4,0.1,50,50,23,4
60,0.5,0.6,0.4,0.1,50,1,23,4
60,0.5,0.6,0.4,0.1,50,2,23,4
60,0.5,0.6,0.4,0.1,50,3,23,4
60,0.5,0.6,0.4,0.1,50,4,15,4
60,0.5,0.6,0.4,0.1,50,5,15,4
60,0.5,0.6,0.4,0.1,50,6,15,4
60,0.5,0.6,0.4,0.1,50,7,23,4
60,0.5,0.6,0.4,0.1,50,8,15,4
60,0.5,0.6,0.4,0.1,50,9,15,4
60,0.5,0.6,0.4,0.1,50,10,15,4
60,0.5,0.6,0.4,0.1,50,11,15,4
60,0.5,0.6,0.4,0.1,50,12,23,4
60,0.5,0.6,0.4,0.1,50,13,15,4
60,0.5,0.6,0.4,0.1,50,14,15,4
60,0.5,0.6,0.4,0.1,50,15,15,4
60,0.5,0.6,0.4,0.1,50,16,15,4
60,0.5,0.6,0.4,0.1,50,17,15,4
60,0.5,0.6,0.4,0.1,50,18,23,4
60,0.5,0.6,0.4,0.1,50,19,23,4
60,0.5,0.6,0.4,0.1,50,20,23,4
60,0.5,0.6,0.4,0.1,50,21,15,4
60,0.5,0.6,0.4,0.1,50,22,9,4
60,0.5,0.6,0.4,0.1,50,23,15,4
60,0.5,0.6,0.4,0.1,50,24,23,4
60,0.5,0.6,0.4,0.1,50,25,15,4
60,0.5,0.6,0.4,0.1,50,26,23,4
60,0.5,0.6,0.4,0.1,50,27,23,4
60,0.5,0.6,0.4,0.1,50,28,23,4
60,0.5,0.6,0.4,0.1,50,29,15,4
60,0.5,0.6,0.4,0.1,50,30,15,4
60,0.5,0.6,0.4,0.1,50,31,15,4
60,0.5,0.6,0.4,0.1,50,32,15,4
60,0.5,0.6,0.4,0.1,50,33,23,4
60,0.5,0.6,0.4,0.1,50,34,23,4
60,0.5,0.6,0.4,0.1,50,35,23,4
60,0.5,0.6,0.4,0.1,50,36,15,4
60,0.5,0.6,0.4,0.1,50,37,15,4
60,0.5,0.6,0.4,0.1,50,38,23,4
60,0.5,0.6,0.4,0.1,50,39,15,4
60,0.5,0.6,0.4,0.1,50,40,23,4
60,0.5,0.6,0.4,0.1,50,41,15,4
60,0.5,0.6,0.4,0.1,50,42,23,4
60,0.5,0.6,0.4,0.1,50,43,23,4
60,0.5,0.6,0.4,0.1,50,44,15,4
60,0.5,0.6,0.4,0.1,50,45,15,4
60,0.5,0.6,0.4,0.1,50,46,15,4
60,0.5,0.6,0.4,0.1,50,47,23,4
60,0.5,0.6,0.4,0.1,50,48,15,4
60,0.5,0.6,0.4,0.1,50,49,15,4
60,0.5,0.6,0.4,0.1,50,50,23,4
100,0.5,0.6,0.4,0.1,50,1,15,4
100,0.5,0.6,0.4,0.1,50,2,15,4
100,0.5,0.6,0.4,0.1,50,3,23,4
100,0.5,0.6,0.4,0.1,50,4,15,4
100,0.5,0.6,0.4,0.1,50,5,15,4
100,0.5,0.6,0.4,0.1,50,6,9,4
100,0.5,0.6,0.4,0.1,50,7,15,4
100,0.5,0.6,0.4,0.1,50,8,9,4
100,0.5,0.6,0.4,0.1,50,9,15,4
100,0.5,0.6,0.4,0.1,50,10,15,4
100,0.5,0.6,0.4,0.1,50,11,15,4
100,0.5,0.6,0.4,0.1,50,12,15,4
100,0.5,0.6,0.4,0.1,50,13,15,4
100,0.5,0.6,0.4,0.1,50,14,15,4
100,0.5,0.6,0.4,0.1,50,15,15,4
100,0.5,0.6,0.4,0.1,50,16,15,4
100,0.5,0.6,0.4,0.1,50,17,15,4
100,0.5,0.6,0.4,0.1,50,18,15,4
100,0.5,0.6,0.4,0.1,50,19,15,4
100,0.5,0.6,0.4,0.1,50,20,9,4
100,0.5,0.6,0.4,0.1,50,21,15,4
100,0.5,0.6,0.4,0.1,50,22,15,4
100,0.5,0.6,0.4,0.1,50,23,15,4
100,0.5,0.6,0.4,0.1,50,24,9,4
100,0.5,0.6,0.4,0.1,50,25,15,4
100,0.5,0.6,0.4,0.1,50,26,23,4
100,0.5,0.6,0.4,0.1,50,27,15,4
100,0.5,0.6,0.4,0.1,50,28,15,4
100,0.5,0.6,0.4,0.1,50,29,15,4
100,0.5,0.6,0.4,0.1,50,30,15,4
100,0.5,0.6,0.4,0.1,50,31,15,4
100,0.5,0.6,0.4,0.1,50,32,15,4
100,0.5,0.6,0.4,0.1,50,33,23,4
100,0.5,0.6,0.4,0.1,50,34,15,4
100,0.5,0.6,0.4,0.1,50,35,23,4
100,0.5,0.6,0.4,0.1,50,36,15,4
100,0.5,0.6,0.4,0.1,50,37,15,4
100,0.5,0.6,0.4,0.1,50,38,15,4
100,0.5,0.6,0.4,0.1,50,39,15,4
100,0.5,0.6,0.4,0.1,50,40,23,4
100,0.5,0.6,0.4,0.1,50,41,15,4
100,0.5,0.6,0.4,0.1,50,42,15,4
100,0.5,0.6,0.4,0.1,50,43,23,4
100,0.5,0.6,0.4,0.1,50,44,15,4
100,0.5,0.6,0.4,0.1,50,45,15,4
100,0.5,0.6,0.4,0.1,50,46,15,4
100,0.5,0.6,0.4,0.1,50,47,23,4
100,0.5,0.6,0.4,0.1,50,48,15,4
100,0.5,0.6,0.4,0.1,50,49,15,4
100,0.5,0.6,0.4,0.1,50,50,23,4
10,1,0.6,0.4,0.1,50,1,139,4
10,1,0.6,0.4,0.1,50,2,88,4
10,1,0.6,0.4,0.1,50,3,57,4
10,1,0.6,0.4,0.1,50,4,88,4
10,1,0.6,0.4,0.1,50,5,57,4
10,1,0.6,0.4,0.1,50,6,88,4
10,1,0.6,0.4,0.1,50,7,57,4
10,1,0.6,0.4,0.1,50,8,88,4
10,1,0.6,0.4,0.1,50,9,57,4
10,1,0.6,0.4,0.1,50,10,88,4
10,1,0.6,0.4,0.1,50,11,57,4
10,1,0.6,0.4,0.1,50,12,88,4
10,1,0.6,0.4,0.1,50,13,88,4
10,1,0.6,0.4,0.1,50,14,36,4
10,1,0.6,0.4,0.1,50,15,57,4
10,1,0.6,0.4,0.1,50,16,139,4
10,1,0.6,0.4,0.1,50,17,88,4
10,1,0.6,0.4,0.1,50,18,57,4
10,1,0.6,0.4,0.1,50,19,88,4
10,1,0.6,0.4,0.1,50,20,57,4
10,1,0.6,0.4,0.1,50,21,88,4
10,1,0.6,0.4,0.1,50,22,88,4
10,1,0.6,0.4,0.1,50,23,88,4
10,1,0.6,0.4,0.1,50,24,57,4
10,1,0.6,0.4,0.1,50,25,88,4
10,1,0.6,0.4,0.1,50,26,88,4
10,1,0.6,0.4,0.1,50,27,139,4
10,1,0.6,0.4,0.1,50,28,57,4
10,1,0.6,0.4,0.1,50,29,139,4
10,1,0.6,0.4,0.1,50,30,139,4
10,1,0.6,0.4,0.1,50,31,88,4
10,1,0.6,0.4,0.1,50,32,88,4
10,1,0.6,0.4,0.1,50,33,57,4
10,1,0.6,0.4,0.1,50,34,88,4
10,1,0.6,0.4,0.1,50,35,88,4
10,1,0.6,0.4,0.1,50,36,88,4
10,1,0.6,0.4,0.1,50,37,88,4
10,1,0.6,0.4,0.1,50,38,88,4
10,1,0.6,0.4,0.1,50,39,88,4
10,1,0.6,0.4,0.1,50,40,88,4
10,1,0.6,0.4,0.1,50,41,88,4
10,1,0.6,0.4,0.1,50,42,57,4
10,1,0.6,0.4,0.1,50,43,88,4
10,1,0.6,0.4,0.1,50,44,57,4
10,1,0.6,0.4,0.1,50,45,88,4
10,1,0.6,0.4,0.1,50,46,139,4
10,1,0.6,0.4,0.1,50,47,88,4
10,1,0.6,0.4,0.1,50,48,88,4
10,1,0.6,0.4,0.1,50,49,88,4
10,1,0.6,0.4,0.1,50,50,139,4
30,1,0.6,0.4,0.1,50,1,23,4
30,1,0.6,0.4,0.1,50,2,36,4
30,1,0.6,0.4,0.1,50,3,36,4
30,1,0.6,0.4,0.1,50,4,23,4
30,1,0.6,0.4,0.1,50,5,23,4
30,1,0.6,0.4,0.1,50,6,36,4
30,1,0.6,0.4,0.1,50,7,36,4
30,1,0.6,0.4,0.1,50,8,36,4
30,1,0.6,0.4,0.1,50,9,23,4
30,1,0.6,0.4,0.1,50,10,23,4
30,1,0.6,0.4,0.1,50,11,15,4
30,1,0.6,0.4,0.1,50,12,36,4
30,1,0.6,0.4,0.1,50,13,36,4
30,1,0.6,0.4,0.1,50,14,23,4
30,1,0.6,0.4,0.1,50,15,23,4
30,1,0.6,0.4,0.1,50,16,36,4
30,1,0.6,0.4,0.1,50,17,36,4
30,1,0.6,0.4,0.1,50,18,23,4
30,1,0.6,0.4,0.1,50,19,23,4
30,1,0.6,0.4,0.1,50,20,36,4
30,1,0.6,0.4,0.1,50,21,23,4
30,1,0.6,0.4,0.1,50,22,23,4
30,1,0.6,0.4,0.1,50,23,36,4
30,1,0.6,0.4,0.1,50,24,23,4
30,1,0.6,0.4,0.1,50,25,23,4
30,1,0.6,0.4,0.1,50,26,36,4
30,1,0.6,0.4,0.1,50,27,36,4
30,1,0.6,0.4,0.1,50,28,23,4
30,1,0.6,0.4,0.1,50,29,57,4
30,1,0.6,0.4,0.1,50,30,57,4
30,1,0.6,0.4,0.1,50,31,23,4
30,1,0.6,0.4,0.1,50,32,36,4
30,1,0.6,0.4,0.1,50,33,36,4
30,1,0.6,0.4,0.1,50,34,36,4
30,1,0.6,0.4,0.1,50,35,36,4
30,1,0.6,0.4,0.1,50,36,23,4
30,1,0.6,0.4,0.1,50,37,15,4
30,1,0.6,0.4,0.1,50,38,36,4
30,1,0.6,0.4,0.1,50,39,23,4
30,1,0.6,0.4,0.1,50,40,36,4
30,1,0.6,0.4,0.1,50,41,36,4
30,1,0.6,0.4,0.1,50,42,23,4
30,1,0.6,0.4,0.1,50,43,23,4
30,1,0.6,0.4,0.1,50,44,23,4
30,1,0.6,0.4,0.1,50,45,36,4
30,1,0.6,0.4,0.1,50,46,36,4
30,1,0.6,0.4,0.1,50,47,36,4
30,1,0.6,0.4,0.1,50,48,23,4
30,1,0.6,0.4,0.1,50,49,36,4
30,1,0.6,0.4,0.1,50,50,23,4
60,1,0.6,0.4,0.1,50,1,23,4
60,1,0.6,0.4,0.1,50,2,36,4
60,1,0.6,0.4,0.1,50,3,15,4
60,1,0.6,0.4,0.1,50,4,23,4
60,1,0.6,0.4,0.1,50,5,15,4
60,1,0.6,0.4,0.1,50,6,23,4
60,1,0.6,0.4,0.1,50,7,23,4
60,1,0.6,0.4,0.1,50,8,15,4
60,1,0.6,0.4,0.1,50,9,23,4
60,1,0.6,0.4,0.1,50,10,15,4
60,1,0.6,0.4,0.1,50,11,15,4
60,1,0.6,0.4,0.1,50,12,23,4
60,1,0.6,0.4,0.1,50,13,15,4
60,1,0.6,0.4,0.1,50,14,15,4
60,1,0.6,0.4,0.1,50,15,23,4
60,1,0.6,0.4,0.1,50,16,36,4
60,1,0.6,0.4,0.1,50,17,23,4
60,1,0.6,0.4,0.1,50,18,23,4
60,1,0.6,0.4,0.1,50,19,23,4
60,1,0.6,0.4,0.1,50,20,23,4
60,1,0.6,0.4,0.1,50,21,15,4
60,1,0.6,0.4,0.1,50,22,15,4
60,1,0.6,0.4,0.1,50,23,36,4
60,1,0.6,0.4,0.1,50,24,23,4
60,1,0.6,0.4,0.1,50,25,23,4
60,1,0.6,0.4,0.1,50,26,23,4
60,1,0.6,0.4,0.1,50,27,23,4
60,1,0.6,0.4,0.1,50,28,23,4
60,1,0.6,0.4,0.1,50,29,36,4
60,1,0.6,0.4,0.1,50,30,23,4
60,1,0.6,0.4,0.1,50,31,15,4
60,1,0.6,0.4,0.1,50,32,23,4
60,1,0.6,0.4,0.1,50,33,23,4
60,1,0.6,0.4,0.1,50,34,36,4
60,1,0.6,0.4,0.1,50,35,23,4
60,1,0.6,0.4,0.1,50,36,23,4
60,1,0.6,0.4,0.1,50,37,15,4
60,1,0.6,0.4,0.1,50,38,15,4
60,1,0.6,0.4,0.1,50,39,15,4
60,1,0.6,0.4,0.1,50,40,23,4
60,1,0.6,0.4,0.1,50,41,23,4
60,1,0.6,0.4,0.1,50,42,23,4
60,1,0.6,0.4,0.1,50,43,23,4
60,1,0.6,0.4,0.1,50,44,15,4
60,1,0.6,0.4,0.1,50,45,23,4
60,1,0.6,0.4,0.1,50,46,23,4
60,1,0.6,0.4,0.1,50,47,23,4
60,1,0.6,0.4,0.1,50,48,23,4
60,1,0.6,0.4,0.1,50,49,23,4
60,1,0.6,0.4,0.1,50,50,23,4
100,1,0.6,0.4,0.1,50,1,15,4
100,1,0.6,0.4,0.1,50,2,23,4
100,1,0.6,0.4,0.1,50,3,15,4
100,1,0.6,0.4,0.1,50,4,15,4
100,1,0.6,0.4,0.1,50,5,9,4
100,1,0.6,0.4,0.1,50,6,23,4
100,1,0.6,0.4,0.1,50,7,23,4
100,1,0.6,0.4,0.1,50,8,15,4
100,1,0.6,0.4,0.1,50,9,15,4
100,1,0.6,0.4,0.1,50,10,15,4
100,1,0.6,0.4,0.1,50,11,15,4
100,1,0.6,0.4,0.1,50,12,23,4
100,1,0.6,0.4,0.1,50,13,15,4
100,1,0.6,0.4,0.1,50,14,15,4
100,1,0.6,0.4,0.1,50,15,15,4
100,1,0.6,0.4,0.1,50,16,23,4
100,1,0.6,0.4,0.1,50,17,23,4
100,1,0.6,0.4,0.1,50,18,15,4
100,1,0.6,0.4,0.1,50,19,23,4
100,1,0.6,0.4,0.1,50,20,23,4
100,1,0.6,0.4,0.1,50,21,15,4
100,1,0.6,0.4,0.1,50,22,9,4
100,1,0.6,0.4,0.1,50,23,36,4
100,1,0.6,0.4,0.1,50,24,15,4
100,1,0.6,0.4,0.1,50,25,15,4
100,1,0.6,0.4,0.1,50,26,15,4
100,1,0.6,0.4,0.1,50,27,23,4
100,1,0.6,0.4,0.1,50,28,15,4
100,1,0.6,0.4,0.1,50,29,23,4
100,1,0.6,0.4,0.1,50,30,15,4
100,1,0.6,0.4,0.1,50,31,6,4
100,1,0.6,0.4,0.1,50,32,15,4
100,1,0.6,0.4,0.1,50,33,15,4
100,1,0.6,0.4,0.1,50,34,15,4
100,1,0.6,0.4,0.1,50,35,23,4
100,1,0.6,0.4,0.1,50,36,15,4
100,1,0.6,0.4,0.1,50,37,15,4
100,1,0.6,0.4,0.1,50,38,15,4
100,1,0.6,0.4,0.1,50,39,15,4
100,1,0.6,0.4,0.1,50,40,23,4
100,1,0.6,0.4,0.1,50,41,23,4
100,1,0.6,0.4,0.1,50,42,23,4
100,1,0.6,0.4,0.1,50,43,23,4
100,1,0.6,0.4,0.1,50,44,15,4
100,1,0.6,0.4,0.1,50,45,23,4
100,1,0.6,0.4,0.1,50,46,15,4
100,1,0.6,0.4,0.1,50,47,23,4
100,1,0.6,0.4,0.1,50,48,15,4
100,1,0.6,0.4,0.1,50,49,23,4
100,1,0.6,0.4,0.1,50,50,23,4
10,1.5,0.6,0.4,0.1,50,1,139,4
10,1.5,0.6,0.4,0.1,50,2,217,4
10,1.5,0.6,0.4,0.1,50,3,217,4
10,1.5,0.6,0.4,0.1,50,4,NA,4
10,1.5,0.6,0.4,0.1,50,5,139,4
10,1.5,0.6,0.4,0.1,50,6,217,4
10,1.5,0.6,0.4,0.1,50,7,532,4
10,1.5,0.6,0.4,0.1,50,8,340,4
10,1.5,0.6,0.4,0.1,50,9,139,4
10,1.5,0.6,0.4,0.1,50,10,532,4
10,1.5,0.6,0.4,0.1,50,11,217,4
10,1.5,0.6,0.4,0.1,50,12,139,4
10,1.5,0.6,0.4,0.1,50,13,NA,4
10,1.5,0.6,0.4,0.1,50,14,NA,4
10,1.5,0.6,0.4,0.1,50,15,139,4
10,1.5,0.6,0.4,0.1,50,16,1303,4
10,1.5,0.6,0.4,0.1,50,17,2040,4
10,1.5,0.6,0.4,0.1,50,18,139,4
10,1.5,0.6,0.4,0.1,50,19,36,4
10,1.5,0.6,0.4,0.1,50,20,NA,4
10,1.5,0.6,0.4,0.1,50,21,139,4
10,1.5,0.6,0.4,0.1,50,22,NA,4
10,1.5,0.6,0.4,0.1,50,23,NA,4
10,1.5,0.6,0.4,0.1,50,24,NA,4
10,1.5,0.6,0.4,0.1,50,25,340,4
10,1.5,0.6,0.4,0.1,50,26,139,4
10,1.5,0.6,0.4,0.1,50,27,NA,4
10,1.5,0.6,0.4,0.1,50,28,832,4
10,1.5,0.6,0.4,0.1,50,29,139,4
10,1.5,0.6,0.4,0.1,50,30,217,4
10,1.5,0.6,0.4,0.1,50,31,532,4
10,1.5,0.6,0.4,0.1,50,32,139,4
10,1.5,0.6,0.4,0.1,50,33,340,4
10,1.5,0.6,0.4,0.1,50,34,217,4
10,1.5,0.6,0.4,0.1,50,35,88,4
10,1.5,0.6,0.4,0.1,50,36,217,4
10,1.5,0.6,0.4,0.1,50,37,217,4
10,1.5,0.6,0.4,0.1,50,38,217,4
10,1.5,0.6,0.4,0.1,50,39,217,4
10,1.5,0.6,0.4,0.1,50,40,88,4
10,1.5,0.6,0.4,0.1,50,41,139,4
10,1.5,0.6,0.4,0.1,50,42,139,4
10,1.5,0.6,0.4,0.1,50,43,217,4
10,1.5,0.6,0.4,0.1,50,44,217,4
10,1.5,0.6,0.4,0.1,50,45,340,4
10,1.5,0.6,0.4,0.1,50,46,532,4
10,1.5,0.6,0.4,0.1,50,47,532,4
10,1.5,0.6,0.4,0.1,50,48,139,4
10,1.5,0.6,0.4,0.1,50,49,217,4
10,1.5,0.6,0.4,0.1,50,50,NA,4
30,1.5,0.6,0.4,0.1,50,1,23,4
30,1.5,0.6,0.4,0.1,50,2,88,4
30,1.5,0.6,0.4,0.1,50,3,57,4
30,1.5,0.6,0.4,0.1,50,4,88,4
30,1.5,0.6,0.4,0.1,50,5,36,4
30,1.5,0.6,0.4,0.1,50,6,36,4
30,1.5,0.6,0.4,0.1,50,7,36,4
30,1.5,0.6,0.4,0.1,50,8,57,4
30,1.5,0.6,0.4,0.1,50,9,36,4
30,1.5,0.6,0.4,0.1,50,10,36,4
30,1.5,0.6,0.4,0.1,50,11,36,4
30,1.5,0.6,0.4,0.1,50,12,57,4
30,1.5,0.6,0.4,0.1,50,13,57,4
30,1.5,0.6,0.4,0.1,50,14,36,4
30,1.5,0.6,0.4,0.1,50,15,36,4
30,1.5,0.6,0.4,0.1,50,16,88,4
30,1.5,0.6,0.4,0.1,50,17,57,4
30,1.5,0.6,0.4,0.1,50,18,57,4
30,1.5,0.6,0.4,0.1,50,19,23,4
30,1.5,0.6,0.4,0.1,50,20,36,4
30,1.5,0.6,0.4,0.1,50,21,36,4
30,1.5,0.6,0.4,0.1,50,22,36,4
30,1.5,0.6,0.4,0.1,50,23,88,4
30,1.5,0.6,0.4,0.1,50,24,36,4
30,1.5,0.6,0.4,0.1,50,25,23,4
30,1.5,0.6,0.4,0.1,50,26,57,4
30,1.5,0.6,0.4,0.1,50,27,57,4
30,1.5,0.6,0.4,0.1,50,28,57,4
30,1.5,0.6,0.4,0.1,50,29,57,4
30,1.5,0.6,0.4,0.1,50,30,57,4
30,1.5,0.6,0.4,0.1,50,31,23,4
30,1.5,0.6,0.4,0.1,50,32,36,4
30,1.5,0.6,0.4,0.1,50,33,57,4
30,1.5,0.6,0.4,0.1,50,34,57,4
30,1.5,0.6,0.4,0.1,50,35,57,4
30,1.5,0.6,0.4,0.1,50,36,57,4
30,1.5,0.6,0.4,0.1,50,37,57,4
30,1.5,0.6,0.4,0.1,50,38,57,4
30,1.5,0.6,0.4,0.1,50,39,23,4
30,1.5,0.6,0.4,0.1,50,40,57,4
30,1.5,0.6,0.4,0.1,50,41,36,4
30,1.5,0.6,0.4,0.1,50,42,57,4
30,1.5,0.6,0.4,0.1,50,43,36,4
30,1.5,0.6,0.4,0.1,50,44,57,4
30,1.5,0.6,0.4,0.1,50,45,57,4
30,1.5,0.6,0.4,0.1,50,46,88,4
30,1.5,0.6,0.4,0.1,50,47,88,4
30,1.5,0.6,0.4,0.1,50,48,36,4
30,1.5,0.6,0.4,0.1,50,49,57,4
30,1.5,0.6,0.4,0.1,50,50,88,4
60,1.5,0.6,0.4,0.1,50,1,36,4
60,1.5,0.6,0.4,0.1,50,2,57,4
60,1.5,0.6,0.4,0.1,50,3,36,4
60,1.5,0.6,0.4,0.1,50,4,57,4
60,1.5,0.6,0.4,0.1,50,5,9,4
60,1.5,0.6,0.4,0.1,50,6,15,4
60,1.5,0.6,0.4,0.1,50,7,36,4
60,1.5,0.6,0.4,0.1,50,8,57,4
60,1.5,0.6,0.4,0.1,50,9,23,4
60,1.5,0.6,0.4,0.1,50,10,36,4
60,1.5,0.6,0.4,0.1,50,11,23,4
60,1.5,0.6,0.4,0.1,50,12,36,4
60,1.5,0.6,0.4,0.1,50,13,23,4
60,1.5,0.6,0.4,0.1,50,14,15,4
60,1.5,0.6,0.4,0.1,50,15,36,4
60,1.5,0.6,0.4,0.1,50,16,88,4
60,1.5,0.6,0.4,0.1,50,17,57,4
60,1.5,0.6,0.4,0.1,50,18,23,4
60,1.5,0.6,0.4,0.1,50,19,23,4
60,1.5,0.6,0.4,0.1,50,20,36,4
60,1.5,0.6,0.4,0.1,50,21,23,4
60,1.5,0.6,0.4,0.1,50,22,23,4
60,1.5,0.6,0.4,0.1,50,23,36,4
60,1.5,0.6,0.4,0.1,50,24,23,4
60,1.5,0.6,0.4,0.1,50,25,23,4
60,1.5,0.6,0.4,0.1,50,26,23,4
60,1.5,0.6,0.4,0.1,50,27,23,4
60,1.5,0.6,0.4,0.1,50,28,57,4
60,1.5,0.6,0.4,0.1,50,29,57,4
60,1.5,0.6,0.4,0.1,50,30,36,4
60,1.5,0.6,0.4,0.1,50,31,36,4
60,1.5,0.6,0.4,0.1,50,32,23,4
60,1.5,0.6,0.4,0.1,50,33,36,4
60,1.5,0.6,0.4,0.1,50,34,57,4
60,1.5,0.6,0.4,0.1,50,35,36,4
60,1.5,0.6,0.4,0.1,50,36,36,4
60,1.5,0.6,0.4,0.1,50,37,36,4
60,1.5,0.6,0.4,0.1,50,38,9,4
60,1.5,0.6,0.4,0.1,50,39,23,4
60,1.5,0.6,0.4,0.1,50,40,23,4
60,1.5,0.6,0.4,0.1,50,41,36,4
60,1.5,0.6,0.4,0.1,50,42,36,4
60,1.5,0.6,0.4,0.1,50,43,57,4
60,1.5,0.6,0.4,0.1,50,44,23,4
60,1.5,0.6,0.4,0.1,50,45,57,4
60,1.5,0.6,0.4,0.1,50,46,36,4
60,1.5,0.6,0.4,0.1,50,47,57,4
60,1.5,0.6,0.4,0.1,50,48,23,4
60,1.5,0.6,0.4,0.1,50,49,23,4
60,1.5,0.6,0.4,0.1,50,50,57,4
100,1.5,0.6,0.4,0.1,50,1,23,4
100,1.5,0.6,0.4,0.1,50,2,36,4
100,1.5,0.6,0.4,0.1,50,3,23,4
100,1.5,0.6,0.4,0.1,50,4,57,4
100,1.5,0.6,0.4,0.1,50,5,23,4
100,1.5,0.6,0.4,0.1,50,6,23,4
100,1.5,0.6,0.4,0.1,50,7,36,4
100,1.5,0.6,0.4,0.1,50,8,36,4
100,1.5,0.6,0.4,0.1,50,9,23,4
100,1.5,0.6,0.4,0.1,50,10,36,4
100,1.5,0.6,0.4,0.1,50,11,15,4
100,1.5,0.6,0.4,0.1,50,12,36,4
100,1.5,0.6,0.4,0.1,50,13,23,4
100,1.5,0.6,0.4,0.1,50,14,15,4
100,1.5,0.6,0.4,0.1,50,15,23,4
100,1.5,0.6,0.4,0.1,50,16,36,4
100,1.5,0.6,0.4,0.1,50,17,36,4
100,1.5,0.6,0.4,0.1,50,18,15,4
100,1.5,0.6,0.4,0.1,50,19,15,4
100,1.5,0.6,0.4,0.1,50,20,36,4
100,1.5,0.6,0.4,0.1,50,21,23,4
100,1.5,0.6,0.4,0.1,50,22,23,4
100,1.5,0.6,0.4,0.1,50,23,36,4
100,1.5,0.6,0.4,0.1,50,24,57,4
100,1.5,0.6,0.4,0.1,50,25,23,4
100,1.5,0.6,0.4,0.1,50,26,23,4
100,1.5,0.6,0.4,0.1,50,27,23,4
100,1.5,0.6,0.4,0.1,50,28,36,4
100,1.5,0.6,0.4,0.1,50,29,36,4
100,1.5,0.6,0.4,0.1,50,30,23,4
100,1.5,0.6,0.4,0.1,50,31,23,4
100,1.5,0.6,0.4,0.1,50,32,15,4
100,1.5,0.6,0.4,0.1,50,33,36,4
100,1.5,0.6,0.4,0.1,50,34,36,4
100,1.5,0.6,0.4,0.1,50,35,36,4
100,1.5,0.6,0.4,0.1,50,36,23,4
100,1.5,0.6,0.4,0.1,50,37,15,4
100,1.5,0.6,0.4,0.1,50,38,23,4
100,1.5,0.6,0.4,0.1,50,39,15,4
100,1.5,0.6,0.4,0.1,50,40,15,4
100,1.5,0.6,0.4,0.1,50,41,23,4
100,1.5,0.6,0.4,0.1,50,42,23,4
100,1.5,0.6,0.4,0.1,50,43,36,4
100,1.5,0.6,0.4,0.1,50,44,15,4
100,1.5,0.6,0.4,0.1,50,45,23,4
100,1.5,0.6,0.4,0.1,50,46,36,4
100,1.5,0.6,0.4,0.1,50,47,36,4
100,1.5,0.6,0.4,0.1,50,48,23,4
100,1.5,0.6,0.4,0.1,50,49,15,4
100,1.5,0.6,0.4,0.1,50,50,36,4
10,0.5,0.7,0.4,0.1,50,1,36,4
10,0.5,0.7,0.4,0.1,50,2,36,4
10,0.5,0.7,0.4,0.1,50,3,57,4
10,0.5,0.7,0.4,0.1,50,4,57,4
10,0.5,0.7,0.4,0.1,50,5,36,4
10,0.5,0.7,0.4,0.1,50,6,23,4
10,0.5,0.7,0.4,0.1,50,7,36,4
10,0.5,0.7,0.4,0.1,50,8,57,4
10,0.5,0.7,0.4,0.1,50,9,36,4
10,0.5,0.7,0.4,0.1,50,10,36,4
10,0.5,0.7,0.4,0.1,50,11,36,4
10,0.5,0.7,0.4,0.1,50,12,57,4
10,0.5,0.7,0.4,0.1,50,13,57,4
10,0.5,0.7,0.4,0.1,50,14,36,4
10,0.5,0.7,0.4,0.1,50,15,36,4
10,0.5,0.7,0.4,0.1,50,16,36,4
10,0.5,0.7,0.4,0.1,50,17,57,4
10,0.5,0.7,0.4,0.1,50,18,36,4
10,0.5,0.7,0.4,0.1,50,19,36,4
10,0.5,0.7,0.4,0.1,50,20,57,4
10,0.5,0.7,0.4,0.1,50,21,36,4
10,0.5,0.7,0.4,0.1,50,22,36,4
10,0.5,0.7,0.4,0.1,50,23,36,4
10,0.5,0.7,0.4,0.1,50,24,36,4
10,0.5,0.7,0.4,0.1,50,25,23,4
10,0.5,0.7,0.4,0.1,50,26,36,4
10,0.5,0.7,0.4,0.1,50,27,36,4
10,0.5,0.7,0.4,0.1,50,28,36,4
10,0.5,0.7,0.4,0.1,50,29,57,4
10,0.5,0.7,0.4,0.1,50,30,36,4
10,0.5,0.7,0.4,0.1,50,31,23,4
10,0.5,0.7,0.4,0.1,50,32,57,4
10,0.5,0.7,0.4,0.1,50,33,36,4
10,0.5,0.7,0.4,0.1,50,34,36,4
10,0.5,0.7,0.4,0.1,50,35,36,4
10,0.5,0.7,0.4,0.1,50,36,57,4
10,0.5,0.7,0.4,0.1,50,37,57,4
10,0.5,0.7,0.4,0.1,50,38,57,4
10,0.5,0.7,0.4,0.1,50,39,36,4
10,0.5,0.7,0.4,0.1,50,40,36,4
10,0.5,0.7,0.4,0.1,50,41,57,4
10,0.5,0.7,0.4,0.1,50,42,36,4
10,0.5,0.7,0.4,0.1,50,43,36,4
10,0.5,0.7,0.4,0.1,50,44,23,4
10,0.5,0.7,0.4,0.1,50,45,36,4
10,0.5,0.7,0.4,0.1,50,46,36,4
10,0.5,0.7,0.4,0.1,50,47,36,4
10,0.5,0.7,0.4,0.1,50,48,36,4
10,0.5,0.7,0.4,0.1,50,49,36,4
10,0.5,0.7,0.4,0.1,50,50,23,4
30,0.5,0.7,0.4,0.1,50,1,15,4
30,0.5,0.7,0.4,0.1,50,2,15,4
30,0.5,0.7,0.4,0.1,50,3,15,4
30,0.5,0.7,0.4,0.1,50,4,23,4
30,0.5,0.7,0.4,0.1,50,5,23,4
30,0.5,0.7,0.4,0.1,50,6,15,4
30,0.5,0.7,0.4,0.1,50,7,15,4
30,0.5,0.7,0.4,0.1,50,8,23,4
30,0.5,0.7,0.4,0.1,50,9,23,4
30,0.5,0.7,0.4,0.1,50,10,15,4
30,0.5,0.7,0.4,0.1,50,11,15,4
30,0.5,0.7,0.4,0.1,50,12,15,4
30,0.5,0.7,0.4,0.1,50,13,23,4
30,0.5,0.7,0.4,0.1,50,14,15,4
30,0.5,0.7,0.4,0.1,50,15,15,4
30,0.5,0.7,0.4,0.1,50,16,15,4
30,0.5,0.7,0.4,0.1,50,17,23,4
30,0.5,0.7,0.4,0.1,50,18,23,4
30,0.5,0.7,0.4,0.1,50,19,15,4
30,0.5,0.7,0.4,0.1,50,20,15,4
30,0.5,0.7,0.4,0.1,50,21,15,4
30,0.5,0.7,0.4,0.1,50,22,15,4
30,0.5,0.7,0.4,0.1,50,23,15,4
30,0.5,0.7,0.4,0.1,50,24,15,4
30,0.5,0.7,0.4,0.1,50,25,15,4
30,0.5,0.7,0.4,0.1,50,26,15,4
30,0.5,0.7,0.4,0.1,50,27,23,4
30,0.5,0.7,0.4,0.1,50,28,23,4
30,0.5,0.7,0.4,0.1,50,29,15,4
30,0.5,0.7,0.4,0.1,50,30,15,4
30,0.5,0.7,0.4,0.1,50,31,15,4
30,0.5,0.7,0.4,0.1,50,32,15,4
30,0.5,0.7,0.4,0.1,50,33,15,4
30,0.5,0.7,0.4,0.1,50,34,15,4
30,0.5,0.7,0.4,0.1,50,35,15,4
30,0.5,0.7,0.4,0.1,50,36,15,4
30,0.5,0.7,0.4,0.1,50,37,15,4
30,0.5,0.7,0.4,0.1,50,38,23,4
30,0.5,0.7,0.4,0.1,50,39,23,4
30,0.5,0.7,0.4,0.1,50,40,15,4
30,0.5,0.7,0.4,0.1,50,41,23,4
30,0.5,0.7,0.4,0.1,50,42,15,4
30,0.5,0.7,0.4,0.1,50,43,23,4
30,0.5,0.7,0.4,0.1,50,44,23,4
30,0.5,0.7,0.4,0.1,50,45,15,4
30,0.5,0.7,0.4,0.1,50,46,15,4
30,0.5,0.7,0.4,0.1,50,47,15,4
30,0.5,0.7,0.4,0.1,50,48,15,4
30,0.5,0.7,0.4,0.1,50,49,15,4
30,0.5,0.7,0.4,0.1,50,50,15,4
60,0.5,0.7,0.4,0.1,50,1,15,4
60,0.5,0.7,0.4,0.1,50,2,6,4
60,0.5,0.7,0.4,0.1,50,3,9,4
60,0.5,0.7,0.4,0.1,50,4,15,4
60,0.5,0.7,0.4,0.1,50,5,15,4
60,0.5,0.7,0.4,0.1,50,6,15,4
60,0.5,0.7,0.4,0.1,50,7,15,4
60,0.5,0.7,0.4,0.1,50,8,15,4
60,0.5,0.7,0.4,0.1,50,9,15,4
60,0.5,0.7,0.4,0.1,50,10,15,4
60,0.5,0.7,0.4,0.1,50,11,9,4
60,0.5,0.7,0.4,0.1,50,12,15,4
60,0.5,0.7,0.4,0.1,50,13,15,4
60,0.5,0.7,0.4,0.1,50,14,15,4
60,0.5,0.7,0.4,0.1,50,15,15,4
60,0.5,0.7,0.4,0.1,50,16,15,4
60,0.5,0.7,0.4,0.1,50,17,15,4
60,0.5,0.7,0.4,0.1,50,18,15,4
60,0.5,0.7,0.4,0.1,50,19,15,4
60,0.5,0.7,0.4,0.1,50,20,15,4
60,0.5,0.7,0.4,0.1,50,21,15,4
60,0.5,0.7,0.4,0.1,50,22,15,4
60,0.5,0.7,0.4,0.1,50,23,15,4
60,0.5,0.7,0.4,0.1,50,24,15,4
60,0.5,0.7,0.4,0.1,50,25,9,4
60,0.5,0.7,0.4,0.1,50,26,9,4
60,0.5,0.7,0.4,0.1,50,27,15,4
60,0.5,0.7,0.4,0.1,50,28,15,4
60,0.5,0.7,0.4,0.1,50,29,15,4
60,0.5,0.7,0.4,0.1,50,30,9,4
60,0.5,0.7,0.4,0.1,50,31,15,4
60,0.5,0.7,0.4,0.1,50,32,15,4
60,0.5,0.7,0.4,0.1,50,33,9,4
60,0.5,0.7,0.4,0.1,50,34,9,4
60,0.5,0.7,0.4,0.1,50,35,15,4
60,0.5,0.7,0.4,0.1,50,36,15,4
60,0.5,0.7,0.4,0.1,50,37,9,4
60,0.5,0.7,0.4,0.1,50,38,15,4
60,0.5,0.7,0.4,0.1,50,39,15,4
60,0.5,0.7,0.4,0.1,50,40,15,4
60,0.5,0.7,0.4,0.1,50,41,15,4
60,0.5,0.7,0.4,0.1,50,42,6,4
60,0.5,0.7,0.4,0.1,50,43,15,4
60,0.5,0.7,0.4,0.1,50,44,15,4
60,0.5,0.7,0.4,0.1,50,45,15,4
60,0.5,0.7,0.4,0.1,50,46,9,4
60,0.5,0.7,0.4,0.1,50,47,15,4
60,0.5,0.7,0.4,0.1,50,48,9,4
60,0.5,0.7,0.4,0.1,50,49,15,4
60,0.5,0.7,0.4,0.1,50,50,15,4
100,0.5,0.7,0.4,0.1,50,1,15,4
100,0.5,0.7,0.4,0.1,50,2,6,4
100,0.5,0.7,0.4,0.1,50,3,9,4
100,0.5,0.7,0.4,0.1,50,4,9,4
100,0.5,0.7,0.4,0.1,50,5,9,4
100,0.5,0.7,0.4,0.1,50,6,15,4
100,0.5,0.7,0.4,0.1,50,7,15,4
100,0.5,0.7,0.4,0.1,50,8,15,4
100,0.5,0.7,0.4,0.1,50,9,15,4
100,0.5,0.7,0.4,0.1,50,10,15,4
100,0.5,0.7,0.4,0.1,50,11,9,4
100,0.5,0.7,0.4,0.1,50,12,9,4
100,0.5,0.7,0.4,0.1,50,13,15,4
100,0.5,0.7,0.4,0.1,50,14,9,4
100,0.5,0.7,0.4,0.1,50,15,15,4
100,0.5,0.7,0.4,0.1,50,16,9,4
100,0.5,0.7,0.4,0.1,50,17,15,4
100,0.5,0.7,0.4,0.1,50,18,15,4
100,0.5,0.7,0.4,0.1,50,19,15,4
100,0.5,0.7,0.4,0.1,50,20,15,4
100,0.5,0.7,0.4,0.1,50,21,15,4
100,0.5,0.7,0.4,0.1,50,22,15,4
100,0.5,0.7,0.4,0.1,50,23,9,4
100,0.5,0.7,0.4,0.1,50,24,9,4
100,0.5,0.7,0.4,0.1,50,25,9,4
100,0.5,0.7,0.4,0.1,50,26,9,4
100,0.5,0.7,0.4,0.1,50,27,9,4
100,0.5,0.7,0.4,0.1,50,28,15,4
100,0.5,0.7,0.4,0.1,50,29,15,4
100,0.5,0.7,0.4,0.1,50,30,9,4
100,0.5,0.7,0.4,0.1,50,31,9,4
100,0.5,0.7,0.4,0.1,50,32,15,4
100,0.5,0.7,0.4,0.1,50,33,9,4
100,0.5,0.7,0.4,0.1,50,34,15,4
100,0.5,0.7,0.4,0.1,50,35,9,4
100,0.5,0.7,0.4,0.1,50,36,9,4
100,0.5,0.7,0.4,0.1,50,37,9,4
100,0.5,0.7,0.4,0.1,50,38,9,4
100,0.5,0.7,0.4,0.1,50,39,15,4
100,0.5,0.7,0.4,0.1,50,40,15,4
100,0.5,0.7,0.4,0.1,50,41,15,4
100,0.5,0.7,0.4,0.1,50,42,9,4
100,0.5,0.7,0.4,0.1,50,43,9,4
100,0.5,0.7,0.4,0.1,50,44,15,4
100,0.5,0.7,0.4,0.1,50,45,15,4
100,0.5,0.7,0.4,0.1,50,46,9,4
100,0.5,0.7,0.4,0.1,50,47,15,4
100,0.5,0.7,0.4,0.1,50,48,15,4
100,0.5,0.7,0.4,0.1,50,49,9,4
100,0.5,0.7,0.4,0.1,50,50,15,4
10,1,0.7,0.4,0.1,50,1,57,4
10,1,0.7,0.4,0.1,50,2,57,4
10,1,0.7,0.4,0.1,50,3,57,4
10,1,0.7,0.4,0.1,50,4,36,4
10,1,0.7,0.4,0.1,50,5,36,4
10,1,0.7,0.4,0.1,50,6,36,4
10,1,0.7,0.4,0.1,50,7,36,4
10,1,0.7,0.4,0.1,50,8,36,4
10,1,0.7,0.4,0.1,50,9,57,4
10,1,0.7,0.4,0.1,50,10,36,4
10,1,0.7,0.4,0.1,50,11,57,4
10,1,0.7,0.4,0.1,50,12,57,4
10,1,0.7,0.4,0.1,50,13,57,4
10,1,0.7,0.4,0.1,50,14,57,4
10,1,0.7,0.4,0.1,50,15,57,4
10,1,0.7,0.4,0.1,50,16,36,4
10,1,0.7,0.4,0.1,50,17,57,4
10,1,0.7,0.4,0.1,50,18,36,4
10,1,0.7,0.4,0.1,50,19,36,4
10,1,0.7,0.4,0.1,50,20,57,4
10,1,0.7,0.4,0.1,50,21,36,4
10,1,0.7,0.4,0.1,50,22,57,4
10,1,0.7,0.4,0.1,50,23,36,4
10,1,0.7,0.4,0.1,50,24,57,4
10,1,0.7,0.4,0.1,50,25,57,4
10,1,0.7,0.4,0.1,50,26,23,4
10,1,0.7,0.4,0.1,50,27,36,4
10,1,0.7,0.4,0.1,50,28,57,4
10,1,0.7,0.4,0.1,50,29,57,4
10,1,0.7,0.4,0.1,50,30,57,4
10,1,0.7,0.4,0.1,50,31,36,4
10,1,0.7,0.4,0.1,50,32,57,4
10,1,0.7,0.4,0.1,50,33,36,4
10,1,0.7,0.4,0.1,50,34,57,4
10,1,0.7,0.4,0.1,50,35,57,4
10,1,0.7,0.4,0.1,50,36,57,4
10,1,0.7,0.4,0.1,50,37,57,4
10,1,0.7,0.4,0.1,50,38,57,4
10,1,0.7,0.4,0.1,50,39,88,4
10,1,0.7,0.4,0.1,50,40,36,4
10,1,0.7,0.4,0.1,50,41,57,4
10,1,0.7,0.4,0.1,50,42,36,4
10,1,0.7,0.4,0.1,50,43,36,4
10,1,0.7,0.4,0.1,50,44,57,4
10,1,0.7,0.4,0.1,50,45,36,4
10,1,0.7,0.4,0.1,50,46,23,4
10,1,0.7,0.4,0.1,50,47,36,4
10,1,0.7,0.4,0.1,50,48,36,4
10,1,0.7,0.4,0.1,50,49,36,4
10,1,0.7,0.4,0.1,50,50,57,4
30,1,0.7,0.4,0.1,50,1,23,4
30,1,0.7,0.4,0.1,50,2,15,4
30,1,0.7,0.4,0.1,50,3,23,4
30,1,0.7,0.4,0.1,50,4,15,4
30,1,0.7,0.4,0.1,50,5,15,4
30,1,0.7,0.4,0.1,50,6,23,4
30,1,0.7,0.4,0.1,50,7,23,4
30,1,0.7,0.4,0.1,50,8,23,4
30,1,0.7,0.4,0.1,50,9,23,4
30,1,0.7,0.4,0.1,50,10,15,4
30,1,0.7,0.4,0.1,50,11,15,4
30,1,0.7,0.4,0.1,50,12,23,4
30,1,0.7,0.4,0.1,50,13,15,4
30,1,0.7,0.4,0.1,50,14,15,4
30,1,0.7,0.4,0.1,50,15,15,4
30,1,0.7,0.4,0.1,50,16,23,4
30,1,0.7,0.4,0.1,50,17,15,4
30,1,0.7,0.4,0.1,50,18,23,4
30,1,0.7,0.4,0.1,50,19,15,4
30,1,0.7,0.4,0.1,50,20,23,4
30,1,0.7,0.4,0.1,50,21,23,4
30,1,0.7,0.4,0.1,50,22,15,4
30,1,0.7,0.4,0.1,50,23,15,4
30,1,0.7,0.4,0.1,50,24,23,4
30,1,0.7,0.4,0.1,50,25,15,4
30,1,0.7,0.4,0.1,50,26,9,4
30,1,0.7,0.4,0.1,50,27,15,4
30,1,0.7,0.4,0.1,50,28,15,4
30,1,0.7,0.4,0.1,50,29,23,4
30,1,0.7,0.4,0.1,50,30,23,4
30,1,0.7,0.4,0.1,50,31,23,4
30,1,0.7,0.4,0.1,50,32,15,4
30,1,0.7,0.4,0.1,50,33,15,4
30,1,0.7,0.4,0.1,50,34,23,4
30,1,0.7,0.4,0.1,50,35,15,4
30,1,0.7,0.4,0.1,50,36,15,4
30,1,0.7,0.4,0.1,50,37,6,4
30,1,0.7,0.4,0.1,50,38,23,4
30,1,0.7,0.4,0.1,50,39,15,4
30,1,0.7,0.4,0.1,50,40,23,4
30,1,0.7,0.4,0.1,50,41,23,4
30,1,0.7,0.4,0.1,50,42,9,4
30,1,0.7,0.4,0.1,50,43,15,4
30,1,0.7,0.4,0.1,50,44,23,4
30,1,0.7,0.4,0.1,50,45,23,4
30,1,0.7,0.4,0.1,50,46,15,4
30,1,0.7,0.4,0.1,50,47,15,4
30,1,0.7,0.4,0.1,50,48,15,4
30,1,0.7,0.4,0.1,50,49,23,4
30,1,0.7,0.4,0.1,50,50,23,4
60,1,0.7,0.4,0.1,50,1,15,4
60,1,0.7,0.4,0.1,50,2,15,4
60,1,0.7,0.4,0.1,50,3,6,4
60,1,0.7,0.4,0.1,50,4,15,4
60,1,0.7,0.4,0.1,50,5,15,4
60,1,0.7,0.4,0.1,50,6,15,4
60,1,0.7,0.4,0.1,50,7,15,4
60,1,0.7,0.4,0.1,50,8,15,4
60,1,0.7,0.4,0.1,50,9,15,4
60,1,0.7,0.4,0.1,50,10,15,4
60,1,0.7,0.4,0.1,50,11,9,4
60,1,0.7,0.4,0.1,50,12,15,4
60,1,0.7,0.4,0.1,50,13,9,4
60,1,0.7,0.4,0.1,50,14,15,4
60,1,0.7,0.4,0.1,50,15,9,4
60,1,0.7,0.4,0.1,50,16,15,4
60,1,0.7,0.4,0.1,50,17,15,4
60,1,0.7,0.4,0.1,50,18,15,4
60,1,0.7,0.4,0.1,50,19,15,4
60,1,0.7,0.4,0.1,50,20,15,4
60,1,0.7,0.4,0.1,50,21,15,4
60,1,0.7,0.4,0.1,50,22,15,4
60,1,0.7,0.4,0.1,50,23,15,4
60,1,0.7,0.4,0.1,50,24,15,4
60,1,0.7,0.4,0.1,50,25,15,4
60,1,0.7,0.4,0.1,50,26,9,4
60,1,0.7,0.4,0.1,50,27,15,4
60,1,0.7,0.4,0.1,50,28,15,4
60,1,0.7,0.4,0.1,50,29,15,4
60,1,0.7,0.4,0.1,50,30,15,4
60,1,0.7,0.4,0.1,50,31,15,4
60,1,0.7,0.4,0.1,50,32,15,4
60,1,0.7,0.4,0.1,50,33,15,4
60,1,0.7,0.4,0.1,50,34,15,4
60,1,0.7,0.4,0.1,50,35,15,4
60,1,0.7,0.4,0.1,50,36,15,4
60,1,0.7,0.4,0.1,50,37,6,4
60,1,0.7,0.4,0.1,50,38,15,4
60,1,0.7,0.4,0.1,50,39,15,4
60,1,0.7,0.4,0.1,50,40,15,4
60,1,0.7,0.4,0.1,50,41,23,4
60,1,0.7,0.4,0.1,50,42,15,4
60,1,0.7,0.4,0.1,50,43,15,4
60,1,0.7,0.4,0.1,50,44,15,4
60,1,0.7,0.4,0.1,50,45,15,4
60,1,0.7,0.4,0.1,50,46,15,4
60,1,0.7,0.4,0.1,50,47,15,4
60,1,0.7,0.4,0.1,50,48,15,4
60,1,0.7,0.4,0.1,50,49,15,4
60,1,0.7,0.4,0.1,50,50,15,4
100,1,0.7,0.4,0.1,50,1,15,4
100,1,0.7,0.4,0.1,50,2,15,4
100,1,0.7,0.4,0.1,50,3,15,4
100,1,0.7,0.4,0.1,50,4,9,4
100,1,0.7,0.4,0.1,50,5,15,4
100,1,0.7,0.4,0.1,50,6,15,4
100,1,0.7,0.4,0.1,50,7,15,4
100,1,0.7,0.4,0.1,50,8,15,4
100,1,0.7,0.4,0.1,50,9,15,4
100,1,0.7,0.4,0.1,50,10,15,4
100,1,0.7,0.4,0.1,50,11,15,4
100,1,0.7,0.4,0.1,50,12,15,4
100,1,0.7,0.4,0.1,50,13,9,4
100,1,0.7,0.4,0.1,50,14,9,4
100,1,0.7,0.4,0.1,50,15,9,4
100,1,0.7,0.4,0.1,50,16,15,4
100,1,0.7,0.4,0.1,50,17,15,4
100,1,0.7,0.4,0.1,50,18,15,4
100,1,0.7,0.4,0.1,50,19,9,4
100,1,0.7,0.4,0.1,50,20,15,4
100,1,0.7,0.4,0.1,50,21,15,4
100,1,0.7,0.4,0.1,50,22,15,4
100,1,0.7,0.4,0.1,50,23,15,4
100,1,0.7,0.4,0.1,50,24,15,4
100,1,0.7,0.4,0.1,50,25,15,4
100,1,0.7,0.4,0.1,50,26,9,4
100,1,0.7,0.4,0.1,50,27,15,4
100,1,0.7,0.4,0.1,50,28,15,4
100,1,0.7,0.4,0.1,50,29,15,4
100,1,0.7,0.4,0.1,50,30,15,4
100,1,0.7,0.4,0.1,50,31,15,4
100,1,0.7,0.4,0.1,50,32,4,4
100,1,0.7,0.4,0.1,50,33,15,4
100,1,0.7,0.4,0.1,50,34,15,4
100,1,0.7,0.4,0.1,50,35,15,4
100,1,0.7,0.4,0.1,50,36,15,4
100,1,0.7,0.4,0.1,50,37,6,4
100,1,0.7,0.4,0.1,50,38,15,4
100,1,0.7,0.4,0.1,50,39,15,4
100,1,0.7,0.4,0.1,50,40,15,4
100,1,0.7,0.4,0.1,50,41,23,4
100,1,0.7,0.4,0.1,50,42,9,4
100,1,0.7,0.4,0.1,50,43,15,4
100,1,0.7,0.4,0.1,50,44,15,4
100,1,0.7,0.4,0.1,50,45,15,4
100,1,0.7,0.4,0.1,50,46,15,4
100,1,0.7,0.4,0.1,50,47,15,4
100,1,0.7,0.4,0.1,50,48,6,4
100,1,0.7,0.4,0.1,50,49,15,4
100,1,0.7,0.4,0.1,50,50,15,4
10,1.5,0.7,0.4,0.1,50,1,88,4
10,1.5,0.7,0.4,0.1,50,2,57,4
10,1.5,0.7,0.4,0.1,50,3,88,4
10,1.5,0.7,0.4,0.1,50,4,88,4
10,1.5,0.7,0.4,0.1,50,5,88,4
10,1.5,0.7,0.4,0.1,50,6,88,4
10,1.5,0.7,0.4,0.1,50,7,88,4
10,1.5,0.7,0.4,0.1,50,8,139,4
10,1.5,0.7,0.4,0.1,50,9,139,4
10,1.5,0.7,0.4,0.1,50,10,88,4
10,1.5,0.7,0.4,0.1,50,11,139,4
10,1.5,0.7,0.4,0.1,50,12,88,4
10,1.5,0.7,0.4,0.1,50,13,88,4
10,1.5,0.7,0.4,0.1,50,14,88,4
10,1.5,0.7,0.4,0.1,50,15,217,4
10,1.5,0.7,0.4,0.1,50,16,88,4
10,1.5,0.7,0.4,0.1,50,17,88,4
10,1.5,0.7,0.4,0.1,50,18,139,4
10,1.5,0.7,0.4,0.1,50,19,57,4
10,1.5,0.7,0.4,0.1,50,20,88,4
10,1.5,0.7,0.4,0.1,50,21,57,4
10,1.5,0.7,0.4,0.1,50,22,88,4
10,1.5,0.7,0.4,0.1,50,23,57,4
10,1.5,0.7,0.4,0.1,50,24,57,4
10,1.5,0.7,0.4,0.1,50,25,217,4
10,1.5,0.7,0.4,0.1,50,26,57,4
10,1.5,0.7,0.4,0.1,50,27,139,4
10,1.5,0.7,0.4,0.1,50,28,139,4
10,1.5,0.7,0.4,0.1,50,29,88,4
10,1.5,0.7,0.4,0.1,50,30,139,4
10,1.5,0.7,0.4,0.1,50,31,88,4
10,1.5,0.7,0.4,0.1,50,32,57,4
10,1.5,0.7,0.4,0.1,50,33,57,4
10,1.5,0.7,0.4,0.1,50,34,217,4
10,1.5,0.7,0.4,0.1,50,35,88,4
10,1.5,0.7,0.4,0.1,50,36,57,4
10,1.5,0.7,0.4,0.1,50,37,88,4
10,1.5,0.7,0.4,0.1,50,38,88,4
10,1.5,0.7,0.4,0.1,50,39,88,4
10,1.5,0.7,0.4,0.1,50,40,88,4
10,1.5,0.7,0.4,0.1,50,41,88,4
10,1.5,0.7,0.4,0.1,50,42,88,4
10,1.5,0.7,0.4,0.1,50,43,88,4
10,1.5,0.7,0.4,0.1,50,44,88,4
10,1.5,0.7,0.4,0.1,50,45,57,4
10,1.5,0.7,0.4,0.1,50,46,57,4
10,1.5,0.7,0.4,0.1,50,47,57,4
10,1.5,0.7,0.4,0.1,50,48,88,4
10,1.5,0.7,0.4,0.1,50,49,88,4
10,1.5,0.7,0.4,0.1,50,50,88,4
30,1.5,0.7,0.4,0.1,50,1,36,4
30,1.5,0.7,0.4,0.1,50,2,23,4
30,1.5,0.7,0.4,0.1,50,3,23,4
30,1.5,0.7,0.4,0.1,50,4,23,4
30,1.5,0.7,0.4,0.1,50,5,23,4
30,1.5,0.7,0.4,0.1,50,6,23,4
30,1.5,0.7,0.4,0.1,50,7,23,4
30,1.5,0.7,0.4,0.1,50,8,36,4
30,1.5,0.7,0.4,0.1,50,9,36,4
30,1.5,0.7,0.4,0.1,50,10,23,4
30,1.5,0.7,0.4,0.1,50,11,23,4
30,1.5,0.7,0.4,0.1,50,12,36,4
30,1.5,0.7,0.4,0.1,50,13,36,4
30,1.5,0.7,0.4,0.1,50,14,23,4
30,1.5,0.7,0.4,0.1,50,15,23,4
30,1.5,0.7,0.4,0.1,50,16,36,4
30,1.5,0.7,0.4,0.1,50,17,23,4
30,1.5,0.7,0.4,0.1,50,18,36,4
30,1.5,0.7,0.4,0.1,50,19,15,4
30,1.5,0.7,0.4,0.1,50,20,23,4
30,1.5,0.7,0.4,0.1,50,21,23,4
30,1.5,0.7,0.4,0.1,50,22,23,4
30,1.5,0.7,0.4,0.1,50,23,36,4
30,1.5,0.7,0.4,0.1,50,24,23,4
30,1.5,0.7,0.4,0.1,50,25,15,4
30,1.5,0.7,0.4,0.1,50,26,23,4
30,1.5,0.7,0.4,0.1,50,27,23,4
30,1.5,0.7,0.4,0.1,50,28,23,4
30,1.5,0.7,0.4,0.1,50,29,23,4
30,1.5,0.7,0.4,0.1,50,30,36,4
30,1.5,0.7,0.4,0.1,50,31,23,4
30,1.5,0.7,0.4,0.1,50,32,15,4
30,1.5,0.7,0.4,0.1,50,33,23,4
30,1.5,0.7,0.4,0.1,50,34,36,4
30,1.5,0.7,0.4,0.1,50,35,23,4
30,1.5,0.7,0.4,0.1,50,36,23,4
30,1.5,0.7,0.4,0.1,50,37,6,4
30,1.5,0.7,0.4,0.1,50,38,57,4
30,1.5,0.7,0.4,0.1,50,39,36,4
30,1.5,0.7,0.4,0.1,50,40,23,4
30,1.5,0.7,0.4,0.1,50,41,23,4
30,1.5,0.7,0.4,0.1,50,42,15,4
30,1.5,0.7,0.4,0.1,50,43,23,4
30,1.5,0.7,0.4,0.1,50,44,23,4
30,1.5,0.7,0.4,0.1,50,45,36,4
30,1.5,0.7,0.4,0.1,50,46,23,4
30,1.5,0.7,0.4,0.1,50,47,36,4
30,1.5,0.7,0.4,0.1,50,48,15,4
30,1.5,0.7,0.4,0.1,50,49,36,4
30,1.5,0.7,0.4,0.1,50,50,15,4
60,1.5,0.7,0.4,0.1,50,1,23,4
60,1.5,0.7,0.4,0.1,50,2,15,4
60,1.5,0.7,0.4,0.1,50,3,23,4
60,1.5,0.7,0.4,0.1,50,4,23,4
60,1.5,0.7,0.4,0.1,50,5,23,4
60,1.5,0.7,0.4,0.1,50,6,23,4
60,1.5,0.7,0.4,0.1,50,7,23,4
60,1.5,0.7,0.4,0.1,50,8,23,4
60,1.5,0.7,0.4,0.1,50,9,36,4
60,1.5,0.7,0.4,0.1,50,10,23,4
60,1.5,0.7,0.4,0.1,50,11,15,4
60,1.5,0.7,0.4,0.1,50,12,23,4
60,1.5,0.7,0.4,0.1,50,13,15,4
60,1.5,0.7,0.4,0.1,50,14,23,4
60,1.5,0.7,0.4,0.1,50,15,23,4
60,1.5,0.7,0.4,0.1,50,16,15,4
60,1.5,0.7,0.4,0.1,50,17,15,4
60,1.5,0.7,0.4,0.1,50,18,9,4
60,1.5,0.7,0.4,0.1,50,19,15,4
60,1.5,0.7,0.4,0.1,50,20,9,4
60,1.5,0.7,0.4,0.1,50,21,23,4
60,1.5,0.7,0.4,0.1,50,22,15,4
60,1.5,0.7,0.4,0.1,50,23,23,4
60,1.5,0.7,0.4,0.1,50,24,23,4
60,1.5,0.7,0.4,0.1,50,25,15,4
60,1.5,0.7,0.4,0.1,50,26,9,4
60,1.5,0.7,0.4,0.1,50,27,23,4
60,1.5,0.7,0.4,0.1,50,28,23,4
60,1.5,0.7,0.4,0.1,50,29,23,4
60,1.5,0.7,0.4,0.1,50,30,23,4
60,1.5,0.7,0.4,0.1,50,31,15,4
60,1.5,0.7,0.4,0.1,50,32,15,4
60,1.5,0.7,0.4,0.1,50,33,23,4
60,1.5,0.7,0.4,0.1,50,34,23,4
60,1.5,0.7,0.4,0.1,50,35,23,4
60,1.5,0.7,0.4,0.1,50,36,15,4
60,1.5,0.7,0.4,0.1,50,37,23,4
60,1.5,0.7,0.4,0.1,50,38,36,4
60,1.5,0.7,0.4,0.1,50,39,36,4
60,1.5,0.7,0.4,0.1,50,40,15,4
60,1.5,0.7,0.4,0.1,50,41,23,4
60,1.5,0.7,0.4,0.1,50,42,15,4
60,1.5,0.7,0.4,0.1,50,43,15,4
60,1.5,0.7,0.4,0.1,50,44,23,4
60,1.5,0.7,0.4,0.1,50,45,15,4
60,1.5,0.7,0.4,0.1,50,46,15,4
60,1.5,0.7,0.4,0.1,50,47,23,4
60,1.5,0.7,0.4,0.1,50,48,15,4
60,1.5,0.7,0.4,0.1,50,49,36,4
60,1.5,0.7,0.4,0.1,50,50,15,4
100,1.5,0.7,0.4,0.1,50,1,9,4
100,1.5,0.7,0.4,0.1,50,2,15,4
100,1.5,0.7,0.4,0.1,50,3,23,4
100,1.5,0.7,0.4,0.1,50,4,23,4
100,1.5,0.7,0.4,0.1,50,5,15,4
100,1.5,0.7,0.4,0.1,50,6,15,4
100,1.5,0.7,0.4,0.1,50,7,15,4
100,1.5,0.7,0.4,0.1,50,8,23,4
100,1.5,0.7,0.4,0.1,50,9,23,4
100,1.5,0.7,0.4,0.1,50,10,23,4
100,1.5,0.7,0.4,0.1,50,11,15,4
100,1.5,0.7,0.4,0.1,50,12,15,4
100,1.5,0.7,0.4,0.1,50,13,15,4
100,1.5,0.7,0.4,0.1,50,14,23,4
100,1.5,0.7,0.4,0.1,50,15,23,4
100,1.5,0.7,0.4,0.1,50,16,15,4
100,1.5,0.7,0.4,0.1,50,17,15,4
100,1.5,0.7,0.4,0.1,50,18,15,4
100,1.5,0.7,0.4,0.1,50,19,15,4
100,1.5,0.7,0.4,0.1,50,20,15,4
100,1.5,0.7,0.4,0.1,50,21,23,4
100,1.5,0.7,0.4,0.1,50,22,15,4
100,1.5,0.7,0.4,0.1,50,23,15,4
100,1.5,0.7,0.4,0.1,50,24,23,4
100,1.5,0.7,0.4,0.1,50,25,23,4
100,1.5,0.7,0.4,0.1,50,26,15,4
100,1.5,0.7,0.4,0.1,50,27,15,4
100,1.5,0.7,0.4,0.1,50,28,23,4
100,1.5,0.7,0.4,0.1,50,29,15,4
100,1.5,0.7,0.4,0.1,50,30,15,4
100,1.5,0.7,0.4,0.1,50,31,23,4
100,1.5,0.7,0.4,0.1,50,32,15,4
100,1.5,0.7,0.4,0.1,50,33,15,4
100,1.5,0.7,0.4,0.1,50,34,23,4
100,1.5,0.7,0.4,0.1,50,35,15,4
100,1.5,0.7,0.4,0.1,50,36,15,4
100,1.5,0.7,0.4,0.1,50,37,9,4
100,1.5,0.7,0.4,0.1,50,38,15,4
100,1.5,0.7,0.4,0.1,50,39,23,4
100,1.5,0.7,0.4,0.1,50,40,15,4
100,1.5,0.7,0.4,0.1,50,41,23,4
100,1.5,0.7,0.4,0.1,50,42,15,4
100,1.5,0.7,0.4,0.1,50,43,23,4
100,1.5,0.7,0.4,0.1,50,44,15,4
100,1.5,0.7,0.4,0.1,50,45,15,4
100,1.5,0.7,0.4,0.1,50,46,15,4
100,1.5,0.7,0.4,0.1,50,47,23,4
100,1.5,0.7,0.4,0.1,50,48,9,4
100,1.5,0.7,0.4,0.1,50,49,23,4
100,1.5,0.7,0.4,0.1,50,50,15,4
10,0.5,0.5,0.2,0.5,50,1,36,23
10,0.5,0.5,0.2,0.5,50,2,23,23
10,0.5,0.5,0.2,0.5,50,3,36,23
10,0.5,0.5,0.2,0.5,50,4,36,23
10,0.5,0.5,0.2,0.5,50,5,36,23
10,0.5,0.5,0.2,0.5,50,6,36,23
10,0.5,0.5,0.2,0.5,50,7,23,23
10,0.5,0.5,0.2,0.5,50,8,57,23
10,0.5,0.5,0.2,0.5,50,9,36,23
10,0.5,0.5,0.2,0.5,50,10,36,23
10,0.5,0.5,0.2,0.5,50,11,57,23
10,0.5,0.5,0.2,0.5,50,12,36,23
10,0.5,0.5,0.2,0.5,50,13,57,23
10,0.5,0.5,0.2,0.5,50,14,36,23
10,0.5,0.5,0.2,0.5,50,15,36,23
10,0.5,0.5,0.2,0.5,50,16,36,23
10,0.5,0.5,0.2,0.5,50,17,23,23
10,0.5,0.5,0.2,0.5,50,18,57,23
10,0.5,0.5,0.2,0.5,50,19,36,23
10,0.5,0.5,0.2,0.5,50,20,36,23
10,0.5,0.5,0.2,0.5,50,21,57,23
10,0.5,0.5,0.2,0.5,50,22,36,23
10,0.5,0.5,0.2,0.5,50,23,36,23
10,0.5,0.5,0.2,0.5,50,24,36,23
10,0.5,0.5,0.2,0.5,50,25,57,23
10,0.5,0.5,0.2,0.5,50,26,36,23
10,0.5,0.5,0.2,0.5,50,27,36,23
10,0.5,0.5,0.2,0.5,50,28,36,23
10,0.5,0.5,0.2,0.5,50,29,36,23
10,0.5,0.5,0.2,0.5,50,30,57,23
10,0.5,0.5,0.2,0.5,50,31,57,23
10,0.5,0.5,0.2,0.5,50,32,36,23
10,0.5,0.5,0.2,0.5,50,33,36,23
10,0.5,0.5,0.2,0.5,50,34,36,23
10,0.5,0.5,0.2,0.5,50,35,57,23
10,0.5,0.5,0.2,0.5,50,36,36,23
10,0.5,0.5,0.2,0.5,50,37,57,23
10,0.5,0.5,0.2,0.5,50,38,36,23
10,0.5,0.5,0.2,0.5,50,39,23,23
10,0.5,0.5,0.2,0.5,50,40,36,23
10,0.5,0.5,0.2,0.5,50,41,36,23
10,0.5,0.5,0.2,0.5,50,42,36,23
10,0.5,0.5,0.2,0.5,50,43,36,23
10,0.5,0.5,0.2,0.5,50,44,36,23
10,0.5,0.5,0.2,0.5,50,45,36,23
10,0.5,0.5,0.2,0.5,50,46,36,23
10,0.5,0.5,0.2,0.5,50,47,57,23
10,0.5,0.5,0.2,0.5,50,48,23,23
10,0.5,0.5,0.2,0.5,50,49,36,23
10,0.5,0.5,0.2,0.5,50,50,57,23
30,0.5,0.5,0.2,0.5,50,1,15,23
30,0.5,0.5,0.2,0.5,50,2,15,23
30,0.5,0.5,0.2,0.5,50,3,15,23
30,0.5,0.5,0.2,0.5,50,4,15,23
30,0.5,0.5,0.2,0.5,50,5,15,23
30,0.5,0.5,0.2,0.5,50,6,15,23
30,0.5,0.5,0.2,0.5,50,7,15,23
30,0.5,0.5,0.2,0.5,50,8,15,23
30,0.5,0.5,0.2,0.5,50,9,15,23
30,0.5,0.5,0.2,0.5,50,10,15,23
30,0.5,0.5,0.2,0.5,50,11,23,23
30,0.5,0.5,0.2,0.5,50,12,15,23
30,0.5,0.5,0.2,0.5,50,13,15,23
30,0.5,0.5,0.2,0.5,50,14,15,23
30,0.5,0.5,0.2,0.5,50,15,15,23
30,0.5,0.5,0.2,0.5,50,16,15,23
30,0.5,0.5,0.2,0.5,50,17,15,23
30,0.5,0.5,0.2,0.5,50,18,23,23
30,0.5,0.5,0.2,0.5,50,19,15,23
30,0.5,0.5,0.2,0.5,50,20,23,23
30,0.5,0.5,0.2,0.5,50,21,15,23
30,0.5,0.5,0.2,0.5,50,22,15,23
30,0.5,0.5,0.2,0.5,50,23,15,23
30,0.5,0.5,0.2,0.5,50,24,15,23
30,0.5,0.5,0.2,0.5,50,25,15,23
30,0.5,0.5,0.2,0.5,50,26,15,23
30,0.5,0.5,0.2,0.5,50,27,23,23
30,0.5,0.5,0.2,0.5,50,28,15,23
30,0.5,0.5,0.2,0.5,50,29,15,23
30,0.5,0.5,0.2,0.5,50,30,15,23
30,0.5,0.5,0.2,0.5,50,31,15,23
30,0.5,0.5,0.2,0.5,50,32,23,23
30,0.5,0.5,0.2,0.5,50,33,23,23
30,0.5,0.5,0.2,0.5,50,34,23,23
30,0.5,0.5,0.2,0.5,50,35,15,23
30,0.5,0.5,0.2,0.5,50,36,15,23
30,0.5,0.5,0.2,0.5,50,37,15,23
30,0.5,0.5,0.2,0.5,50,38,15,23
30,0.5,0.5,0.2,0.5,50,39,15,23
30,0.5,0.5,0.2,0.5,50,40,15,23
30,0.5,0.5,0.2,0.5,50,41,15,23
30,0.5,0.5,0.2,0.5,50,42,15,23
30,0.5,0.5,0.2,0.5,50,43,15,23
30,0.5,0.5,0.2,0.5,50,44,15,23
30,0.5,0.5,0.2,0.5,50,45,15,23
30,0.5,0.5,0.2,0.5,50,46,15,23
30,0.5,0.5,0.2,0.5,50,47,23,23
30,0.5,0.5,0.2,0.5,50,48,15,23
30,0.5,0.5,0.2,0.5,50,49,9,23
30,0.5,0.5,0.2,0.5,50,50,15,23
60,0.5,0.5,0.2,0.5,50,1,15,23
60,0.5,0.5,0.2,0.5,50,2,15,23
60,0.5,0.5,0.2,0.5,50,3,9,23
60,0.5,0.5,0.2,0.5,50,4,9,23
60,0.5,0.5,0.2,0.5,50,5,15,23
60,0.5,0.5,0.2,0.5,50,6,9,23
60,0.5,0.5,0.2,0.5,50,7,15,23
60,0.5,0.5,0.2,0.5,50,8,9,23
60,0.5,0.5,0.2,0.5,50,9,9,23
60,0.5,0.5,0.2,0.5,50,10,15,23
60,0.5,0.5,0.2,0.5,50,11,15,23
60,0.5,0.5,0.2,0.5,50,12,15,23
60,0.5,0.5,0.2,0.5,50,13,15,23
60,0.5,0.5,0.2,0.5,50,14,15,23
60,0.5,0.5,0.2,0.5,50,15,9,23
60,0.5,0.5,0.2,0.5,50,16,15,23
60,0.5,0.5,0.2,0.5,50,17,9,23
60,0.5,0.5,0.2,0.5,50,18,15,23
60,0.5,0.5,0.2,0.5,50,19,15,23
60,0.5,0.5,0.2,0.5,50,20,15,23
60,0.5,0.5,0.2,0.5,50,21,15,23
60,0.5,0.5,0.2,0.5,50,22,15,23
60,0.5,0.5,0.2,0.5,50,23,9,23
60,0.5,0.5,0.2,0.5,50,24,9,23
60,0.5,0.5,0.2,0.5,50,25,9,23
60,0.5,0.5,0.2,0.5,50,26,15,23
60,0.5,0.5,0.2,0.5,50,27,9,23
60,0.5,0.5,0.2,0.5,50,28,15,23
60,0.5,0.5,0.2,0.5,50,29,15,23
60,0.5,0.5,0.2,0.5,50,30,9,23
60,0.5,0.5,0.2,0.5,50,31,15,23
60,0.5,0.5,0.2,0.5,50,32,15,23
60,0.5,0.5,0.2,0.5,50,33,23,23
60,0.5,0.5,0.2,0.5,50,34,6,23
60,0.5,0.5,0.2,0.5,50,35,9,23
60,0.5,0.5,0.2,0.5,50,36,15,23
60,0.5,0.5,0.2,0.5,50,37,9,23
60,0.5,0.5,0.2,0.5,50,38,9,23
60,0.5,0.5,0.2,0.5,50,39,15,23
60,0.5,0.5,0.2,0.5,50,40,9,23
60,0.5,0.5,0.2,0.5,50,41,15,23
60,0.5,0.5,0.2,0.5,50,42,15,23
60,0.5,0.5,0.2,0.5,50,43,15,23
60,0.5,0.5,0.2,0.5,50,44,9,23
60,0.5,0.5,0.2,0.5,50,45,9,23
60,0.5,0.5,0.2,0.5,50,46,15,23
60,0.5,0.5,0.2,0.5,50,47,23,23
60,0.5,0.5,0.2,0.5,50,48,15,23
60,0.5,0.5,0.2,0.5,50,49,6,23
60,0.5,0.5,0.2,0.5,50,50,15,23
100,0.5,0.5,0.2,0.5,50,1,15,23
100,0.5,0.5,0.2,0.5,50,2,9,23
100,0.5,0.5,0.2,0.5,50,3,15,23
100,0.5,0.5,0.2,0.5,50,4,9,23
100,0.5,0.5,0.2,0.5,50,5,9,23
100,0.5,0.5,0.2,0.5,50,6,9,23
100,0.5,0.5,0.2,0.5,50,7,9,23
100,0.5,0.5,0.2,0.5,50,8,6,23
100,0.5,0.5,0.2,0.5,50,9,9,23
100,0.5,0.5,0.2,0.5,50,10,9,23
100,0.5,0.5,0.2,0.5,50,11,15,23
100,0.5,0.5,0.2,0.5,50,12,9,23
100,0.5,0.5,0.2,0.5,50,13,9,23
100,0.5,0.5,0.2,0.5,50,14,15,23
100,0.5,0.5,0.2,0.5,50,15,9,23
100,0.5,0.5,0.2,0.5,50,16,9,23
100,0.5,0.5,0.2,0.5,50,17,9,23
100,0.5,0.5,0.2,0.5,50,18,15,23
100,0.5,0.5,0.2,0.5,50,19,15,23
100,0.5,0.5,0.2,0.5,50,20,15,23
100,0.5,0.5,0.2,0.5,50,21,15,23
100,0.5,0.5,0.2,0.5,50,22,9,23
100,0.5,0.5,0.2,0.5,50,23,6,23
100,0.5,0.5,0.2,0.5,50,24,9,23
100,0.5,0.5,0.2,0.5,50,25,15,23
100,0.5,0.5,0.2,0.5,50,26,15,23
100,0.5,0.5,0.2,0.5,50,27,15,23
100,0.5,0.5,0.2,0.5,50,28,15,23
100,0.5,0.5,0.2,0.5,50,29,15,23
100,0.5,0.5,0.2,0.5,50,30,6,23
100,0.5,0.5,0.2,0.5,50,31,15,23
100,0.5,0.5,0.2,0.5,50,32,15,23
100,0.5,0.5,0.2,0.5,50,33,15,23
100,0.5,0.5,0.2,0.5,50,34,6,23
100,0.5,0.5,0.2,0.5,50,35,9,23
100,0.5,0.5,0.2,0.5,50,36,15,23
100,0.5,0.5,0.2,0.5,50,37,9,23
100,0.5,0.5,0.2,0.5,50,38,9,23
100,0.5,0.5,0.2,0.5,50,39,6,23
100,0.5,0.5,0.2,0.5,50,40,9,23
100,0.5,0.5,0.2,0.5,50,41,15,23
100,0.5,0.5,0.2,0.5,50,42,15,23
100,0.5,0.5,0.2,0.5,50,43,15,23
100,0.5,0.5,0.2,0.5,50,44,9,23
100,0.5,0.5,0.2,0.5,50,45,9,23
100,0.5,0.5,0.2,0.5,50,46,9,23
100,0.5,0.5,0.2,0.5,50,47,15,23
100,0.5,0.5,0.2,0.5,50,48,15,23
100,0.5,0.5,0.2,0.5,50,49,9,23
100,0.5,0.5,0.2,0.5,50,50,15,23
10,1,0.5,0.2,0.5,50,1,57,23
10,1,0.5,0.2,0.5,50,2,36,23
10,1,0.5,0.2,0.5,50,3,57,23
10,1,0.5,0.2,0.5,50,4,57,23
10,1,0.5,0.2,0.5,50,5,57,23
10,1,0.5,0.2,0.5,50,6,57,23
10,1,0.5,0.2,0.5,50,7,88,23
10,1,0.5,0.2,0.5,50,8,88,23
10,1,0.5,0.2,0.5,50,9,57,23
10,1,0.5,0.2,0.5,50,10,36,23
10,1,0.5,0.2,0.5,50,11,57,23
10,1,0.5,0.2,0.5,50,12,36,23
10,1,0.5,0.2,0.5,50,13,57,23
10,1,0.5,0.2,0.5,50,14,36,23
10,1,0.5,0.2,0.5,50,15,57,23
10,1,0.5,0.2,0.5,50,16,57,23
10,1,0.5,0.2,0.5,50,17,57,23
10,1,0.5,0.2,0.5,50,18,57,23
10,1,0.5,0.2,0.5,50,19,57,23
10,1,0.5,0.2,0.5,50,20,88,23
10,1,0.5,0.2,0.5,50,21,57,23
10,1,0.5,0.2,0.5,50,22,36,23
10,1,0.5,0.2,0.5,50,23,57,23
10,1,0.5,0.2,0.5,50,24,36,23
10,1,0.5,0.2,0.5,50,25,88,23
10,1,0.5,0.2,0.5,50,26,36,23
10,1,0.5,0.2,0.5,50,27,57,23
10,1,0.5,0.2,0.5,50,28,36,23
10,1,0.5,0.2,0.5,50,29,57,23
10,1,0.5,0.2,0.5,50,30,57,23
10,1,0.5,0.2,0.5,50,31,88,23
10,1,0.5,0.2,0.5,50,32,57,23
10,1,0.5,0.2,0.5,50,33,57,23
10,1,0.5,0.2,0.5,50,34,57,23
10,1,0.5,0.2,0.5,50,35,57,23
10,1,0.5,0.2,0.5,50,36,57,23
10,1,0.5,0.2,0.5,50,37,88,23
10,1,0.5,0.2,0.5,50,38,57,23
10,1,0.5,0.2,0.5,50,39,36,23
10,1,0.5,0.2,0.5,50,40,57,23
10,1,0.5,0.2,0.5,50,41,36,23
10,1,0.5,0.2,0.5,50,42,36,23
10,1,0.5,0.2,0.5,50,43,88,23
10,1,0.5,0.2,0.5,50,44,57,23
10,1,0.5,0.2,0.5,50,45,23,23
10,1,0.5,0.2,0.5,50,46,57,23
10,1,0.5,0.2,0.5,50,47,57,23
10,1,0.5,0.2,0.5,50,48,36,23
10,1,0.5,0.2,0.5,50,49,36,23
10,1,0.5,0.2,0.5,50,50,57,23
30,1,0.5,0.2,0.5,50,1,15,23
30,1,0.5,0.2,0.5,50,2,23,23
30,1,0.5,0.2,0.5,50,3,23,23
30,1,0.5,0.2,0.5,50,4,23,23
30,1,0.5,0.2,0.5,50,5,9,23
30,1,0.5,0.2,0.5,50,6,15,23
30,1,0.5,0.2,0.5,50,7,23,23
30,1,0.5,0.2,0.5,50,8,23,23
30,1,0.5,0.2,0.5,50,9,15,23
30,1,0.5,0.2,0.5,50,10,15,23
30,1,0.5,0.2,0.5,50,11,23,23
30,1,0.5,0.2,0.5,50,12,23,23
30,1,0.5,0.2,0.5,50,13,23,23
30,1,0.5,0.2,0.5,50,14,15,23
30,1,0.5,0.2,0.5,50,15,9,23
30,1,0.5,0.2,0.5,50,16,23,23
30,1,0.5,0.2,0.5,50,17,15,23
30,1,0.5,0.2,0.5,50,18,23,23
30,1,0.5,0.2,0.5,50,19,23,23
30,1,0.5,0.2,0.5,50,20,23,23
30,1,0.5,0.2,0.5,50,21,23,23
30,1,0.5,0.2,0.5,50,22,23,23
30,1,0.5,0.2,0.5,50,23,36,23
30,1,0.5,0.2,0.5,50,24,23,23
30,1,0.5,0.2,0.5,50,25,23,23
30,1,0.5,0.2,0.5,50,26,15,23
30,1,0.5,0.2,0.5,50,27,36,23
30,1,0.5,0.2,0.5,50,28,15,23
30,1,0.5,0.2,0.5,50,29,23,23
30,1,0.5,0.2,0.5,50,30,23,23
30,1,0.5,0.2,0.5,50,31,15,23
30,1,0.5,0.2,0.5,50,32,23,23
30,1,0.5,0.2,0.5,50,33,23,23
30,1,0.5,0.2,0.5,50,34,23,23
30,1,0.5,0.2,0.5,50,35,15,23
30,1,0.5,0.2,0.5,50,36,15,23
30,1,0.5,0.2,0.5,50,37,23,23
30,1,0.5,0.2,0.5,50,38,23,23
30,1,0.5,0.2,0.5,50,39,9,23
30,1,0.5,0.2,0.5,50,40,23,23
30,1,0.5,0.2,0.5,50,41,15,23
30,1,0.5,0.2,0.5,50,42,23,23
30,1,0.5,0.2,0.5,50,43,23,23
30,1,0.5,0.2,0.5,50,44,15,23
30,1,0.5,0.2,0.5,50,45,15,23
30,1,0.5,0.2,0.5,50,46,15,23
30,1,0.5,0.2,0.5,50,47,36,23
30,1,0.5,0.2,0.5,50,48,15,23
30,1,0.5,0.2,0.5,50,49,23,23
30,1,0.5,0.2,0.5,50,50,15,23
60,1,0.5,0.2,0.5,50,1,15,23
60,1,0.5,0.2,0.5,50,2,15,23
60,1,0.5,0.2,0.5,50,3,23,23
60,1,0.5,0.2,0.5,50,4,15,23
60,1,0.5,0.2,0.5,50,5,15,23
60,1,0.5,0.2,0.5,50,6,15,23
60,1,0.5,0.2,0.5,50,7,15,23
60,1,0.5,0.2,0.5,50,8,15,23
60,1,0.5,0.2,0.5,50,9,15,23
60,1,0.5,0.2,0.5,50,10,15,23
60,1,0.5,0.2,0.5,50,11,15,23
60,1,0.5,0.2,0.5,50,12,15,23
60,1,0.5,0.2,0.5,50,13,15,23
60,1,0.5,0.2,0.5,50,14,15,23
60,1,0.5,0.2,0.5,50,15,15,23
60,1,0.5,0.2,0.5,50,16,15,23
60,1,0.5,0.2,0.5,50,17,15,23
60,1,0.5,0.2,0.5,50,18,15,23
60,1,0.5,0.2,0.5,50,19,15,23
60,1,0.5,0.2,0.5,50,20,23,23
60,1,0.5,0.2,0.5,50,21,15,23
60,1,0.5,0.2,0.5,50,22,9,23
60,1,0.5,0.2,0.5,50,23,15,23
60,1,0.5,0.2,0.5,50,24,15,23
60,1,0.5,0.2,0.5,50,25,15,23
60,1,0.5,0.2,0.5,50,26,15,23
60,1,0.5,0.2,0.5,50,27,23,23
60,1,0.5,0.2,0.5,50,28,15,23
60,1,0.5,0.2,0.5,50,29,15,23
60,1,0.5,0.2,0.5,50,30,9,23
60,1,0.5,0.2,0.5,50,31,15,23
60,1,0.5,0.2,0.5,50,32,23,23
60,1,0.5,0.2,0.5,50,33,23,23
60,1,0.5,0.2,0.5,50,34,15,23
60,1,0.5,0.2,0.5,50,35,15,23
60,1,0.5,0.2,0.5,50,36,9,23
60,1,0.5,0.2,0.5,50,37,23,23
60,1,0.5,0.2,0.5,50,38,15,23
60,1,0.5,0.2,0.5,50,39,9,23
60,1,0.5,0.2,0.5,50,40,15,23
60,1,0.5,0.2,0.5,50,41,15,23
60,1,0.5,0.2,0.5,50,42,15,23
60,1,0.5,0.2,0.5,50,43,23,23
60,1,0.5,0.2,0.5,50,44,9,23
60,1,0.5,0.2,0.5,50,45,15,23
60,1,0.5,0.2,0.5,50,46,15,23
60,1,0.5,0.2,0.5,50,47,15,23
60,1,0.5,0.2,0.5,50,48,15,23
60,1,0.5,0.2,0.5,50,49,15,23
60,1,0.5,0.2,0.5,50,50,15,23
100,1,0.5,0.2,0.5,50,1,9,23
100,1,0.5,0.2,0.5,50,2,15,23
100,1,0.5,0.2,0.5,50,3,15,23
100,1,0.5,0.2,0.5,50,4,15,23
100,1,0.5,0.2,0.5,50,5,15,23
100,1,0.5,0.2,0.5,50,6,15,23
100,1,0.5,0.2,0.5,50,7,15,23
100,1,0.5,0.2,0.5,50,8,15,23
100,1,0.5,0.2,0.5,50,9,9,23
100,1,0.5,0.2,0.5,50,10,15,23
100,1,0.5,0.2,0.5,50,11,15,23
100,1,0.5,0.2,0.5,50,12,15,23
100,1,0.5,0.2,0.5,50,13,15,23
100,1,0.5,0.2,0.5,50,14,15,23
100,1,0.5,0.2,0.5,50,15,15,23
100,1,0.5,0.2,0.5,50,16,15,23
100,1,0.5,0.2,0.5,50,17,15,23
100,1,0.5,0.2,0.5,50,18,15,23
100,1,0.5,0.2,0.5,50,19,9,23
100,1,0.5,0.2,0.5,50,20,23,23
100,1,0.5,0.2,0.5,50,21,9,23
100,1,0.5,0.2,0.5,50,22,9,23
100,1,0.5,0.2,0.5,50,23,15,23
100,1,0.5,0.2,0.5,50,24,15,23
100,1,0.5,0.2,0.5,50,25,15,23
100,1,0.5,0.2,0.5,50,26,15,23
100,1,0.5,0.2,0.5,50,27,23,23
100,1,0.5,0.2,0.5,50,28,15,23
100,1,0.5,0.2,0.5,50,29,15,23
100,1,0.5,0.2,0.5,50,30,15,23
100,1,0.5,0.2,0.5,50,31,15,23
100,1,0.5,0.2,0.5,50,32,15,23
100,1,0.5,0.2,0.5,50,33,15,23
100,1,0.5,0.2,0.5,50,34,15,23
100,1,0.5,0.2,0.5,50,35,15,23
100,1,0.5,0.2,0.5,50,36,9,23
100,1,0.5,0.2,0.5,50,37,15,23
100,1,0.5,0.2,0.5,50,38,9,23
100,1,0.5,0.2,0.5,50,39,9,23
100,1,0.5,0.2,0.5,50,40,15,23
100,1,0.5,0.2,0.5,50,41,15,23
100,1,0.5,0.2,0.5,50,42,9,23
100,1,0.5,0.2,0.5,50,43,15,23
100,1,0.5,0.2,0.5,50,44,9,23
100,1,0.5,0.2,0.5,50,45,15,23
100,1,0.5,0.2,0.5,50,46,9,23
100,1,0.5,0.2,0.5,50,47,15,23
100,1,0.5,0.2,0.5,50,48,15,23
100,1,0.5,0.2,0.5,50,49,15,23
100,1,0.5,0.2,0.5,50,50,15,23
10,1.5,0.5,0.2,0.5,50,1,57,23
10,1.5,0.5,0.2,0.5,50,2,NA,23
10,1.5,0.5,0.2,0.5,50,3,217,23
10,1.5,0.5,0.2,0.5,50,4,532,23
10,1.5,0.5,0.2,0.5,50,5,340,23
10,1.5,0.5,0.2,0.5,50,6,217,23
10,1.5,0.5,0.2,0.5,50,7,139,23
10,1.5,0.5,0.2,0.5,50,8,217,23
10,1.5,0.5,0.2,0.5,50,9,139,23
10,1.5,0.5,0.2,0.5,50,10,36,23
10,1.5,0.5,0.2,0.5,50,11,217,23
10,1.5,0.5,0.2,0.5,50,12,139,23
10,1.5,0.5,0.2,0.5,50,13,532,23
10,1.5,0.5,0.2,0.5,50,14,139,23
10,1.5,0.5,0.2,0.5,50,15,88,23
10,1.5,0.5,0.2,0.5,50,16,340,23
10,1.5,0.5,0.2,0.5,50,17,139,23
10,1.5,0.5,0.2,0.5,50,18,88,23
10,1.5,0.5,0.2,0.5,50,19,23,23
10,1.5,0.5,0.2,0.5,50,20,NA,23
10,1.5,0.5,0.2,0.5,50,21,217,23
10,1.5,0.5,0.2,0.5,50,22,217,23
10,1.5,0.5,0.2,0.5,50,23,139,23
10,1.5,0.5,0.2,0.5,50,24,532,23
10,1.5,0.5,0.2,0.5,50,25,139,23
10,1.5,0.5,0.2,0.5,50,26,217,23
10,1.5,0.5,0.2,0.5,50,27,88,23
10,1.5,0.5,0.2,0.5,50,28,88,23
10,1.5,0.5,0.2,0.5,50,29,217,23
10,1.5,0.5,0.2,0.5,50,30,217,23
10,1.5,0.5,0.2,0.5,50,31,217,23
10,1.5,0.5,0.2,0.5,50,32,139,23
10,1.5,0.5,0.2,0.5,50,33,217,23
10,1.5,0.5,0.2,0.5,50,34,139,23
10,1.5,0.5,0.2,0.5,50,35,1303,23
10,1.5,0.5,0.2,0.5,50,36,88,23
10,1.5,0.5,0.2,0.5,50,37,340,23
10,1.5,0.5,0.2,0.5,50,38,1303,23
10,1.5,0.5,0.2,0.5,50,39,217,23
10,1.5,0.5,0.2,0.5,50,40,88,23
10,1.5,0.5,0.2,0.5,50,41,139,23
10,1.5,0.5,0.2,0.5,50,42,340,23
10,1.5,0.5,0.2,0.5,50,43,340,23
10,1.5,0.5,0.2,0.5,50,44,217,23
10,1.5,0.5,0.2,0.5,50,45,57,23
10,1.5,0.5,0.2,0.5,50,46,340,23
10,1.5,0.5,0.2,0.5,50,47,139,23
10,1.5,0.5,0.2,0.5,50,48,217,23
10,1.5,0.5,0.2,0.5,50,49,217,23
10,1.5,0.5,0.2,0.5,50,50,832,23
30,1.5,0.5,0.2,0.5,50,1,23,23
30,1.5,0.5,0.2,0.5,50,2,57,23
30,1.5,0.5,0.2,0.5,50,3,23,23
30,1.5,0.5,0.2,0.5,50,4,88,23
30,1.5,0.5,0.2,0.5,50,5,9,23
30,1.5,0.5,0.2,0.5,50,6,36,23
30,1.5,0.5,0.2,0.5,50,7,36,23
30,1.5,0.5,0.2,0.5,50,8,57,23
30,1.5,0.5,0.2,0.5,50,9,23,23
30,1.5,0.5,0.2,0.5,50,10,36,23
30,1.5,0.5,0.2,0.5,50,11,57,23
30,1.5,0.5,0.2,0.5,50,12,36,23
30,1.5,0.5,0.2,0.5,50,13,36,23
30,1.5,0.5,0.2,0.5,50,14,36,23
30,1.5,0.5,0.2,0.5,50,15,15,23
30,1.5,0.5,0.2,0.5,50,16,57,23
30,1.5,0.5,0.2,0.5,50,17,36,23
30,1.5,0.5,0.2,0.5,50,18,57,23
30,1.5,0.5,0.2,0.5,50,19,23,23
30,1.5,0.5,0.2,0.5,50,20,88,23
30,1.5,0.5,0.2,0.5,50,21,15,23
30,1.5,0.5,0.2,0.5,50,22,36,23
30,1.5,0.5,0.2,0.5,50,23,57,23
30,1.5,0.5,0.2,0.5,50,24,36,23
30,1.5,0.5,0.2,0.5,50,25,57,23
30,1.5,0.5,0.2,0.5,50,26,15,23
30,1.5,0.5,0.2,0.5,50,27,57,23
30,1.5,0.5,0.2,0.5,50,28,36,23
30,1.5,0.5,0.2,0.5,50,29,57,23
30,1.5,0.5,0.2,0.5,50,30,36,23
30,1.5,0.5,0.2,0.5,50,31,23,23
30,1.5,0.5,0.2,0.5,50,32,15,23
30,1.5,0.5,0.2,0.5,50,33,36,23
30,1.5,0.5,0.2,0.5,50,34,57,23
30,1.5,0.5,0.2,0.5,50,35,23,23
30,1.5,0.5,0.2,0.5,50,36,36,23
30,1.5,0.5,0.2,0.5,50,37,57,23
30,1.5,0.5,0.2,0.5,50,38,57,23
30,1.5,0.5,0.2,0.5,50,39,36,23
30,1.5,0.5,0.2,0.5,50,40,88,23
30,1.5,0.5,0.2,0.5,50,41,6,23
30,1.5,0.5,0.2,0.5,50,42,36,23
30,1.5,0.5,0.2,0.5,50,43,36,23
30,1.5,0.5,0.2,0.5,50,44,57,23
30,1.5,0.5,0.2,0.5,50,45,23,23
30,1.5,0.5,0.2,0.5,50,46,57,23
30,1.5,0.5,0.2,0.5,50,47,57,23
30,1.5,0.5,0.2,0.5,50,48,36,23
30,1.5,0.5,0.2,0.5,50,49,57,23
30,1.5,0.5,0.2,0.5,50,50,36,23
60,1.5,0.5,0.2,0.5,50,1,23,23
60,1.5,0.5,0.2,0.5,50,2,57,23
60,1.5,0.5,0.2,0.5,50,3,23,23
60,1.5,0.5,0.2,0.5,50,4,57,23
60,1.5,0.5,0.2,0.5,50,5,23,23
60,1.5,0.5,0.2,0.5,50,6,15,23
60,1.5,0.5,0.2,0.5,50,7,57,23
60,1.5,0.5,0.2,0.5,50,8,23,23
60,1.5,0.5,0.2,0.5,50,9,23,23
60,1.5,0.5,0.2,0.5,50,10,23,23
60,1.5,0.5,0.2,0.5,50,11,36,23
60,1.5,0.5,0.2,0.5,50,12,23,23
60,1.5,0.5,0.2,0.5,50,13,23,23
60,1.5,0.5,0.2,0.5,50,14,36,23
60,1.5,0.5,0.2,0.5,50,15,15,23
60,1.5,0.5,0.2,0.5,50,16,36,23
60,1.5,0.5,0.2,0.5,50,17,23,23
60,1.5,0.5,0.2,0.5,50,18,36,23
60,1.5,0.5,0.2,0.5,50,19,15,23
60,1.5,0.5,0.2,0.5,50,20,57,23
60,1.5,0.5,0.2,0.5,50,21,15,23
60,1.5,0.5,0.2,0.5,50,22,36,23
60,1.5,0.5,0.2,0.5,50,23,36,23
60,1.5,0.5,0.2,0.5,50,24,23,23
60,1.5,0.5,0.2,0.5,50,25,36,23
60,1.5,0.5,0.2,0.5,50,26,23,23
60,1.5,0.5,0.2,0.5,50,27,36,23
60,1.5,0.5,0.2,0.5,50,28,23,23
60,1.5,0.5,0.2,0.5,50,29,36,23
60,1.5,0.5,0.2,0.5,50,30,15,23
60,1.5,0.5,0.2,0.5,50,31,23,23
60,1.5,0.5,0.2,0.5,50,32,15,23
60,1.5,0.5,0.2,0.5,50,33,36,23
60,1.5,0.5,0.2,0.5,50,34,36,23
60,1.5,0.5,0.2,0.5,50,35,15,23
60,1.5,0.5,0.2,0.5,50,36,23,23
60,1.5,0.5,0.2,0.5,50,37,36,23
60,1.5,0.5,0.2,0.5,50,38,23,23
60,1.5,0.5,0.2,0.5,50,39,23,23
60,1.5,0.5,0.2,0.5,50,40,57,23
60,1.5,0.5,0.2,0.5,50,41,23,23
60,1.5,0.5,0.2,0.5,50,42,15,23
60,1.5,0.5,0.2,0.5,50,43,36,23
60,1.5,0.5,0.2,0.5,50,44,15,23
60,1.5,0.5,0.2,0.5,50,45,15,23
60,1.5,0.5,0.2,0.5,50,46,36,23
60,1.5,0.5,0.2,0.5,50,47,57,23
60,1.5,0.5,0.2,0.5,50,48,15,23
60,1.5,0.5,0.2,0.5,50,49,15,23
60,1.5,0.5,0.2,0.5,50,50,15,23
100,1.5,0.5,0.2,0.5,50,1,15,23
100,1.5,0.5,0.2,0.5,50,2,23,23
100,1.5,0.5,0.2,0.5,50,3,23,23
100,1.5,0.5,0.2,0.5,50,4,36,23
100,1.5,0.5,0.2,0.5,50,5,23,23
100,1.5,0.5,0.2,0.5,50,6,15,23
100,1.5,0.5,0.2,0.5,50,7,36,23
100,1.5,0.5,0.2,0.5,50,8,23,23
100,1.5,0.5,0.2,0.5,50,9,9,23
100,1.5,0.5,0.2,0.5,50,10,4,23
100,1.5,0.5,0.2,0.5,50,11,23,23
100,1.5,0.5,0.2,0.5,50,12,23,23
100,1.5,0.5,0.2,0.5,50,13,23,23
100,1.5,0.5,0.2,0.5,50,14,23,23
100,1.5,0.5,0.2,0.5,50,15,15,23
100,1.5,0.5,0.2,0.5,50,16,23,23
100,1.5,0.5,0.2,0.5,50,17,15,23
100,1.5,0.5,0.2,0.5,50,18,15,23
100,1.5,0.5,0.2,0.5,50,19,15,23
100,1.5,0.5,0.2,0.5,50,20,36,23
100,1.5,0.5,0.2,0.5,50,21,23,23
100,1.5,0.5,0.2,0.5,50,22,23,23
100,1.5,0.5,0.2,0.5,50,23,9,23
100,1.5,0.5,0.2,0.5,50,24,23,23
100,1.5,0.5,0.2,0.5,50,25,23,23
100,1.5,0.5,0.2,0.5,50,26,23,23
100,1.5,0.5,0.2,0.5,50,27,36,23
100,1.5,0.5,0.2,0.5,50,28,23,23
100,1.5,0.5,0.2,0.5,50,29,36,23
100,1.5,0.5,0.2,0.5,50,30,9,23
100,1.5,0.5,0.2,0.5,50,31,15,23
100,1.5,0.5,0.2,0.5,50,32,15,23
100,1.5,0.5,0.2,0.5,50,33,23,23
100,1.5,0.5,0.2,0.5,50,34,15,23
100,1.5,0.5,0.2,0.5,50,35,23,23
100,1.5,0.5,0.2,0.5,50,36,15,23
100,1.5,0.5,0.2,0.5,50,37,23,23
100,1.5,0.5,0.2,0.5,50,38,15,23
100,1.5,0.5,0.2,0.5,50,39,23,23
100,1.5,0.5,0.2,0.5,50,40,15,23
100,1.5,0.5,0.2,0.5,50,41,23,23
100,1.5,0.5,0.2,0.5,50,42,6,23
100,1.5,0.5,0.2,0.5,50,43,15,23
100,1.5,0.5,0.2,0.5,50,44,15,23
100,1.5,0.5,0.2,0.5,50,45,23,23
100,1.5,0.5,0.2,0.5,50,46,23,23
100,1.5,0.5,0.2,0.5,50,47,36,23
100,1.5,0.5,0.2,0.5,50,48,23,23
100,1.5,0.5,0.2,0.5,50,49,36,23
100,1.5,0.5,0.2,0.5,50,50,23,23
10,0.5,0.6,0.2,0.5,50,1,36,23
10,0.5,0.6,0.2,0.5,50,2,23,23
10,0.5,0.6,0.2,0.5,50,3,23,23
10,0.5,0.6,0.2,0.5,50,4,23,23
10,0.5,0.6,0.2,0.5,50,5,23,23
10,0.5,0.6,0.2,0.5,50,6,23,23
10,0.5,0.6,0.2,0.5,50,7,36,23
10,0.5,0.6,0.2,0.5,50,8,36,23
10,0.5,0.6,0.2,0.5,50,9,23,23
10,0.5,0.6,0.2,0.5,50,10,23,23
10,0.5,0.6,0.2,0.5,50,11,23,23
10,0.5,0.6,0.2,0.5,50,12,36,23
10,0.5,0.6,0.2,0.5,50,13,36,23
10,0.5,0.6,0.2,0.5,50,14,36,23
10,0.5,0.6,0.2,0.5,50,15,23,23
10,0.5,0.6,0.2,0.5,50,16,36,23
10,0.5,0.6,0.2,0.5,50,17,23,23
10,0.5,0.6,0.2,0.5,50,18,36,23
10,0.5,0.6,0.2,0.5,50,19,23,23
10,0.5,0.6,0.2,0.5,50,20,36,23
10,0.5,0.6,0.2,0.5,50,21,23,23
10,0.5,0.6,0.2,0.5,50,22,23,23
10,0.5,0.6,0.2,0.5,50,23,15,23
10,0.5,0.6,0.2,0.5,50,24,23,23
10,0.5,0.6,0.2,0.5,50,25,15,23
10,0.5,0.6,0.2,0.5,50,26,36,23
10,0.5,0.6,0.2,0.5,50,27,23,23
10,0.5,0.6,0.2,0.5,50,28,36,23
10,0.5,0.6,0.2,0.5,50,29,36,23
10,0.5,0.6,0.2,0.5,50,30,36,23
10,0.5,0.6,0.2,0.5,50,31,23,23
10,0.5,0.6,0.2,0.5,50,32,57,23
10,0.5,0.6,0.2,0.5,50,33,36,23
10,0.5,0.6,0.2,0.5,50,34,57,23
10,0.5,0.6,0.2,0.5,50,35,23,23
10,0.5,0.6,0.2,0.5,50,36,36,23
10,0.5,0.6,0.2,0.5,50,37,57,23
10,0.5,0.6,0.2,0.5,50,38,36,23
10,0.5,0.6,0.2,0.5,50,39,23,23
10,0.5,0.6,0.2,0.5,50,40,36,23
10,0.5,0.6,0.2,0.5,50,41,36,23
10,0.5,0.6,0.2,0.5,50,42,36,23
10,0.5,0.6,0.2,0.5,50,43,23,23
10,0.5,0.6,0.2,0.5,50,44,36,23
10,0.5,0.6,0.2,0.5,50,45,23,23
10,0.5,0.6,0.2,0.5,50,46,36,23
10,0.5,0.6,0.2,0.5,50,47,15,23
10,0.5,0.6,0.2,0.5,50,48,23,23
10,0.5,0.6,0.2,0.5,50,49,36,23
10,0.5,0.6,0.2,0.5,50,50,23,23
30,0.5,0.6,0.2,0.5,50,1,9,23
30,0.5,0.6,0.2,0.5,50,2,15,23
30,0.5,0.6,0.2,0.5,50,3,15,23
30,0.5,0.6,0.2,0.5,50,4,9,23
30,0.5,0.6,0.2,0.5,50,5,9,23
30,0.5,0.6,0.2,0.5,50,6,9,23
30,0.5,0.6,0.2,0.5,50,7,15,23
30,0.5,0.6,0.2,0.5,50,8,15,23
30,0.5,0.6,0.2,0.5,50,9,15,23
30,0.5,0.6,0.2,0.5,50,10,15,23
30,0.5,0.6,0.2,0.5,50,11,9,23
30,0.5,0.6,0.2,0.5,50,12,15,23
30,0.5,0.6,0.2,0.5,50,13,15,23
30,0.5,0.6,0.2,0.5,50,14,15,23
30,0.5,0.6,0.2,0.5,50,15,15,23
30,0.5,0.6,0.2,0.5,50,16,9,23
30,0.5,0.6,0.2,0.5,50,17,15,23
30,0.5,0.6,0.2,0.5,50,18,15,23
30,0.5,0.6,0.2,0.5,50,19,15,23
30,0.5,0.6,0.2,0.5,50,20,15,23
30,0.5,0.6,0.2,0.5,50,21,15,23
30,0.5,0.6,0.2,0.5,50,22,15,23
30,0.5,0.6,0.2,0.5,50,23,15,23
30,0.5,0.6,0.2,0.5,50,24,9,23
30,0.5,0.6,0.2,0.5,50,25,9,23
30,0.5,0.6,0.2,0.5,50,26,15,23
30,0.5,0.6,0.2,0.5,50,27,9,23
30,0.5,0.6,0.2,0.5,50,28,15,23
30,0.5,0.6,0.2,0.5,50,29,15,23
30,0.5,0.6,0.2,0.5,50,30,15,23
30,0.5,0.6,0.2,0.5,50,31,15,23
30,0.5,0.6,0.2,0.5,50,32,15,23
30,0.5,0.6,0.2,0.5,50,33,15,23
30,0.5,0.6,0.2,0.5,50,34,15,23
30,0.5,0.6,0.2,0.5,50,35,15,23
30,0.5,0.6,0.2,0.5,50,36,15,23
30,0.5,0.6,0.2,0.5,50,37,15,23
30,0.5,0.6,0.2,0.5,50,38,15,23
30,0.5,0.6,0.2,0.5,50,39,15,23
30,0.5,0.6,0.2,0.5,50,40,15,23
30,0.5,0.6,0.2,0.5,50,41,15,23
30,0.5,0.6,0.2,0.5,50,42,15,23
30,0.5,0.6,0.2,0.5,50,43,15,23
30,0.5,0.6,0.2,0.5,50,44,15,23
30,0.5,0.6,0.2,0.5,50,45,15,23
30,0.5,0.6,0.2,0.5,50,46,15,23
30,0.5,0.6,0.2,0.5,50,47,15,23
30,0.5,0.6,0.2,0.5,50,48,9,23
30,0.5,0.6,0.2,0.5,50,49,15,23
30,0.5,0.6,0.2,0.5,50,50,15,23
60,0.5,0.6,0.2,0.5,50,1,9,23
60,0.5,0.6,0.2,0.5,50,2,9,23
60,0.5,0.6,0.2,0.5,50,3,9,23
60,0.5,0.6,0.2,0.5,50,4,6,23
60,0.5,0.6,0.2,0.5,50,5,9,23
60,0.5,0.6,0.2,0.5,50,6,9,23
60,0.5,0.6,0.2,0.5,50,7,15,23
60,0.5,0.6,0.2,0.5,50,8,9,23
60,0.5,0.6,0.2,0.5,50,9,15,23
60,0.5,0.6,0.2,0.5,50,10,9,23
60,0.5,0.6,0.2,0.5,50,11,6,23
60,0.5,0.6,0.2,0.5,50,12,9,23
60,0.5,0.6,0.2,0.5,50,13,9,23
60,0.5,0.6,0.2,0.5,50,14,9,23
60,0.5,0.6,0.2,0.5,50,15,9,23
60,0.5,0.6,0.2,0.5,50,16,9,23
60,0.5,0.6,0.2,0.5,50,17,9,23
60,0.5,0.6,0.2,0.5,50,18,9,23
60,0.5,0.6,0.2,0.5,50,19,9,23
60,0.5,0.6,0.2,0.5,50,20,9,23
60,0.5,0.6,0.2,0.5,50,21,6,23
60,0.5,0.6,0.2,0.5,50,22,15,23
60,0.5,0.6,0.2,0.5,50,23,9,23
60,0.5,0.6,0.2,0.5,50,24,15,23
60,0.5,0.6,0.2,0.5,50,25,9,23
60,0.5,0.6,0.2,0.5,50,26,9,23
60,0.5,0.6,0.2,0.5,50,27,9,23
60,0.5,0.6,0.2,0.5,50,28,15,23
60,0.5,0.6,0.2,0.5,50,29,6,23
60,0.5,0.6,0.2,0.5,50,30,9,23
60,0.5,0.6,0.2,0.5,50,31,9,23
60,0.5,0.6,0.2,0.5,50,32,9,23
60,0.5,0.6,0.2,0.5,50,33,15,23
60,0.5,0.6,0.2,0.5,50,34,9,23
60,0.5,0.6,0.2,0.5,50,35,9,23
60,0.5,0.6,0.2,0.5,50,36,9,23
60,0.5,0.6,0.2,0.5,50,37,9,23
60,0.5,0.6,0.2,0.5,50,38,9,23
60,0.5,0.6,0.2,0.5,50,39,15,23
60,0.5,0.6,0.2,0.5,50,40,9,23
60,0.5,0.6,0.2,0.5,50,41,9,23
60,0.5,0.6,0.2,0.5,50,42,6,23
60,0.5,0.6,0.2,0.5,50,43,15,23
60,0.5,0.6,0.2,0.5,50,44,15,23
60,0.5,0.6,0.2,0.5,50,45,9,23
60,0.5,0.6,0.2,0.5,50,46,9,23
60,0.5,0.6,0.2,0.5,50,47,9,23
60,0.5,0.6,0.2,0.5,50,48,9,23
60,0.5,0.6,0.2,0.5,50,49,15,23
60,0.5,0.6,0.2,0.5,50,50,15,23
100,0.5,0.6,0.2,0.5,50,1,6,23
100,0.5,0.6,0.2,0.5,50,2,9,23
100,0.5,0.6,0.2,0.5,50,3,9,23
100,0.5,0.6,0.2,0.5,50,4,4,23
100,0.5,0.6,0.2,0.5,50,5,9,23
100,0.5,0.6,0.2,0.5,50,6,9,23
100,0.5,0.6,0.2,0.5,50,7,9,23
100,0.5,0.6,0.2,0.5,50,8,9,23
100,0.5,0.6,0.2,0.5,50,9,9,23
100,0.5,0.6,0.2,0.5,50,10,9,23
100,0.5,0.6,0.2,0.5,50,11,6,23
100,0.5,0.6,0.2,0.5,50,12,9,23
100,0.5,0.6,0.2,0.5,50,13,9,23
100,0.5,0.6,0.2,0.5,50,14,9,23
100,0.5,0.6,0.2,0.5,50,15,9,23
100,0.5,0.6,0.2,0.5,50,16,6,23
100,0.5,0.6,0.2,0.5,50,17,9,23
100,0.5,0.6,0.2,0.5,50,18,9,23
100,0.5,0.6,0.2,0.5,50,19,9,23
100,0.5,0.6,0.2,0.5,50,20,9,23
100,0.5,0.6,0.2,0.5,50,21,6,23
100,0.5,0.6,0.2,0.5,50,22,9,23
100,0.5,0.6,0.2,0.5,50,23,6,23
100,0.5,0.6,0.2,0.5,50,24,9,23
100,0.5,0.6,0.2,0.5,50,25,9,23
100,0.5,0.6,0.2,0.5,50,26,9,23
100,0.5,0.6,0.2,0.5,50,27,9,23
100,0.5,0.6,0.2,0.5,50,28,9,23
100,0.5,0.6,0.2,0.5,50,29,9,23
100,0.5,0.6,0.2,0.5,50,30,9,23
100,0.5,0.6,0.2,0.5,50,31,9,23
100,0.5,0.6,0.2,0.5,50,32,6,23
100,0.5,0.6,0.2,0.5,50,33,9,23
100,0.5,0.6,0.2,0.5,50,34,9,23
100,0.5,0.6,0.2,0.5,50,35,6,23
100,0.5,0.6,0.2,0.5,50,36,9,23
100,0.5,0.6,0.2,0.5,50,37,9,23
100,0.5,0.6,0.2,0.5,50,38,6,23
100,0.5,0.6,0.2,0.5,50,39,9,23
100,0.5,0.6,0.2,0.5,50,40,9,23
100,0.5,0.6,0.2,0.5,50,41,9,23
100,0.5,0.6,0.2,0.5,50,42,9,23
100,0.5,0.6,0.2,0.5,50,43,15,23
100,0.5,0.6,0.2,0.5,50,44,9,23
100,0.5,0.6,0.2,0.5,50,45,9,23
100,0.5,0.6,0.2,0.5,50,46,9,23
100,0.5,0.6,0.2,0.5,50,47,6,23
100,0.5,0.6,0.2,0.5,50,48,9,23
100,0.5,0.6,0.2,0.5,50,49,9,23
100,0.5,0.6,0.2,0.5,50,50,9,23
10,1,0.6,0.2,0.5,50,1,36,23
10,1,0.6,0.2,0.5,50,2,36,23
10,1,0.6,0.2,0.5,50,3,36,23
10,1,0.6,0.2,0.5,50,4,23,23
10,1,0.6,0.2,0.5,50,5,36,23
10,1,0.6,0.2,0.5,50,6,57,23
10,1,0.6,0.2,0.5,50,7,36,23
10,1,0.6,0.2,0.5,50,8,36,23
10,1,0.6,0.2,0.5,50,9,36,23
10,1,0.6,0.2,0.5,50,10,36,23
10,1,0.6,0.2,0.5,50,11,36,23
10,1,0.6,0.2,0.5,50,12,23,23
10,1,0.6,0.2,0.5,50,13,57,23
10,1,0.6,0.2,0.5,50,14,57,23
10,1,0.6,0.2,0.5,50,15,23,23
10,1,0.6,0.2,0.5,50,16,36,23
10,1,0.6,0.2,0.5,50,17,36,23
10,1,0.6,0.2,0.5,50,18,57,23
10,1,0.6,0.2,0.5,50,19,23,23
10,1,0.6,0.2,0.5,50,20,36,23
10,1,0.6,0.2,0.5,50,21,36,23
10,1,0.6,0.2,0.5,50,22,36,23
10,1,0.6,0.2,0.5,50,23,36,23
10,1,0.6,0.2,0.5,50,24,23,23
10,1,0.6,0.2,0.5,50,25,36,23
10,1,0.6,0.2,0.5,50,26,36,23
10,1,0.6,0.2,0.5,50,27,23,23
10,1,0.6,0.2,0.5,50,28,15,23
10,1,0.6,0.2,0.5,50,29,57,23
10,1,0.6,0.2,0.5,50,30,57,23
10,1,0.6,0.2,0.5,50,31,36,23
10,1,0.6,0.2,0.5,50,32,36,23
10,1,0.6,0.2,0.5,50,33,36,23
10,1,0.6,0.2,0.5,50,34,36,23
10,1,0.6,0.2,0.5,50,35,23,23
10,1,0.6,0.2,0.5,50,36,57,23
10,1,0.6,0.2,0.5,50,37,57,23
10,1,0.6,0.2,0.5,50,38,57,23
10,1,0.6,0.2,0.5,50,39,36,23
10,1,0.6,0.2,0.5,50,40,36,23
10,1,0.6,0.2,0.5,50,41,57,23
10,1,0.6,0.2,0.5,50,42,57,23
10,1,0.6,0.2,0.5,50,43,36,23
10,1,0.6,0.2,0.5,50,44,36,23
10,1,0.6,0.2,0.5,50,45,36,23
10,1,0.6,0.2,0.5,50,46,23,23
10,1,0.6,0.2,0.5,50,47,23,23
10,1,0.6,0.2,0.5,50,48,23,23
10,1,0.6,0.2,0.5,50,49,36,23
10,1,0.6,0.2,0.5,50,50,57,23
30,1,0.6,0.2,0.5,50,1,15,23
30,1,0.6,0.2,0.5,50,2,23,23
30,1,0.6,0.2,0.5,50,3,15,23
30,1,0.6,0.2,0.5,50,4,9,23
30,1,0.6,0.2,0.5,50,5,15,23
30,1,0.6,0.2,0.5,50,6,15,23
30,1,0.6,0.2,0.5,50,7,15,23
30,1,0.6,0.2,0.5,50,8,15,23
30,1,0.6,0.2,0.5,50,9,15,23
30,1,0.6,0.2,0.5,50,10,15,23
30,1,0.6,0.2,0.5,50,11,15,23
30,1,0.6,0.2,0.5,50,12,15,23
30,1,0.6,0.2,0.5,50,13,15,23
30,1,0.6,0.2,0.5,50,14,23,23
30,1,0.6,0.2,0.5,50,15,23,23
30,1,0.6,0.2,0.5,50,16,6,23
30,1,0.6,0.2,0.5,50,17,9,23
30,1,0.6,0.2,0.5,50,18,15,23
30,1,0.6,0.2,0.5,50,19,15,23
30,1,0.6,0.2,0.5,50,20,15,23
30,1,0.6,0.2,0.5,50,21,15,23
30,1,0.6,0.2,0.5,50,22,15,23
30,1,0.6,0.2,0.5,50,23,23,23
30,1,0.6,0.2,0.5,50,24,9,23
30,1,0.6,0.2,0.5,50,25,15,23
30,1,0.6,0.2,0.5,50,26,9,23
30,1,0.6,0.2,0.5,50,27,15,23
30,1,0.6,0.2,0.5,50,28,15,23
30,1,0.6,0.2,0.5,50,29,23,23
30,1,0.6,0.2,0.5,50,30,15,23
30,1,0.6,0.2,0.5,50,31,15,23
30,1,0.6,0.2,0.5,50,32,9,23
30,1,0.6,0.2,0.5,50,33,15,23
30,1,0.6,0.2,0.5,50,34,23,23
30,1,0.6,0.2,0.5,50,35,15,23
30,1,0.6,0.2,0.5,50,36,15,23
30,1,0.6,0.2,0.5,50,37,15,23
30,1,0.6,0.2,0.5,50,38,15,23
30,1,0.6,0.2,0.5,50,39,9,23
30,1,0.6,0.2,0.5,50,40,15,23
30,1,0.6,0.2,0.5,50,41,15,23
30,1,0.6,0.2,0.5,50,42,6,23
30,1,0.6,0.2,0.5,50,43,15,23
30,1,0.6,0.2,0.5,50,44,15,23
30,1,0.6,0.2,0.5,50,45,15,23
30,1,0.6,0.2,0.5,50,46,15,23
30,1,0.6,0.2,0.5,50,47,9,23
30,1,0.6,0.2,0.5,50,48,15,23
30,1,0.6,0.2,0.5,50,49,23,23
30,1,0.6,0.2,0.5,50,50,15,23
60,1,0.6,0.2,0.5,50,1,15,23
60,1,0.6,0.2,0.5,50,2,9,23
60,1,0.6,0.2,0.5,50,3,6,23
60,1,0.6,0.2,0.5,50,4,6,23
60,1,0.6,0.2,0.5,50,5,9,23
60,1,0.6,0.2,0.5,50,6,15,23
60,1,0.6,0.2,0.5,50,7,15,23
60,1,0.6,0.2,0.5,50,8,4,23
60,1,0.6,0.2,0.5,50,9,15,23
60,1,0.6,0.2,0.5,50,10,15,23
60,1,0.6,0.2,0.5,50,11,9,23
60,1,0.6,0.2,0.5,50,12,9,23
60,1,0.6,0.2,0.5,50,13,9,23
60,1,0.6,0.2,0.5,50,14,15,23
60,1,0.6,0.2,0.5,50,15,15,23
60,1,0.6,0.2,0.5,50,16,15,23
60,1,0.6,0.2,0.5,50,17,9,23
60,1,0.6,0.2,0.5,50,18,15,23
60,1,0.6,0.2,0.5,50,19,9,23
60,1,0.6,0.2,0.5,50,20,15,23
60,1,0.6,0.2,0.5,50,21,9,23
60,1,0.6,0.2,0.5,50,22,15,23
60,1,0.6,0.2,0.5,50,23,15,23
60,1,0.6,0.2,0.5,50,24,9,23
60,1,0.6,0.2,0.5,50,25,9,23
60,1,0.6,0.2,0.5,50,26,9,23
60,1,0.6,0.2,0.5,50,27,15,23
60,1,0.6,0.2,0.5,50,28,15,23
60,1,0.6,0.2,0.5,50,29,15,23
60,1,0.6,0.2,0.5,50,30,15,23
60,1,0.6,0.2,0.5,50,31,9,23
60,1,0.6,0.2,0.5,50,32,9,23
60,1,0.6,0.2,0.5,50,33,15,23
60,1,0.6,0.2,0.5,50,34,15,23
60,1,0.6,0.2,0.5,50,35,15,23
60,1,0.6,0.2,0.5,50,36,6,23
60,1,0.6,0.2,0.5,50,37,15,23
60,1,0.6,0.2,0.5,50,38,9,23
60,1,0.6,0.2,0.5,50,39,9,23
60,1,0.6,0.2,0.5,50,40,15,23
60,1,0.6,0.2,0.5,50,41,15,23
60,1,0.6,0.2,0.5,50,42,6,23
60,1,0.6,0.2,0.5,50,43,15,23
60,1,0.6,0.2,0.5,50,44,15,23
60,1,0.6,0.2,0.5,50,45,15,23
60,1,0.6,0.2,0.5,50,46,15,23
60,1,0.6,0.2,0.5,50,47,9,23
60,1,0.6,0.2,0.5,50,48,15,23
60,1,0.6,0.2,0.5,50,49,15,23
60,1,0.6,0.2,0.5,50,50,15,23
100,1,0.6,0.2,0.5,50,1,6,23
100,1,0.6,0.2,0.5,50,2,9,23
100,1,0.6,0.2,0.5,50,3,15,23
100,1,0.6,0.2,0.5,50,4,9,23
100,1,0.6,0.2,0.5,50,5,9,23
100,1,0.6,0.2,0.5,50,6,15,23
100,1,0.6,0.2,0.5,50,7,15,23
100,1,0.6,0.2,0.5,50,8,6,23
100,1,0.6,0.2,0.5,50,9,15,23
100,1,0.6,0.2,0.5,50,10,9,23
100,1,0.6,0.2,0.5,50,11,9,23
100,1,0.6,0.2,0.5,50,12,9,23
100,1,0.6,0.2,0.5,50,13,9,23
100,1,0.6,0.2,0.5,50,14,15,23
100,1,0.6,0.2,0.5,50,15,15,23
100,1,0.6,0.2,0.5,50,16,15,23
100,1,0.6,0.2,0.5,50,17,9,23
100,1,0.6,0.2,0.5,50,18,9,23
100,1,0.6,0.2,0.5,50,19,9,23
100,1,0.6,0.2,0.5,50,20,9,23
100,1,0.6,0.2,0.5,50,21,9,23
100,1,0.6,0.2,0.5,50,22,15,23
100,1,0.6,0.2,0.5,50,23,9,23
100,1,0.6,0.2,0.5,50,24,9,23
100,1,0.6,0.2,0.5,50,25,9,23
100,1,0.6,0.2,0.5,50,26,9,23
100,1,0.6,0.2,0.5,50,27,9,23
100,1,0.6,0.2,0.5,50,28,9,23
100,1,0.6,0.2,0.5,50,29,15,23
100,1,0.6,0.2,0.5,50,30,9,23
100,1,0.6,0.2,0.5,50,31,9,23
100,1,0.6,0.2,0.5,50,32,9,23
100,1,0.6,0.2,0.5,50,33,15,23
100,1,0.6,0.2,0.5,50,34,15,23
100,1,0.6,0.2,0.5,50,35,9,23
100,1,0.6,0.2,0.5,50,36,9,23
100,1,0.6,0.2,0.5,50,37,15,23
100,1,0.6,0.2,0.5,50,38,9,23
100,1,0.6,0.2,0.5,50,39,15,23
100,1,0.6,0.2,0.5,50,40,15,23
100,1,0.6,0.2,0.5,50,41,15,23
100,1,0.6,0.2,0.5,50,42,6,23
100,1,0.6,0.2,0.5,50,43,15,23
100,1,0.6,0.2,0.5,50,44,9,23
100,1,0.6,0.2,0.5,50,45,9,23
100,1,0.6,0.2,0.5,50,46,9,23
100,1,0.6,0.2,0.5,50,47,9,23
100,1,0.6,0.2,0.5,50,48,9,23
100,1,0.6,0.2,0.5,50,49,15,23
100,1,0.6,0.2,0.5,50,50,9,23
10,1.5,0.6,0.2,0.5,50,1,88,23
10,1.5,0.6,0.2,0.5,50,2,139,23
10,1.5,0.6,0.2,0.5,50,3,57,23
10,1.5,0.6,0.2,0.5,50,4,88,23
10,1.5,0.6,0.2,0.5,50,5,139,23
10,1.5,0.6,0.2,0.5,50,6,340,23
10,1.5,0.6,0.2,0.5,50,7,57,23
10,1.5,0.6,0.2,0.5,50,8,88,23
10,1.5,0.6,0.2,0.5,50,9,139,23
10,1.5,0.6,0.2,0.5,50,10,88,23
10,1.5,0.6,0.2,0.5,50,11,57,23
10,1.5,0.6,0.2,0.5,50,12,57,23
10,1.5,0.6,0.2,0.5,50,13,139,23
10,1.5,0.6,0.2,0.5,50,14,57,23
10,1.5,0.6,0.2,0.5,50,15,88,23
10,1.5,0.6,0.2,0.5,50,16,139,23
10,1.5,0.6,0.2,0.5,50,17,57,23
10,1.5,0.6,0.2,0.5,50,18,57,23
10,1.5,0.6,0.2,0.5,50,19,57,23
10,1.5,0.6,0.2,0.5,50,20,88,23
10,1.5,0.6,0.2,0.5,50,21,36,23
10,1.5,0.6,0.2,0.5,50,22,88,23
10,1.5,0.6,0.2,0.5,50,23,88,23
10,1.5,0.6,0.2,0.5,50,24,15,23
10,1.5,0.6,0.2,0.5,50,25,57,23
10,1.5,0.6,0.2,0.5,50,26,57,23
10,1.5,0.6,0.2,0.5,50,27,139,23
10,1.5,0.6,0.2,0.5,50,28,139,23
10,1.5,0.6,0.2,0.5,50,29,139,23
10,1.5,0.6,0.2,0.5,50,30,217,23
10,1.5,0.6,0.2,0.5,50,31,36,23
10,1.5,0.6,0.2,0.5,50,32,23,23
10,1.5,0.6,0.2,0.5,50,33,57,23
10,1.5,0.6,0.2,0.5,50,34,139,23
10,1.5,0.6,0.2,0.5,50,35,88,23
10,1.5,0.6,0.2,0.5,50,36,57,23
10,1.5,0.6,0.2,0.5,50,37,139,23
10,1.5,0.6,0.2,0.5,50,38,88,23
10,1.5,0.6,0.2,0.5,50,39,23,23
10,1.5,0.6,0.2,0.5,50,40,88,23
10,1.5,0.6,0.2,0.5,50,41,88,23
10,1.5,0.6,0.2,0.5,50,42,88,23
10,1.5,0.6,0.2,0.5,50,43,217,23
10,1.5,0.6,0.2,0.5,50,44,139,23
10,1.5,0.6,0.2,0.5,50,45,36,23
10,1.5,0.6,0.2,0.5,50,46,139,23
10,1.5,0.6,0.2,0.5,50,47,36,23
10,1.5,0.6,0.2,0.5,50,48,88,23
10,1.5,0.6,0.2,0.5,50,49,88,23
10,1.5,0.6,0.2,0.5,50,50,88,23
30,1.5,0.6,0.2,0.5,50,1,23,23
30,1.5,0.6,0.2,0.5,50,2,23,23
30,1.5,0.6,0.2,0.5,50,3,23,23
30,1.5,0.6,0.2,0.5,50,4,36,23
30,1.5,0.6,0.2,0.5,50,5,23,23
30,1.5,0.6,0.2,0.5,50,6,57,23
30,1.5,0.6,0.2,0.5,50,7,23,23
30,1.5,0.6,0.2,0.5,50,8,36,23
30,1.5,0.6,0.2,0.5,50,9,23,23
30,1.5,0.6,0.2,0.5,50,10,23,23
30,1.5,0.6,0.2,0.5,50,11,23,23
30,1.5,0.6,0.2,0.5,50,12,23,23
30,1.5,0.6,0.2,0.5,50,13,36,23
30,1.5,0.6,0.2,0.5,50,14,23,23
30,1.5,0.6,0.2,0.5,50,15,36,23
30,1.5,0.6,0.2,0.5,50,16,36,23
30,1.5,0.6,0.2,0.5,50,17,23,23
30,1.5,0.6,0.2,0.5,50,18,23,23
30,1.5,0.6,0.2,0.5,50,19,15,23
30,1.5,0.6,0.2,0.5,50,20,15,23
30,1.5,0.6,0.2,0.5,50,21,15,23
30,1.5,0.6,0.2,0.5,50,22,23,23
30,1.5,0.6,0.2,0.5,50,23,23,23
30,1.5,0.6,0.2,0.5,50,24,9,23
30,1.5,0.6,0.2,0.5,50,25,15,23
30,1.5,0.6,0.2,0.5,50,26,23,23
30,1.5,0.6,0.2,0.5,50,27,36,23
30,1.5,0.6,0.2,0.5,50,28,23,23
30,1.5,0.6,0.2,0.5,50,29,23,23
30,1.5,0.6,0.2,0.5,50,30,36,23
30,1.5,0.6,0.2,0.5,50,31,23,23
30,1.5,0.6,0.2,0.5,50,32,15,23
30,1.5,0.6,0.2,0.5,50,33,36,23
30,1.5,0.6,0.2,0.5,50,34,36,23
30,1.5,0.6,0.2,0.5,50,35,23,23
30,1.5,0.6,0.2,0.5,50,36,36,23
30,1.5,0.6,0.2,0.5,50,37,23,23
30,1.5,0.6,0.2,0.5,50,38,36,23
30,1.5,0.6,0.2,0.5,50,39,15,23
30,1.5,0.6,0.2,0.5,50,40,23,23
30,1.5,0.6,0.2,0.5,50,41,23,23
30,1.5,0.6,0.2,0.5,50,42,36,23
30,1.5,0.6,0.2,0.5,50,43,36,23
30,1.5,0.6,0.2,0.5,50,44,36,23
30,1.5,0.6,0.2,0.5,50,45,23,23
30,1.5,0.6,0.2,0.5,50,46,23,23
30,1.5,0.6,0.2,0.5,50,47,23,23
30,1.5,0.6,0.2,0.5,50,48,15,23
30,1.5,0.6,0.2,0.5,50,49,36,23
30,1.5,0.6,0.2,0.5,50,50,23,23
60,1.5,0.6,0.2,0.5,50,1,15,23
60,1.5,0.6,0.2,0.5,50,2,15,23
60,1.5,0.6,0.2,0.5,50,3,15,23
60,1.5,0.6,0.2,0.5,50,4,23,23
60,1.5,0.6,0.2,0.5,50,5,15,23
60,1.5,0.6,0.2,0.5,50,6,23,23
60,1.5,0.6,0.2,0.5,50,7,15,23
60,1.5,0.6,0.2,0.5,50,8,15,23
60,1.5,0.6,0.2,0.5,50,9,23,23
60,1.5,0.6,0.2,0.5,50,10,23,23
60,1.5,0.6,0.2,0.5,50,11,15,23
60,1.5,0.6,0.2,0.5,50,12,15,23
60,1.5,0.6,0.2,0.5,50,13,15,23
60,1.5,0.6,0.2,0.5,50,14,23,23
60,1.5,0.6,0.2,0.5,50,15,23,23
60,1.5,0.6,0.2,0.5,50,16,15,23
60,1.5,0.6,0.2,0.5,50,17,15,23
60,1.5,0.6,0.2,0.5,50,18,23,23
60,1.5,0.6,0.2,0.5,50,19,15,23
60,1.5,0.6,0.2,0.5,50,20,15,23
60,1.5,0.6,0.2,0.5,50,21,15,23
60,1.5,0.6,0.2,0.5,50,22,15,23
60,1.5,0.6,0.2,0.5,50,23,15,23
60,1.5,0.6,0.2,0.5,50,24,15,23
60,1.5,0.6,0.2,0.5,50,25,15,23
60,1.5,0.6,0.2,0.5,50,26,15,23
60,1.5,0.6,0.2,0.5,50,27,15,23
60,1.5,0.6,0.2,0.5,50,28,15,23
60,1.5,0.6,0.2,0.5,50,29,23,23
60,1.5,0.6,0.2,0.5,50,30,23,23
60,1.5,0.6,0.2,0.5,50,31,23,23
60,1.5,0.6,0.2,0.5,50,32,23,23
60,1.5,0.6,0.2,0.5,50,33,36,23
60,1.5,0.6,0.2,0.5,50,34,9,23
60,1.5,0.6,0.2,0.5,50,35,23,23
60,1.5,0.6,0.2,0.5,50,36,15,23
60,1.5,0.6,0.2,0.5,50,37,23,23
60,1.5,0.6,0.2,0.5,50,38,23,23
60,1.5,0.6,0.2,0.5,50,39,9,23
60,1.5,0.6,0.2,0.5,50,40,23,23
60,1.5,0.6,0.2,0.5,50,41,23,23
60,1.5,0.6,0.2,0.5,50,42,15,23
60,1.5,0.6,0.2,0.5,50,43,23,23
60,1.5,0.6,0.2,0.5,50,44,23,23
60,1.5,0.6,0.2,0.5,50,45,15,23
60,1.5,0.6,0.2,0.5,50,46,23,23
60,1.5,0.6,0.2,0.5,50,47,15,23
60,1.5,0.6,0.2,0.5,50,48,15,23
60,1.5,0.6,0.2,0.5,50,49,23,23
60,1.5,0.6,0.2,0.5,50,50,6,23
100,1.5,0.6,0.2,0.5,50,1,15,23
100,1.5,0.6,0.2,0.5,50,2,15,23
100,1.5,0.6,0.2,0.5,50,3,15,23
100,1.5,0.6,0.2,0.5,50,4,23,23
100,1.5,0.6,0.2,0.5,50,5,9,23
100,1.5,0.6,0.2,0.5,50,6,15,23
100,1.5,0.6,0.2,0.5,50,7,6,23
100,1.5,0.6,0.2,0.5,50,8,23,23
100,1.5,0.6,0.2,0.5,50,9,15,23
100,1.5,0.6,0.2,0.5,50,10,15,23
100,1.5,0.6,0.2,0.5,50,11,15,23
100,1.5,0.6,0.2,0.5,50,12,15,23
100,1.5,0.6,0.2,0.5,50,13,15,23
100,1.5,0.6,0.2,0.5,50,14,15,23
100,1.5,0.6,0.2,0.5,50,15,15,23
100,1.5,0.6,0.2,0.5,50,16,15,23
100,1.5,0.6,0.2,0.5,50,17,15,23
100,1.5,0.6,0.2,0.5,50,18,23,23
100,1.5,0.6,0.2,0.5,50,19,6,23
100,1.5,0.6,0.2,0.5,50,20,15,23
100,1.5,0.6,0.2,0.5,50,21,9,23
100,1.5,0.6,0.2,0.5,50,22,15,23
100,1.5,0.6,0.2,0.5,50,23,15,23
100,1.5,0.6,0.2,0.5,50,24,23,23
100,1.5,0.6,0.2,0.5,50,25,15,23
100,1.5,0.6,0.2,0.5,50,26,15,23
100,1.5,0.6,0.2,0.5,50,27,23,23
100,1.5,0.6,0.2,0.5,50,28,15,23
100,1.5,0.6,0.2,0.5,50,29,15,23
100,1.5,0.6,0.2,0.5,50,30,9,23
100,1.5,0.6,0.2,0.5,50,31,15,23
100,1.5,0.6,0.2,0.5,50,32,15,23
100,1.5,0.6,0.2,0.5,50,33,23,23
100,1.5,0.6,0.2,0.5,50,34,15,23
100,1.5,0.6,0.2,0.5,50,35,6,23
100,1.5,0.6,0.2,0.5,50,36,15,23
100,1.5,0.6,0.2,0.5,50,37,9,23
100,1.5,0.6,0.2,0.5,50,38,15,23
100,1.5,0.6,0.2,0.5,50,39,15,23
100,1.5,0.6,0.2,0.5,50,40,15,23
100,1.5,0.6,0.2,0.5,50,41,9,23
100,1.5,0.6,0.2,0.5,50,42,23,23
100,1.5,0.6,0.2,0.5,50,43,15,23
100,1.5,0.6,0.2,0.5,50,44,23,23
100,1.5,0.6,0.2,0.5,50,45,15,23
100,1.5,0.6,0.2,0.5,50,46,15,23
100,1.5,0.6,0.2,0.5,50,47,15,23
100,1.5,0.6,0.2,0.5,50,48,9,23
100,1.5,0.6,0.2,0.5,50,49,23,23
100,1.5,0.6,0.2,0.5,50,50,15,23
10,0.5,0.7,0.2,0.5,50,1,23,23
10,0.5,0.7,0.2,0.5,50,2,23,23
10,0.5,0.7,0.2,0.5,50,3,23,23
10,0.5,0.7,0.2,0.5,50,4,15,23
10,0.5,0.7,0.2,0.5,50,5,15,23
10,0.5,0.7,0.2,0.5,50,6,15,23
10,0.5,0.7,0.2,0.5,50,7,36,23
10,0.5,0.7,0.2,0.5,50,8,36,23
10,0.5,0.7,0.2,0.5,50,9,23,23
10,0.5,0.7,0.2,0.5,50,10,36,23
10,0.5,0.7,0.2,0.5,50,11,23,23
10,0.5,0.7,0.2,0.5,50,12,23,23
10,0.5,0.7,0.2,0.5,50,13,36,23
10,0.5,0.7,0.2,0.5,50,14,23,23
10,0.5,0.7,0.2,0.5,50,15,23,23
10,0.5,0.7,0.2,0.5,50,16,23,23
10,0.5,0.7,0.2,0.5,50,17,36,23
10,0.5,0.7,0.2,0.5,50,18,23,23
10,0.5,0.7,0.2,0.5,50,19,23,23
10,0.5,0.7,0.2,0.5,50,20,23,23
10,0.5,0.7,0.2,0.5,50,21,23,23
10,0.5,0.7,0.2,0.5,50,22,23,23
10,0.5,0.7,0.2,0.5,50,23,23,23
10,0.5,0.7,0.2,0.5,50,24,15,23
10,0.5,0.7,0.2,0.5,50,25,23,23
10,0.5,0.7,0.2,0.5,50,26,23,23
10,0.5,0.7,0.2,0.5,50,27,23,23
10,0.5,0.7,0.2,0.5,50,28,36,23
10,0.5,0.7,0.2,0.5,50,29,36,23
10,0.5,0.7,0.2,0.5,50,30,23,23
10,0.5,0.7,0.2,0.5,50,31,23,23
10,0.5,0.7,0.2,0.5,50,32,36,23
10,0.5,0.7,0.2,0.5,50,33,23,23
10,0.5,0.7,0.2,0.5,50,34,36,23
10,0.5,0.7,0.2,0.5,50,35,23,23
10,0.5,0.7,0.2,0.5,50,36,23,23
10,0.5,0.7,0.2,0.5,50,37,23,23
10,0.5,0.7,0.2,0.5,50,38,23,23
10,0.5,0.7,0.2,0.5,50,39,23,23
10,0.5,0.7,0.2,0.5,50,40,23,23
10,0.5,0.7,0.2,0.5,50,41,23,23
10,0.5,0.7,0.2,0.5,50,42,23,23
10,0.5,0.7,0.2,0.5,50,43,23,23
10,0.5,0.7,0.2,0.5,50,44,23,23
10,0.5,0.7,0.2,0.5,50,45,23,23
10,0.5,0.7,0.2,0.5,50,46,36,23
10,0.5,0.7,0.2,0.5,50,47,23,23
10,0.5,0.7,0.2,0.5,50,48,23,23
10,0.5,0.7,0.2,0.5,50,49,23,23
10,0.5,0.7,0.2,0.5,50,50,23,23
30,0.5,0.7,0.2,0.5,50,1,15,23
30,0.5,0.7,0.2,0.5,50,2,15,23
30,0.5,0.7,0.2,0.5,50,3,15,23
30,0.5,0.7,0.2,0.5,50,4,9,23
30,0.5,0.7,0.2,0.5,50,5,15,23
30,0.5,0.7,0.2,0.5,50,6,9,23
30,0.5,0.7,0.2,0.5,50,7,9,23
30,0.5,0.7,0.2,0.5,50,8,9,23
30,0.5,0.7,0.2,0.5,50,9,15,23
30,0.5,0.7,0.2,0.5,50,10,15,23
30,0.5,0.7,0.2,0.5,50,11,15,23
30,0.5,0.7,0.2,0.5,50,12,15,23
30,0.5,0.7,0.2,0.5,50,13,15,23
30,0.5,0.7,0.2,0.5,50,14,9,23
30,0.5,0.7,0.2,0.5,50,15,15,23
30,0.5,0.7,0.2,0.5,50,16,9,23
30,0.5,0.7,0.2,0.5,50,17,9,23
30,0.5,0.7,0.2,0.5,50,18,15,23
30,0.5,0.7,0.2,0.5,50,19,15,23
30,0.5,0.7,0.2,0.5,50,20,15,23
30,0.5,0.7,0.2,0.5,50,21,9,23
30,0.5,0.7,0.2,0.5,50,22,15,23
30,0.5,0.7,0.2,0.5,50,23,15,23
30,0.5,0.7,0.2,0.5,50,24,9,23
30,0.5,0.7,0.2,0.5,50,25,9,23
30,0.5,0.7,0.2,0.5,50,26,9,23
30,0.5,0.7,0.2,0.5,50,27,9,23
30,0.5,0.7,0.2,0.5,50,28,15,23
30,0.5,0.7,0.2,0.5,50,29,15,23
30,0.5,0.7,0.2,0.5,50,30,15,23
30,0.5,0.7,0.2,0.5,50,31,9,23
30,0.5,0.7,0.2,0.5,50,32,4,23
30,0.5,0.7,0.2,0.5,50,33,15,23
30,0.5,0.7,0.2,0.5,50,34,9,23
30,0.5,0.7,0.2,0.5,50,35,15,23
30,0.5,0.7,0.2,0.5,50,36,9,23
30,0.5,0.7,0.2,0.5,50,37,15,23
30,0.5,0.7,0.2,0.5,50,38,15,23
30,0.5,0.7,0.2,0.5,50,39,15,23
30,0.5,0.7,0.2,0.5,50,40,15,23
30,0.5,0.7,0.2,0.5,50,41,9,23
30,0.5,0.7,0.2,0.5,50,42,9,23
30,0.5,0.7,0.2,0.5,50,43,9,23
30,0.5,0.7,0.2,0.5,50,44,9,23
30,0.5,0.7,0.2,0.5,50,45,15,23
30,0.5,0.7,0.2,0.5,50,46,9,23
30,0.5,0.7,0.2,0.5,50,47,9,23
30,0.5,0.7,0.2,0.5,50,48,15,23
30,0.5,0.7,0.2,0.5,50,49,15,23
30,0.5,0.7,0.2,0.5,50,50,15,23
60,0.5,0.7,0.2,0.5,50,1,9,23
60,0.5,0.7,0.2,0.5,50,2,9,23
60,0.5,0.7,0.2,0.5,50,3,9,23
60,0.5,0.7,0.2,0.5,50,4,9,23
60,0.5,0.7,0.2,0.5,50,5,9,23
60,0.5,0.7,0.2,0.5,50,6,9,23
60,0.5,0.7,0.2,0.5,50,7,9,23
60,0.5,0.7,0.2,0.5,50,8,9,23
60,0.5,0.7,0.2,0.5,50,9,9,23
60,0.5,0.7,0.2,0.5,50,10,9,23
60,0.5,0.7,0.2,0.5,50,11,9,23
60,0.5,0.7,0.2,0.5,50,12,6,23
60,0.5,0.7,0.2,0.5,50,13,9,23
60,0.5,0.7,0.2,0.5,50,14,9,23
60,0.5,0.7,0.2,0.5,50,15,9,23
60,0.5,0.7,0.2,0.5,50,16,9,23
60,0.5,0.7,0.2,0.5,50,17,9,23
60,0.5,0.7,0.2,0.5,50,18,15,23
60,0.5,0.7,0.2,0.5,50,19,9,23
60,0.5,0.7,0.2,0.5,50,20,9,23
60,0.5,0.7,0.2,0.5,50,21,9,23
60,0.5,0.7,0.2,0.5,50,22,9,23
60,0.5,0.7,0.2,0.5,50,23,9,23
60,0.5,0.7,0.2,0.5,50,24,6,23
60,0.5,0.7,0.2,0.5,50,25,9,23
60,0.5,0.7,0.2,0.5,50,26,9,23
60,0.5,0.7,0.2,0.5,50,27,9,23
60,0.5,0.7,0.2,0.5,50,28,9,23
60,0.5,0.7,0.2,0.5,50,29,9,23
60,0.5,0.7,0.2,0.5,50,30,6,23
60,0.5,0.7,0.2,0.5,50,31,6,23
60,0.5,0.7,0.2,0.5,50,32,6,23
60,0.5,0.7,0.2,0.5,50,33,9,23
60,0.5,0.7,0.2,0.5,50,34,9,23
60,0.5,0.7,0.2,0.5,50,35,9,23
60,0.5,0.7,0.2,0.5,50,36,6,23
60,0.5,0.7,0.2,0.5,50,37,9,23
60,0.5,0.7,0.2,0.5,50,38,9,23
60,0.5,0.7,0.2,0.5,50,39,9,23
60,0.5,0.7,0.2,0.5,50,40,9,23
60,0.5,0.7,0.2,0.5,50,41,6,23
60,0.5,0.7,0.2,0.5,50,42,9,23
60,0.5,0.7,0.2,0.5,50,43,9,23
60,0.5,0.7,0.2,0.5,50,44,9,23
60,0.5,0.7,0.2,0.5,50,45,9,23
60,0.5,0.7,0.2,0.5,50,46,9,23
60,0.5,0.7,0.2,0.5,50,47,9,23
60,0.5,0.7,0.2,0.5,50,48,6,23
60,0.5,0.7,0.2,0.5,50,49,9,23
60,0.5,0.7,0.2,0.5,50,50,9,23
100,0.5,0.7,0.2,0.5,50,1,9,23
100,0.5,0.7,0.2,0.5,50,2,9,23
100,0.5,0.7,0.2,0.5,50,3,6,23
100,0.5,0.7,0.2,0.5,50,4,6,23
100,0.5,0.7,0.2,0.5,50,5,9,23
100,0.5,0.7,0.2,0.5,50,6,6,23
100,0.5,0.7,0.2,0.5,50,7,6,23
100,0.5,0.7,0.2,0.5,50,8,9,23
100,0.5,0.7,0.2,0.5,50,9,9,23
100,0.5,0.7,0.2,0.5,50,10,9,23
100,0.5,0.7,0.2,0.5,50,11,6,23
100,0.5,0.7,0.2,0.5,50,12,9,23
100,0.5,0.7,0.2,0.5,50,13,9,23
100,0.5,0.7,0.2,0.5,50,14,9,23
100,0.5,0.7,0.2,0.5,50,15,9,23
100,0.5,0.7,0.2,0.5,50,16,9,23
100,0.5,0.7,0.2,0.5,50,17,6,23
100,0.5,0.7,0.2,0.5,50,18,9,23
100,0.5,0.7,0.2,0.5,50,19,9,23
100,0.5,0.7,0.2,0.5,50,20,9,23
100,0.5,0.7,0.2,0.5,50,21,9,23
100,0.5,0.7,0.2,0.5,50,22,6,23
100,0.5,0.7,0.2,0.5,50,23,9,23
100,0.5,0.7,0.2,0.5,50,24,9,23
100,0.5,0.7,0.2,0.5,50,25,9,23
100,0.5,0.7,0.2,0.5,50,26,4,23
100,0.5,0.7,0.2,0.5,50,27,9,23
100,0.5,0.7,0.2,0.5,50,28,9,23
100,0.5,0.7,0.2,0.5,50,29,9,23
100,0.5,0.7,0.2,0.5,50,30,6,23
100,0.5,0.7,0.2,0.5,50,31,9,23
100,0.5,0.7,0.2,0.5,50,32,4,23
100,0.5,0.7,0.2,0.5,50,33,9,23
100,0.5,0.7,0.2,0.5,50,34,9,23
100,0.5,0.7,0.2,0.5,50,35,9,23
100,0.5,0.7,0.2,0.5,50,36,6,23
100,0.5,0.7,0.2,0.5,50,37,6,23
100,0.5,0.7,0.2,0.5,50,38,9,23
100,0.5,0.7,0.2,0.5,50,39,6,23
100,0.5,0.7,0.2,0.5,50,40,6,23
100,0.5,0.7,0.2,0.5,50,41,9,23
100,0.5,0.7,0.2,0.5,50,42,9,23
100,0.5,0.7,0.2,0.5,50,43,6,23
100,0.5,0.7,0.2,0.5,50,44,9,23
100,0.5,0.7,0.2,0.5,50,45,9,23
100,0.5,0.7,0.2,0.5,50,46,9,23
100,0.5,0.7,0.2,0.5,50,47,6,23
100,0.5,0.7,0.2,0.5,50,48,6,23
100,0.5,0.7,0.2,0.5,50,49,9,23
100,0.5,0.7,0.2,0.5,50,50,9,23
10,1,0.7,0.2,0.5,50,1,36,23
10,1,0.7,0.2,0.5,50,2,23,23
10,1,0.7,0.2,0.5,50,3,36,23
10,1,0.7,0.2,0.5,50,4,23,23
10,1,0.7,0.2,0.5,50,5,23,23
10,1,0.7,0.2,0.5,50,6,23,23
10,1,0.7,0.2,0.5,50,7,36,23
10,1,0.7,0.2,0.5,50,8,36,23
10,1,0.7,0.2,0.5,50,9,36,23
10,1,0.7,0.2,0.5,50,10,36,23
10,1,0.7,0.2,0.5,50,11,23,23
10,1,0.7,0.2,0.5,50,12,23,23
10,1,0.7,0.2,0.5,50,13,23,23
10,1,0.7,0.2,0.5,50,14,36,23
10,1,0.7,0.2,0.5,50,15,36,23
10,1,0.7,0.2,0.5,50,16,36,23
10,1,0.7,0.2,0.5,50,17,36,23
10,1,0.7,0.2,0.5,50,18,36,23
10,1,0.7,0.2,0.5,50,19,23,23
10,1,0.7,0.2,0.5,50,20,36,23
10,1,0.7,0.2,0.5,50,21,23,23
10,1,0.7,0.2,0.5,50,22,23,23
10,1,0.7,0.2,0.5,50,23,36,23
10,1,0.7,0.2,0.5,50,24,23,23
10,1,0.7,0.2,0.5,50,25,36,23
10,1,0.7,0.2,0.5,50,26,36,23
10,1,0.7,0.2,0.5,50,27,36,23
10,1,0.7,0.2,0.5,50,28,36,23
10,1,0.7,0.2,0.5,50,29,23,23
10,1,0.7,0.2,0.5,50,30,36,23
10,1,0.7,0.2,0.5,50,31,36,23
10,1,0.7,0.2,0.5,50,32,36,23
10,1,0.7,0.2,0.5,50,33,36,23
10,1,0.7,0.2,0.5,50,34,36,23
10,1,0.7,0.2,0.5,50,35,23,23
10,1,0.7,0.2,0.5,50,36,23,23
10,1,0.7,0.2,0.5,50,37,57,23
10,1,0.7,0.2,0.5,50,38,36,23
10,1,0.7,0.2,0.5,50,39,36,23
10,1,0.7,0.2,0.5,50,40,23,23
10,1,0.7,0.2,0.5,50,41,36,23
10,1,0.7,0.2,0.5,50,42,36,23
10,1,0.7,0.2,0.5,50,43,23,23
10,1,0.7,0.2,0.5,50,44,36,23
10,1,0.7,0.2,0.5,50,45,36,23
10,1,0.7,0.2,0.5,50,46,23,23
10,1,0.7,0.2,0.5,50,47,23,23
10,1,0.7,0.2,0.5,50,48,23,23
10,1,0.7,0.2,0.5,50,49,23,23
10,1,0.7,0.2,0.5,50,50,36,23
30,1,0.7,0.2,0.5,50,1,15,23
30,1,0.7,0.2,0.5,50,2,15,23
30,1,0.7,0.2,0.5,50,3,15,23
30,1,0.7,0.2,0.5,50,4,15,23
30,1,0.7,0.2,0.5,50,5,15,23
30,1,0.7,0.2,0.5,50,6,9,23
30,1,0.7,0.2,0.5,50,7,15,23
30,1,0.7,0.2,0.5,50,8,15,23
30,1,0.7,0.2,0.5,50,9,15,23
30,1,0.7,0.2,0.5,50,10,15,23
30,1,0.7,0.2,0.5,50,11,15,23
30,1,0.7,0.2,0.5,50,12,15,23
30,1,0.7,0.2,0.5,50,13,9,23
30,1,0.7,0.2,0.5,50,14,15,23
30,1,0.7,0.2,0.5,50,15,9,23
30,1,0.7,0.2,0.5,50,16,15,23
30,1,0.7,0.2,0.5,50,17,15,23
30,1,0.7,0.2,0.5,50,18,15,23
30,1,0.7,0.2,0.5,50,19,15,23
30,1,0.7,0.2,0.5,50,20,15,23
30,1,0.7,0.2,0.5,50,21,6,23
30,1,0.7,0.2,0.5,50,22,15,23
30,1,0.7,0.2,0.5,50,23,15,23
30,1,0.7,0.2,0.5,50,24,15,23
30,1,0.7,0.2,0.5,50,25,15,23
30,1,0.7,0.2,0.5,50,26,15,23
30,1,0.7,0.2,0.5,50,27,15,23
30,1,0.7,0.2,0.5,50,28,15,23
30,1,0.7,0.2,0.5,50,29,15,23
30,1,0.7,0.2,0.5,50,30,15,23
30,1,0.7,0.2,0.5,50,31,15,23
30,1,0.7,0.2,0.5,50,32,15,23
30,1,0.7,0.2,0.5,50,33,15,23
30,1,0.7,0.2,0.5,50,34,15,23
30,1,0.7,0.2,0.5,50,35,15,23
30,1,0.7,0.2,0.5,50,36,9,23
30,1,0.7,0.2,0.5,50,37,15,23
30,1,0.7,0.2,0.5,50,38,15,23
30,1,0.7,0.2,0.5,50,39,15,23
30,1,0.7,0.2,0.5,50,40,9,23
30,1,0.7,0.2,0.5,50,41,6,23
30,1,0.7,0.2,0.5,50,42,15,23
30,1,0.7,0.2,0.5,50,43,9,23
30,1,0.7,0.2,0.5,50,44,15,23
30,1,0.7,0.2,0.5,50,45,15,23
30,1,0.7,0.2,0.5,50,46,15,23
30,1,0.7,0.2,0.5,50,47,9,23
30,1,0.7,0.2,0.5,50,48,15,23
30,1,0.7,0.2,0.5,50,49,15,23
30,1,0.7,0.2,0.5,50,50,15,23
60,1,0.7,0.2,0.5,50,1,9,23
60,1,0.7,0.2,0.5,50,2,15,23
60,1,0.7,0.2,0.5,50,3,9,23
60,1,0.7,0.2,0.5,50,4,9,23
60,1,0.7,0.2,0.5,50,5,9,23
60,1,0.7,0.2,0.5,50,6,9,23
60,1,0.7,0.2,0.5,50,7,9,23
60,1,0.7,0.2,0.5,50,8,9,23
60,1,0.7,0.2,0.5,50,9,15,23
60,1,0.7,0.2,0.5,50,10,9,23
60,1,0.7,0.2,0.5,50,11,9,23
60,1,0.7,0.2,0.5,50,12,9,23
60,1,0.7,0.2,0.5,50,13,9,23
60,1,0.7,0.2,0.5,50,14,9,23
60,1,0.7,0.2,0.5,50,15,9,23
60,1,0.7,0.2,0.5,50,16,9,23
60,1,0.7,0.2,0.5,50,17,9,23
60,1,0.7,0.2,0.5,50,18,15,23
60,1,0.7,0.2,0.5,50,19,9,23
60,1,0.7,0.2,0.5,50,20,9,23
60,1,0.7,0.2,0.5,50,21,6,23
60,1,0.7,0.2,0.5,50,22,9,23
60,1,0.7,0.2,0.5,50,23,9,23
60,1,0.7,0.2,0.5,50,24,9,23
60,1,0.7,0.2,0.5,50,25,9,23
60,1,0.7,0.2,0.5,50,26,9,23
60,1,0.7,0.2,0.5,50,27,15,23
60,1,0.7,0.2,0.5,50,28,9,23
60,1,0.7,0.2,0.5,50,29,9,23
60,1,0.7,0.2,0.5,50,30,9,23
60,1,0.7,0.2,0.5,50,31,9,23
60,1,0.7,0.2,0.5,50,32,9,23
60,1,0.7,0.2,0.5,50,33,9,23
60,1,0.7,0.2,0.5,50,34,9,23
60,1,0.7,0.2,0.5,50,35,15,23
60,1,0.7,0.2,0.5,50,36,6,23
60,1,0.7,0.2,0.5,50,37,6,23
60,1,0.7,0.2,0.5,50,38,9,23
60,1,0.7,0.2,0.5,50,39,9,23
60,1,0.7,0.2,0.5,50,40,9,23
60,1,0.7,0.2,0.5,50,41,6,23
60,1,0.7,0.2,0.5,50,42,9,23
60,1,0.7,0.2,0.5,50,43,6,23
60,1,0.7,0.2,0.5,50,44,9,23
60,1,0.7,0.2,0.5,50,45,9,23
60,1,0.7,0.2,0.5,50,46,9,23
60,1,0.7,0.2,0.5,50,47,9,23
60,1,0.7,0.2,0.5,50,48,6,23
60,1,0.7,0.2,0.5,50,49,9,23
60,1,0.7,0.2,0.5,50,50,9,23
100,1,0.7,0.2,0.5,50,1,9,23
100,1,0.7,0.2,0.5,50,2,9,23
100,1,0.7,0.2,0.5,50,3,9,23
100,1,0.7,0.2,0.5,50,4,9,23
100,1,0.7,0.2,0.5,50,5,9,23
100,1,0.7,0.2,0.5,50,6,9,23
100,1,0.7,0.2,0.5,50,7,9,23
100,1,0.7,0.2,0.5,50,8,9,23
100,1,0.7,0.2,0.5,50,9,6,23
100,1,0.7,0.2,0.5,50,10,9,23
100,1,0.7,0.2,0.5,50,11,9,23
100,1,0.7,0.2,0.5,50,12,9,23
100,1,0.7,0.2,0.5,50,13,9,23
100,1,0.7,0.2,0.5,50,14,9,23
100,1,0.7,0.2,0.5,50,15,9,23
100,1,0.7,0.2,0.5,50,16,6,23
100,1,0.7,0.2,0.5,50,17,9,23
100,1,0.7,0.2,0.5,50,18,15,23
100,1,0.7,0.2,0.5,50,19,9,23
100,1,0.7,0.2,0.5,50,20,9,23
100,1,0.7,0.2,0.5,50,21,6,23
100,1,0.7,0.2,0.5,50,22,9,23
100,1,0.7,0.2,0.5,50,23,9,23
100,1,0.7,0.2,0.5,50,24,9,23
100,1,0.7,0.2,0.5,50,25,9,23
100,1,0.7,0.2,0.5,50,26,6,23
100,1,0.7,0.2,0.5,50,27,9,23
100,1,0.7,0.2,0.5,50,28,9,23
100,1,0.7,0.2,0.5,50,29,9,23
100,1,0.7,0.2,0.5,50,30,9,23
100,1,0.7,0.2,0.5,50,31,9,23
100,1,0.7,0.2,0.5,50,32,4,23
100,1,0.7,0.2,0.5,50,33,6,23
100,1,0.7,0.2,0.5,50,34,9,23
100,1,0.7,0.2,0.5,50,35,9,23
100,1,0.7,0.2,0.5,50,36,6,23
100,1,0.7,0.2,0.5,50,37,6,23
100,1,0.7,0.2,0.5,50,38,9,23
100,1,0.7,0.2,0.5,50,39,9,23
100,1,0.7,0.2,0.5,50,40,9,23
100,1,0.7,0.2,0.5,50,41,6,23
100,1,0.7,0.2,0.5,50,42,9,23
100,1,0.7,0.2,0.5,50,43,6,23
100,1,0.7,0.2,0.5,50,44,9,23
100,1,0.7,0.2,0.5,50,45,15,23
100,1,0.7,0.2,0.5,50,46,6,23
100,1,0.7,0.2,0.5,50,47,9,23
100,1,0.7,0.2,0.5,50,48,9,23
100,1,0.7,0.2,0.5,50,49,6,23
100,1,0.7,0.2,0.5,50,50,9,23
10,1.5,0.7,0.2,0.5,50,1,57,23
10,1.5,0.7,0.2,0.5,50,2,57,23
10,1.5,0.7,0.2,0.5,50,3,36,23
10,1.5,0.7,0.2,0.5,50,4,36,23
10,1.5,0.7,0.2,0.5,50,5,36,23
10,1.5,0.7,0.2,0.5,50,6,57,23
10,1.5,0.7,0.2,0.5,50,7,57,23
10,1.5,0.7,0.2,0.5,50,8,139,23
10,1.5,0.7,0.2,0.5,50,9,57,23
10,1.5,0.7,0.2,0.5,50,10,88,23
10,1.5,0.7,0.2,0.5,50,11,57,23
10,1.5,0.7,0.2,0.5,50,12,23,23
10,1.5,0.7,0.2,0.5,50,13,57,23
10,1.5,0.7,0.2,0.5,50,14,57,23
10,1.5,0.7,0.2,0.5,50,15,88,23
10,1.5,0.7,0.2,0.5,50,16,57,23
10,1.5,0.7,0.2,0.5,50,17,88,23
10,1.5,0.7,0.2,0.5,50,18,88,23
10,1.5,0.7,0.2,0.5,50,19,57,23
10,1.5,0.7,0.2,0.5,50,20,57,23
10,1.5,0.7,0.2,0.5,50,21,36,23
10,1.5,0.7,0.2,0.5,50,22,36,23
10,1.5,0.7,0.2,0.5,50,23,57,23
10,1.5,0.7,0.2,0.5,50,24,23,23
10,1.5,0.7,0.2,0.5,50,25,57,23
10,1.5,0.7,0.2,0.5,50,26,36,23
10,1.5,0.7,0.2,0.5,50,27,139,23
10,1.5,0.7,0.2,0.5,50,28,57,23
10,1.5,0.7,0.2,0.5,50,29,57,23
10,1.5,0.7,0.2,0.5,50,30,88,23
10,1.5,0.7,0.2,0.5,50,31,36,23
10,1.5,0.7,0.2,0.5,50,32,88,23
10,1.5,0.7,0.2,0.5,50,33,88,23
10,1.5,0.7,0.2,0.5,50,34,88,23
10,1.5,0.7,0.2,0.5,50,35,36,23
10,1.5,0.7,0.2,0.5,50,36,57,23
10,1.5,0.7,0.2,0.5,50,37,88,23
10,1.5,0.7,0.2,0.5,50,38,36,23
10,1.5,0.7,0.2,0.5,50,39,57,23
10,1.5,0.7,0.2,0.5,50,40,88,23
10,1.5,0.7,0.2,0.5,50,41,36,23
10,1.5,0.7,0.2,0.5,50,42,57,23
10,1.5,0.7,0.2,0.5,50,43,57,23
10,1.5,0.7,0.2,0.5,50,44,57,23
10,1.5,0.7,0.2,0.5,50,45,36,23
10,1.5,0.7,0.2,0.5,50,46,57,23
10,1.5,0.7,0.2,0.5,50,47,36,23
10,1.5,0.7,0.2,0.5,50,48,57,23
10,1.5,0.7,0.2,0.5,50,49,88,23
10,1.5,0.7,0.2,0.5,50,50,57,23
30,1.5,0.7,0.2,0.5,50,1,23,23
30,1.5,0.7,0.2,0.5,50,2,23,23
30,1.5,0.7,0.2,0.5,50,3,23,23
30,1.5,0.7,0.2,0.5,50,4,15,23
30,1.5,0.7,0.2,0.5,50,5,36,23
30,1.5,0.7,0.2,0.5,50,6,23,23
30,1.5,0.7,0.2,0.5,50,7,15,23
30,1.5,0.7,0.2,0.5,50,8,23,23
30,1.5,0.7,0.2,0.5,50,9,23,23
30,1.5,0.7,0.2,0.5,50,10,23,23
30,1.5,0.7,0.2,0.5,50,11,23,23
30,1.5,0.7,0.2,0.5,50,12,9,23
30,1.5,0.7,0.2,0.5,50,13,23,23
30,1.5,0.7,0.2,0.5,50,14,15,23
30,1.5,0.7,0.2,0.5,50,15,23,23
30,1.5,0.7,0.2,0.5,50,16,23,23
30,1.5,0.7,0.2,0.5,50,17,15,23
30,1.5,0.7,0.2,0.5,50,18,23,23
30,1.5,0.7,0.2,0.5,50,19,23,23
30,1.5,0.7,0.2,0.5,50,20,23,23
30,1.5,0.7,0.2,0.5,50,21,9,23
30,1.5,0.7,0.2,0.5,50,22,23,23
30,1.5,0.7,0.2,0.5,50,23,23,23
30,1.5,0.7,0.2,0.5,50,24,15,23
30,1.5,0.7,0.2,0.5,50,25,23,23
30,1.5,0.7,0.2,0.5,50,26,15,23
30,1.5,0.7,0.2,0.5,50,27,36,23
30,1.5,0.7,0.2,0.5,50,28,15,23
30,1.5,0.7,0.2,0.5,50,29,23,23
30,1.5,0.7,0.2,0.5,50,30,23,23
30,1.5,0.7,0.2,0.5,50,31,23,23
30,1.5,0.7,0.2,0.5,50,32,36,23
30,1.5,0.7,0.2,0.5,50,33,23,23
30,1.5,0.7,0.2,0.5,50,34,15,23
30,1.5,0.7,0.2,0.5,50,35,15,23
30,1.5,0.7,0.2,0.5,50,36,15,23
30,1.5,0.7,0.2,0.5,50,37,15,23
30,1.5,0.7,0.2,0.5,50,38,23,23
30,1.5,0.7,0.2,0.5,50,39,15,23
30,1.5,0.7,0.2,0.5,50,40,23,23
30,1.5,0.7,0.2,0.5,50,41,9,23
30,1.5,0.7,0.2,0.5,50,42,23,23
30,1.5,0.7,0.2,0.5,50,43,23,23
30,1.5,0.7,0.2,0.5,50,44,15,23
30,1.5,0.7,0.2,0.5,50,45,15,23
30,1.5,0.7,0.2,0.5,50,46,23,23
30,1.5,0.7,0.2,0.5,50,47,23,23
30,1.5,0.7,0.2,0.5,50,48,15,23
30,1.5,0.7,0.2,0.5,50,49,15,23
30,1.5,0.7,0.2,0.5,50,50,23,23
60,1.5,0.7,0.2,0.5,50,1,15,23
60,1.5,0.7,0.2,0.5,50,2,15,23
60,1.5,0.7,0.2,0.5,50,3,9,23
60,1.5,0.7,0.2,0.5,50,4,9,23
60,1.5,0.7,0.2,0.5,50,5,23,23
60,1.5,0.7,0.2,0.5,50,6,23,23
60,1.5,0.7,0.2,0.5,50,7,9,23
60,1.5,0.7,0.2,0.5,50,8,15,23
60,1.5,0.7,0.2,0.5,50,9,15,23
60,1.5,0.7,0.2,0.5,50,10,15,23
60,1.5,0.7,0.2,0.5,50,11,23,23
60,1.5,0.7,0.2,0.5,50,12,9,23
60,1.5,0.7,0.2,0.5,50,13,15,23
60,1.5,0.7,0.2,0.5,50,14,9,23
60,1.5,0.7,0.2,0.5,50,15,15,23
60,1.5,0.7,0.2,0.5,50,16,15,23
60,1.5,0.7,0.2,0.5,50,17,15,23
60,1.5,0.7,0.2,0.5,50,18,15,23
60,1.5,0.7,0.2,0.5,50,19,23,23
60,1.5,0.7,0.2,0.5,50,20,15,23
60,1.5,0.7,0.2,0.5,50,21,9,23
60,1.5,0.7,0.2,0.5,50,22,15,23
60,1.5,0.7,0.2,0.5,50,23,15,23
60,1.5,0.7,0.2,0.5,50,24,15,23
60,1.5,0.7,0.2,0.5,50,25,15,23
60,1.5,0.7,0.2,0.5,50,26,15,23
60,1.5,0.7,0.2,0.5,50,27,15,23
60,1.5,0.7,0.2,0.5,50,28,9,23
60,1.5,0.7,0.2,0.5,50,29,15,23
60,1.5,0.7,0.2,0.5,50,30,15,23
60,1.5,0.7,0.2,0.5,50,31,15,23
60,1.5,0.7,0.2,0.5,50,32,23,23
60,1.5,0.7,0.2,0.5,50,33,15,23
60,1.5,0.7,0.2,0.5,50,34,15,23
60,1.5,0.7,0.2,0.5,50,35,15,23
60,1.5,0.7,0.2,0.5,50,36,15,23
60,1.5,0.7,0.2,0.5,50,37,23,23
60,1.5,0.7,0.2,0.5,50,38,15,23
60,1.5,0.7,0.2,0.5,50,39,9,23
60,1.5,0.7,0.2,0.5,50,40,9,23
60,1.5,0.7,0.2,0.5,50,41,9,23
60,1.5,0.7,0.2,0.5,50,42,15,23
60,1.5,0.7,0.2,0.5,50,43,15,23
60,1.5,0.7,0.2,0.5,50,44,15,23
60,1.5,0.7,0.2,0.5,50,45,15,23
60,1.5,0.7,0.2,0.5,50,46,9,23
60,1.5,0.7,0.2,0.5,50,47,15,23
60,1.5,0.7,0.2,0.5,50,48,15,23
60,1.5,0.7,0.2,0.5,50,49,9,23
60,1.5,0.7,0.2,0.5,50,50,15,23
100,1.5,0.7,0.2,0.5,50,1,9,23
100,1.5,0.7,0.2,0.5,50,2,9,23
100,1.5,0.7,0.2,0.5,50,3,9,23
100,1.5,0.7,0.2,0.5,50,4,9,23
100,1.5,0.7,0.2,0.5,50,5,15,23
100,1.5,0.7,0.2,0.5,50,6,6,23
100,1.5,0.7,0.2,0.5,50,7,15,23
100,1.5,0.7,0.2,0.5,50,8,9,23
100,1.5,0.7,0.2,0.5,50,9,15,23
100,1.5,0.7,0.2,0.5,50,10,15,23
100,1.5,0.7,0.2,0.5,50,11,15,23
100,1.5,0.7,0.2,0.5,50,12,15,23
100,1.5,0.7,0.2,0.5,50,13,15,23
100,1.5,0.7,0.2,0.5,50,14,9,23
100,1.5,0.7,0.2,0.5,50,15,15,23
100,1.5,0.7,0.2,0.5,50,16,15,23
100,1.5,0.7,0.2,0.5,50,17,6,23
100,1.5,0.7,0.2,0.5,50,18,15,23
100,1.5,0.7,0.2,0.5,50,19,15,23
100,1.5,0.7,0.2,0.5,50,20,9,23
100,1.5,0.7,0.2,0.5,50,21,15,23
100,1.5,0.7,0.2,0.5,50,22,15,23
100,1.5,0.7,0.2,0.5,50,23,9,23
100,1.5,0.7,0.2,0.5,50,24,9,23
100,1.5,0.7,0.2,0.5,50,25,15,23
100,1.5,0.7,0.2,0.5,50,26,15,23
100,1.5,0.7,0.2,0.5,50,27,9,23
100,1.5,0.7,0.2,0.5,50,28,15,23
100,1.5,0.7,0.2,0.5,50,29,15,23
100,1.5,0.7,0.2,0.5,50,30,15,23
100,1.5,0.7,0.2,0.5,50,31,15,23
100,1.5,0.7,0.2,0.5,50,32,15,23
100,1.5,0.7,0.2,0.5,50,33,15,23
100,1.5,0.7,0.2,0.5,50,34,9,23
100,1.5,0.7,0.2,0.5,50,35,9,23
100,1.5,0.7,0.2,0.5,50,36,15,23
100,1.5,0.7,0.2,0.5,50,37,15,23
100,1.5,0.7,0.2,0.5,50,38,15,23
100,1.5,0.7,0.2,0.5,50,39,15,23
100,1.5,0.7,0.2,0.5,50,40,6,23
100,1.5,0.7,0.2,0.5,50,41,9,23
100,1.5,0.7,0.2,0.5,50,42,15,23
100,1.5,0.7,0.2,0.5,50,43,9,23
100,1.5,0.7,0.2,0.5,50,44,9,23
100,1.5,0.7,0.2,0.5,50,45,15,23
100,1.5,0.7,0.2,0.5,50,46,9,23
100,1.5,0.7,0.2,0.5,50,47,15,23
100,1.5,0.7,0.2,0.5,50,48,9,23
100,1.5,0.7,0.2,0.5,50,49,15,23
100,1.5,0.7,0.2,0.5,50,50,15,23
10,0.5,0.5,0.3,0.5,50,1,36,23
10,0.5,0.5,0.3,0.5,50,2,36,23
10,0.5,0.5,0.3,0.5,50,3,88,23
10,0.5,0.5,0.3,0.5,50,4,88,23
10,0.5,0.5,0.3,0.5,50,5,57,23
10,0.5,0.5,0.3,0.5,50,6,57,23
10,0.5,0.5,0.3,0.5,50,7,36,23
10,0.5,0.5,0.3,0.5,50,8,88,23
10,0.5,0.5,0.3,0.5,50,9,88,23
10,0.5,0.5,0.3,0.5,50,10,88,23
10,0.5,0.5,0.3,0.5,50,11,88,23
10,0.5,0.5,0.3,0.5,50,12,57,23
10,0.5,0.5,0.3,0.5,50,13,88,23
10,0.5,0.5,0.3,0.5,50,14,57,23
10,0.5,0.5,0.3,0.5,50,15,57,23
10,0.5,0.5,0.3,0.5,50,16,88,23
10,0.5,0.5,0.3,0.5,50,17,57,23
10,0.5,0.5,0.3,0.5,50,18,57,23
10,0.5,0.5,0.3,0.5,50,19,57,23
10,0.5,0.5,0.3,0.5,50,20,57,23
10,0.5,0.5,0.3,0.5,50,21,88,23
10,0.5,0.5,0.3,0.5,50,22,57,23
10,0.5,0.5,0.3,0.5,50,23,57,23
10,0.5,0.5,0.3,0.5,50,24,36,23
10,0.5,0.5,0.3,0.5,50,25,57,23
10,0.5,0.5,0.3,0.5,50,26,36,23
10,0.5,0.5,0.3,0.5,50,27,57,23
10,0.5,0.5,0.3,0.5,50,28,57,23
10,0.5,0.5,0.3,0.5,50,29,57,23
10,0.5,0.5,0.3,0.5,50,30,88,23
10,0.5,0.5,0.3,0.5,50,31,57,23
10,0.5,0.5,0.3,0.5,50,32,57,23
10,0.5,0.5,0.3,0.5,50,33,57,23
10,0.5,0.5,0.3,0.5,50,34,36,23
10,0.5,0.5,0.3,0.5,50,35,57,23
10,0.5,0.5,0.3,0.5,50,36,88,23
10,0.5,0.5,0.3,0.5,50,37,57,23
10,0.5,0.5,0.3,0.5,50,38,57,23
10,0.5,0.5,0.3,0.5,50,39,88,23
10,0.5,0.5,0.3,0.5,50,40,57,23
10,0.5,0.5,0.3,0.5,50,41,57,23
10,0.5,0.5,0.3,0.5,50,42,57,23
10,0.5,0.5,0.3,0.5,50,43,88,23
10,0.5,0.5,0.3,0.5,50,44,57,23
10,0.5,0.5,0.3,0.5,50,45,88,23
10,0.5,0.5,0.3,0.5,50,46,57,23
10,0.5,0.5,0.3,0.5,50,47,57,23
10,0.5,0.5,0.3,0.5,50,48,57,23
10,0.5,0.5,0.3,0.5,50,49,88,23
10,0.5,0.5,0.3,0.5,50,50,57,23
30,0.5,0.5,0.3,0.5,50,1,36,23
30,0.5,0.5,0.3,0.5,50,2,23,23
30,0.5,0.5,0.3,0.5,50,3,36,23
30,0.5,0.5,0.3,0.5,50,4,23,23
30,0.5,0.5,0.3,0.5,50,5,36,23
30,0.5,0.5,0.3,0.5,50,6,23,23
30,0.5,0.5,0.3,0.5,50,7,23,23
30,0.5,0.5,0.3,0.5,50,8,23,23
30,0.5,0.5,0.3,0.5,50,9,23,23
30,0.5,0.5,0.3,0.5,50,10,36,23
30,0.5,0.5,0.3,0.5,50,11,36,23
30,0.5,0.5,0.3,0.5,50,12,23,23
30,0.5,0.5,0.3,0.5,50,13,36,23
30,0.5,0.5,0.3,0.5,50,14,15,23
30,0.5,0.5,0.3,0.5,50,15,23,23
30,0.5,0.5,0.3,0.5,50,16,23,23
30,0.5,0.5,0.3,0.5,50,17,23,23
30,0.5,0.5,0.3,0.5,50,18,23,23
30,0.5,0.5,0.3,0.5,50,19,23,23
30,0.5,0.5,0.3,0.5,50,20,36,23
30,0.5,0.5,0.3,0.5,50,21,23,23
30,0.5,0.5,0.3,0.5,50,22,23,23
30,0.5,0.5,0.3,0.5,50,23,23,23
30,0.5,0.5,0.3,0.5,50,24,23,23
30,0.5,0.5,0.3,0.5,50,25,36,23
30,0.5,0.5,0.3,0.5,50,26,23,23
30,0.5,0.5,0.3,0.5,50,27,23,23
30,0.5,0.5,0.3,0.5,50,28,23,23
30,0.5,0.5,0.3,0.5,50,29,36,23
30,0.5,0.5,0.3,0.5,50,30,36,23
30,0.5,0.5,0.3,0.5,50,31,15,23
30,0.5,0.5,0.3,0.5,50,32,36,23
30,0.5,0.5,0.3,0.5,50,33,23,23
30,0.5,0.5,0.3,0.5,50,34,23,23
30,0.5,0.5,0.3,0.5,50,35,23,23
30,0.5,0.5,0.3,0.5,50,36,23,23
30,0.5,0.5,0.3,0.5,50,37,36,23
30,0.5,0.5,0.3,0.5,50,38,15,23
30,0.5,0.5,0.3,0.5,50,39,23,23
30,0.5,0.5,0.3,0.5,50,40,23,23
30,0.5,0.5,0.3,0.5,50,41,15,23
30,0.5,0.5,0.3,0.5,50,42,36,23
30,0.5,0.5,0.3,0.5,50,43,15,23
30,0.5,0.5,0.3,0.5,50,44,23,23
30,0.5,0.5,0.3,0.5,50,45,23,23
30,0.5,0.5,0.3,0.5,50,46,36,23
30,0.5,0.5,0.3,0.5,50,47,23,23
30,0.5,0.5,0.3,0.5,50,48,23,23
30,0.5,0.5,0.3,0.5,50,49,23,23
30,0.5,0.5,0.3,0.5,50,50,23,23
60,0.5,0.5,0.3,0.5,50,1,23,23
60,0.5,0.5,0.3,0.5,50,2,15,23
60,0.5,0.5,0.3,0.5,50,3,23,23
60,0.5,0.5,0.3,0.5,50,4,23,23
60,0.5,0.5,0.3,0.5,50,5,15,23
60,0.5,0.5,0.3,0.5,50,6,23,23
60,0.5,0.5,0.3,0.5,50,7,23,23
60,0.5,0.5,0.3,0.5,50,8,15,23
60,0.5,0.5,0.3,0.5,50,9,23,23
60,0.5,0.5,0.3,0.5,50,10,15,23
60,0.5,0.5,0.3,0.5,50,11,9,23
60,0.5,0.5,0.3,0.5,50,12,23,23
60,0.5,0.5,0.3,0.5,50,13,15,23
60,0.5,0.5,0.3,0.5,50,14,15,23
60,0.5,0.5,0.3,0.5,50,15,15,23
60,0.5,0.5,0.3,0.5,50,16,15,23
60,0.5,0.5,0.3,0.5,50,17,9,23
60,0.5,0.5,0.3,0.5,50,18,15,23
60,0.5,0.5,0.3,0.5,50,19,15,23
60,0.5,0.5,0.3,0.5,50,20,15,23
60,0.5,0.5,0.3,0.5,50,21,23,23
60,0.5,0.5,0.3,0.5,50,22,15,23
60,0.5,0.5,0.3,0.5,50,23,23,23
60,0.5,0.5,0.3,0.5,50,24,15,23
60,0.5,0.5,0.3,0.5,50,25,23,23
60,0.5,0.5,0.3,0.5,50,26,15,23
60,0.5,0.5,0.3,0.5,50,27,23,23
60,0.5,0.5,0.3,0.5,50,28,23,23
60,0.5,0.5,0.3,0.5,50,29,23,23
60,0.5,0.5,0.3,0.5,50,30,23,23
60,0.5,0.5,0.3,0.5,50,31,15,23
60,0.5,0.5,0.3,0.5,50,32,23,23
60,0.5,0.5,0.3,0.5,50,33,23,23
60,0.5,0.5,0.3,0.5,50,34,15,23
60,0.5,0.5,0.3,0.5,50,35,23,23
60,0.5,0.5,0.3,0.5,50,36,15,23
60,0.5,0.5,0.3,0.5,50,37,23,23
60,0.5,0.5,0.3,0.5,50,38,15,23
60,0.5,0.5,0.3,0.5,50,39,15,23
60,0.5,0.5,0.3,0.5,50,40,15,23
60,0.5,0.5,0.3,0.5,50,41,15,23
60,0.5,0.5,0.3,0.5,50,42,9,23
60,0.5,0.5,0.3,0.5,50,43,15,23
60,0.5,0.5,0.3,0.5,50,44,15,23
60,0.5,0.5,0.3,0.5,50,45,15,23
60,0.5,0.5,0.3,0.5,50,46,23,23
60,0.5,0.5,0.3,0.5,50,47,23,23
60,0.5,0.5,0.3,0.5,50,48,15,23
60,0.5,0.5,0.3,0.5,50,49,23,23
60,0.5,0.5,0.3,0.5,50,50,23,23
100,0.5,0.5,0.3,0.5,50,1,15,23
100,0.5,0.5,0.3,0.5,50,2,15,23
100,0.5,0.5,0.3,0.5,50,3,23,23
100,0.5,0.5,0.3,0.5,50,4,15,23
100,0.5,0.5,0.3,0.5,50,5,15,23
100,0.5,0.5,0.3,0.5,50,6,23,23
100,0.5,0.5,0.3,0.5,50,7,15,23
100,0.5,0.5,0.3,0.5,50,8,9,23
100,0.5,0.5,0.3,0.5,50,9,23,23
100,0.5,0.5,0.3,0.5,50,10,15,23
100,0.5,0.5,0.3,0.5,50,11,9,23
100,0.5,0.5,0.3,0.5,50,12,15,23
100,0.5,0.5,0.3,0.5,50,13,15,23
100,0.5,0.5,0.3,0.5,50,14,9,23
100,0.5,0.5,0.3,0.5,50,15,15,23
100,0.5,0.5,0.3,0.5,50,16,15,23
100,0.5,0.5,0.3,0.5,50,17,15,23
100,0.5,0.5,0.3,0.5,50,18,15,23
100,0.5,0.5,0.3,0.5,50,19,15,23
100,0.5,0.5,0.3,0.5,50,20,15,23
100,0.5,0.5,0.3,0.5,50,21,23,23
100,0.5,0.5,0.3,0.5,50,22,15,23
100,0.5,0.5,0.3,0.5,50,23,23,23
100,0.5,0.5,0.3,0.5,50,24,15,23
100,0.5,0.5,0.3,0.5,50,25,15,23
100,0.5,0.5,0.3,0.5,50,26,15,23
100,0.5,0.5,0.3,0.5,50,27,15,23
100,0.5,0.5,0.3,0.5,50,28,15,23
100,0.5,0.5,0.3,0.5,50,29,23,23
100,0.5,0.5,0.3,0.5,50,30,23,23
100,0.5,0.5,0.3,0.5,50,31,15,23
100,0.5,0.5,0.3,0.5,50,32,15,23
100,0.5,0.5,0.3,0.5,50,33,23,23
100,0.5,0.5,0.3,0.5,50,34,15,23
100,0.5,0.5,0.3,0.5,50,35,15,23
100,0.5,0.5,0.3,0.5,50,36,15,23
100,0.5,0.5,0.3,0.5,50,37,15,23
100,0.5,0.5,0.3,0.5,50,38,15,23
100,0.5,0.5,0.3,0.5,50,39,15,23
100,0.5,0.5,0.3,0.5,50,40,15,23
100,0.5,0.5,0.3,0.5,50,41,15,23
100,0.5,0.5,0.3,0.5,50,42,15,23
100,0.5,0.5,0.3,0.5,50,43,15,23
100,0.5,0.5,0.3,0.5,50,44,9,23
100,0.5,0.5,0.3,0.5,50,45,15,23
100,0.5,0.5,0.3,0.5,50,46,23,23
100,0.5,0.5,0.3,0.5,50,47,9,23
100,0.5,0.5,0.3,0.5,50,48,15,23
100,0.5,0.5,0.3,0.5,50,49,23,23
100,0.5,0.5,0.3,0.5,50,50,9,23
10,1,0.5,0.3,0.5,50,1,88,23
10,1,0.5,0.3,0.5,50,2,88,23
10,1,0.5,0.3,0.5,50,3,88,23
10,1,0.5,0.3,0.5,50,4,139,23
10,1,0.5,0.3,0.5,50,5,139,23
10,1,0.5,0.3,0.5,50,6,88,23
10,1,0.5,0.3,0.5,50,7,88,23
10,1,0.5,0.3,0.5,50,8,139,23
10,1,0.5,0.3,0.5,50,9,88,23
10,1,0.5,0.3,0.5,50,10,57,23
10,1,0.5,0.3,0.5,50,11,217,23
10,1,0.5,0.3,0.5,50,12,57,23
10,1,0.5,0.3,0.5,50,13,139,23
10,1,0.5,0.3,0.5,50,14,88,23
10,1,0.5,0.3,0.5,50,15,88,23
10,1,0.5,0.3,0.5,50,16,88,23
10,1,0.5,0.3,0.5,50,17,88,23
10,1,0.5,0.3,0.5,50,18,88,23
10,1,0.5,0.3,0.5,50,19,88,23
10,1,0.5,0.3,0.5,50,20,139,23
10,1,0.5,0.3,0.5,50,21,139,23
10,1,0.5,0.3,0.5,50,22,88,23
10,1,0.5,0.3,0.5,50,23,88,23
10,1,0.5,0.3,0.5,50,24,88,23
10,1,0.5,0.3,0.5,50,25,88,23
10,1,0.5,0.3,0.5,50,26,57,23
10,1,0.5,0.3,0.5,50,27,57,23
10,1,0.5,0.3,0.5,50,28,57,23
10,1,0.5,0.3,0.5,50,29,139,23
10,1,0.5,0.3,0.5,50,30,139,23
10,1,0.5,0.3,0.5,50,31,88,23
10,1,0.5,0.3,0.5,50,32,88,23
10,1,0.5,0.3,0.5,50,33,88,23
10,1,0.5,0.3,0.5,50,34,88,23
10,1,0.5,0.3,0.5,50,35,57,23
10,1,0.5,0.3,0.5,50,36,57,23
10,1,0.5,0.3,0.5,50,37,139,23
10,1,0.5,0.3,0.5,50,38,139,23
10,1,0.5,0.3,0.5,50,39,36,23
10,1,0.5,0.3,0.5,50,40,57,23
10,1,0.5,0.3,0.5,50,41,57,23
10,1,0.5,0.3,0.5,50,42,88,23
10,1,0.5,0.3,0.5,50,43,88,23
10,1,0.5,0.3,0.5,50,44,139,23
10,1,0.5,0.3,0.5,50,45,139,23
10,1,0.5,0.3,0.5,50,46,139,23
10,1,0.5,0.3,0.5,50,47,139,23
10,1,0.5,0.3,0.5,50,48,57,23
10,1,0.5,0.3,0.5,50,49,139,23
10,1,0.5,0.3,0.5,50,50,57,23
30,1,0.5,0.3,0.5,50,1,36,23
30,1,0.5,0.3,0.5,50,2,57,23
30,1,0.5,0.3,0.5,50,3,57,23
30,1,0.5,0.3,0.5,50,4,36,23
30,1,0.5,0.3,0.5,50,5,36,23
30,1,0.5,0.3,0.5,50,6,23,23
30,1,0.5,0.3,0.5,50,7,36,23
30,1,0.5,0.3,0.5,50,8,57,23
30,1,0.5,0.3,0.5,50,9,36,23
30,1,0.5,0.3,0.5,50,10,57,23
30,1,0.5,0.3,0.5,50,11,23,23
30,1,0.5,0.3,0.5,50,12,36,23
30,1,0.5,0.3,0.5,50,13,36,23
30,1,0.5,0.3,0.5,50,14,15,23
30,1,0.5,0.3,0.5,50,15,36,23
30,1,0.5,0.3,0.5,50,16,36,23
30,1,0.5,0.3,0.5,50,17,36,23
30,1,0.5,0.3,0.5,50,18,36,23
30,1,0.5,0.3,0.5,50,19,23,23
30,1,0.5,0.3,0.5,50,20,36,23
30,1,0.5,0.3,0.5,50,21,57,23
30,1,0.5,0.3,0.5,50,22,36,23
30,1,0.5,0.3,0.5,50,23,36,23
30,1,0.5,0.3,0.5,50,24,36,23
30,1,0.5,0.3,0.5,50,25,36,23
30,1,0.5,0.3,0.5,50,26,23,23
30,1,0.5,0.3,0.5,50,27,57,23
30,1,0.5,0.3,0.5,50,28,36,23
30,1,0.5,0.3,0.5,50,29,36,23
30,1,0.5,0.3,0.5,50,30,57,23
30,1,0.5,0.3,0.5,50,31,23,23
30,1,0.5,0.3,0.5,50,32,36,23
30,1,0.5,0.3,0.5,50,33,36,23
30,1,0.5,0.3,0.5,50,34,36,23
30,1,0.5,0.3,0.5,50,35,23,23
30,1,0.5,0.3,0.5,50,36,23,23
30,1,0.5,0.3,0.5,50,37,57,23
30,1,0.5,0.3,0.5,50,38,23,23
30,1,0.5,0.3,0.5,50,39,36,23
30,1,0.5,0.3,0.5,50,40,23,23
30,1,0.5,0.3,0.5,50,41,15,23
30,1,0.5,0.3,0.5,50,42,36,23
30,1,0.5,0.3,0.5,50,43,36,23
30,1,0.5,0.3,0.5,50,44,23,23
30,1,0.5,0.3,0.5,50,45,23,23
30,1,0.5,0.3,0.5,50,46,23,23
30,1,0.5,0.3,0.5,50,47,36,23
30,1,0.5,0.3,0.5,50,48,36,23
30,1,0.5,0.3,0.5,50,49,36,23
30,1,0.5,0.3,0.5,50,50,23,23
60,1,0.5,0.3,0.5,50,1,23,23
60,1,0.5,0.3,0.5,50,2,36,23
60,1,0.5,0.3,0.5,50,3,36,23
60,1,0.5,0.3,0.5,50,4,23,23
60,1,0.5,0.3,0.5,50,5,15,23
60,1,0.5,0.3,0.5,50,6,15,23
60,1,0.5,0.3,0.5,50,7,15,23
60,1,0.5,0.3,0.5,50,8,36,23
60,1,0.5,0.3,0.5,50,9,23,23
60,1,0.5,0.3,0.5,50,10,36,23
60,1,0.5,0.3,0.5,50,11,23,23
60,1,0.5,0.3,0.5,50,12,23,23
60,1,0.5,0.3,0.5,50,13,36,23
60,1,0.5,0.3,0.5,50,14,15,23
60,1,0.5,0.3,0.5,50,15,23,23
60,1,0.5,0.3,0.5,50,16,15,23
60,1,0.5,0.3,0.5,50,17,15,23
60,1,0.5,0.3,0.5,50,18,23,23
60,1,0.5,0.3,0.5,50,19,23,23
60,1,0.5,0.3,0.5,50,20,23,23
60,1,0.5,0.3,0.5,50,21,36,23
60,1,0.5,0.3,0.5,50,22,15,23
60,1,0.5,0.3,0.5,50,23,15,23
60,1,0.5,0.3,0.5,50,24,23,23
60,1,0.5,0.3,0.5,50,25,23,23
60,1,0.5,0.3,0.5,50,26,23,23
60,1,0.5,0.3,0.5,50,27,23,23
60,1,0.5,0.3,0.5,50,28,15,23
60,1,0.5,0.3,0.5,50,29,36,23
60,1,0.5,0.3,0.5,50,30,36,23
60,1,0.5,0.3,0.5,50,31,23,23
60,1,0.5,0.3,0.5,50,32,23,23
60,1,0.5,0.3,0.5,50,33,36,23
60,1,0.5,0.3,0.5,50,34,23,23
60,1,0.5,0.3,0.5,50,35,23,23
60,1,0.5,0.3,0.5,50,36,15,23
60,1,0.5,0.3,0.5,50,37,36,23
60,1,0.5,0.3,0.5,50,38,15,23
60,1,0.5,0.3,0.5,50,39,23,23
60,1,0.5,0.3,0.5,50,40,23,23
60,1,0.5,0.3,0.5,50,41,15,23
60,1,0.5,0.3,0.5,50,42,36,23
60,1,0.5,0.3,0.5,50,43,36,23
60,1,0.5,0.3,0.5,50,44,15,23
60,1,0.5,0.3,0.5,50,45,23,23
60,1,0.5,0.3,0.5,50,46,23,23
60,1,0.5,0.3,0.5,50,47,36,23
60,1,0.5,0.3,0.5,50,48,23,23
60,1,0.5,0.3,0.5,50,49,36,23
60,1,0.5,0.3,0.5,50,50,23,23
100,1,0.5,0.3,0.5,50,1,23,23
100,1,0.5,0.3,0.5,50,2,15,23
100,1,0.5,0.3,0.5,50,3,23,23
100,1,0.5,0.3,0.5,50,4,15,23
100,1,0.5,0.3,0.5,50,5,23,23
100,1,0.5,0.3,0.5,50,6,15,23
100,1,0.5,0.3,0.5,50,7,15,23
100,1,0.5,0.3,0.5,50,8,23,23
100,1,0.5,0.3,0.5,50,9,23,23
100,1,0.5,0.3,0.5,50,10,36,23
100,1,0.5,0.3,0.5,50,11,6,23
100,1,0.5,0.3,0.5,50,12,23,23
100,1,0.5,0.3,0.5,50,13,36,23
100,1,0.5,0.3,0.5,50,14,15,23
100,1,0.5,0.3,0.5,50,15,15,23
100,1,0.5,0.3,0.5,50,16,23,23
100,1,0.5,0.3,0.5,50,17,23,23
100,1,0.5,0.3,0.5,50,18,23,23
100,1,0.5,0.3,0.5,50,19,15,23
100,1,0.5,0.3,0.5,50,20,15,23
100,1,0.5,0.3,0.5,50,21,23,23
100,1,0.5,0.3,0.5,50,22,15,23
100,1,0.5,0.3,0.5,50,23,15,23
100,1,0.5,0.3,0.5,50,24,23,23
100,1,0.5,0.3,0.5,50,25,23,23
100,1,0.5,0.3,0.5,50,26,23,23
100,1,0.5,0.3,0.5,50,27,23,23
100,1,0.5,0.3,0.5,50,28,23,23
100,1,0.5,0.3,0.5,50,29,36,23
100,1,0.5,0.3,0.5,50,30,23,23
100,1,0.5,0.3,0.5,50,31,23,23
100,1,0.5,0.3,0.5,50,32,23,23
100,1,0.5,0.3,0.5,50,33,36,23
100,1,0.5,0.3,0.5,50,34,23,23
100,1,0.5,0.3,0.5,50,35,15,23
100,1,0.5,0.3,0.5,50,36,15,23
100,1,0.5,0.3,0.5,50,37,36,23
100,1,0.5,0.3,0.5,50,38,15,23
100,1,0.5,0.3,0.5,50,39,6,23
100,1,0.5,0.3,0.5,50,40,15,23
100,1,0.5,0.3,0.5,50,41,15,23
100,1,0.5,0.3,0.5,50,42,36,23
100,1,0.5,0.3,0.5,50,43,23,23
100,1,0.5,0.3,0.5,50,44,15,23
100,1,0.5,0.3,0.5,50,45,15,23
100,1,0.5,0.3,0.5,50,46,4,23
100,1,0.5,0.3,0.5,50,47,36,23
100,1,0.5,0.3,0.5,50,48,15,23
100,1,0.5,0.3,0.5,50,49,23,23
100,1,0.5,0.3,0.5,50,50,23,23
10,1.5,0.5,0.3,0.5,50,1,532,23
10,1.5,0.5,0.3,0.5,50,2,NA,23
10,1.5,0.5,0.3,0.5,50,3,532,23
10,1.5,0.5,0.3,0.5,50,4,NA,23
10,1.5,0.5,0.3,0.5,50,5,NA,23
10,1.5,0.5,0.3,0.5,50,6,NA,23
10,1.5,0.5,0.3,0.5,50,7,NA,23
10,1.5,0.5,0.3,0.5,50,8,2040,23
10,1.5,0.5,0.3,0.5,50,9,832,23
10,1.5,0.5,0.3,0.5,50,10,NA,23
10,1.5,0.5,0.3,0.5,50,11,NA,23
10,1.5,0.5,0.3,0.5,50,12,832,23
10,1.5,0.5,0.3,0.5,50,13,NA,23
10,1.5,0.5,0.3,0.5,50,14,217,23
10,1.5,0.5,0.3,0.5,50,15,88,23
10,1.5,0.5,0.3,0.5,50,16,NA,23
10,1.5,0.5,0.3,0.5,50,17,832,23
10,1.5,0.5,0.3,0.5,50,18,NA,23
10,1.5,0.5,0.3,0.5,50,19,340,23
10,1.5,0.5,0.3,0.5,50,20,NA,23
10,1.5,0.5,0.3,0.5,50,21,NA,23
10,1.5,0.5,0.3,0.5,50,22,NA,23
10,1.5,0.5,0.3,0.5,50,23,217,23
10,1.5,0.5,0.3,0.5,50,24,88,23
10,1.5,0.5,0.3,0.5,50,25,340,23
10,1.5,0.5,0.3,0.5,50,26,340,23
10,1.5,0.5,0.3,0.5,50,27,NA,23
10,1.5,0.5,0.3,0.5,50,28,NA,23
10,1.5,0.5,0.3,0.5,50,29,2040,23
10,1.5,0.5,0.3,0.5,50,30,NA,23
10,1.5,0.5,0.3,0.5,50,31,NA,23
10,1.5,0.5,0.3,0.5,50,32,532,23
10,1.5,0.5,0.3,0.5,50,33,340,23
10,1.5,0.5,0.3,0.5,50,34,NA,23
10,1.5,0.5,0.3,0.5,50,35,NA,23
10,1.5,0.5,0.3,0.5,50,36,217,23
10,1.5,0.5,0.3,0.5,50,37,NA,23
10,1.5,0.5,0.3,0.5,50,38,NA,23
10,1.5,0.5,0.3,0.5,50,39,217,23
10,1.5,0.5,0.3,0.5,50,40,532,23
10,1.5,0.5,0.3,0.5,50,41,340,23
10,1.5,0.5,0.3,0.5,50,42,NA,23
10,1.5,0.5,0.3,0.5,50,43,NA,23
10,1.5,0.5,0.3,0.5,50,44,NA,23
10,1.5,0.5,0.3,0.5,50,45,57,23
10,1.5,0.5,0.3,0.5,50,46,532,23
10,1.5,0.5,0.3,0.5,50,47,340,23
10,1.5,0.5,0.3,0.5,50,48,217,23
10,1.5,0.5,0.3,0.5,50,49,5000,23
10,1.5,0.5,0.3,0.5,50,50,NA,23
30,1.5,0.5,0.3,0.5,50,1,57,23
30,1.5,0.5,0.3,0.5,50,2,139,23
30,1.5,0.5,0.3,0.5,50,3,139,23
30,1.5,0.5,0.3,0.5,50,4,217,23
30,1.5,0.5,0.3,0.5,50,5,139,23
30,1.5,0.5,0.3,0.5,50,6,139,23
30,1.5,0.5,0.3,0.5,50,7,57,23
30,1.5,0.5,0.3,0.5,50,8,139,23
30,1.5,0.5,0.3,0.5,50,9,88,23
30,1.5,0.5,0.3,0.5,50,10,217,23
30,1.5,0.5,0.3,0.5,50,11,139,23
30,1.5,0.5,0.3,0.5,50,12,57,23
30,1.5,0.5,0.3,0.5,50,13,217,23
30,1.5,0.5,0.3,0.5,50,14,57,23
30,1.5,0.5,0.3,0.5,50,15,36,23
30,1.5,0.5,0.3,0.5,50,16,88,23
30,1.5,0.5,0.3,0.5,50,17,139,23
30,1.5,0.5,0.3,0.5,50,18,88,23
30,1.5,0.5,0.3,0.5,50,19,57,23
30,1.5,0.5,0.3,0.5,50,20,217,23
30,1.5,0.5,0.3,0.5,50,21,217,23
30,1.5,0.5,0.3,0.5,50,22,88,23
30,1.5,0.5,0.3,0.5,50,23,15,23
30,1.5,0.5,0.3,0.5,50,24,57,23
30,1.5,0.5,0.3,0.5,50,25,36,23
30,1.5,0.5,0.3,0.5,50,26,88,23
30,1.5,0.5,0.3,0.5,50,27,57,23
30,1.5,0.5,0.3,0.5,50,28,139,23
30,1.5,0.5,0.3,0.5,50,29,88,23
30,1.5,0.5,0.3,0.5,50,30,217,23
30,1.5,0.5,0.3,0.5,50,31,88,23
30,1.5,0.5,0.3,0.5,50,32,88,23
30,1.5,0.5,0.3,0.5,50,33,139,23
30,1.5,0.5,0.3,0.5,50,34,88,23
30,1.5,0.5,0.3,0.5,50,35,139,23
30,1.5,0.5,0.3,0.5,50,36,57,23
30,1.5,0.5,0.3,0.5,50,37,36,23
30,1.5,0.5,0.3,0.5,50,38,88,23
30,1.5,0.5,0.3,0.5,50,39,57,23
30,1.5,0.5,0.3,0.5,50,40,88,23
30,1.5,0.5,0.3,0.5,50,41,57,23
30,1.5,0.5,0.3,0.5,50,42,88,23
30,1.5,0.5,0.3,0.5,50,43,88,23
30,1.5,0.5,0.3,0.5,50,44,217,23
30,1.5,0.5,0.3,0.5,50,45,23,23
30,1.5,0.5,0.3,0.5,50,46,88,23
30,1.5,0.5,0.3,0.5,50,47,139,23
30,1.5,0.5,0.3,0.5,50,48,57,23
30,1.5,0.5,0.3,0.5,50,49,139,23
30,1.5,0.5,0.3,0.5,50,50,217,23
60,1.5,0.5,0.3,0.5,50,1,36,23
60,1.5,0.5,0.3,0.5,50,2,139,23
60,1.5,0.5,0.3,0.5,50,3,88,23
60,1.5,0.5,0.3,0.5,50,4,88,23
60,1.5,0.5,0.3,0.5,50,5,88,23
60,1.5,0.5,0.3,0.5,50,6,36,23
60,1.5,0.5,0.3,0.5,50,7,36,23
60,1.5,0.5,0.3,0.5,50,8,57,23
60,1.5,0.5,0.3,0.5,50,9,88,23
60,1.5,0.5,0.3,0.5,50,10,139,23
60,1.5,0.5,0.3,0.5,50,11,23,23
60,1.5,0.5,0.3,0.5,50,12,36,23
60,1.5,0.5,0.3,0.5,50,13,139,23
60,1.5,0.5,0.3,0.5,50,14,23,23
60,1.5,0.5,0.3,0.5,50,15,23,23
60,1.5,0.5,0.3,0.5,50,16,57,23
60,1.5,0.5,0.3,0.5,50,17,57,23
60,1.5,0.5,0.3,0.5,50,18,57,23
60,1.5,0.5,0.3,0.5,50,19,36,23
60,1.5,0.5,0.3,0.5,50,20,139,23
60,1.5,0.5,0.3,0.5,50,21,88,23
60,1.5,0.5,0.3,0.5,50,22,88,23
60,1.5,0.5,0.3,0.5,50,23,15,23
60,1.5,0.5,0.3,0.5,50,24,57,23
60,1.5,0.5,0.3,0.5,50,25,23,23
60,1.5,0.5,0.3,0.5,50,26,36,23
60,1.5,0.5,0.3,0.5,50,27,36,23
60,1.5,0.5,0.3,0.5,50,28,57,23
60,1.5,0.5,0.3,0.5,50,29,57,23
60,1.5,0.5,0.3,0.5,50,30,139,23
60,1.5,0.5,0.3,0.5,50,31,57,23
60,1.5,0.5,0.3,0.5,50,32,57,23
60,1.5,0.5,0.3,0.5,50,33,88,23
60,1.5,0.5,0.3,0.5,50,34,57,23
60,1.5,0.5,0.3,0.5,50,35,88,23
60,1.5,0.5,0.3,0.5,50,36,36,23
60,1.5,0.5,0.3,0.5,50,37,36,23
60,1.5,0.5,0.3,0.5,50,38,57,23
60,1.5,0.5,0.3,0.5,50,39,57,23
60,1.5,0.5,0.3,0.5,50,40,57,23
60,1.5,0.5,0.3,0.5,50,41,36,23
60,1.5,0.5,0.3,0.5,50,42,57,23
60,1.5,0.5,0.3,0.5,50,43,88,23
60,1.5,0.5,0.3,0.5,50,44,57,23
60,1.5,0.5,0.3,0.5,50,45,23,23
60,1.5,0.5,0.3,0.5,50,46,57,23
60,1.5,0.5,0.3,0.5,50,47,139,23
60,1.5,0.5,0.3,0.5,50,48,57,23
60,1.5,0.5,0.3,0.5,50,49,57,23
60,1.5,0.5,0.3,0.5,50,50,88,23
100,1.5,0.5,0.3,0.5,50,1,36,23
100,1.5,0.5,0.3,0.5,50,2,88,23
100,1.5,0.5,0.3,0.5,50,3,36,23
100,1.5,0.5,0.3,0.5,50,4,57,23
100,1.5,0.5,0.3,0.5,50,5,57,23
100,1.5,0.5,0.3,0.5,50,6,36,23
100,1.5,0.5,0.3,0.5,50,7,36,23
100,1.5,0.5,0.3,0.5,50,8,57,23
100,1.5,0.5,0.3,0.5,50,9,57,23
100,1.5,0.5,0.3,0.5,50,10,57,23
100,1.5,0.5,0.3,0.5,50,11,23,23
100,1.5,0.5,0.3,0.5,50,12,23,23
100,1.5,0.5,0.3,0.5,50,13,57,23
100,1.5,0.5,0.3,0.5,50,14,57,23
100,1.5,0.5,0.3,0.5,50,15,15,23
100,1.5,0.5,0.3,0.5,50,16,57,23
100,1.5,0.5,0.3,0.5,50,17,36,23
100,1.5,0.5,0.3,0.5,50,18,15,23
100,1.5,0.5,0.3,0.5,50,19,36,23
100,1.5,0.5,0.3,0.5,50,20,57,23
100,1.5,0.5,0.3,0.5,50,21,57,23
100,1.5,0.5,0.3,0.5,50,22,36,23
100,1.5,0.5,0.3,0.5,50,23,15,23
100,1.5,0.5,0.3,0.5,50,24,57,23
100,1.5,0.5,0.3,0.5,50,25,57,23
100,1.5,0.5,0.3,0.5,50,26,57,23
100,1.5,0.5,0.3,0.5,50,27,57,23
100,1.5,0.5,0.3,0.5,50,28,88,23
100,1.5,0.5,0.3,0.5,50,29,36,23
100,1.5,0.5,0.3,0.5,50,30,57,23
100,1.5,0.5,0.3,0.5,50,31,9,23
100,1.5,0.5,0.3,0.5,50,32,36,23
100,1.5,0.5,0.3,0.5,50,33,36,23
100,1.5,0.5,0.3,0.5,50,34,57,23
100,1.5,0.5,0.3,0.5,50,35,57,23
100,1.5,0.5,0.3,0.5,50,36,23,23
100,1.5,0.5,0.3,0.5,50,37,36,23
100,1.5,0.5,0.3,0.5,50,38,36,23
100,1.5,0.5,0.3,0.5,50,39,36,23
100,1.5,0.5,0.3,0.5,50,40,23,23
100,1.5,0.5,0.3,0.5,50,41,23,23
100,1.5,0.5,0.3,0.5,50,42,88,23
100,1.5,0.5,0.3,0.5,50,43,36,23
100,1.5,0.5,0.3,0.5,50,44,15,23
100,1.5,0.5,0.3,0.5,50,45,57,23
100,1.5,0.5,0.3,0.5,50,46,36,23
100,1.5,0.5,0.3,0.5,50,47,88,23
100,1.5,0.5,0.3,0.5,50,48,36,23
100,1.5,0.5,0.3,0.5,50,49,57,23
100,1.5,0.5,0.3,0.5,50,50,57,23
10,0.5,0.6,0.3,0.5,50,1,36,23
10,0.5,0.6,0.3,0.5,50,2,36,23
10,0.5,0.6,0.3,0.5,50,3,36,23
10,0.5,0.6,0.3,0.5,50,4,36,23
10,0.5,0.6,0.3,0.5,50,5,36,23
10,0.5,0.6,0.3,0.5,50,6,36,23
10,0.5,0.6,0.3,0.5,50,7,57,23
10,0.5,0.6,0.3,0.5,50,8,36,23
10,0.5,0.6,0.3,0.5,50,9,57,23
10,0.5,0.6,0.3,0.5,50,10,36,23
10,0.5,0.6,0.3,0.5,50,11,57,23
10,0.5,0.6,0.3,0.5,50,12,57,23
10,0.5,0.6,0.3,0.5,50,13,57,23
10,0.5,0.6,0.3,0.5,50,14,23,23
10,0.5,0.6,0.3,0.5,50,15,36,23
10,0.5,0.6,0.3,0.5,50,16,36,23
10,0.5,0.6,0.3,0.5,50,17,36,23
10,0.5,0.6,0.3,0.5,50,18,57,23
10,0.5,0.6,0.3,0.5,50,19,36,23
10,0.5,0.6,0.3,0.5,50,20,57,23
10,0.5,0.6,0.3,0.5,50,21,36,23
10,0.5,0.6,0.3,0.5,50,22,36,23
10,0.5,0.6,0.3,0.5,50,23,36,23
10,0.5,0.6,0.3,0.5,50,24,36,23
10,0.5,0.6,0.3,0.5,50,25,36,23
10,0.5,0.6,0.3,0.5,50,26,36,23
10,0.5,0.6,0.3,0.5,50,27,36,23
10,0.5,0.6,0.3,0.5,50,28,57,23
10,0.5,0.6,0.3,0.5,50,29,57,23
10,0.5,0.6,0.3,0.5,50,30,57,23
10,0.5,0.6,0.3,0.5,50,31,36,23
10,0.5,0.6,0.3,0.5,50,32,57,23
10,0.5,0.6,0.3,0.5,50,33,36,23
10,0.5,0.6,0.3,0.5,50,34,57,23
10,0.5,0.6,0.3,0.5,50,35,36,23
10,0.5,0.6,0.3,0.5,50,36,57,23
10,0.5,0.6,0.3,0.5,50,37,57,23
10,0.5,0.6,0.3,0.5,50,38,36,23
10,0.5,0.6,0.3,0.5,50,39,36,23
10,0.5,0.6,0.3,0.5,50,40,36,23
10,0.5,0.6,0.3,0.5,50,41,36,23
10,0.5,0.6,0.3,0.5,50,42,36,23
10,0.5,0.6,0.3,0.5,50,43,36,23
10,0.5,0.6,0.3,0.5,50,44,36,23
10,0.5,0.6,0.3,0.5,50,45,36,23
10,0.5,0.6,0.3,0.5,50,46,36,23
10,0.5,0.6,0.3,0.5,50,47,57,23
10,0.5,0.6,0.3,0.5,50,48,36,23
10,0.5,0.6,0.3,0.5,50,49,36,23
10,0.5,0.6,0.3,0.5,50,50,57,23
30,0.5,0.6,0.3,0.5,50,1,15,23
30,0.5,0.6,0.3,0.5,50,2,15,23
30,0.5,0.6,0.3,0.5,50,3,15,23
30,0.5,0.6,0.3,0.5,50,4,15,23
30,0.5,0.6,0.3,0.5,50,5,15,23
30,0.5,0.6,0.3,0.5,50,6,15,23
30,0.5,0.6,0.3,0.5,50,7,23,23
30,0.5,0.6,0.3,0.5,50,8,23,23
30,0.5,0.6,0.3,0.5,50,9,23,23
30,0.5,0.6,0.3,0.5,50,10,23,23
30,0.5,0.6,0.3,0.5,50,11,23,23
30,0.5,0.6,0.3,0.5,50,12,23,23
30,0.5,0.6,0.3,0.5,50,13,15,23
30,0.5,0.6,0.3,0.5,50,14,23,23
30,0.5,0.6,0.3,0.5,50,15,15,23
30,0.5,0.6,0.3,0.5,50,16,15,23
30,0.5,0.6,0.3,0.5,50,17,15,23
30,0.5,0.6,0.3,0.5,50,18,15,23
30,0.5,0.6,0.3,0.5,50,19,9,23
30,0.5,0.6,0.3,0.5,50,20,15,23
30,0.5,0.6,0.3,0.5,50,21,15,23
30,0.5,0.6,0.3,0.5,50,22,23,23
30,0.5,0.6,0.3,0.5,50,23,23,23
30,0.5,0.6,0.3,0.5,50,24,15,23
30,0.5,0.6,0.3,0.5,50,25,15,23
30,0.5,0.6,0.3,0.5,50,26,23,23
30,0.5,0.6,0.3,0.5,50,27,15,23
30,0.5,0.6,0.3,0.5,50,28,23,23
30,0.5,0.6,0.3,0.5,50,29,15,23
30,0.5,0.6,0.3,0.5,50,30,9,23
30,0.5,0.6,0.3,0.5,50,31,15,23
30,0.5,0.6,0.3,0.5,50,32,23,23
30,0.5,0.6,0.3,0.5,50,33,23,23
30,0.5,0.6,0.3,0.5,50,34,23,23
30,0.5,0.6,0.3,0.5,50,35,23,23
30,0.5,0.6,0.3,0.5,50,36,15,23
30,0.5,0.6,0.3,0.5,50,37,15,23
30,0.5,0.6,0.3,0.5,50,38,23,23
30,0.5,0.6,0.3,0.5,50,39,23,23
30,0.5,0.6,0.3,0.5,50,40,23,23
30,0.5,0.6,0.3,0.5,50,41,15,23
30,0.5,0.6,0.3,0.5,50,42,23,23
30,0.5,0.6,0.3,0.5,50,43,23,23
30,0.5,0.6,0.3,0.5,50,44,23,23
30,0.5,0.6,0.3,0.5,50,45,15,23
30,0.5,0.6,0.3,0.5,50,46,15,23
30,0.5,0.6,0.3,0.5,50,47,15,23
30,0.5,0.6,0.3,0.5,50,48,15,23
30,0.5,0.6,0.3,0.5,50,49,15,23
30,0.5,0.6,0.3,0.5,50,50,15,23
60,0.5,0.6,0.3,0.5,50,1,15,23
60,0.5,0.6,0.3,0.5,50,2,9,23
60,0.5,0.6,0.3,0.5,50,3,15,23
60,0.5,0.6,0.3,0.5,50,4,15,23
60,0.5,0.6,0.3,0.5,50,5,15,23
60,0.5,0.6,0.3,0.5,50,6,15,23
60,0.5,0.6,0.3,0.5,50,7,15,23
60,0.5,0.6,0.3,0.5,50,8,15,23
60,0.5,0.6,0.3,0.5,50,9,15,23
60,0.5,0.6,0.3,0.5,50,10,9,23
60,0.5,0.6,0.3,0.5,50,11,9,23
60,0.5,0.6,0.3,0.5,50,12,15,23
60,0.5,0.6,0.3,0.5,50,13,15,23
60,0.5,0.6,0.3,0.5,50,14,15,23
60,0.5,0.6,0.3,0.5,50,15,15,23
60,0.5,0.6,0.3,0.5,50,16,15,23
60,0.5,0.6,0.3,0.5,50,17,15,23
60,0.5,0.6,0.3,0.5,50,18,15,23
60,0.5,0.6,0.3,0.5,50,19,15,23
60,0.5,0.6,0.3,0.5,50,20,15,23
60,0.5,0.6,0.3,0.5,50,21,9,23
60,0.5,0.6,0.3,0.5,50,22,15,23
60,0.5,0.6,0.3,0.5,50,23,15,23
60,0.5,0.6,0.3,0.5,50,24,15,23
60,0.5,0.6,0.3,0.5,50,25,9,23
60,0.5,0.6,0.3,0.5,50,26,15,23
60,0.5,0.6,0.3,0.5,50,27,15,23
60,0.5,0.6,0.3,0.5,50,28,15,23
60,0.5,0.6,0.3,0.5,50,29,15,23
60,0.5,0.6,0.3,0.5,50,30,9,23
60,0.5,0.6,0.3,0.5,50,31,9,23
60,0.5,0.6,0.3,0.5,50,32,15,23
60,0.5,0.6,0.3,0.5,50,33,23,23
60,0.5,0.6,0.3,0.5,50,34,15,23
60,0.5,0.6,0.3,0.5,50,35,15,23
60,0.5,0.6,0.3,0.5,50,36,15,23
60,0.5,0.6,0.3,0.5,50,37,15,23
60,0.5,0.6,0.3,0.5,50,38,15,23
60,0.5,0.6,0.3,0.5,50,39,15,23
60,0.5,0.6,0.3,0.5,50,40,15,23
60,0.5,0.6,0.3,0.5,50,41,15,23
60,0.5,0.6,0.3,0.5,50,42,15,23
60,0.5,0.6,0.3,0.5,50,43,15,23
60,0.5,0.6,0.3,0.5,50,44,15,23
60,0.5,0.6,0.3,0.5,50,45,9,23
60,0.5,0.6,0.3,0.5,50,46,15,23
60,0.5,0.6,0.3,0.5,50,47,15,23
60,0.5,0.6,0.3,0.5,50,48,15,23
60,0.5,0.6,0.3,0.5,50,49,15,23
60,0.5,0.6,0.3,0.5,50,50,15,23
100,0.5,0.6,0.3,0.5,50,1,9,23
100,0.5,0.6,0.3,0.5,50,2,15,23
100,0.5,0.6,0.3,0.5,50,3,9,23
100,0.5,0.6,0.3,0.5,50,4,9,23
100,0.5,0.6,0.3,0.5,50,5,9,23
100,0.5,0.6,0.3,0.5,50,6,9,23
100,0.5,0.6,0.3,0.5,50,7,15,23
100,0.5,0.6,0.3,0.5,50,8,15,23
100,0.5,0.6,0.3,0.5,50,9,15,23
100,0.5,0.6,0.3,0.5,50,10,15,23
100,0.5,0.6,0.3,0.5,50,11,9,23
100,0.5,0.6,0.3,0.5,50,12,15,23
100,0.5,0.6,0.3,0.5,50,13,9,23
100,0.5,0.6,0.3,0.5,50,14,9,23
100,0.5,0.6,0.3,0.5,50,15,15,23
100,0.5,0.6,0.3,0.5,50,16,15,23
100,0.5,0.6,0.3,0.5,50,17,15,23
100,0.5,0.6,0.3,0.5,50,18,9,23
100,0.5,0.6,0.3,0.5,50,19,9,23
100,0.5,0.6,0.3,0.5,50,20,15,23
100,0.5,0.6,0.3,0.5,50,21,9,23
100,0.5,0.6,0.3,0.5,50,22,15,23
100,0.5,0.6,0.3,0.5,50,23,15,23
100,0.5,0.6,0.3,0.5,50,24,15,23
100,0.5,0.6,0.3,0.5,50,25,9,23
100,0.5,0.6,0.3,0.5,50,26,15,23
100,0.5,0.6,0.3,0.5,50,27,9,23
100,0.5,0.6,0.3,0.5,50,28,15,23
100,0.5,0.6,0.3,0.5,50,29,15,23
100,0.5,0.6,0.3,0.5,50,30,9,23
100,0.5,0.6,0.3,0.5,50,31,9,23
100,0.5,0.6,0.3,0.5,50,32,9,23
100,0.5,0.6,0.3,0.5,50,33,15,23
100,0.5,0.6,0.3,0.5,50,34,15,23
100,0.5,0.6,0.3,0.5,50,35,9,23
100,0.5,0.6,0.3,0.5,50,36,15,23
100,0.5,0.6,0.3,0.5,50,37,15,23
100,0.5,0.6,0.3,0.5,50,38,9,23
100,0.5,0.6,0.3,0.5,50,39,15,23
100,0.5,0.6,0.3,0.5,50,40,15,23
100,0.5,0.6,0.3,0.5,50,41,15,23
100,0.5,0.6,0.3,0.5,50,42,15,23
100,0.5,0.6,0.3,0.5,50,43,15,23
100,0.5,0.6,0.3,0.5,50,44,15,23
100,0.5,0.6,0.3,0.5,50,45,9,23
100,0.5,0.6,0.3,0.5,50,46,9,23
100,0.5,0.6,0.3,0.5,50,47,15,23
100,0.5,0.6,0.3,0.5,50,48,15,23
100,0.5,0.6,0.3,0.5,50,49,15,23
100,0.5,0.6,0.3,0.5,50,50,15,23
10,1,0.6,0.3,0.5,50,1,57,23
10,1,0.6,0.3,0.5,50,2,88,23
10,1,0.6,0.3,0.5,50,3,57,23
10,1,0.6,0.3,0.5,50,4,36,23
10,1,0.6,0.3,0.5,50,5,36,23
10,1,0.6,0.3,0.5,50,6,57,23
10,1,0.6,0.3,0.5,50,7,57,23
10,1,0.6,0.3,0.5,50,8,88,23
10,1,0.6,0.3,0.5,50,9,88,23
10,1,0.6,0.3,0.5,50,10,36,23
10,1,0.6,0.3,0.5,50,11,36,23
10,1,0.6,0.3,0.5,50,12,57,23
10,1,0.6,0.3,0.5,50,13,88,23
10,1,0.6,0.3,0.5,50,14,57,23
10,1,0.6,0.3,0.5,50,15,57,23
10,1,0.6,0.3,0.5,50,16,23,23
10,1,0.6,0.3,0.5,50,17,88,23
10,1,0.6,0.3,0.5,50,18,57,23
10,1,0.6,0.3,0.5,50,19,36,23
10,1,0.6,0.3,0.5,50,20,57,23
10,1,0.6,0.3,0.5,50,21,57,23
10,1,0.6,0.3,0.5,50,22,57,23
10,1,0.6,0.3,0.5,50,23,88,23
10,1,0.6,0.3,0.5,50,24,15,23
10,1,0.6,0.3,0.5,50,25,88,23
10,1,0.6,0.3,0.5,50,26,57,23
10,1,0.6,0.3,0.5,50,27,36,23
10,1,0.6,0.3,0.5,50,28,57,23
10,1,0.6,0.3,0.5,50,29,57,23
10,1,0.6,0.3,0.5,50,30,88,23
10,1,0.6,0.3,0.5,50,31,57,23
10,1,0.6,0.3,0.5,50,32,57,23
10,1,0.6,0.3,0.5,50,33,57,23
10,1,0.6,0.3,0.5,50,34,57,23
10,1,0.6,0.3,0.5,50,35,57,23
10,1,0.6,0.3,0.5,50,36,88,23
10,1,0.6,0.3,0.5,50,37,88,23
10,1,0.6,0.3,0.5,50,38,88,23
10,1,0.6,0.3,0.5,50,39,36,23
10,1,0.6,0.3,0.5,50,40,57,23
10,1,0.6,0.3,0.5,50,41,57,23
10,1,0.6,0.3,0.5,50,42,57,23
10,1,0.6,0.3,0.5,50,43,57,23
10,1,0.6,0.3,0.5,50,44,57,23
10,1,0.6,0.3,0.5,50,45,57,23
10,1,0.6,0.3,0.5,50,46,36,23
10,1,0.6,0.3,0.5,50,47,57,23
10,1,0.6,0.3,0.5,50,48,36,23
10,1,0.6,0.3,0.5,50,49,36,23
10,1,0.6,0.3,0.5,50,50,88,23
30,1,0.6,0.3,0.5,50,1,23,23
30,1,0.6,0.3,0.5,50,2,23,23
30,1,0.6,0.3,0.5,50,3,23,23
30,1,0.6,0.3,0.5,50,4,15,23
30,1,0.6,0.3,0.5,50,5,23,23
30,1,0.6,0.3,0.5,50,6,15,23
30,1,0.6,0.3,0.5,50,7,23,23
30,1,0.6,0.3,0.5,50,8,23,23
30,1,0.6,0.3,0.5,50,9,23,23
30,1,0.6,0.3,0.5,50,10,15,23
30,1,0.6,0.3,0.5,50,11,23,23
30,1,0.6,0.3,0.5,50,12,23,23
30,1,0.6,0.3,0.5,50,13,23,23
30,1,0.6,0.3,0.5,50,14,15,23
30,1,0.6,0.3,0.5,50,15,23,23
30,1,0.6,0.3,0.5,50,16,23,23
30,1,0.6,0.3,0.5,50,17,15,23
30,1,0.6,0.3,0.5,50,18,36,23
30,1,0.6,0.3,0.5,50,19,15,23
30,1,0.6,0.3,0.5,50,20,23,23
30,1,0.6,0.3,0.5,50,21,23,23
30,1,0.6,0.3,0.5,50,22,23,23
30,1,0.6,0.3,0.5,50,23,36,23
30,1,0.6,0.3,0.5,50,24,23,23
30,1,0.6,0.3,0.5,50,25,23,23
30,1,0.6,0.3,0.5,50,26,23,23
30,1,0.6,0.3,0.5,50,27,36,23
30,1,0.6,0.3,0.5,50,28,23,23
30,1,0.6,0.3,0.5,50,29,23,23
30,1,0.6,0.3,0.5,50,30,23,23
30,1,0.6,0.3,0.5,50,31,15,23
30,1,0.6,0.3,0.5,50,32,15,23
30,1,0.6,0.3,0.5,50,33,36,23
30,1,0.6,0.3,0.5,50,34,23,23
30,1,0.6,0.3,0.5,50,35,23,23
30,1,0.6,0.3,0.5,50,36,36,23
30,1,0.6,0.3,0.5,50,37,23,23
30,1,0.6,0.3,0.5,50,38,23,23
30,1,0.6,0.3,0.5,50,39,15,23
30,1,0.6,0.3,0.5,50,40,23,23
30,1,0.6,0.3,0.5,50,41,23,23
30,1,0.6,0.3,0.5,50,42,36,23
30,1,0.6,0.3,0.5,50,43,23,23
30,1,0.6,0.3,0.5,50,44,23,23
30,1,0.6,0.3,0.5,50,45,23,23
30,1,0.6,0.3,0.5,50,46,23,23
30,1,0.6,0.3,0.5,50,47,36,23
30,1,0.6,0.3,0.5,50,48,23,23
30,1,0.6,0.3,0.5,50,49,23,23
30,1,0.6,0.3,0.5,50,50,15,23
60,1,0.6,0.3,0.5,50,1,23,23
60,1,0.6,0.3,0.5,50,2,23,23
60,1,0.6,0.3,0.5,50,3,15,23
60,1,0.6,0.3,0.5,50,4,9,23
60,1,0.6,0.3,0.5,50,5,15,23
60,1,0.6,0.3,0.5,50,6,15,23
60,1,0.6,0.3,0.5,50,7,23,23
60,1,0.6,0.3,0.5,50,8,23,23
60,1,0.6,0.3,0.5,50,9,23,23
60,1,0.6,0.3,0.5,50,10,15,23
60,1,0.6,0.3,0.5,50,11,15,23
60,1,0.6,0.3,0.5,50,12,15,23
60,1,0.6,0.3,0.5,50,13,9,23
60,1,0.6,0.3,0.5,50,14,15,23
60,1,0.6,0.3,0.5,50,15,15,23
60,1,0.6,0.3,0.5,50,16,23,23
60,1,0.6,0.3,0.5,50,17,15,23
60,1,0.6,0.3,0.5,50,18,15,23
60,1,0.6,0.3,0.5,50,19,15,23
60,1,0.6,0.3,0.5,50,20,15,23
60,1,0.6,0.3,0.5,50,21,15,23
60,1,0.6,0.3,0.5,50,22,15,23
60,1,0.6,0.3,0.5,50,23,23,23
60,1,0.6,0.3,0.5,50,24,15,23
60,1,0.6,0.3,0.5,50,25,15,23
60,1,0.6,0.3,0.5,50,26,23,23
60,1,0.6,0.3,0.5,50,27,15,23
60,1,0.6,0.3,0.5,50,28,15,23
60,1,0.6,0.3,0.5,50,29,15,23
60,1,0.6,0.3,0.5,50,30,15,23
60,1,0.6,0.3,0.5,50,31,15,23
60,1,0.6,0.3,0.5,50,32,9,23
60,1,0.6,0.3,0.5,50,33,23,23
60,1,0.6,0.3,0.5,50,34,23,23
60,1,0.6,0.3,0.5,50,35,15,23
60,1,0.6,0.3,0.5,50,36,9,23
60,1,0.6,0.3,0.5,50,37,15,23
60,1,0.6,0.3,0.5,50,38,23,23
60,1,0.6,0.3,0.5,50,39,15,23
60,1,0.6,0.3,0.5,50,40,23,23
60,1,0.6,0.3,0.5,50,41,23,23
60,1,0.6,0.3,0.5,50,42,15,23
60,1,0.6,0.3,0.5,50,43,15,23
60,1,0.6,0.3,0.5,50,44,15,23
60,1,0.6,0.3,0.5,50,45,15,23
60,1,0.6,0.3,0.5,50,46,15,23
60,1,0.6,0.3,0.5,50,47,15,23
60,1,0.6,0.3,0.5,50,48,15,23
60,1,0.6,0.3,0.5,50,49,23,23
60,1,0.6,0.3,0.5,50,50,15,23
100,1,0.6,0.3,0.5,50,1,15,23
100,1,0.6,0.3,0.5,50,2,15,23
100,1,0.6,0.3,0.5,50,3,15,23
100,1,0.6,0.3,0.5,50,4,9,23
100,1,0.6,0.3,0.5,50,5,15,23
100,1,0.6,0.3,0.5,50,6,15,23
100,1,0.6,0.3,0.5,50,7,15,23
100,1,0.6,0.3,0.5,50,8,15,23
100,1,0.6,0.3,0.5,50,9,15,23
100,1,0.6,0.3,0.5,50,10,15,23
100,1,0.6,0.3,0.5,50,11,15,23
100,1,0.6,0.3,0.5,50,12,9,23
100,1,0.6,0.3,0.5,50,13,9,23
100,1,0.6,0.3,0.5,50,14,15,23
100,1,0.6,0.3,0.5,50,15,9,23
100,1,0.6,0.3,0.5,50,16,15,23
100,1,0.6,0.3,0.5,50,17,15,23
100,1,0.6,0.3,0.5,50,18,9,23
100,1,0.6,0.3,0.5,50,19,15,23
100,1,0.6,0.3,0.5,50,20,15,23
100,1,0.6,0.3,0.5,50,21,15,23
100,1,0.6,0.3,0.5,50,22,9,23
100,1,0.6,0.3,0.5,50,23,23,23
100,1,0.6,0.3,0.5,50,24,15,23
100,1,0.6,0.3,0.5,50,25,15,23
100,1,0.6,0.3,0.5,50,26,15,23
100,1,0.6,0.3,0.5,50,27,15,23
100,1,0.6,0.3,0.5,50,28,15,23
100,1,0.6,0.3,0.5,50,29,15,23
100,1,0.6,0.3,0.5,50,30,9,23
100,1,0.6,0.3,0.5,50,31,15,23
100,1,0.6,0.3,0.5,50,32,15,23
100,1,0.6,0.3,0.5,50,33,15,23
100,1,0.6,0.3,0.5,50,34,23,23
100,1,0.6,0.3,0.5,50,35,15,23
100,1,0.6,0.3,0.5,50,36,15,23
100,1,0.6,0.3,0.5,50,37,9,23
100,1,0.6,0.3,0.5,50,38,15,23
100,1,0.6,0.3,0.5,50,39,15,23
100,1,0.6,0.3,0.5,50,40,23,23
100,1,0.6,0.3,0.5,50,41,23,23
100,1,0.6,0.3,0.5,50,42,15,23
100,1,0.6,0.3,0.5,50,43,15,23
100,1,0.6,0.3,0.5,50,44,15,23
100,1,0.6,0.3,0.5,50,45,15,23
100,1,0.6,0.3,0.5,50,46,6,23
100,1,0.6,0.3,0.5,50,47,15,23
100,1,0.6,0.3,0.5,50,48,15,23
100,1,0.6,0.3,0.5,50,49,15,23
100,1,0.6,0.3,0.5,50,50,15,23
10,1.5,0.6,0.3,0.5,50,1,139,23
10,1.5,0.6,0.3,0.5,50,2,NA,23
10,1.5,0.6,0.3,0.5,50,3,139,23
10,1.5,0.6,0.3,0.5,50,4,532,23
10,1.5,0.6,0.3,0.5,50,5,217,23
10,1.5,0.6,0.3,0.5,50,6,88,23
10,1.5,0.6,0.3,0.5,50,7,88,23
10,1.5,0.6,0.3,0.5,50,8,340,23
10,1.5,0.6,0.3,0.5,50,9,340,23
10,1.5,0.6,0.3,0.5,50,10,139,23
10,1.5,0.6,0.3,0.5,50,11,139,23
10,1.5,0.6,0.3,0.5,50,12,217,23
10,1.5,0.6,0.3,0.5,50,13,532,23
10,1.5,0.6,0.3,0.5,50,14,217,23
10,1.5,0.6,0.3,0.5,50,15,217,23
10,1.5,0.6,0.3,0.5,50,16,217,23
10,1.5,0.6,0.3,0.5,50,17,139,23
10,1.5,0.6,0.3,0.5,50,18,340,23
10,1.5,0.6,0.3,0.5,50,19,57,23
10,1.5,0.6,0.3,0.5,50,20,340,23
10,1.5,0.6,0.3,0.5,50,21,57,23
10,1.5,0.6,0.3,0.5,50,22,217,23
10,1.5,0.6,0.3,0.5,50,23,139,23
10,1.5,0.6,0.3,0.5,50,24,57,23
10,1.5,0.6,0.3,0.5,50,25,217,23
10,1.5,0.6,0.3,0.5,50,26,139,23
10,1.5,0.6,0.3,0.5,50,27,57,23
10,1.5,0.6,0.3,0.5,50,28,88,23
10,1.5,0.6,0.3,0.5,50,29,57,23
10,1.5,0.6,0.3,0.5,50,30,139,23
10,1.5,0.6,0.3,0.5,50,31,139,23
10,1.5,0.6,0.3,0.5,50,32,15,23
10,1.5,0.6,0.3,0.5,50,33,139,23
10,1.5,0.6,0.3,0.5,50,34,340,23
10,1.5,0.6,0.3,0.5,50,35,139,23
10,1.5,0.6,0.3,0.5,50,36,5000,23
10,1.5,0.6,0.3,0.5,50,37,217,23
10,1.5,0.6,0.3,0.5,50,38,340,23
10,1.5,0.6,0.3,0.5,50,39,23,23
10,1.5,0.6,0.3,0.5,50,40,88,23
10,1.5,0.6,0.3,0.5,50,41,139,23
10,1.5,0.6,0.3,0.5,50,42,340,23
10,1.5,0.6,0.3,0.5,50,43,217,23
10,1.5,0.6,0.3,0.5,50,44,139,23
10,1.5,0.6,0.3,0.5,50,45,57,23
10,1.5,0.6,0.3,0.5,50,46,217,23
10,1.5,0.6,0.3,0.5,50,47,139,23
10,1.5,0.6,0.3,0.5,50,48,217,23
10,1.5,0.6,0.3,0.5,50,49,139,23
10,1.5,0.6,0.3,0.5,50,50,340,23
30,1.5,0.6,0.3,0.5,50,1,57,23
30,1.5,0.6,0.3,0.5,50,2,88,23
30,1.5,0.6,0.3,0.5,50,3,36,23
30,1.5,0.6,0.3,0.5,50,4,57,23
30,1.5,0.6,0.3,0.5,50,5,57,23
30,1.5,0.6,0.3,0.5,50,6,36,23
30,1.5,0.6,0.3,0.5,50,7,36,23
30,1.5,0.6,0.3,0.5,50,8,57,23
30,1.5,0.6,0.3,0.5,50,9,57,23
30,1.5,0.6,0.3,0.5,50,10,36,23
30,1.5,0.6,0.3,0.5,50,11,23,23
30,1.5,0.6,0.3,0.5,50,12,57,23
30,1.5,0.6,0.3,0.5,50,13,57,23
30,1.5,0.6,0.3,0.5,50,14,57,23
30,1.5,0.6,0.3,0.5,50,15,36,23
30,1.5,0.6,0.3,0.5,50,16,88,23
30,1.5,0.6,0.3,0.5,50,17,57,23
30,1.5,0.6,0.3,0.5,50,18,57,23
30,1.5,0.6,0.3,0.5,50,19,15,23
30,1.5,0.6,0.3,0.5,50,20,57,23
30,1.5,0.6,0.3,0.5,50,21,57,23
30,1.5,0.6,0.3,0.5,50,22,23,23
30,1.5,0.6,0.3,0.5,50,23,57,23
30,1.5,0.6,0.3,0.5,50,24,36,23
30,1.5,0.6,0.3,0.5,50,25,57,23
30,1.5,0.6,0.3,0.5,50,26,36,23
30,1.5,0.6,0.3,0.5,50,27,36,23
30,1.5,0.6,0.3,0.5,50,28,57,23
30,1.5,0.6,0.3,0.5,50,29,57,23
30,1.5,0.6,0.3,0.5,50,30,36,23
30,1.5,0.6,0.3,0.5,50,31,36,23
30,1.5,0.6,0.3,0.5,50,32,15,23
30,1.5,0.6,0.3,0.5,50,33,57,23
30,1.5,0.6,0.3,0.5,50,34,88,23
30,1.5,0.6,0.3,0.5,50,35,36,23
30,1.5,0.6,0.3,0.5,50,36,88,23
30,1.5,0.6,0.3,0.5,50,37,36,23
30,1.5,0.6,0.3,0.5,50,38,57,23
30,1.5,0.6,0.3,0.5,50,39,9,23
30,1.5,0.6,0.3,0.5,50,40,57,23
30,1.5,0.6,0.3,0.5,50,41,36,23
30,1.5,0.6,0.3,0.5,50,42,36,23
30,1.5,0.6,0.3,0.5,50,43,36,23
30,1.5,0.6,0.3,0.5,50,44,36,23
30,1.5,0.6,0.3,0.5,50,45,23,23
30,1.5,0.6,0.3,0.5,50,46,57,23
30,1.5,0.6,0.3,0.5,50,47,57,23
30,1.5,0.6,0.3,0.5,50,48,36,23
30,1.5,0.6,0.3,0.5,50,49,36,23
30,1.5,0.6,0.3,0.5,50,50,57,23
60,1.5,0.6,0.3,0.5,50,1,36,23
60,1.5,0.6,0.3,0.5,50,2,9,23
60,1.5,0.6,0.3,0.5,50,3,15,23
60,1.5,0.6,0.3,0.5,50,4,36,23
60,1.5,0.6,0.3,0.5,50,5,36,23
60,1.5,0.6,0.3,0.5,50,6,23,23
60,1.5,0.6,0.3,0.5,50,7,36,23
60,1.5,0.6,0.3,0.5,50,8,36,23
60,1.5,0.6,0.3,0.5,50,9,23,23
60,1.5,0.6,0.3,0.5,50,10,23,23
60,1.5,0.6,0.3,0.5,50,11,36,23
60,1.5,0.6,0.3,0.5,50,12,36,23
60,1.5,0.6,0.3,0.5,50,13,23,23
60,1.5,0.6,0.3,0.5,50,14,36,23
60,1.5,0.6,0.3,0.5,50,15,23,23
60,1.5,0.6,0.3,0.5,50,16,36,23
60,1.5,0.6,0.3,0.5,50,17,23,23
60,1.5,0.6,0.3,0.5,50,18,23,23
60,1.5,0.6,0.3,0.5,50,19,15,23
60,1.5,0.6,0.3,0.5,50,20,23,23
60,1.5,0.6,0.3,0.5,50,21,15,23
60,1.5,0.6,0.3,0.5,50,22,23,23
60,1.5,0.6,0.3,0.5,50,23,36,23
60,1.5,0.6,0.3,0.5,50,24,36,23
60,1.5,0.6,0.3,0.5,50,25,36,23
60,1.5,0.6,0.3,0.5,50,26,36,23
60,1.5,0.6,0.3,0.5,50,27,23,23
60,1.5,0.6,0.3,0.5,50,28,23,23
60,1.5,0.6,0.3,0.5,50,29,36,23
60,1.5,0.6,0.3,0.5,50,30,23,23
60,1.5,0.6,0.3,0.5,50,31,23,23
60,1.5,0.6,0.3,0.5,50,32,36,23
60,1.5,0.6,0.3,0.5,50,33,36,23
60,1.5,0.6,0.3,0.5,50,34,36,23
60,1.5,0.6,0.3,0.5,50,35,23,23
60,1.5,0.6,0.3,0.5,50,36,57,23
60,1.5,0.6,0.3,0.5,50,37,23,23
60,1.5,0.6,0.3,0.5,50,38,36,23
60,1.5,0.6,0.3,0.5,50,39,6,23
60,1.5,0.6,0.3,0.5,50,40,36,23
60,1.5,0.6,0.3,0.5,50,41,23,23
60,1.5,0.6,0.3,0.5,50,42,23,23
60,1.5,0.6,0.3,0.5,50,43,36,23
60,1.5,0.6,0.3,0.5,50,44,36,23
60,1.5,0.6,0.3,0.5,50,45,4,23
60,1.5,0.6,0.3,0.5,50,46,23,23
60,1.5,0.6,0.3,0.5,50,47,15,23
60,1.5,0.6,0.3,0.5,50,48,15,23
60,1.5,0.6,0.3,0.5,50,49,36,23
60,1.5,0.6,0.3,0.5,50,50,15,23
100,1.5,0.6,0.3,0.5,50,1,9,23
100,1.5,0.6,0.3,0.5,50,2,36,23
100,1.5,0.6,0.3,0.5,50,3,23,23
100,1.5,0.6,0.3,0.5,50,4,36,23
100,1.5,0.6,0.3,0.5,50,5,23,23
100,1.5,0.6,0.3,0.5,50,6,23,23
100,1.5,0.6,0.3,0.5,50,7,36,23
100,1.5,0.6,0.3,0.5,50,8,23,23
100,1.5,0.6,0.3,0.5,50,9,15,23
100,1.5,0.6,0.3,0.5,50,10,15,23
100,1.5,0.6,0.3,0.5,50,11,23,23
100,1.5,0.6,0.3,0.5,50,12,23,23
100,1.5,0.6,0.3,0.5,50,13,15,23
100,1.5,0.6,0.3,0.5,50,14,23,23
100,1.5,0.6,0.3,0.5,50,15,15,23
100,1.5,0.6,0.3,0.5,50,16,23,23
100,1.5,0.6,0.3,0.5,50,17,23,23
100,1.5,0.6,0.3,0.5,50,18,23,23
100,1.5,0.6,0.3,0.5,50,19,4,23
100,1.5,0.6,0.3,0.5,50,20,23,23
100,1.5,0.6,0.3,0.5,50,21,23,23
100,1.5,0.6,0.3,0.5,50,22,23,23
100,1.5,0.6,0.3,0.5,50,23,23,23
100,1.5,0.6,0.3,0.5,50,24,36,23
100,1.5,0.6,0.3,0.5,50,25,15,23
100,1.5,0.6,0.3,0.5,50,26,15,23
100,1.5,0.6,0.3,0.5,50,27,23,23
100,1.5,0.6,0.3,0.5,50,28,9,23
100,1.5,0.6,0.3,0.5,50,29,15,23
100,1.5,0.6,0.3,0.5,50,30,15,23
100,1.5,0.6,0.3,0.5,50,31,15,23
100,1.5,0.6,0.3,0.5,50,32,9,23
100,1.5,0.6,0.3,0.5,50,33,36,23
100,1.5,0.6,0.3,0.5,50,34,36,23
100,1.5,0.6,0.3,0.5,50,35,23,23
100,1.5,0.6,0.3,0.5,50,36,36,23
100,1.5,0.6,0.3,0.5,50,37,15,23
100,1.5,0.6,0.3,0.5,50,38,23,23
100,1.5,0.6,0.3,0.5,50,39,15,23
100,1.5,0.6,0.3,0.5,50,40,15,23
100,1.5,0.6,0.3,0.5,50,41,23,23
100,1.5,0.6,0.3,0.5,50,42,36,23
100,1.5,0.6,0.3,0.5,50,43,23,23
100,1.5,0.6,0.3,0.5,50,44,36,23
100,1.5,0.6,0.3,0.5,50,45,23,23
100,1.5,0.6,0.3,0.5,50,46,23,23
100,1.5,0.6,0.3,0.5,50,47,36,23
100,1.5,0.6,0.3,0.5,50,48,15,23
100,1.5,0.6,0.3,0.5,50,49,57,23
100,1.5,0.6,0.3,0.5,50,50,23,23
10,0.5,0.7,0.3,0.5,50,1,36,23
10,0.5,0.7,0.3,0.5,50,2,23,23
10,0.5,0.7,0.3,0.5,50,3,36,23
10,0.5,0.7,0.3,0.5,50,4,36,23
10,0.5,0.7,0.3,0.5,50,5,36,23
10,0.5,0.7,0.3,0.5,50,6,36,23
10,0.5,0.7,0.3,0.5,50,7,36,23
10,0.5,0.7,0.3,0.5,50,8,36,23
10,0.5,0.7,0.3,0.5,50,9,23,23
10,0.5,0.7,0.3,0.5,50,10,23,23
10,0.5,0.7,0.3,0.5,50,11,36,23
10,0.5,0.7,0.3,0.5,50,12,36,23
10,0.5,0.7,0.3,0.5,50,13,36,23
10,0.5,0.7,0.3,0.5,50,14,36,23
10,0.5,0.7,0.3,0.5,50,15,36,23
10,0.5,0.7,0.3,0.5,50,16,23,23
10,0.5,0.7,0.3,0.5,50,17,36,23
10,0.5,0.7,0.3,0.5,50,18,36,23
10,0.5,0.7,0.3,0.5,50,19,23,23
10,0.5,0.7,0.3,0.5,50,20,36,23
10,0.5,0.7,0.3,0.5,50,21,36,23
10,0.5,0.7,0.3,0.5,50,22,36,23
10,0.5,0.7,0.3,0.5,50,23,15,23
10,0.5,0.7,0.3,0.5,50,24,36,23
10,0.5,0.7,0.3,0.5,50,25,23,23
10,0.5,0.7,0.3,0.5,50,26,23,23
10,0.5,0.7,0.3,0.5,50,27,23,23
10,0.5,0.7,0.3,0.5,50,28,36,23
10,0.5,0.7,0.3,0.5,50,29,36,23
10,0.5,0.7,0.3,0.5,50,30,36,23
10,0.5,0.7,0.3,0.5,50,31,23,23
10,0.5,0.7,0.3,0.5,50,32,36,23
10,0.5,0.7,0.3,0.5,50,33,36,23
10,0.5,0.7,0.3,0.5,50,34,36,23
10,0.5,0.7,0.3,0.5,50,35,23,23
10,0.5,0.7,0.3,0.5,50,36,36,23
10,0.5,0.7,0.3,0.5,50,37,23,23
10,0.5,0.7,0.3,0.5,50,38,23,23
10,0.5,0.7,0.3,0.5,50,39,36,23
10,0.5,0.7,0.3,0.5,50,40,23,23
10,0.5,0.7,0.3,0.5,50,41,36,23
10,0.5,0.7,0.3,0.5,50,42,23,23
10,0.5,0.7,0.3,0.5,50,43,36,23
10,0.5,0.7,0.3,0.5,50,44,23,23
10,0.5,0.7,0.3,0.5,50,45,36,23
10,0.5,0.7,0.3,0.5,50,46,36,23
10,0.5,0.7,0.3,0.5,50,47,36,23
10,0.5,0.7,0.3,0.5,50,48,23,23
10,0.5,0.7,0.3,0.5,50,49,36,23
10,0.5,0.7,0.3,0.5,50,50,23,23
30,0.5,0.7,0.3,0.5,50,1,9,23
30,0.5,0.7,0.3,0.5,50,2,15,23
30,0.5,0.7,0.3,0.5,50,3,15,23
30,0.5,0.7,0.3,0.5,50,4,9,23
30,0.5,0.7,0.3,0.5,50,5,9,23
30,0.5,0.7,0.3,0.5,50,6,15,23
30,0.5,0.7,0.3,0.5,50,7,15,23
30,0.5,0.7,0.3,0.5,50,8,15,23
30,0.5,0.7,0.3,0.5,50,9,15,23
30,0.5,0.7,0.3,0.5,50,10,15,23
30,0.5,0.7,0.3,0.5,50,11,9,23
30,0.5,0.7,0.3,0.5,50,12,15,23
30,0.5,0.7,0.3,0.5,50,13,9,23
30,0.5,0.7,0.3,0.5,50,14,15,23
30,0.5,0.7,0.3,0.5,50,15,15,23
30,0.5,0.7,0.3,0.5,50,16,15,23
30,0.5,0.7,0.3,0.5,50,17,15,23
30,0.5,0.7,0.3,0.5,50,18,15,23
30,0.5,0.7,0.3,0.5,50,19,15,23
30,0.5,0.7,0.3,0.5,50,20,15,23
30,0.5,0.7,0.3,0.5,50,21,15,23
30,0.5,0.7,0.3,0.5,50,22,15,23
30,0.5,0.7,0.3,0.5,50,23,9,23
30,0.5,0.7,0.3,0.5,50,24,15,23
30,0.5,0.7,0.3,0.5,50,25,9,23
30,0.5,0.7,0.3,0.5,50,26,15,23
30,0.5,0.7,0.3,0.5,50,27,15,23
30,0.5,0.7,0.3,0.5,50,28,9,23
30,0.5,0.7,0.3,0.5,50,29,15,23
30,0.5,0.7,0.3,0.5,50,30,9,23
30,0.5,0.7,0.3,0.5,50,31,15,23
30,0.5,0.7,0.3,0.5,50,32,15,23
30,0.5,0.7,0.3,0.5,50,33,15,23
30,0.5,0.7,0.3,0.5,50,34,15,23
30,0.5,0.7,0.3,0.5,50,35,15,23
30,0.5,0.7,0.3,0.5,50,36,15,23
30,0.5,0.7,0.3,0.5,50,37,15,23
30,0.5,0.7,0.3,0.5,50,38,15,23
30,0.5,0.7,0.3,0.5,50,39,15,23
30,0.5,0.7,0.3,0.5,50,40,15,23
30,0.5,0.7,0.3,0.5,50,41,23,23
30,0.5,0.7,0.3,0.5,50,42,9,23
30,0.5,0.7,0.3,0.5,50,43,15,23
30,0.5,0.7,0.3,0.5,50,44,15,23
30,0.5,0.7,0.3,0.5,50,45,15,23
30,0.5,0.7,0.3,0.5,50,46,15,23
30,0.5,0.7,0.3,0.5,50,47,9,23
30,0.5,0.7,0.3,0.5,50,48,15,23
30,0.5,0.7,0.3,0.5,50,49,15,23
30,0.5,0.7,0.3,0.5,50,50,15,23
60,0.5,0.7,0.3,0.5,50,1,9,23
60,0.5,0.7,0.3,0.5,50,2,9,23
60,0.5,0.7,0.3,0.5,50,3,15,23
60,0.5,0.7,0.3,0.5,50,4,6,23
60,0.5,0.7,0.3,0.5,50,5,9,23
60,0.5,0.7,0.3,0.5,50,6,9,23
60,0.5,0.7,0.3,0.5,50,7,15,23
60,0.5,0.7,0.3,0.5,50,8,4,23
60,0.5,0.7,0.3,0.5,50,9,15,23
60,0.5,0.7,0.3,0.5,50,10,9,23
60,0.5,0.7,0.3,0.5,50,11,6,23
60,0.5,0.7,0.3,0.5,50,12,9,23
60,0.5,0.7,0.3,0.5,50,13,9,23
60,0.5,0.7,0.3,0.5,50,14,9,23
60,0.5,0.7,0.3,0.5,50,15,9,23
60,0.5,0.7,0.3,0.5,50,16,15,23
60,0.5,0.7,0.3,0.5,50,17,9,23
60,0.5,0.7,0.3,0.5,50,18,15,23
60,0.5,0.7,0.3,0.5,50,19,9,23
60,0.5,0.7,0.3,0.5,50,20,9,23
60,0.5,0.7,0.3,0.5,50,21,15,23
60,0.5,0.7,0.3,0.5,50,22,9,23
60,0.5,0.7,0.3,0.5,50,23,9,23
60,0.5,0.7,0.3,0.5,50,24,9,23
60,0.5,0.7,0.3,0.5,50,25,9,23
60,0.5,0.7,0.3,0.5,50,26,9,23
60,0.5,0.7,0.3,0.5,50,27,9,23
60,0.5,0.7,0.3,0.5,50,28,9,23
60,0.5,0.7,0.3,0.5,50,29,6,23
60,0.5,0.7,0.3,0.5,50,30,9,23
60,0.5,0.7,0.3,0.5,50,31,9,23
60,0.5,0.7,0.3,0.5,50,32,9,23
60,0.5,0.7,0.3,0.5,50,33,6,23
60,0.5,0.7,0.3,0.5,50,34,9,23
60,0.5,0.7,0.3,0.5,50,35,15,23
60,0.5,0.7,0.3,0.5,50,36,9,23
60,0.5,0.7,0.3,0.5,50,37,9,23
60,0.5,0.7,0.3,0.5,50,38,9,23
60,0.5,0.7,0.3,0.5,50,39,15,23
60,0.5,0.7,0.3,0.5,50,40,15,23
60,0.5,0.7,0.3,0.5,50,41,15,23
60,0.5,0.7,0.3,0.5,50,42,9,23
60,0.5,0.7,0.3,0.5,50,43,9,23
60,0.5,0.7,0.3,0.5,50,44,15,23
60,0.5,0.7,0.3,0.5,50,45,15,23
60,0.5,0.7,0.3,0.5,50,46,9,23
60,0.5,0.7,0.3,0.5,50,47,9,23
60,0.5,0.7,0.3,0.5,50,48,15,23
60,0.5,0.7,0.3,0.5,50,49,9,23
60,0.5,0.7,0.3,0.5,50,50,9,23
100,0.5,0.7,0.3,0.5,50,1,6,23
100,0.5,0.7,0.3,0.5,50,2,9,23
100,0.5,0.7,0.3,0.5,50,3,9,23
100,0.5,0.7,0.3,0.5,50,4,6,23
100,0.5,0.7,0.3,0.5,50,5,9,23
100,0.5,0.7,0.3,0.5,50,6,9,23
100,0.5,0.7,0.3,0.5,50,7,15,23
100,0.5,0.7,0.3,0.5,50,8,4,23
100,0.5,0.7,0.3,0.5,50,9,9,23
100,0.5,0.7,0.3,0.5,50,10,9,23
100,0.5,0.7,0.3,0.5,50,11,4,23
100,0.5,0.7,0.3,0.5,50,12,9,23
100,0.5,0.7,0.3,0.5,50,13,9,23
100,0.5,0.7,0.3,0.5,50,14,9,23
100,0.5,0.7,0.3,0.5,50,15,9,23
100,0.5,0.7,0.3,0.5,50,16,9,23
100,0.5,0.7,0.3,0.5,50,17,9,23
100,0.5,0.7,0.3,0.5,50,18,15,23
100,0.5,0.7,0.3,0.5,50,19,9,23
100,0.5,0.7,0.3,0.5,50,20,6,23
100,0.5,0.7,0.3,0.5,50,21,9,23
100,0.5,0.7,0.3,0.5,50,22,9,23
100,0.5,0.7,0.3,0.5,50,23,9,23
100,0.5,0.7,0.3,0.5,50,24,9,23
100,0.5,0.7,0.3,0.5,50,25,9,23
100,0.5,0.7,0.3,0.5,50,26,9,23
100,0.5,0.7,0.3,0.5,50,27,9,23
100,0.5,0.7,0.3,0.5,50,28,9,23
100,0.5,0.7,0.3,0.5,50,29,6,23
100,0.5,0.7,0.3,0.5,50,30,9,23
100,0.5,0.7,0.3,0.5,50,31,9,23
100,0.5,0.7,0.3,0.5,50,32,9,23
100,0.5,0.7,0.3,0.5,50,33,6,23
100,0.5,0.7,0.3,0.5,50,34,15,23
100,0.5,0.7,0.3,0.5,50,35,9,23
100,0.5,0.7,0.3,0.5,50,36,6,23
100,0.5,0.7,0.3,0.5,50,37,6,23
100,0.5,0.7,0.3,0.5,50,38,9,23
100,0.5,0.7,0.3,0.5,50,39,9,23
100,0.5,0.7,0.3,0.5,50,40,9,23
100,0.5,0.7,0.3,0.5,50,41,15,23
100,0.5,0.7,0.3,0.5,50,42,9,23
100,0.5,0.7,0.3,0.5,50,43,9,23
100,0.5,0.7,0.3,0.5,50,44,9,23
100,0.5,0.7,0.3,0.5,50,45,15,23
100,0.5,0.7,0.3,0.5,50,46,9,23
100,0.5,0.7,0.3,0.5,50,47,9,23
100,0.5,0.7,0.3,0.5,50,48,9,23
100,0.5,0.7,0.3,0.5,50,49,9,23
100,0.5,0.7,0.3,0.5,50,50,4,23
10,1,0.7,0.3,0.5,50,1,36,23
10,1,0.7,0.3,0.5,50,2,36,23
10,1,0.7,0.3,0.5,50,3,36,23
10,1,0.7,0.3,0.5,50,4,23,23
10,1,0.7,0.3,0.5,50,5,23,23
10,1,0.7,0.3,0.5,50,6,36,23
10,1,0.7,0.3,0.5,50,7,57,23
10,1,0.7,0.3,0.5,50,8,36,23
10,1,0.7,0.3,0.5,50,9,36,23
10,1,0.7,0.3,0.5,50,10,36,23
10,1,0.7,0.3,0.5,50,11,36,23
10,1,0.7,0.3,0.5,50,12,36,23
10,1,0.7,0.3,0.5,50,13,36,23
10,1,0.7,0.3,0.5,50,14,57,23
10,1,0.7,0.3,0.5,50,15,57,23
10,1,0.7,0.3,0.5,50,16,36,23
10,1,0.7,0.3,0.5,50,17,36,23
10,1,0.7,0.3,0.5,50,18,57,23
10,1,0.7,0.3,0.5,50,19,36,23
10,1,0.7,0.3,0.5,50,20,36,23
10,1,0.7,0.3,0.5,50,21,36,23
10,1,0.7,0.3,0.5,50,22,36,23
10,1,0.7,0.3,0.5,50,23,23,23
10,1,0.7,0.3,0.5,50,24,36,23
10,1,0.7,0.3,0.5,50,25,36,23
10,1,0.7,0.3,0.5,50,26,36,23
10,1,0.7,0.3,0.5,50,27,36,23
10,1,0.7,0.3,0.5,50,28,57,23
10,1,0.7,0.3,0.5,50,29,57,23
10,1,0.7,0.3,0.5,50,30,36,23
10,1,0.7,0.3,0.5,50,31,23,23
10,1,0.7,0.3,0.5,50,32,36,23
10,1,0.7,0.3,0.5,50,33,36,23
10,1,0.7,0.3,0.5,50,34,57,23
10,1,0.7,0.3,0.5,50,35,36,23
10,1,0.7,0.3,0.5,50,36,57,23
10,1,0.7,0.3,0.5,50,37,57,23
10,1,0.7,0.3,0.5,50,38,36,23
10,1,0.7,0.3,0.5,50,39,57,23
10,1,0.7,0.3,0.5,50,40,36,23
10,1,0.7,0.3,0.5,50,41,57,23
10,1,0.7,0.3,0.5,50,42,36,23
10,1,0.7,0.3,0.5,50,43,36,23
10,1,0.7,0.3,0.5,50,44,36,23
10,1,0.7,0.3,0.5,50,45,36,23
10,1,0.7,0.3,0.5,50,46,23,23
10,1,0.7,0.3,0.5,50,47,36,23
10,1,0.7,0.3,0.5,50,48,15,23
10,1,0.7,0.3,0.5,50,49,36,23
10,1,0.7,0.3,0.5,50,50,36,23
30,1,0.7,0.3,0.5,50,1,15,23
30,1,0.7,0.3,0.5,50,2,15,23
30,1,0.7,0.3,0.5,50,3,15,23
30,1,0.7,0.3,0.5,50,4,15,23
30,1,0.7,0.3,0.5,50,5,15,23
30,1,0.7,0.3,0.5,50,6,15,23
30,1,0.7,0.3,0.5,50,7,15,23
30,1,0.7,0.3,0.5,50,8,15,23
30,1,0.7,0.3,0.5,50,9,23,23
30,1,0.7,0.3,0.5,50,10,15,23
30,1,0.7,0.3,0.5,50,11,15,23
30,1,0.7,0.3,0.5,50,12,15,23
30,1,0.7,0.3,0.5,50,13,9,23
30,1,0.7,0.3,0.5,50,14,15,23
30,1,0.7,0.3,0.5,50,15,15,23
30,1,0.7,0.3,0.5,50,16,15,23
30,1,0.7,0.3,0.5,50,17,15,23
30,1,0.7,0.3,0.5,50,18,15,23
30,1,0.7,0.3,0.5,50,19,15,23
30,1,0.7,0.3,0.5,50,20,15,23
30,1,0.7,0.3,0.5,50,21,15,23
30,1,0.7,0.3,0.5,50,22,23,23
30,1,0.7,0.3,0.5,50,23,23,23
30,1,0.7,0.3,0.5,50,24,15,23
30,1,0.7,0.3,0.5,50,25,15,23
30,1,0.7,0.3,0.5,50,26,15,23
30,1,0.7,0.3,0.5,50,27,15,23
30,1,0.7,0.3,0.5,50,28,15,23
30,1,0.7,0.3,0.5,50,29,15,23
30,1,0.7,0.3,0.5,50,30,15,23
30,1,0.7,0.3,0.5,50,31,9,23
30,1,0.7,0.3,0.5,50,32,15,23
30,1,0.7,0.3,0.5,50,33,15,23
30,1,0.7,0.3,0.5,50,34,23,23
30,1,0.7,0.3,0.5,50,35,23,23
30,1,0.7,0.3,0.5,50,36,15,23
30,1,0.7,0.3,0.5,50,37,15,23
30,1,0.7,0.3,0.5,50,38,15,23
30,1,0.7,0.3,0.5,50,39,15,23
30,1,0.7,0.3,0.5,50,40,15,23
30,1,0.7,0.3,0.5,50,41,23,23
30,1,0.7,0.3,0.5,50,42,15,23
30,1,0.7,0.3,0.5,50,43,15,23
30,1,0.7,0.3,0.5,50,44,15,23
30,1,0.7,0.3,0.5,50,45,15,23
30,1,0.7,0.3,0.5,50,46,15,23
30,1,0.7,0.3,0.5,50,47,15,23
30,1,0.7,0.3,0.5,50,48,15,23
30,1,0.7,0.3,0.5,50,49,15,23
30,1,0.7,0.3,0.5,50,50,15,23
60,1,0.7,0.3,0.5,50,1,9,23
60,1,0.7,0.3,0.5,50,2,9,23
60,1,0.7,0.3,0.5,50,3,15,23
60,1,0.7,0.3,0.5,50,4,9,23
60,1,0.7,0.3,0.5,50,5,9,23
60,1,0.7,0.3,0.5,50,6,15,23
60,1,0.7,0.3,0.5,50,7,15,23
60,1,0.7,0.3,0.5,50,8,9,23
60,1,0.7,0.3,0.5,50,9,15,23
60,1,0.7,0.3,0.5,50,10,9,23
60,1,0.7,0.3,0.5,50,11,9,23
60,1,0.7,0.3,0.5,50,12,15,23
60,1,0.7,0.3,0.5,50,13,15,23
60,1,0.7,0.3,0.5,50,14,15,23
60,1,0.7,0.3,0.5,50,15,9,23
60,1,0.7,0.3,0.5,50,16,15,23
60,1,0.7,0.3,0.5,50,17,15,23
60,1,0.7,0.3,0.5,50,18,15,23
60,1,0.7,0.3,0.5,50,19,15,23
60,1,0.7,0.3,0.5,50,20,9,23
60,1,0.7,0.3,0.5,50,21,15,23
60,1,0.7,0.3,0.5,50,22,15,23
60,1,0.7,0.3,0.5,50,23,15,23
60,1,0.7,0.3,0.5,50,24,15,23
60,1,0.7,0.3,0.5,50,25,15,23
60,1,0.7,0.3,0.5,50,26,9,23
60,1,0.7,0.3,0.5,50,27,9,23
60,1,0.7,0.3,0.5,50,28,15,23
60,1,0.7,0.3,0.5,50,29,15,23
60,1,0.7,0.3,0.5,50,30,15,23
60,1,0.7,0.3,0.5,50,31,9,23
60,1,0.7,0.3,0.5,50,32,15,23
60,1,0.7,0.3,0.5,50,33,15,23
60,1,0.7,0.3,0.5,50,34,15,23
60,1,0.7,0.3,0.5,50,35,15,23
60,1,0.7,0.3,0.5,50,36,15,23
60,1,0.7,0.3,0.5,50,37,6,23
60,1,0.7,0.3,0.5,50,38,15,23
60,1,0.7,0.3,0.5,50,39,9,23
60,1,0.7,0.3,0.5,50,40,15,23
60,1,0.7,0.3,0.5,50,41,23,23
60,1,0.7,0.3,0.5,50,42,9,23
60,1,0.7,0.3,0.5,50,43,9,23
60,1,0.7,0.3,0.5,50,44,15,23
60,1,0.7,0.3,0.5,50,45,9,23
60,1,0.7,0.3,0.5,50,46,9,23
60,1,0.7,0.3,0.5,50,47,9,23
60,1,0.7,0.3,0.5,50,48,15,23
60,1,0.7,0.3,0.5,50,49,15,23
60,1,0.7,0.3,0.5,50,50,9,23
100,1,0.7,0.3,0.5,50,1,9,23
100,1,0.7,0.3,0.5,50,2,9,23
100,1,0.7,0.3,0.5,50,3,9,23
100,1,0.7,0.3,0.5,50,4,9,23
100,1,0.7,0.3,0.5,50,5,9,23
100,1,0.7,0.3,0.5,50,6,9,23
100,1,0.7,0.3,0.5,50,7,15,23
100,1,0.7,0.3,0.5,50,8,9,23
100,1,0.7,0.3,0.5,50,9,15,23
100,1,0.7,0.3,0.5,50,10,9,23
100,1,0.7,0.3,0.5,50,11,9,23
100,1,0.7,0.3,0.5,50,12,15,23
100,1,0.7,0.3,0.5,50,13,9,23
100,1,0.7,0.3,0.5,50,14,9,23
100,1,0.7,0.3,0.5,50,15,9,23
100,1,0.7,0.3,0.5,50,16,9,23
100,1,0.7,0.3,0.5,50,17,15,23
100,1,0.7,0.3,0.5,50,18,15,23
100,1,0.7,0.3,0.5,50,19,9,23
100,1,0.7,0.3,0.5,50,20,9,23
100,1,0.7,0.3,0.5,50,21,15,23
100,1,0.7,0.3,0.5,50,22,15,23
100,1,0.7,0.3,0.5,50,23,15,23
100,1,0.7,0.3,0.5,50,24,9,23
100,1,0.7,0.3,0.5,50,25,9,23
100,1,0.7,0.3,0.5,50,26,9,23
100,1,0.7,0.3,0.5,50,27,9,23
100,1,0.7,0.3,0.5,50,28,6,23
100,1,0.7,0.3,0.5,50,29,15,23
100,1,0.7,0.3,0.5,50,30,9,23
100,1,0.7,0.3,0.5,50,31,15,23
100,1,0.7,0.3,0.5,50,32,9,23
100,1,0.7,0.3,0.5,50,33,15,23
100,1,0.7,0.3,0.5,50,34,15,23
100,1,0.7,0.3,0.5,50,35,15,23
100,1,0.7,0.3,0.5,50,36,15,23
100,1,0.7,0.3,0.5,50,37,9,23
100,1,0.7,0.3,0.5,50,38,9,23
100,1,0.7,0.3,0.5,50,39,9,23
100,1,0.7,0.3,0.5,50,40,9,23
100,1,0.7,0.3,0.5,50,41,15,23
100,1,0.7,0.3,0.5,50,42,9,23
100,1,0.7,0.3,0.5,50,43,15,23
100,1,0.7,0.3,0.5,50,44,15,23
100,1,0.7,0.3,0.5,50,45,15,23
100,1,0.7,0.3,0.5,50,46,9,23
100,1,0.7,0.3,0.5,50,47,15,23
100,1,0.7,0.3,0.5,50,48,6,23
100,1,0.7,0.3,0.5,50,49,15,23
100,1,0.7,0.3,0.5,50,50,9,23
10,1.5,0.7,0.3,0.5,50,1,36,23
10,1.5,0.7,0.3,0.5,50,2,88,23
10,1.5,0.7,0.3,0.5,50,3,88,23
10,1.5,0.7,0.3,0.5,50,4,88,23
10,1.5,0.7,0.3,0.5,50,5,57,23
10,1.5,0.7,0.3,0.5,50,6,217,23
10,1.5,0.7,0.3,0.5,50,7,88,23
10,1.5,0.7,0.3,0.5,50,8,88,23
10,1.5,0.7,0.3,0.5,50,9,217,23
10,1.5,0.7,0.3,0.5,50,10,88,23
10,1.5,0.7,0.3,0.5,50,11,88,23
10,1.5,0.7,0.3,0.5,50,12,139,23
10,1.5,0.7,0.3,0.5,50,13,139,23
10,1.5,0.7,0.3,0.5,50,14,88,23
10,1.5,0.7,0.3,0.5,50,15,217,23
10,1.5,0.7,0.3,0.5,50,16,15,23
10,1.5,0.7,0.3,0.5,50,17,88,23
10,1.5,0.7,0.3,0.5,50,18,57,23
10,1.5,0.7,0.3,0.5,50,19,57,23
10,1.5,0.7,0.3,0.5,50,20,88,23
10,1.5,0.7,0.3,0.5,50,21,88,23
10,1.5,0.7,0.3,0.5,50,22,88,23
10,1.5,0.7,0.3,0.5,50,23,88,23
10,1.5,0.7,0.3,0.5,50,24,36,23
10,1.5,0.7,0.3,0.5,50,25,88,23
10,1.5,0.7,0.3,0.5,50,26,57,23
10,1.5,0.7,0.3,0.5,50,27,139,23
10,1.5,0.7,0.3,0.5,50,28,57,23
10,1.5,0.7,0.3,0.5,50,29,57,23
10,1.5,0.7,0.3,0.5,50,30,88,23
10,1.5,0.7,0.3,0.5,50,31,57,23
10,1.5,0.7,0.3,0.5,50,32,139,23
10,1.5,0.7,0.3,0.5,50,33,57,23
10,1.5,0.7,0.3,0.5,50,34,217,23
10,1.5,0.7,0.3,0.5,50,35,88,23
10,1.5,0.7,0.3,0.5,50,36,57,23
10,1.5,0.7,0.3,0.5,50,37,57,23
10,1.5,0.7,0.3,0.5,50,38,139,23
10,1.5,0.7,0.3,0.5,50,39,88,23
10,1.5,0.7,0.3,0.5,50,40,6,23
10,1.5,0.7,0.3,0.5,50,41,88,23
10,1.5,0.7,0.3,0.5,50,42,57,23
10,1.5,0.7,0.3,0.5,50,43,88,23
10,1.5,0.7,0.3,0.5,50,44,139,23
10,1.5,0.7,0.3,0.5,50,45,139,23
10,1.5,0.7,0.3,0.5,50,46,88,23
10,1.5,0.7,0.3,0.5,50,47,88,23
10,1.5,0.7,0.3,0.5,50,48,23,23
10,1.5,0.7,0.3,0.5,50,49,57,23
10,1.5,0.7,0.3,0.5,50,50,139,23
30,1.5,0.7,0.3,0.5,50,1,23,23
30,1.5,0.7,0.3,0.5,50,2,23,23
30,1.5,0.7,0.3,0.5,50,3,23,23
30,1.5,0.7,0.3,0.5,50,4,36,23
30,1.5,0.7,0.3,0.5,50,5,23,23
30,1.5,0.7,0.3,0.5,50,6,57,23
30,1.5,0.7,0.3,0.5,50,7,23,23
30,1.5,0.7,0.3,0.5,50,8,23,23
30,1.5,0.7,0.3,0.5,50,9,36,23
30,1.5,0.7,0.3,0.5,50,10,36,23
30,1.5,0.7,0.3,0.5,50,11,23,23
30,1.5,0.7,0.3,0.5,50,12,57,23
30,1.5,0.7,0.3,0.5,50,13,23,23
30,1.5,0.7,0.3,0.5,50,14,23,23
30,1.5,0.7,0.3,0.5,50,15,57,23
30,1.5,0.7,0.3,0.5,50,16,36,23
30,1.5,0.7,0.3,0.5,50,17,23,23
30,1.5,0.7,0.3,0.5,50,18,15,23
30,1.5,0.7,0.3,0.5,50,19,36,23
30,1.5,0.7,0.3,0.5,50,20,36,23
30,1.5,0.7,0.3,0.5,50,21,15,23
30,1.5,0.7,0.3,0.5,50,22,36,23
30,1.5,0.7,0.3,0.5,50,23,36,23
30,1.5,0.7,0.3,0.5,50,24,15,23
30,1.5,0.7,0.3,0.5,50,25,15,23
30,1.5,0.7,0.3,0.5,50,26,23,23
30,1.5,0.7,0.3,0.5,50,27,36,23
30,1.5,0.7,0.3,0.5,50,28,15,23
30,1.5,0.7,0.3,0.5,50,29,36,23
30,1.5,0.7,0.3,0.5,50,30,36,23
30,1.5,0.7,0.3,0.5,50,31,23,23
30,1.5,0.7,0.3,0.5,50,32,36,23
30,1.5,0.7,0.3,0.5,50,33,36,23
30,1.5,0.7,0.3,0.5,50,34,36,23
30,1.5,0.7,0.3,0.5,50,35,15,23
30,1.5,0.7,0.3,0.5,50,36,15,23
30,1.5,0.7,0.3,0.5,50,37,15,23
30,1.5,0.7,0.3,0.5,50,38,36,23
30,1.5,0.7,0.3,0.5,50,39,36,23
30,1.5,0.7,0.3,0.5,50,40,36,23
30,1.5,0.7,0.3,0.5,50,41,23,23
30,1.5,0.7,0.3,0.5,50,42,23,23
30,1.5,0.7,0.3,0.5,50,43,23,23
30,1.5,0.7,0.3,0.5,50,44,23,23
30,1.5,0.7,0.3,0.5,50,45,36,23
30,1.5,0.7,0.3,0.5,50,46,15,23
30,1.5,0.7,0.3,0.5,50,47,36,23
30,1.5,0.7,0.3,0.5,50,48,15,23
30,1.5,0.7,0.3,0.5,50,49,36,23
30,1.5,0.7,0.3,0.5,50,50,36,23
60,1.5,0.7,0.3,0.5,50,1,15,23
60,1.5,0.7,0.3,0.5,50,2,23,23
60,1.5,0.7,0.3,0.5,50,3,15,23
60,1.5,0.7,0.3,0.5,50,4,23,23
60,1.5,0.7,0.3,0.5,50,5,15,23
60,1.5,0.7,0.3,0.5,50,6,23,23
60,1.5,0.7,0.3,0.5,50,7,15,23
60,1.5,0.7,0.3,0.5,50,8,15,23
60,1.5,0.7,0.3,0.5,50,9,36,23
60,1.5,0.7,0.3,0.5,50,10,15,23
60,1.5,0.7,0.3,0.5,50,11,9,23
60,1.5,0.7,0.3,0.5,50,12,36,23
60,1.5,0.7,0.3,0.5,50,13,15,23
60,1.5,0.7,0.3,0.5,50,14,23,23
60,1.5,0.7,0.3,0.5,50,15,23,23
60,1.5,0.7,0.3,0.5,50,16,15,23
60,1.5,0.7,0.3,0.5,50,17,15,23
60,1.5,0.7,0.3,0.5,50,18,9,23
60,1.5,0.7,0.3,0.5,50,19,15,23
60,1.5,0.7,0.3,0.5,50,20,15,23
60,1.5,0.7,0.3,0.5,50,21,23,23
60,1.5,0.7,0.3,0.5,50,22,36,23
60,1.5,0.7,0.3,0.5,50,23,15,23
60,1.5,0.7,0.3,0.5,50,24,15,23
60,1.5,0.7,0.3,0.5,50,25,23,23
60,1.5,0.7,0.3,0.5,50,26,15,23
60,1.5,0.7,0.3,0.5,50,27,23,23
60,1.5,0.7,0.3,0.5,50,28,15,23
60,1.5,0.7,0.3,0.5,50,29,15,23
60,1.5,0.7,0.3,0.5,50,30,23,23
60,1.5,0.7,0.3,0.5,50,31,23,23
60,1.5,0.7,0.3,0.5,50,32,15,23
60,1.5,0.7,0.3,0.5,50,33,15,23
60,1.5,0.7,0.3,0.5,50,34,23,23
60,1.5,0.7,0.3,0.5,50,35,15,23
60,1.5,0.7,0.3,0.5,50,36,15,23
60,1.5,0.7,0.3,0.5,50,37,23,23
60,1.5,0.7,0.3,0.5,50,38,15,23
60,1.5,0.7,0.3,0.5,50,39,15,23
60,1.5,0.7,0.3,0.5,50,40,23,23
60,1.5,0.7,0.3,0.5,50,41,23,23
60,1.5,0.7,0.3,0.5,50,42,15,23
60,1.5,0.7,0.3,0.5,50,43,15,23
60,1.5,0.7,0.3,0.5,50,44,23,23
60,1.5,0.7,0.3,0.5,50,45,23,23
60,1.5,0.7,0.3,0.5,50,46,9,23
60,1.5,0.7,0.3,0.5,50,47,15,23
60,1.5,0.7,0.3,0.5,50,48,15,23
60,1.5,0.7,0.3,0.5,50,49,23,23
60,1.5,0.7,0.3,0.5,50,50,23,23
100,1.5,0.7,0.3,0.5,50,1,9,23
100,1.5,0.7,0.3,0.5,50,2,15,23
100,1.5,0.7,0.3,0.5,50,3,23,23
100,1.5,0.7,0.3,0.5,50,4,23,23
100,1.5,0.7,0.3,0.5,50,5,15,23
100,1.5,0.7,0.3,0.5,50,6,36,23
100,1.5,0.7,0.3,0.5,50,7,36,23
100,1.5,0.7,0.3,0.5,50,8,15,23
100,1.5,0.7,0.3,0.5,50,9,23,23
100,1.5,0.7,0.3,0.5,50,10,15,23
100,1.5,0.7,0.3,0.5,50,11,15,23
100,1.5,0.7,0.3,0.5,50,12,23,23
100,1.5,0.7,0.3,0.5,50,13,23,23
100,1.5,0.7,0.3,0.5,50,14,23,23
100,1.5,0.7,0.3,0.5,50,15,23,23
100,1.5,0.7,0.3,0.5,50,16,23,23
100,1.5,0.7,0.3,0.5,50,17,9,23
100,1.5,0.7,0.3,0.5,50,18,15,23
100,1.5,0.7,0.3,0.5,50,19,15,23
100,1.5,0.7,0.3,0.5,50,20,23,23
100,1.5,0.7,0.3,0.5,50,21,15,23
100,1.5,0.7,0.3,0.5,50,22,23,23
100,1.5,0.7,0.3,0.5,50,23,15,23
100,1.5,0.7,0.3,0.5,50,24,9,23
100,1.5,0.7,0.3,0.5,50,25,15,23
100,1.5,0.7,0.3,0.5,50,26,15,23
100,1.5,0.7,0.3,0.5,50,27,15,23
100,1.5,0.7,0.3,0.5,50,28,15,23
100,1.5,0.7,0.3,0.5,50,29,9,23
100,1.5,0.7,0.3,0.5,50,30,9,23
100,1.5,0.7,0.3,0.5,50,31,23,23
100,1.5,0.7,0.3,0.5,50,32,15,23
100,1.5,0.7,0.3,0.5,50,33,15,23
100,1.5,0.7,0.3,0.5,50,34,23,23
100,1.5,0.7,0.3,0.5,50,35,6,23
100,1.5,0.7,0.3,0.5,50,36,23,23
100,1.5,0.7,0.3,0.5,50,37,23,23
100,1.5,0.7,0.3,0.5,50,38,15,23
100,1.5,0.7,0.3,0.5,50,39,23,23
100,1.5,0.7,0.3,0.5,50,40,23,23
100,1.5,0.7,0.3,0.5,50,41,9,23
100,1.5,0.7,0.3,0.5,50,42,15,23
100,1.5,0.7,0.3,0.5,50,43,15,23
100,1.5,0.7,0.3,0.5,50,44,15,23
100,1.5,0.7,0.3,0.5,50,45,15,23
100,1.5,0.7,0.3,0.5,50,46,15,23
100,1.5,0.7,0.3,0.5,50,47,15,23
100,1.5,0.7,0.3,0.5,50,48,9,23
100,1.5,0.7,0.3,0.5,50,49,23,23
100,1.5,0.7,0.3,0.5,50,50,9,23
10,0.5,0.5,0.4,0.5,50,1,88,23
10,0.5,0.5,0.4,0.5,50,2,88,23
10,0.5,0.5,0.4,0.5,50,3,88,23
10,0.5,0.5,0.4,0.5,50,4,340,23
10,0.5,0.5,0.4,0.5,50,5,139,23
10,0.5,0.5,0.4,0.5,50,6,217,23
10,0.5,0.5,0.4,0.5,50,7,88,23
10,0.5,0.5,0.4,0.5,50,8,139,23
10,0.5,0.5,0.4,0.5,50,9,88,23
10,0.5,0.5,0.4,0.5,50,10,217,23
10,0.5,0.5,0.4,0.5,50,11,88,23
10,0.5,0.5,0.4,0.5,50,12,217,23
10,0.5,0.5,0.4,0.5,50,13,139,23
10,0.5,0.5,0.4,0.5,50,14,139,23
10,0.5,0.5,0.4,0.5,50,15,88,23
10,0.5,0.5,0.4,0.5,50,16,88,23
10,0.5,0.5,0.4,0.5,50,17,139,23
10,0.5,0.5,0.4,0.5,50,18,217,23
10,0.5,0.5,0.4,0.5,50,19,217,23
10,0.5,0.5,0.4,0.5,50,20,217,23
10,0.5,0.5,0.4,0.5,50,21,217,23
10,0.5,0.5,0.4,0.5,50,22,217,23
10,0.5,0.5,0.4,0.5,50,23,217,23
10,0.5,0.5,0.4,0.5,50,24,217,23
10,0.5,0.5,0.4,0.5,50,25,217,23
10,0.5,0.5,0.4,0.5,50,26,57,23
10,0.5,0.5,0.4,0.5,50,27,139,23
10,0.5,0.5,0.4,0.5,50,28,57,23
10,0.5,0.5,0.4,0.5,50,29,217,23
10,0.5,0.5,0.4,0.5,50,30,217,23
10,0.5,0.5,0.4,0.5,50,31,139,23
10,0.5,0.5,0.4,0.5,50,32,139,23
10,0.5,0.5,0.4,0.5,50,33,139,23
10,0.5,0.5,0.4,0.5,50,34,340,23
10,0.5,0.5,0.4,0.5,50,35,139,23
10,0.5,0.5,0.4,0.5,50,36,217,23
10,0.5,0.5,0.4,0.5,50,37,217,23
10,0.5,0.5,0.4,0.5,50,38,217,23
10,0.5,0.5,0.4,0.5,50,39,217,23
10,0.5,0.5,0.4,0.5,50,40,88,23
10,0.5,0.5,0.4,0.5,50,41,139,23
10,0.5,0.5,0.4,0.5,50,42,139,23
10,0.5,0.5,0.4,0.5,50,43,139,23
10,0.5,0.5,0.4,0.5,50,44,139,23
10,0.5,0.5,0.4,0.5,50,45,217,23
10,0.5,0.5,0.4,0.5,50,46,139,23
10,0.5,0.5,0.4,0.5,50,47,139,23
10,0.5,0.5,0.4,0.5,50,48,139,23
10,0.5,0.5,0.4,0.5,50,49,139,23
10,0.5,0.5,0.4,0.5,50,50,88,23
30,0.5,0.5,0.4,0.5,50,1,57,23
30,0.5,0.5,0.4,0.5,50,2,88,23
30,0.5,0.5,0.4,0.5,50,3,57,23
30,0.5,0.5,0.4,0.5,50,4,57,23
30,0.5,0.5,0.4,0.5,50,5,57,23
30,0.5,0.5,0.4,0.5,50,6,57,23
30,0.5,0.5,0.4,0.5,50,7,36,23
30,0.5,0.5,0.4,0.5,50,8,88,23
30,0.5,0.5,0.4,0.5,50,9,57,23
30,0.5,0.5,0.4,0.5,50,10,57,23
30,0.5,0.5,0.4,0.5,50,11,57,23
30,0.5,0.5,0.4,0.5,50,12,57,23
30,0.5,0.5,0.4,0.5,50,13,36,23
30,0.5,0.5,0.4,0.5,50,14,36,23
30,0.5,0.5,0.4,0.5,50,15,36,23
30,0.5,0.5,0.4,0.5,50,16,57,23
30,0.5,0.5,0.4,0.5,50,17,88,23
30,0.5,0.5,0.4,0.5,50,18,57,23
30,0.5,0.5,0.4,0.5,50,19,57,23
30,0.5,0.5,0.4,0.5,50,20,88,23
30,0.5,0.5,0.4,0.5,50,21,57,23
30,0.5,0.5,0.4,0.5,50,22,36,23
30,0.5,0.5,0.4,0.5,50,23,57,23
30,0.5,0.5,0.4,0.5,50,24,57,23
30,0.5,0.5,0.4,0.5,50,25,57,23
30,0.5,0.5,0.4,0.5,50,26,57,23
30,0.5,0.5,0.4,0.5,50,27,88,23
30,0.5,0.5,0.4,0.5,50,28,57,23
30,0.5,0.5,0.4,0.5,50,29,57,23
30,0.5,0.5,0.4,0.5,50,30,88,23
30,0.5,0.5,0.4,0.5,50,31,57,23
30,0.5,0.5,0.4,0.5,50,32,57,23
30,0.5,0.5,0.4,0.5,50,33,36,23
30,0.5,0.5,0.4,0.5,50,34,57,23
30,0.5,0.5,0.4,0.5,50,35,57,23
30,0.5,0.5,0.4,0.5,50,36,57,23
30,0.5,0.5,0.4,0.5,50,37,57,23
30,0.5,0.5,0.4,0.5,50,38,57,23
30,0.5,0.5,0.4,0.5,50,39,57,23
30,0.5,0.5,0.4,0.5,50,40,36,23
30,0.5,0.5,0.4,0.5,50,41,57,23
30,0.5,0.5,0.4,0.5,50,42,57,23
30,0.5,0.5,0.4,0.5,50,43,88,23
30,0.5,0.5,0.4,0.5,50,44,57,23
30,0.5,0.5,0.4,0.5,50,45,57,23
30,0.5,0.5,0.4,0.5,50,46,36,23
30,0.5,0.5,0.4,0.5,50,47,88,23
30,0.5,0.5,0.4,0.5,50,48,57,23
30,0.5,0.5,0.4,0.5,50,49,57,23
30,0.5,0.5,0.4,0.5,50,50,57,23
60,0.5,0.5,0.4,0.5,50,1,36,23
60,0.5,0.5,0.4,0.5,50,2,57,23
60,0.5,0.5,0.4,0.5,50,3,57,23
60,0.5,0.5,0.4,0.5,50,4,23,23
60,0.5,0.5,0.4,0.5,50,5,36,23
60,0.5,0.5,0.4,0.5,50,6,57,23
60,0.5,0.5,0.4,0.5,50,7,23,23
60,0.5,0.5,0.4,0.5,50,8,23,23
60,0.5,0.5,0.4,0.5,50,9,57,23
60,0.5,0.5,0.4,0.5,50,10,57,23
60,0.5,0.5,0.4,0.5,50,11,36,23
60,0.5,0.5,0.4,0.5,50,12,57,23
60,0.5,0.5,0.4,0.5,50,13,23,23
60,0.5,0.5,0.4,0.5,50,14,36,23
60,0.5,0.5,0.4,0.5,50,15,36,23
60,0.5,0.5,0.4,0.5,50,16,57,23
60,0.5,0.5,0.4,0.5,50,17,57,23
60,0.5,0.5,0.4,0.5,50,18,36,23
60,0.5,0.5,0.4,0.5,50,19,23,23
60,0.5,0.5,0.4,0.5,50,20,57,23
60,0.5,0.5,0.4,0.5,50,21,57,23
60,0.5,0.5,0.4,0.5,50,22,36,23
60,0.5,0.5,0.4,0.5,50,23,57,23
60,0.5,0.5,0.4,0.5,50,24,36,23
60,0.5,0.5,0.4,0.5,50,25,36,23
60,0.5,0.5,0.4,0.5,50,26,36,23
60,0.5,0.5,0.4,0.5,50,27,57,23
60,0.5,0.5,0.4,0.5,50,28,57,23
60,0.5,0.5,0.4,0.5,50,29,23,23
60,0.5,0.5,0.4,0.5,50,30,88,23
60,0.5,0.5,0.4,0.5,50,31,36,23
60,0.5,0.5,0.4,0.5,50,32,36,23
60,0.5,0.5,0.4,0.5,50,33,36,23
60,0.5,0.5,0.4,0.5,50,34,57,23
60,0.5,0.5,0.4,0.5,50,35,36,23
60,0.5,0.5,0.4,0.5,50,36,57,23
60,0.5,0.5,0.4,0.5,50,37,57,23
60,0.5,0.5,0.4,0.5,50,38,57,23
60,0.5,0.5,0.4,0.5,50,39,36,23
60,0.5,0.5,0.4,0.5,50,40,36,23
60,0.5,0.5,0.4,0.5,50,41,36,23
60,0.5,0.5,0.4,0.5,50,42,57,23
60,0.5,0.5,0.4,0.5,50,43,36,23
60,0.5,0.5,0.4,0.5,50,44,36,23
60,0.5,0.5,0.4,0.5,50,45,57,23
60,0.5,0.5,0.4,0.5,50,46,36,23
60,0.5,0.5,0.4,0.5,50,47,57,23
60,0.5,0.5,0.4,0.5,50,48,36,23
60,0.5,0.5,0.4,0.5,50,49,36,23
60,0.5,0.5,0.4,0.5,50,50,57,23
100,0.5,0.5,0.4,0.5,50,1,36,23
100,0.5,0.5,0.4,0.5,50,2,36,23
100,0.5,0.5,0.4,0.5,50,3,57,23
100,0.5,0.5,0.4,0.5,50,4,23,23
100,0.5,0.5,0.4,0.5,50,5,36,23
100,0.5,0.5,0.4,0.5,50,6,57,23
100,0.5,0.5,0.4,0.5,50,7,23,23
100,0.5,0.5,0.4,0.5,50,8,15,23
100,0.5,0.5,0.4,0.5,50,9,57,23
100,0.5,0.5,0.4,0.5,50,10,36,23
100,0.5,0.5,0.4,0.5,50,11,36,23
100,0.5,0.5,0.4,0.5,50,12,36,23
100,0.5,0.5,0.4,0.5,50,13,36,23
100,0.5,0.5,0.4,0.5,50,14,36,23
100,0.5,0.5,0.4,0.5,50,15,36,23
100,0.5,0.5,0.4,0.5,50,16,36,23
100,0.5,0.5,0.4,0.5,50,17,36,23
100,0.5,0.5,0.4,0.5,50,18,36,23
100,0.5,0.5,0.4,0.5,50,19,23,23
100,0.5,0.5,0.4,0.5,50,20,57,23
100,0.5,0.5,0.4,0.5,50,21,36,23
100,0.5,0.5,0.4,0.5,50,22,36,23
100,0.5,0.5,0.4,0.5,50,23,36,23
100,0.5,0.5,0.4,0.5,50,24,36,23
100,0.5,0.5,0.4,0.5,50,25,36,23
100,0.5,0.5,0.4,0.5,50,26,36,23
100,0.5,0.5,0.4,0.5,50,27,57,23
100,0.5,0.5,0.4,0.5,50,28,36,23
100,0.5,0.5,0.4,0.5,50,29,57,23
100,0.5,0.5,0.4,0.5,50,30,36,23
100,0.5,0.5,0.4,0.5,50,31,36,23
100,0.5,0.5,0.4,0.5,50,32,36,23
100,0.5,0.5,0.4,0.5,50,33,36,23
100,0.5,0.5,0.4,0.5,50,34,36,23
100,0.5,0.5,0.4,0.5,50,35,36,23
100,0.5,0.5,0.4,0.5,50,36,36,23
100,0.5,0.5,0.4,0.5,50,37,57,23
100,0.5,0.5,0.4,0.5,50,38,36,23
100,0.5,0.5,0.4,0.5,50,39,36,23
100,0.5,0.5,0.4,0.5,50,40,36,23
100,0.5,0.5,0.4,0.5,50,41,36,23
100,0.5,0.5,0.4,0.5,50,42,57,23
100,0.5,0.5,0.4,0.5,50,43,57,23
100,0.5,0.5,0.4,0.5,50,44,36,23
100,0.5,0.5,0.4,0.5,50,45,57,23
100,0.5,0.5,0.4,0.5,50,46,36,23
100,0.5,0.5,0.4,0.5,50,47,57,23
100,0.5,0.5,0.4,0.5,50,48,23,23
100,0.5,0.5,0.4,0.5,50,49,23,23
100,0.5,0.5,0.4,0.5,50,50,36,23
10,1,0.5,0.4,0.5,50,1,217,23
10,1,0.5,0.4,0.5,50,2,217,23
10,1,0.5,0.4,0.5,50,3,139,23
10,1,0.5,0.4,0.5,50,4,832,23
10,1,0.5,0.4,0.5,50,5,340,23
10,1,0.5,0.4,0.5,50,6,340,23
10,1,0.5,0.4,0.5,50,7,340,23
10,1,0.5,0.4,0.5,50,8,340,23
10,1,0.5,0.4,0.5,50,9,832,23
10,1,0.5,0.4,0.5,50,10,139,23
10,1,0.5,0.4,0.5,50,11,1303,23
10,1,0.5,0.4,0.5,50,12,340,23
10,1,0.5,0.4,0.5,50,13,NA,23
10,1,0.5,0.4,0.5,50,14,139,23
10,1,0.5,0.4,0.5,50,15,217,23
10,1,0.5,0.4,0.5,50,16,532,23
10,1,0.5,0.4,0.5,50,17,832,23
10,1,0.5,0.4,0.5,50,18,3194,23
10,1,0.5,0.4,0.5,50,19,832,23
10,1,0.5,0.4,0.5,50,20,217,23
10,1,0.5,0.4,0.5,50,21,532,23
10,1,0.5,0.4,0.5,50,22,832,23
10,1,0.5,0.4,0.5,50,23,217,23
10,1,0.5,0.4,0.5,50,24,832,23
10,1,0.5,0.4,0.5,50,25,139,23
10,1,0.5,0.4,0.5,50,26,532,23
10,1,0.5,0.4,0.5,50,27,832,23
10,1,0.5,0.4,0.5,50,28,832,23
10,1,0.5,0.4,0.5,50,29,532,23
10,1,0.5,0.4,0.5,50,30,3194,23
10,1,0.5,0.4,0.5,50,31,1303,23
10,1,0.5,0.4,0.5,50,32,340,23
10,1,0.5,0.4,0.5,50,33,340,23
10,1,0.5,0.4,0.5,50,34,340,23
10,1,0.5,0.4,0.5,50,35,340,23
10,1,0.5,0.4,0.5,50,36,532,23
10,1,0.5,0.4,0.5,50,37,832,23
10,1,0.5,0.4,0.5,50,38,2040,23
10,1,0.5,0.4,0.5,50,39,1303,23
10,1,0.5,0.4,0.5,50,40,217,23
10,1,0.5,0.4,0.5,50,41,340,23
10,1,0.5,0.4,0.5,50,42,2040,23
10,1,0.5,0.4,0.5,50,43,340,23
10,1,0.5,0.4,0.5,50,44,532,23
10,1,0.5,0.4,0.5,50,45,532,23
10,1,0.5,0.4,0.5,50,46,217,23
10,1,0.5,0.4,0.5,50,47,532,23
10,1,0.5,0.4,0.5,50,48,217,23
10,1,0.5,0.4,0.5,50,49,217,23
10,1,0.5,0.4,0.5,50,50,340,23
30,1,0.5,0.4,0.5,50,1,88,23
30,1,0.5,0.4,0.5,50,2,88,23
30,1,0.5,0.4,0.5,50,3,88,23
30,1,0.5,0.4,0.5,50,4,217,23
30,1,0.5,0.4,0.5,50,5,88,23
30,1,0.5,0.4,0.5,50,6,139,23
30,1,0.5,0.4,0.5,50,7,57,23
30,1,0.5,0.4,0.5,50,8,139,23
30,1,0.5,0.4,0.5,50,9,139,23
30,1,0.5,0.4,0.5,50,10,57,23
30,1,0.5,0.4,0.5,50,11,139,23
30,1,0.5,0.4,0.5,50,12,57,23
30,1,0.5,0.4,0.5,50,13,88,23
30,1,0.5,0.4,0.5,50,14,88,23
30,1,0.5,0.4,0.5,50,15,36,23
30,1,0.5,0.4,0.5,50,16,139,23
30,1,0.5,0.4,0.5,50,17,217,23
30,1,0.5,0.4,0.5,50,18,139,23
30,1,0.5,0.4,0.5,50,19,139,23
30,1,0.5,0.4,0.5,50,20,88,23
30,1,0.5,0.4,0.5,50,21,57,23
30,1,0.5,0.4,0.5,50,22,57,23
30,1,0.5,0.4,0.5,50,23,88,23
30,1,0.5,0.4,0.5,50,24,217,23
30,1,0.5,0.4,0.5,50,25,23,23
30,1,0.5,0.4,0.5,50,26,57,23
30,1,0.5,0.4,0.5,50,27,139,23
30,1,0.5,0.4,0.5,50,28,139,23
30,1,0.5,0.4,0.5,50,29,57,23
30,1,0.5,0.4,0.5,50,30,139,23
30,1,0.5,0.4,0.5,50,31,139,23
30,1,0.5,0.4,0.5,50,32,57,23
30,1,0.5,0.4,0.5,50,33,57,23
30,1,0.5,0.4,0.5,50,34,139,23
30,1,0.5,0.4,0.5,50,35,88,23
30,1,0.5,0.4,0.5,50,36,57,23
30,1,0.5,0.4,0.5,50,37,139,23
30,1,0.5,0.4,0.5,50,38,88,23
30,1,0.5,0.4,0.5,50,39,217,23
30,1,0.5,0.4,0.5,50,40,88,23
30,1,0.5,0.4,0.5,50,41,88,23
30,1,0.5,0.4,0.5,50,42,88,23
30,1,0.5,0.4,0.5,50,43,217,23
30,1,0.5,0.4,0.5,50,44,139,23
30,1,0.5,0.4,0.5,50,45,139,23
30,1,0.5,0.4,0.5,50,46,57,23
30,1,0.5,0.4,0.5,50,47,340,23
30,1,0.5,0.4,0.5,50,48,88,23
30,1,0.5,0.4,0.5,50,49,57,23
30,1,0.5,0.4,0.5,50,50,139,23
60,1,0.5,0.4,0.5,50,1,57,23
60,1,0.5,0.4,0.5,50,2,88,23
60,1,0.5,0.4,0.5,50,3,88,23
60,1,0.5,0.4,0.5,50,4,88,23
60,1,0.5,0.4,0.5,50,5,57,23
60,1,0.5,0.4,0.5,50,6,139,23
60,1,0.5,0.4,0.5,50,7,36,23
60,1,0.5,0.4,0.5,50,8,88,23
60,1,0.5,0.4,0.5,50,9,139,23
60,1,0.5,0.4,0.5,50,10,57,23
60,1,0.5,0.4,0.5,50,11,23,23
60,1,0.5,0.4,0.5,50,12,57,23
60,1,0.5,0.4,0.5,50,13,88,23
60,1,0.5,0.4,0.5,50,14,57,23
60,1,0.5,0.4,0.5,50,15,23,23
60,1,0.5,0.4,0.5,50,16,88,23
60,1,0.5,0.4,0.5,50,17,139,23
60,1,0.5,0.4,0.5,50,18,15,23
60,1,0.5,0.4,0.5,50,19,88,23
60,1,0.5,0.4,0.5,50,20,88,23
60,1,0.5,0.4,0.5,50,21,57,23
60,1,0.5,0.4,0.5,50,22,36,23
60,1,0.5,0.4,0.5,50,23,23,23
60,1,0.5,0.4,0.5,50,24,88,23
60,1,0.5,0.4,0.5,50,25,23,23
60,1,0.5,0.4,0.5,50,26,23,23
60,1,0.5,0.4,0.5,50,27,88,23
60,1,0.5,0.4,0.5,50,28,139,23
60,1,0.5,0.4,0.5,50,29,57,23
60,1,0.5,0.4,0.5,50,30,88,23
60,1,0.5,0.4,0.5,50,31,57,23
60,1,0.5,0.4,0.5,50,32,57,23
60,1,0.5,0.4,0.5,50,33,57,23
60,1,0.5,0.4,0.5,50,34,88,23
60,1,0.5,0.4,0.5,50,35,57,23
60,1,0.5,0.4,0.5,50,36,57,23
60,1,0.5,0.4,0.5,50,37,139,23
60,1,0.5,0.4,0.5,50,38,88,23
60,1,0.5,0.4,0.5,50,39,88,23
60,1,0.5,0.4,0.5,50,40,88,23
60,1,0.5,0.4,0.5,50,41,15,23
60,1,0.5,0.4,0.5,50,42,57,23
60,1,0.5,0.4,0.5,50,43,139,23
60,1,0.5,0.4,0.5,50,44,57,23
60,1,0.5,0.4,0.5,50,45,88,23
60,1,0.5,0.4,0.5,50,46,36,23
60,1,0.5,0.4,0.5,50,47,217,23
60,1,0.5,0.4,0.5,50,48,88,23
60,1,0.5,0.4,0.5,50,49,36,23
60,1,0.5,0.4,0.5,50,50,57,23
100,1,0.5,0.4,0.5,50,1,23,23
100,1,0.5,0.4,0.5,50,2,88,23
100,1,0.5,0.4,0.5,50,3,88,23
100,1,0.5,0.4,0.5,50,4,57,23
100,1,0.5,0.4,0.5,50,5,57,23
100,1,0.5,0.4,0.5,50,6,88,23
100,1,0.5,0.4,0.5,50,7,36,23
100,1,0.5,0.4,0.5,50,8,57,23
100,1,0.5,0.4,0.5,50,9,88,23
100,1,0.5,0.4,0.5,50,10,36,23
100,1,0.5,0.4,0.5,50,11,23,23
100,1,0.5,0.4,0.5,50,12,57,23
100,1,0.5,0.4,0.5,50,13,88,23
100,1,0.5,0.4,0.5,50,14,57,23
100,1,0.5,0.4,0.5,50,15,15,23
100,1,0.5,0.4,0.5,50,16,57,23
100,1,0.5,0.4,0.5,50,17,88,23
100,1,0.5,0.4,0.5,50,18,23,23
100,1,0.5,0.4,0.5,50,19,57,23
100,1,0.5,0.4,0.5,50,20,57,23
100,1,0.5,0.4,0.5,50,21,36,23
100,1,0.5,0.4,0.5,50,22,23,23
100,1,0.5,0.4,0.5,50,23,57,23
100,1,0.5,0.4,0.5,50,24,88,23
100,1,0.5,0.4,0.5,50,25,23,23
100,1,0.5,0.4,0.5,50,26,15,23
100,1,0.5,0.4,0.5,50,27,57,23
100,1,0.5,0.4,0.5,50,28,57,23
100,1,0.5,0.4,0.5,50,29,23,23
100,1,0.5,0.4,0.5,50,30,88,23
100,1,0.5,0.4,0.5,50,31,57,23
100,1,0.5,0.4,0.5,50,32,57,23
100,1,0.5,0.4,0.5,50,33,36,23
100,1,0.5,0.4,0.5,50,34,88,23
100,1,0.5,0.4,0.5,50,35,57,23
100,1,0.5,0.4,0.5,50,36,57,23
100,1,0.5,0.4,0.5,50,37,139,23
100,1,0.5,0.4,0.5,50,38,57,23
100,1,0.5,0.4,0.5,50,39,88,23
100,1,0.5,0.4,0.5,50,40,36,23
100,1,0.5,0.4,0.5,50,41,57,23
100,1,0.5,0.4,0.5,50,42,57,23
100,1,0.5,0.4,0.5,50,43,88,23
100,1,0.5,0.4,0.5,50,44,57,23
100,1,0.5,0.4,0.5,50,45,57,23
100,1,0.5,0.4,0.5,50,46,36,23
100,1,0.5,0.4,0.5,50,47,139,23
100,1,0.5,0.4,0.5,50,48,88,23
100,1,0.5,0.4,0.5,50,49,36,23
100,1,0.5,0.4,0.5,50,50,57,23
10,1.5,0.5,0.4,0.5,50,1,NA,23
10,1.5,0.5,0.4,0.5,50,2,NA,23
10,1.5,0.5,0.4,0.5,50,3,NA,23
10,1.5,0.5,0.4,0.5,50,4,NA,23
10,1.5,0.5,0.4,0.5,50,5,NA,23
10,1.5,0.5,0.4,0.5,50,6,NA,23
10,1.5,0.5,0.4,0.5,50,7,NA,23
10,1.5,0.5,0.4,0.5,50,8,NA,23
10,1.5,0.5,0.4,0.5,50,9,NA,23
10,1.5,0.5,0.4,0.5,50,10,NA,23
10,1.5,0.5,0.4,0.5,50,11,NA,23
10,1.5,0.5,0.4,0.5,50,12,NA,23
10,1.5,0.5,0.4,0.5,50,13,NA,23
10,1.5,0.5,0.4,0.5,50,14,NA,23
10,1.5,0.5,0.4,0.5,50,15,532,23
10,1.5,0.5,0.4,0.5,50,16,NA,23
10,1.5,0.5,0.4,0.5,50,17,NA,23
10,1.5,0.5,0.4,0.5,50,18,NA,23
10,1.5,0.5,0.4,0.5,50,19,NA,23
10,1.5,0.5,0.4,0.5,50,20,NA,23
10,1.5,0.5,0.4,0.5,50,21,NA,23
10,1.5,0.5,0.4,0.5,50,22,NA,23
10,1.5,0.5,0.4,0.5,50,23,NA,23
10,1.5,0.5,0.4,0.5,50,24,NA,23
10,1.5,0.5,0.4,0.5,50,25,340,23
10,1.5,0.5,0.4,0.5,50,26,NA,23
10,1.5,0.5,0.4,0.5,50,27,NA,23
10,1.5,0.5,0.4,0.5,50,28,NA,23
10,1.5,0.5,0.4,0.5,50,29,NA,23
10,1.5,0.5,0.4,0.5,50,30,NA,23
10,1.5,0.5,0.4,0.5,50,31,NA,23
10,1.5,0.5,0.4,0.5,50,32,NA,23
10,1.5,0.5,0.4,0.5,50,33,NA,23
10,1.5,0.5,0.4,0.5,50,34,139,23
10,1.5,0.5,0.4,0.5,50,35,NA,23
10,1.5,0.5,0.4,0.5,50,36,340,23
10,1.5,0.5,0.4,0.5,50,37,NA,23
10,1.5,0.5,0.4,0.5,50,38,NA,23
10,1.5,0.5,0.4,0.5,50,39,NA,23
10,1.5,0.5,0.4,0.5,50,40,NA,23
10,1.5,0.5,0.4,0.5,50,41,NA,23
10,1.5,0.5,0.4,0.5,50,42,NA,23
10,1.5,0.5,0.4,0.5,50,43,NA,23
10,1.5,0.5,0.4,0.5,50,44,NA,23
10,1.5,0.5,0.4,0.5,50,45,NA,23
10,1.5,0.5,0.4,0.5,50,46,NA,23
10,1.5,0.5,0.4,0.5,50,47,NA,23
10,1.5,0.5,0.4,0.5,50,48,NA,23
10,1.5,0.5,0.4,0.5,50,49,NA,23
10,1.5,0.5,0.4,0.5,50,50,NA,23
30,1.5,0.5,0.4,0.5,50,1,832,23
30,1.5,0.5,0.4,0.5,50,2,NA,23
30,1.5,0.5,0.4,0.5,50,3,832,23
30,1.5,0.5,0.4,0.5,50,4,NA,23
30,1.5,0.5,0.4,0.5,50,5,NA,23
30,1.5,0.5,0.4,0.5,50,6,NA,23
30,1.5,0.5,0.4,0.5,50,7,NA,23
30,1.5,0.5,0.4,0.5,50,8,832,23
30,1.5,0.5,0.4,0.5,50,9,NA,23
30,1.5,0.5,0.4,0.5,50,10,340,23
30,1.5,0.5,0.4,0.5,50,11,NA,23
30,1.5,0.5,0.4,0.5,50,12,832,23
30,1.5,0.5,0.4,0.5,50,13,NA,23
30,1.5,0.5,0.4,0.5,50,14,NA,23
30,1.5,0.5,0.4,0.5,50,15,88,23
30,1.5,0.5,0.4,0.5,50,16,NA,23
30,1.5,0.5,0.4,0.5,50,17,NA,23
30,1.5,0.5,0.4,0.5,50,18,NA,23
30,1.5,0.5,0.4,0.5,50,19,NA,23
30,1.5,0.5,0.4,0.5,50,20,NA,23
30,1.5,0.5,0.4,0.5,50,21,3194,23
30,1.5,0.5,0.4,0.5,50,22,NA,23
30,1.5,0.5,0.4,0.5,50,23,217,23
30,1.5,0.5,0.4,0.5,50,24,532,23
30,1.5,0.5,0.4,0.5,50,25,23,23
30,1.5,0.5,0.4,0.5,50,26,NA,23
30,1.5,0.5,0.4,0.5,50,27,NA,23
30,1.5,0.5,0.4,0.5,50,28,832,23
30,1.5,0.5,0.4,0.5,50,29,NA,23
30,1.5,0.5,0.4,0.5,50,30,NA,23
30,1.5,0.5,0.4,0.5,50,31,NA,23
30,1.5,0.5,0.4,0.5,50,32,3194,23
30,1.5,0.5,0.4,0.5,50,33,532,23
30,1.5,0.5,0.4,0.5,50,34,139,23
30,1.5,0.5,0.4,0.5,50,35,532,23
30,1.5,0.5,0.4,0.5,50,36,57,23
30,1.5,0.5,0.4,0.5,50,37,NA,23
30,1.5,0.5,0.4,0.5,50,38,NA,23
30,1.5,0.5,0.4,0.5,50,39,NA,23
30,1.5,0.5,0.4,0.5,50,40,832,23
30,1.5,0.5,0.4,0.5,50,41,6,23
30,1.5,0.5,0.4,0.5,50,42,NA,23
30,1.5,0.5,0.4,0.5,50,43,NA,23
30,1.5,0.5,0.4,0.5,50,44,NA,23
30,1.5,0.5,0.4,0.5,50,45,139,23
30,1.5,0.5,0.4,0.5,50,46,340,23
30,1.5,0.5,0.4,0.5,50,47,NA,23
30,1.5,0.5,0.4,0.5,50,48,NA,23
30,1.5,0.5,0.4,0.5,50,49,139,23
30,1.5,0.5,0.4,0.5,50,50,832,23
60,1.5,0.5,0.4,0.5,50,1,340,23
60,1.5,0.5,0.4,0.5,50,2,1303,23
60,1.5,0.5,0.4,0.5,50,3,217,23
60,1.5,0.5,0.4,0.5,50,4,2040,23
60,1.5,0.5,0.4,0.5,50,5,532,23
60,1.5,0.5,0.4,0.5,50,6,340,23
60,1.5,0.5,0.4,0.5,50,7,340,23
60,1.5,0.5,0.4,0.5,50,8,139,23
60,1.5,0.5,0.4,0.5,50,9,340,23
60,1.5,0.5,0.4,0.5,50,10,217,23
60,1.5,0.5,0.4,0.5,50,11,340,23
60,1.5,0.5,0.4,0.5,50,12,217,23
60,1.5,0.5,0.4,0.5,50,13,NA,23
60,1.5,0.5,0.4,0.5,50,14,57,23
60,1.5,0.5,0.4,0.5,50,15,36,23
60,1.5,0.5,0.4,0.5,50,16,217,23
60,1.5,0.5,0.4,0.5,50,17,832,23
60,1.5,0.5,0.4,0.5,50,18,3194,23
60,1.5,0.5,0.4,0.5,50,19,532,23
60,1.5,0.5,0.4,0.5,50,20,832,23
60,1.5,0.5,0.4,0.5,50,21,340,23
60,1.5,0.5,0.4,0.5,50,22,340,23
60,1.5,0.5,0.4,0.5,50,23,217,23
60,1.5,0.5,0.4,0.5,50,24,340,23
60,1.5,0.5,0.4,0.5,50,25,88,23
60,1.5,0.5,0.4,0.5,50,26,532,23
60,1.5,0.5,0.4,0.5,50,27,340,23
60,1.5,0.5,0.4,0.5,50,28,532,23
60,1.5,0.5,0.4,0.5,50,29,832,23
60,1.5,0.5,0.4,0.5,50,30,832,23
60,1.5,0.5,0.4,0.5,50,31,832,23
60,1.5,0.5,0.4,0.5,50,32,88,23
60,1.5,0.5,0.4,0.5,50,33,340,23
60,1.5,0.5,0.4,0.5,50,34,217,23
60,1.5,0.5,0.4,0.5,50,35,217,23
60,1.5,0.5,0.4,0.5,50,36,15,23
60,1.5,0.5,0.4,0.5,50,37,NA,23
60,1.5,0.5,0.4,0.5,50,38,1303,23
60,1.5,0.5,0.4,0.5,50,39,217,23
60,1.5,0.5,0.4,0.5,50,40,139,23
60,1.5,0.5,0.4,0.5,50,41,36,23
60,1.5,0.5,0.4,0.5,50,42,832,23
60,1.5,0.5,0.4,0.5,50,43,532,23
60,1.5,0.5,0.4,0.5,50,44,1303,23
60,1.5,0.5,0.4,0.5,50,45,532,23
60,1.5,0.5,0.4,0.5,50,46,217,23
60,1.5,0.5,0.4,0.5,50,47,1303,23
60,1.5,0.5,0.4,0.5,50,48,340,23
60,1.5,0.5,0.4,0.5,50,49,217,23
60,1.5,0.5,0.4,0.5,50,50,217,23
100,1.5,0.5,0.4,0.5,50,1,139,23
100,1.5,0.5,0.4,0.5,50,2,340,23
100,1.5,0.5,0.4,0.5,50,3,139,23
100,1.5,0.5,0.4,0.5,50,4,532,23
100,1.5,0.5,0.4,0.5,50,5,340,23
100,1.5,0.5,0.4,0.5,50,6,340,23
100,1.5,0.5,0.4,0.5,50,7,139,23
100,1.5,0.5,0.4,0.5,50,8,340,23
100,1.5,0.5,0.4,0.5,50,9,340,23
100,1.5,0.5,0.4,0.5,50,10,217,23
100,1.5,0.5,0.4,0.5,50,11,139,23
100,1.5,0.5,0.4,0.5,50,12,217,23
100,1.5,0.5,0.4,0.5,50,13,1303,23
100,1.5,0.5,0.4,0.5,50,14,57,23
100,1.5,0.5,0.4,0.5,50,15,36,23
100,1.5,0.5,0.4,0.5,50,16,340,23
100,1.5,0.5,0.4,0.5,50,17,532,23
100,1.5,0.5,0.4,0.5,50,18,532,23
100,1.5,0.5,0.4,0.5,50,19,340,23
100,1.5,0.5,0.4,0.5,50,20,340,23
100,1.5,0.5,0.4,0.5,50,21,139,23
100,1.5,0.5,0.4,0.5,50,22,139,23
100,1.5,0.5,0.4,0.5,50,23,88,23
100,1.5,0.5,0.4,0.5,50,24,340,23
100,1.5,0.5,0.4,0.5,50,25,36,23
100,1.5,0.5,0.4,0.5,50,26,217,23
100,1.5,0.5,0.4,0.5,50,27,340,23
100,1.5,0.5,0.4,0.5,50,28,217,23
100,1.5,0.5,0.4,0.5,50,29,532,23
100,1.5,0.5,0.4,0.5,50,30,340,23
100,1.5,0.5,0.4,0.5,50,31,340,23
100,1.5,0.5,0.4,0.5,50,32,88,23
100,1.5,0.5,0.4,0.5,50,33,340,23
100,1.5,0.5,0.4,0.5,50,34,139,23
100,1.5,0.5,0.4,0.5,50,35,217,23
100,1.5,0.5,0.4,0.5,50,36,36,23
100,1.5,0.5,0.4,0.5,50,37,832,23
100,1.5,0.5,0.4,0.5,50,38,532,23
100,1.5,0.5,0.4,0.5,50,39,532,23
100,1.5,0.5,0.4,0.5,50,40,88,23
100,1.5,0.5,0.4,0.5,50,41,36,23
100,1.5,0.5,0.4,0.5,50,42,340,23
100,1.5,0.5,0.4,0.5,50,43,217,23
100,1.5,0.5,0.4,0.5,50,44,832,23
100,1.5,0.5,0.4,0.5,50,45,832,23
100,1.5,0.5,0.4,0.5,50,46,139,23
100,1.5,0.5,0.4,0.5,50,47,832,23
100,1.5,0.5,0.4,0.5,50,48,532,23
100,1.5,0.5,0.4,0.5,50,49,217,23
100,1.5,0.5,0.4,0.5,50,50,139,23
10,0.5,0.6,0.4,0.5,50,1,57,23
10,0.5,0.6,0.4,0.5,50,2,57,23
10,0.5,0.6,0.4,0.5,50,3,88,23
10,0.5,0.6,0.4,0.5,50,4,88,23
10,0.5,0.6,0.4,0.5,50,5,57,23
10,0.5,0.6,0.4,0.5,50,6,57,23
10,0.5,0.6,0.4,0.5,50,7,57,23
10,0.5,0.6,0.4,0.5,50,8,88,23
10,0.5,0.6,0.4,0.5,50,9,57,23
10,0.5,0.6,0.4,0.5,50,10,57,23
10,0.5,0.6,0.4,0.5,50,11,57,23
10,0.5,0.6,0.4,0.5,50,12,57,23
10,0.5,0.6,0.4,0.5,50,13,57,23
10,0.5,0.6,0.4,0.5,50,14,36,23
10,0.5,0.6,0.4,0.5,50,15,57,23
10,0.5,0.6,0.4,0.5,50,16,57,23
10,0.5,0.6,0.4,0.5,50,17,88,23
10,0.5,0.6,0.4,0.5,50,18,57,23
10,0.5,0.6,0.4,0.5,50,19,57,23
10,0.5,0.6,0.4,0.5,50,20,57,23
10,0.5,0.6,0.4,0.5,50,21,57,23
10,0.5,0.6,0.4,0.5,50,22,57,23
10,0.5,0.6,0.4,0.5,50,23,36,23
10,0.5,0.6,0.4,0.5,50,24,36,23
10,0.5,0.6,0.4,0.5,50,25,57,23
10,0.5,0.6,0.4,0.5,50,26,57,23
10,0.5,0.6,0.4,0.5,50,27,88,23
10,0.5,0.6,0.4,0.5,50,28,88,23
10,0.5,0.6,0.4,0.5,50,29,88,23
10,0.5,0.6,0.4,0.5,50,30,88,23
10,0.5,0.6,0.4,0.5,50,31,88,23
10,0.5,0.6,0.4,0.5,50,32,57,23
10,0.5,0.6,0.4,0.5,50,33,57,23
10,0.5,0.6,0.4,0.5,50,34,57,23
10,0.5,0.6,0.4,0.5,50,35,88,23
10,0.5,0.6,0.4,0.5,50,36,57,23
10,0.5,0.6,0.4,0.5,50,37,88,23
10,0.5,0.6,0.4,0.5,50,38,57,23
10,0.5,0.6,0.4,0.5,50,39,57,23
10,0.5,0.6,0.4,0.5,50,40,57,23
10,0.5,0.6,0.4,0.5,50,41,57,23
10,0.5,0.6,0.4,0.5,50,42,57,23
10,0.5,0.6,0.4,0.5,50,43,57,23
10,0.5,0.6,0.4,0.5,50,44,57,23
10,0.5,0.6,0.4,0.5,50,45,88,23
10,0.5,0.6,0.4,0.5,50,46,88,23
10,0.5,0.6,0.4,0.5,50,47,57,23
10,0.5,0.6,0.4,0.5,50,48,57,23
10,0.5,0.6,0.4,0.5,50,49,57,23
10,0.5,0.6,0.4,0.5,50,50,57,23
30,0.5,0.6,0.4,0.5,50,1,23,23
30,0.5,0.6,0.4,0.5,50,2,36,23
30,0.5,0.6,0.4,0.5,50,3,36,23
30,0.5,0.6,0.4,0.5,50,4,15,23
30,0.5,0.6,0.4,0.5,50,5,23,23
30,0.5,0.6,0.4,0.5,50,6,23,23
30,0.5,0.6,0.4,0.5,50,7,23,23
30,0.5,0.6,0.4,0.5,50,8,23,23
30,0.5,0.6,0.4,0.5,50,9,23,23
30,0.5,0.6,0.4,0.5,50,10,23,23
30,0.5,0.6,0.4,0.5,50,11,23,23
30,0.5,0.6,0.4,0.5,50,12,36,23
30,0.5,0.6,0.4,0.5,50,13,36,23
30,0.5,0.6,0.4,0.5,50,14,23,23
30,0.5,0.6,0.4,0.5,50,15,23,23
30,0.5,0.6,0.4,0.5,50,16,23,23
30,0.5,0.6,0.4,0.5,50,17,36,23
30,0.5,0.6,0.4,0.5,50,18,23,23
30,0.5,0.6,0.4,0.5,50,19,23,23
30,0.5,0.6,0.4,0.5,50,20,23,23
30,0.5,0.6,0.4,0.5,50,21,36,23
30,0.5,0.6,0.4,0.5,50,22,23,23
30,0.5,0.6,0.4,0.5,50,23,36,23
30,0.5,0.6,0.4,0.5,50,24,23,23
30,0.5,0.6,0.4,0.5,50,25,15,23
30,0.5,0.6,0.4,0.5,50,26,36,23
30,0.5,0.6,0.4,0.5,50,27,36,23
30,0.5,0.6,0.4,0.5,50,28,23,23
30,0.5,0.6,0.4,0.5,50,29,23,23
30,0.5,0.6,0.4,0.5,50,30,36,23
30,0.5,0.6,0.4,0.5,50,31,15,23
30,0.5,0.6,0.4,0.5,50,32,23,23
30,0.5,0.6,0.4,0.5,50,33,36,23
30,0.5,0.6,0.4,0.5,50,34,36,23
30,0.5,0.6,0.4,0.5,50,35,36,23
30,0.5,0.6,0.4,0.5,50,36,23,23
30,0.5,0.6,0.4,0.5,50,37,23,23
30,0.5,0.6,0.4,0.5,50,38,23,23
30,0.5,0.6,0.4,0.5,50,39,23,23
30,0.5,0.6,0.4,0.5,50,40,36,23
30,0.5,0.6,0.4,0.5,50,41,23,23
30,0.5,0.6,0.4,0.5,50,42,23,23
30,0.5,0.6,0.4,0.5,50,43,36,23
30,0.5,0.6,0.4,0.5,50,44,23,23
30,0.5,0.6,0.4,0.5,50,45,23,23
30,0.5,0.6,0.4,0.5,50,46,23,23
30,0.5,0.6,0.4,0.5,50,47,36,23
30,0.5,0.6,0.4,0.5,50,48,15,23
30,0.5,0.6,0.4,0.5,50,49,36,23
30,0.5,0.6,0.4,0.5,50,50,23,23
60,0.5,0.6,0.4,0.5,50,1,23,23
60,0.5,0.6,0.4,0.5,50,2,23,23
60,0.5,0.6,0.4,0.5,50,3,23,23
60,0.5,0.6,0.4,0.5,50,4,15,23
60,0.5,0.6,0.4,0.5,50,5,15,23
60,0.5,0.6,0.4,0.5,50,6,15,23
60,0.5,0.6,0.4,0.5,50,7,23,23
60,0.5,0.6,0.4,0.5,50,8,23,23
60,0.5,0.6,0.4,0.5,50,9,15,23
60,0.5,0.6,0.4,0.5,50,10,23,23
60,0.5,0.6,0.4,0.5,50,11,15,23
60,0.5,0.6,0.4,0.5,50,12,23,23
60,0.5,0.6,0.4,0.5,50,13,15,23
60,0.5,0.6,0.4,0.5,50,14,15,23
60,0.5,0.6,0.4,0.5,50,15,15,23
60,0.5,0.6,0.4,0.5,50,16,15,23
60,0.5,0.6,0.4,0.5,50,17,23,23
60,0.5,0.6,0.4,0.5,50,18,23,23
60,0.5,0.6,0.4,0.5,50,19,23,23
60,0.5,0.6,0.4,0.5,50,20,23,23
60,0.5,0.6,0.4,0.5,50,21,23,23
60,0.5,0.6,0.4,0.5,50,22,9,23
60,0.5,0.6,0.4,0.5,50,23,23,23
60,0.5,0.6,0.4,0.5,50,24,23,23
60,0.5,0.6,0.4,0.5,50,25,15,23
60,0.5,0.6,0.4,0.5,50,26,23,23
60,0.5,0.6,0.4,0.5,50,27,23,23
60,0.5,0.6,0.4,0.5,50,28,23,23
60,0.5,0.6,0.4,0.5,50,29,23,23
60,0.5,0.6,0.4,0.5,50,30,15,23
60,0.5,0.6,0.4,0.5,50,31,15,23
60,0.5,0.6,0.4,0.5,50,32,15,23
60,0.5,0.6,0.4,0.5,50,33,23,23
60,0.5,0.6,0.4,0.5,50,34,23,23
60,0.5,0.6,0.4,0.5,50,35,23,23
60,0.5,0.6,0.4,0.5,50,36,23,23
60,0.5,0.6,0.4,0.5,50,37,23,23
60,0.5,0.6,0.4,0.5,50,38,23,23
60,0.5,0.6,0.4,0.5,50,39,23,23
60,0.5,0.6,0.4,0.5,50,40,23,23
60,0.5,0.6,0.4,0.5,50,41,15,23
60,0.5,0.6,0.4,0.5,50,42,23,23
60,0.5,0.6,0.4,0.5,50,43,23,23
60,0.5,0.6,0.4,0.5,50,44,15,23
60,0.5,0.6,0.4,0.5,50,45,15,23
60,0.5,0.6,0.4,0.5,50,46,15,23
60,0.5,0.6,0.4,0.5,50,47,23,23
60,0.5,0.6,0.4,0.5,50,48,15,23
60,0.5,0.6,0.4,0.5,50,49,23,23
60,0.5,0.6,0.4,0.5,50,50,23,23
100,0.5,0.6,0.4,0.5,50,1,15,23
100,0.5,0.6,0.4,0.5,50,2,23,23
100,0.5,0.6,0.4,0.5,50,3,23,23
100,0.5,0.6,0.4,0.5,50,4,15,23
100,0.5,0.6,0.4,0.5,50,5,15,23
100,0.5,0.6,0.4,0.5,50,6,15,23
100,0.5,0.6,0.4,0.5,50,7,15,23
100,0.5,0.6,0.4,0.5,50,8,9,23
100,0.5,0.6,0.4,0.5,50,9,15,23
100,0.5,0.6,0.4,0.5,50,10,15,23
100,0.5,0.6,0.4,0.5,50,11,15,23
100,0.5,0.6,0.4,0.5,50,12,23,23
100,0.5,0.6,0.4,0.5,50,13,15,23
100,0.5,0.6,0.4,0.5,50,14,15,23
100,0.5,0.6,0.4,0.5,50,15,15,23
100,0.5,0.6,0.4,0.5,50,16,15,23
100,0.5,0.6,0.4,0.5,50,17,15,23
100,0.5,0.6,0.4,0.5,50,18,15,23
100,0.5,0.6,0.4,0.5,50,19,15,23
100,0.5,0.6,0.4,0.5,50,20,9,23
100,0.5,0.6,0.4,0.5,50,21,23,23
100,0.5,0.6,0.4,0.5,50,22,15,23
100,0.5,0.6,0.4,0.5,50,23,23,23
100,0.5,0.6,0.4,0.5,50,24,9,23
100,0.5,0.6,0.4,0.5,50,25,15,23
100,0.5,0.6,0.4,0.5,50,26,23,23
100,0.5,0.6,0.4,0.5,50,27,15,23
100,0.5,0.6,0.4,0.5,50,28,23,23
100,0.5,0.6,0.4,0.5,50,29,15,23
100,0.5,0.6,0.4,0.5,50,30,15,23
100,0.5,0.6,0.4,0.5,50,31,15,23
100,0.5,0.6,0.4,0.5,50,32,15,23
100,0.5,0.6,0.4,0.5,50,33,23,23
100,0.5,0.6,0.4,0.5,50,34,23,23
100,0.5,0.6,0.4,0.5,50,35,23,23
100,0.5,0.6,0.4,0.5,50,36,15,23
100,0.5,0.6,0.4,0.5,50,37,15,23
100,0.5,0.6,0.4,0.5,50,38,23,23
100,0.5,0.6,0.4,0.5,50,39,15,23
100,0.5,0.6,0.4,0.5,50,40,23,23
100,0.5,0.6,0.4,0.5,50,41,15,23
100,0.5,0.6,0.4,0.5,50,42,15,23
100,0.5,0.6,0.4,0.5,50,43,23,23
100,0.5,0.6,0.4,0.5,50,44,15,23
100,0.5,0.6,0.4,0.5,50,45,15,23
100,0.5,0.6,0.4,0.5,50,46,15,23
100,0.5,0.6,0.4,0.5,50,47,23,23
100,0.5,0.6,0.4,0.5,50,48,15,23
100,0.5,0.6,0.4,0.5,50,49,15,23
100,0.5,0.6,0.4,0.5,50,50,23,23
10,1,0.6,0.4,0.5,50,1,88,23
10,1,0.6,0.4,0.5,50,2,88,23
10,1,0.6,0.4,0.5,50,3,88,23
10,1,0.6,0.4,0.5,50,4,217,23
10,1,0.6,0.4,0.5,50,5,88,23
10,1,0.6,0.4,0.5,50,6,88,23
10,1,0.6,0.4,0.5,50,7,88,23
10,1,0.6,0.4,0.5,50,8,139,23
10,1,0.6,0.4,0.5,50,9,57,23
10,1,0.6,0.4,0.5,50,10,88,23
10,1,0.6,0.4,0.5,50,11,88,23
10,1,0.6,0.4,0.5,50,12,88,23
10,1,0.6,0.4,0.5,50,13,139,23
10,1,0.6,0.4,0.5,50,14,57,23
10,1,0.6,0.4,0.5,50,15,88,23
10,1,0.6,0.4,0.5,50,16,139,23
10,1,0.6,0.4,0.5,50,17,88,23
10,1,0.6,0.4,0.5,50,18,88,23
10,1,0.6,0.4,0.5,50,19,139,23
10,1,0.6,0.4,0.5,50,20,88,23
10,1,0.6,0.4,0.5,50,21,139,23
10,1,0.6,0.4,0.5,50,22,88,23
10,1,0.6,0.4,0.5,50,23,139,23
10,1,0.6,0.4,0.5,50,24,139,23
10,1,0.6,0.4,0.5,50,25,139,23
10,1,0.6,0.4,0.5,50,26,88,23
10,1,0.6,0.4,0.5,50,27,139,23
10,1,0.6,0.4,0.5,50,28,57,23
10,1,0.6,0.4,0.5,50,29,139,23
10,1,0.6,0.4,0.5,50,30,139,23
10,1,0.6,0.4,0.5,50,31,88,23
10,1,0.6,0.4,0.5,50,32,88,23
10,1,0.6,0.4,0.5,50,33,88,23
10,1,0.6,0.4,0.5,50,34,139,23
10,1,0.6,0.4,0.5,50,35,88,23
10,1,0.6,0.4,0.5,50,36,57,23
10,1,0.6,0.4,0.5,50,37,88,23
10,1,0.6,0.4,0.5,50,38,88,23
10,1,0.6,0.4,0.5,50,39,88,23
10,1,0.6,0.4,0.5,50,40,139,23
10,1,0.6,0.4,0.5,50,41,88,23
10,1,0.6,0.4,0.5,50,42,57,23
10,1,0.6,0.4,0.5,50,43,88,23
10,1,0.6,0.4,0.5,50,44,139,23
10,1,0.6,0.4,0.5,50,45,57,23
10,1,0.6,0.4,0.5,50,46,139,23
10,1,0.6,0.4,0.5,50,47,88,23
10,1,0.6,0.4,0.5,50,48,88,23
10,1,0.6,0.4,0.5,50,49,88,23
10,1,0.6,0.4,0.5,50,50,139,23
30,1,0.6,0.4,0.5,50,1,23,23
30,1,0.6,0.4,0.5,50,2,57,23
30,1,0.6,0.4,0.5,50,3,36,23
30,1,0.6,0.4,0.5,50,4,36,23
30,1,0.6,0.4,0.5,50,5,23,23
30,1,0.6,0.4,0.5,50,6,36,23
30,1,0.6,0.4,0.5,50,7,36,23
30,1,0.6,0.4,0.5,50,8,36,23
30,1,0.6,0.4,0.5,50,9,23,23
30,1,0.6,0.4,0.5,50,10,23,23
30,1,0.6,0.4,0.5,50,11,15,23
30,1,0.6,0.4,0.5,50,12,36,23
30,1,0.6,0.4,0.5,50,13,57,23
30,1,0.6,0.4,0.5,50,14,36,23
30,1,0.6,0.4,0.5,50,15,23,23
30,1,0.6,0.4,0.5,50,16,36,23
30,1,0.6,0.4,0.5,50,17,36,23
30,1,0.6,0.4,0.5,50,18,23,23
30,1,0.6,0.4,0.5,50,19,23,23
30,1,0.6,0.4,0.5,50,20,57,23
30,1,0.6,0.4,0.5,50,21,23,23
30,1,0.6,0.4,0.5,50,22,36,23
30,1,0.6,0.4,0.5,50,23,57,23
30,1,0.6,0.4,0.5,50,24,36,23
30,1,0.6,0.4,0.5,50,25,23,23
30,1,0.6,0.4,0.5,50,26,36,23
30,1,0.6,0.4,0.5,50,27,57,23
30,1,0.6,0.4,0.5,50,28,36,23
30,1,0.6,0.4,0.5,50,29,57,23
30,1,0.6,0.4,0.5,50,30,57,23
30,1,0.6,0.4,0.5,50,31,23,23
30,1,0.6,0.4,0.5,50,32,36,23
30,1,0.6,0.4,0.5,50,33,36,23
30,1,0.6,0.4,0.5,50,34,36,23
30,1,0.6,0.4,0.5,50,35,36,23
30,1,0.6,0.4,0.5,50,36,23,23
30,1,0.6,0.4,0.5,50,37,57,23
30,1,0.6,0.4,0.5,50,38,57,23
30,1,0.6,0.4,0.5,50,39,23,23
30,1,0.6,0.4,0.5,50,40,36,23
30,1,0.6,0.4,0.5,50,41,36,23
30,1,0.6,0.4,0.5,50,42,23,23
30,1,0.6,0.4,0.5,50,43,36,23
30,1,0.6,0.4,0.5,50,44,36,23
30,1,0.6,0.4,0.5,50,45,57,23
30,1,0.6,0.4,0.5,50,46,36,23
30,1,0.6,0.4,0.5,50,47,57,23
30,1,0.6,0.4,0.5,50,48,36,23
30,1,0.6,0.4,0.5,50,49,36,23
30,1,0.6,0.4,0.5,50,50,36,23
60,1,0.6,0.4,0.5,50,1,23,23
60,1,0.6,0.4,0.5,50,2,36,23
60,1,0.6,0.4,0.5,50,3,23,23
60,1,0.6,0.4,0.5,50,4,23,23
60,1,0.6,0.4,0.5,50,5,15,23
60,1,0.6,0.4,0.5,50,6,23,23
60,1,0.6,0.4,0.5,50,7,36,23
60,1,0.6,0.4,0.5,50,8,23,23
60,1,0.6,0.4,0.5,50,9,23,23
60,1,0.6,0.4,0.5,50,10,23,23
60,1,0.6,0.4,0.5,50,11,15,23
60,1,0.6,0.4,0.5,50,12,23,23
60,1,0.6,0.4,0.5,50,13,23,23
60,1,0.6,0.4,0.5,50,14,15,23
60,1,0.6,0.4,0.5,50,15,23,23
60,1,0.6,0.4,0.5,50,16,36,23
60,1,0.6,0.4,0.5,50,17,36,23
60,1,0.6,0.4,0.5,50,18,23,23
60,1,0.6,0.4,0.5,50,19,23,23
60,1,0.6,0.4,0.5,50,20,36,23
60,1,0.6,0.4,0.5,50,21,23,23
60,1,0.6,0.4,0.5,50,22,23,23
60,1,0.6,0.4,0.5,50,23,36,23
60,1,0.6,0.4,0.5,50,24,23,23
60,1,0.6,0.4,0.5,50,25,23,23
60,1,0.6,0.4,0.5,50,26,23,23
60,1,0.6,0.4,0.5,50,27,36,23
60,1,0.6,0.4,0.5,50,28,23,23
60,1,0.6,0.4,0.5,50,29,36,23
60,1,0.6,0.4,0.5,50,30,36,23
60,1,0.6,0.4,0.5,50,31,15,23
60,1,0.6,0.4,0.5,50,32,23,23
60,1,0.6,0.4,0.5,50,33,36,23
60,1,0.6,0.4,0.5,50,34,36,23
60,1,0.6,0.4,0.5,50,35,36,23
60,1,0.6,0.4,0.5,50,36,23,23
60,1,0.6,0.4,0.5,50,37,23,23
60,1,0.6,0.4,0.5,50,38,15,23
60,1,0.6,0.4,0.5,50,39,15,23
60,1,0.6,0.4,0.5,50,40,23,23
60,1,0.6,0.4,0.5,50,41,23,23
60,1,0.6,0.4,0.5,50,42,23,23
60,1,0.6,0.4,0.5,50,43,36,23
60,1,0.6,0.4,0.5,50,44,15,23
60,1,0.6,0.4,0.5,50,45,23,23
60,1,0.6,0.4,0.5,50,46,23,23
60,1,0.6,0.4,0.5,50,47,36,23
60,1,0.6,0.4,0.5,50,48,36,23
60,1,0.6,0.4,0.5,50,49,36,23
60,1,0.6,0.4,0.5,50,50,36,23
100,1,0.6,0.4,0.5,50,1,15,23
100,1,0.6,0.4,0.5,50,2,36,23
100,1,0.6,0.4,0.5,50,3,36,23
100,1,0.6,0.4,0.5,50,4,15,23
100,1,0.6,0.4,0.5,50,5,9,23
100,1,0.6,0.4,0.5,50,6,23,23
100,1,0.6,0.4,0.5,50,7,23,23
100,1,0.6,0.4,0.5,50,8,23,23
100,1,0.6,0.4,0.5,50,9,23,23
100,1,0.6,0.4,0.5,50,10,15,23
100,1,0.6,0.4,0.5,50,11,15,23
100,1,0.6,0.4,0.5,50,12,23,23
100,1,0.6,0.4,0.5,50,13,15,23
100,1,0.6,0.4,0.5,50,14,15,23
100,1,0.6,0.4,0.5,50,15,15,23
100,1,0.6,0.4,0.5,50,16,36,23
100,1,0.6,0.4,0.5,50,17,36,23
100,1,0.6,0.4,0.5,50,18,23,23
100,1,0.6,0.4,0.5,50,19,23,23
100,1,0.6,0.4,0.5,50,20,36,23
100,1,0.6,0.4,0.5,50,21,15,23
100,1,0.6,0.4,0.5,50,22,23,23
100,1,0.6,0.4,0.5,50,23,36,23
100,1,0.6,0.4,0.5,50,24,23,23
100,1,0.6,0.4,0.5,50,25,23,23
100,1,0.6,0.4,0.5,50,26,23,23
100,1,0.6,0.4,0.5,50,27,23,23
100,1,0.6,0.4,0.5,50,28,23,23
100,1,0.6,0.4,0.5,50,29,36,23
100,1,0.6,0.4,0.5,50,30,15,23
100,1,0.6,0.4,0.5,50,31,6,23
100,1,0.6,0.4,0.5,50,32,15,23
100,1,0.6,0.4,0.5,50,33,23,23
100,1,0.6,0.4,0.5,50,34,23,23
100,1,0.6,0.4,0.5,50,35,23,23
100,1,0.6,0.4,0.5,50,36,15,23
100,1,0.6,0.4,0.5,50,37,15,23
100,1,0.6,0.4,0.5,50,38,15,23
100,1,0.6,0.4,0.5,50,39,15,23
100,1,0.6,0.4,0.5,50,40,36,23
100,1,0.6,0.4,0.5,50,41,36,23
100,1,0.6,0.4,0.5,50,42,23,23
100,1,0.6,0.4,0.5,50,43,23,23
100,1,0.6,0.4,0.5,50,44,15,23
100,1,0.6,0.4,0.5,50,45,23,23
100,1,0.6,0.4,0.5,50,46,23,23
100,1,0.6,0.4,0.5,50,47,23,23
100,1,0.6,0.4,0.5,50,48,36,23
100,1,0.6,0.4,0.5,50,49,23,23
100,1,0.6,0.4,0.5,50,50,36,23
10,1.5,0.6,0.4,0.5,50,1,217,23
10,1.5,0.6,0.4,0.5,50,2,NA,23
10,1.5,0.6,0.4,0.5,50,3,NA,23
10,1.5,0.6,0.4,0.5,50,4,NA,23
10,1.5,0.6,0.4,0.5,50,5,NA,23
10,1.5,0.6,0.4,0.5,50,6,340,23
10,1.5,0.6,0.4,0.5,50,7,2040,23
10,1.5,0.6,0.4,0.5,50,8,NA,23
10,1.5,0.6,0.4,0.5,50,9,5000,23
10,1.5,0.6,0.4,0.5,50,10,NA,23
10,1.5,0.6,0.4,0.5,50,11,340,23
10,1.5,0.6,0.4,0.5,50,12,340,23
10,1.5,0.6,0.4,0.5,50,13,NA,23
10,1.5,0.6,0.4,0.5,50,14,NA,23
10,1.5,0.6,0.4,0.5,50,15,139,23
10,1.5,0.6,0.4,0.5,50,16,NA,23
10,1.5,0.6,0.4,0.5,50,17,2040,23
10,1.5,0.6,0.4,0.5,50,18,532,23
10,1.5,0.6,0.4,0.5,50,19,36,23
10,1.5,0.6,0.4,0.5,50,20,NA,23
10,1.5,0.6,0.4,0.5,50,21,532,23
10,1.5,0.6,0.4,0.5,50,22,NA,23
10,1.5,0.6,0.4,0.5,50,23,NA,23
10,1.5,0.6,0.4,0.5,50,24,NA,23
10,1.5,0.6,0.4,0.5,50,25,NA,23
10,1.5,0.6,0.4,0.5,50,26,340,23
10,1.5,0.6,0.4,0.5,50,27,NA,23
10,1.5,0.6,0.4,0.5,50,28,832,23
10,1.5,0.6,0.4,0.5,50,29,340,23
10,1.5,0.6,0.4,0.5,50,30,NA,23
10,1.5,0.6,0.4,0.5,50,31,NA,23
10,1.5,0.6,0.4,0.5,50,32,23,23
10,1.5,0.6,0.4,0.5,50,33,340,23
10,1.5,0.6,0.4,0.5,50,34,532,23
10,1.5,0.6,0.4,0.5,50,35,NA,23
10,1.5,0.6,0.4,0.5,50,36,217,23
10,1.5,0.6,0.4,0.5,50,37,340,23
10,1.5,0.6,0.4,0.5,50,38,NA,23
10,1.5,0.6,0.4,0.5,50,39,832,23
10,1.5,0.6,0.4,0.5,50,40,532,23
10,1.5,0.6,0.4,0.5,50,41,340,23
10,1.5,0.6,0.4,0.5,50,42,NA,23
10,1.5,0.6,0.4,0.5,50,43,532,23
10,1.5,0.6,0.4,0.5,50,44,NA,23
10,1.5,0.6,0.4,0.5,50,45,57,23
10,1.5,0.6,0.4,0.5,50,46,NA,23
10,1.5,0.6,0.4,0.5,50,47,532,23
10,1.5,0.6,0.4,0.5,50,48,532,23
10,1.5,0.6,0.4,0.5,50,49,532,23
10,1.5,0.6,0.4,0.5,50,50,NA,23
30,1.5,0.6,0.4,0.5,50,1,36,23
30,1.5,0.6,0.4,0.5,50,2,217,23
30,1.5,0.6,0.4,0.5,50,3,139,23
30,1.5,0.6,0.4,0.5,50,4,217,23
30,1.5,0.6,0.4,0.5,50,5,88,23
30,1.5,0.6,0.4,0.5,50,6,57,23
30,1.5,0.6,0.4,0.5,50,7,88,23
30,1.5,0.6,0.4,0.5,50,8,217,23
30,1.5,0.6,0.4,0.5,50,9,57,23
30,1.5,0.6,0.4,0.5,50,10,57,23
30,1.5,0.6,0.4,0.5,50,11,57,23
30,1.5,0.6,0.4,0.5,50,12,57,23
30,1.5,0.6,0.4,0.5,50,13,139,23
30,1.5,0.6,0.4,0.5,50,14,139,23
30,1.5,0.6,0.4,0.5,50,15,57,23
30,1.5,0.6,0.4,0.5,50,16,217,23
30,1.5,0.6,0.4,0.5,50,17,139,23
30,1.5,0.6,0.4,0.5,50,18,88,23
30,1.5,0.6,0.4,0.5,50,19,23,23
30,1.5,0.6,0.4,0.5,50,20,88,23
30,1.5,0.6,0.4,0.5,50,21,23,23
30,1.5,0.6,0.4,0.5,50,22,139,23
30,1.5,0.6,0.4,0.5,50,23,217,23
30,1.5,0.6,0.4,0.5,50,24,88,23
30,1.5,0.6,0.4,0.5,50,25,88,23
30,1.5,0.6,0.4,0.5,50,26,57,23
30,1.5,0.6,0.4,0.5,50,27,88,23
30,1.5,0.6,0.4,0.5,50,28,139,23
30,1.5,0.6,0.4,0.5,50,29,88,23
30,1.5,0.6,0.4,0.5,50,30,139,23
30,1.5,0.6,0.4,0.5,50,31,139,23
30,1.5,0.6,0.4,0.5,50,32,23,23
30,1.5,0.6,0.4,0.5,50,33,139,23
30,1.5,0.6,0.4,0.5,50,34,88,23
30,1.5,0.6,0.4,0.5,50,35,139,23
30,1.5,0.6,0.4,0.5,50,36,57,23
30,1.5,0.6,0.4,0.5,50,37,88,23
30,1.5,0.6,0.4,0.5,50,38,88,23
30,1.5,0.6,0.4,0.5,50,39,88,23
30,1.5,0.6,0.4,0.5,50,40,88,23
30,1.5,0.6,0.4,0.5,50,41,57,23
30,1.5,0.6,0.4,0.5,50,42,88,23
30,1.5,0.6,0.4,0.5,50,43,139,23
30,1.5,0.6,0.4,0.5,50,44,139,23
30,1.5,0.6,0.4,0.5,50,45,36,23
30,1.5,0.6,0.4,0.5,50,46,217,23
30,1.5,0.6,0.4,0.5,50,47,139,23
30,1.5,0.6,0.4,0.5,50,48,57,23
30,1.5,0.6,0.4,0.5,50,49,88,23
30,1.5,0.6,0.4,0.5,50,50,139,23
60,1.5,0.6,0.4,0.5,50,1,36,23
60,1.5,0.6,0.4,0.5,50,2,88,23
60,1.5,0.6,0.4,0.5,50,3,88,23
60,1.5,0.6,0.4,0.5,50,4,57,23
60,1.5,0.6,0.4,0.5,50,5,9,23
60,1.5,0.6,0.4,0.5,50,6,15,23
60,1.5,0.6,0.4,0.5,50,7,57,23
60,1.5,0.6,0.4,0.5,50,8,57,23
60,1.5,0.6,0.4,0.5,50,9,36,23
60,1.5,0.6,0.4,0.5,50,10,36,23
60,1.5,0.6,0.4,0.5,50,11,36,23
60,1.5,0.6,0.4,0.5,50,12,57,23
60,1.5,0.6,0.4,0.5,50,13,57,23
60,1.5,0.6,0.4,0.5,50,14,36,23
60,1.5,0.6,0.4,0.5,50,15,57,23
60,1.5,0.6,0.4,0.5,50,16,88,23
60,1.5,0.6,0.4,0.5,50,17,88,23
60,1.5,0.6,0.4,0.5,50,18,23,23
60,1.5,0.6,0.4,0.5,50,19,23,23
60,1.5,0.6,0.4,0.5,50,20,57,23
60,1.5,0.6,0.4,0.5,50,21,88,23
60,1.5,0.6,0.4,0.5,50,22,36,23
60,1.5,0.6,0.4,0.5,50,23,88,23
60,1.5,0.6,0.4,0.5,50,24,36,23
60,1.5,0.6,0.4,0.5,50,25,36,23
60,1.5,0.6,0.4,0.5,50,26,57,23
60,1.5,0.6,0.4,0.5,50,27,88,23
60,1.5,0.6,0.4,0.5,50,28,88,23
60,1.5,0.6,0.4,0.5,50,29,88,23
60,1.5,0.6,0.4,0.5,50,30,57,23
60,1.5,0.6,0.4,0.5,50,31,57,23
60,1.5,0.6,0.4,0.5,50,32,36,23
60,1.5,0.6,0.4,0.5,50,33,57,23
60,1.5,0.6,0.4,0.5,50,34,57,23
60,1.5,0.6,0.4,0.5,50,35,88,23
60,1.5,0.6,0.4,0.5,50,36,57,23
60,1.5,0.6,0.4,0.5,50,37,36,23
60,1.5,0.6,0.4,0.5,50,38,23,23
60,1.5,0.6,0.4,0.5,50,39,57,23
60,1.5,0.6,0.4,0.5,50,40,57,23
60,1.5,0.6,0.4,0.5,50,41,57,23
60,1.5,0.6,0.4,0.5,50,42,88,23
60,1.5,0.6,0.4,0.5,50,43,57,23
60,1.5,0.6,0.4,0.5,50,44,57,23
60,1.5,0.6,0.4,0.5,50,45,57,23
60,1.5,0.6,0.4,0.5,50,46,88,23
60,1.5,0.6,0.4,0.5,50,47,139,23
60,1.5,0.6,0.4,0.5,50,48,57,23
60,1.5,0.6,0.4,0.5,50,49,57,23
60,1.5,0.6,0.4,0.5,50,50,88,23
100,1.5,0.6,0.4,0.5,50,1,23,23
100,1.5,0.6,0.4,0.5,50,2,88,23
100,1.5,0.6,0.4,0.5,50,3,36,23
100,1.5,0.6,0.4,0.5,50,4,88,23
100,1.5,0.6,0.4,0.5,50,5,36,23
100,1.5,0.6,0.4,0.5,50,6,23,23
100,1.5,0.6,0.4,0.5,50,7,57,23
100,1.5,0.6,0.4,0.5,50,8,57,23
100,1.5,0.6,0.4,0.5,50,9,23,23
100,1.5,0.6,0.4,0.5,50,10,36,23
100,1.5,0.6,0.4,0.5,50,11,36,23
100,1.5,0.6,0.4,0.5,50,12,57,23
100,1.5,0.6,0.4,0.5,50,13,57,23
100,1.5,0.6,0.4,0.5,50,14,36,23
100,1.5,0.6,0.4,0.5,50,15,23,23
100,1.5,0.6,0.4,0.5,50,16,88,23
100,1.5,0.6,0.4,0.5,50,17,36,23
100,1.5,0.6,0.4,0.5,50,18,15,23
100,1.5,0.6,0.4,0.5,50,19,15,23
100,1.5,0.6,0.4,0.5,50,20,57,23
100,1.5,0.6,0.4,0.5,50,21,88,23
100,1.5,0.6,0.4,0.5,50,22,36,23
100,1.5,0.6,0.4,0.5,50,23,88,23
100,1.5,0.6,0.4,0.5,50,24,88,23
100,1.5,0.6,0.4,0.5,50,25,23,23
100,1.5,0.6,0.4,0.5,50,26,23,23
100,1.5,0.6,0.4,0.5,50,27,36,23
100,1.5,0.6,0.4,0.5,50,28,57,23
100,1.5,0.6,0.4,0.5,50,29,57,23
100,1.5,0.6,0.4,0.5,50,30,36,23
100,1.5,0.6,0.4,0.5,50,31,36,23
100,1.5,0.6,0.4,0.5,50,32,23,23
100,1.5,0.6,0.4,0.5,50,33,57,23
100,1.5,0.6,0.4,0.5,50,34,36,23
100,1.5,0.6,0.4,0.5,50,35,57,23
100,1.5,0.6,0.4,0.5,50,36,57,23
100,1.5,0.6,0.4,0.5,50,37,23,23
100,1.5,0.6,0.4,0.5,50,38,57,23
100,1.5,0.6,0.4,0.5,50,39,36,23
100,1.5,0.6,0.4,0.5,50,40,23,23
100,1.5,0.6,0.4,0.5,50,41,36,23
100,1.5,0.6,0.4,0.5,50,42,57,23
100,1.5,0.6,0.4,0.5,50,43,36,23
100,1.5,0.6,0.4,0.5,50,44,36,23
100,1.5,0.6,0.4,0.5,50,45,23,23
100,1.5,0.6,0.4,0.5,50,46,36,23
100,1.5,0.6,0.4,0.5,50,47,57,23
100,1.5,0.6,0.4,0.5,50,48,36,23
100,1.5,0.6,0.4,0.5,50,49,36,23
100,1.5,0.6,0.4,0.5,50,50,57,23
10,0.5,0.7,0.4,0.5,50,1,57,23
10,0.5,0.7,0.4,0.5,50,2,57,23
10,0.5,0.7,0.4,0.5,50,3,57,23
10,0.5,0.7,0.4,0.5,50,4,57,23
10,0.5,0.7,0.4,0.5,50,5,36,23
10,0.5,0.7,0.4,0.5,50,6,23,23
10,0.5,0.7,0.4,0.5,50,7,36,23
10,0.5,0.7,0.4,0.5,50,8,57,23
10,0.5,0.7,0.4,0.5,50,9,36,23
10,0.5,0.7,0.4,0.5,50,10,36,23
10,0.5,0.7,0.4,0.5,50,11,36,23
10,0.5,0.7,0.4,0.5,50,12,36,23
10,0.5,0.7,0.4,0.5,50,13,57,23
10,0.5,0.7,0.4,0.5,50,14,36,23
10,0.5,0.7,0.4,0.5,50,15,36,23
10,0.5,0.7,0.4,0.5,50,16,23,23
10,0.5,0.7,0.4,0.5,50,17,57,23
10,0.5,0.7,0.4,0.5,50,18,57,23
10,0.5,0.7,0.4,0.5,50,19,36,23
10,0.5,0.7,0.4,0.5,50,20,57,23
10,0.5,0.7,0.4,0.5,50,21,57,23
10,0.5,0.7,0.4,0.5,50,22,57,23
10,0.5,0.7,0.4,0.5,50,23,36,23
10,0.5,0.7,0.4,0.5,50,24,36,23
10,0.5,0.7,0.4,0.5,50,25,23,23
10,0.5,0.7,0.4,0.5,50,26,36,23
10,0.5,0.7,0.4,0.5,50,27,36,23
10,0.5,0.7,0.4,0.5,50,28,36,23
10,0.5,0.7,0.4,0.5,50,29,57,23
10,0.5,0.7,0.4,0.5,50,30,36,23
10,0.5,0.7,0.4,0.5,50,31,36,23
10,0.5,0.7,0.4,0.5,50,32,57,23
10,0.5,0.7,0.4,0.5,50,33,36,23
10,0.5,0.7,0.4,0.5,50,34,57,23
10,0.5,0.7,0.4,0.5,50,35,36,23
10,0.5,0.7,0.4,0.5,50,36,57,23
10,0.5,0.7,0.4,0.5,50,37,57,23
10,0.5,0.7,0.4,0.5,50,38,57,23
10,0.5,0.7,0.4,0.5,50,39,36,23
10,0.5,0.7,0.4,0.5,50,40,36,23
10,0.5,0.7,0.4,0.5,50,41,57,23
10,0.5,0.7,0.4,0.5,50,42,36,23
10,0.5,0.7,0.4,0.5,50,43,36,23
10,0.5,0.7,0.4,0.5,50,44,23,23
10,0.5,0.7,0.4,0.5,50,45,36,23
10,0.5,0.7,0.4,0.5,50,46,36,23
10,0.5,0.7,0.4,0.5,50,47,36,23
10,0.5,0.7,0.4,0.5,50,48,36,23
10,0.5,0.7,0.4,0.5,50,49,36,23
10,0.5,0.7,0.4,0.5,50,50,23,23
30,0.5,0.7,0.4,0.5,50,1,15,23
30,0.5,0.7,0.4,0.5,50,2,15,23
30,0.5,0.7,0.4,0.5,50,3,15,23
30,0.5,0.7,0.4,0.5,50,4,23,23
30,0.5,0.7,0.4,0.5,50,5,23,23
30,0.5,0.7,0.4,0.5,50,6,15,23
30,0.5,0.7,0.4,0.5,50,7,15,23
30,0.5,0.7,0.4,0.5,50,8,23,23
30,0.5,0.7,0.4,0.5,50,9,23,23
30,0.5,0.7,0.4,0.5,50,10,15,23
30,0.5,0.7,0.4,0.5,50,11,15,23
30,0.5,0.7,0.4,0.5,50,12,15,23
30,0.5,0.7,0.4,0.5,50,13,23,23
30,0.5,0.7,0.4,0.5,50,14,15,23
30,0.5,0.7,0.4,0.5,50,15,15,23
30,0.5,0.7,0.4,0.5,50,16,15,23
30,0.5,0.7,0.4,0.5,50,17,23,23
30,0.5,0.7,0.4,0.5,50,18,23,23
30,0.5,0.7,0.4,0.5,50,19,15,23
30,0.5,0.7,0.4,0.5,50,20,15,23
30,0.5,0.7,0.4,0.5,50,21,15,23
30,0.5,0.7,0.4,0.5,50,22,15,23
30,0.5,0.7,0.4,0.5,50,23,15,23
30,0.5,0.7,0.4,0.5,50,24,15,23
30,0.5,0.7,0.4,0.5,50,25,15,23
30,0.5,0.7,0.4,0.5,50,26,15,23
30,0.5,0.7,0.4,0.5,50,27,23,23
30,0.5,0.7,0.4,0.5,50,28,23,23
30,0.5,0.7,0.4,0.5,50,29,23,23
30,0.5,0.7,0.4,0.5,50,30,15,23
30,0.5,0.7,0.4,0.5,50,31,15,23
30,0.5,0.7,0.4,0.5,50,32,15,23
30,0.5,0.7,0.4,0.5,50,33,15,23
30,0.5,0.7,0.4,0.5,50,34,15,23
30,0.5,0.7,0.4,0.5,50,35,15,23
30,0.5,0.7,0.4,0.5,50,36,15,23
30,0.5,0.7,0.4,0.5,50,37,15,23
30,0.5,0.7,0.4,0.5,50,38,23,23
30,0.5,0.7,0.4,0.5,50,39,23,23
30,0.5,0.7,0.4,0.5,50,40,15,23
30,0.5,0.7,0.4,0.5,50,41,23,23
30,0.5,0.7,0.4,0.5,50,42,15,23
30,0.5,0.7,0.4,0.5,50,43,23,23
30,0.5,0.7,0.4,0.5,50,44,23,23
30,0.5,0.7,0.4,0.5,50,45,23,23
30,0.5,0.7,0.4,0.5,50,46,15,23
30,0.5,0.7,0.4,0.5,50,47,15,23
30,0.5,0.7,0.4,0.5,50,48,15,23
30,0.5,0.7,0.4,0.5,50,49,15,23
30,0.5,0.7,0.4,0.5,50,50,15,23
60,0.5,0.7,0.4,0.5,50,1,15,23
60,0.5,0.7,0.4,0.5,50,2,6,23
60,0.5,0.7,0.4,0.5,50,3,9,23
60,0.5,0.7,0.4,0.5,50,4,15,23
60,0.5,0.7,0.4,0.5,50,5,15,23
60,0.5,0.7,0.4,0.5,50,6,15,23
60,0.5,0.7,0.4,0.5,50,7,15,23
60,0.5,0.7,0.4,0.5,50,8,15,23
60,0.5,0.7,0.4,0.5,50,9,15,23
60,0.5,0.7,0.4,0.5,50,10,15,23
60,0.5,0.7,0.4,0.5,50,11,9,23
60,0.5,0.7,0.4,0.5,50,12,15,23
60,0.5,0.7,0.4,0.5,50,13,15,23
60,0.5,0.7,0.4,0.5,50,14,15,23
60,0.5,0.7,0.4,0.5,50,15,15,23
60,0.5,0.7,0.4,0.5,50,16,15,23
60,0.5,0.7,0.4,0.5,50,17,15,23
60,0.5,0.7,0.4,0.5,50,18,15,23
60,0.5,0.7,0.4,0.5,50,19,15,23
60,0.5,0.7,0.4,0.5,50,20,15,23
60,0.5,0.7,0.4,0.5,50,21,15,23
60,0.5,0.7,0.4,0.5,50,22,15,23
60,0.5,0.7,0.4,0.5,50,23,15,23
60,0.5,0.7,0.4,0.5,50,24,15,23
60,0.5,0.7,0.4,0.5,50,25,9,23
60,0.5,0.7,0.4,0.5,50,26,9,23
60,0.5,0.7,0.4,0.5,50,27,15,23
60,0.5,0.7,0.4,0.5,50,28,15,23
60,0.5,0.7,0.4,0.5,50,29,15,23
60,0.5,0.7,0.4,0.5,50,30,9,23
60,0.5,0.7,0.4,0.5,50,31,15,23
60,0.5,0.7,0.4,0.5,50,32,15,23
60,0.5,0.7,0.4,0.5,50,33,9,23
60,0.5,0.7,0.4,0.5,50,34,9,23
60,0.5,0.7,0.4,0.5,50,35,15,23
60,0.5,0.7,0.4,0.5,50,36,15,23
60,0.5,0.7,0.4,0.5,50,37,9,23
60,0.5,0.7,0.4,0.5,50,38,15,23
60,0.5,0.7,0.4,0.5,50,39,15,23
60,0.5,0.7,0.4,0.5,50,40,15,23
60,0.5,0.7,0.4,0.5,50,41,15,23
60,0.5,0.7,0.4,0.5,50,42,6,23
60,0.5,0.7,0.4,0.5,50,43,15,23
60,0.5,0.7,0.4,0.5,50,44,15,23
60,0.5,0.7,0.4,0.5,50,45,15,23
60,0.5,0.7,0.4,0.5,50,46,9,23
60,0.5,0.7,0.4,0.5,50,47,15,23
60,0.5,0.7,0.4,0.5,50,48,9,23
60,0.5,0.7,0.4,0.5,50,49,15,23
60,0.5,0.7,0.4,0.5,50,50,15,23
100,0.5,0.7,0.4,0.5,50,1,15,23
100,0.5,0.7,0.4,0.5,50,2,6,23
100,0.5,0.7,0.4,0.5,50,3,15,23
100,0.5,0.7,0.4,0.5,50,4,9,23
100,0.5,0.7,0.4,0.5,50,5,9,23
100,0.5,0.7,0.4,0.5,50,6,15,23
100,0.5,0.7,0.4,0.5,50,7,15,23
100,0.5,0.7,0.4,0.5,50,8,15,23
100,0.5,0.7,0.4,0.5,50,9,15,23
100,0.5,0.7,0.4,0.5,50,10,15,23
100,0.5,0.7,0.4,0.5,50,11,9,23
100,0.5,0.7,0.4,0.5,50,12,9,23
100,0.5,0.7,0.4,0.5,50,13,15,23
100,0.5,0.7,0.4,0.5,50,14,9,23
100,0.5,0.7,0.4,0.5,50,15,15,23
100,0.5,0.7,0.4,0.5,50,16,9,23
100,0.5,0.7,0.4,0.5,50,17,15,23
100,0.5,0.7,0.4,0.5,50,18,15,23
100,0.5,0.7,0.4,0.5,50,19,15,23
100,0.5,0.7,0.4,0.5,50,20,15,23
100,0.5,0.7,0.4,0.5,50,21,15,23
100,0.5,0.7,0.4,0.5,50,22,15,23
100,0.5,0.7,0.4,0.5,50,23,9,23
100,0.5,0.7,0.4,0.5,50,24,9,23
100,0.5,0.7,0.4,0.5,50,25,9,23
100,0.5,0.7,0.4,0.5,50,26,9,23
100,0.5,0.7,0.4,0.5,50,27,15,23
100,0.5,0.7,0.4,0.5,50,28,15,23
100,0.5,0.7,0.4,0.5,50,29,15,23
100,0.5,0.7,0.4,0.5,50,30,9,23
100,0.5,0.7,0.4,0.5,50,31,9,23
100,0.5,0.7,0.4,0.5,50,32,15,23
100,0.5,0.7,0.4,0.5,50,33,9,23
100,0.5,0.7,0.4,0.5,50,34,15,23
100,0.5,0.7,0.4,0.5,50,35,9,23
100,0.5,0.7,0.4,0.5,50,36,9,23
100,0.5,0.7,0.4,0.5,50,37,9,23
100,0.5,0.7,0.4,0.5,50,38,9,23
100,0.5,0.7,0.4,0.5,50,39,15,23
100,0.5,0.7,0.4,0.5,50,40,15,23
100,0.5,0.7,0.4,0.5,50,41,15,23
100,0.5,0.7,0.4,0.5,50,42,9,23
100,0.5,0.7,0.4,0.5,50,43,9,23
100,0.5,0.7,0.4,0.5,50,44,15,23
100,0.5,0.7,0.4,0.5,50,45,15,23
100,0.5,0.7,0.4,0.5,50,46,9,23
100,0.5,0.7,0.4,0.5,50,47,15,23
100,0.5,0.7,0.4,0.5,50,48,15,23
100,0.5,0.7,0.4,0.5,50,49,9,23
100,0.5,0.7,0.4,0.5,50,50,15,23
10,1,0.7,0.4,0.5,50,1,57,23
10,1,0.7,0.4,0.5,50,2,88,23
10,1,0.7,0.4,0.5,50,3,36,23
10,1,0.7,0.4,0.5,50,4,57,23
10,1,0.7,0.4,0.5,50,5,36,23
10,1,0.7,0.4,0.5,50,6,57,23
10,1,0.7,0.4,0.5,50,7,57,23
10,1,0.7,0.4,0.5,50,8,57,23
10,1,0.7,0.4,0.5,50,9,88,23
10,1,0.7,0.4,0.5,50,10,57,23
10,1,0.7,0.4,0.5,50,11,57,23
10,1,0.7,0.4,0.5,50,12,57,23
10,1,0.7,0.4,0.5,50,13,88,23
10,1,0.7,0.4,0.5,50,14,57,23
10,1,0.7,0.4,0.5,50,15,57,23
10,1,0.7,0.4,0.5,50,16,57,23
10,1,0.7,0.4,0.5,50,17,57,23
10,1,0.7,0.4,0.5,50,18,88,23
10,1,0.7,0.4,0.5,50,19,36,23
10,1,0.7,0.4,0.5,50,20,57,23
10,1,0.7,0.4,0.5,50,21,57,23
10,1,0.7,0.4,0.5,50,22,57,23
10,1,0.7,0.4,0.5,50,23,36,23
10,1,0.7,0.4,0.5,50,24,57,23
10,1,0.7,0.4,0.5,50,25,57,23
10,1,0.7,0.4,0.5,50,26,15,23
10,1,0.7,0.4,0.5,50,27,23,23
10,1,0.7,0.4,0.5,50,28,15,23
10,1,0.7,0.4,0.5,50,29,88,23
10,1,0.7,0.4,0.5,50,30,88,23
10,1,0.7,0.4,0.5,50,31,57,23
10,1,0.7,0.4,0.5,50,32,36,23
10,1,0.7,0.4,0.5,50,33,57,23
10,1,0.7,0.4,0.5,50,34,57,23
10,1,0.7,0.4,0.5,50,35,57,23
10,1,0.7,0.4,0.5,50,36,88,23
10,1,0.7,0.4,0.5,50,37,57,23
10,1,0.7,0.4,0.5,50,38,57,23
10,1,0.7,0.4,0.5,50,39,57,23
10,1,0.7,0.4,0.5,50,40,57,23
10,1,0.7,0.4,0.5,50,41,88,23
10,1,0.7,0.4,0.5,50,42,36,23
10,1,0.7,0.4,0.5,50,43,36,23
10,1,0.7,0.4,0.5,50,44,36,23
10,1,0.7,0.4,0.5,50,45,36,23
10,1,0.7,0.4,0.5,50,46,23,23
10,1,0.7,0.4,0.5,50,47,36,23
10,1,0.7,0.4,0.5,50,48,36,23
10,1,0.7,0.4,0.5,50,49,57,23
10,1,0.7,0.4,0.5,50,50,36,23
30,1,0.7,0.4,0.5,50,1,23,23
30,1,0.7,0.4,0.5,50,2,15,23
30,1,0.7,0.4,0.5,50,3,23,23
30,1,0.7,0.4,0.5,50,4,23,23
30,1,0.7,0.4,0.5,50,5,15,23
30,1,0.7,0.4,0.5,50,6,23,23
30,1,0.7,0.4,0.5,50,7,23,23
30,1,0.7,0.4,0.5,50,8,23,23
30,1,0.7,0.4,0.5,50,9,36,23
30,1,0.7,0.4,0.5,50,10,15,23
30,1,0.7,0.4,0.5,50,11,15,23
30,1,0.7,0.4,0.5,50,12,23,23
30,1,0.7,0.4,0.5,50,13,23,23
30,1,0.7,0.4,0.5,50,14,15,23
30,1,0.7,0.4,0.5,50,15,15,23
30,1,0.7,0.4,0.5,50,16,36,23
30,1,0.7,0.4,0.5,50,17,23,23
30,1,0.7,0.4,0.5,50,18,23,23
30,1,0.7,0.4,0.5,50,19,15,23
30,1,0.7,0.4,0.5,50,20,15,23
30,1,0.7,0.4,0.5,50,21,23,23
30,1,0.7,0.4,0.5,50,22,23,23
30,1,0.7,0.4,0.5,50,23,15,23
30,1,0.7,0.4,0.5,50,24,23,23
30,1,0.7,0.4,0.5,50,25,15,23
30,1,0.7,0.4,0.5,50,26,9,23
30,1,0.7,0.4,0.5,50,27,23,23
30,1,0.7,0.4,0.5,50,28,15,23
30,1,0.7,0.4,0.5,50,29,23,23
30,1,0.7,0.4,0.5,50,30,23,23
30,1,0.7,0.4,0.5,50,31,23,23
30,1,0.7,0.4,0.5,50,32,15,23
30,1,0.7,0.4,0.5,50,33,23,23
30,1,0.7,0.4,0.5,50,34,23,23
30,1,0.7,0.4,0.5,50,35,23,23
30,1,0.7,0.4,0.5,50,36,23,23
30,1,0.7,0.4,0.5,50,37,6,23
30,1,0.7,0.4,0.5,50,38,23,23
30,1,0.7,0.4,0.5,50,39,15,23
30,1,0.7,0.4,0.5,50,40,23,23
30,1,0.7,0.4,0.5,50,41,23,23
30,1,0.7,0.4,0.5,50,42,9,23
30,1,0.7,0.4,0.5,50,43,15,23
30,1,0.7,0.4,0.5,50,44,23,23
30,1,0.7,0.4,0.5,50,45,23,23
30,1,0.7,0.4,0.5,50,46,15,23
30,1,0.7,0.4,0.5,50,47,15,23
30,1,0.7,0.4,0.5,50,48,15,23
30,1,0.7,0.4,0.5,50,49,36,23
30,1,0.7,0.4,0.5,50,50,23,23
60,1,0.7,0.4,0.5,50,1,15,23
60,1,0.7,0.4,0.5,50,2,15,23
60,1,0.7,0.4,0.5,50,3,6,23
60,1,0.7,0.4,0.5,50,4,15,23
60,1,0.7,0.4,0.5,50,5,15,23
60,1,0.7,0.4,0.5,50,6,9,23
60,1,0.7,0.4,0.5,50,7,23,23
60,1,0.7,0.4,0.5,50,8,23,23
60,1,0.7,0.4,0.5,50,9,15,23
60,1,0.7,0.4,0.5,50,10,15,23
60,1,0.7,0.4,0.5,50,11,9,23
60,1,0.7,0.4,0.5,50,12,15,23
60,1,0.7,0.4,0.5,50,13,9,23
60,1,0.7,0.4,0.5,50,14,15,23
60,1,0.7,0.4,0.5,50,15,15,23
60,1,0.7,0.4,0.5,50,16,23,23
60,1,0.7,0.4,0.5,50,17,23,23
60,1,0.7,0.4,0.5,50,18,15,23
60,1,0.7,0.4,0.5,50,19,15,23
60,1,0.7,0.4,0.5,50,20,15,23
60,1,0.7,0.4,0.5,50,21,15,23
60,1,0.7,0.4,0.5,50,22,15,23
60,1,0.7,0.4,0.5,50,23,15,23
60,1,0.7,0.4,0.5,50,24,23,23
60,1,0.7,0.4,0.5,50,25,15,23
60,1,0.7,0.4,0.5,50,26,9,23
60,1,0.7,0.4,0.5,50,27,23,23
60,1,0.7,0.4,0.5,50,28,15,23
60,1,0.7,0.4,0.5,50,29,23,23
60,1,0.7,0.4,0.5,50,30,15,23
60,1,0.7,0.4,0.5,50,31,23,23
60,1,0.7,0.4,0.5,50,32,15,23
60,1,0.7,0.4,0.5,50,33,15,23
60,1,0.7,0.4,0.5,50,34,15,23
60,1,0.7,0.4,0.5,50,35,15,23
60,1,0.7,0.4,0.5,50,36,15,23
60,1,0.7,0.4,0.5,50,37,6,23
60,1,0.7,0.4,0.5,50,38,15,23
60,1,0.7,0.4,0.5,50,39,15,23
60,1,0.7,0.4,0.5,50,40,15,23
60,1,0.7,0.4,0.5,50,41,23,23
60,1,0.7,0.4,0.5,50,42,15,23
60,1,0.7,0.4,0.5,50,43,15,23
60,1,0.7,0.4,0.5,50,44,23,23
60,1,0.7,0.4,0.5,50,45,15,23
60,1,0.7,0.4,0.5,50,46,15,23
60,1,0.7,0.4,0.5,50,47,15,23
60,1,0.7,0.4,0.5,50,48,15,23
60,1,0.7,0.4,0.5,50,49,15,23
60,1,0.7,0.4,0.5,50,50,15,23
100,1,0.7,0.4,0.5,50,1,15,23
100,1,0.7,0.4,0.5,50,2,15,23
100,1,0.7,0.4,0.5,50,3,15,23
100,1,0.7,0.4,0.5,50,4,9,23
100,1,0.7,0.4,0.5,50,5,15,23
100,1,0.7,0.4,0.5,50,6,15,23
100,1,0.7,0.4,0.5,50,7,15,23
100,1,0.7,0.4,0.5,50,8,15,23
100,1,0.7,0.4,0.5,50,9,15,23
100,1,0.7,0.4,0.5,50,10,15,23
100,1,0.7,0.4,0.5,50,11,15,23
100,1,0.7,0.4,0.5,50,12,15,23
100,1,0.7,0.4,0.5,50,13,15,23
100,1,0.7,0.4,0.5,50,14,15,23
100,1,0.7,0.4,0.5,50,15,9,23
100,1,0.7,0.4,0.5,50,16,23,23
100,1,0.7,0.4,0.5,50,17,15,23
100,1,0.7,0.4,0.5,50,18,15,23
100,1,0.7,0.4,0.5,50,19,9,23
100,1,0.7,0.4,0.5,50,20,15,23
100,1,0.7,0.4,0.5,50,21,15,23
100,1,0.7,0.4,0.5,50,22,15,23
100,1,0.7,0.4,0.5,50,23,15,23
100,1,0.7,0.4,0.5,50,24,15,23
100,1,0.7,0.4,0.5,50,25,15,23
100,1,0.7,0.4,0.5,50,26,9,23
100,1,0.7,0.4,0.5,50,27,15,23
100,1,0.7,0.4,0.5,50,28,15,23
100,1,0.7,0.4,0.5,50,29,15,23
100,1,0.7,0.4,0.5,50,30,15,23
100,1,0.7,0.4,0.5,50,31,15,23
100,1,0.7,0.4,0.5,50,32,4,23
100,1,0.7,0.4,0.5,50,33,15,23
100,1,0.7,0.4,0.5,50,34,15,23
100,1,0.7,0.4,0.5,50,35,15,23
100,1,0.7,0.4,0.5,50,36,15,23
100,1,0.7,0.4,0.5,50,37,6,23
100,1,0.7,0.4,0.5,50,38,15,23
100,1,0.7,0.4,0.5,50,39,15,23
100,1,0.7,0.4,0.5,50,40,23,23
100,1,0.7,0.4,0.5,50,41,23,23
100,1,0.7,0.4,0.5,50,42,9,23
100,1,0.7,0.4,0.5,50,43,15,23
100,1,0.7,0.4,0.5,50,44,23,23
100,1,0.7,0.4,0.5,50,45,15,23
100,1,0.7,0.4,0.5,50,46,15,23
100,1,0.7,0.4,0.5,50,47,15,23
100,1,0.7,0.4,0.5,50,48,6,23
100,1,0.7,0.4,0.5,50,49,15,23
100,1,0.7,0.4,0.5,50,50,15,23
10,1.5,0.7,0.4,0.5,50,1,139,23
10,1.5,0.7,0.4,0.5,50,2,139,23
10,1.5,0.7,0.4,0.5,50,3,139,23
10,1.5,0.7,0.4,0.5,50,4,532,23
10,1.5,0.7,0.4,0.5,50,5,217,23
10,1.5,0.7,0.4,0.5,50,6,88,23
10,1.5,0.7,0.4,0.5,50,7,88,23
10,1.5,0.7,0.4,0.5,50,8,340,23
10,1.5,0.7,0.4,0.5,50,9,532,23
10,1.5,0.7,0.4,0.5,50,10,139,23
10,1.5,0.7,0.4,0.5,50,11,217,23
10,1.5,0.7,0.4,0.5,50,12,139,23
10,1.5,0.7,0.4,0.5,50,13,532,23
10,1.5,0.7,0.4,0.5,50,14,217,23
10,1.5,0.7,0.4,0.5,50,15,340,23
10,1.5,0.7,0.4,0.5,50,16,340,23
10,1.5,0.7,0.4,0.5,50,17,139,23
10,1.5,0.7,0.4,0.5,50,18,340,23
10,1.5,0.7,0.4,0.5,50,19,139,23
10,1.5,0.7,0.4,0.5,50,20,139,23
10,1.5,0.7,0.4,0.5,50,21,217,23
10,1.5,0.7,0.4,0.5,50,22,139,23
10,1.5,0.7,0.4,0.5,50,23,139,23
10,1.5,0.7,0.4,0.5,50,24,57,23
10,1.5,0.7,0.4,0.5,50,25,217,23
10,1.5,0.7,0.4,0.5,50,26,57,23
10,1.5,0.7,0.4,0.5,50,27,340,23
10,1.5,0.7,0.4,0.5,50,28,217,23
10,1.5,0.7,0.4,0.5,50,29,340,23
10,1.5,0.7,0.4,0.5,50,30,217,23
10,1.5,0.7,0.4,0.5,50,31,88,23
10,1.5,0.7,0.4,0.5,50,32,139,23
10,1.5,0.7,0.4,0.5,50,33,57,23
10,1.5,0.7,0.4,0.5,50,34,532,23
10,1.5,0.7,0.4,0.5,50,35,217,23
10,1.5,0.7,0.4,0.5,50,36,88,23
10,1.5,0.7,0.4,0.5,50,37,139,23
10,1.5,0.7,0.4,0.5,50,38,217,23
10,1.5,0.7,0.4,0.5,50,39,57,23
10,1.5,0.7,0.4,0.5,50,40,139,23
10,1.5,0.7,0.4,0.5,50,41,340,23
10,1.5,0.7,0.4,0.5,50,42,88,23
10,1.5,0.7,0.4,0.5,50,43,217,23
10,1.5,0.7,0.4,0.5,50,44,139,23
10,1.5,0.7,0.4,0.5,50,45,57,23
10,1.5,0.7,0.4,0.5,50,46,217,23
10,1.5,0.7,0.4,0.5,50,47,139,23
10,1.5,0.7,0.4,0.5,50,48,139,23
10,1.5,0.7,0.4,0.5,50,49,217,23
10,1.5,0.7,0.4,0.5,50,50,139,23
30,1.5,0.7,0.4,0.5,50,1,36,23
30,1.5,0.7,0.4,0.5,50,2,57,23
30,1.5,0.7,0.4,0.5,50,3,36,23
30,1.5,0.7,0.4,0.5,50,4,57,23
30,1.5,0.7,0.4,0.5,50,5,23,23
30,1.5,0.7,0.4,0.5,50,6,36,23
30,1.5,0.7,0.4,0.5,50,7,36,23
30,1.5,0.7,0.4,0.5,50,8,88,23
30,1.5,0.7,0.4,0.5,50,9,57,23
30,1.5,0.7,0.4,0.5,50,10,57,23
30,1.5,0.7,0.4,0.5,50,11,36,23
30,1.5,0.7,0.4,0.5,50,12,57,23
30,1.5,0.7,0.4,0.5,50,13,36,23
30,1.5,0.7,0.4,0.5,50,14,36,23
30,1.5,0.7,0.4,0.5,50,15,57,23
30,1.5,0.7,0.4,0.5,50,16,36,23
30,1.5,0.7,0.4,0.5,50,17,57,23
30,1.5,0.7,0.4,0.5,50,18,36,23
30,1.5,0.7,0.4,0.5,50,19,15,23
30,1.5,0.7,0.4,0.5,50,20,36,23
30,1.5,0.7,0.4,0.5,50,21,36,23
30,1.5,0.7,0.4,0.5,50,22,36,23
30,1.5,0.7,0.4,0.5,50,23,36,23
30,1.5,0.7,0.4,0.5,50,24,36,23
30,1.5,0.7,0.4,0.5,50,25,23,23
30,1.5,0.7,0.4,0.5,50,26,36,23
30,1.5,0.7,0.4,0.5,50,27,36,23
30,1.5,0.7,0.4,0.5,50,28,36,23
30,1.5,0.7,0.4,0.5,50,29,23,23
30,1.5,0.7,0.4,0.5,50,30,57,23
30,1.5,0.7,0.4,0.5,50,31,36,23
30,1.5,0.7,0.4,0.5,50,32,15,23
30,1.5,0.7,0.4,0.5,50,33,57,23
30,1.5,0.7,0.4,0.5,50,34,88,23
30,1.5,0.7,0.4,0.5,50,35,36,23
30,1.5,0.7,0.4,0.5,50,36,57,23
30,1.5,0.7,0.4,0.5,50,37,6,23
30,1.5,0.7,0.4,0.5,50,38,57,23
30,1.5,0.7,0.4,0.5,50,39,57,23
30,1.5,0.7,0.4,0.5,50,40,36,23
30,1.5,0.7,0.4,0.5,50,41,57,23
30,1.5,0.7,0.4,0.5,50,42,23,23
30,1.5,0.7,0.4,0.5,50,43,36,23
30,1.5,0.7,0.4,0.5,50,44,36,23
30,1.5,0.7,0.4,0.5,50,45,23,23
30,1.5,0.7,0.4,0.5,50,46,36,23
30,1.5,0.7,0.4,0.5,50,47,36,23
30,1.5,0.7,0.4,0.5,50,48,15,23
30,1.5,0.7,0.4,0.5,50,49,57,23
30,1.5,0.7,0.4,0.5,50,50,23,23
60,1.5,0.7,0.4,0.5,50,1,36,23
60,1.5,0.7,0.4,0.5,50,2,23,23
60,1.5,0.7,0.4,0.5,50,3,23,23
60,1.5,0.7,0.4,0.5,50,4,36,23
60,1.5,0.7,0.4,0.5,50,5,23,23
60,1.5,0.7,0.4,0.5,50,6,36,23
60,1.5,0.7,0.4,0.5,50,7,36,23
60,1.5,0.7,0.4,0.5,50,8,57,23
60,1.5,0.7,0.4,0.5,50,9,57,23
60,1.5,0.7,0.4,0.5,50,10,36,23
60,1.5,0.7,0.4,0.5,50,11,23,23
60,1.5,0.7,0.4,0.5,50,12,36,23
60,1.5,0.7,0.4,0.5,50,13,36,23
60,1.5,0.7,0.4,0.5,50,14,23,23
60,1.5,0.7,0.4,0.5,50,15,36,23
60,1.5,0.7,0.4,0.5,50,16,57,23
60,1.5,0.7,0.4,0.5,50,17,36,23
60,1.5,0.7,0.4,0.5,50,18,9,23
60,1.5,0.7,0.4,0.5,50,19,15,23
60,1.5,0.7,0.4,0.5,50,20,9,23
60,1.5,0.7,0.4,0.5,50,21,36,23
60,1.5,0.7,0.4,0.5,50,22,23,23
60,1.5,0.7,0.4,0.5,50,23,23,23
60,1.5,0.7,0.4,0.5,50,24,36,23
60,1.5,0.7,0.4,0.5,50,25,23,23
60,1.5,0.7,0.4,0.5,50,26,9,23
60,1.5,0.7,0.4,0.5,50,27,23,23
60,1.5,0.7,0.4,0.5,50,28,23,23
60,1.5,0.7,0.4,0.5,50,29,36,23
60,1.5,0.7,0.4,0.5,50,30,36,23
60,1.5,0.7,0.4,0.5,50,31,36,23
60,1.5,0.7,0.4,0.5,50,32,23,23
60,1.5,0.7,0.4,0.5,50,33,36,23
60,1.5,0.7,0.4,0.5,50,34,36,23
60,1.5,0.7,0.4,0.5,50,35,36,23
60,1.5,0.7,0.4,0.5,50,36,15,23
60,1.5,0.7,0.4,0.5,50,37,23,23
60,1.5,0.7,0.4,0.5,50,38,57,23
60,1.5,0.7,0.4,0.5,50,39,36,23
60,1.5,0.7,0.4,0.5,50,40,15,23
60,1.5,0.7,0.4,0.5,50,41,36,23
60,1.5,0.7,0.4,0.5,50,42,15,23
60,1.5,0.7,0.4,0.5,50,43,36,23
60,1.5,0.7,0.4,0.5,50,44,23,23
60,1.5,0.7,0.4,0.5,50,45,15,23
60,1.5,0.7,0.4,0.5,50,46,36,23
60,1.5,0.7,0.4,0.5,50,47,36,23
60,1.5,0.7,0.4,0.5,50,48,23,23
60,1.5,0.7,0.4,0.5,50,49,36,23
60,1.5,0.7,0.4,0.5,50,50,23,23
100,1.5,0.7,0.4,0.5,50,1,9,23
100,1.5,0.7,0.4,0.5,50,2,23,23
100,1.5,0.7,0.4,0.5,50,3,36,23
100,1.5,0.7,0.4,0.5,50,4,36,23
100,1.5,0.7,0.4,0.5,50,5,15,23
100,1.5,0.7,0.4,0.5,50,6,36,23
100,1.5,0.7,0.4,0.5,50,7,23,23
100,1.5,0.7,0.4,0.5,50,8,36,23
100,1.5,0.7,0.4,0.5,50,9,36,23
100,1.5,0.7,0.4,0.5,50,10,23,23
100,1.5,0.7,0.4,0.5,50,11,15,23
100,1.5,0.7,0.4,0.5,50,12,23,23
100,1.5,0.7,0.4,0.5,50,13,15,23
100,1.5,0.7,0.4,0.5,50,14,36,23
100,1.5,0.7,0.4,0.5,50,15,23,23
100,1.5,0.7,0.4,0.5,50,16,36,23
100,1.5,0.7,0.4,0.5,50,17,15,23
100,1.5,0.7,0.4,0.5,50,18,23,23
100,1.5,0.7,0.4,0.5,50,19,23,23
100,1.5,0.7,0.4,0.5,50,20,23,23
100,1.5,0.7,0.4,0.5,50,21,36,23
100,1.5,0.7,0.4,0.5,50,22,15,23
100,1.5,0.7,0.4,0.5,50,23,23,23
100,1.5,0.7,0.4,0.5,50,24,36,23
100,1.5,0.7,0.4,0.5,50,25,23,23
100,1.5,0.7,0.4,0.5,50,26,15,23
100,1.5,0.7,0.4,0.5,50,27,23,23
100,1.5,0.7,0.4,0.5,50,28,36,23
100,1.5,0.7,0.4,0.5,50,29,23,23
100,1.5,0.7,0.4,0.5,50,30,23,23
100,1.5,0.7,0.4,0.5,50,31,36,23
100,1.5,0.7,0.4,0.5,50,32,23,23
100,1.5,0.7,0.4,0.5,50,33,23,23
100,1.5,0.7,0.4,0.5,50,34,36,23
100,1.5,0.7,0.4,0.5,50,35,36,23
100,1.5,0.7,0.4,0.5,50,36,15,23
100,1.5,0.7,0.4,0.5,50,37,15,23
100,1.5,0.7,0.4,0.5,50,38,15,23
100,1.5,0.7,0.4,0.5,50,39,36,23
100,1.5,0.7,0.4,0.5,50,40,15,23
100,1.5,0.7,0.4,0.5,50,41,36,23
100,1.5,0.7,0.4,0.5,50,42,15,23
100,1.5,0.7,0.4,0.5,50,43,36,23
100,1.5,0.7,0.4,0.5,50,44,36,23
100,1.5,0.7,0.4,0.5,50,45,15,23
100,1.5,0.7,0.4,0.5,50,46,23,23
100,1.5,0.7,0.4,0.5,50,47,23,23
100,1.5,0.7,0.4,0.5,50,48,9,23
100,1.5,0.7,0.4,0.5,50,49,36,23
100,1.5,0.7,0.4,0.5,50,50,15,23
10,0.5,0.5,0.2,1,50,1,36,88
10,0.5,0.5,0.2,1,50,2,23,88
10,0.5,0.5,0.2,1,50,3,36,88
10,0.5,0.5,0.2,1,50,4,36,88
10,0.5,0.5,0.2,1,50,5,36,88
10,0.5,0.5,0.2,1,50,6,57,88
10,0.5,0.5,0.2,1,50,7,23,88
10,0.5,0.5,0.2,1,50,8,57,88
10,0.5,0.5,0.2,1,50,9,36,88
10,0.5,0.5,0.2,1,50,10,57,88
10,0.5,0.5,0.2,1,50,11,57,88
10,0.5,0.5,0.2,1,50,12,36,88
10,0.5,0.5,0.2,1,50,13,57,88
10,0.5,0.5,0.2,1,50,14,36,88
10,0.5,0.5,0.2,1,50,15,36,88
10,0.5,0.5,0.2,1,50,16,36,88
10,0.5,0.5,0.2,1,50,17,57,88
10,0.5,0.5,0.2,1,50,18,57,88
10,0.5,0.5,0.2,1,50,19,36,88
10,0.5,0.5,0.2,1,50,20,23,88
10,0.5,0.5,0.2,1,50,21,57,88
10,0.5,0.5,0.2,1,50,22,36,88
10,0.5,0.5,0.2,1,50,23,36,88
10,0.5,0.5,0.2,1,50,24,36,88
10,0.5,0.5,0.2,1,50,25,57,88
10,0.5,0.5,0.2,1,50,26,57,88
10,0.5,0.5,0.2,1,50,27,57,88
10,0.5,0.5,0.2,1,50,28,36,88
10,0.5,0.5,0.2,1,50,29,23,88
10,0.5,0.5,0.2,1,50,30,57,88
10,0.5,0.5,0.2,1,50,31,57,88
10,0.5,0.5,0.2,1,50,32,57,88
10,0.5,0.5,0.2,1,50,33,57,88
10,0.5,0.5,0.2,1,50,34,57,88
10,0.5,0.5,0.2,1,50,35,57,88
10,0.5,0.5,0.2,1,50,36,23,88
10,0.5,0.5,0.2,1,50,37,57,88
10,0.5,0.5,0.2,1,50,38,36,88
10,0.5,0.5,0.2,1,50,39,36,88
10,0.5,0.5,0.2,1,50,40,36,88
10,0.5,0.5,0.2,1,50,41,36,88
10,0.5,0.5,0.2,1,50,42,36,88
10,0.5,0.5,0.2,1,50,43,36,88
10,0.5,0.5,0.2,1,50,44,36,88
10,0.5,0.5,0.2,1,50,45,36,88
10,0.5,0.5,0.2,1,50,46,36,88
10,0.5,0.5,0.2,1,50,47,57,88
10,0.5,0.5,0.2,1,50,48,23,88
10,0.5,0.5,0.2,1,50,49,57,88
10,0.5,0.5,0.2,1,50,50,57,88
30,0.5,0.5,0.2,1,50,1,15,88
30,0.5,0.5,0.2,1,50,2,23,88
30,0.5,0.5,0.2,1,50,3,15,88
30,0.5,0.5,0.2,1,50,4,15,88
30,0.5,0.5,0.2,1,50,5,15,88
30,0.5,0.5,0.2,1,50,6,15,88
30,0.5,0.5,0.2,1,50,7,15,88
30,0.5,0.5,0.2,1,50,8,15,88
30,0.5,0.5,0.2,1,50,9,15,88
30,0.5,0.5,0.2,1,50,10,15,88
30,0.5,0.5,0.2,1,50,11,23,88
30,0.5,0.5,0.2,1,50,12,23,88
30,0.5,0.5,0.2,1,50,13,15,88
30,0.5,0.5,0.2,1,50,14,23,88
30,0.5,0.5,0.2,1,50,15,15,88
30,0.5,0.5,0.2,1,50,16,15,88
30,0.5,0.5,0.2,1,50,17,15,88
30,0.5,0.5,0.2,1,50,18,23,88
30,0.5,0.5,0.2,1,50,19,15,88
30,0.5,0.5,0.2,1,50,20,23,88
30,0.5,0.5,0.2,1,50,21,15,88
30,0.5,0.5,0.2,1,50,22,15,88
30,0.5,0.5,0.2,1,50,23,15,88
30,0.5,0.5,0.2,1,50,24,15,88
30,0.5,0.5,0.2,1,50,25,15,88
30,0.5,0.5,0.2,1,50,26,15,88
30,0.5,0.5,0.2,1,50,27,23,88
30,0.5,0.5,0.2,1,50,28,15,88
30,0.5,0.5,0.2,1,50,29,23,88
30,0.5,0.5,0.2,1,50,30,15,88
30,0.5,0.5,0.2,1,50,31,15,88
30,0.5,0.5,0.2,1,50,32,23,88
30,0.5,0.5,0.2,1,50,33,23,88
30,0.5,0.5,0.2,1,50,34,23,88
30,0.5,0.5,0.2,1,50,35,23,88
30,0.5,0.5,0.2,1,50,36,15,88
30,0.5,0.5,0.2,1,50,37,23,88
30,0.5,0.5,0.2,1,50,38,15,88
30,0.5,0.5,0.2,1,50,39,15,88
30,0.5,0.5,0.2,1,50,40,15,88
30,0.5,0.5,0.2,1,50,41,15,88
30,0.5,0.5,0.2,1,50,42,15,88
30,0.5,0.5,0.2,1,50,43,23,88
30,0.5,0.5,0.2,1,50,44,23,88
30,0.5,0.5,0.2,1,50,45,15,88
30,0.5,0.5,0.2,1,50,46,23,88
30,0.5,0.5,0.2,1,50,47,23,88
30,0.5,0.5,0.2,1,50,48,15,88
30,0.5,0.5,0.2,1,50,49,9,88
30,0.5,0.5,0.2,1,50,50,15,88
60,0.5,0.5,0.2,1,50,1,15,57
60,0.5,0.5,0.2,1,50,2,15,57
60,0.5,0.5,0.2,1,50,3,9,57
60,0.5,0.5,0.2,1,50,4,15,88
60,0.5,0.5,0.2,1,50,5,15,88
60,0.5,0.5,0.2,1,50,6,9,88
60,0.5,0.5,0.2,1,50,7,15,57
60,0.5,0.5,0.2,1,50,8,9,57
60,0.5,0.5,0.2,1,50,9,15,57
60,0.5,0.5,0.2,1,50,10,15,57
60,0.5,0.5,0.2,1,50,11,15,57
60,0.5,0.5,0.2,1,50,12,15,88
60,0.5,0.5,0.2,1,50,13,15,88
60,0.5,0.5,0.2,1,50,14,15,57
60,0.5,0.5,0.2,1,50,15,9,88
60,0.5,0.5,0.2,1,50,16,15,88
60,0.5,0.5,0.2,1,50,17,9,57
60,0.5,0.5,0.2,1,50,18,15,88
60,0.5,0.5,0.2,1,50,19,15,57
60,0.5,0.5,0.2,1,50,20,15,57
60,0.5,0.5,0.2,1,50,21,15,57
60,0.5,0.5,0.2,1,50,22,15,88
60,0.5,0.5,0.2,1,50,23,9,57
60,0.5,0.5,0.2,1,50,24,15,88
60,0.5,0.5,0.2,1,50,25,15,88
60,0.5,0.5,0.2,1,50,26,15,88
60,0.5,0.5,0.2,1,50,27,9,57
60,0.5,0.5,0.2,1,50,28,15,88
60,0.5,0.5,0.2,1,50,29,15,88
60,0.5,0.5,0.2,1,50,30,9,57
60,0.5,0.5,0.2,1,50,31,15,57
60,0.5,0.5,0.2,1,50,32,23,88
60,0.5,0.5,0.2,1,50,33,23,88
60,0.5,0.5,0.2,1,50,34,6,57
60,0.5,0.5,0.2,1,50,35,9,57
60,0.5,0.5,0.2,1,50,36,15,88
60,0.5,0.5,0.2,1,50,37,9,57
60,0.5,0.5,0.2,1,50,38,9,57
60,0.5,0.5,0.2,1,50,39,15,88
60,0.5,0.5,0.2,1,50,40,15,57
60,0.5,0.5,0.2,1,50,41,15,88
60,0.5,0.5,0.2,1,50,42,15,88
60,0.5,0.5,0.2,1,50,43,15,57
60,0.5,0.5,0.2,1,50,44,9,88
60,0.5,0.5,0.2,1,50,45,9,57
60,0.5,0.5,0.2,1,50,46,15,57
60,0.5,0.5,0.2,1,50,47,23,57
60,0.5,0.5,0.2,1,50,48,15,88
60,0.5,0.5,0.2,1,50,49,6,88
60,0.5,0.5,0.2,1,50,50,15,57
100,0.5,0.5,0.2,1,50,1,15,57
100,0.5,0.5,0.2,1,50,2,15,57
100,0.5,0.5,0.2,1,50,3,15,57
100,0.5,0.5,0.2,1,50,4,9,88
100,0.5,0.5,0.2,1,50,5,15,57
100,0.5,0.5,0.2,1,50,6,9,57
100,0.5,0.5,0.2,1,50,7,9,57
100,0.5,0.5,0.2,1,50,8,6,57
100,0.5,0.5,0.2,1,50,9,15,57
100,0.5,0.5,0.2,1,50,10,15,57
100,0.5,0.5,0.2,1,50,11,15,57
100,0.5,0.5,0.2,1,50,12,9,57
100,0.5,0.5,0.2,1,50,13,9,57
100,0.5,0.5,0.2,1,50,14,15,57
100,0.5,0.5,0.2,1,50,15,9,57
100,0.5,0.5,0.2,1,50,16,9,88
100,0.5,0.5,0.2,1,50,17,9,57
100,0.5,0.5,0.2,1,50,18,15,57
100,0.5,0.5,0.2,1,50,19,15,57
100,0.5,0.5,0.2,1,50,20,15,57
100,0.5,0.5,0.2,1,50,21,9,57
100,0.5,0.5,0.2,1,50,22,9,57
100,0.5,0.5,0.2,1,50,23,6,57
100,0.5,0.5,0.2,1,50,24,15,57
100,0.5,0.5,0.2,1,50,25,15,88
100,0.5,0.5,0.2,1,50,26,9,57
100,0.5,0.5,0.2,1,50,27,15,57
100,0.5,0.5,0.2,1,50,28,15,88
100,0.5,0.5,0.2,1,50,29,15,57
100,0.5,0.5,0.2,1,50,30,6,57
100,0.5,0.5,0.2,1,50,31,15,57
100,0.5,0.5,0.2,1,50,32,15,57
100,0.5,0.5,0.2,1,50,33,23,57
100,0.5,0.5,0.2,1,50,34,6,57
100,0.5,0.5,0.2,1,50,35,9,57
100,0.5,0.5,0.2,1,50,36,15,57
100,0.5,0.5,0.2,1,50,37,15,57
100,0.5,0.5,0.2,1,50,38,15,57
100,0.5,0.5,0.2,1,50,39,6,88
100,0.5,0.5,0.2,1,50,40,15,57
100,0.5,0.5,0.2,1,50,41,15,57
100,0.5,0.5,0.2,1,50,42,15,88
100,0.5,0.5,0.2,1,50,43,15,57
100,0.5,0.5,0.2,1,50,44,9,57
100,0.5,0.5,0.2,1,50,45,9,57
100,0.5,0.5,0.2,1,50,46,9,57
100,0.5,0.5,0.2,1,50,47,15,57
100,0.5,0.5,0.2,1,50,48,15,57
100,0.5,0.5,0.2,1,50,49,15,57
100,0.5,0.5,0.2,1,50,50,15,57
10,1,0.5,0.2,1,50,1,57,88
10,1,0.5,0.2,1,50,2,36,88
10,1,0.5,0.2,1,50,3,57,88
10,1,0.5,0.2,1,50,4,88,88
10,1,0.5,0.2,1,50,5,57,88
10,1,0.5,0.2,1,50,6,57,88
10,1,0.5,0.2,1,50,7,88,88
10,1,0.5,0.2,1,50,8,88,88
10,1,0.5,0.2,1,50,9,88,88
10,1,0.5,0.2,1,50,10,57,88
10,1,0.5,0.2,1,50,11,57,88
10,1,0.5,0.2,1,50,12,57,88
10,1,0.5,0.2,1,50,13,57,88
10,1,0.5,0.2,1,50,14,57,88
10,1,0.5,0.2,1,50,15,57,88
10,1,0.5,0.2,1,50,16,57,88
10,1,0.5,0.2,1,50,17,57,88
10,1,0.5,0.2,1,50,18,88,88
10,1,0.5,0.2,1,50,19,88,88
10,1,0.5,0.2,1,50,20,139,88
10,1,0.5,0.2,1,50,21,57,88
10,1,0.5,0.2,1,50,22,57,88
10,1,0.5,0.2,1,50,23,88,88
10,1,0.5,0.2,1,50,24,57,88
10,1,0.5,0.2,1,50,25,88,88
10,1,0.5,0.2,1,50,26,36,88
10,1,0.5,0.2,1,50,27,57,88
10,1,0.5,0.2,1,50,28,57,88
10,1,0.5,0.2,1,50,29,88,88
10,1,0.5,0.2,1,50,30,88,88
10,1,0.5,0.2,1,50,31,88,88
10,1,0.5,0.2,1,50,32,57,88
10,1,0.5,0.2,1,50,33,57,88
10,1,0.5,0.2,1,50,34,88,88
10,1,0.5,0.2,1,50,35,57,88
10,1,0.5,0.2,1,50,36,57,88
10,1,0.5,0.2,1,50,37,88,88
10,1,0.5,0.2,1,50,38,57,88
10,1,0.5,0.2,1,50,39,57,88
10,1,0.5,0.2,1,50,40,139,88
10,1,0.5,0.2,1,50,41,36,88
10,1,0.5,0.2,1,50,42,36,88
10,1,0.5,0.2,1,50,43,88,88
10,1,0.5,0.2,1,50,44,57,88
10,1,0.5,0.2,1,50,45,23,88
10,1,0.5,0.2,1,50,46,88,88
10,1,0.5,0.2,1,50,47,57,88
10,1,0.5,0.2,1,50,48,36,88
10,1,0.5,0.2,1,50,49,88,88
10,1,0.5,0.2,1,50,50,88,88
30,1,0.5,0.2,1,50,1,23,57
30,1,0.5,0.2,1,50,2,23,57
30,1,0.5,0.2,1,50,3,23,57
30,1,0.5,0.2,1,50,4,23,57
30,1,0.5,0.2,1,50,5,15,57
30,1,0.5,0.2,1,50,6,23,57
30,1,0.5,0.2,1,50,7,23,57
30,1,0.5,0.2,1,50,8,23,57
30,1,0.5,0.2,1,50,9,15,57
30,1,0.5,0.2,1,50,10,23,57
30,1,0.5,0.2,1,50,11,23,57
30,1,0.5,0.2,1,50,12,23,57
30,1,0.5,0.2,1,50,13,23,57
30,1,0.5,0.2,1,50,14,23,57
30,1,0.5,0.2,1,50,15,9,57
30,1,0.5,0.2,1,50,16,36,57
30,1,0.5,0.2,1,50,17,23,57
30,1,0.5,0.2,1,50,18,23,57
30,1,0.5,0.2,1,50,19,23,57
30,1,0.5,0.2,1,50,20,36,57
30,1,0.5,0.2,1,50,21,23,57
30,1,0.5,0.2,1,50,22,23,57
30,1,0.5,0.2,1,50,23,36,57
30,1,0.5,0.2,1,50,24,36,57
30,1,0.5,0.2,1,50,25,23,57
30,1,0.5,0.2,1,50,26,15,57
30,1,0.5,0.2,1,50,27,36,57
30,1,0.5,0.2,1,50,28,23,57
30,1,0.5,0.2,1,50,29,23,57
30,1,0.5,0.2,1,50,30,36,57
30,1,0.5,0.2,1,50,31,23,57
30,1,0.5,0.2,1,50,32,23,57
30,1,0.5,0.2,1,50,33,36,57
30,1,0.5,0.2,1,50,34,23,57
30,1,0.5,0.2,1,50,35,15,57
30,1,0.5,0.2,1,50,36,15,57
30,1,0.5,0.2,1,50,37,23,57
30,1,0.5,0.2,1,50,38,23,57
30,1,0.5,0.2,1,50,39,9,57
30,1,0.5,0.2,1,50,40,23,57
30,1,0.5,0.2,1,50,41,15,57
30,1,0.5,0.2,1,50,42,23,57
30,1,0.5,0.2,1,50,43,23,57
30,1,0.5,0.2,1,50,44,15,57
30,1,0.5,0.2,1,50,45,15,57
30,1,0.5,0.2,1,50,46,23,57
30,1,0.5,0.2,1,50,47,36,57
30,1,0.5,0.2,1,50,48,23,57
30,1,0.5,0.2,1,50,49,23,57
30,1,0.5,0.2,1,50,50,15,57
60,1,0.5,0.2,1,50,1,15,57
60,1,0.5,0.2,1,50,2,23,57
60,1,0.5,0.2,1,50,3,23,57
60,1,0.5,0.2,1,50,4,23,57
60,1,0.5,0.2,1,50,5,15,57
60,1,0.5,0.2,1,50,6,23,57
60,1,0.5,0.2,1,50,7,15,57
60,1,0.5,0.2,1,50,8,15,57
60,1,0.5,0.2,1,50,9,15,57
60,1,0.5,0.2,1,50,10,15,57
60,1,0.5,0.2,1,50,11,23,57
60,1,0.5,0.2,1,50,12,15,57
60,1,0.5,0.2,1,50,13,15,57
60,1,0.5,0.2,1,50,14,15,57
60,1,0.5,0.2,1,50,15,23,57
60,1,0.5,0.2,1,50,16,23,57
60,1,0.5,0.2,1,50,17,15,57
60,1,0.5,0.2,1,50,18,23,57
60,1,0.5,0.2,1,50,19,15,57
60,1,0.5,0.2,1,50,20,36,57
60,1,0.5,0.2,1,50,21,15,57
60,1,0.5,0.2,1,50,22,9,57
60,1,0.5,0.2,1,50,23,15,57
60,1,0.5,0.2,1,50,24,15,57
60,1,0.5,0.2,1,50,25,23,57
60,1,0.5,0.2,1,50,26,15,57
60,1,0.5,0.2,1,50,27,23,57
60,1,0.5,0.2,1,50,28,15,57
60,1,0.5,0.2,1,50,29,23,57
60,1,0.5,0.2,1,50,30,9,57
60,1,0.5,0.2,1,50,31,15,57
60,1,0.5,0.2,1,50,32,23,57
60,1,0.5,0.2,1,50,33,23,57
60,1,0.5,0.2,1,50,34,15,57
60,1,0.5,0.2,1,50,35,15,57
60,1,0.5,0.2,1,50,36,15,57
60,1,0.5,0.2,1,50,37,23,57
60,1,0.5,0.2,1,50,38,15,57
60,1,0.5,0.2,1,50,39,9,57
60,1,0.5,0.2,1,50,40,15,57
60,1,0.5,0.2,1,50,41,15,57
60,1,0.5,0.2,1,50,42,15,57
60,1,0.5,0.2,1,50,43,23,57
60,1,0.5,0.2,1,50,44,9,57
60,1,0.5,0.2,1,50,45,15,57
60,1,0.5,0.2,1,50,46,23,57
60,1,0.5,0.2,1,50,47,36,57
60,1,0.5,0.2,1,50,48,23,57
60,1,0.5,0.2,1,50,49,15,57
60,1,0.5,0.2,1,50,50,15,57
100,1,0.5,0.2,1,50,1,15,57
100,1,0.5,0.2,1,50,2,23,57
100,1,0.5,0.2,1,50,3,23,57
100,1,0.5,0.2,1,50,4,15,57
100,1,0.5,0.2,1,50,5,15,57
100,1,0.5,0.2,1,50,6,15,57
100,1,0.5,0.2,1,50,7,15,57
100,1,0.5,0.2,1,50,8,15,57
100,1,0.5,0.2,1,50,9,15,57
100,1,0.5,0.2,1,50,10,15,57
100,1,0.5,0.2,1,50,11,23,57
100,1,0.5,0.2,1,50,12,15,57
100,1,0.5,0.2,1,50,13,15,57
100,1,0.5,0.2,1,50,14,15,57
100,1,0.5,0.2,1,50,15,15,57
100,1,0.5,0.2,1,50,16,15,57
100,1,0.5,0.2,1,50,17,15,57
100,1,0.5,0.2,1,50,18,23,57
100,1,0.5,0.2,1,50,19,15,57
100,1,0.5,0.2,1,50,20,23,57
100,1,0.5,0.2,1,50,21,15,57
100,1,0.5,0.2,1,50,22,9,57
100,1,0.5,0.2,1,50,23,15,57
100,1,0.5,0.2,1,50,24,23,57
100,1,0.5,0.2,1,50,25,15,57
100,1,0.5,0.2,1,50,26,15,57
100,1,0.5,0.2,1,50,27,23,57
100,1,0.5,0.2,1,50,28,15,57
100,1,0.5,0.2,1,50,29,15,57
100,1,0.5,0.2,1,50,30,15,57
100,1,0.5,0.2,1,50,31,15,57
100,1,0.5,0.2,1,50,32,23,57
100,1,0.5,0.2,1,50,33,23,57
100,1,0.5,0.2,1,50,34,15,57
100,1,0.5,0.2,1,50,35,15,57
100,1,0.5,0.2,1,50,36,9,57
100,1,0.5,0.2,1,50,37,23,57
100,1,0.5,0.2,1,50,38,23,57
100,1,0.5,0.2,1,50,39,9,57
100,1,0.5,0.2,1,50,40,15,57
100,1,0.5,0.2,1,50,41,15,57
100,1,0.5,0.2,1,50,42,9,57
100,1,0.5,0.2,1,50,43,15,57
100,1,0.5,0.2,1,50,44,15,57
100,1,0.5,0.2,1,50,45,15,57
100,1,0.5,0.2,1,50,46,15,57
100,1,0.5,0.2,1,50,47,36,57
100,1,0.5,0.2,1,50,48,15,57
100,1,0.5,0.2,1,50,49,15,57
100,1,0.5,0.2,1,50,50,15,57
10,1.5,0.5,0.2,1,50,1,139,57
10,1.5,0.5,0.2,1,50,2,NA,57
10,1.5,0.5,0.2,1,50,3,340,57
10,1.5,0.5,0.2,1,50,4,2040,57
10,1.5,0.5,0.2,1,50,5,NA,57
10,1.5,0.5,0.2,1,50,6,217,57
10,1.5,0.5,0.2,1,50,7,139,57
10,1.5,0.5,0.2,1,50,8,832,57
10,1.5,0.5,0.2,1,50,9,217,57
10,1.5,0.5,0.2,1,50,10,1303,57
10,1.5,0.5,0.2,1,50,11,340,57
10,1.5,0.5,0.2,1,50,12,532,57
10,1.5,0.5,0.2,1,50,13,832,57
10,1.5,0.5,0.2,1,50,14,832,57
10,1.5,0.5,0.2,1,50,15,88,57
10,1.5,0.5,0.2,1,50,16,340,57
10,1.5,0.5,0.2,1,50,17,217,57
10,1.5,0.5,0.2,1,50,18,532,57
10,1.5,0.5,0.2,1,50,19,23,57
10,1.5,0.5,0.2,1,50,20,NA,57
10,1.5,0.5,0.2,1,50,21,217,57
10,1.5,0.5,0.2,1,50,22,832,57
10,1.5,0.5,0.2,1,50,23,832,57
10,1.5,0.5,0.2,1,50,24,832,57
10,1.5,0.5,0.2,1,50,25,217,57
10,1.5,0.5,0.2,1,50,26,217,57
10,1.5,0.5,0.2,1,50,27,88,57
10,1.5,0.5,0.2,1,50,28,532,57
10,1.5,0.5,0.2,1,50,29,340,57
10,1.5,0.5,0.2,1,50,30,532,57
10,1.5,0.5,0.2,1,50,31,532,57
10,1.5,0.5,0.2,1,50,32,217,57
10,1.5,0.5,0.2,1,50,33,532,57
10,1.5,0.5,0.2,1,50,34,340,57
10,1.5,0.5,0.2,1,50,35,NA,57
10,1.5,0.5,0.2,1,50,36,139,57
10,1.5,0.5,0.2,1,50,37,340,57
10,1.5,0.5,0.2,1,50,38,1303,57
10,1.5,0.5,0.2,1,50,39,340,57
10,1.5,0.5,0.2,1,50,40,532,57
10,1.5,0.5,0.2,1,50,41,139,57
10,1.5,0.5,0.2,1,50,42,1303,57
10,1.5,0.5,0.2,1,50,43,832,57
10,1.5,0.5,0.2,1,50,44,1303,57
10,1.5,0.5,0.2,1,50,45,36,57
10,1.5,0.5,0.2,1,50,46,532,57
10,1.5,0.5,0.2,1,50,47,217,57
10,1.5,0.5,0.2,1,50,48,340,57
10,1.5,0.5,0.2,1,50,49,340,57
10,1.5,0.5,0.2,1,50,50,832,57
30,1.5,0.5,0.2,1,50,1,36,57
30,1.5,0.5,0.2,1,50,2,139,57
30,1.5,0.5,0.2,1,50,3,57,57
30,1.5,0.5,0.2,1,50,4,139,57
30,1.5,0.5,0.2,1,50,5,9,57
30,1.5,0.5,0.2,1,50,6,36,57
30,1.5,0.5,0.2,1,50,7,88,57
30,1.5,0.5,0.2,1,50,8,139,57
30,1.5,0.5,0.2,1,50,9,88,57
30,1.5,0.5,0.2,1,50,10,57,57
30,1.5,0.5,0.2,1,50,11,88,57
30,1.5,0.5,0.2,1,50,12,57,57
30,1.5,0.5,0.2,1,50,13,57,57
30,1.5,0.5,0.2,1,50,14,57,57
30,1.5,0.5,0.2,1,50,15,23,57
30,1.5,0.5,0.2,1,50,16,88,57
30,1.5,0.5,0.2,1,50,17,57,57
30,1.5,0.5,0.2,1,50,18,57,57
30,1.5,0.5,0.2,1,50,19,23,57
30,1.5,0.5,0.2,1,50,20,139,57
30,1.5,0.5,0.2,1,50,21,15,57
30,1.5,0.5,0.2,1,50,22,57,57
30,1.5,0.5,0.2,1,50,23,57,57
30,1.5,0.5,0.2,1,50,24,57,57
30,1.5,0.5,0.2,1,50,25,57,57
30,1.5,0.5,0.2,1,50,26,36,57
30,1.5,0.5,0.2,1,50,27,57,57
30,1.5,0.5,0.2,1,50,28,36,57
30,1.5,0.5,0.2,1,50,29,57,57
30,1.5,0.5,0.2,1,50,30,57,57
30,1.5,0.5,0.2,1,50,31,23,57
30,1.5,0.5,0.2,1,50,32,23,57
30,1.5,0.5,0.2,1,50,33,57,57
30,1.5,0.5,0.2,1,50,34,88,57
30,1.5,0.5,0.2,1,50,35,57,57
30,1.5,0.5,0.2,1,50,36,36,57
30,1.5,0.5,0.2,1,50,37,88,57
30,1.5,0.5,0.2,1,50,38,88,57
30,1.5,0.5,0.2,1,50,39,36,57
30,1.5,0.5,0.2,1,50,40,88,57
30,1.5,0.5,0.2,1,50,41,6,57
30,1.5,0.5,0.2,1,50,42,57,57
30,1.5,0.5,0.2,1,50,43,57,57
30,1.5,0.5,0.2,1,50,44,57,57
30,1.5,0.5,0.2,1,50,45,23,57
30,1.5,0.5,0.2,1,50,46,88,57
30,1.5,0.5,0.2,1,50,47,139,57
30,1.5,0.5,0.2,1,50,48,88,57
30,1.5,0.5,0.2,1,50,49,88,57
30,1.5,0.5,0.2,1,50,50,88,57
60,1.5,0.5,0.2,1,50,1,36,57
60,1.5,0.5,0.2,1,50,2,88,57
60,1.5,0.5,0.2,1,50,3,23,57
60,1.5,0.5,0.2,1,50,4,57,57
60,1.5,0.5,0.2,1,50,5,57,57
60,1.5,0.5,0.2,1,50,6,15,57
60,1.5,0.5,0.2,1,50,7,88,57
60,1.5,0.5,0.2,1,50,8,57,57
60,1.5,0.5,0.2,1,50,9,23,57
60,1.5,0.5,0.2,1,50,10,36,57
60,1.5,0.5,0.2,1,50,11,36,57
60,1.5,0.5,0.2,1,50,12,57,57
60,1.5,0.5,0.2,1,50,13,57,57
60,1.5,0.5,0.2,1,50,14,57,57
60,1.5,0.5,0.2,1,50,15,15,57
60,1.5,0.5,0.2,1,50,16,57,57
60,1.5,0.5,0.2,1,50,17,36,57
60,1.5,0.5,0.2,1,50,18,36,57
60,1.5,0.5,0.2,1,50,19,15,57
60,1.5,0.5,0.2,1,50,20,88,57
60,1.5,0.5,0.2,1,50,21,15,57
60,1.5,0.5,0.2,1,50,22,36,57
60,1.5,0.5,0.2,1,50,23,57,57
60,1.5,0.5,0.2,1,50,24,36,57
60,1.5,0.5,0.2,1,50,25,57,57
60,1.5,0.5,0.2,1,50,26,23,57
60,1.5,0.5,0.2,1,50,27,57,57
60,1.5,0.5,0.2,1,50,28,36,57
60,1.5,0.5,0.2,1,50,29,57,57
60,1.5,0.5,0.2,1,50,30,15,57
60,1.5,0.5,0.2,1,50,31,36,57
60,1.5,0.5,0.2,1,50,32,23,57
60,1.5,0.5,0.2,1,50,33,57,57
60,1.5,0.5,0.2,1,50,34,57,57
60,1.5,0.5,0.2,1,50,35,36,57
60,1.5,0.5,0.2,1,50,36,23,57
60,1.5,0.5,0.2,1,50,37,36,57
60,1.5,0.5,0.2,1,50,38,23,57
60,1.5,0.5,0.2,1,50,39,36,57
60,1.5,0.5,0.2,1,50,40,88,57
60,1.5,0.5,0.2,1,50,41,23,57
60,1.5,0.5,0.2,1,50,42,15,57
60,1.5,0.5,0.2,1,50,43,36,57
60,1.5,0.5,0.2,1,50,44,15,57
60,1.5,0.5,0.2,1,50,45,15,57
60,1.5,0.5,0.2,1,50,46,36,57
60,1.5,0.5,0.2,1,50,47,88,57
60,1.5,0.5,0.2,1,50,48,57,57
60,1.5,0.5,0.2,1,50,49,57,57
60,1.5,0.5,0.2,1,50,50,15,57
100,1.5,0.5,0.2,1,50,1,15,57
100,1.5,0.5,0.2,1,50,2,36,57
100,1.5,0.5,0.2,1,50,3,23,57
100,1.5,0.5,0.2,1,50,4,57,57
100,1.5,0.5,0.2,1,50,5,57,57
100,1.5,0.5,0.2,1,50,6,15,57
100,1.5,0.5,0.2,1,50,7,57,57
100,1.5,0.5,0.2,1,50,8,57,57
100,1.5,0.5,0.2,1,50,9,15,57
100,1.5,0.5,0.2,1,50,10,4,57
100,1.5,0.5,0.2,1,50,11,36,57
100,1.5,0.5,0.2,1,50,12,57,57
100,1.5,0.5,0.2,1,50,13,23,57
100,1.5,0.5,0.2,1,50,14,57,57
100,1.5,0.5,0.2,1,50,15,23,57
100,1.5,0.5,0.2,1,50,16,36,57
100,1.5,0.5,0.2,1,50,17,15,57
100,1.5,0.5,0.2,1,50,18,15,57
100,1.5,0.5,0.2,1,50,19,15,57
100,1.5,0.5,0.2,1,50,20,57,57
100,1.5,0.5,0.2,1,50,21,36,57
100,1.5,0.5,0.2,1,50,22,36,57
100,1.5,0.5,0.2,1,50,23,9,57
100,1.5,0.5,0.2,1,50,24,23,57
100,1.5,0.5,0.2,1,50,25,36,57
100,1.5,0.5,0.2,1,50,26,36,57
100,1.5,0.5,0.2,1,50,27,36,57
100,1.5,0.5,0.2,1,50,28,36,57
100,1.5,0.5,0.2,1,50,29,36,57
100,1.5,0.5,0.2,1,50,30,9,57
100,1.5,0.5,0.2,1,50,31,15,57
100,1.5,0.5,0.2,1,50,32,36,57
100,1.5,0.5,0.2,1,50,33,36,57
100,1.5,0.5,0.2,1,50,34,36,57
100,1.5,0.5,0.2,1,50,35,23,57
100,1.5,0.5,0.2,1,50,36,15,57
100,1.5,0.5,0.2,1,50,37,36,57
100,1.5,0.5,0.2,1,50,38,15,57
100,1.5,0.5,0.2,1,50,39,23,57
100,1.5,0.5,0.2,1,50,40,15,57
100,1.5,0.5,0.2,1,50,41,23,57
100,1.5,0.5,0.2,1,50,42,6,57
100,1.5,0.5,0.2,1,50,43,36,57
100,1.5,0.5,0.2,1,50,44,36,57
100,1.5,0.5,0.2,1,50,45,23,57
100,1.5,0.5,0.2,1,50,46,36,57
100,1.5,0.5,0.2,1,50,47,36,57
100,1.5,0.5,0.2,1,50,48,36,57
100,1.5,0.5,0.2,1,50,49,36,57
100,1.5,0.5,0.2,1,50,50,36,57
10,0.5,0.6,0.2,1,50,1,36,88
10,0.5,0.6,0.2,1,50,2,23,88
10,0.5,0.6,0.2,1,50,3,36,88
10,0.5,0.6,0.2,1,50,4,23,88
10,0.5,0.6,0.2,1,50,5,23,88
10,0.5,0.6,0.2,1,50,6,23,88
10,0.5,0.6,0.2,1,50,7,36,88
10,0.5,0.6,0.2,1,50,8,36,88
10,0.5,0.6,0.2,1,50,9,23,88
10,0.5,0.6,0.2,1,50,10,36,88
10,0.5,0.6,0.2,1,50,11,36,88
10,0.5,0.6,0.2,1,50,12,57,88
10,0.5,0.6,0.2,1,50,13,57,88
10,0.5,0.6,0.2,1,50,14,36,88
10,0.5,0.6,0.2,1,50,15,23,88
10,0.5,0.6,0.2,1,50,16,36,88
10,0.5,0.6,0.2,1,50,17,23,88
10,0.5,0.6,0.2,1,50,18,36,88
10,0.5,0.6,0.2,1,50,19,23,88
10,0.5,0.6,0.2,1,50,20,36,88
10,0.5,0.6,0.2,1,50,21,23,88
10,0.5,0.6,0.2,1,50,22,23,88
10,0.5,0.6,0.2,1,50,23,15,88
10,0.5,0.6,0.2,1,50,24,23,88
10,0.5,0.6,0.2,1,50,25,15,88
10,0.5,0.6,0.2,1,50,26,36,88
10,0.5,0.6,0.2,1,50,27,23,88
10,0.5,0.6,0.2,1,50,28,36,88
10,0.5,0.6,0.2,1,50,29,36,88
10,0.5,0.6,0.2,1,50,30,36,88
10,0.5,0.6,0.2,1,50,31,15,88
10,0.5,0.6,0.2,1,50,32,57,88
10,0.5,0.6,0.2,1,50,33,57,88
10,0.5,0.6,0.2,1,50,34,57,88
10,0.5,0.6,0.2,1,50,35,36,88
10,0.5,0.6,0.2,1,50,36,36,88
10,0.5,0.6,0.2,1,50,37,57,88
10,0.5,0.6,0.2,1,50,38,36,88
10,0.5,0.6,0.2,1,50,39,23,88
10,0.5,0.6,0.2,1,50,40,23,88
10,0.5,0.6,0.2,1,50,41,36,88
10,0.5,0.6,0.2,1,50,42,36,88
10,0.5,0.6,0.2,1,50,43,36,88
10,0.5,0.6,0.2,1,50,44,36,88
10,0.5,0.6,0.2,1,50,45,36,88
10,0.5,0.6,0.2,1,50,46,36,88
10,0.5,0.6,0.2,1,50,47,23,88
10,0.5,0.6,0.2,1,50,48,36,88
10,0.5,0.6,0.2,1,50,49,36,88
10,0.5,0.6,0.2,1,50,50,23,88
30,0.5,0.6,0.2,1,50,1,15,88
30,0.5,0.6,0.2,1,50,2,15,88
30,0.5,0.6,0.2,1,50,3,15,88
30,0.5,0.6,0.2,1,50,4,9,88
30,0.5,0.6,0.2,1,50,5,9,88
30,0.5,0.6,0.2,1,50,6,15,88
30,0.5,0.6,0.2,1,50,7,15,88
30,0.5,0.6,0.2,1,50,8,15,88
30,0.5,0.6,0.2,1,50,9,15,88
30,0.5,0.6,0.2,1,50,10,15,88
30,0.5,0.6,0.2,1,50,11,9,88
30,0.5,0.6,0.2,1,50,12,15,88
30,0.5,0.6,0.2,1,50,13,15,88
30,0.5,0.6,0.2,1,50,14,15,88
30,0.5,0.6,0.2,1,50,15,15,88
30,0.5,0.6,0.2,1,50,16,9,88
30,0.5,0.6,0.2,1,50,17,15,88
30,0.5,0.6,0.2,1,50,18,15,88
30,0.5,0.6,0.2,1,50,19,15,88
30,0.5,0.6,0.2,1,50,20,15,88
30,0.5,0.6,0.2,1,50,21,15,88
30,0.5,0.6,0.2,1,50,22,15,88
30,0.5,0.6,0.2,1,50,23,15,88
30,0.5,0.6,0.2,1,50,24,9,88
30,0.5,0.6,0.2,1,50,25,9,88
30,0.5,0.6,0.2,1,50,26,15,88
30,0.5,0.6,0.2,1,50,27,9,88
30,0.5,0.6,0.2,1,50,28,15,88
30,0.5,0.6,0.2,1,50,29,15,88
30,0.5,0.6,0.2,1,50,30,15,88
30,0.5,0.6,0.2,1,50,31,15,88
30,0.5,0.6,0.2,1,50,32,15,88
30,0.5,0.6,0.2,1,50,33,15,88
30,0.5,0.6,0.2,1,50,34,15,88
30,0.5,0.6,0.2,1,50,35,15,88
30,0.5,0.6,0.2,1,50,36,15,88
30,0.5,0.6,0.2,1,50,37,15,88
30,0.5,0.6,0.2,1,50,38,15,88
30,0.5,0.6,0.2,1,50,39,15,88
30,0.5,0.6,0.2,1,50,40,15,88
30,0.5,0.6,0.2,1,50,41,15,88
30,0.5,0.6,0.2,1,50,42,15,88
30,0.5,0.6,0.2,1,50,43,15,88
30,0.5,0.6,0.2,1,50,44,23,88
30,0.5,0.6,0.2,1,50,45,15,88
30,0.5,0.6,0.2,1,50,46,15,88
30,0.5,0.6,0.2,1,50,47,15,88
30,0.5,0.6,0.2,1,50,48,15,88
30,0.5,0.6,0.2,1,50,49,15,88
30,0.5,0.6,0.2,1,50,50,15,88
60,0.5,0.6,0.2,1,50,1,9,88
60,0.5,0.6,0.2,1,50,2,9,88
60,0.5,0.6,0.2,1,50,3,9,88
60,0.5,0.6,0.2,1,50,4,6,88
60,0.5,0.6,0.2,1,50,5,9,88
60,0.5,0.6,0.2,1,50,6,9,88
60,0.5,0.6,0.2,1,50,7,15,88
60,0.5,0.6,0.2,1,50,8,9,88
60,0.5,0.6,0.2,1,50,9,15,88
60,0.5,0.6,0.2,1,50,10,9,88
60,0.5,0.6,0.2,1,50,11,6,88
60,0.5,0.6,0.2,1,50,12,9,88
60,0.5,0.6,0.2,1,50,13,9,88
60,0.5,0.6,0.2,1,50,14,9,88
60,0.5,0.6,0.2,1,50,15,9,88
60,0.5,0.6,0.2,1,50,16,9,88
60,0.5,0.6,0.2,1,50,17,9,88
60,0.5,0.6,0.2,1,50,18,9,88
60,0.5,0.6,0.2,1,50,19,9,88
60,0.5,0.6,0.2,1,50,20,15,88
60,0.5,0.6,0.2,1,50,21,6,88
60,0.5,0.6,0.2,1,50,22,15,88
60,0.5,0.6,0.2,1,50,23,9,88
60,0.5,0.6,0.2,1,50,24,15,88
60,0.5,0.6,0.2,1,50,25,9,88
60,0.5,0.6,0.2,1,50,26,9,88
60,0.5,0.6,0.2,1,50,27,9,88
60,0.5,0.6,0.2,1,50,28,9,88
60,0.5,0.6,0.2,1,50,29,6,88
60,0.5,0.6,0.2,1,50,30,9,88
60,0.5,0.6,0.2,1,50,31,15,88
60,0.5,0.6,0.2,1,50,32,9,88
60,0.5,0.6,0.2,1,50,33,15,88
60,0.5,0.6,0.2,1,50,34,9,88
60,0.5,0.6,0.2,1,50,35,9,88
60,0.5,0.6,0.2,1,50,36,9,88
60,0.5,0.6,0.2,1,50,37,9,88
60,0.5,0.6,0.2,1,50,38,9,88
60,0.5,0.6,0.2,1,50,39,15,88
60,0.5,0.6,0.2,1,50,40,9,88
60,0.5,0.6,0.2,1,50,41,9,88
60,0.5,0.6,0.2,1,50,42,6,88
60,0.5,0.6,0.2,1,50,43,15,88
60,0.5,0.6,0.2,1,50,44,15,88
60,0.5,0.6,0.2,1,50,45,9,88
60,0.5,0.6,0.2,1,50,46,9,88
60,0.5,0.6,0.2,1,50,47,9,88
60,0.5,0.6,0.2,1,50,48,9,88
60,0.5,0.6,0.2,1,50,49,15,88
60,0.5,0.6,0.2,1,50,50,15,88
100,0.5,0.6,0.2,1,50,1,6,88
100,0.5,0.6,0.2,1,50,2,9,88
100,0.5,0.6,0.2,1,50,3,9,88
100,0.5,0.6,0.2,1,50,4,4,88
100,0.5,0.6,0.2,1,50,5,9,88
100,0.5,0.6,0.2,1,50,6,9,88
100,0.5,0.6,0.2,1,50,7,15,88
100,0.5,0.6,0.2,1,50,8,9,88
100,0.5,0.6,0.2,1,50,9,9,88
100,0.5,0.6,0.2,1,50,10,9,88
100,0.5,0.6,0.2,1,50,11,6,88
100,0.5,0.6,0.2,1,50,12,9,88
100,0.5,0.6,0.2,1,50,13,9,88
100,0.5,0.6,0.2,1,50,14,9,88
100,0.5,0.6,0.2,1,50,15,9,88
100,0.5,0.6,0.2,1,50,16,6,88
100,0.5,0.6,0.2,1,50,17,15,88
100,0.5,0.6,0.2,1,50,18,9,88
100,0.5,0.6,0.2,1,50,19,9,88
100,0.5,0.6,0.2,1,50,20,9,88
100,0.5,0.6,0.2,1,50,21,6,88
100,0.5,0.6,0.2,1,50,22,15,88
100,0.5,0.6,0.2,1,50,23,6,88
100,0.5,0.6,0.2,1,50,24,15,88
100,0.5,0.6,0.2,1,50,25,9,88
100,0.5,0.6,0.2,1,50,26,9,88
100,0.5,0.6,0.2,1,50,27,9,88
100,0.5,0.6,0.2,1,50,28,9,88
100,0.5,0.6,0.2,1,50,29,9,88
100,0.5,0.6,0.2,1,50,30,9,88
100,0.5,0.6,0.2,1,50,31,9,88
100,0.5,0.6,0.2,1,50,32,6,88
100,0.5,0.6,0.2,1,50,33,15,88
100,0.5,0.6,0.2,1,50,34,9,88
100,0.5,0.6,0.2,1,50,35,6,88
100,0.5,0.6,0.2,1,50,36,9,88
100,0.5,0.6,0.2,1,50,37,9,88
100,0.5,0.6,0.2,1,50,38,6,88
100,0.5,0.6,0.2,1,50,39,15,88
100,0.5,0.6,0.2,1,50,40,9,88
100,0.5,0.6,0.2,1,50,41,9,88
100,0.5,0.6,0.2,1,50,42,9,88
100,0.5,0.6,0.2,1,50,43,15,88
100,0.5,0.6,0.2,1,50,44,9,88
100,0.5,0.6,0.2,1,50,45,9,88
100,0.5,0.6,0.2,1,50,46,9,88
100,0.5,0.6,0.2,1,50,47,6,88
100,0.5,0.6,0.2,1,50,48,9,88
100,0.5,0.6,0.2,1,50,49,15,88
100,0.5,0.6,0.2,1,50,50,9,88
10,1,0.6,0.2,1,50,1,36,88
10,1,0.6,0.2,1,50,2,36,88
10,1,0.6,0.2,1,50,3,57,88
10,1,0.6,0.2,1,50,4,23,88
10,1,0.6,0.2,1,50,5,36,88
10,1,0.6,0.2,1,50,6,57,88
10,1,0.6,0.2,1,50,7,57,88
10,1,0.6,0.2,1,50,8,36,88
10,1,0.6,0.2,1,50,9,36,88
10,1,0.6,0.2,1,50,10,36,88
10,1,0.6,0.2,1,50,11,57,88
10,1,0.6,0.2,1,50,12,36,88
10,1,0.6,0.2,1,50,13,57,88
10,1,0.6,0.2,1,50,14,57,88
10,1,0.6,0.2,1,50,15,36,88
10,1,0.6,0.2,1,50,16,36,88
10,1,0.6,0.2,1,50,17,36,88
10,1,0.6,0.2,1,50,18,57,88
10,1,0.6,0.2,1,50,19,36,88
10,1,0.6,0.2,1,50,20,36,88
10,1,0.6,0.2,1,50,21,36,88
10,1,0.6,0.2,1,50,22,36,88
10,1,0.6,0.2,1,50,23,36,88
10,1,0.6,0.2,1,50,24,15,88
10,1,0.6,0.2,1,50,25,36,88
10,1,0.6,0.2,1,50,26,23,88
10,1,0.6,0.2,1,50,27,23,88
10,1,0.6,0.2,1,50,28,15,88
10,1,0.6,0.2,1,50,29,57,88
10,1,0.6,0.2,1,50,30,57,88
10,1,0.6,0.2,1,50,31,36,88
10,1,0.6,0.2,1,50,32,57,88
10,1,0.6,0.2,1,50,33,57,88
10,1,0.6,0.2,1,50,34,36,88
10,1,0.6,0.2,1,50,35,36,88
10,1,0.6,0.2,1,50,36,57,88
10,1,0.6,0.2,1,50,37,57,88
10,1,0.6,0.2,1,50,38,57,88
10,1,0.6,0.2,1,50,39,36,88
10,1,0.6,0.2,1,50,40,36,88
10,1,0.6,0.2,1,50,41,57,88
10,1,0.6,0.2,1,50,42,57,88
10,1,0.6,0.2,1,50,43,36,88
10,1,0.6,0.2,1,50,44,36,88
10,1,0.6,0.2,1,50,45,36,88
10,1,0.6,0.2,1,50,46,23,88
10,1,0.6,0.2,1,50,47,36,88
10,1,0.6,0.2,1,50,48,23,88
10,1,0.6,0.2,1,50,49,36,88
10,1,0.6,0.2,1,50,50,36,88
30,1,0.6,0.2,1,50,1,15,57
30,1,0.6,0.2,1,50,2,23,57
30,1,0.6,0.2,1,50,3,15,57
30,1,0.6,0.2,1,50,4,15,57
30,1,0.6,0.2,1,50,5,15,57
30,1,0.6,0.2,1,50,6,23,57
30,1,0.6,0.2,1,50,7,15,57
30,1,0.6,0.2,1,50,8,15,57
30,1,0.6,0.2,1,50,9,23,57
30,1,0.6,0.2,1,50,10,15,57
30,1,0.6,0.2,1,50,11,15,57
30,1,0.6,0.2,1,50,12,15,57
30,1,0.6,0.2,1,50,13,15,57
30,1,0.6,0.2,1,50,14,23,57
30,1,0.6,0.2,1,50,15,23,57
30,1,0.6,0.2,1,50,16,6,57
30,1,0.6,0.2,1,50,17,9,57
30,1,0.6,0.2,1,50,18,23,57
30,1,0.6,0.2,1,50,19,15,57
30,1,0.6,0.2,1,50,20,15,57
30,1,0.6,0.2,1,50,21,15,57
30,1,0.6,0.2,1,50,22,15,57
30,1,0.6,0.2,1,50,23,23,57
30,1,0.6,0.2,1,50,24,9,57
30,1,0.6,0.2,1,50,25,15,57
30,1,0.6,0.2,1,50,26,9,57
30,1,0.6,0.2,1,50,27,15,57
30,1,0.6,0.2,1,50,28,15,57
30,1,0.6,0.2,1,50,29,23,57
30,1,0.6,0.2,1,50,30,15,57
30,1,0.6,0.2,1,50,31,15,57
30,1,0.6,0.2,1,50,32,9,57
30,1,0.6,0.2,1,50,33,23,57
30,1,0.6,0.2,1,50,34,23,57
30,1,0.6,0.2,1,50,35,15,57
30,1,0.6,0.2,1,50,36,15,57
30,1,0.6,0.2,1,50,37,15,57
30,1,0.6,0.2,1,50,38,15,57
30,1,0.6,0.2,1,50,39,9,57
30,1,0.6,0.2,1,50,40,23,57
30,1,0.6,0.2,1,50,41,23,57
30,1,0.6,0.2,1,50,42,6,57
30,1,0.6,0.2,1,50,43,23,57
30,1,0.6,0.2,1,50,44,23,57
30,1,0.6,0.2,1,50,45,23,57
30,1,0.6,0.2,1,50,46,15,57
30,1,0.6,0.2,1,50,47,9,57
30,1,0.6,0.2,1,50,48,15,57
30,1,0.6,0.2,1,50,49,23,57
30,1,0.6,0.2,1,50,50,15,57
60,1,0.6,0.2,1,50,1,15,57
60,1,0.6,0.2,1,50,2,9,57
60,1,0.6,0.2,1,50,3,6,57
60,1,0.6,0.2,1,50,4,6,57
60,1,0.6,0.2,1,50,5,15,57
60,1,0.6,0.2,1,50,6,15,57
60,1,0.6,0.2,1,50,7,15,57
60,1,0.6,0.2,1,50,8,4,57
60,1,0.6,0.2,1,50,9,15,57
60,1,0.6,0.2,1,50,10,15,57
60,1,0.6,0.2,1,50,11,15,57
60,1,0.6,0.2,1,50,12,9,57
60,1,0.6,0.2,1,50,13,9,57
60,1,0.6,0.2,1,50,14,15,57
60,1,0.6,0.2,1,50,15,15,57
60,1,0.6,0.2,1,50,16,15,57
60,1,0.6,0.2,1,50,17,9,57
60,1,0.6,0.2,1,50,18,15,57
60,1,0.6,0.2,1,50,19,9,57
60,1,0.6,0.2,1,50,20,15,57
60,1,0.6,0.2,1,50,21,9,57
60,1,0.6,0.2,1,50,22,15,57
60,1,0.6,0.2,1,50,23,15,57
60,1,0.6,0.2,1,50,24,15,57
60,1,0.6,0.2,1,50,25,15,57
60,1,0.6,0.2,1,50,26,9,57
60,1,0.6,0.2,1,50,27,15,57
60,1,0.6,0.2,1,50,28,15,57
60,1,0.6,0.2,1,50,29,23,57
60,1,0.6,0.2,1,50,30,15,57
60,1,0.6,0.2,1,50,31,9,57
60,1,0.6,0.2,1,50,32,9,57
60,1,0.6,0.2,1,50,33,15,57
60,1,0.6,0.2,1,50,34,23,57
60,1,0.6,0.2,1,50,35,15,57
60,1,0.6,0.2,1,50,36,6,57
60,1,0.6,0.2,1,50,37,15,57
60,1,0.6,0.2,1,50,38,9,57
60,1,0.6,0.2,1,50,39,9,57
60,1,0.6,0.2,1,50,40,15,57
60,1,0.6,0.2,1,50,41,15,57
60,1,0.6,0.2,1,50,42,6,57
60,1,0.6,0.2,1,50,43,23,57
60,1,0.6,0.2,1,50,44,15,57
60,1,0.6,0.2,1,50,45,9,57
60,1,0.6,0.2,1,50,46,15,57
60,1,0.6,0.2,1,50,47,9,57
60,1,0.6,0.2,1,50,48,15,57
60,1,0.6,0.2,1,50,49,15,57
60,1,0.6,0.2,1,50,50,15,57
100,1,0.6,0.2,1,50,1,15,57
100,1,0.6,0.2,1,50,2,9,57
100,1,0.6,0.2,1,50,3,15,57
100,1,0.6,0.2,1,50,4,9,57
100,1,0.6,0.2,1,50,5,15,57
100,1,0.6,0.2,1,50,6,15,57
100,1,0.6,0.2,1,50,7,15,57
100,1,0.6,0.2,1,50,8,6,57
100,1,0.6,0.2,1,50,9,15,57
100,1,0.6,0.2,1,50,10,9,57
100,1,0.6,0.2,1,50,11,9,57
100,1,0.6,0.2,1,50,12,9,57
100,1,0.6,0.2,1,50,13,9,57
100,1,0.6,0.2,1,50,14,15,57
100,1,0.6,0.2,1,50,15,15,57
100,1,0.6,0.2,1,50,16,15,57
100,1,0.6,0.2,1,50,17,15,57
100,1,0.6,0.2,1,50,18,9,57
100,1,0.6,0.2,1,50,19,9,57
100,1,0.6,0.2,1,50,20,15,57
100,1,0.6,0.2,1,50,21,9,57
100,1,0.6,0.2,1,50,22,15,57
100,1,0.6,0.2,1,50,23,15,57
100,1,0.6,0.2,1,50,24,15,57
100,1,0.6,0.2,1,50,25,15,57
100,1,0.6,0.2,1,50,26,9,57
100,1,0.6,0.2,1,50,27,9,57
100,1,0.6,0.2,1,50,28,15,57
100,1,0.6,0.2,1,50,29,15,57
100,1,0.6,0.2,1,50,30,15,57
100,1,0.6,0.2,1,50,31,9,57
100,1,0.6,0.2,1,50,32,9,57
100,1,0.6,0.2,1,50,33,15,57
100,1,0.6,0.2,1,50,34,15,57
100,1,0.6,0.2,1,50,35,9,57
100,1,0.6,0.2,1,50,36,9,57
100,1,0.6,0.2,1,50,37,15,57
100,1,0.6,0.2,1,50,38,9,57
100,1,0.6,0.2,1,50,39,15,57
100,1,0.6,0.2,1,50,40,15,57
100,1,0.6,0.2,1,50,41,15,57
100,1,0.6,0.2,1,50,42,6,57
100,1,0.6,0.2,1,50,43,15,57
100,1,0.6,0.2,1,50,44,15,57
100,1,0.6,0.2,1,50,45,9,57
100,1,0.6,0.2,1,50,46,9,57
100,1,0.6,0.2,1,50,47,9,57
100,1,0.6,0.2,1,50,48,15,57
100,1,0.6,0.2,1,50,49,15,57
100,1,0.6,0.2,1,50,50,9,57
10,1.5,0.6,0.2,1,50,1,139,57
10,1.5,0.6,0.2,1,50,2,217,57
10,1.5,0.6,0.2,1,50,3,88,57
10,1.5,0.6,0.2,1,50,4,217,57
10,1.5,0.6,0.2,1,50,5,340,57
10,1.5,0.6,0.2,1,50,6,532,57
10,1.5,0.6,0.2,1,50,7,57,57
10,1.5,0.6,0.2,1,50,8,139,57
10,1.5,0.6,0.2,1,50,9,139,57
10,1.5,0.6,0.2,1,50,10,88,57
10,1.5,0.6,0.2,1,50,11,139,57
10,1.5,0.6,0.2,1,50,12,139,57
10,1.5,0.6,0.2,1,50,13,532,57
10,1.5,0.6,0.2,1,50,14,88,57
10,1.5,0.6,0.2,1,50,15,139,57
10,1.5,0.6,0.2,1,50,16,340,57
10,1.5,0.6,0.2,1,50,17,88,57
10,1.5,0.6,0.2,1,50,18,340,57
10,1.5,0.6,0.2,1,50,19,217,57
10,1.5,0.6,0.2,1,50,20,139,57
10,1.5,0.6,0.2,1,50,21,88,57
10,1.5,0.6,0.2,1,50,22,139,57
10,1.5,0.6,0.2,1,50,23,139,57
10,1.5,0.6,0.2,1,50,24,15,57
10,1.5,0.6,0.2,1,50,25,88,57
10,1.5,0.6,0.2,1,50,26,88,57
10,1.5,0.6,0.2,1,50,27,217,57
10,1.5,0.6,0.2,1,50,28,139,57
10,1.5,0.6,0.2,1,50,29,340,57
10,1.5,0.6,0.2,1,50,30,340,57
10,1.5,0.6,0.2,1,50,31,88,57
10,1.5,0.6,0.2,1,50,32,23,57
10,1.5,0.6,0.2,1,50,33,88,57
10,1.5,0.6,0.2,1,50,34,340,57
10,1.5,0.6,0.2,1,50,35,139,57
10,1.5,0.6,0.2,1,50,36,57,57
10,1.5,0.6,0.2,1,50,37,139,57
10,1.5,0.6,0.2,1,50,38,217,57
10,1.5,0.6,0.2,1,50,39,23,57
10,1.5,0.6,0.2,1,50,40,88,57
10,1.5,0.6,0.2,1,50,41,139,57
10,1.5,0.6,0.2,1,50,42,139,57
10,1.5,0.6,0.2,1,50,43,340,57
10,1.5,0.6,0.2,1,50,44,139,57
10,1.5,0.6,0.2,1,50,45,57,57
10,1.5,0.6,0.2,1,50,46,340,57
10,1.5,0.6,0.2,1,50,47,88,57
10,1.5,0.6,0.2,1,50,48,217,57
10,1.5,0.6,0.2,1,50,49,139,57
10,1.5,0.6,0.2,1,50,50,139,57
30,1.5,0.6,0.2,1,50,1,36,57
30,1.5,0.6,0.2,1,50,2,36,57
30,1.5,0.6,0.2,1,50,3,36,57
30,1.5,0.6,0.2,1,50,4,57,57
30,1.5,0.6,0.2,1,50,5,23,57
30,1.5,0.6,0.2,1,50,6,88,57
30,1.5,0.6,0.2,1,50,7,57,57
30,1.5,0.6,0.2,1,50,8,57,57
30,1.5,0.6,0.2,1,50,9,36,57
30,1.5,0.6,0.2,1,50,10,36,57
30,1.5,0.6,0.2,1,50,11,36,57
30,1.5,0.6,0.2,1,50,12,23,57
30,1.5,0.6,0.2,1,50,13,57,57
30,1.5,0.6,0.2,1,50,14,36,57
30,1.5,0.6,0.2,1,50,15,57,57
30,1.5,0.6,0.2,1,50,16,57,57
30,1.5,0.6,0.2,1,50,17,36,57
30,1.5,0.6,0.2,1,50,18,36,57
30,1.5,0.6,0.2,1,50,19,15,57
30,1.5,0.6,0.2,1,50,20,23,57
30,1.5,0.6,0.2,1,50,21,23,57
30,1.5,0.6,0.2,1,50,22,23,57
30,1.5,0.6,0.2,1,50,23,36,57
30,1.5,0.6,0.2,1,50,24,9,57
30,1.5,0.6,0.2,1,50,25,57,57
30,1.5,0.6,0.2,1,50,26,23,57
30,1.5,0.6,0.2,1,50,27,57,57
30,1.5,0.6,0.2,1,50,28,23,57
30,1.5,0.6,0.2,1,50,29,36,57
30,1.5,0.6,0.2,1,50,30,57,57
30,1.5,0.6,0.2,1,50,31,36,57
30,1.5,0.6,0.2,1,50,32,15,57
30,1.5,0.6,0.2,1,50,33,57,57
30,1.5,0.6,0.2,1,50,34,88,57
30,1.5,0.6,0.2,1,50,35,36,57
30,1.5,0.6,0.2,1,50,36,36,57
30,1.5,0.6,0.2,1,50,37,23,57
30,1.5,0.6,0.2,1,50,38,57,57
30,1.5,0.6,0.2,1,50,39,15,57
30,1.5,0.6,0.2,1,50,40,57,57
30,1.5,0.6,0.2,1,50,41,36,57
30,1.5,0.6,0.2,1,50,42,57,57
30,1.5,0.6,0.2,1,50,43,57,57
30,1.5,0.6,0.2,1,50,44,36,57
30,1.5,0.6,0.2,1,50,45,23,57
30,1.5,0.6,0.2,1,50,46,36,57
30,1.5,0.6,0.2,1,50,47,36,57
30,1.5,0.6,0.2,1,50,48,23,57
30,1.5,0.6,0.2,1,50,49,57,57
30,1.5,0.6,0.2,1,50,50,36,57
60,1.5,0.6,0.2,1,50,1,15,57
60,1.5,0.6,0.2,1,50,2,23,57
60,1.5,0.6,0.2,1,50,3,23,57
60,1.5,0.6,0.2,1,50,4,23,57
60,1.5,0.6,0.2,1,50,5,23,57
60,1.5,0.6,0.2,1,50,6,57,57
60,1.5,0.6,0.2,1,50,7,15,57
60,1.5,0.6,0.2,1,50,8,23,57
60,1.5,0.6,0.2,1,50,9,36,57
60,1.5,0.6,0.2,1,50,10,23,57
60,1.5,0.6,0.2,1,50,11,23,57
60,1.5,0.6,0.2,1,50,12,23,57
60,1.5,0.6,0.2,1,50,13,36,57
60,1.5,0.6,0.2,1,50,14,36,57
60,1.5,0.6,0.2,1,50,15,36,57
60,1.5,0.6,0.2,1,50,16,36,57
60,1.5,0.6,0.2,1,50,17,23,57
60,1.5,0.6,0.2,1,50,18,36,57
60,1.5,0.6,0.2,1,50,19,15,57
60,1.5,0.6,0.2,1,50,20,23,57
60,1.5,0.6,0.2,1,50,21,15,57
60,1.5,0.6,0.2,1,50,22,23,57
60,1.5,0.6,0.2,1,50,23,23,57
60,1.5,0.6,0.2,1,50,24,23,57
60,1.5,0.6,0.2,1,50,25,36,57
60,1.5,0.6,0.2,1,50,26,23,57
60,1.5,0.6,0.2,1,50,27,36,57
60,1.5,0.6,0.2,1,50,28,15,57
60,1.5,0.6,0.2,1,50,29,36,57
60,1.5,0.6,0.2,1,50,30,23,57
60,1.5,0.6,0.2,1,50,31,23,57
60,1.5,0.6,0.2,1,50,32,23,57
60,1.5,0.6,0.2,1,50,33,36,57
60,1.5,0.6,0.2,1,50,34,9,57
60,1.5,0.6,0.2,1,50,35,36,57
60,1.5,0.6,0.2,1,50,36,15,57
60,1.5,0.6,0.2,1,50,37,23,57
60,1.5,0.6,0.2,1,50,38,23,57
60,1.5,0.6,0.2,1,50,39,9,57
60,1.5,0.6,0.2,1,50,40,23,57
60,1.5,0.6,0.2,1,50,41,23,57
60,1.5,0.6,0.2,1,50,42,15,57
60,1.5,0.6,0.2,1,50,43,36,57
60,1.5,0.6,0.2,1,50,44,36,57
60,1.5,0.6,0.2,1,50,45,15,57
60,1.5,0.6,0.2,1,50,46,36,57
60,1.5,0.6,0.2,1,50,47,23,57
60,1.5,0.6,0.2,1,50,48,23,57
60,1.5,0.6,0.2,1,50,49,36,57
60,1.5,0.6,0.2,1,50,50,6,57
100,1.5,0.6,0.2,1,50,1,15,57
100,1.5,0.6,0.2,1,50,2,15,57
100,1.5,0.6,0.2,1,50,3,15,57
100,1.5,0.6,0.2,1,50,4,36,57
100,1.5,0.6,0.2,1,50,5,9,57
100,1.5,0.6,0.2,1,50,6,23,57
100,1.5,0.6,0.2,1,50,7,36,57
100,1.5,0.6,0.2,1,50,8,36,57
100,1.5,0.6,0.2,1,50,9,23,57
100,1.5,0.6,0.2,1,50,10,15,57
100,1.5,0.6,0.2,1,50,11,15,57
100,1.5,0.6,0.2,1,50,12,23,57
100,1.5,0.6,0.2,1,50,13,15,57
100,1.5,0.6,0.2,1,50,14,23,57
100,1.5,0.6,0.2,1,50,15,15,57
100,1.5,0.6,0.2,1,50,16,23,57
100,1.5,0.6,0.2,1,50,17,15,57
100,1.5,0.6,0.2,1,50,18,36,57
100,1.5,0.6,0.2,1,50,19,15,57
100,1.5,0.6,0.2,1,50,20,15,57
100,1.5,0.6,0.2,1,50,21,15,57
100,1.5,0.6,0.2,1,50,22,15,57
100,1.5,0.6,0.2,1,50,23,23,57
100,1.5,0.6,0.2,1,50,24,23,57
100,1.5,0.6,0.2,1,50,25,15,57
100,1.5,0.6,0.2,1,50,26,15,57
100,1.5,0.6,0.2,1,50,27,23,57
100,1.5,0.6,0.2,1,50,28,15,57
100,1.5,0.6,0.2,1,50,29,23,57
100,1.5,0.6,0.2,1,50,30,9,57
100,1.5,0.6,0.2,1,50,31,15,57
100,1.5,0.6,0.2,1,50,32,23,57
100,1.5,0.6,0.2,1,50,33,23,57
100,1.5,0.6,0.2,1,50,34,36,57
100,1.5,0.6,0.2,1,50,35,6,57
100,1.5,0.6,0.2,1,50,36,15,57
100,1.5,0.6,0.2,1,50,37,15,57
100,1.5,0.6,0.2,1,50,38,15,57
100,1.5,0.6,0.2,1,50,39,15,57
100,1.5,0.6,0.2,1,50,40,15,57
100,1.5,0.6,0.2,1,50,41,9,57
100,1.5,0.6,0.2,1,50,42,23,57
100,1.5,0.6,0.2,1,50,43,36,57
100,1.5,0.6,0.2,1,50,44,36,57
100,1.5,0.6,0.2,1,50,45,15,57
100,1.5,0.6,0.2,1,50,46,23,57
100,1.5,0.6,0.2,1,50,47,23,57
100,1.5,0.6,0.2,1,50,48,9,57
100,1.5,0.6,0.2,1,50,49,36,57
100,1.5,0.6,0.2,1,50,50,15,57
10,0.5,0.7,0.2,1,50,1,23,88
10,0.5,0.7,0.2,1,50,2,23,88
10,0.5,0.7,0.2,1,50,3,36,88
10,0.5,0.7,0.2,1,50,4,15,88
10,0.5,0.7,0.2,1,50,5,15,88
10,0.5,0.7,0.2,1,50,6,15,88
10,0.5,0.7,0.2,1,50,7,36,88
10,0.5,0.7,0.2,1,50,8,23,88
10,0.5,0.7,0.2,1,50,9,23,88
10,0.5,0.7,0.2,1,50,10,36,88
10,0.5,0.7,0.2,1,50,11,23,88
10,0.5,0.7,0.2,1,50,12,23,88
10,0.5,0.7,0.2,1,50,13,36,88
10,0.5,0.7,0.2,1,50,14,23,88
10,0.5,0.7,0.2,1,50,15,23,88
10,0.5,0.7,0.2,1,50,16,23,88
10,0.5,0.7,0.2,1,50,17,36,88
10,0.5,0.7,0.2,1,50,18,23,88
10,0.5,0.7,0.2,1,50,19,36,88
10,0.5,0.7,0.2,1,50,20,36,88
10,0.5,0.7,0.2,1,50,21,23,88
10,0.5,0.7,0.2,1,50,22,23,88
10,0.5,0.7,0.2,1,50,23,23,88
10,0.5,0.7,0.2,1,50,24,15,88
10,0.5,0.7,0.2,1,50,25,23,88
10,0.5,0.7,0.2,1,50,26,23,88
10,0.5,0.7,0.2,1,50,27,23,88
10,0.5,0.7,0.2,1,50,28,36,88
10,0.5,0.7,0.2,1,50,29,36,88
10,0.5,0.7,0.2,1,50,30,23,88
10,0.5,0.7,0.2,1,50,31,23,88
10,0.5,0.7,0.2,1,50,32,36,88
10,0.5,0.7,0.2,1,50,33,23,88
10,0.5,0.7,0.2,1,50,34,36,88
10,0.5,0.7,0.2,1,50,35,23,88
10,0.5,0.7,0.2,1,50,36,23,88
10,0.5,0.7,0.2,1,50,37,23,88
10,0.5,0.7,0.2,1,50,38,36,88
10,0.5,0.7,0.2,1,50,39,23,88
10,0.5,0.7,0.2,1,50,40,23,88
10,0.5,0.7,0.2,1,50,41,23,88
10,0.5,0.7,0.2,1,50,42,23,88
10,0.5,0.7,0.2,1,50,43,23,88
10,0.5,0.7,0.2,1,50,44,23,88
10,0.5,0.7,0.2,1,50,45,23,88
10,0.5,0.7,0.2,1,50,46,36,88
10,0.5,0.7,0.2,1,50,47,23,88
10,0.5,0.7,0.2,1,50,48,23,88
10,0.5,0.7,0.2,1,50,49,23,88
10,0.5,0.7,0.2,1,50,50,23,88
30,0.5,0.7,0.2,1,50,1,15,88
30,0.5,0.7,0.2,1,50,2,15,88
30,0.5,0.7,0.2,1,50,3,15,88
30,0.5,0.7,0.2,1,50,4,9,88
30,0.5,0.7,0.2,1,50,5,15,88
30,0.5,0.7,0.2,1,50,6,9,88
30,0.5,0.7,0.2,1,50,7,9,88
30,0.5,0.7,0.2,1,50,8,9,88
30,0.5,0.7,0.2,1,50,9,15,88
30,0.5,0.7,0.2,1,50,10,15,88
30,0.5,0.7,0.2,1,50,11,15,88
30,0.5,0.7,0.2,1,50,12,15,88
30,0.5,0.7,0.2,1,50,13,15,88
30,0.5,0.7,0.2,1,50,14,9,88
30,0.5,0.7,0.2,1,50,15,15,88
30,0.5,0.7,0.2,1,50,16,9,88
30,0.5,0.7,0.2,1,50,17,15,88
30,0.5,0.7,0.2,1,50,18,15,88
30,0.5,0.7,0.2,1,50,19,15,88
30,0.5,0.7,0.2,1,50,20,15,88
30,0.5,0.7,0.2,1,50,21,9,88
30,0.5,0.7,0.2,1,50,22,15,88
30,0.5,0.7,0.2,1,50,23,15,88
30,0.5,0.7,0.2,1,50,24,9,88
30,0.5,0.7,0.2,1,50,25,9,88
30,0.5,0.7,0.2,1,50,26,9,88
30,0.5,0.7,0.2,1,50,27,9,88
30,0.5,0.7,0.2,1,50,28,15,88
30,0.5,0.7,0.2,1,50,29,15,88
30,0.5,0.7,0.2,1,50,30,15,88
30,0.5,0.7,0.2,1,50,31,9,88
30,0.5,0.7,0.2,1,50,32,4,88
30,0.5,0.7,0.2,1,50,33,15,88
30,0.5,0.7,0.2,1,50,34,9,88
30,0.5,0.7,0.2,1,50,35,15,88
30,0.5,0.7,0.2,1,50,36,9,88
30,0.5,0.7,0.2,1,50,37,15,88
30,0.5,0.7,0.2,1,50,38,15,88
30,0.5,0.7,0.2,1,50,39,15,88
30,0.5,0.7,0.2,1,50,40,15,88
30,0.5,0.7,0.2,1,50,41,9,88
30,0.5,0.7,0.2,1,50,42,9,88
30,0.5,0.7,0.2,1,50,43,9,88
30,0.5,0.7,0.2,1,50,44,9,88
30,0.5,0.7,0.2,1,50,45,15,88
30,0.5,0.7,0.2,1,50,46,15,88
30,0.5,0.7,0.2,1,50,47,9,88
30,0.5,0.7,0.2,1,50,48,15,88
30,0.5,0.7,0.2,1,50,49,15,88
30,0.5,0.7,0.2,1,50,50,15,88
60,0.5,0.7,0.2,1,50,1,9,88
60,0.5,0.7,0.2,1,50,2,9,88
60,0.5,0.7,0.2,1,50,3,9,88
60,0.5,0.7,0.2,1,50,4,9,88
60,0.5,0.7,0.2,1,50,5,9,88
60,0.5,0.7,0.2,1,50,6,6,88
60,0.5,0.7,0.2,1,50,7,9,88
60,0.5,0.7,0.2,1,50,8,9,88
60,0.5,0.7,0.2,1,50,9,9,88
60,0.5,0.7,0.2,1,50,10,9,88
60,0.5,0.7,0.2,1,50,11,9,88
60,0.5,0.7,0.2,1,50,12,9,88
60,0.5,0.7,0.2,1,50,13,9,88
60,0.5,0.7,0.2,1,50,14,9,88
60,0.5,0.7,0.2,1,50,15,9,88
60,0.5,0.7,0.2,1,50,16,9,88
60,0.5,0.7,0.2,1,50,17,9,88
60,0.5,0.7,0.2,1,50,18,15,88
60,0.5,0.7,0.2,1,50,19,15,88
60,0.5,0.7,0.2,1,50,20,9,88
60,0.5,0.7,0.2,1,50,21,9,88
60,0.5,0.7,0.2,1,50,22,9,88
60,0.5,0.7,0.2,1,50,23,9,88
60,0.5,0.7,0.2,1,50,24,6,88
60,0.5,0.7,0.2,1,50,25,9,88
60,0.5,0.7,0.2,1,50,26,9,88
60,0.5,0.7,0.2,1,50,27,9,88
60,0.5,0.7,0.2,1,50,28,15,88
60,0.5,0.7,0.2,1,50,29,9,88
60,0.5,0.7,0.2,1,50,30,6,88
60,0.5,0.7,0.2,1,50,31,6,88
60,0.5,0.7,0.2,1,50,32,6,88
60,0.5,0.7,0.2,1,50,33,9,88
60,0.5,0.7,0.2,1,50,34,15,88
60,0.5,0.7,0.2,1,50,35,9,88
60,0.5,0.7,0.2,1,50,36,6,88
60,0.5,0.7,0.2,1,50,37,9,88
60,0.5,0.7,0.2,1,50,38,15,88
60,0.5,0.7,0.2,1,50,39,9,88
60,0.5,0.7,0.2,1,50,40,9,88
60,0.5,0.7,0.2,1,50,41,6,88
60,0.5,0.7,0.2,1,50,42,9,88
60,0.5,0.7,0.2,1,50,43,9,88
60,0.5,0.7,0.2,1,50,44,9,88
60,0.5,0.7,0.2,1,50,45,9,88
60,0.5,0.7,0.2,1,50,46,9,88
60,0.5,0.7,0.2,1,50,47,9,88
60,0.5,0.7,0.2,1,50,48,6,88
60,0.5,0.7,0.2,1,50,49,9,88
60,0.5,0.7,0.2,1,50,50,9,88
100,0.5,0.7,0.2,1,50,1,9,88
100,0.5,0.7,0.2,1,50,2,9,88
100,0.5,0.7,0.2,1,50,3,6,88
100,0.5,0.7,0.2,1,50,4,6,88
100,0.5,0.7,0.2,1,50,5,9,88
100,0.5,0.7,0.2,1,50,6,6,88
100,0.5,0.7,0.2,1,50,7,6,88
100,0.5,0.7,0.2,1,50,8,9,88
100,0.5,0.7,0.2,1,50,9,9,88
100,0.5,0.7,0.2,1,50,10,9,88
100,0.5,0.7,0.2,1,50,11,6,88
100,0.5,0.7,0.2,1,50,12,9,88
100,0.5,0.7,0.2,1,50,13,9,88
100,0.5,0.7,0.2,1,50,14,9,88
100,0.5,0.7,0.2,1,50,15,9,88
100,0.5,0.7,0.2,1,50,16,9,88
100,0.5,0.7,0.2,1,50,17,6,88
100,0.5,0.7,0.2,1,50,18,9,88
100,0.5,0.7,0.2,1,50,19,9,88
100,0.5,0.7,0.2,1,50,20,9,88
100,0.5,0.7,0.2,1,50,21,9,88
100,0.5,0.7,0.2,1,50,22,6,88
100,0.5,0.7,0.2,1,50,23,9,88
100,0.5,0.7,0.2,1,50,24,9,88
100,0.5,0.7,0.2,1,50,25,9,88
100,0.5,0.7,0.2,1,50,26,4,88
100,0.5,0.7,0.2,1,50,27,9,88
100,0.5,0.7,0.2,1,50,28,9,88
100,0.5,0.7,0.2,1,50,29,9,88
100,0.5,0.7,0.2,1,50,30,6,88
100,0.5,0.7,0.2,1,50,31,9,88
100,0.5,0.7,0.2,1,50,32,4,88
100,0.5,0.7,0.2,1,50,33,9,88
100,0.5,0.7,0.2,1,50,34,9,88
100,0.5,0.7,0.2,1,50,35,9,88
100,0.5,0.7,0.2,1,50,36,6,88
100,0.5,0.7,0.2,1,50,37,6,88
100,0.5,0.7,0.2,1,50,38,9,88
100,0.5,0.7,0.2,1,50,39,6,88
100,0.5,0.7,0.2,1,50,40,6,88
100,0.5,0.7,0.2,1,50,41,9,88
100,0.5,0.7,0.2,1,50,42,9,88
100,0.5,0.7,0.2,1,50,43,6,88
100,0.5,0.7,0.2,1,50,44,9,88
100,0.5,0.7,0.2,1,50,45,9,88
100,0.5,0.7,0.2,1,50,46,9,88
100,0.5,0.7,0.2,1,50,47,6,88
100,0.5,0.7,0.2,1,50,48,6,88
100,0.5,0.7,0.2,1,50,49,9,88
100,0.5,0.7,0.2,1,50,50,9,88
10,1,0.7,0.2,1,50,1,36,88
10,1,0.7,0.2,1,50,2,23,88
10,1,0.7,0.2,1,50,3,36,88
10,1,0.7,0.2,1,50,4,23,88
10,1,0.7,0.2,1,50,5,23,88
10,1,0.7,0.2,1,50,6,36,88
10,1,0.7,0.2,1,50,7,36,88
10,1,0.7,0.2,1,50,8,36,88
10,1,0.7,0.2,1,50,9,36,88
10,1,0.7,0.2,1,50,10,36,88
10,1,0.7,0.2,1,50,11,36,88
10,1,0.7,0.2,1,50,12,23,88
10,1,0.7,0.2,1,50,13,36,88
10,1,0.7,0.2,1,50,14,36,88
10,1,0.7,0.2,1,50,15,36,88
10,1,0.7,0.2,1,50,16,36,88
10,1,0.7,0.2,1,50,17,36,88
10,1,0.7,0.2,1,50,18,36,88
10,1,0.7,0.2,1,50,19,36,88
10,1,0.7,0.2,1,50,20,36,88
10,1,0.7,0.2,1,50,21,23,88
10,1,0.7,0.2,1,50,22,36,88
10,1,0.7,0.2,1,50,23,36,88
10,1,0.7,0.2,1,50,24,36,88
10,1,0.7,0.2,1,50,25,36,88
10,1,0.7,0.2,1,50,26,36,88
10,1,0.7,0.2,1,50,27,36,88
10,1,0.7,0.2,1,50,28,36,88
10,1,0.7,0.2,1,50,29,23,88
10,1,0.7,0.2,1,50,30,36,88
10,1,0.7,0.2,1,50,31,36,88
10,1,0.7,0.2,1,50,32,57,88
10,1,0.7,0.2,1,50,33,36,88
10,1,0.7,0.2,1,50,34,36,88
10,1,0.7,0.2,1,50,35,23,88
10,1,0.7,0.2,1,50,36,36,88
10,1,0.7,0.2,1,50,37,57,88
10,1,0.7,0.2,1,50,38,36,88
10,1,0.7,0.2,1,50,39,36,88
10,1,0.7,0.2,1,50,40,23,88
10,1,0.7,0.2,1,50,41,36,88
10,1,0.7,0.2,1,50,42,36,88
10,1,0.7,0.2,1,50,43,36,88
10,1,0.7,0.2,1,50,44,36,88
10,1,0.7,0.2,1,50,45,36,88
10,1,0.7,0.2,1,50,46,36,88
10,1,0.7,0.2,1,50,47,23,88
10,1,0.7,0.2,1,50,48,23,88
10,1,0.7,0.2,1,50,49,23,88
10,1,0.7,0.2,1,50,50,36,88
30,1,0.7,0.2,1,50,1,15,57
30,1,0.7,0.2,1,50,2,15,57
30,1,0.7,0.2,1,50,3,15,57
30,1,0.7,0.2,1,50,4,15,57
30,1,0.7,0.2,1,50,5,15,57
30,1,0.7,0.2,1,50,6,9,57
30,1,0.7,0.2,1,50,7,9,57
30,1,0.7,0.2,1,50,8,15,57
30,1,0.7,0.2,1,50,9,15,57
30,1,0.7,0.2,1,50,10,23,57
30,1,0.7,0.2,1,50,11,15,57
30,1,0.7,0.2,1,50,12,15,57
30,1,0.7,0.2,1,50,13,9,57
30,1,0.7,0.2,1,50,14,15,57
30,1,0.7,0.2,1,50,15,9,57
30,1,0.7,0.2,1,50,16,15,57
30,1,0.7,0.2,1,50,17,15,57
30,1,0.7,0.2,1,50,18,15,57
30,1,0.7,0.2,1,50,19,15,57
30,1,0.7,0.2,1,50,20,15,57
30,1,0.7,0.2,1,50,21,6,88
30,1,0.7,0.2,1,50,22,15,57
30,1,0.7,0.2,1,50,23,15,57
30,1,0.7,0.2,1,50,24,15,57
30,1,0.7,0.2,1,50,25,15,57
30,1,0.7,0.2,1,50,26,15,57
30,1,0.7,0.2,1,50,27,15,57
30,1,0.7,0.2,1,50,28,15,57
30,1,0.7,0.2,1,50,29,15,57
30,1,0.7,0.2,1,50,30,15,57
30,1,0.7,0.2,1,50,31,15,57
30,1,0.7,0.2,1,50,32,15,57
30,1,0.7,0.2,1,50,33,15,57
30,1,0.7,0.2,1,50,34,15,57
30,1,0.7,0.2,1,50,35,15,57
30,1,0.7,0.2,1,50,36,9,57
30,1,0.7,0.2,1,50,37,15,57
30,1,0.7,0.2,1,50,38,15,57
30,1,0.7,0.2,1,50,39,15,57
30,1,0.7,0.2,1,50,40,9,57
30,1,0.7,0.2,1,50,41,6,57
30,1,0.7,0.2,1,50,42,15,57
30,1,0.7,0.2,1,50,43,15,57
30,1,0.7,0.2,1,50,44,15,57
30,1,0.7,0.2,1,50,45,15,57
30,1,0.7,0.2,1,50,46,15,57
30,1,0.7,0.2,1,50,47,9,57
30,1,0.7,0.2,1,50,48,15,57
30,1,0.7,0.2,1,50,49,15,57
30,1,0.7,0.2,1,50,50,15,57
60,1,0.7,0.2,1,50,1,9,57
60,1,0.7,0.2,1,50,2,15,57
60,1,0.7,0.2,1,50,3,9,57
60,1,0.7,0.2,1,50,4,15,57
60,1,0.7,0.2,1,50,5,9,57
60,1,0.7,0.2,1,50,6,9,57
60,1,0.7,0.2,1,50,7,15,57
60,1,0.7,0.2,1,50,8,15,57
60,1,0.7,0.2,1,50,9,15,57
60,1,0.7,0.2,1,50,10,15,57
60,1,0.7,0.2,1,50,11,15,57
60,1,0.7,0.2,1,50,12,9,57
60,1,0.7,0.2,1,50,13,9,57
60,1,0.7,0.2,1,50,14,9,57
60,1,0.7,0.2,1,50,15,9,57
60,1,0.7,0.2,1,50,16,9,57
60,1,0.7,0.2,1,50,17,9,57
60,1,0.7,0.2,1,50,18,15,57
60,1,0.7,0.2,1,50,19,9,57
60,1,0.7,0.2,1,50,20,9,57
60,1,0.7,0.2,1,50,21,6,57
60,1,0.7,0.2,1,50,22,15,57
60,1,0.7,0.2,1,50,23,9,57
60,1,0.7,0.2,1,50,24,15,57
60,1,0.7,0.2,1,50,25,15,57
60,1,0.7,0.2,1,50,26,9,57
60,1,0.7,0.2,1,50,27,15,57
60,1,0.7,0.2,1,50,28,15,57
60,1,0.7,0.2,1,50,29,9,57
60,1,0.7,0.2,1,50,30,9,57
60,1,0.7,0.2,1,50,31,9,57
60,1,0.7,0.2,1,50,32,9,57
60,1,0.7,0.2,1,50,33,15,57
60,1,0.7,0.2,1,50,34,15,57
60,1,0.7,0.2,1,50,35,15,57
60,1,0.7,0.2,1,50,36,6,57
60,1,0.7,0.2,1,50,37,6,57
60,1,0.7,0.2,1,50,38,9,57
60,1,0.7,0.2,1,50,39,9,57
60,1,0.7,0.2,1,50,40,9,57
60,1,0.7,0.2,1,50,41,6,57
60,1,0.7,0.2,1,50,42,9,57
60,1,0.7,0.2,1,50,43,9,57
60,1,0.7,0.2,1,50,44,15,57
60,1,0.7,0.2,1,50,45,15,57
60,1,0.7,0.2,1,50,46,15,57
60,1,0.7,0.2,1,50,47,9,57
60,1,0.7,0.2,1,50,48,6,57
60,1,0.7,0.2,1,50,49,9,57
60,1,0.7,0.2,1,50,50,15,57
100,1,0.7,0.2,1,50,1,9,57
100,1,0.7,0.2,1,50,2,9,57
100,1,0.7,0.2,1,50,3,9,57
100,1,0.7,0.2,1,50,4,9,57
100,1,0.7,0.2,1,50,5,9,57
100,1,0.7,0.2,1,50,6,9,57
100,1,0.7,0.2,1,50,7,9,57
100,1,0.7,0.2,1,50,8,9,57
100,1,0.7,0.2,1,50,9,6,57
100,1,0.7,0.2,1,50,10,15,57
100,1,0.7,0.2,1,50,11,15,57
100,1,0.7,0.2,1,50,12,9,57
100,1,0.7,0.2,1,50,13,9,57
100,1,0.7,0.2,1,50,14,15,57
100,1,0.7,0.2,1,50,15,9,57
100,1,0.7,0.2,1,50,16,6,57
100,1,0.7,0.2,1,50,17,9,57
100,1,0.7,0.2,1,50,18,15,57
100,1,0.7,0.2,1,50,19,9,57
100,1,0.7,0.2,1,50,20,9,57
100,1,0.7,0.2,1,50,21,6,57
100,1,0.7,0.2,1,50,22,9,57
100,1,0.7,0.2,1,50,23,9,57
100,1,0.7,0.2,1,50,24,9,57
100,1,0.7,0.2,1,50,25,9,57
100,1,0.7,0.2,1,50,26,6,57
100,1,0.7,0.2,1,50,27,15,57
100,1,0.7,0.2,1,50,28,9,57
100,1,0.7,0.2,1,50,29,9,57
100,1,0.7,0.2,1,50,30,9,57
100,1,0.7,0.2,1,50,31,9,57
100,1,0.7,0.2,1,50,32,4,57
100,1,0.7,0.2,1,50,33,6,57
100,1,0.7,0.2,1,50,34,9,57
100,1,0.7,0.2,1,50,35,9,57
100,1,0.7,0.2,1,50,36,9,57
100,1,0.7,0.2,1,50,37,6,57
100,1,0.7,0.2,1,50,38,9,57
100,1,0.7,0.2,1,50,39,9,57
100,1,0.7,0.2,1,50,40,9,57
100,1,0.7,0.2,1,50,41,6,57
100,1,0.7,0.2,1,50,42,9,57
100,1,0.7,0.2,1,50,43,9,57
100,1,0.7,0.2,1,50,44,9,57
100,1,0.7,0.2,1,50,45,15,57
100,1,0.7,0.2,1,50,46,9,57
100,1,0.7,0.2,1,50,47,9,57
100,1,0.7,0.2,1,50,48,9,57
100,1,0.7,0.2,1,50,49,6,57
100,1,0.7,0.2,1,50,50,9,57
10,1.5,0.7,0.2,1,50,1,88,57
10,1.5,0.7,0.2,1,50,2,139,57
10,1.5,0.7,0.2,1,50,3,57,57
10,1.5,0.7,0.2,1,50,4,57,57
10,1.5,0.7,0.2,1,50,5,36,57
10,1.5,0.7,0.2,1,50,6,139,57
10,1.5,0.7,0.2,1,50,7,88,57
10,1.5,0.7,0.2,1,50,8,139,57
10,1.5,0.7,0.2,1,50,9,139,57
10,1.5,0.7,0.2,1,50,10,139,57
10,1.5,0.7,0.2,1,50,11,139,57
10,1.5,0.7,0.2,1,50,12,88,57
10,1.5,0.7,0.2,1,50,13,57,57
10,1.5,0.7,0.2,1,50,14,57,57
10,1.5,0.7,0.2,1,50,15,139,57
10,1.5,0.7,0.2,1,50,16,88,57
10,1.5,0.7,0.2,1,50,17,88,57
10,1.5,0.7,0.2,1,50,18,139,57
10,1.5,0.7,0.2,1,50,19,139,57
10,1.5,0.7,0.2,1,50,20,88,57
10,1.5,0.7,0.2,1,50,21,36,57
10,1.5,0.7,0.2,1,50,22,36,57
10,1.5,0.7,0.2,1,50,23,57,57
10,1.5,0.7,0.2,1,50,24,36,57
10,1.5,0.7,0.2,1,50,25,139,57
10,1.5,0.7,0.2,1,50,26,57,57
10,1.5,0.7,0.2,1,50,27,139,57
10,1.5,0.7,0.2,1,50,28,88,57
10,1.5,0.7,0.2,1,50,29,139,57
10,1.5,0.7,0.2,1,50,30,139,57
10,1.5,0.7,0.2,1,50,31,88,57
10,1.5,0.7,0.2,1,50,32,139,57
10,1.5,0.7,0.2,1,50,33,88,57
10,1.5,0.7,0.2,1,50,34,88,57
10,1.5,0.7,0.2,1,50,35,36,57
10,1.5,0.7,0.2,1,50,36,57,57
10,1.5,0.7,0.2,1,50,37,88,57
10,1.5,0.7,0.2,1,50,38,36,57
10,1.5,0.7,0.2,1,50,39,139,57
10,1.5,0.7,0.2,1,50,40,139,57
10,1.5,0.7,0.2,1,50,41,57,57
10,1.5,0.7,0.2,1,50,42,57,57
10,1.5,0.7,0.2,1,50,43,88,57
10,1.5,0.7,0.2,1,50,44,57,57
10,1.5,0.7,0.2,1,50,45,57,57
10,1.5,0.7,0.2,1,50,46,139,57
10,1.5,0.7,0.2,1,50,47,57,57
10,1.5,0.7,0.2,1,50,48,57,57
10,1.5,0.7,0.2,1,50,49,88,57
10,1.5,0.7,0.2,1,50,50,57,57
30,1.5,0.7,0.2,1,50,1,36,57
30,1.5,0.7,0.2,1,50,2,23,57
30,1.5,0.7,0.2,1,50,3,36,57
30,1.5,0.7,0.2,1,50,4,15,57
30,1.5,0.7,0.2,1,50,5,36,57
30,1.5,0.7,0.2,1,50,6,36,57
30,1.5,0.7,0.2,1,50,7,15,57
30,1.5,0.7,0.2,1,50,8,23,57
30,1.5,0.7,0.2,1,50,9,36,57
30,1.5,0.7,0.2,1,50,10,23,57
30,1.5,0.7,0.2,1,50,11,36,57
30,1.5,0.7,0.2,1,50,12,23,57
30,1.5,0.7,0.2,1,50,13,23,57
30,1.5,0.7,0.2,1,50,14,15,57
30,1.5,0.7,0.2,1,50,15,36,57
30,1.5,0.7,0.2,1,50,16,23,57
30,1.5,0.7,0.2,1,50,17,15,57
30,1.5,0.7,0.2,1,50,18,23,57
30,1.5,0.7,0.2,1,50,19,36,57
30,1.5,0.7,0.2,1,50,20,23,57
30,1.5,0.7,0.2,1,50,21,9,57
30,1.5,0.7,0.2,1,50,22,23,57
30,1.5,0.7,0.2,1,50,23,23,57
30,1.5,0.7,0.2,1,50,24,15,57
30,1.5,0.7,0.2,1,50,25,57,57
30,1.5,0.7,0.2,1,50,26,23,57
30,1.5,0.7,0.2,1,50,27,57,57
30,1.5,0.7,0.2,1,50,28,36,57
30,1.5,0.7,0.2,1,50,29,23,57
30,1.5,0.7,0.2,1,50,30,36,57
30,1.5,0.7,0.2,1,50,31,23,57
30,1.5,0.7,0.2,1,50,32,57,57
30,1.5,0.7,0.2,1,50,33,23,57
30,1.5,0.7,0.2,1,50,34,15,57
30,1.5,0.7,0.2,1,50,35,23,57
30,1.5,0.7,0.2,1,50,36,15,57
30,1.5,0.7,0.2,1,50,37,23,57
30,1.5,0.7,0.2,1,50,38,36,57
30,1.5,0.7,0.2,1,50,39,36,57
30,1.5,0.7,0.2,1,50,40,23,57
30,1.5,0.7,0.2,1,50,41,9,57
30,1.5,0.7,0.2,1,50,42,36,57
30,1.5,0.7,0.2,1,50,43,23,57
30,1.5,0.7,0.2,1,50,44,23,57
30,1.5,0.7,0.2,1,50,45,15,57
30,1.5,0.7,0.2,1,50,46,36,57
30,1.5,0.7,0.2,1,50,47,23,57
30,1.5,0.7,0.2,1,50,48,15,57
30,1.5,0.7,0.2,1,50,49,23,57
30,1.5,0.7,0.2,1,50,50,36,57
60,1.5,0.7,0.2,1,50,1,23,57
60,1.5,0.7,0.2,1,50,2,15,57
60,1.5,0.7,0.2,1,50,3,9,57
60,1.5,0.7,0.2,1,50,4,15,57
60,1.5,0.7,0.2,1,50,5,36,57
60,1.5,0.7,0.2,1,50,6,23,57
60,1.5,0.7,0.2,1,50,7,9,57
60,1.5,0.7,0.2,1,50,8,23,57
60,1.5,0.7,0.2,1,50,9,15,57
60,1.5,0.7,0.2,1,50,10,23,57
60,1.5,0.7,0.2,1,50,11,23,57
60,1.5,0.7,0.2,1,50,12,9,57
60,1.5,0.7,0.2,1,50,13,15,57
60,1.5,0.7,0.2,1,50,14,9,57
60,1.5,0.7,0.2,1,50,15,23,57
60,1.5,0.7,0.2,1,50,16,23,57
60,1.5,0.7,0.2,1,50,17,23,57
60,1.5,0.7,0.2,1,50,18,23,57
60,1.5,0.7,0.2,1,50,19,23,57
60,1.5,0.7,0.2,1,50,20,15,57
60,1.5,0.7,0.2,1,50,21,9,57
60,1.5,0.7,0.2,1,50,22,15,57
60,1.5,0.7,0.2,1,50,23,15,57
60,1.5,0.7,0.2,1,50,24,15,57
60,1.5,0.7,0.2,1,50,25,15,57
60,1.5,0.7,0.2,1,50,26,23,57
60,1.5,0.7,0.2,1,50,27,23,57
60,1.5,0.7,0.2,1,50,28,9,57
60,1.5,0.7,0.2,1,50,29,15,57
60,1.5,0.7,0.2,1,50,30,23,57
60,1.5,0.7,0.2,1,50,31,23,57
60,1.5,0.7,0.2,1,50,32,23,57
60,1.5,0.7,0.2,1,50,33,15,57
60,1.5,0.7,0.2,1,50,34,15,57
60,1.5,0.7,0.2,1,50,35,15,57
60,1.5,0.7,0.2,1,50,36,15,57
60,1.5,0.7,0.2,1,50,37,36,57
60,1.5,0.7,0.2,1,50,38,23,57
60,1.5,0.7,0.2,1,50,39,15,57
60,1.5,0.7,0.2,1,50,40,9,57
60,1.5,0.7,0.2,1,50,41,9,57
60,1.5,0.7,0.2,1,50,42,23,57
60,1.5,0.7,0.2,1,50,43,23,57
60,1.5,0.7,0.2,1,50,44,15,57
60,1.5,0.7,0.2,1,50,45,15,57
60,1.5,0.7,0.2,1,50,46,9,57
60,1.5,0.7,0.2,1,50,47,15,57
60,1.5,0.7,0.2,1,50,48,15,57
60,1.5,0.7,0.2,1,50,49,9,57
60,1.5,0.7,0.2,1,50,50,15,57
100,1.5,0.7,0.2,1,50,1,9,57
100,1.5,0.7,0.2,1,50,2,15,57
100,1.5,0.7,0.2,1,50,3,9,57
100,1.5,0.7,0.2,1,50,4,9,57
100,1.5,0.7,0.2,1,50,5,23,57
100,1.5,0.7,0.2,1,50,6,6,57
100,1.5,0.7,0.2,1,50,7,15,57
100,1.5,0.7,0.2,1,50,8,9,57
100,1.5,0.7,0.2,1,50,9,15,57
100,1.5,0.7,0.2,1,50,10,15,57
100,1.5,0.7,0.2,1,50,11,23,57
100,1.5,0.7,0.2,1,50,12,23,57
100,1.5,0.7,0.2,1,50,13,23,57
100,1.5,0.7,0.2,1,50,14,9,57
100,1.5,0.7,0.2,1,50,15,23,57
100,1.5,0.7,0.2,1,50,16,23,57
100,1.5,0.7,0.2,1,50,17,6,57
100,1.5,0.7,0.2,1,50,18,23,57
100,1.5,0.7,0.2,1,50,19,23,57
100,1.5,0.7,0.2,1,50,20,15,57
100,1.5,0.7,0.2,1,50,21,15,57
100,1.5,0.7,0.2,1,50,22,15,57
100,1.5,0.7,0.2,1,50,23,9,57
100,1.5,0.7,0.2,1,50,24,15,57
100,1.5,0.7,0.2,1,50,25,15,57
100,1.5,0.7,0.2,1,50,26,15,57
100,1.5,0.7,0.2,1,50,27,23,57
100,1.5,0.7,0.2,1,50,28,23,57
100,1.5,0.7,0.2,1,50,29,23,57
100,1.5,0.7,0.2,1,50,30,15,57
100,1.5,0.7,0.2,1,50,31,23,57
100,1.5,0.7,0.2,1,50,32,15,57
100,1.5,0.7,0.2,1,50,33,15,57
100,1.5,0.7,0.2,1,50,34,15,57
100,1.5,0.7,0.2,1,50,35,15,57
100,1.5,0.7,0.2,1,50,36,23,57
100,1.5,0.7,0.2,1,50,37,15,57
100,1.5,0.7,0.2,1,50,38,23,57
100,1.5,0.7,0.2,1,50,39,15,57
100,1.5,0.7,0.2,1,50,40,23,57
100,1.5,0.7,0.2,1,50,41,15,57
100,1.5,0.7,0.2,1,50,42,15,57
100,1.5,0.7,0.2,1,50,43,9,57
100,1.5,0.7,0.2,1,50,44,15,57
100,1.5,0.7,0.2,1,50,45,15,57
100,1.5,0.7,0.2,1,50,46,9,57
100,1.5,0.7,0.2,1,50,47,15,57
100,1.5,0.7,0.2,1,50,48,15,57
100,1.5,0.7,0.2,1,50,49,15,57
100,1.5,0.7,0.2,1,50,50,23,57
10,0.5,0.5,0.3,1,50,1,36,88
10,0.5,0.5,0.3,1,50,2,36,88
10,0.5,0.5,0.3,1,50,3,88,88
10,0.5,0.5,0.3,1,50,4,88,88
10,0.5,0.5,0.3,1,50,5,57,88
10,0.5,0.5,0.3,1,50,6,57,88
10,0.5,0.5,0.3,1,50,7,36,88
10,0.5,0.5,0.3,1,50,8,88,88
10,0.5,0.5,0.3,1,50,9,88,88
10,0.5,0.5,0.3,1,50,10,88,88
10,0.5,0.5,0.3,1,50,11,88,88
10,0.5,0.5,0.3,1,50,12,57,88
10,0.5,0.5,0.3,1,50,13,88,88
10,0.5,0.5,0.3,1,50,14,57,88
10,0.5,0.5,0.3,1,50,15,57,88
10,0.5,0.5,0.3,1,50,16,88,88
10,0.5,0.5,0.3,1,50,17,88,88
10,0.5,0.5,0.3,1,50,18,88,88
10,0.5,0.5,0.3,1,50,19,57,88
10,0.5,0.5,0.3,1,50,20,57,88
10,0.5,0.5,0.3,1,50,21,88,88
10,0.5,0.5,0.3,1,50,22,57,88
10,0.5,0.5,0.3,1,50,23,57,88
10,0.5,0.5,0.3,1,50,24,36,88
10,0.5,0.5,0.3,1,50,25,57,88
10,0.5,0.5,0.3,1,50,26,57,88
10,0.5,0.5,0.3,1,50,27,57,88
10,0.5,0.5,0.3,1,50,28,88,88
10,0.5,0.5,0.3,1,50,29,57,88
10,0.5,0.5,0.3,1,50,30,88,88
10,0.5,0.5,0.3,1,50,31,57,88
10,0.5,0.5,0.3,1,50,32,57,88
10,0.5,0.5,0.3,1,50,33,57,88
10,0.5,0.5,0.3,1,50,34,57,88
10,0.5,0.5,0.3,1,50,35,88,88
10,0.5,0.5,0.3,1,50,36,88,88
10,0.5,0.5,0.3,1,50,37,57,88
10,0.5,0.5,0.3,1,50,38,88,88
10,0.5,0.5,0.3,1,50,39,88,88
10,0.5,0.5,0.3,1,50,40,88,88
10,0.5,0.5,0.3,1,50,41,57,88
10,0.5,0.5,0.3,1,50,42,57,88
10,0.5,0.5,0.3,1,50,43,88,88
10,0.5,0.5,0.3,1,50,44,57,88
10,0.5,0.5,0.3,1,50,45,88,88
10,0.5,0.5,0.3,1,50,46,57,88
10,0.5,0.5,0.3,1,50,47,57,88
10,0.5,0.5,0.3,1,50,48,57,88
10,0.5,0.5,0.3,1,50,49,88,88
10,0.5,0.5,0.3,1,50,50,57,88
30,0.5,0.5,0.3,1,50,1,36,88
30,0.5,0.5,0.3,1,50,2,15,88
30,0.5,0.5,0.3,1,50,3,36,88
30,0.5,0.5,0.3,1,50,4,23,88
30,0.5,0.5,0.3,1,50,5,36,88
30,0.5,0.5,0.3,1,50,6,23,88
30,0.5,0.5,0.3,1,50,7,23,88
30,0.5,0.5,0.3,1,50,8,36,88
30,0.5,0.5,0.3,1,50,9,23,88
30,0.5,0.5,0.3,1,50,10,36,88
30,0.5,0.5,0.3,1,50,11,36,88
30,0.5,0.5,0.3,1,50,12,23,88
30,0.5,0.5,0.3,1,50,13,36,88
30,0.5,0.5,0.3,1,50,14,15,88
30,0.5,0.5,0.3,1,50,15,23,88
30,0.5,0.5,0.3,1,50,16,23,88
30,0.5,0.5,0.3,1,50,17,23,88
30,0.5,0.5,0.3,1,50,18,23,88
30,0.5,0.5,0.3,1,50,19,23,88
30,0.5,0.5,0.3,1,50,20,36,88
30,0.5,0.5,0.3,1,50,21,36,88
30,0.5,0.5,0.3,1,50,22,23,88
30,0.5,0.5,0.3,1,50,23,23,88
30,0.5,0.5,0.3,1,50,24,36,88
30,0.5,0.5,0.3,1,50,25,36,88
30,0.5,0.5,0.3,1,50,26,36,88
30,0.5,0.5,0.3,1,50,27,23,88
30,0.5,0.5,0.3,1,50,28,36,88
30,0.5,0.5,0.3,1,50,29,36,88
30,0.5,0.5,0.3,1,50,30,36,88
30,0.5,0.5,0.3,1,50,31,23,88
30,0.5,0.5,0.3,1,50,32,36,88
30,0.5,0.5,0.3,1,50,33,36,88
30,0.5,0.5,0.3,1,50,34,23,88
30,0.5,0.5,0.3,1,50,35,36,88
30,0.5,0.5,0.3,1,50,36,23,88
30,0.5,0.5,0.3,1,50,37,36,88
30,0.5,0.5,0.3,1,50,38,15,88
30,0.5,0.5,0.3,1,50,39,23,88
30,0.5,0.5,0.3,1,50,40,23,88
30,0.5,0.5,0.3,1,50,41,15,88
30,0.5,0.5,0.3,1,50,42,36,88
30,0.5,0.5,0.3,1,50,43,15,88
30,0.5,0.5,0.3,1,50,44,23,88
30,0.5,0.5,0.3,1,50,45,23,88
30,0.5,0.5,0.3,1,50,46,36,88
30,0.5,0.5,0.3,1,50,47,36,88
30,0.5,0.5,0.3,1,50,48,23,88
30,0.5,0.5,0.3,1,50,49,36,88
30,0.5,0.5,0.3,1,50,50,23,88
60,0.5,0.5,0.3,1,50,1,23,57
60,0.5,0.5,0.3,1,50,2,23,57
60,0.5,0.5,0.3,1,50,3,36,57
60,0.5,0.5,0.3,1,50,4,23,88
60,0.5,0.5,0.3,1,50,5,15,88
60,0.5,0.5,0.3,1,50,6,23,57
60,0.5,0.5,0.3,1,50,7,23,88
60,0.5,0.5,0.3,1,50,8,15,57
60,0.5,0.5,0.3,1,50,9,23,57
60,0.5,0.5,0.3,1,50,10,15,57
60,0.5,0.5,0.3,1,50,11,9,57
60,0.5,0.5,0.3,1,50,12,23,57
60,0.5,0.5,0.3,1,50,13,15,88
60,0.5,0.5,0.3,1,50,14,15,57
60,0.5,0.5,0.3,1,50,15,23,88
60,0.5,0.5,0.3,1,50,16,15,88
60,0.5,0.5,0.3,1,50,17,9,88
60,0.5,0.5,0.3,1,50,18,23,88
60,0.5,0.5,0.3,1,50,19,15,88
60,0.5,0.5,0.3,1,50,20,15,88
60,0.5,0.5,0.3,1,50,21,23,57
60,0.5,0.5,0.3,1,50,22,15,57
60,0.5,0.5,0.3,1,50,23,23,88
60,0.5,0.5,0.3,1,50,24,23,88
60,0.5,0.5,0.3,1,50,25,23,88
60,0.5,0.5,0.3,1,50,26,15,88
60,0.5,0.5,0.3,1,50,27,23,88
60,0.5,0.5,0.3,1,50,28,23,57
60,0.5,0.5,0.3,1,50,29,23,88
60,0.5,0.5,0.3,1,50,30,36,57
60,0.5,0.5,0.3,1,50,31,15,57
60,0.5,0.5,0.3,1,50,32,36,88
60,0.5,0.5,0.3,1,50,33,36,57
60,0.5,0.5,0.3,1,50,34,23,88
60,0.5,0.5,0.3,1,50,35,23,57
60,0.5,0.5,0.3,1,50,36,23,57
60,0.5,0.5,0.3,1,50,37,23,88
60,0.5,0.5,0.3,1,50,38,15,57
60,0.5,0.5,0.3,1,50,39,23,57
60,0.5,0.5,0.3,1,50,40,15,57
60,0.5,0.5,0.3,1,50,41,15,88
60,0.5,0.5,0.3,1,50,42,23,88
60,0.5,0.5,0.3,1,50,43,15,57
60,0.5,0.5,0.3,1,50,44,15,88
60,0.5,0.5,0.3,1,50,45,15,57
60,0.5,0.5,0.3,1,50,46,23,57
60,0.5,0.5,0.3,1,50,47,15,57
60,0.5,0.5,0.3,1,50,48,15,88
60,0.5,0.5,0.3,1,50,49,23,57
60,0.5,0.5,0.3,1,50,50,23,88
100,0.5,0.5,0.3,1,50,1,15,57
100,0.5,0.5,0.3,1,50,2,15,57
100,0.5,0.5,0.3,1,50,3,23,57
100,0.5,0.5,0.3,1,50,4,15,57
100,0.5,0.5,0.3,1,50,5,15,57
100,0.5,0.5,0.3,1,50,6,23,57
100,0.5,0.5,0.3,1,50,7,15,57
100,0.5,0.5,0.3,1,50,8,15,57
100,0.5,0.5,0.3,1,50,9,23,57
100,0.5,0.5,0.3,1,50,10,15,57
100,0.5,0.5,0.3,1,50,11,9,57
100,0.5,0.5,0.3,1,50,12,15,57
100,0.5,0.5,0.3,1,50,13,15,57
100,0.5,0.5,0.3,1,50,14,15,57
100,0.5,0.5,0.3,1,50,15,15,57
100,0.5,0.5,0.3,1,50,16,15,57
100,0.5,0.5,0.3,1,50,17,15,57
100,0.5,0.5,0.3,1,50,18,23,57
100,0.5,0.5,0.3,1,50,19,15,57
100,0.5,0.5,0.3,1,50,20,15,57
100,0.5,0.5,0.3,1,50,21,23,57
100,0.5,0.5,0.3,1,50,22,15,57
100,0.5,0.5,0.3,1,50,23,23,57
100,0.5,0.5,0.3,1,50,24,23,57
100,0.5,0.5,0.3,1,50,25,23,57
100,0.5,0.5,0.3,1,50,26,15,57
100,0.5,0.5,0.3,1,50,27,23,57
100,0.5,0.5,0.3,1,50,28,15,57
100,0.5,0.5,0.3,1,50,29,23,57
100,0.5,0.5,0.3,1,50,30,23,57
100,0.5,0.5,0.3,1,50,31,15,57
100,0.5,0.5,0.3,1,50,32,23,57
100,0.5,0.5,0.3,1,50,33,36,57
100,0.5,0.5,0.3,1,50,34,23,57
100,0.5,0.5,0.3,1,50,35,23,57
100,0.5,0.5,0.3,1,50,36,15,57
100,0.5,0.5,0.3,1,50,37,15,57
100,0.5,0.5,0.3,1,50,38,15,57
100,0.5,0.5,0.3,1,50,39,23,57
100,0.5,0.5,0.3,1,50,40,15,57
100,0.5,0.5,0.3,1,50,41,15,57
100,0.5,0.5,0.3,1,50,42,15,57
100,0.5,0.5,0.3,1,50,43,15,57
100,0.5,0.5,0.3,1,50,44,9,57
100,0.5,0.5,0.3,1,50,45,15,57
100,0.5,0.5,0.3,1,50,46,23,57
100,0.5,0.5,0.3,1,50,47,9,57
100,0.5,0.5,0.3,1,50,48,15,57
100,0.5,0.5,0.3,1,50,49,23,57
100,0.5,0.5,0.3,1,50,50,23,57
10,1,0.5,0.3,1,50,1,139,88
10,1,0.5,0.3,1,50,2,88,88
10,1,0.5,0.3,1,50,3,88,88
10,1,0.5,0.3,1,50,4,139,88
10,1,0.5,0.3,1,50,5,217,88
10,1,0.5,0.3,1,50,6,139,88
10,1,0.5,0.3,1,50,7,88,88
10,1,0.5,0.3,1,50,8,217,88
10,1,0.5,0.3,1,50,9,139,88
10,1,0.5,0.3,1,50,10,88,88
10,1,0.5,0.3,1,50,11,217,88
10,1,0.5,0.3,1,50,12,88,88
10,1,0.5,0.3,1,50,13,139,88
10,1,0.5,0.3,1,50,14,88,88
10,1,0.5,0.3,1,50,15,88,88
10,1,0.5,0.3,1,50,16,88,88
10,1,0.5,0.3,1,50,17,139,88
10,1,0.5,0.3,1,50,18,139,88
10,1,0.5,0.3,1,50,19,139,88
10,1,0.5,0.3,1,50,20,139,88
10,1,0.5,0.3,1,50,21,217,88
10,1,0.5,0.3,1,50,22,139,88
10,1,0.5,0.3,1,50,23,139,88
10,1,0.5,0.3,1,50,24,139,88
10,1,0.5,0.3,1,50,25,139,88
10,1,0.5,0.3,1,50,26,88,88
10,1,0.5,0.3,1,50,27,57,88
10,1,0.5,0.3,1,50,28,57,88
10,1,0.5,0.3,1,50,29,139,88
10,1,0.5,0.3,1,50,30,139,88
10,1,0.5,0.3,1,50,31,139,88
10,1,0.5,0.3,1,50,32,88,88
10,1,0.5,0.3,1,50,33,139,88
10,1,0.5,0.3,1,50,34,139,88
10,1,0.5,0.3,1,50,35,88,88
10,1,0.5,0.3,1,50,36,57,88
10,1,0.5,0.3,1,50,37,139,88
10,1,0.5,0.3,1,50,38,217,88
10,1,0.5,0.3,1,50,39,36,88
10,1,0.5,0.3,1,50,40,57,88
10,1,0.5,0.3,1,50,41,57,88
10,1,0.5,0.3,1,50,42,88,88
10,1,0.5,0.3,1,50,43,139,88
10,1,0.5,0.3,1,50,44,139,88
10,1,0.5,0.3,1,50,45,139,88
10,1,0.5,0.3,1,50,46,139,88
10,1,0.5,0.3,1,50,47,88,88
10,1,0.5,0.3,1,50,48,88,88
10,1,0.5,0.3,1,50,49,217,88
10,1,0.5,0.3,1,50,50,139,88
30,1,0.5,0.3,1,50,1,57,57
30,1,0.5,0.3,1,50,2,57,57
30,1,0.5,0.3,1,50,3,57,57
30,1,0.5,0.3,1,50,4,57,57
30,1,0.5,0.3,1,50,5,57,57
30,1,0.5,0.3,1,50,6,57,57
30,1,0.5,0.3,1,50,7,36,57
30,1,0.5,0.3,1,50,8,57,57
30,1,0.5,0.3,1,50,9,57,57
30,1,0.5,0.3,1,50,10,57,57
30,1,0.5,0.3,1,50,11,23,57
30,1,0.5,0.3,1,50,12,36,57
30,1,0.5,0.3,1,50,13,57,57
30,1,0.5,0.3,1,50,14,23,57
30,1,0.5,0.3,1,50,15,36,57
30,1,0.5,0.3,1,50,16,57,57
30,1,0.5,0.3,1,50,17,36,57
30,1,0.5,0.3,1,50,18,36,57
30,1,0.5,0.3,1,50,19,23,57
30,1,0.5,0.3,1,50,20,88,57
30,1,0.5,0.3,1,50,21,57,57
30,1,0.5,0.3,1,50,22,36,57
30,1,0.5,0.3,1,50,23,36,57
30,1,0.5,0.3,1,50,24,36,57
30,1,0.5,0.3,1,50,25,36,57
30,1,0.5,0.3,1,50,26,36,57
30,1,0.5,0.3,1,50,27,57,57
30,1,0.5,0.3,1,50,28,57,57
30,1,0.5,0.3,1,50,29,36,57
30,1,0.5,0.3,1,50,30,57,57
30,1,0.5,0.3,1,50,31,36,57
30,1,0.5,0.3,1,50,32,36,57
30,1,0.5,0.3,1,50,33,57,57
30,1,0.5,0.3,1,50,34,57,57
30,1,0.5,0.3,1,50,35,23,57
30,1,0.5,0.3,1,50,36,23,57
30,1,0.5,0.3,1,50,37,57,57
30,1,0.5,0.3,1,50,38,23,57
30,1,0.5,0.3,1,50,39,36,57
30,1,0.5,0.3,1,50,40,23,57
30,1,0.5,0.3,1,50,41,15,57
30,1,0.5,0.3,1,50,42,36,57
30,1,0.5,0.3,1,50,43,36,57
30,1,0.5,0.3,1,50,44,36,57
30,1,0.5,0.3,1,50,45,23,57
30,1,0.5,0.3,1,50,46,36,57
30,1,0.5,0.3,1,50,47,57,57
30,1,0.5,0.3,1,50,48,57,57
30,1,0.5,0.3,1,50,49,36,57
30,1,0.5,0.3,1,50,50,36,57
60,1,0.5,0.3,1,50,1,36,57
60,1,0.5,0.3,1,50,2,36,57
60,1,0.5,0.3,1,50,3,36,57
60,1,0.5,0.3,1,50,4,23,57
60,1,0.5,0.3,1,50,5,36,57
60,1,0.5,0.3,1,50,6,15,57
60,1,0.5,0.3,1,50,7,36,57
60,1,0.5,0.3,1,50,8,57,57
60,1,0.5,0.3,1,50,9,36,57
60,1,0.5,0.3,1,50,10,57,57
60,1,0.5,0.3,1,50,11,23,57
60,1,0.5,0.3,1,50,12,36,57
60,1,0.5,0.3,1,50,13,36,57
60,1,0.5,0.3,1,50,14,23,57
60,1,0.5,0.3,1,50,15,23,57
60,1,0.5,0.3,1,50,16,36,57
60,1,0.5,0.3,1,50,17,15,57
60,1,0.5,0.3,1,50,18,23,57
60,1,0.5,0.3,1,50,19,23,57
60,1,0.5,0.3,1,50,20,36,57
60,1,0.5,0.3,1,50,21,36,57
60,1,0.5,0.3,1,50,22,23,57
60,1,0.5,0.3,1,50,23,15,57
60,1,0.5,0.3,1,50,24,36,57
60,1,0.5,0.3,1,50,25,23,57
60,1,0.5,0.3,1,50,26,23,57
60,1,0.5,0.3,1,50,27,23,57
60,1,0.5,0.3,1,50,28,23,57
60,1,0.5,0.3,1,50,29,36,57
60,1,0.5,0.3,1,50,30,57,57
60,1,0.5,0.3,1,50,31,36,57
60,1,0.5,0.3,1,50,32,23,57
60,1,0.5,0.3,1,50,33,57,57
60,1,0.5,0.3,1,50,34,23,57
60,1,0.5,0.3,1,50,35,23,57
60,1,0.5,0.3,1,50,36,23,57
60,1,0.5,0.3,1,50,37,57,57
60,1,0.5,0.3,1,50,38,15,57
60,1,0.5,0.3,1,50,39,23,57
60,1,0.5,0.3,1,50,40,36,57
60,1,0.5,0.3,1,50,41,15,57
60,1,0.5,0.3,1,50,42,36,57
60,1,0.5,0.3,1,50,43,36,57
60,1,0.5,0.3,1,50,44,15,57
60,1,0.5,0.3,1,50,45,23,57
60,1,0.5,0.3,1,50,46,23,57
60,1,0.5,0.3,1,50,47,57,57
60,1,0.5,0.3,1,50,48,36,57
60,1,0.5,0.3,1,50,49,36,57
60,1,0.5,0.3,1,50,50,23,57
100,1,0.5,0.3,1,50,1,23,57
100,1,0.5,0.3,1,50,2,15,57
100,1,0.5,0.3,1,50,3,36,57
100,1,0.5,0.3,1,50,4,23,57
100,1,0.5,0.3,1,50,5,36,57
100,1,0.5,0.3,1,50,6,15,57
100,1,0.5,0.3,1,50,7,15,57
100,1,0.5,0.3,1,50,8,36,57
100,1,0.5,0.3,1,50,9,23,57
100,1,0.5,0.3,1,50,10,57,57
100,1,0.5,0.3,1,50,11,6,57
100,1,0.5,0.3,1,50,12,23,57
100,1,0.5,0.3,1,50,13,36,57
100,1,0.5,0.3,1,50,14,23,57
100,1,0.5,0.3,1,50,15,23,57
100,1,0.5,0.3,1,50,16,36,57
100,1,0.5,0.3,1,50,17,23,57
100,1,0.5,0.3,1,50,18,23,57
100,1,0.5,0.3,1,50,19,23,57
100,1,0.5,0.3,1,50,20,23,57
100,1,0.5,0.3,1,50,21,36,57
100,1,0.5,0.3,1,50,22,15,57
100,1,0.5,0.3,1,50,23,15,57
100,1,0.5,0.3,1,50,24,36,57
100,1,0.5,0.3,1,50,25,36,57
100,1,0.5,0.3,1,50,26,23,57
100,1,0.5,0.3,1,50,27,23,57
100,1,0.5,0.3,1,50,28,36,57
100,1,0.5,0.3,1,50,29,36,57
100,1,0.5,0.3,1,50,30,57,57
100,1,0.5,0.3,1,50,31,23,57
100,1,0.5,0.3,1,50,32,23,57
100,1,0.5,0.3,1,50,33,36,57
100,1,0.5,0.3,1,50,34,23,57
100,1,0.5,0.3,1,50,35,23,57
100,1,0.5,0.3,1,50,36,15,57
100,1,0.5,0.3,1,50,37,36,57
100,1,0.5,0.3,1,50,38,23,57
100,1,0.5,0.3,1,50,39,9,57
100,1,0.5,0.3,1,50,40,23,57
100,1,0.5,0.3,1,50,41,15,57
100,1,0.5,0.3,1,50,42,36,57
100,1,0.5,0.3,1,50,43,36,57
100,1,0.5,0.3,1,50,44,15,57
100,1,0.5,0.3,1,50,45,23,57
100,1,0.5,0.3,1,50,46,4,57
100,1,0.5,0.3,1,50,47,57,57
100,1,0.5,0.3,1,50,48,15,57
100,1,0.5,0.3,1,50,49,36,57
100,1,0.5,0.3,1,50,50,23,57
10,1.5,0.5,0.3,1,50,1,1303,57
10,1.5,0.5,0.3,1,50,2,NA,57
10,1.5,0.5,0.3,1,50,3,532,57
10,1.5,0.5,0.3,1,50,4,NA,57
10,1.5,0.5,0.3,1,50,5,NA,57
10,1.5,0.5,0.3,1,50,6,NA,57
10,1.5,0.5,0.3,1,50,7,NA,57
10,1.5,0.5,0.3,1,50,8,3194,57
10,1.5,0.5,0.3,1,50,9,5000,57
10,1.5,0.5,0.3,1,50,10,NA,57
10,1.5,0.5,0.3,1,50,11,NA,57
10,1.5,0.5,0.3,1,50,12,1303,57
10,1.5,0.5,0.3,1,50,13,NA,57
10,1.5,0.5,0.3,1,50,14,1303,57
10,1.5,0.5,0.3,1,50,15,139,57
10,1.5,0.5,0.3,1,50,16,NA,57
10,1.5,0.5,0.3,1,50,17,832,57
10,1.5,0.5,0.3,1,50,18,NA,57
10,1.5,0.5,0.3,1,50,19,532,57
10,1.5,0.5,0.3,1,50,20,NA,57
10,1.5,0.5,0.3,1,50,21,NA,57
10,1.5,0.5,0.3,1,50,22,NA,57
10,1.5,0.5,0.3,1,50,23,217,57
10,1.5,0.5,0.3,1,50,24,340,57
10,1.5,0.5,0.3,1,50,25,532,57
10,1.5,0.5,0.3,1,50,26,340,57
10,1.5,0.5,0.3,1,50,27,NA,57
10,1.5,0.5,0.3,1,50,28,NA,57
10,1.5,0.5,0.3,1,50,29,NA,57
10,1.5,0.5,0.3,1,50,30,NA,57
10,1.5,0.5,0.3,1,50,31,NA,57
10,1.5,0.5,0.3,1,50,32,2040,57
10,1.5,0.5,0.3,1,50,33,532,57
10,1.5,0.5,0.3,1,50,34,NA,57
10,1.5,0.5,0.3,1,50,35,NA,57
10,1.5,0.5,0.3,1,50,36,217,57
10,1.5,0.5,0.3,1,50,37,NA,57
10,1.5,0.5,0.3,1,50,38,NA,57
10,1.5,0.5,0.3,1,50,39,139,57
10,1.5,0.5,0.3,1,50,40,NA,57
10,1.5,0.5,0.3,1,50,41,832,57
10,1.5,0.5,0.3,1,50,42,NA,57
10,1.5,0.5,0.3,1,50,43,NA,57
10,1.5,0.5,0.3,1,50,44,NA,57
10,1.5,0.5,0.3,1,50,45,57,57
10,1.5,0.5,0.3,1,50,46,1303,57
10,1.5,0.5,0.3,1,50,47,340,57
10,1.5,0.5,0.3,1,50,48,NA,57
10,1.5,0.5,0.3,1,50,49,5000,57
10,1.5,0.5,0.3,1,50,50,NA,57
30,1.5,0.5,0.3,1,50,1,57,57
30,1.5,0.5,0.3,1,50,2,340,57
30,1.5,0.5,0.3,1,50,3,139,57
30,1.5,0.5,0.3,1,50,4,340,57
30,1.5,0.5,0.3,1,50,5,217,57
30,1.5,0.5,0.3,1,50,6,217,57
30,1.5,0.5,0.3,1,50,7,139,57
30,1.5,0.5,0.3,1,50,8,217,57
30,1.5,0.5,0.3,1,50,9,139,57
30,1.5,0.5,0.3,1,50,10,832,57
30,1.5,0.5,0.3,1,50,11,23,57
30,1.5,0.5,0.3,1,50,12,139,57
30,1.5,0.5,0.3,1,50,13,340,57
30,1.5,0.5,0.3,1,50,14,139,57
30,1.5,0.5,0.3,1,50,15,36,57
30,1.5,0.5,0.3,1,50,16,217,57
30,1.5,0.5,0.3,1,50,17,217,57
30,1.5,0.5,0.3,1,50,18,217,57
30,1.5,0.5,0.3,1,50,19,139,57
30,1.5,0.5,0.3,1,50,20,340,57
30,1.5,0.5,0.3,1,50,21,340,57
30,1.5,0.5,0.3,1,50,22,340,57
30,1.5,0.5,0.3,1,50,23,15,57
30,1.5,0.5,0.3,1,50,24,57,57
30,1.5,0.5,0.3,1,50,25,57,57
30,1.5,0.5,0.3,1,50,26,139,57
30,1.5,0.5,0.3,1,50,27,57,57
30,1.5,0.5,0.3,1,50,28,217,57
30,1.5,0.5,0.3,1,50,29,139,57
30,1.5,0.5,0.3,1,50,30,340,57
30,1.5,0.5,0.3,1,50,31,217,57
30,1.5,0.5,0.3,1,50,32,88,57
30,1.5,0.5,0.3,1,50,33,139,57
30,1.5,0.5,0.3,1,50,34,139,57
30,1.5,0.5,0.3,1,50,35,532,57
30,1.5,0.5,0.3,1,50,36,57,57
30,1.5,0.5,0.3,1,50,37,36,57
30,1.5,0.5,0.3,1,50,38,139,57
30,1.5,0.5,0.3,1,50,39,88,57
30,1.5,0.5,0.3,1,50,40,139,57
30,1.5,0.5,0.3,1,50,41,88,57
30,1.5,0.5,0.3,1,50,42,217,57
30,1.5,0.5,0.3,1,50,43,139,57
30,1.5,0.5,0.3,1,50,44,340,57
30,1.5,0.5,0.3,1,50,45,23,57
30,1.5,0.5,0.3,1,50,46,139,57
30,1.5,0.5,0.3,1,50,47,139,57
30,1.5,0.5,0.3,1,50,48,139,57
30,1.5,0.5,0.3,1,50,49,217,57
30,1.5,0.5,0.3,1,50,50,217,57
60,1.5,0.5,0.3,1,50,1,36,57
60,1.5,0.5,0.3,1,50,2,139,57
60,1.5,0.5,0.3,1,50,3,36,57
60,1.5,0.5,0.3,1,50,4,139,57
60,1.5,0.5,0.3,1,50,5,139,57
60,1.5,0.5,0.3,1,50,6,88,57
60,1.5,0.5,0.3,1,50,7,88,57
60,1.5,0.5,0.3,1,50,8,88,57
60,1.5,0.5,0.3,1,50,9,88,57
60,1.5,0.5,0.3,1,50,10,139,57
60,1.5,0.5,0.3,1,50,11,23,57
60,1.5,0.5,0.3,1,50,12,57,57
60,1.5,0.5,0.3,1,50,13,217,57
60,1.5,0.5,0.3,1,50,14,36,57
60,1.5,0.5,0.3,1,50,15,23,57
60,1.5,0.5,0.3,1,50,16,88,57
60,1.5,0.5,0.3,1,50,17,88,57
60,1.5,0.5,0.3,1,50,18,57,57
60,1.5,0.5,0.3,1,50,19,57,57
60,1.5,0.5,0.3,1,50,20,139,57
60,1.5,0.5,0.3,1,50,21,139,57
60,1.5,0.5,0.3,1,50,22,139,57
60,1.5,0.5,0.3,1,50,23,15,57
60,1.5,0.5,0.3,1,50,24,57,57
60,1.5,0.5,0.3,1,50,25,36,57
60,1.5,0.5,0.3,1,50,26,88,57
60,1.5,0.5,0.3,1,50,27,88,57
60,1.5,0.5,0.3,1,50,28,88,57
60,1.5,0.5,0.3,1,50,29,88,57
60,1.5,0.5,0.3,1,50,30,139,57
60,1.5,0.5,0.3,1,50,31,88,57
60,1.5,0.5,0.3,1,50,32,57,57
60,1.5,0.5,0.3,1,50,33,139,57
60,1.5,0.5,0.3,1,50,34,139,57
60,1.5,0.5,0.3,1,50,35,217,57
60,1.5,0.5,0.3,1,50,36,57,57
60,1.5,0.5,0.3,1,50,37,57,57
60,1.5,0.5,0.3,1,50,38,88,57
60,1.5,0.5,0.3,1,50,39,57,57
60,1.5,0.5,0.3,1,50,40,88,57
60,1.5,0.5,0.3,1,50,41,36,57
60,1.5,0.5,0.3,1,50,42,88,57
60,1.5,0.5,0.3,1,50,43,88,57
60,1.5,0.5,0.3,1,50,44,139,57
60,1.5,0.5,0.3,1,50,45,23,57
60,1.5,0.5,0.3,1,50,46,88,57
60,1.5,0.5,0.3,1,50,47,139,57
60,1.5,0.5,0.3,1,50,48,57,57
60,1.5,0.5,0.3,1,50,49,139,57
60,1.5,0.5,0.3,1,50,50,139,57
100,1.5,0.5,0.3,1,50,1,36,57
100,1.5,0.5,0.3,1,50,2,139,57
100,1.5,0.5,0.3,1,50,3,36,57
100,1.5,0.5,0.3,1,50,4,88,57
100,1.5,0.5,0.3,1,50,5,57,57
100,1.5,0.5,0.3,1,50,6,88,57
100,1.5,0.5,0.3,1,50,7,88,57
100,1.5,0.5,0.3,1,50,8,57,57
100,1.5,0.5,0.3,1,50,9,139,57
100,1.5,0.5,0.3,1,50,10,139,57
100,1.5,0.5,0.3,1,50,11,23,57
100,1.5,0.5,0.3,1,50,12,36,57
100,1.5,0.5,0.3,1,50,13,139,57
100,1.5,0.5,0.3,1,50,14,57,57
100,1.5,0.5,0.3,1,50,15,15,57
100,1.5,0.5,0.3,1,50,16,88,57
100,1.5,0.5,0.3,1,50,17,57,57
100,1.5,0.5,0.3,1,50,18,15,57
100,1.5,0.5,0.3,1,50,19,57,57
100,1.5,0.5,0.3,1,50,20,57,57
100,1.5,0.5,0.3,1,50,21,88,57
100,1.5,0.5,0.3,1,50,22,88,57
100,1.5,0.5,0.3,1,50,23,15,57
100,1.5,0.5,0.3,1,50,24,57,57
100,1.5,0.5,0.3,1,50,25,88,57
100,1.5,0.5,0.3,1,50,26,57,57
100,1.5,0.5,0.3,1,50,27,88,57
100,1.5,0.5,0.3,1,50,28,139,57
100,1.5,0.5,0.3,1,50,29,88,57
100,1.5,0.5,0.3,1,50,30,88,57
100,1.5,0.5,0.3,1,50,31,9,57
100,1.5,0.5,0.3,1,50,32,36,57
100,1.5,0.5,0.3,1,50,33,57,57
100,1.5,0.5,0.3,1,50,34,57,57
100,1.5,0.5,0.3,1,50,35,139,57
100,1.5,0.5,0.3,1,50,36,36,57
100,1.5,0.5,0.3,1,50,37,36,57
100,1.5,0.5,0.3,1,50,38,36,57
100,1.5,0.5,0.3,1,50,39,57,57
100,1.5,0.5,0.3,1,50,40,36,57
100,1.5,0.5,0.3,1,50,41,36,57
100,1.5,0.5,0.3,1,50,42,88,57
100,1.5,0.5,0.3,1,50,43,88,57
100,1.5,0.5,0.3,1,50,44,36,57
100,1.5,0.5,0.3,1,50,45,57,57
100,1.5,0.5,0.3,1,50,46,57,57
100,1.5,0.5,0.3,1,50,47,88,57
100,1.5,0.5,0.3,1,50,48,36,57
100,1.5,0.5,0.3,1,50,49,88,57
100,1.5,0.5,0.3,1,50,50,88,57
10,0.5,0.6,0.3,1,50,1,36,88
10,0.5,0.6,0.3,1,50,2,36,88
10,0.5,0.6,0.3,1,50,3,36,88
10,0.5,0.6,0.3,1,50,4,36,88
10,0.5,0.6,0.3,1,50,5,36,88
10,0.5,0.6,0.3,1,50,6,57,88
10,0.5,0.6,0.3,1,50,7,57,88
10,0.5,0.6,0.3,1,50,8,57,88
10,0.5,0.6,0.3,1,50,9,57,88
10,0.5,0.6,0.3,1,50,10,57,88
10,0.5,0.6,0.3,1,50,11,57,88
10,0.5,0.6,0.3,1,50,12,57,88
10,0.5,0.6,0.3,1,50,13,57,88
10,0.5,0.6,0.3,1,50,14,57,88
10,0.5,0.6,0.3,1,50,15,36,88
10,0.5,0.6,0.3,1,50,16,57,88
10,0.5,0.6,0.3,1,50,17,36,88
10,0.5,0.6,0.3,1,50,18,57,88
10,0.5,0.6,0.3,1,50,19,36,88
10,0.5,0.6,0.3,1,50,20,57,88
10,0.5,0.6,0.3,1,50,21,36,88
10,0.5,0.6,0.3,1,50,22,57,88
10,0.5,0.6,0.3,1,50,23,36,88
10,0.5,0.6,0.3,1,50,24,36,88
10,0.5,0.6,0.3,1,50,25,36,88
10,0.5,0.6,0.3,1,50,26,36,88
10,0.5,0.6,0.3,1,50,27,36,88
10,0.5,0.6,0.3,1,50,28,57,88
10,0.5,0.6,0.3,1,50,29,57,88
10,0.5,0.6,0.3,1,50,30,57,88
10,0.5,0.6,0.3,1,50,31,36,88
10,0.5,0.6,0.3,1,50,32,57,88
10,0.5,0.6,0.3,1,50,33,36,88
10,0.5,0.6,0.3,1,50,34,57,88
10,0.5,0.6,0.3,1,50,35,36,88
10,0.5,0.6,0.3,1,50,36,57,88
10,0.5,0.6,0.3,1,50,37,57,88
10,0.5,0.6,0.3,1,50,38,57,88
10,0.5,0.6,0.3,1,50,39,36,88
10,0.5,0.6,0.3,1,50,40,36,88
10,0.5,0.6,0.3,1,50,41,36,88
10,0.5,0.6,0.3,1,50,42,36,88
10,0.5,0.6,0.3,1,50,43,36,88
10,0.5,0.6,0.3,1,50,44,57,88
10,0.5,0.6,0.3,1,50,45,36,88
10,0.5,0.6,0.3,1,50,46,36,88
10,0.5,0.6,0.3,1,50,47,57,88
10,0.5,0.6,0.3,1,50,48,36,88
10,0.5,0.6,0.3,1,50,49,36,88
10,0.5,0.6,0.3,1,50,50,57,88
30,0.5,0.6,0.3,1,50,1,15,88
30,0.5,0.6,0.3,1,50,2,15,88
30,0.5,0.6,0.3,1,50,3,23,88
30,0.5,0.6,0.3,1,50,4,15,88
30,0.5,0.6,0.3,1,50,5,23,88
30,0.5,0.6,0.3,1,50,6,15,88
30,0.5,0.6,0.3,1,50,7,23,88
30,0.5,0.6,0.3,1,50,8,23,88
30,0.5,0.6,0.3,1,50,9,15,88
30,0.5,0.6,0.3,1,50,10,23,88
30,0.5,0.6,0.3,1,50,11,23,88
30,0.5,0.6,0.3,1,50,12,23,88
30,0.5,0.6,0.3,1,50,13,15,88
30,0.5,0.6,0.3,1,50,14,23,88
30,0.5,0.6,0.3,1,50,15,15,88
30,0.5,0.6,0.3,1,50,16,23,88
30,0.5,0.6,0.3,1,50,17,15,88
30,0.5,0.6,0.3,1,50,18,15,88
30,0.5,0.6,0.3,1,50,19,9,88
30,0.5,0.6,0.3,1,50,20,15,88
30,0.5,0.6,0.3,1,50,21,15,88
30,0.5,0.6,0.3,1,50,22,23,88
30,0.5,0.6,0.3,1,50,23,23,88
30,0.5,0.6,0.3,1,50,24,15,88
30,0.5,0.6,0.3,1,50,25,15,88
30,0.5,0.6,0.3,1,50,26,23,88
30,0.5,0.6,0.3,1,50,27,15,88
30,0.5,0.6,0.3,1,50,28,23,88
30,0.5,0.6,0.3,1,50,29,23,88
30,0.5,0.6,0.3,1,50,30,9,88
30,0.5,0.6,0.3,1,50,31,15,88
30,0.5,0.6,0.3,1,50,32,36,88
30,0.5,0.6,0.3,1,50,33,23,88
30,0.5,0.6,0.3,1,50,34,23,88
30,0.5,0.6,0.3,1,50,35,23,88
30,0.5,0.6,0.3,1,50,36,15,88
30,0.5,0.6,0.3,1,50,37,15,88
30,0.5,0.6,0.3,1,50,38,23,88
30,0.5,0.6,0.3,1,50,39,23,88
30,0.5,0.6,0.3,1,50,40,23,88
30,0.5,0.6,0.3,1,50,41,15,88
30,0.5,0.6,0.3,1,50,42,15,88
30,0.5,0.6,0.3,1,50,43,23,88
30,0.5,0.6,0.3,1,50,44,23,88
30,0.5,0.6,0.3,1,50,45,15,88
30,0.5,0.6,0.3,1,50,46,15,88
30,0.5,0.6,0.3,1,50,47,15,88
30,0.5,0.6,0.3,1,50,48,15,88
30,0.5,0.6,0.3,1,50,49,15,88
30,0.5,0.6,0.3,1,50,50,15,88
60,0.5,0.6,0.3,1,50,1,15,88
60,0.5,0.6,0.3,1,50,2,9,88
60,0.5,0.6,0.3,1,50,3,15,88
60,0.5,0.6,0.3,1,50,4,15,88
60,0.5,0.6,0.3,1,50,5,15,88
60,0.5,0.6,0.3,1,50,6,15,88
60,0.5,0.6,0.3,1,50,7,15,88
60,0.5,0.6,0.3,1,50,8,15,88
60,0.5,0.6,0.3,1,50,9,15,88
60,0.5,0.6,0.3,1,50,10,15,88
60,0.5,0.6,0.3,1,50,11,9,88
60,0.5,0.6,0.3,1,50,12,15,88
60,0.5,0.6,0.3,1,50,13,15,88
60,0.5,0.6,0.3,1,50,14,15,88
60,0.5,0.6,0.3,1,50,15,15,88
60,0.5,0.6,0.3,1,50,16,15,88
60,0.5,0.6,0.3,1,50,17,15,88
60,0.5,0.6,0.3,1,50,18,15,88
60,0.5,0.6,0.3,1,50,19,15,88
60,0.5,0.6,0.3,1,50,20,15,88
60,0.5,0.6,0.3,1,50,21,15,88
60,0.5,0.6,0.3,1,50,22,15,88
60,0.5,0.6,0.3,1,50,23,23,88
60,0.5,0.6,0.3,1,50,24,15,88
60,0.5,0.6,0.3,1,50,25,15,88
60,0.5,0.6,0.3,1,50,26,15,88
60,0.5,0.6,0.3,1,50,27,15,88
60,0.5,0.6,0.3,1,50,28,15,88
60,0.5,0.6,0.3,1,50,29,15,88
60,0.5,0.6,0.3,1,50,30,9,88
60,0.5,0.6,0.3,1,50,31,15,88
60,0.5,0.6,0.3,1,50,32,15,88
60,0.5,0.6,0.3,1,50,33,23,88
60,0.5,0.6,0.3,1,50,34,15,88
60,0.5,0.6,0.3,1,50,35,15,88
60,0.5,0.6,0.3,1,50,36,15,88
60,0.5,0.6,0.3,1,50,37,15,88
60,0.5,0.6,0.3,1,50,38,15,88
60,0.5,0.6,0.3,1,50,39,15,88
60,0.5,0.6,0.3,1,50,40,15,88
60,0.5,0.6,0.3,1,50,41,15,88
60,0.5,0.6,0.3,1,50,42,15,88
60,0.5,0.6,0.3,1,50,43,15,88
60,0.5,0.6,0.3,1,50,44,15,88
60,0.5,0.6,0.3,1,50,45,15,88
60,0.5,0.6,0.3,1,50,46,15,88
60,0.5,0.6,0.3,1,50,47,15,88
60,0.5,0.6,0.3,1,50,48,15,88
60,0.5,0.6,0.3,1,50,49,15,88
60,0.5,0.6,0.3,1,50,50,15,88
100,0.5,0.6,0.3,1,50,1,15,88
100,0.5,0.6,0.3,1,50,2,15,88
100,0.5,0.6,0.3,1,50,3,9,88
100,0.5,0.6,0.3,1,50,4,9,88
100,0.5,0.6,0.3,1,50,5,9,88
100,0.5,0.6,0.3,1,50,6,9,88
100,0.5,0.6,0.3,1,50,7,15,88
100,0.5,0.6,0.3,1,50,8,15,88
100,0.5,0.6,0.3,1,50,9,15,88
100,0.5,0.6,0.3,1,50,10,15,88
100,0.5,0.6,0.3,1,50,11,9,88
100,0.5,0.6,0.3,1,50,12,15,88
100,0.5,0.6,0.3,1,50,13,9,88
100,0.5,0.6,0.3,1,50,14,15,88
100,0.5,0.6,0.3,1,50,15,15,88
100,0.5,0.6,0.3,1,50,16,15,88
100,0.5,0.6,0.3,1,50,17,15,88
100,0.5,0.6,0.3,1,50,18,9,88
100,0.5,0.6,0.3,1,50,19,9,88
100,0.5,0.6,0.3,1,50,20,15,88
100,0.5,0.6,0.3,1,50,21,9,88
100,0.5,0.6,0.3,1,50,22,9,88
100,0.5,0.6,0.3,1,50,23,15,88
100,0.5,0.6,0.3,1,50,24,15,88
100,0.5,0.6,0.3,1,50,25,15,88
100,0.5,0.6,0.3,1,50,26,15,88
100,0.5,0.6,0.3,1,50,27,15,88
100,0.5,0.6,0.3,1,50,28,15,88
100,0.5,0.6,0.3,1,50,29,15,88
100,0.5,0.6,0.3,1,50,30,9,88
100,0.5,0.6,0.3,1,50,31,9,88
100,0.5,0.6,0.3,1,50,32,9,88
100,0.5,0.6,0.3,1,50,33,15,88
100,0.5,0.6,0.3,1,50,34,15,88
100,0.5,0.6,0.3,1,50,35,9,88
100,0.5,0.6,0.3,1,50,36,15,88
100,0.5,0.6,0.3,1,50,37,15,88
100,0.5,0.6,0.3,1,50,38,15,88
100,0.5,0.6,0.3,1,50,39,15,88
100,0.5,0.6,0.3,1,50,40,15,88
100,0.5,0.6,0.3,1,50,41,15,88
100,0.5,0.6,0.3,1,50,42,15,88
100,0.5,0.6,0.3,1,50,43,15,88
100,0.5,0.6,0.3,1,50,44,15,88
100,0.5,0.6,0.3,1,50,45,15,88
100,0.5,0.6,0.3,1,50,46,9,88
100,0.5,0.6,0.3,1,50,47,15,88
100,0.5,0.6,0.3,1,50,48,15,88
100,0.5,0.6,0.3,1,50,49,15,88
100,0.5,0.6,0.3,1,50,50,15,88
10,1,0.6,0.3,1,50,1,88,88
10,1,0.6,0.3,1,50,2,88,88
10,1,0.6,0.3,1,50,3,57,88
10,1,0.6,0.3,1,50,4,88,88
10,1,0.6,0.3,1,50,5,57,88
10,1,0.6,0.3,1,50,6,57,88
10,1,0.6,0.3,1,50,7,88,88
10,1,0.6,0.3,1,50,8,88,88
10,1,0.6,0.3,1,50,9,88,88
10,1,0.6,0.3,1,50,10,57,88
10,1,0.6,0.3,1,50,11,57,88
10,1,0.6,0.3,1,50,12,88,88
10,1,0.6,0.3,1,50,13,88,88
10,1,0.6,0.3,1,50,14,57,88
10,1,0.6,0.3,1,50,15,57,88
10,1,0.6,0.3,1,50,16,36,88
10,1,0.6,0.3,1,50,17,88,88
10,1,0.6,0.3,1,50,18,57,88
10,1,0.6,0.3,1,50,19,36,88
10,1,0.6,0.3,1,50,20,88,88
10,1,0.6,0.3,1,50,21,57,88
10,1,0.6,0.3,1,50,22,57,88
10,1,0.6,0.3,1,50,23,88,88
10,1,0.6,0.3,1,50,24,15,88
10,1,0.6,0.3,1,50,25,88,88
10,1,0.6,0.3,1,50,26,57,88
10,1,0.6,0.3,1,50,27,57,88
10,1,0.6,0.3,1,50,28,57,88
10,1,0.6,0.3,1,50,29,88,88
10,1,0.6,0.3,1,50,30,139,88
10,1,0.6,0.3,1,50,31,57,88
10,1,0.6,0.3,1,50,32,36,88
10,1,0.6,0.3,1,50,33,57,88
10,1,0.6,0.3,1,50,34,57,88
10,1,0.6,0.3,1,50,35,57,88
10,1,0.6,0.3,1,50,36,139,88
10,1,0.6,0.3,1,50,37,88,88
10,1,0.6,0.3,1,50,38,88,88
10,1,0.6,0.3,1,50,39,36,88
10,1,0.6,0.3,1,50,40,88,88
10,1,0.6,0.3,1,50,41,88,88
10,1,0.6,0.3,1,50,42,88,88
10,1,0.6,0.3,1,50,43,57,88
10,1,0.6,0.3,1,50,44,57,88
10,1,0.6,0.3,1,50,45,57,88
10,1,0.6,0.3,1,50,46,36,88
10,1,0.6,0.3,1,50,47,57,88
10,1,0.6,0.3,1,50,48,36,88
10,1,0.6,0.3,1,50,49,36,88
10,1,0.6,0.3,1,50,50,88,88
30,1,0.6,0.3,1,50,1,23,57
30,1,0.6,0.3,1,50,2,36,57
30,1,0.6,0.3,1,50,3,23,57
30,1,0.6,0.3,1,50,4,15,57
30,1,0.6,0.3,1,50,5,23,57
30,1,0.6,0.3,1,50,6,23,57
30,1,0.6,0.3,1,50,7,23,57
30,1,0.6,0.3,1,50,8,23,57
30,1,0.6,0.3,1,50,9,36,57
30,1,0.6,0.3,1,50,10,15,57
30,1,0.6,0.3,1,50,11,23,57
30,1,0.6,0.3,1,50,12,23,57
30,1,0.6,0.3,1,50,13,36,57
30,1,0.6,0.3,1,50,14,23,57
30,1,0.6,0.3,1,50,15,23,57
30,1,0.6,0.3,1,50,16,36,57
30,1,0.6,0.3,1,50,17,15,57
30,1,0.6,0.3,1,50,18,36,57
30,1,0.6,0.3,1,50,19,15,57
30,1,0.6,0.3,1,50,20,23,57
30,1,0.6,0.3,1,50,21,23,57
30,1,0.6,0.3,1,50,22,23,57
30,1,0.6,0.3,1,50,23,36,57
30,1,0.6,0.3,1,50,24,36,57
30,1,0.6,0.3,1,50,25,23,57
30,1,0.6,0.3,1,50,26,23,57
30,1,0.6,0.3,1,50,27,36,57
30,1,0.6,0.3,1,50,28,36,57
30,1,0.6,0.3,1,50,29,36,57
30,1,0.6,0.3,1,50,30,23,57
30,1,0.6,0.3,1,50,31,23,57
30,1,0.6,0.3,1,50,32,15,57
30,1,0.6,0.3,1,50,33,36,57
30,1,0.6,0.3,1,50,34,36,57
30,1,0.6,0.3,1,50,35,23,57
30,1,0.6,0.3,1,50,36,36,57
30,1,0.6,0.3,1,50,37,36,57
30,1,0.6,0.3,1,50,38,36,57
30,1,0.6,0.3,1,50,39,15,57
30,1,0.6,0.3,1,50,40,36,57
30,1,0.6,0.3,1,50,41,23,57
30,1,0.6,0.3,1,50,42,36,57
30,1,0.6,0.3,1,50,43,36,57
30,1,0.6,0.3,1,50,44,23,57
30,1,0.6,0.3,1,50,45,36,57
30,1,0.6,0.3,1,50,46,23,57
30,1,0.6,0.3,1,50,47,36,57
30,1,0.6,0.3,1,50,48,36,57
30,1,0.6,0.3,1,50,49,23,57
30,1,0.6,0.3,1,50,50,23,57
60,1,0.6,0.3,1,50,1,23,57
60,1,0.6,0.3,1,50,2,23,57
60,1,0.6,0.3,1,50,3,15,57
60,1,0.6,0.3,1,50,4,15,57
60,1,0.6,0.3,1,50,5,15,57
60,1,0.6,0.3,1,50,6,15,57
60,1,0.6,0.3,1,50,7,23,57
60,1,0.6,0.3,1,50,8,23,57
60,1,0.6,0.3,1,50,9,23,57
60,1,0.6,0.3,1,50,10,15,57
60,1,0.6,0.3,1,50,11,15,57
60,1,0.6,0.3,1,50,12,15,57
60,1,0.6,0.3,1,50,13,15,57
60,1,0.6,0.3,1,50,14,23,57
60,1,0.6,0.3,1,50,15,23,57
60,1,0.6,0.3,1,50,16,23,57
60,1,0.6,0.3,1,50,17,15,57
60,1,0.6,0.3,1,50,18,15,57
60,1,0.6,0.3,1,50,19,15,57
60,1,0.6,0.3,1,50,20,15,57
60,1,0.6,0.3,1,50,21,15,57
60,1,0.6,0.3,1,50,22,15,57
60,1,0.6,0.3,1,50,23,23,57
60,1,0.6,0.3,1,50,24,23,57
60,1,0.6,0.3,1,50,25,23,57
60,1,0.6,0.3,1,50,26,23,57
60,1,0.6,0.3,1,50,27,15,57
60,1,0.6,0.3,1,50,28,15,57
60,1,0.6,0.3,1,50,29,15,57
60,1,0.6,0.3,1,50,30,15,57
60,1,0.6,0.3,1,50,31,15,57
60,1,0.6,0.3,1,50,32,9,57
60,1,0.6,0.3,1,50,33,23,57
60,1,0.6,0.3,1,50,34,23,57
60,1,0.6,0.3,1,50,35,15,57
60,1,0.6,0.3,1,50,36,9,57
60,1,0.6,0.3,1,50,37,23,57
60,1,0.6,0.3,1,50,38,23,57
60,1,0.6,0.3,1,50,39,15,57
60,1,0.6,0.3,1,50,40,23,57
60,1,0.6,0.3,1,50,41,23,57
60,1,0.6,0.3,1,50,42,23,57
60,1,0.6,0.3,1,50,43,23,57
60,1,0.6,0.3,1,50,44,23,57
60,1,0.6,0.3,1,50,45,15,57
60,1,0.6,0.3,1,50,46,15,57
60,1,0.6,0.3,1,50,47,36,57
60,1,0.6,0.3,1,50,48,15,57
60,1,0.6,0.3,1,50,49,23,57
60,1,0.6,0.3,1,50,50,15,57
100,1,0.6,0.3,1,50,1,23,57
100,1,0.6,0.3,1,50,2,23,57
100,1,0.6,0.3,1,50,3,15,57
100,1,0.6,0.3,1,50,4,9,57
100,1,0.6,0.3,1,50,5,15,57
100,1,0.6,0.3,1,50,6,15,57
100,1,0.6,0.3,1,50,7,23,57
100,1,0.6,0.3,1,50,8,15,57
100,1,0.6,0.3,1,50,9,23,57
100,1,0.6,0.3,1,50,10,15,57
100,1,0.6,0.3,1,50,11,15,57
100,1,0.6,0.3,1,50,12,15,57
100,1,0.6,0.3,1,50,13,9,57
100,1,0.6,0.3,1,50,14,15,57
100,1,0.6,0.3,1,50,15,9,57
100,1,0.6,0.3,1,50,16,15,57
100,1,0.6,0.3,1,50,17,15,57
100,1,0.6,0.3,1,50,18,15,57
100,1,0.6,0.3,1,50,19,15,57
100,1,0.6,0.3,1,50,20,15,57
100,1,0.6,0.3,1,50,21,15,57
100,1,0.6,0.3,1,50,22,15,57
100,1,0.6,0.3,1,50,23,23,57
100,1,0.6,0.3,1,50,24,15,57
100,1,0.6,0.3,1,50,25,23,57
100,1,0.6,0.3,1,50,26,23,57
100,1,0.6,0.3,1,50,27,15,57
100,1,0.6,0.3,1,50,28,23,57
100,1,0.6,0.3,1,50,29,15,57
100,1,0.6,0.3,1,50,30,15,57
100,1,0.6,0.3,1,50,31,15,57
100,1,0.6,0.3,1,50,32,15,57
100,1,0.6,0.3,1,50,33,15,57
100,1,0.6,0.3,1,50,34,23,57
100,1,0.6,0.3,1,50,35,15,57
100,1,0.6,0.3,1,50,36,15,57
100,1,0.6,0.3,1,50,37,15,57
100,1,0.6,0.3,1,50,38,23,57
100,1,0.6,0.3,1,50,39,15,57
100,1,0.6,0.3,1,50,40,23,57
100,1,0.6,0.3,1,50,41,23,57
100,1,0.6,0.3,1,50,42,15,57
100,1,0.6,0.3,1,50,43,23,57
100,1,0.6,0.3,1,50,44,15,57
100,1,0.6,0.3,1,50,45,15,57
100,1,0.6,0.3,1,50,46,6,57
100,1,0.6,0.3,1,50,47,23,57
100,1,0.6,0.3,1,50,48,15,57
100,1,0.6,0.3,1,50,49,15,57
100,1,0.6,0.3,1,50,50,15,57
10,1.5,0.6,0.3,1,50,1,532,57
10,1.5,0.6,0.3,1,50,2,NA,57
10,1.5,0.6,0.3,1,50,3,340,57
10,1.5,0.6,0.3,1,50,4,1303,57
10,1.5,0.6,0.3,1,50,5,832,57
10,1.5,0.6,0.3,1,50,6,340,57
10,1.5,0.6,0.3,1,50,7,139,57
10,1.5,0.6,0.3,1,50,8,532,57
10,1.5,0.6,0.3,1,50,9,832,57
10,1.5,0.6,0.3,1,50,10,139,57
10,1.5,0.6,0.3,1,50,11,217,57
10,1.5,0.6,0.3,1,50,12,340,57
10,1.5,0.6,0.3,1,50,13,1303,57
10,1.5,0.6,0.3,1,50,14,532,57
10,1.5,0.6,0.3,1,50,15,217,57
10,1.5,0.6,0.3,1,50,16,139,57
10,1.5,0.6,0.3,1,50,17,532,57
10,1.5,0.6,0.3,1,50,18,532,57
10,1.5,0.6,0.3,1,50,19,217,57
10,1.5,0.6,0.3,1,50,20,832,57
10,1.5,0.6,0.3,1,50,21,139,57
10,1.5,0.6,0.3,1,50,22,532,57
10,1.5,0.6,0.3,1,50,23,1303,57
10,1.5,0.6,0.3,1,50,24,57,57
10,1.5,0.6,0.3,1,50,25,340,57
10,1.5,0.6,0.3,1,50,26,139,57
10,1.5,0.6,0.3,1,50,27,88,57
10,1.5,0.6,0.3,1,50,28,340,57
10,1.5,0.6,0.3,1,50,29,57,57
10,1.5,0.6,0.3,1,50,30,139,57
10,1.5,0.6,0.3,1,50,31,832,57
10,1.5,0.6,0.3,1,50,32,15,57
10,1.5,0.6,0.3,1,50,33,217,57
10,1.5,0.6,0.3,1,50,34,532,57
10,1.5,0.6,0.3,1,50,35,340,57
10,1.5,0.6,0.3,1,50,36,NA,57
10,1.5,0.6,0.3,1,50,37,340,57
10,1.5,0.6,0.3,1,50,38,832,57
10,1.5,0.6,0.3,1,50,39,23,57
10,1.5,0.6,0.3,1,50,40,340,57
10,1.5,0.6,0.3,1,50,41,340,57
10,1.5,0.6,0.3,1,50,42,532,57
10,1.5,0.6,0.3,1,50,43,340,57
10,1.5,0.6,0.3,1,50,44,217,57
10,1.5,0.6,0.3,1,50,45,57,57
10,1.5,0.6,0.3,1,50,46,340,57
10,1.5,0.6,0.3,1,50,47,217,57
10,1.5,0.6,0.3,1,50,48,217,57
10,1.5,0.6,0.3,1,50,49,532,57
10,1.5,0.6,0.3,1,50,50,532,57
30,1.5,0.6,0.3,1,50,1,57,57
30,1.5,0.6,0.3,1,50,2,88,57
30,1.5,0.6,0.3,1,50,3,36,57
30,1.5,0.6,0.3,1,50,4,88,57
30,1.5,0.6,0.3,1,50,5,57,57
30,1.5,0.6,0.3,1,50,6,57,57
30,1.5,0.6,0.3,1,50,7,57,57
30,1.5,0.6,0.3,1,50,8,88,57
30,1.5,0.6,0.3,1,50,9,57,57
30,1.5,0.6,0.3,1,50,10,57,57
30,1.5,0.6,0.3,1,50,11,57,57
30,1.5,0.6,0.3,1,50,12,88,57
30,1.5,0.6,0.3,1,50,13,139,57
30,1.5,0.6,0.3,1,50,14,57,57
30,1.5,0.6,0.3,1,50,15,57,57
30,1.5,0.6,0.3,1,50,16,88,57
30,1.5,0.6,0.3,1,50,17,57,57
30,1.5,0.6,0.3,1,50,18,88,57
30,1.5,0.6,0.3,1,50,19,15,57
30,1.5,0.6,0.3,1,50,20,88,57
30,1.5,0.6,0.3,1,50,21,57,57
30,1.5,0.6,0.3,1,50,22,36,57
30,1.5,0.6,0.3,1,50,23,88,57
30,1.5,0.6,0.3,1,50,24,57,57
30,1.5,0.6,0.3,1,50,25,88,57
30,1.5,0.6,0.3,1,50,26,36,57
30,1.5,0.6,0.3,1,50,27,57,57
30,1.5,0.6,0.3,1,50,28,88,57
30,1.5,0.6,0.3,1,50,29,57,57
30,1.5,0.6,0.3,1,50,30,57,57
30,1.5,0.6,0.3,1,50,31,57,57
30,1.5,0.6,0.3,1,50,32,15,57
30,1.5,0.6,0.3,1,50,33,88,57
30,1.5,0.6,0.3,1,50,34,139,57
30,1.5,0.6,0.3,1,50,35,57,57
30,1.5,0.6,0.3,1,50,36,139,57
30,1.5,0.6,0.3,1,50,37,57,57
30,1.5,0.6,0.3,1,50,38,139,57
30,1.5,0.6,0.3,1,50,39,9,57
30,1.5,0.6,0.3,1,50,40,88,57
30,1.5,0.6,0.3,1,50,41,57,57
30,1.5,0.6,0.3,1,50,42,88,57
30,1.5,0.6,0.3,1,50,43,88,57
30,1.5,0.6,0.3,1,50,44,36,57
30,1.5,0.6,0.3,1,50,45,36,57
30,1.5,0.6,0.3,1,50,46,88,57
30,1.5,0.6,0.3,1,50,47,57,57
30,1.5,0.6,0.3,1,50,48,57,57
30,1.5,0.6,0.3,1,50,49,57,57
30,1.5,0.6,0.3,1,50,50,88,57
60,1.5,0.6,0.3,1,50,1,36,57
60,1.5,0.6,0.3,1,50,2,88,57
60,1.5,0.6,0.3,1,50,3,15,57
60,1.5,0.6,0.3,1,50,4,57,57
60,1.5,0.6,0.3,1,50,5,88,57
60,1.5,0.6,0.3,1,50,6,23,57
60,1.5,0.6,0.3,1,50,7,36,57
60,1.5,0.6,0.3,1,50,8,36,57
60,1.5,0.6,0.3,1,50,9,23,57
60,1.5,0.6,0.3,1,50,10,57,57
60,1.5,0.6,0.3,1,50,11,36,57
60,1.5,0.6,0.3,1,50,12,57,57
60,1.5,0.6,0.3,1,50,13,57,57
60,1.5,0.6,0.3,1,50,14,36,57
60,1.5,0.6,0.3,1,50,15,36,57
60,1.5,0.6,0.3,1,50,16,88,57
60,1.5,0.6,0.3,1,50,17,57,57
60,1.5,0.6,0.3,1,50,18,57,57
60,1.5,0.6,0.3,1,50,19,15,57
60,1.5,0.6,0.3,1,50,20,36,57
60,1.5,0.6,0.3,1,50,21,36,57
60,1.5,0.6,0.3,1,50,22,23,57
60,1.5,0.6,0.3,1,50,23,36,57
60,1.5,0.6,0.3,1,50,24,36,57
60,1.5,0.6,0.3,1,50,25,57,57
60,1.5,0.6,0.3,1,50,26,36,57
60,1.5,0.6,0.3,1,50,27,36,57
60,1.5,0.6,0.3,1,50,28,23,57
60,1.5,0.6,0.3,1,50,29,57,57
60,1.5,0.6,0.3,1,50,30,36,57
60,1.5,0.6,0.3,1,50,31,23,57
60,1.5,0.6,0.3,1,50,32,36,57
60,1.5,0.6,0.3,1,50,33,57,57
60,1.5,0.6,0.3,1,50,34,88,57
60,1.5,0.6,0.3,1,50,35,36,57
60,1.5,0.6,0.3,1,50,36,88,57
60,1.5,0.6,0.3,1,50,37,36,57
60,1.5,0.6,0.3,1,50,38,36,57
60,1.5,0.6,0.3,1,50,39,6,57
60,1.5,0.6,0.3,1,50,40,88,57
60,1.5,0.6,0.3,1,50,41,57,57
60,1.5,0.6,0.3,1,50,42,36,57
60,1.5,0.6,0.3,1,50,43,57,57
60,1.5,0.6,0.3,1,50,44,36,57
60,1.5,0.6,0.3,1,50,45,4,57
60,1.5,0.6,0.3,1,50,46,57,57
60,1.5,0.6,0.3,1,50,47,57,57
60,1.5,0.6,0.3,1,50,48,36,57
60,1.5,0.6,0.3,1,50,49,36,57
60,1.5,0.6,0.3,1,50,50,57,57
100,1.5,0.6,0.3,1,50,1,9,57
100,1.5,0.6,0.3,1,50,2,57,57
100,1.5,0.6,0.3,1,50,3,36,57
100,1.5,0.6,0.3,1,50,4,36,57
100,1.5,0.6,0.3,1,50,5,23,57
100,1.5,0.6,0.3,1,50,6,23,57
100,1.5,0.6,0.3,1,50,7,57,57
100,1.5,0.6,0.3,1,50,8,57,57
100,1.5,0.6,0.3,1,50,9,15,57
100,1.5,0.6,0.3,1,50,10,15,57
100,1.5,0.6,0.3,1,50,11,23,57
100,1.5,0.6,0.3,1,50,12,36,57
100,1.5,0.6,0.3,1,50,13,15,57
100,1.5,0.6,0.3,1,50,14,36,57
100,1.5,0.6,0.3,1,50,15,6,57
100,1.5,0.6,0.3,1,50,16,36,57
100,1.5,0.6,0.3,1,50,17,36,57
100,1.5,0.6,0.3,1,50,18,23,57
100,1.5,0.6,0.3,1,50,19,4,57
100,1.5,0.6,0.3,1,50,20,36,57
100,1.5,0.6,0.3,1,50,21,36,57
100,1.5,0.6,0.3,1,50,22,23,57
100,1.5,0.6,0.3,1,50,23,36,57
100,1.5,0.6,0.3,1,50,24,36,57
100,1.5,0.6,0.3,1,50,25,36,57
100,1.5,0.6,0.3,1,50,26,36,57
100,1.5,0.6,0.3,1,50,27,36,57
100,1.5,0.6,0.3,1,50,28,9,57
100,1.5,0.6,0.3,1,50,29,36,57
100,1.5,0.6,0.3,1,50,30,36,57
100,1.5,0.6,0.3,1,50,31,23,57
100,1.5,0.6,0.3,1,50,32,9,57
100,1.5,0.6,0.3,1,50,33,36,57
100,1.5,0.6,0.3,1,50,34,36,57
100,1.5,0.6,0.3,1,50,35,36,57
100,1.5,0.6,0.3,1,50,36,57,57
100,1.5,0.6,0.3,1,50,37,23,57
100,1.5,0.6,0.3,1,50,38,36,57
100,1.5,0.6,0.3,1,50,39,36,57
100,1.5,0.6,0.3,1,50,40,15,57
100,1.5,0.6,0.3,1,50,41,36,57
100,1.5,0.6,0.3,1,50,42,36,57
100,1.5,0.6,0.3,1,50,43,36,57
100,1.5,0.6,0.3,1,50,44,57,57
100,1.5,0.6,0.3,1,50,45,23,57
100,1.5,0.6,0.3,1,50,46,36,57
100,1.5,0.6,0.3,1,50,47,36,57
100,1.5,0.6,0.3,1,50,48,15,57
100,1.5,0.6,0.3,1,50,49,88,57
100,1.5,0.6,0.3,1,50,50,36,57
10,0.5,0.7,0.3,1,50,1,36,88
10,0.5,0.7,0.3,1,50,2,23,88
10,0.5,0.7,0.3,1,50,3,36,88
10,0.5,0.7,0.3,1,50,4,36,88
10,0.5,0.7,0.3,1,50,5,36,88
10,0.5,0.7,0.3,1,50,6,36,88
10,0.5,0.7,0.3,1,50,7,36,88
10,0.5,0.7,0.3,1,50,8,36,88
10,0.5,0.7,0.3,1,50,9,23,88
10,0.5,0.7,0.3,1,50,10,23,88
10,0.5,0.7,0.3,1,50,11,36,88
10,0.5,0.7,0.3,1,50,12,36,88
10,0.5,0.7,0.3,1,50,13,36,88
10,0.5,0.7,0.3,1,50,14,36,88
10,0.5,0.7,0.3,1,50,15,36,88
10,0.5,0.7,0.3,1,50,16,23,88
10,0.5,0.7,0.3,1,50,17,36,88
10,0.5,0.7,0.3,1,50,18,36,88
10,0.5,0.7,0.3,1,50,19,23,88
10,0.5,0.7,0.3,1,50,20,36,88
10,0.5,0.7,0.3,1,50,21,36,88
10,0.5,0.7,0.3,1,50,22,36,88
10,0.5,0.7,0.3,1,50,23,15,88
10,0.5,0.7,0.3,1,50,24,36,88
10,0.5,0.7,0.3,1,50,25,36,88
10,0.5,0.7,0.3,1,50,26,23,88
10,0.5,0.7,0.3,1,50,27,23,88
10,0.5,0.7,0.3,1,50,28,36,88
10,0.5,0.7,0.3,1,50,29,36,88
10,0.5,0.7,0.3,1,50,30,36,88
10,0.5,0.7,0.3,1,50,31,23,88
10,0.5,0.7,0.3,1,50,32,36,88
10,0.5,0.7,0.3,1,50,33,36,88
10,0.5,0.7,0.3,1,50,34,36,88
10,0.5,0.7,0.3,1,50,35,23,88
10,0.5,0.7,0.3,1,50,36,36,88
10,0.5,0.7,0.3,1,50,37,23,88
10,0.5,0.7,0.3,1,50,38,23,88
10,0.5,0.7,0.3,1,50,39,36,88
10,0.5,0.7,0.3,1,50,40,23,88
10,0.5,0.7,0.3,1,50,41,36,88
10,0.5,0.7,0.3,1,50,42,23,88
10,0.5,0.7,0.3,1,50,43,36,88
10,0.5,0.7,0.3,1,50,44,23,88
10,0.5,0.7,0.3,1,50,45,36,88
10,0.5,0.7,0.3,1,50,46,36,88
10,0.5,0.7,0.3,1,50,47,36,88
10,0.5,0.7,0.3,1,50,48,23,88
10,0.5,0.7,0.3,1,50,49,36,88
10,0.5,0.7,0.3,1,50,50,36,88
30,0.5,0.7,0.3,1,50,1,9,88
30,0.5,0.7,0.3,1,50,2,15,88
30,0.5,0.7,0.3,1,50,3,15,88
30,0.5,0.7,0.3,1,50,4,9,88
30,0.5,0.7,0.3,1,50,5,9,88
30,0.5,0.7,0.3,1,50,6,15,88
30,0.5,0.7,0.3,1,50,7,15,88
30,0.5,0.7,0.3,1,50,8,15,88
30,0.5,0.7,0.3,1,50,9,15,88
30,0.5,0.7,0.3,1,50,10,15,88
30,0.5,0.7,0.3,1,50,11,9,88
30,0.5,0.7,0.3,1,50,12,15,88
30,0.5,0.7,0.3,1,50,13,9,88
30,0.5,0.7,0.3,1,50,14,15,88
30,0.5,0.7,0.3,1,50,15,15,88
30,0.5,0.7,0.3,1,50,16,15,88
30,0.5,0.7,0.3,1,50,17,15,88
30,0.5,0.7,0.3,1,50,18,15,88
30,0.5,0.7,0.3,1,50,19,15,88
30,0.5,0.7,0.3,1,50,20,15,88
30,0.5,0.7,0.3,1,50,21,15,88
30,0.5,0.7,0.3,1,50,22,15,88
30,0.5,0.7,0.3,1,50,23,9,88
30,0.5,0.7,0.3,1,50,24,15,88
30,0.5,0.7,0.3,1,50,25,15,88
30,0.5,0.7,0.3,1,50,26,15,88
30,0.5,0.7,0.3,1,50,27,15,88
30,0.5,0.7,0.3,1,50,28,9,88
30,0.5,0.7,0.3,1,50,29,15,88
30,0.5,0.7,0.3,1,50,30,9,88
30,0.5,0.7,0.3,1,50,31,15,88
30,0.5,0.7,0.3,1,50,32,15,88
30,0.5,0.7,0.3,1,50,33,15,88
30,0.5,0.7,0.3,1,50,34,15,88
30,0.5,0.7,0.3,1,50,35,15,88
30,0.5,0.7,0.3,1,50,36,15,88
30,0.5,0.7,0.3,1,50,37,15,88
30,0.5,0.7,0.3,1,50,38,15,88
30,0.5,0.7,0.3,1,50,39,15,88
30,0.5,0.7,0.3,1,50,40,15,88
30,0.5,0.7,0.3,1,50,41,23,88
30,0.5,0.7,0.3,1,50,42,9,88
30,0.5,0.7,0.3,1,50,43,15,88
30,0.5,0.7,0.3,1,50,44,23,88
30,0.5,0.7,0.3,1,50,45,15,88
30,0.5,0.7,0.3,1,50,46,15,88
30,0.5,0.7,0.3,1,50,47,9,88
30,0.5,0.7,0.3,1,50,48,15,88
30,0.5,0.7,0.3,1,50,49,15,88
30,0.5,0.7,0.3,1,50,50,15,88
60,0.5,0.7,0.3,1,50,1,9,88
60,0.5,0.7,0.3,1,50,2,9,88
60,0.5,0.7,0.3,1,50,3,15,88
60,0.5,0.7,0.3,1,50,4,6,88
60,0.5,0.7,0.3,1,50,5,9,88
60,0.5,0.7,0.3,1,50,6,9,88
60,0.5,0.7,0.3,1,50,7,15,88
60,0.5,0.7,0.3,1,50,8,4,88
60,0.5,0.7,0.3,1,50,9,15,88
60,0.5,0.7,0.3,1,50,10,15,88
60,0.5,0.7,0.3,1,50,11,6,88
60,0.5,0.7,0.3,1,50,12,15,88
60,0.5,0.7,0.3,1,50,13,9,88
60,0.5,0.7,0.3,1,50,14,9,88
60,0.5,0.7,0.3,1,50,15,15,88
60,0.5,0.7,0.3,1,50,16,15,88
60,0.5,0.7,0.3,1,50,17,9,88
60,0.5,0.7,0.3,1,50,18,15,88
60,0.5,0.7,0.3,1,50,19,15,88
60,0.5,0.7,0.3,1,50,20,9,88
60,0.5,0.7,0.3,1,50,21,15,88
60,0.5,0.7,0.3,1,50,22,9,88
60,0.5,0.7,0.3,1,50,23,9,88
60,0.5,0.7,0.3,1,50,24,9,88
60,0.5,0.7,0.3,1,50,25,9,88
60,0.5,0.7,0.3,1,50,26,9,88
60,0.5,0.7,0.3,1,50,27,9,88
60,0.5,0.7,0.3,1,50,28,9,88
60,0.5,0.7,0.3,1,50,29,6,88
60,0.5,0.7,0.3,1,50,30,9,88
60,0.5,0.7,0.3,1,50,31,9,88
60,0.5,0.7,0.3,1,50,32,9,88
60,0.5,0.7,0.3,1,50,33,6,88
60,0.5,0.7,0.3,1,50,34,9,88
60,0.5,0.7,0.3,1,50,35,15,88
60,0.5,0.7,0.3,1,50,36,9,88
60,0.5,0.7,0.3,1,50,37,9,88
60,0.5,0.7,0.3,1,50,38,15,88
60,0.5,0.7,0.3,1,50,39,15,88
60,0.5,0.7,0.3,1,50,40,15,88
60,0.5,0.7,0.3,1,50,41,15,88
60,0.5,0.7,0.3,1,50,42,9,88
60,0.5,0.7,0.3,1,50,43,15,88
60,0.5,0.7,0.3,1,50,44,15,88
60,0.5,0.7,0.3,1,50,45,15,88
60,0.5,0.7,0.3,1,50,46,9,88
60,0.5,0.7,0.3,1,50,47,15,88
60,0.5,0.7,0.3,1,50,48,15,88
60,0.5,0.7,0.3,1,50,49,15,88
60,0.5,0.7,0.3,1,50,50,15,88
100,0.5,0.7,0.3,1,50,1,6,88
100,0.5,0.7,0.3,1,50,2,9,88
100,0.5,0.7,0.3,1,50,3,9,88
100,0.5,0.7,0.3,1,50,4,6,88
100,0.5,0.7,0.3,1,50,5,15,88
100,0.5,0.7,0.3,1,50,6,9,88
100,0.5,0.7,0.3,1,50,7,15,88
100,0.5,0.7,0.3,1,50,8,4,88
100,0.5,0.7,0.3,1,50,9,9,88
100,0.5,0.7,0.3,1,50,10,9,88
100,0.5,0.7,0.3,1,50,11,4,88
100,0.5,0.7,0.3,1,50,12,9,88
100,0.5,0.7,0.3,1,50,13,9,88
100,0.5,0.7,0.3,1,50,14,9,88
100,0.5,0.7,0.3,1,50,15,9,88
100,0.5,0.7,0.3,1,50,16,9,88
100,0.5,0.7,0.3,1,50,17,9,88
100,0.5,0.7,0.3,1,50,18,15,88
100,0.5,0.7,0.3,1,50,19,9,88
100,0.5,0.7,0.3,1,50,20,6,88
100,0.5,0.7,0.3,1,50,21,15,88
100,0.5,0.7,0.3,1,50,22,9,88
100,0.5,0.7,0.3,1,50,23,9,88
100,0.5,0.7,0.3,1,50,24,9,88
100,0.5,0.7,0.3,1,50,25,9,88
100,0.5,0.7,0.3,1,50,26,9,88
100,0.5,0.7,0.3,1,50,27,9,88
100,0.5,0.7,0.3,1,50,28,9,88
100,0.5,0.7,0.3,1,50,29,6,88
100,0.5,0.7,0.3,1,50,30,9,88
100,0.5,0.7,0.3,1,50,31,9,88
100,0.5,0.7,0.3,1,50,32,9,88
100,0.5,0.7,0.3,1,50,33,6,88
100,0.5,0.7,0.3,1,50,34,15,88
100,0.5,0.7,0.3,1,50,35,9,88
100,0.5,0.7,0.3,1,50,36,6,88
100,0.5,0.7,0.3,1,50,37,6,88
100,0.5,0.7,0.3,1,50,38,9,88
100,0.5,0.7,0.3,1,50,39,15,88
100,0.5,0.7,0.3,1,50,40,9,88
100,0.5,0.7,0.3,1,50,41,15,88
100,0.5,0.7,0.3,1,50,42,9,88
100,0.5,0.7,0.3,1,50,43,9,88
100,0.5,0.7,0.3,1,50,44,9,88
100,0.5,0.7,0.3,1,50,45,15,88
100,0.5,0.7,0.3,1,50,46,9,88
100,0.5,0.7,0.3,1,50,47,9,88
100,0.5,0.7,0.3,1,50,48,9,88
100,0.5,0.7,0.3,1,50,49,9,88
100,0.5,0.7,0.3,1,50,50,4,88
10,1,0.7,0.3,1,50,1,57,88
10,1,0.7,0.3,1,50,2,36,88
10,1,0.7,0.3,1,50,3,36,88
10,1,0.7,0.3,1,50,4,23,88
10,1,0.7,0.3,1,50,5,36,88
10,1,0.7,0.3,1,50,6,88,88
10,1,0.7,0.3,1,50,7,57,88
10,1,0.7,0.3,1,50,8,57,88
10,1,0.7,0.3,1,50,9,36,88
10,1,0.7,0.3,1,50,10,36,88
10,1,0.7,0.3,1,50,11,36,88
10,1,0.7,0.3,1,50,12,57,88
10,1,0.7,0.3,1,50,13,57,88
10,1,0.7,0.3,1,50,14,57,88
10,1,0.7,0.3,1,50,15,57,88
10,1,0.7,0.3,1,50,16,36,88
10,1,0.7,0.3,1,50,17,36,88
10,1,0.7,0.3,1,50,18,57,88
10,1,0.7,0.3,1,50,19,36,88
10,1,0.7,0.3,1,50,20,57,88
10,1,0.7,0.3,1,50,21,36,88
10,1,0.7,0.3,1,50,22,36,88
10,1,0.7,0.3,1,50,23,23,88
10,1,0.7,0.3,1,50,24,36,88
10,1,0.7,0.3,1,50,25,57,88
10,1,0.7,0.3,1,50,26,36,88
10,1,0.7,0.3,1,50,27,36,88
10,1,0.7,0.3,1,50,28,57,88
10,1,0.7,0.3,1,50,29,57,88
10,1,0.7,0.3,1,50,30,36,88
10,1,0.7,0.3,1,50,31,36,88
10,1,0.7,0.3,1,50,32,36,88
10,1,0.7,0.3,1,50,33,57,88
10,1,0.7,0.3,1,50,34,57,88
10,1,0.7,0.3,1,50,35,36,88
10,1,0.7,0.3,1,50,36,57,88
10,1,0.7,0.3,1,50,37,57,88
10,1,0.7,0.3,1,50,38,57,88
10,1,0.7,0.3,1,50,39,57,88
10,1,0.7,0.3,1,50,40,36,88
10,1,0.7,0.3,1,50,41,57,88
10,1,0.7,0.3,1,50,42,36,88
10,1,0.7,0.3,1,50,43,36,88
10,1,0.7,0.3,1,50,44,36,88
10,1,0.7,0.3,1,50,45,57,88
10,1,0.7,0.3,1,50,46,23,88
10,1,0.7,0.3,1,50,47,36,88
10,1,0.7,0.3,1,50,48,36,88
10,1,0.7,0.3,1,50,49,36,88
10,1,0.7,0.3,1,50,50,36,88
30,1,0.7,0.3,1,50,1,15,57
30,1,0.7,0.3,1,50,2,15,57
30,1,0.7,0.3,1,50,3,15,57
30,1,0.7,0.3,1,50,4,15,57
30,1,0.7,0.3,1,50,5,15,57
30,1,0.7,0.3,1,50,6,23,57
30,1,0.7,0.3,1,50,7,15,57
30,1,0.7,0.3,1,50,8,15,57
30,1,0.7,0.3,1,50,9,23,57
30,1,0.7,0.3,1,50,10,15,57
30,1,0.7,0.3,1,50,11,15,57
30,1,0.7,0.3,1,50,12,15,57
30,1,0.7,0.3,1,50,13,9,57
30,1,0.7,0.3,1,50,14,23,57
30,1,0.7,0.3,1,50,15,36,57
30,1,0.7,0.3,1,50,16,23,57
30,1,0.7,0.3,1,50,17,15,57
30,1,0.7,0.3,1,50,18,15,57
30,1,0.7,0.3,1,50,19,23,57
30,1,0.7,0.3,1,50,20,15,57
30,1,0.7,0.3,1,50,21,23,57
30,1,0.7,0.3,1,50,22,23,57
30,1,0.7,0.3,1,50,23,23,57
30,1,0.7,0.3,1,50,24,15,57
30,1,0.7,0.3,1,50,25,23,57
30,1,0.7,0.3,1,50,26,15,57
30,1,0.7,0.3,1,50,27,15,57
30,1,0.7,0.3,1,50,28,15,57
30,1,0.7,0.3,1,50,29,23,57
30,1,0.7,0.3,1,50,30,15,57
30,1,0.7,0.3,1,50,31,9,57
30,1,0.7,0.3,1,50,32,23,57
30,1,0.7,0.3,1,50,33,23,57
30,1,0.7,0.3,1,50,34,23,57
30,1,0.7,0.3,1,50,35,23,57
30,1,0.7,0.3,1,50,36,15,57
30,1,0.7,0.3,1,50,37,15,57
30,1,0.7,0.3,1,50,38,15,57
30,1,0.7,0.3,1,50,39,15,57
30,1,0.7,0.3,1,50,40,15,57
30,1,0.7,0.3,1,50,41,23,57
30,1,0.7,0.3,1,50,42,15,57
30,1,0.7,0.3,1,50,43,23,57
30,1,0.7,0.3,1,50,44,15,57
30,1,0.7,0.3,1,50,45,23,57
30,1,0.7,0.3,1,50,46,15,57
30,1,0.7,0.3,1,50,47,23,57
30,1,0.7,0.3,1,50,48,15,57
30,1,0.7,0.3,1,50,49,23,57
30,1,0.7,0.3,1,50,50,23,57
60,1,0.7,0.3,1,50,1,15,57
60,1,0.7,0.3,1,50,2,15,57
60,1,0.7,0.3,1,50,3,6,57
60,1,0.7,0.3,1,50,4,9,57
60,1,0.7,0.3,1,50,5,15,57
60,1,0.7,0.3,1,50,6,15,57
60,1,0.7,0.3,1,50,7,15,57
60,1,0.7,0.3,1,50,8,15,57
60,1,0.7,0.3,1,50,9,15,57
60,1,0.7,0.3,1,50,10,15,57
60,1,0.7,0.3,1,50,11,9,57
60,1,0.7,0.3,1,50,12,15,57
60,1,0.7,0.3,1,50,13,15,57
60,1,0.7,0.3,1,50,14,15,57
60,1,0.7,0.3,1,50,15,9,57
60,1,0.7,0.3,1,50,16,15,57
60,1,0.7,0.3,1,50,17,15,57
60,1,0.7,0.3,1,50,18,15,57
60,1,0.7,0.3,1,50,19,15,57
60,1,0.7,0.3,1,50,20,9,57
60,1,0.7,0.3,1,50,21,15,57
60,1,0.7,0.3,1,50,22,15,57
60,1,0.7,0.3,1,50,23,15,57
60,1,0.7,0.3,1,50,24,15,57
60,1,0.7,0.3,1,50,25,15,57
60,1,0.7,0.3,1,50,26,9,57
60,1,0.7,0.3,1,50,27,15,57
60,1,0.7,0.3,1,50,28,15,57
60,1,0.7,0.3,1,50,29,23,57
60,1,0.7,0.3,1,50,30,15,57
60,1,0.7,0.3,1,50,31,9,57
60,1,0.7,0.3,1,50,32,15,57
60,1,0.7,0.3,1,50,33,15,57
60,1,0.7,0.3,1,50,34,15,57
60,1,0.7,0.3,1,50,35,15,57
60,1,0.7,0.3,1,50,36,15,57
60,1,0.7,0.3,1,50,37,6,57
60,1,0.7,0.3,1,50,38,15,57
60,1,0.7,0.3,1,50,39,15,57
60,1,0.7,0.3,1,50,40,15,57
60,1,0.7,0.3,1,50,41,23,57
60,1,0.7,0.3,1,50,42,15,57
60,1,0.7,0.3,1,50,43,9,57
60,1,0.7,0.3,1,50,44,15,57
60,1,0.7,0.3,1,50,45,9,57
60,1,0.7,0.3,1,50,46,15,57
60,1,0.7,0.3,1,50,47,15,57
60,1,0.7,0.3,1,50,48,15,57
60,1,0.7,0.3,1,50,49,15,57
60,1,0.7,0.3,1,50,50,9,57
100,1,0.7,0.3,1,50,1,9,57
100,1,0.7,0.3,1,50,2,9,57
100,1,0.7,0.3,1,50,3,15,57
100,1,0.7,0.3,1,50,4,9,57
100,1,0.7,0.3,1,50,5,15,57
100,1,0.7,0.3,1,50,6,15,57
100,1,0.7,0.3,1,50,7,15,57
100,1,0.7,0.3,1,50,8,15,57
100,1,0.7,0.3,1,50,9,15,57
100,1,0.7,0.3,1,50,10,15,57
100,1,0.7,0.3,1,50,11,9,57
100,1,0.7,0.3,1,50,12,15,57
100,1,0.7,0.3,1,50,13,9,57
100,1,0.7,0.3,1,50,14,9,57
100,1,0.7,0.3,1,50,15,15,57
100,1,0.7,0.3,1,50,16,15,57
100,1,0.7,0.3,1,50,17,15,57
100,1,0.7,0.3,1,50,18,15,57
100,1,0.7,0.3,1,50,19,15,57
100,1,0.7,0.3,1,50,20,9,57
100,1,0.7,0.3,1,50,21,15,57
100,1,0.7,0.3,1,50,22,15,57
100,1,0.7,0.3,1,50,23,15,57
100,1,0.7,0.3,1,50,24,15,57
100,1,0.7,0.3,1,50,25,9,57
100,1,0.7,0.3,1,50,26,9,57
100,1,0.7,0.3,1,50,27,9,57
100,1,0.7,0.3,1,50,28,9,57
100,1,0.7,0.3,1,50,29,15,57
100,1,0.7,0.3,1,50,30,15,57
100,1,0.7,0.3,1,50,31,15,57
100,1,0.7,0.3,1,50,32,9,57
100,1,0.7,0.3,1,50,33,15,57
100,1,0.7,0.3,1,50,34,15,57
100,1,0.7,0.3,1,50,35,15,57
100,1,0.7,0.3,1,50,36,15,57
100,1,0.7,0.3,1,50,37,9,57
100,1,0.7,0.3,1,50,38,15,57
100,1,0.7,0.3,1,50,39,15,57
100,1,0.7,0.3,1,50,40,15,57
100,1,0.7,0.3,1,50,41,23,57
100,1,0.7,0.3,1,50,42,9,57
100,1,0.7,0.3,1,50,43,15,57
100,1,0.7,0.3,1,50,44,15,57
100,1,0.7,0.3,1,50,45,15,57
100,1,0.7,0.3,1,50,46,9,57
100,1,0.7,0.3,1,50,47,15,57
100,1,0.7,0.3,1,50,48,6,57
100,1,0.7,0.3,1,50,49,15,57
100,1,0.7,0.3,1,50,50,9,57
10,1.5,0.7,0.3,1,50,1,57,57
10,1.5,0.7,0.3,1,50,2,217,57
10,1.5,0.7,0.3,1,50,3,139,57
10,1.5,0.7,0.3,1,50,4,532,57
10,1.5,0.7,0.3,1,50,5,88,57
10,1.5,0.7,0.3,1,50,6,532,57
10,1.5,0.7,0.3,1,50,7,340,57
10,1.5,0.7,0.3,1,50,8,340,57
10,1.5,0.7,0.3,1,50,9,217,57
10,1.5,0.7,0.3,1,50,10,139,57
10,1.5,0.7,0.3,1,50,11,217,57
10,1.5,0.7,0.3,1,50,12,217,57
10,1.5,0.7,0.3,1,50,13,532,57
10,1.5,0.7,0.3,1,50,14,139,57
10,1.5,0.7,0.3,1,50,15,340,57
10,1.5,0.7,0.3,1,50,16,15,57
10,1.5,0.7,0.3,1,50,17,88,57
10,1.5,0.7,0.3,1,50,18,57,57
10,1.5,0.7,0.3,1,50,19,57,57
10,1.5,0.7,0.3,1,50,20,88,57
10,1.5,0.7,0.3,1,50,21,139,57
10,1.5,0.7,0.3,1,50,22,88,57
10,1.5,0.7,0.3,1,50,23,139,57
10,1.5,0.7,0.3,1,50,24,23,57
10,1.5,0.7,0.3,1,50,25,139,57
10,1.5,0.7,0.3,1,50,26,57,57
10,1.5,0.7,0.3,1,50,27,217,57
10,1.5,0.7,0.3,1,50,28,88,57
10,1.5,0.7,0.3,1,50,29,88,57
10,1.5,0.7,0.3,1,50,30,139,57
10,1.5,0.7,0.3,1,50,31,139,57
10,1.5,0.7,0.3,1,50,32,217,57
10,1.5,0.7,0.3,1,50,33,88,57
10,1.5,0.7,0.3,1,50,34,340,57
10,1.5,0.7,0.3,1,50,35,88,57
10,1.5,0.7,0.3,1,50,36,88,57
10,1.5,0.7,0.3,1,50,37,139,57
10,1.5,0.7,0.3,1,50,38,217,57
10,1.5,0.7,0.3,1,50,39,217,57
10,1.5,0.7,0.3,1,50,40,6,57
10,1.5,0.7,0.3,1,50,41,139,57
10,1.5,0.7,0.3,1,50,42,57,57
10,1.5,0.7,0.3,1,50,43,88,57
10,1.5,0.7,0.3,1,50,44,139,57
10,1.5,0.7,0.3,1,50,45,139,57
10,1.5,0.7,0.3,1,50,46,88,57
10,1.5,0.7,0.3,1,50,47,139,57
10,1.5,0.7,0.3,1,50,48,23,57
10,1.5,0.7,0.3,1,50,49,139,57
10,1.5,0.7,0.3,1,50,50,217,57
30,1.5,0.7,0.3,1,50,1,23,57
30,1.5,0.7,0.3,1,50,2,36,57
30,1.5,0.7,0.3,1,50,3,23,57
30,1.5,0.7,0.3,1,50,4,57,57
30,1.5,0.7,0.3,1,50,5,36,57
30,1.5,0.7,0.3,1,50,6,57,57
30,1.5,0.7,0.3,1,50,7,23,57
30,1.5,0.7,0.3,1,50,8,57,57
30,1.5,0.7,0.3,1,50,9,57,57
30,1.5,0.7,0.3,1,50,10,57,57
30,1.5,0.7,0.3,1,50,11,23,57
30,1.5,0.7,0.3,1,50,12,57,57
30,1.5,0.7,0.3,1,50,13,57,57
30,1.5,0.7,0.3,1,50,14,36,57
30,1.5,0.7,0.3,1,50,15,57,57
30,1.5,0.7,0.3,1,50,16,36,57
30,1.5,0.7,0.3,1,50,17,36,57
30,1.5,0.7,0.3,1,50,18,15,57
30,1.5,0.7,0.3,1,50,19,57,57
30,1.5,0.7,0.3,1,50,20,36,57
30,1.5,0.7,0.3,1,50,21,23,57
30,1.5,0.7,0.3,1,50,22,57,57
30,1.5,0.7,0.3,1,50,23,57,57
30,1.5,0.7,0.3,1,50,24,23,57
30,1.5,0.7,0.3,1,50,25,57,57
30,1.5,0.7,0.3,1,50,26,23,57
30,1.5,0.7,0.3,1,50,27,57,57
30,1.5,0.7,0.3,1,50,28,15,57
30,1.5,0.7,0.3,1,50,29,36,57
30,1.5,0.7,0.3,1,50,30,57,57
30,1.5,0.7,0.3,1,50,31,36,57
30,1.5,0.7,0.3,1,50,32,57,57
30,1.5,0.7,0.3,1,50,33,36,57
30,1.5,0.7,0.3,1,50,34,57,57
30,1.5,0.7,0.3,1,50,35,23,57
30,1.5,0.7,0.3,1,50,36,23,57
30,1.5,0.7,0.3,1,50,37,23,57
30,1.5,0.7,0.3,1,50,38,57,57
30,1.5,0.7,0.3,1,50,39,57,57
30,1.5,0.7,0.3,1,50,40,57,57
30,1.5,0.7,0.3,1,50,41,36,57
30,1.5,0.7,0.3,1,50,42,36,57
30,1.5,0.7,0.3,1,50,43,36,57
30,1.5,0.7,0.3,1,50,44,23,57
30,1.5,0.7,0.3,1,50,45,36,57
30,1.5,0.7,0.3,1,50,46,15,57
30,1.5,0.7,0.3,1,50,47,36,57
30,1.5,0.7,0.3,1,50,48,15,57
30,1.5,0.7,0.3,1,50,49,57,57
30,1.5,0.7,0.3,1,50,50,36,57
60,1.5,0.7,0.3,1,50,1,23,57
60,1.5,0.7,0.3,1,50,2,23,57
60,1.5,0.7,0.3,1,50,3,15,57
60,1.5,0.7,0.3,1,50,4,36,57
60,1.5,0.7,0.3,1,50,5,15,57
60,1.5,0.7,0.3,1,50,6,57,57
60,1.5,0.7,0.3,1,50,7,15,57
60,1.5,0.7,0.3,1,50,8,15,57
60,1.5,0.7,0.3,1,50,9,36,57
60,1.5,0.7,0.3,1,50,10,23,57
60,1.5,0.7,0.3,1,50,11,15,57
60,1.5,0.7,0.3,1,50,12,57,57
60,1.5,0.7,0.3,1,50,13,36,57
60,1.5,0.7,0.3,1,50,14,23,57
60,1.5,0.7,0.3,1,50,15,57,57
60,1.5,0.7,0.3,1,50,16,36,57
60,1.5,0.7,0.3,1,50,17,23,57
60,1.5,0.7,0.3,1,50,18,9,57
60,1.5,0.7,0.3,1,50,19,36,57
60,1.5,0.7,0.3,1,50,20,15,57
60,1.5,0.7,0.3,1,50,21,23,57
60,1.5,0.7,0.3,1,50,22,36,57
60,1.5,0.7,0.3,1,50,23,23,57
60,1.5,0.7,0.3,1,50,24,23,57
60,1.5,0.7,0.3,1,50,25,36,57
60,1.5,0.7,0.3,1,50,26,23,57
60,1.5,0.7,0.3,1,50,27,36,57
60,1.5,0.7,0.3,1,50,28,15,57
60,1.5,0.7,0.3,1,50,29,23,57
60,1.5,0.7,0.3,1,50,30,36,57
60,1.5,0.7,0.3,1,50,31,36,57
60,1.5,0.7,0.3,1,50,32,36,57
60,1.5,0.7,0.3,1,50,33,15,57
60,1.5,0.7,0.3,1,50,34,36,57
60,1.5,0.7,0.3,1,50,35,23,57
60,1.5,0.7,0.3,1,50,36,15,57
60,1.5,0.7,0.3,1,50,37,36,57
60,1.5,0.7,0.3,1,50,38,23,57
60,1.5,0.7,0.3,1,50,39,57,57
60,1.5,0.7,0.3,1,50,40,23,57
60,1.5,0.7,0.3,1,50,41,23,57
60,1.5,0.7,0.3,1,50,42,23,57
60,1.5,0.7,0.3,1,50,43,15,57
60,1.5,0.7,0.3,1,50,44,23,57
60,1.5,0.7,0.3,1,50,45,36,57
60,1.5,0.7,0.3,1,50,46,9,57
60,1.5,0.7,0.3,1,50,47,23,57
60,1.5,0.7,0.3,1,50,48,23,57
60,1.5,0.7,0.3,1,50,49,36,57
60,1.5,0.7,0.3,1,50,50,36,57
100,1.5,0.7,0.3,1,50,1,9,57
100,1.5,0.7,0.3,1,50,2,23,57
100,1.5,0.7,0.3,1,50,3,23,57
100,1.5,0.7,0.3,1,50,4,36,57
100,1.5,0.7,0.3,1,50,5,15,57
100,1.5,0.7,0.3,1,50,6,36,57
100,1.5,0.7,0.3,1,50,7,57,57
100,1.5,0.7,0.3,1,50,8,15,57
100,1.5,0.7,0.3,1,50,9,23,57
100,1.5,0.7,0.3,1,50,10,15,57
100,1.5,0.7,0.3,1,50,11,23,57
100,1.5,0.7,0.3,1,50,12,36,57
100,1.5,0.7,0.3,1,50,13,36,57
100,1.5,0.7,0.3,1,50,14,23,57
100,1.5,0.7,0.3,1,50,15,23,57
100,1.5,0.7,0.3,1,50,16,23,57
100,1.5,0.7,0.3,1,50,17,15,57
100,1.5,0.7,0.3,1,50,18,15,57
100,1.5,0.7,0.3,1,50,19,23,57
100,1.5,0.7,0.3,1,50,20,36,57
100,1.5,0.7,0.3,1,50,21,23,57
100,1.5,0.7,0.3,1,50,22,23,57
100,1.5,0.7,0.3,1,50,23,23,57
100,1.5,0.7,0.3,1,50,24,9,57
100,1.5,0.7,0.3,1,50,25,23,57
100,1.5,0.7,0.3,1,50,26,23,57
100,1.5,0.7,0.3,1,50,27,15,57
100,1.5,0.7,0.3,1,50,28,15,57
100,1.5,0.7,0.3,1,50,29,15,57
100,1.5,0.7,0.3,1,50,30,15,57
100,1.5,0.7,0.3,1,50,31,23,57
100,1.5,0.7,0.3,1,50,32,23,57
100,1.5,0.7,0.3,1,50,33,23,57
100,1.5,0.7,0.3,1,50,34,36,57
100,1.5,0.7,0.3,1,50,35,15,57
100,1.5,0.7,0.3,1,50,36,23,57
100,1.5,0.7,0.3,1,50,37,23,57
100,1.5,0.7,0.3,1,50,38,15,57
100,1.5,0.7,0.3,1,50,39,23,57
100,1.5,0.7,0.3,1,50,40,23,57
100,1.5,0.7,0.3,1,50,41,9,57
100,1.5,0.7,0.3,1,50,42,15,57
100,1.5,0.7,0.3,1,50,43,15,57
100,1.5,0.7,0.3,1,50,44,36,57
100,1.5,0.7,0.3,1,50,45,23,57
100,1.5,0.7,0.3,1,50,46,15,57
100,1.5,0.7,0.3,1,50,47,23,57
100,1.5,0.7,0.3,1,50,48,9,57
100,1.5,0.7,0.3,1,50,49,36,57
100,1.5,0.7,0.3,1,50,50,15,57
10,0.5,0.5,0.4,1,50,1,88,88
10,0.5,0.5,0.4,1,50,2,88,88
10,0.5,0.5,0.4,1,50,3,88,88
10,0.5,0.5,0.4,1,50,4,340,88
10,0.5,0.5,0.4,1,50,5,217,88
10,0.5,0.5,0.4,1,50,6,217,88
10,0.5,0.5,0.4,1,50,7,88,88
10,0.5,0.5,0.4,1,50,8,139,88
10,0.5,0.5,0.4,1,50,9,139,88
10,0.5,0.5,0.4,1,50,10,217,88
10,0.5,0.5,0.4,1,50,11,139,88
10,0.5,0.5,0.4,1,50,12,217,88
10,0.5,0.5,0.4,1,50,13,139,88
10,0.5,0.5,0.4,1,50,14,139,88
10,0.5,0.5,0.4,1,50,15,139,88
10,0.5,0.5,0.4,1,50,16,57,88
10,0.5,0.5,0.4,1,50,17,217,88
10,0.5,0.5,0.4,1,50,18,217,88
10,0.5,0.5,0.4,1,50,19,217,88
10,0.5,0.5,0.4,1,50,20,217,88
10,0.5,0.5,0.4,1,50,21,217,88
10,0.5,0.5,0.4,1,50,22,217,88
10,0.5,0.5,0.4,1,50,23,217,88
10,0.5,0.5,0.4,1,50,24,340,88
10,0.5,0.5,0.4,1,50,25,217,88
10,0.5,0.5,0.4,1,50,26,57,88
10,0.5,0.5,0.4,1,50,27,139,88
10,0.5,0.5,0.4,1,50,28,57,88
10,0.5,0.5,0.4,1,50,29,217,88
10,0.5,0.5,0.4,1,50,30,217,88
10,0.5,0.5,0.4,1,50,31,217,88
10,0.5,0.5,0.4,1,50,32,139,88
10,0.5,0.5,0.4,1,50,33,139,88
10,0.5,0.5,0.4,1,50,34,217,88
10,0.5,0.5,0.4,1,50,35,217,88
10,0.5,0.5,0.4,1,50,36,217,88
10,0.5,0.5,0.4,1,50,37,217,88
10,0.5,0.5,0.4,1,50,38,217,88
10,0.5,0.5,0.4,1,50,39,23,88
10,0.5,0.5,0.4,1,50,40,139,88
10,0.5,0.5,0.4,1,50,41,139,88
10,0.5,0.5,0.4,1,50,42,139,88
10,0.5,0.5,0.4,1,50,43,139,88
10,0.5,0.5,0.4,1,50,44,88,88
10,0.5,0.5,0.4,1,50,45,217,88
10,0.5,0.5,0.4,1,50,46,139,88
10,0.5,0.5,0.4,1,50,47,139,88
10,0.5,0.5,0.4,1,50,48,139,88
10,0.5,0.5,0.4,1,50,49,139,88
10,0.5,0.5,0.4,1,50,50,139,88
30,0.5,0.5,0.4,1,50,1,57,88
30,0.5,0.5,0.4,1,50,2,88,88
30,0.5,0.5,0.4,1,50,3,57,88
30,0.5,0.5,0.4,1,50,4,57,88
30,0.5,0.5,0.4,1,50,5,57,88
30,0.5,0.5,0.4,1,50,6,57,88
30,0.5,0.5,0.4,1,50,7,36,88
30,0.5,0.5,0.4,1,50,8,88,88
30,0.5,0.5,0.4,1,50,9,88,88
30,0.5,0.5,0.4,1,50,10,88,88
30,0.5,0.5,0.4,1,50,11,57,88
30,0.5,0.5,0.4,1,50,12,57,88
30,0.5,0.5,0.4,1,50,13,36,88
30,0.5,0.5,0.4,1,50,14,36,88
30,0.5,0.5,0.4,1,50,15,36,88
30,0.5,0.5,0.4,1,50,16,57,88
30,0.5,0.5,0.4,1,50,17,88,88
30,0.5,0.5,0.4,1,50,18,88,88
30,0.5,0.5,0.4,1,50,19,23,88
30,0.5,0.5,0.4,1,50,20,88,88
30,0.5,0.5,0.4,1,50,21,57,88
30,0.5,0.5,0.4,1,50,22,36,88
30,0.5,0.5,0.4,1,50,23,57,88
30,0.5,0.5,0.4,1,50,24,88,88
30,0.5,0.5,0.4,1,50,25,57,88
30,0.5,0.5,0.4,1,50,26,57,88
30,0.5,0.5,0.4,1,50,27,88,88
30,0.5,0.5,0.4,1,50,28,57,88
30,0.5,0.5,0.4,1,50,29,57,88
30,0.5,0.5,0.4,1,50,30,88,88
30,0.5,0.5,0.4,1,50,31,57,88
30,0.5,0.5,0.4,1,50,32,36,88
30,0.5,0.5,0.4,1,50,33,57,88
30,0.5,0.5,0.4,1,50,34,88,88
30,0.5,0.5,0.4,1,50,35,57,88
30,0.5,0.5,0.4,1,50,36,57,88
30,0.5,0.5,0.4,1,50,37,57,88
30,0.5,0.5,0.4,1,50,38,57,88
30,0.5,0.5,0.4,1,50,39,88,88
30,0.5,0.5,0.4,1,50,40,36,88
30,0.5,0.5,0.4,1,50,41,57,88
30,0.5,0.5,0.4,1,50,42,57,88
30,0.5,0.5,0.4,1,50,43,88,88
30,0.5,0.5,0.4,1,50,44,57,88
30,0.5,0.5,0.4,1,50,45,57,88
30,0.5,0.5,0.4,1,50,46,36,88
30,0.5,0.5,0.4,1,50,47,88,88
30,0.5,0.5,0.4,1,50,48,57,88
30,0.5,0.5,0.4,1,50,49,57,88
30,0.5,0.5,0.4,1,50,50,57,88
60,0.5,0.5,0.4,1,50,1,57,57
60,0.5,0.5,0.4,1,50,2,57,57
60,0.5,0.5,0.4,1,50,3,57,57
60,0.5,0.5,0.4,1,50,4,36,88
60,0.5,0.5,0.4,1,50,5,36,88
60,0.5,0.5,0.4,1,50,6,57,88
60,0.5,0.5,0.4,1,50,7,23,88
60,0.5,0.5,0.4,1,50,8,36,57
60,0.5,0.5,0.4,1,50,9,57,57
60,0.5,0.5,0.4,1,50,10,57,88
60,0.5,0.5,0.4,1,50,11,36,57
60,0.5,0.5,0.4,1,50,12,57,88
60,0.5,0.5,0.4,1,50,13,36,88
60,0.5,0.5,0.4,1,50,14,36,88
60,0.5,0.5,0.4,1,50,15,36,88
60,0.5,0.5,0.4,1,50,16,57,88
60,0.5,0.5,0.4,1,50,17,57,88
60,0.5,0.5,0.4,1,50,18,23,88
60,0.5,0.5,0.4,1,50,19,23,57
60,0.5,0.5,0.4,1,50,20,57,57
60,0.5,0.5,0.4,1,50,21,57,88
60,0.5,0.5,0.4,1,50,22,36,88
60,0.5,0.5,0.4,1,50,23,57,88
60,0.5,0.5,0.4,1,50,24,36,88
60,0.5,0.5,0.4,1,50,25,36,88
60,0.5,0.5,0.4,1,50,26,57,57
60,0.5,0.5,0.4,1,50,27,57,88
60,0.5,0.5,0.4,1,50,28,57,88
60,0.5,0.5,0.4,1,50,29,57,57
60,0.5,0.5,0.4,1,50,30,88,57
60,0.5,0.5,0.4,1,50,31,57,57
60,0.5,0.5,0.4,1,50,32,36,88
60,0.5,0.5,0.4,1,50,33,36,88
60,0.5,0.5,0.4,1,50,34,57,57
60,0.5,0.5,0.4,1,50,35,57,57
60,0.5,0.5,0.4,1,50,36,57,88
60,0.5,0.5,0.4,1,50,37,57,88
60,0.5,0.5,0.4,1,50,38,57,88
60,0.5,0.5,0.4,1,50,39,36,57
60,0.5,0.5,0.4,1,50,40,36,57
60,0.5,0.5,0.4,1,50,41,36,88
60,0.5,0.5,0.4,1,50,42,57,88
60,0.5,0.5,0.4,1,50,43,36,57
60,0.5,0.5,0.4,1,50,44,36,88
60,0.5,0.5,0.4,1,50,45,57,57
60,0.5,0.5,0.4,1,50,46,36,88
60,0.5,0.5,0.4,1,50,47,57,57
60,0.5,0.5,0.4,1,50,48,36,88
60,0.5,0.5,0.4,1,50,49,36,57
60,0.5,0.5,0.4,1,50,50,57,57
100,0.5,0.5,0.4,1,50,1,36,57
100,0.5,0.5,0.4,1,50,2,57,57
100,0.5,0.5,0.4,1,50,3,57,57
100,0.5,0.5,0.4,1,50,4,23,88
100,0.5,0.5,0.4,1,50,5,36,57
100,0.5,0.5,0.4,1,50,6,57,57
100,0.5,0.5,0.4,1,50,7,23,57
100,0.5,0.5,0.4,1,50,8,15,57
100,0.5,0.5,0.4,1,50,9,57,57
100,0.5,0.5,0.4,1,50,10,36,57
100,0.5,0.5,0.4,1,50,11,36,57
100,0.5,0.5,0.4,1,50,12,36,57
100,0.5,0.5,0.4,1,50,13,57,57
100,0.5,0.5,0.4,1,50,14,36,57
100,0.5,0.5,0.4,1,50,15,23,57
100,0.5,0.5,0.4,1,50,16,36,57
100,0.5,0.5,0.4,1,50,17,36,57
100,0.5,0.5,0.4,1,50,18,36,57
100,0.5,0.5,0.4,1,50,19,23,57
100,0.5,0.5,0.4,1,50,20,57,57
100,0.5,0.5,0.4,1,50,21,36,57
100,0.5,0.5,0.4,1,50,22,57,88
100,0.5,0.5,0.4,1,50,23,57,57
100,0.5,0.5,0.4,1,50,24,57,57
100,0.5,0.5,0.4,1,50,25,36,57
100,0.5,0.5,0.4,1,50,26,57,57
100,0.5,0.5,0.4,1,50,27,57,57
100,0.5,0.5,0.4,1,50,28,57,57
100,0.5,0.5,0.4,1,50,29,57,57
100,0.5,0.5,0.4,1,50,30,88,57
100,0.5,0.5,0.4,1,50,31,36,57
100,0.5,0.5,0.4,1,50,32,36,57
100,0.5,0.5,0.4,1,50,33,36,57
100,0.5,0.5,0.4,1,50,34,57,57
100,0.5,0.5,0.4,1,50,35,36,57
100,0.5,0.5,0.4,1,50,36,36,57
100,0.5,0.5,0.4,1,50,37,57,57
100,0.5,0.5,0.4,1,50,38,57,57
100,0.5,0.5,0.4,1,50,39,36,57
100,0.5,0.5,0.4,1,50,40,36,57
100,0.5,0.5,0.4,1,50,41,36,57
100,0.5,0.5,0.4,1,50,42,57,57
100,0.5,0.5,0.4,1,50,43,57,57
100,0.5,0.5,0.4,1,50,44,36,57
100,0.5,0.5,0.4,1,50,45,57,57
100,0.5,0.5,0.4,1,50,46,36,57
100,0.5,0.5,0.4,1,50,47,57,57
100,0.5,0.5,0.4,1,50,48,23,88
100,0.5,0.5,0.4,1,50,49,36,57
100,0.5,0.5,0.4,1,50,50,36,57
10,1,0.5,0.4,1,50,1,532,88
10,1,0.5,0.4,1,50,2,217,88
10,1,0.5,0.4,1,50,3,832,88
10,1,0.5,0.4,1,50,4,3194,88
10,1,0.5,0.4,1,50,5,340,88
10,1,0.5,0.4,1,50,6,532,88
10,1,0.5,0.4,1,50,7,340,88
10,1,0.5,0.4,1,50,8,832,88
10,1,0.5,0.4,1,50,9,832,88
10,1,0.5,0.4,1,50,10,532,88
10,1,0.5,0.4,1,50,11,3194,88
10,1,0.5,0.4,1,50,12,88,88
10,1,0.5,0.4,1,50,13,NA,88
10,1,0.5,0.4,1,50,14,217,88
10,1,0.5,0.4,1,50,15,340,88
10,1,0.5,0.4,1,50,16,532,88
10,1,0.5,0.4,1,50,17,1303,88
10,1,0.5,0.4,1,50,18,3194,88
10,1,0.5,0.4,1,50,19,1303,88
10,1,0.5,0.4,1,50,20,217,88
10,1,0.5,0.4,1,50,21,532,88
10,1,0.5,0.4,1,50,22,1303,88
10,1,0.5,0.4,1,50,23,340,88
10,1,0.5,0.4,1,50,24,1303,88
10,1,0.5,0.4,1,50,25,340,88
10,1,0.5,0.4,1,50,26,532,88
10,1,0.5,0.4,1,50,27,832,88
10,1,0.5,0.4,1,50,28,832,88
10,1,0.5,0.4,1,50,29,5000,88
10,1,0.5,0.4,1,50,30,3194,88
10,1,0.5,0.4,1,50,31,1303,88
10,1,0.5,0.4,1,50,32,340,88
10,1,0.5,0.4,1,50,33,532,88
10,1,0.5,0.4,1,50,34,340,88
10,1,0.5,0.4,1,50,35,532,88
10,1,0.5,0.4,1,50,36,832,88
10,1,0.5,0.4,1,50,37,5000,88
10,1,0.5,0.4,1,50,38,2040,88
10,1,0.5,0.4,1,50,39,1303,88
10,1,0.5,0.4,1,50,40,340,88
10,1,0.5,0.4,1,50,41,340,88
10,1,0.5,0.4,1,50,42,2040,88
10,1,0.5,0.4,1,50,43,1303,88
10,1,0.5,0.4,1,50,44,532,88
10,1,0.5,0.4,1,50,45,139,88
10,1,0.5,0.4,1,50,46,217,88
10,1,0.5,0.4,1,50,47,532,88
10,1,0.5,0.4,1,50,48,532,88
10,1,0.5,0.4,1,50,49,217,88
10,1,0.5,0.4,1,50,50,532,88
30,1,0.5,0.4,1,50,1,139,57
30,1,0.5,0.4,1,50,2,139,57
30,1,0.5,0.4,1,50,3,139,57
30,1,0.5,0.4,1,50,4,340,57
30,1,0.5,0.4,1,50,5,139,57
30,1,0.5,0.4,1,50,6,217,57
30,1,0.5,0.4,1,50,7,88,57
30,1,0.5,0.4,1,50,8,217,57
30,1,0.5,0.4,1,50,9,217,57
30,1,0.5,0.4,1,50,10,57,57
30,1,0.5,0.4,1,50,11,340,57
30,1,0.5,0.4,1,50,12,57,57
30,1,0.5,0.4,1,50,13,217,57
30,1,0.5,0.4,1,50,14,88,57
30,1,0.5,0.4,1,50,15,36,57
30,1,0.5,0.4,1,50,16,217,57
30,1,0.5,0.4,1,50,17,340,57
30,1,0.5,0.4,1,50,18,139,57
30,1,0.5,0.4,1,50,19,217,57
30,1,0.5,0.4,1,50,20,88,57
30,1,0.5,0.4,1,50,21,57,57
30,1,0.5,0.4,1,50,22,139,57
30,1,0.5,0.4,1,50,23,88,57
30,1,0.5,0.4,1,50,24,340,57
30,1,0.5,0.4,1,50,25,23,57
30,1,0.5,0.4,1,50,26,57,57
30,1,0.5,0.4,1,50,27,217,57
30,1,0.5,0.4,1,50,28,217,57
30,1,0.5,0.4,1,50,29,139,57
30,1,0.5,0.4,1,50,30,139,57
30,1,0.5,0.4,1,50,31,139,57
30,1,0.5,0.4,1,50,32,88,57
30,1,0.5,0.4,1,50,33,139,57
30,1,0.5,0.4,1,50,34,139,57
30,1,0.5,0.4,1,50,35,139,57
30,1,0.5,0.4,1,50,36,57,57
30,1,0.5,0.4,1,50,37,217,57
30,1,0.5,0.4,1,50,38,340,57
30,1,0.5,0.4,1,50,39,217,57
30,1,0.5,0.4,1,50,40,139,57
30,1,0.5,0.4,1,50,41,88,57
30,1,0.5,0.4,1,50,42,139,57
30,1,0.5,0.4,1,50,43,217,57
30,1,0.5,0.4,1,50,44,139,57
30,1,0.5,0.4,1,50,45,139,57
30,1,0.5,0.4,1,50,46,88,57
30,1,0.5,0.4,1,50,47,340,57
30,1,0.5,0.4,1,50,48,139,57
30,1,0.5,0.4,1,50,49,57,57
30,1,0.5,0.4,1,50,50,139,57
60,1,0.5,0.4,1,50,1,57,57
60,1,0.5,0.4,1,50,2,88,57
60,1,0.5,0.4,1,50,3,139,57
60,1,0.5,0.4,1,50,4,139,57
60,1,0.5,0.4,1,50,5,139,57
60,1,0.5,0.4,1,50,6,139,57
60,1,0.5,0.4,1,50,7,57,57
60,1,0.5,0.4,1,50,8,88,57
60,1,0.5,0.4,1,50,9,139,57
60,1,0.5,0.4,1,50,10,57,57
60,1,0.5,0.4,1,50,11,88,57
60,1,0.5,0.4,1,50,12,57,57
60,1,0.5,0.4,1,50,13,139,57
60,1,0.5,0.4,1,50,14,88,57
60,1,0.5,0.4,1,50,15,23,57
60,1,0.5,0.4,1,50,16,88,57
60,1,0.5,0.4,1,50,17,139,57
60,1,0.5,0.4,1,50,18,15,57
60,1,0.5,0.4,1,50,19,88,57
60,1,0.5,0.4,1,50,20,88,57
60,1,0.5,0.4,1,50,21,57,57
60,1,0.5,0.4,1,50,22,57,57
60,1,0.5,0.4,1,50,23,88,57
60,1,0.5,0.4,1,50,24,139,57
60,1,0.5,0.4,1,50,25,23,57
60,1,0.5,0.4,1,50,26,57,57
60,1,0.5,0.4,1,50,27,139,57
60,1,0.5,0.4,1,50,28,139,57
60,1,0.5,0.4,1,50,29,57,57
60,1,0.5,0.4,1,50,30,88,57
60,1,0.5,0.4,1,50,31,88,57
60,1,0.5,0.4,1,50,32,57,57
60,1,0.5,0.4,1,50,33,139,57
60,1,0.5,0.4,1,50,34,88,57
60,1,0.5,0.4,1,50,35,88,57
60,1,0.5,0.4,1,50,36,57,57
60,1,0.5,0.4,1,50,37,139,57
60,1,0.5,0.4,1,50,38,88,57
60,1,0.5,0.4,1,50,39,139,57
60,1,0.5,0.4,1,50,40,88,57
60,1,0.5,0.4,1,50,41,15,57
60,1,0.5,0.4,1,50,42,57,57
60,1,0.5,0.4,1,50,43,139,57
60,1,0.5,0.4,1,50,44,36,57
60,1,0.5,0.4,1,50,45,88,57
60,1,0.5,0.4,1,50,46,57,57
60,1,0.5,0.4,1,50,47,340,57
60,1,0.5,0.4,1,50,48,88,57
60,1,0.5,0.4,1,50,49,57,57
60,1,0.5,0.4,1,50,50,88,57
100,1,0.5,0.4,1,50,1,57,57
100,1,0.5,0.4,1,50,2,88,57
100,1,0.5,0.4,1,50,3,139,57
100,1,0.5,0.4,1,50,4,88,57
100,1,0.5,0.4,1,50,5,88,57
100,1,0.5,0.4,1,50,6,139,57
100,1,0.5,0.4,1,50,7,36,57
100,1,0.5,0.4,1,50,8,88,57
100,1,0.5,0.4,1,50,9,139,57
100,1,0.5,0.4,1,50,10,57,57
100,1,0.5,0.4,1,50,11,23,57
100,1,0.5,0.4,1,50,12,57,57
100,1,0.5,0.4,1,50,13,88,57
100,1,0.5,0.4,1,50,14,57,57
100,1,0.5,0.4,1,50,15,15,57
100,1,0.5,0.4,1,50,16,88,57
100,1,0.5,0.4,1,50,17,139,57
100,1,0.5,0.4,1,50,18,23,57
100,1,0.5,0.4,1,50,19,57,57
100,1,0.5,0.4,1,50,20,88,57
100,1,0.5,0.4,1,50,21,57,57
100,1,0.5,0.4,1,50,22,36,57
100,1,0.5,0.4,1,50,23,88,57
100,1,0.5,0.4,1,50,24,88,57
100,1,0.5,0.4,1,50,25,23,57
100,1,0.5,0.4,1,50,26,57,57
100,1,0.5,0.4,1,50,27,88,57
100,1,0.5,0.4,1,50,28,57,57
100,1,0.5,0.4,1,50,29,23,57
100,1,0.5,0.4,1,50,30,88,57
100,1,0.5,0.4,1,50,31,57,57
100,1,0.5,0.4,1,50,32,57,57
100,1,0.5,0.4,1,50,33,88,57
100,1,0.5,0.4,1,50,34,88,57
100,1,0.5,0.4,1,50,35,88,57
100,1,0.5,0.4,1,50,36,36,57
100,1,0.5,0.4,1,50,37,139,57
100,1,0.5,0.4,1,50,38,57,57
100,1,0.5,0.4,1,50,39,139,57
100,1,0.5,0.4,1,50,40,88,57
100,1,0.5,0.4,1,50,41,57,57
100,1,0.5,0.4,1,50,42,57,57
100,1,0.5,0.4,1,50,43,139,57
100,1,0.5,0.4,1,50,44,36,57
100,1,0.5,0.4,1,50,45,88,57
100,1,0.5,0.4,1,50,46,57,57
100,1,0.5,0.4,1,50,47,139,57
100,1,0.5,0.4,1,50,48,88,57
100,1,0.5,0.4,1,50,49,88,57
100,1,0.5,0.4,1,50,50,57,57
10,1.5,0.5,0.4,1,50,1,NA,57
10,1.5,0.5,0.4,1,50,2,NA,57
10,1.5,0.5,0.4,1,50,3,NA,57
10,1.5,0.5,0.4,1,50,4,NA,57
10,1.5,0.5,0.4,1,50,5,NA,57
10,1.5,0.5,0.4,1,50,6,NA,57
10,1.5,0.5,0.4,1,50,7,NA,57
10,1.5,0.5,0.4,1,50,8,NA,57
10,1.5,0.5,0.4,1,50,9,NA,57
10,1.5,0.5,0.4,1,50,10,NA,57
10,1.5,0.5,0.4,1,50,11,NA,57
10,1.5,0.5,0.4,1,50,12,NA,57
10,1.5,0.5,0.4,1,50,13,NA,57
10,1.5,0.5,0.4,1,50,14,NA,57
10,1.5,0.5,0.4,1,50,15,832,57
10,1.5,0.5,0.4,1,50,16,NA,57
10,1.5,0.5,0.4,1,50,17,NA,57
10,1.5,0.5,0.4,1,50,18,NA,57
10,1.5,0.5,0.4,1,50,19,NA,57
10,1.5,0.5,0.4,1,50,20,NA,57
10,1.5,0.5,0.4,1,50,21,NA,57
10,1.5,0.5,0.4,1,50,22,NA,57
10,1.5,0.5,0.4,1,50,23,NA,57
10,1.5,0.5,0.4,1,50,24,NA,57
10,1.5,0.5,0.4,1,50,25,340,57
10,1.5,0.5,0.4,1,50,26,NA,57
10,1.5,0.5,0.4,1,50,27,NA,57
10,1.5,0.5,0.4,1,50,28,NA,57
10,1.5,0.5,0.4,1,50,29,NA,57
10,1.5,0.5,0.4,1,50,30,NA,57
10,1.5,0.5,0.4,1,50,31,NA,57
10,1.5,0.5,0.4,1,50,32,NA,57
10,1.5,0.5,0.4,1,50,33,NA,57
10,1.5,0.5,0.4,1,50,34,139,57
10,1.5,0.5,0.4,1,50,35,NA,57
10,1.5,0.5,0.4,1,50,36,NA,57
10,1.5,0.5,0.4,1,50,37,NA,57
10,1.5,0.5,0.4,1,50,38,NA,57
10,1.5,0.5,0.4,1,50,39,NA,57
10,1.5,0.5,0.4,1,50,40,NA,57
10,1.5,0.5,0.4,1,50,41,NA,57
10,1.5,0.5,0.4,1,50,42,NA,57
10,1.5,0.5,0.4,1,50,43,NA,57
10,1.5,0.5,0.4,1,50,44,NA,57
10,1.5,0.5,0.4,1,50,45,NA,57
10,1.5,0.5,0.4,1,50,46,NA,57
10,1.5,0.5,0.4,1,50,47,NA,57
10,1.5,0.5,0.4,1,50,48,NA,57
10,1.5,0.5,0.4,1,50,49,NA,57
10,1.5,0.5,0.4,1,50,50,NA,57
30,1.5,0.5,0.4,1,50,1,832,57
30,1.5,0.5,0.4,1,50,2,NA,57
30,1.5,0.5,0.4,1,50,3,NA,57
30,1.5,0.5,0.4,1,50,4,NA,57
30,1.5,0.5,0.4,1,50,5,NA,57
30,1.5,0.5,0.4,1,50,6,NA,57
30,1.5,0.5,0.4,1,50,7,NA,57
30,1.5,0.5,0.4,1,50,8,1303,57
30,1.5,0.5,0.4,1,50,9,NA,57
30,1.5,0.5,0.4,1,50,10,3194,57
30,1.5,0.5,0.4,1,50,11,NA,57
30,1.5,0.5,0.4,1,50,12,NA,57
30,1.5,0.5,0.4,1,50,13,NA,57
30,1.5,0.5,0.4,1,50,14,NA,57
30,1.5,0.5,0.4,1,50,15,88,57
30,1.5,0.5,0.4,1,50,16,NA,57
30,1.5,0.5,0.4,1,50,17,NA,57
30,1.5,0.5,0.4,1,50,18,NA,57
30,1.5,0.5,0.4,1,50,19,NA,57
30,1.5,0.5,0.4,1,50,20,NA,57
30,1.5,0.5,0.4,1,50,21,3194,57
30,1.5,0.5,0.4,1,50,22,NA,57
30,1.5,0.5,0.4,1,50,23,217,57
30,1.5,0.5,0.4,1,50,24,832,57
30,1.5,0.5,0.4,1,50,25,139,57
30,1.5,0.5,0.4,1,50,26,NA,57
30,1.5,0.5,0.4,1,50,27,NA,57
30,1.5,0.5,0.4,1,50,28,NA,57
30,1.5,0.5,0.4,1,50,29,NA,57
30,1.5,0.5,0.4,1,50,30,NA,57
30,1.5,0.5,0.4,1,50,31,NA,57
30,1.5,0.5,0.4,1,50,32,3194,57
30,1.5,0.5,0.4,1,50,33,1303,57
30,1.5,0.5,0.4,1,50,34,139,57
30,1.5,0.5,0.4,1,50,35,NA,57
30,1.5,0.5,0.4,1,50,36,57,57
30,1.5,0.5,0.4,1,50,37,NA,57
30,1.5,0.5,0.4,1,50,38,NA,57
30,1.5,0.5,0.4,1,50,39,NA,57
30,1.5,0.5,0.4,1,50,40,1303,57
30,1.5,0.5,0.4,1,50,41,6,57
30,1.5,0.5,0.4,1,50,42,NA,57
30,1.5,0.5,0.4,1,50,43,NA,57
30,1.5,0.5,0.4,1,50,44,NA,57
30,1.5,0.5,0.4,1,50,45,139,57
30,1.5,0.5,0.4,1,50,46,1303,57
30,1.5,0.5,0.4,1,50,47,NA,57
30,1.5,0.5,0.4,1,50,48,NA,57
30,1.5,0.5,0.4,1,50,49,340,57
30,1.5,0.5,0.4,1,50,50,NA,57
60,1.5,0.5,0.4,1,50,1,532,57
60,1.5,0.5,0.4,1,50,2,2040,57
60,1.5,0.5,0.4,1,50,3,340,57
60,1.5,0.5,0.4,1,50,4,NA,57
60,1.5,0.5,0.4,1,50,5,1303,57
60,1.5,0.5,0.4,1,50,6,832,57
60,1.5,0.5,0.4,1,50,7,832,57
60,1.5,0.5,0.4,1,50,8,340,57
60,1.5,0.5,0.4,1,50,9,832,57
60,1.5,0.5,0.4,1,50,10,340,57
60,1.5,0.5,0.4,1,50,11,832,57
60,1.5,0.5,0.4,1,50,12,340,57
60,1.5,0.5,0.4,1,50,13,NA,57
60,1.5,0.5,0.4,1,50,14,217,57
60,1.5,0.5,0.4,1,50,15,88,57
60,1.5,0.5,0.4,1,50,16,217,57
60,1.5,0.5,0.4,1,50,17,2040,57
60,1.5,0.5,0.4,1,50,18,3194,57
60,1.5,0.5,0.4,1,50,19,832,57
60,1.5,0.5,0.4,1,50,20,NA,57
60,1.5,0.5,0.4,1,50,21,532,57
60,1.5,0.5,0.4,1,50,22,532,57
60,1.5,0.5,0.4,1,50,23,217,57
60,1.5,0.5,0.4,1,50,24,340,57
60,1.5,0.5,0.4,1,50,25,88,57
60,1.5,0.5,0.4,1,50,26,832,57
60,1.5,0.5,0.4,1,50,27,1303,57
60,1.5,0.5,0.4,1,50,28,532,57
60,1.5,0.5,0.4,1,50,29,832,57
60,1.5,0.5,0.4,1,50,30,NA,57
60,1.5,0.5,0.4,1,50,31,1303,57
60,1.5,0.5,0.4,1,50,32,832,57
60,1.5,0.5,0.4,1,50,33,532,57
60,1.5,0.5,0.4,1,50,34,217,57
60,1.5,0.5,0.4,1,50,35,532,57
60,1.5,0.5,0.4,1,50,36,15,57
60,1.5,0.5,0.4,1,50,37,NA,57
60,1.5,0.5,0.4,1,50,38,NA,57
60,1.5,0.5,0.4,1,50,39,1303,57
60,1.5,0.5,0.4,1,50,40,340,57
60,1.5,0.5,0.4,1,50,41,36,57
60,1.5,0.5,0.4,1,50,42,832,57
60,1.5,0.5,0.4,1,50,43,1303,57
60,1.5,0.5,0.4,1,50,44,NA,57
60,1.5,0.5,0.4,1,50,45,832,57
60,1.5,0.5,0.4,1,50,46,217,57
60,1.5,0.5,0.4,1,50,47,1303,57
60,1.5,0.5,0.4,1,50,48,832,57
60,1.5,0.5,0.4,1,50,49,340,57
60,1.5,0.5,0.4,1,50,50,340,57
100,1.5,0.5,0.4,1,50,1,340,57
100,1.5,0.5,0.4,1,50,2,832,57
100,1.5,0.5,0.4,1,50,3,340,57
100,1.5,0.5,0.4,1,50,4,1303,57
100,1.5,0.5,0.4,1,50,5,832,57
100,1.5,0.5,0.4,1,50,6,832,57
100,1.5,0.5,0.4,1,50,7,340,57
100,1.5,0.5,0.4,1,50,8,340,57
100,1.5,0.5,0.4,1,50,9,832,57
100,1.5,0.5,0.4,1,50,10,340,57
100,1.5,0.5,0.4,1,50,11,340,57
100,1.5,0.5,0.4,1,50,12,340,57
100,1.5,0.5,0.4,1,50,13,3194,57
100,1.5,0.5,0.4,1,50,14,139,57
100,1.5,0.5,0.4,1,50,15,57,57
100,1.5,0.5,0.4,1,50,16,340,57
100,1.5,0.5,0.4,1,50,17,2040,57
100,1.5,0.5,0.4,1,50,18,832,57
100,1.5,0.5,0.4,1,50,19,340,57
100,1.5,0.5,0.4,1,50,20,832,57
100,1.5,0.5,0.4,1,50,21,340,57
100,1.5,0.5,0.4,1,50,22,340,57
100,1.5,0.5,0.4,1,50,23,139,57
100,1.5,0.5,0.4,1,50,24,532,57
100,1.5,0.5,0.4,1,50,25,57,57
100,1.5,0.5,0.4,1,50,26,532,57
100,1.5,0.5,0.4,1,50,27,532,57
100,1.5,0.5,0.4,1,50,28,532,57
100,1.5,0.5,0.4,1,50,29,832,57
100,1.5,0.5,0.4,1,50,30,832,57
100,1.5,0.5,0.4,1,50,31,532,57
100,1.5,0.5,0.4,1,50,32,88,57
100,1.5,0.5,0.4,1,50,33,532,57
100,1.5,0.5,0.4,1,50,34,139,57
100,1.5,0.5,0.4,1,50,35,217,57
100,1.5,0.5,0.4,1,50,36,36,57
100,1.5,0.5,0.4,1,50,37,1303,57
100,1.5,0.5,0.4,1,50,38,2040,57
100,1.5,0.5,0.4,1,50,39,832,57
100,1.5,0.5,0.4,1,50,40,139,57
100,1.5,0.5,0.4,1,50,41,57,57
100,1.5,0.5,0.4,1,50,42,832,57
100,1.5,0.5,0.4,1,50,43,532,57
100,1.5,0.5,0.4,1,50,44,1303,57
100,1.5,0.5,0.4,1,50,45,832,57
100,1.5,0.5,0.4,1,50,46,217,57
100,1.5,0.5,0.4,1,50,47,1303,57
100,1.5,0.5,0.4,1,50,48,532,57
100,1.5,0.5,0.4,1,50,49,340,57
100,1.5,0.5,0.4,1,50,50,217,57
10,0.5,0.6,0.4,1,50,1,57,88
10,0.5,0.6,0.4,1,50,2,57,88
10,0.5,0.6,0.4,1,50,3,88,88
10,0.5,0.6,0.4,1,50,4,88,88
10,0.5,0.6,0.4,1,50,5,57,88
10,0.5,0.6,0.4,1,50,6,57,88
10,0.5,0.6,0.4,1,50,7,57,88
10,0.5,0.6,0.4,1,50,8,88,88
10,0.5,0.6,0.4,1,50,9,57,88
10,0.5,0.6,0.4,1,50,10,57,88
10,0.5,0.6,0.4,1,50,11,57,88
10,0.5,0.6,0.4,1,50,12,57,88
10,0.5,0.6,0.4,1,50,13,88,88
10,0.5,0.6,0.4,1,50,14,57,88
10,0.5,0.6,0.4,1,50,15,57,88
10,0.5,0.6,0.4,1,50,16,57,88
10,0.5,0.6,0.4,1,50,17,88,88
10,0.5,0.6,0.4,1,50,18,88,88
10,0.5,0.6,0.4,1,50,19,57,88
10,0.5,0.6,0.4,1,50,20,57,88
10,0.5,0.6,0.4,1,50,21,57,88
10,0.5,0.6,0.4,1,50,22,57,88
10,0.5,0.6,0.4,1,50,23,36,88
10,0.5,0.6,0.4,1,50,24,36,88
10,0.5,0.6,0.4,1,50,25,88,88
10,0.5,0.6,0.4,1,50,26,88,88
10,0.5,0.6,0.4,1,50,27,88,88
10,0.5,0.6,0.4,1,50,28,88,88
10,0.5,0.6,0.4,1,50,29,88,88
10,0.5,0.6,0.4,1,50,30,88,88
10,0.5,0.6,0.4,1,50,31,88,88
10,0.5,0.6,0.4,1,50,32,57,88
10,0.5,0.6,0.4,1,50,33,57,88
10,0.5,0.6,0.4,1,50,34,88,88
10,0.5,0.6,0.4,1,50,35,88,88
10,0.5,0.6,0.4,1,50,36,88,88
10,0.5,0.6,0.4,1,50,37,88,88
10,0.5,0.6,0.4,1,50,38,57,88
10,0.5,0.6,0.4,1,50,39,88,88
10,0.5,0.6,0.4,1,50,40,88,88
10,0.5,0.6,0.4,1,50,41,57,88
10,0.5,0.6,0.4,1,50,42,57,88
10,0.5,0.6,0.4,1,50,43,57,88
10,0.5,0.6,0.4,1,50,44,57,88
10,0.5,0.6,0.4,1,50,45,88,88
10,0.5,0.6,0.4,1,50,46,88,88
10,0.5,0.6,0.4,1,50,47,88,88
10,0.5,0.6,0.4,1,50,48,57,88
10,0.5,0.6,0.4,1,50,49,57,88
10,0.5,0.6,0.4,1,50,50,57,88
30,0.5,0.6,0.4,1,50,1,23,88
30,0.5,0.6,0.4,1,50,2,36,88
30,0.5,0.6,0.4,1,50,3,36,88
30,0.5,0.6,0.4,1,50,4,23,88
30,0.5,0.6,0.4,1,50,5,36,88
30,0.5,0.6,0.4,1,50,6,36,88
30,0.5,0.6,0.4,1,50,7,23,88
30,0.5,0.6,0.4,1,50,8,23,88
30,0.5,0.6,0.4,1,50,9,23,88
30,0.5,0.6,0.4,1,50,10,23,88
30,0.5,0.6,0.4,1,50,11,23,88
30,0.5,0.6,0.4,1,50,12,36,88
30,0.5,0.6,0.4,1,50,13,36,88
30,0.5,0.6,0.4,1,50,14,23,88
30,0.5,0.6,0.4,1,50,15,23,88
30,0.5,0.6,0.4,1,50,16,23,88
30,0.5,0.6,0.4,1,50,17,36,88
30,0.5,0.6,0.4,1,50,18,23,88
30,0.5,0.6,0.4,1,50,19,23,88
30,0.5,0.6,0.4,1,50,20,36,88
30,0.5,0.6,0.4,1,50,21,36,88
30,0.5,0.6,0.4,1,50,22,23,88
30,0.5,0.6,0.4,1,50,23,36,88
30,0.5,0.6,0.4,1,50,24,36,88
30,0.5,0.6,0.4,1,50,25,15,88
30,0.5,0.6,0.4,1,50,26,36,88
30,0.5,0.6,0.4,1,50,27,36,88
30,0.5,0.6,0.4,1,50,28,36,88
30,0.5,0.6,0.4,1,50,29,23,88
30,0.5,0.6,0.4,1,50,30,36,88
30,0.5,0.6,0.4,1,50,31,15,88
30,0.5,0.6,0.4,1,50,32,23,88
30,0.5,0.6,0.4,1,50,33,36,88
30,0.5,0.6,0.4,1,50,34,36,88
30,0.5,0.6,0.4,1,50,35,36,88
30,0.5,0.6,0.4,1,50,36,23,88
30,0.5,0.6,0.4,1,50,37,36,88
30,0.5,0.6,0.4,1,50,38,23,88
30,0.5,0.6,0.4,1,50,39,23,88
30,0.5,0.6,0.4,1,50,40,36,88
30,0.5,0.6,0.4,1,50,41,23,88
30,0.5,0.6,0.4,1,50,42,23,88
30,0.5,0.6,0.4,1,50,43,36,88
30,0.5,0.6,0.4,1,50,44,36,88
30,0.5,0.6,0.4,1,50,45,23,88
30,0.5,0.6,0.4,1,50,46,23,88
30,0.5,0.6,0.4,1,50,47,36,88
30,0.5,0.6,0.4,1,50,48,15,88
30,0.5,0.6,0.4,1,50,49,36,88
30,0.5,0.6,0.4,1,50,50,36,88
60,0.5,0.6,0.4,1,50,1,23,88
60,0.5,0.6,0.4,1,50,2,23,88
60,0.5,0.6,0.4,1,50,3,36,88
60,0.5,0.6,0.4,1,50,4,15,88
60,0.5,0.6,0.4,1,50,5,15,88
60,0.5,0.6,0.4,1,50,6,15,88
60,0.5,0.6,0.4,1,50,7,23,88
60,0.5,0.6,0.4,1,50,8,23,88
60,0.5,0.6,0.4,1,50,9,23,88
60,0.5,0.6,0.4,1,50,10,23,88
60,0.5,0.6,0.4,1,50,11,15,88
60,0.5,0.6,0.4,1,50,12,23,88
60,0.5,0.6,0.4,1,50,13,23,88
60,0.5,0.6,0.4,1,50,14,15,88
60,0.5,0.6,0.4,1,50,15,23,88
60,0.5,0.6,0.4,1,50,16,15,88
60,0.5,0.6,0.4,1,50,17,23,88
60,0.5,0.6,0.4,1,50,18,23,88
60,0.5,0.6,0.4,1,50,19,23,88
60,0.5,0.6,0.4,1,50,20,23,88
60,0.5,0.6,0.4,1,50,21,23,88
60,0.5,0.6,0.4,1,50,22,9,88
60,0.5,0.6,0.4,1,50,23,23,88
60,0.5,0.6,0.4,1,50,24,23,88
60,0.5,0.6,0.4,1,50,25,15,88
60,0.5,0.6,0.4,1,50,26,23,88
60,0.5,0.6,0.4,1,50,27,36,88
60,0.5,0.6,0.4,1,50,28,23,88
60,0.5,0.6,0.4,1,50,29,23,88
60,0.5,0.6,0.4,1,50,30,23,88
60,0.5,0.6,0.4,1,50,31,15,88
60,0.5,0.6,0.4,1,50,32,23,88
60,0.5,0.6,0.4,1,50,33,36,88
60,0.5,0.6,0.4,1,50,34,36,88
60,0.5,0.6,0.4,1,50,35,36,88
60,0.5,0.6,0.4,1,50,36,23,88
60,0.5,0.6,0.4,1,50,37,23,88
60,0.5,0.6,0.4,1,50,38,23,88
60,0.5,0.6,0.4,1,50,39,15,88
60,0.5,0.6,0.4,1,50,40,23,88
60,0.5,0.6,0.4,1,50,41,23,88
60,0.5,0.6,0.4,1,50,42,23,88
60,0.5,0.6,0.4,1,50,43,23,88
60,0.5,0.6,0.4,1,50,44,15,88
60,0.5,0.6,0.4,1,50,45,15,88
60,0.5,0.6,0.4,1,50,46,15,88
60,0.5,0.6,0.4,1,50,47,23,88
60,0.5,0.6,0.4,1,50,48,23,88
60,0.5,0.6,0.4,1,50,49,23,88
60,0.5,0.6,0.4,1,50,50,23,88
100,0.5,0.6,0.4,1,50,1,15,88
100,0.5,0.6,0.4,1,50,2,23,88
100,0.5,0.6,0.4,1,50,3,23,88
100,0.5,0.6,0.4,1,50,4,15,88
100,0.5,0.6,0.4,1,50,5,15,88
100,0.5,0.6,0.4,1,50,6,15,88
100,0.5,0.6,0.4,1,50,7,23,88
100,0.5,0.6,0.4,1,50,8,15,88
100,0.5,0.6,0.4,1,50,9,15,88
100,0.5,0.6,0.4,1,50,10,23,88
100,0.5,0.6,0.4,1,50,11,15,88
100,0.5,0.6,0.4,1,50,12,23,88
100,0.5,0.6,0.4,1,50,13,15,88
100,0.5,0.6,0.4,1,50,14,15,88
100,0.5,0.6,0.4,1,50,15,15,88
100,0.5,0.6,0.4,1,50,16,15,88
100,0.5,0.6,0.4,1,50,17,23,88
100,0.5,0.6,0.4,1,50,18,15,88
100,0.5,0.6,0.4,1,50,19,15,88
100,0.5,0.6,0.4,1,50,20,9,88
100,0.5,0.6,0.4,1,50,21,23,88
100,0.5,0.6,0.4,1,50,22,23,88
100,0.5,0.6,0.4,1,50,23,23,88
100,0.5,0.6,0.4,1,50,24,9,88
100,0.5,0.6,0.4,1,50,25,15,88
100,0.5,0.6,0.4,1,50,26,23,88
100,0.5,0.6,0.4,1,50,27,23,88
100,0.5,0.6,0.4,1,50,28,23,88
100,0.5,0.6,0.4,1,50,29,15,88
100,0.5,0.6,0.4,1,50,30,15,88
100,0.5,0.6,0.4,1,50,31,15,88
100,0.5,0.6,0.4,1,50,32,15,88
100,0.5,0.6,0.4,1,50,33,23,88
100,0.5,0.6,0.4,1,50,34,23,88
100,0.5,0.6,0.4,1,50,35,23,88
100,0.5,0.6,0.4,1,50,36,15,88
100,0.5,0.6,0.4,1,50,37,23,88
100,0.5,0.6,0.4,1,50,38,23,88
100,0.5,0.6,0.4,1,50,39,15,88
100,0.5,0.6,0.4,1,50,40,23,88
100,0.5,0.6,0.4,1,50,41,23,88
100,0.5,0.6,0.4,1,50,42,23,88
100,0.5,0.6,0.4,1,50,43,23,88
100,0.5,0.6,0.4,1,50,44,15,88
100,0.5,0.6,0.4,1,50,45,15,88
100,0.5,0.6,0.4,1,50,46,15,88
100,0.5,0.6,0.4,1,50,47,23,88
100,0.5,0.6,0.4,1,50,48,15,88
100,0.5,0.6,0.4,1,50,49,23,88
100,0.5,0.6,0.4,1,50,50,23,88
10,1,0.6,0.4,1,50,1,88,88
10,1,0.6,0.4,1,50,2,217,88
10,1,0.6,0.4,1,50,3,88,88
10,1,0.6,0.4,1,50,4,217,88
10,1,0.6,0.4,1,50,5,139,88
10,1,0.6,0.4,1,50,6,88,88
10,1,0.6,0.4,1,50,7,139,88
10,1,0.6,0.4,1,50,8,139,88
10,1,0.6,0.4,1,50,9,57,88
10,1,0.6,0.4,1,50,10,139,88
10,1,0.6,0.4,1,50,11,88,88
10,1,0.6,0.4,1,50,12,88,88
10,1,0.6,0.4,1,50,13,139,88
10,1,0.6,0.4,1,50,14,88,88
10,1,0.6,0.4,1,50,15,139,88
10,1,0.6,0.4,1,50,16,139,88
10,1,0.6,0.4,1,50,17,88,88
10,1,0.6,0.4,1,50,18,88,88
10,1,0.6,0.4,1,50,19,139,88
10,1,0.6,0.4,1,50,20,217,88
10,1,0.6,0.4,1,50,21,139,88
10,1,0.6,0.4,1,50,22,139,88
10,1,0.6,0.4,1,50,23,217,88
10,1,0.6,0.4,1,50,24,139,88
10,1,0.6,0.4,1,50,25,217,88
10,1,0.6,0.4,1,50,26,139,88
10,1,0.6,0.4,1,50,27,139,88
10,1,0.6,0.4,1,50,28,139,88
10,1,0.6,0.4,1,50,29,139,88
10,1,0.6,0.4,1,50,30,139,88
10,1,0.6,0.4,1,50,31,88,88
10,1,0.6,0.4,1,50,32,139,88
10,1,0.6,0.4,1,50,33,139,88
10,1,0.6,0.4,1,50,34,139,88
10,1,0.6,0.4,1,50,35,139,88
10,1,0.6,0.4,1,50,36,57,88
10,1,0.6,0.4,1,50,37,88,88
10,1,0.6,0.4,1,50,38,139,88
10,1,0.6,0.4,1,50,39,88,88
10,1,0.6,0.4,1,50,40,139,88
10,1,0.6,0.4,1,50,41,139,88
10,1,0.6,0.4,1,50,42,88,88
10,1,0.6,0.4,1,50,43,88,88
10,1,0.6,0.4,1,50,44,139,88
10,1,0.6,0.4,1,50,45,57,88
10,1,0.6,0.4,1,50,46,139,88
10,1,0.6,0.4,1,50,47,88,88
10,1,0.6,0.4,1,50,48,139,88
10,1,0.6,0.4,1,50,49,88,88
10,1,0.6,0.4,1,50,50,139,88
30,1,0.6,0.4,1,50,1,23,57
30,1,0.6,0.4,1,50,2,57,57
30,1,0.6,0.4,1,50,3,36,57
30,1,0.6,0.4,1,50,4,36,57
30,1,0.6,0.4,1,50,5,23,57
30,1,0.6,0.4,1,50,6,36,57
30,1,0.6,0.4,1,50,7,57,57
30,1,0.6,0.4,1,50,8,57,57
30,1,0.6,0.4,1,50,9,36,57
30,1,0.6,0.4,1,50,10,36,57
30,1,0.6,0.4,1,50,11,15,57
30,1,0.6,0.4,1,50,12,36,57
30,1,0.6,0.4,1,50,13,57,57
30,1,0.6,0.4,1,50,14,36,57
30,1,0.6,0.4,1,50,15,36,57
30,1,0.6,0.4,1,50,16,57,57
30,1,0.6,0.4,1,50,17,36,57
30,1,0.6,0.4,1,50,18,36,57
30,1,0.6,0.4,1,50,19,23,57
30,1,0.6,0.4,1,50,20,57,57
30,1,0.6,0.4,1,50,21,36,57
30,1,0.6,0.4,1,50,22,36,57
30,1,0.6,0.4,1,50,23,88,57
30,1,0.6,0.4,1,50,24,57,57
30,1,0.6,0.4,1,50,25,23,57
30,1,0.6,0.4,1,50,26,57,57
30,1,0.6,0.4,1,50,27,57,57
30,1,0.6,0.4,1,50,28,57,57
30,1,0.6,0.4,1,50,29,57,57
30,1,0.6,0.4,1,50,30,57,57
30,1,0.6,0.4,1,50,31,23,57
30,1,0.6,0.4,1,50,32,36,57
30,1,0.6,0.4,1,50,33,36,57
30,1,0.6,0.4,1,50,34,36,57
30,1,0.6,0.4,1,50,35,57,57
30,1,0.6,0.4,1,50,36,23,57
30,1,0.6,0.4,1,50,37,57,57
30,1,0.6,0.4,1,50,38,57,57
30,1,0.6,0.4,1,50,39,23,57
30,1,0.6,0.4,1,50,40,57,57
30,1,0.6,0.4,1,50,41,36,57
30,1,0.6,0.4,1,50,42,23,57
30,1,0.6,0.4,1,50,43,36,57
30,1,0.6,0.4,1,50,44,36,57
30,1,0.6,0.4,1,50,45,57,57
30,1,0.6,0.4,1,50,46,36,57
30,1,0.6,0.4,1,50,47,88,57
30,1,0.6,0.4,1,50,48,36,57
30,1,0.6,0.4,1,50,49,36,57
30,1,0.6,0.4,1,50,50,57,57
60,1,0.6,0.4,1,50,1,23,57
60,1,0.6,0.4,1,50,2,36,57
60,1,0.6,0.4,1,50,3,36,57
60,1,0.6,0.4,1,50,4,36,57
60,1,0.6,0.4,1,50,5,23,57
60,1,0.6,0.4,1,50,6,23,57
60,1,0.6,0.4,1,50,7,36,57
60,1,0.6,0.4,1,50,8,36,57
60,1,0.6,0.4,1,50,9,23,57
60,1,0.6,0.4,1,50,10,23,57
60,1,0.6,0.4,1,50,11,15,57
60,1,0.6,0.4,1,50,12,36,57
60,1,0.6,0.4,1,50,13,36,57
60,1,0.6,0.4,1,50,14,23,57
60,1,0.6,0.4,1,50,15,36,57
60,1,0.6,0.4,1,50,16,57,57
60,1,0.6,0.4,1,50,17,36,57
60,1,0.6,0.4,1,50,18,23,57
60,1,0.6,0.4,1,50,19,23,57
60,1,0.6,0.4,1,50,20,57,57
60,1,0.6,0.4,1,50,21,36,57
60,1,0.6,0.4,1,50,22,23,57
60,1,0.6,0.4,1,50,23,57,57
60,1,0.6,0.4,1,50,24,36,57
60,1,0.6,0.4,1,50,25,23,57
60,1,0.6,0.4,1,50,26,36,57
60,1,0.6,0.4,1,50,27,57,57
60,1,0.6,0.4,1,50,28,36,57
60,1,0.6,0.4,1,50,29,36,57
60,1,0.6,0.4,1,50,30,57,57
60,1,0.6,0.4,1,50,31,23,57
60,1,0.6,0.4,1,50,32,23,57
60,1,0.6,0.4,1,50,33,36,57
60,1,0.6,0.4,1,50,34,36,57
60,1,0.6,0.4,1,50,35,36,57
60,1,0.6,0.4,1,50,36,15,57
60,1,0.6,0.4,1,50,37,23,57
60,1,0.6,0.4,1,50,38,15,57
60,1,0.6,0.4,1,50,39,23,57
60,1,0.6,0.4,1,50,40,36,57
60,1,0.6,0.4,1,50,41,36,57
60,1,0.6,0.4,1,50,42,23,57
60,1,0.6,0.4,1,50,43,36,57
60,1,0.6,0.4,1,50,44,23,57
60,1,0.6,0.4,1,50,45,23,57
60,1,0.6,0.4,1,50,46,23,57
60,1,0.6,0.4,1,50,47,57,57
60,1,0.6,0.4,1,50,48,36,57
60,1,0.6,0.4,1,50,49,36,57
60,1,0.6,0.4,1,50,50,36,57
100,1,0.6,0.4,1,50,1,23,57
100,1,0.6,0.4,1,50,2,36,57
100,1,0.6,0.4,1,50,3,36,57
100,1,0.6,0.4,1,50,4,36,57
100,1,0.6,0.4,1,50,5,15,57
100,1,0.6,0.4,1,50,6,23,57
100,1,0.6,0.4,1,50,7,36,57
100,1,0.6,0.4,1,50,8,23,57
100,1,0.6,0.4,1,50,9,23,57
100,1,0.6,0.4,1,50,10,23,57
100,1,0.6,0.4,1,50,11,15,57
100,1,0.6,0.4,1,50,12,23,57
100,1,0.6,0.4,1,50,13,15,57
100,1,0.6,0.4,1,50,14,15,57
100,1,0.6,0.4,1,50,15,23,57
100,1,0.6,0.4,1,50,16,57,57
100,1,0.6,0.4,1,50,17,36,57
100,1,0.6,0.4,1,50,18,23,57
100,1,0.6,0.4,1,50,19,23,57
100,1,0.6,0.4,1,50,20,36,57
100,1,0.6,0.4,1,50,21,23,57
100,1,0.6,0.4,1,50,22,23,57
100,1,0.6,0.4,1,50,23,36,57
100,1,0.6,0.4,1,50,24,36,57
100,1,0.6,0.4,1,50,25,23,57
100,1,0.6,0.4,1,50,26,23,57
100,1,0.6,0.4,1,50,27,23,57
100,1,0.6,0.4,1,50,28,36,57
100,1,0.6,0.4,1,50,29,36,57
100,1,0.6,0.4,1,50,30,23,57
100,1,0.6,0.4,1,50,31,6,57
100,1,0.6,0.4,1,50,32,15,57
100,1,0.6,0.4,1,50,33,23,57
100,1,0.6,0.4,1,50,34,23,57
100,1,0.6,0.4,1,50,35,36,57
100,1,0.6,0.4,1,50,36,15,57
100,1,0.6,0.4,1,50,37,23,57
100,1,0.6,0.4,1,50,38,23,57
100,1,0.6,0.4,1,50,39,15,57
100,1,0.6,0.4,1,50,40,36,57
100,1,0.6,0.4,1,50,41,36,57
100,1,0.6,0.4,1,50,42,15,57
100,1,0.6,0.4,1,50,43,36,57
100,1,0.6,0.4,1,50,44,15,57
100,1,0.6,0.4,1,50,45,23,57
100,1,0.6,0.4,1,50,46,23,57
100,1,0.6,0.4,1,50,47,36,57
100,1,0.6,0.4,1,50,48,36,57
100,1,0.6,0.4,1,50,49,36,57
100,1,0.6,0.4,1,50,50,36,57
10,1.5,0.6,0.4,1,50,1,2040,57
10,1.5,0.6,0.4,1,50,2,NA,57
10,1.5,0.6,0.4,1,50,3,NA,57
10,1.5,0.6,0.4,1,50,4,NA,57
10,1.5,0.6,0.4,1,50,5,NA,57
10,1.5,0.6,0.4,1,50,6,2040,57
10,1.5,0.6,0.4,1,50,7,NA,57
10,1.5,0.6,0.4,1,50,8,NA,57
10,1.5,0.6,0.4,1,50,9,3194,57
10,1.5,0.6,0.4,1,50,10,NA,57
10,1.5,0.6,0.4,1,50,11,340,57
10,1.5,0.6,0.4,1,50,12,340,57
10,1.5,0.6,0.4,1,50,13,NA,57
10,1.5,0.6,0.4,1,50,14,NA,57
10,1.5,0.6,0.4,1,50,15,340,57
10,1.5,0.6,0.4,1,50,16,NA,57
10,1.5,0.6,0.4,1,50,17,2040,57
10,1.5,0.6,0.4,1,50,18,3194,57
10,1.5,0.6,0.4,1,50,19,36,57
10,1.5,0.6,0.4,1,50,20,NA,57
10,1.5,0.6,0.4,1,50,21,NA,57
10,1.5,0.6,0.4,1,50,22,NA,57
10,1.5,0.6,0.4,1,50,23,NA,57
10,1.5,0.6,0.4,1,50,24,NA,57
10,1.5,0.6,0.4,1,50,25,NA,57
10,1.5,0.6,0.4,1,50,26,340,57
10,1.5,0.6,0.4,1,50,27,NA,57
10,1.5,0.6,0.4,1,50,28,NA,57
10,1.5,0.6,0.4,1,50,29,1303,57
10,1.5,0.6,0.4,1,50,30,NA,57
10,1.5,0.6,0.4,1,50,31,NA,57
10,1.5,0.6,0.4,1,50,32,532,57
10,1.5,0.6,0.4,1,50,33,532,57
10,1.5,0.6,0.4,1,50,34,532,57
10,1.5,0.6,0.4,1,50,35,NA,57
10,1.5,0.6,0.4,1,50,36,340,57
10,1.5,0.6,0.4,1,50,37,532,57
10,1.5,0.6,0.4,1,50,38,NA,57
10,1.5,0.6,0.4,1,50,39,NA,57
10,1.5,0.6,0.4,1,50,40,NA,57
10,1.5,0.6,0.4,1,50,41,340,57
10,1.5,0.6,0.4,1,50,42,NA,57
10,1.5,0.6,0.4,1,50,43,NA,57
10,1.5,0.6,0.4,1,50,44,NA,57
10,1.5,0.6,0.4,1,50,45,57,57
10,1.5,0.6,0.4,1,50,46,NA,57
10,1.5,0.6,0.4,1,50,47,532,57
10,1.5,0.6,0.4,1,50,48,2040,57
10,1.5,0.6,0.4,1,50,49,2040,57
10,1.5,0.6,0.4,1,50,50,NA,57
30,1.5,0.6,0.4,1,50,1,36,57
30,1.5,0.6,0.4,1,50,2,532,57
30,1.5,0.6,0.4,1,50,3,217,57
30,1.5,0.6,0.4,1,50,4,532,57
30,1.5,0.6,0.4,1,50,5,88,57
30,1.5,0.6,0.4,1,50,6,139,57
30,1.5,0.6,0.4,1,50,7,340,57
30,1.5,0.6,0.4,1,50,8,340,57
30,1.5,0.6,0.4,1,50,9,139,57
30,1.5,0.6,0.4,1,50,10,88,57
30,1.5,0.6,0.4,1,50,11,139,57
30,1.5,0.6,0.4,1,50,12,88,57
30,1.5,0.6,0.4,1,50,13,340,57
30,1.5,0.6,0.4,1,50,14,217,57
30,1.5,0.6,0.4,1,50,15,88,57
30,1.5,0.6,0.4,1,50,16,340,57
30,1.5,0.6,0.4,1,50,17,217,57
30,1.5,0.6,0.4,1,50,18,88,57
30,1.5,0.6,0.4,1,50,19,23,57
30,1.5,0.6,0.4,1,50,20,340,57
30,1.5,0.6,0.4,1,50,21,217,57
30,1.5,0.6,0.4,1,50,22,340,57
30,1.5,0.6,0.4,1,50,23,340,57
30,1.5,0.6,0.4,1,50,24,88,57
30,1.5,0.6,0.4,1,50,25,139,57
30,1.5,0.6,0.4,1,50,26,88,57
30,1.5,0.6,0.4,1,50,27,139,57
30,1.5,0.6,0.4,1,50,28,217,57
30,1.5,0.6,0.4,1,50,29,139,57
30,1.5,0.6,0.4,1,50,30,139,57
30,1.5,0.6,0.4,1,50,31,217,57
30,1.5,0.6,0.4,1,50,32,23,57
30,1.5,0.6,0.4,1,50,33,217,57
30,1.5,0.6,0.4,1,50,34,139,57
30,1.5,0.6,0.4,1,50,35,340,57
30,1.5,0.6,0.4,1,50,36,88,57
30,1.5,0.6,0.4,1,50,37,88,57
30,1.5,0.6,0.4,1,50,38,217,57
30,1.5,0.6,0.4,1,50,39,217,57
30,1.5,0.6,0.4,1,50,40,139,57
30,1.5,0.6,0.4,1,50,41,88,57
30,1.5,0.6,0.4,1,50,42,139,57
30,1.5,0.6,0.4,1,50,43,139,57
30,1.5,0.6,0.4,1,50,44,217,57
30,1.5,0.6,0.4,1,50,45,36,57
30,1.5,0.6,0.4,1,50,46,340,57
30,1.5,0.6,0.4,1,50,47,217,57
30,1.5,0.6,0.4,1,50,48,139,57
30,1.5,0.6,0.4,1,50,49,217,57
30,1.5,0.6,0.4,1,50,50,340,57
60,1.5,0.6,0.4,1,50,1,57,57
60,1.5,0.6,0.4,1,50,2,217,57
60,1.5,0.6,0.4,1,50,3,139,57
60,1.5,0.6,0.4,1,50,4,217,57
60,1.5,0.6,0.4,1,50,5,9,57
60,1.5,0.6,0.4,1,50,6,36,57
60,1.5,0.6,0.4,1,50,7,139,57
60,1.5,0.6,0.4,1,50,8,139,57
60,1.5,0.6,0.4,1,50,9,36,57
60,1.5,0.6,0.4,1,50,10,88,57
60,1.5,0.6,0.4,1,50,11,57,57
60,1.5,0.6,0.4,1,50,12,88,57
60,1.5,0.6,0.4,1,50,13,139,57
60,1.5,0.6,0.4,1,50,14,57,57
60,1.5,0.6,0.4,1,50,15,88,57
60,1.5,0.6,0.4,1,50,16,139,57
60,1.5,0.6,0.4,1,50,17,139,57
60,1.5,0.6,0.4,1,50,18,23,57
60,1.5,0.6,0.4,1,50,19,23,57
60,1.5,0.6,0.4,1,50,20,88,57
60,1.5,0.6,0.4,1,50,21,88,57
60,1.5,0.6,0.4,1,50,22,139,57
60,1.5,0.6,0.4,1,50,23,139,57
60,1.5,0.6,0.4,1,50,24,36,57
60,1.5,0.6,0.4,1,50,25,139,57
60,1.5,0.6,0.4,1,50,26,88,57
60,1.5,0.6,0.4,1,50,27,88,57
60,1.5,0.6,0.4,1,50,28,139,57
60,1.5,0.6,0.4,1,50,29,88,57
60,1.5,0.6,0.4,1,50,30,139,57
60,1.5,0.6,0.4,1,50,31,88,57
60,1.5,0.6,0.4,1,50,32,57,57
60,1.5,0.6,0.4,1,50,33,88,57
60,1.5,0.6,0.4,1,50,34,88,57
60,1.5,0.6,0.4,1,50,35,88,57
60,1.5,0.6,0.4,1,50,36,57,57
60,1.5,0.6,0.4,1,50,37,57,57
60,1.5,0.6,0.4,1,50,38,57,57
60,1.5,0.6,0.4,1,50,39,88,57
60,1.5,0.6,0.4,1,50,40,88,57
60,1.5,0.6,0.4,1,50,41,57,57
60,1.5,0.6,0.4,1,50,42,88,57
60,1.5,0.6,0.4,1,50,43,88,57
60,1.5,0.6,0.4,1,50,44,88,57
60,1.5,0.6,0.4,1,50,45,57,57
60,1.5,0.6,0.4,1,50,46,139,57
60,1.5,0.6,0.4,1,50,47,139,57
60,1.5,0.6,0.4,1,50,48,139,57
60,1.5,0.6,0.4,1,50,49,57,57
60,1.5,0.6,0.4,1,50,50,139,57
100,1.5,0.6,0.4,1,50,1,23,57
100,1.5,0.6,0.4,1,50,2,139,57
100,1.5,0.6,0.4,1,50,3,57,57
100,1.5,0.6,0.4,1,50,4,139,57
100,1.5,0.6,0.4,1,50,5,57,57
100,1.5,0.6,0.4,1,50,6,23,57
100,1.5,0.6,0.4,1,50,7,139,57
100,1.5,0.6,0.4,1,50,8,88,57
100,1.5,0.6,0.4,1,50,9,23,57
100,1.5,0.6,0.4,1,50,10,57,57
100,1.5,0.6,0.4,1,50,11,57,57
100,1.5,0.6,0.4,1,50,12,57,57
100,1.5,0.6,0.4,1,50,13,57,57
100,1.5,0.6,0.4,1,50,14,57,57
100,1.5,0.6,0.4,1,50,15,23,57
100,1.5,0.6,0.4,1,50,16,88,57
100,1.5,0.6,0.4,1,50,17,57,57
100,1.5,0.6,0.4,1,50,18,9,57
100,1.5,0.6,0.4,1,50,19,23,57
100,1.5,0.6,0.4,1,50,20,88,57
100,1.5,0.6,0.4,1,50,21,88,57
100,1.5,0.6,0.4,1,50,22,88,57
100,1.5,0.6,0.4,1,50,23,139,57
100,1.5,0.6,0.4,1,50,24,88,57
100,1.5,0.6,0.4,1,50,25,57,57
100,1.5,0.6,0.4,1,50,26,57,57
100,1.5,0.6,0.4,1,50,27,88,57
100,1.5,0.6,0.4,1,50,28,88,57
100,1.5,0.6,0.4,1,50,29,88,57
100,1.5,0.6,0.4,1,50,30,57,57
100,1.5,0.6,0.4,1,50,31,36,57
100,1.5,0.6,0.4,1,50,32,36,57
100,1.5,0.6,0.4,1,50,33,57,57
100,1.5,0.6,0.4,1,50,34,57,57
100,1.5,0.6,0.4,1,50,35,57,57
100,1.5,0.6,0.4,1,50,36,57,57
100,1.5,0.6,0.4,1,50,37,23,57
100,1.5,0.6,0.4,1,50,38,88,57
100,1.5,0.6,0.4,1,50,39,57,57
100,1.5,0.6,0.4,1,50,40,23,57
100,1.5,0.6,0.4,1,50,41,57,57
100,1.5,0.6,0.4,1,50,42,88,57
100,1.5,0.6,0.4,1,50,43,88,57
100,1.5,0.6,0.4,1,50,44,57,57
100,1.5,0.6,0.4,1,50,45,23,57
100,1.5,0.6,0.4,1,50,46,139,57
100,1.5,0.6,0.4,1,50,47,139,57
100,1.5,0.6,0.4,1,50,48,88,57
100,1.5,0.6,0.4,1,50,49,36,57
100,1.5,0.6,0.4,1,50,50,88,57
10,0.5,0.7,0.4,1,50,1,57,88
10,0.5,0.7,0.4,1,50,2,57,88
10,0.5,0.7,0.4,1,50,3,57,88
10,0.5,0.7,0.4,1,50,4,57,88
10,0.5,0.7,0.4,1,50,5,36,88
10,0.5,0.7,0.4,1,50,6,36,88
10,0.5,0.7,0.4,1,50,7,36,88
10,0.5,0.7,0.4,1,50,8,57,88
10,0.5,0.7,0.4,1,50,9,57,88
10,0.5,0.7,0.4,1,50,10,36,88
10,0.5,0.7,0.4,1,50,11,36,88
10,0.5,0.7,0.4,1,50,12,57,88
10,0.5,0.7,0.4,1,50,13,57,88
10,0.5,0.7,0.4,1,50,14,57,88
10,0.5,0.7,0.4,1,50,15,57,88
10,0.5,0.7,0.4,1,50,16,36,88
10,0.5,0.7,0.4,1,50,17,57,88
10,0.5,0.7,0.4,1,50,18,57,88
10,0.5,0.7,0.4,1,50,19,36,88
10,0.5,0.7,0.4,1,50,20,36,88
10,0.5,0.7,0.4,1,50,21,57,88
10,0.5,0.7,0.4,1,50,22,57,88
10,0.5,0.7,0.4,1,50,23,57,88
10,0.5,0.7,0.4,1,50,24,36,88
10,0.5,0.7,0.4,1,50,25,36,88
10,0.5,0.7,0.4,1,50,26,36,88
10,0.5,0.7,0.4,1,50,27,36,88
10,0.5,0.7,0.4,1,50,28,57,88
10,0.5,0.7,0.4,1,50,29,57,88
10,0.5,0.7,0.4,1,50,30,57,88
10,0.5,0.7,0.4,1,50,31,36,88
10,0.5,0.7,0.4,1,50,32,57,88
10,0.5,0.7,0.4,1,50,33,36,88
10,0.5,0.7,0.4,1,50,34,57,88
10,0.5,0.7,0.4,1,50,35,36,88
10,0.5,0.7,0.4,1,50,36,57,88
10,0.5,0.7,0.4,1,50,37,57,88
10,0.5,0.7,0.4,1,50,38,57,88
10,0.5,0.7,0.4,1,50,39,36,88
10,0.5,0.7,0.4,1,50,40,36,88
10,0.5,0.7,0.4,1,50,41,57,88
10,0.5,0.7,0.4,1,50,42,36,88
10,0.5,0.7,0.4,1,50,43,36,88
10,0.5,0.7,0.4,1,50,44,23,88
10,0.5,0.7,0.4,1,50,45,36,88
10,0.5,0.7,0.4,1,50,46,36,88
10,0.5,0.7,0.4,1,50,47,57,88
10,0.5,0.7,0.4,1,50,48,36,88
10,0.5,0.7,0.4,1,50,49,36,88
10,0.5,0.7,0.4,1,50,50,23,88
30,0.5,0.7,0.4,1,50,1,15,88
30,0.5,0.7,0.4,1,50,2,23,88
30,0.5,0.7,0.4,1,50,3,23,88
30,0.5,0.7,0.4,1,50,4,23,88
30,0.5,0.7,0.4,1,50,5,23,88
30,0.5,0.7,0.4,1,50,6,15,88
30,0.5,0.7,0.4,1,50,7,23,88
30,0.5,0.7,0.4,1,50,8,23,88
30,0.5,0.7,0.4,1,50,9,23,88
30,0.5,0.7,0.4,1,50,10,15,88
30,0.5,0.7,0.4,1,50,11,23,88
30,0.5,0.7,0.4,1,50,12,15,88
30,0.5,0.7,0.4,1,50,13,23,88
30,0.5,0.7,0.4,1,50,14,15,88
30,0.5,0.7,0.4,1,50,15,15,88
30,0.5,0.7,0.4,1,50,16,15,88
30,0.5,0.7,0.4,1,50,17,23,88
30,0.5,0.7,0.4,1,50,18,23,88
30,0.5,0.7,0.4,1,50,19,15,88
30,0.5,0.7,0.4,1,50,20,23,88
30,0.5,0.7,0.4,1,50,21,23,88
30,0.5,0.7,0.4,1,50,22,23,88
30,0.5,0.7,0.4,1,50,23,15,88
30,0.5,0.7,0.4,1,50,24,23,88
30,0.5,0.7,0.4,1,50,25,15,88
30,0.5,0.7,0.4,1,50,26,15,88
30,0.5,0.7,0.4,1,50,27,23,88
30,0.5,0.7,0.4,1,50,28,23,88
30,0.5,0.7,0.4,1,50,29,23,88
30,0.5,0.7,0.4,1,50,30,15,88
30,0.5,0.7,0.4,1,50,31,15,88
30,0.5,0.7,0.4,1,50,32,23,88
30,0.5,0.7,0.4,1,50,33,15,88
30,0.5,0.7,0.4,1,50,34,15,88
30,0.5,0.7,0.4,1,50,35,15,88
30,0.5,0.7,0.4,1,50,36,23,88
30,0.5,0.7,0.4,1,50,37,15,88
30,0.5,0.7,0.4,1,50,38,23,88
30,0.5,0.7,0.4,1,50,39,23,88
30,0.5,0.7,0.4,1,50,40,23,88
30,0.5,0.7,0.4,1,50,41,23,88
30,0.5,0.7,0.4,1,50,42,15,88
30,0.5,0.7,0.4,1,50,43,23,88
30,0.5,0.7,0.4,1,50,44,23,88
30,0.5,0.7,0.4,1,50,45,23,88
30,0.5,0.7,0.4,1,50,46,15,88
30,0.5,0.7,0.4,1,50,47,15,88
30,0.5,0.7,0.4,1,50,48,23,88
30,0.5,0.7,0.4,1,50,49,23,88
30,0.5,0.7,0.4,1,50,50,15,88
60,0.5,0.7,0.4,1,50,1,15,88
60,0.5,0.7,0.4,1,50,2,6,88
60,0.5,0.7,0.4,1,50,3,15,88
60,0.5,0.7,0.4,1,50,4,15,88
60,0.5,0.7,0.4,1,50,5,15,88
60,0.5,0.7,0.4,1,50,6,15,88
60,0.5,0.7,0.4,1,50,7,15,88
60,0.5,0.7,0.4,1,50,8,15,88
60,0.5,0.7,0.4,1,50,9,15,88
60,0.5,0.7,0.4,1,50,10,15,88
60,0.5,0.7,0.4,1,50,11,9,88
60,0.5,0.7,0.4,1,50,12,15,88
60,0.5,0.7,0.4,1,50,13,15,88
60,0.5,0.7,0.4,1,50,14,15,88
60,0.5,0.7,0.4,1,50,15,15,88
60,0.5,0.7,0.4,1,50,16,15,88
60,0.5,0.7,0.4,1,50,17,15,88
60,0.5,0.7,0.4,1,50,18,15,88
60,0.5,0.7,0.4,1,50,19,15,88
60,0.5,0.7,0.4,1,50,20,15,88
60,0.5,0.7,0.4,1,50,21,15,88
60,0.5,0.7,0.4,1,50,22,15,88
60,0.5,0.7,0.4,1,50,23,15,88
60,0.5,0.7,0.4,1,50,24,15,88
60,0.5,0.7,0.4,1,50,25,15,88
60,0.5,0.7,0.4,1,50,26,9,88
60,0.5,0.7,0.4,1,50,27,15,88
60,0.5,0.7,0.4,1,50,28,23,88
60,0.5,0.7,0.4,1,50,29,15,88
60,0.5,0.7,0.4,1,50,30,9,88
60,0.5,0.7,0.4,1,50,31,15,88
60,0.5,0.7,0.4,1,50,32,15,88
60,0.5,0.7,0.4,1,50,33,15,88
60,0.5,0.7,0.4,1,50,34,15,88
60,0.5,0.7,0.4,1,50,35,15,88
60,0.5,0.7,0.4,1,50,36,15,88
60,0.5,0.7,0.4,1,50,37,15,88
60,0.5,0.7,0.4,1,50,38,15,88
60,0.5,0.7,0.4,1,50,39,15,88
60,0.5,0.7,0.4,1,50,40,15,88
60,0.5,0.7,0.4,1,50,41,15,88
60,0.5,0.7,0.4,1,50,42,6,88
60,0.5,0.7,0.4,1,50,43,15,88
60,0.5,0.7,0.4,1,50,44,23,88
60,0.5,0.7,0.4,1,50,45,15,88
60,0.5,0.7,0.4,1,50,46,9,88
60,0.5,0.7,0.4,1,50,47,15,88
60,0.5,0.7,0.4,1,50,48,9,88
60,0.5,0.7,0.4,1,50,49,15,88
60,0.5,0.7,0.4,1,50,50,15,88
100,0.5,0.7,0.4,1,50,1,15,88
100,0.5,0.7,0.4,1,50,2,6,88
100,0.5,0.7,0.4,1,50,3,15,88
100,0.5,0.7,0.4,1,50,4,9,88
100,0.5,0.7,0.4,1,50,5,9,88
100,0.5,0.7,0.4,1,50,6,15,88
100,0.5,0.7,0.4,1,50,7,15,88
100,0.5,0.7,0.4,1,50,8,15,88
100,0.5,0.7,0.4,1,50,9,15,88
100,0.5,0.7,0.4,1,50,10,15,88
100,0.5,0.7,0.4,1,50,11,9,88
100,0.5,0.7,0.4,1,50,12,9,88
100,0.5,0.7,0.4,1,50,13,15,88
100,0.5,0.7,0.4,1,50,14,9,88
100,0.5,0.7,0.4,1,50,15,15,88
100,0.5,0.7,0.4,1,50,16,9,88
100,0.5,0.7,0.4,1,50,17,15,88
100,0.5,0.7,0.4,1,50,18,15,88
100,0.5,0.7,0.4,1,50,19,15,88
100,0.5,0.7,0.4,1,50,20,15,88
100,0.5,0.7,0.4,1,50,21,15,88
100,0.5,0.7,0.4,1,50,22,15,88
100,0.5,0.7,0.4,1,50,23,15,88
100,0.5,0.7,0.4,1,50,24,15,88
100,0.5,0.7,0.4,1,50,25,9,88
100,0.5,0.7,0.4,1,50,26,9,88
100,0.5,0.7,0.4,1,50,27,15,88
100,0.5,0.7,0.4,1,50,28,15,88
100,0.5,0.7,0.4,1,50,29,15,88
100,0.5,0.7,0.4,1,50,30,15,88
100,0.5,0.7,0.4,1,50,31,9,88
100,0.5,0.7,0.4,1,50,32,15,88
100,0.5,0.7,0.4,1,50,33,9,88
100,0.5,0.7,0.4,1,50,34,15,88
100,0.5,0.7,0.4,1,50,35,9,88
100,0.5,0.7,0.4,1,50,36,9,88
100,0.5,0.7,0.4,1,50,37,9,88
100,0.5,0.7,0.4,1,50,38,9,88
100,0.5,0.7,0.4,1,50,39,15,88
100,0.5,0.7,0.4,1,50,40,15,88
100,0.5,0.7,0.4,1,50,41,15,88
100,0.5,0.7,0.4,1,50,42,9,88
100,0.5,0.7,0.4,1,50,43,15,88
100,0.5,0.7,0.4,1,50,44,15,88
100,0.5,0.7,0.4,1,50,45,15,88
100,0.5,0.7,0.4,1,50,46,9,88
100,0.5,0.7,0.4,1,50,47,15,88
100,0.5,0.7,0.4,1,50,48,15,88
100,0.5,0.7,0.4,1,50,49,15,88
100,0.5,0.7,0.4,1,50,50,15,88
10,1,0.7,0.4,1,50,1,88,88
10,1,0.7,0.4,1,50,2,88,88
10,1,0.7,0.4,1,50,3,36,88
10,1,0.7,0.4,1,50,4,88,88
10,1,0.7,0.4,1,50,5,36,88
10,1,0.7,0.4,1,50,6,57,88
10,1,0.7,0.4,1,50,7,57,88
10,1,0.7,0.4,1,50,8,57,88
10,1,0.7,0.4,1,50,9,88,88
10,1,0.7,0.4,1,50,10,57,88
10,1,0.7,0.4,1,50,11,57,88
10,1,0.7,0.4,1,50,12,57,88
10,1,0.7,0.4,1,50,13,88,88
10,1,0.7,0.4,1,50,14,57,88
10,1,0.7,0.4,1,50,15,88,88
10,1,0.7,0.4,1,50,16,57,88
10,1,0.7,0.4,1,50,17,88,88
10,1,0.7,0.4,1,50,18,88,88
10,1,0.7,0.4,1,50,19,36,88
10,1,0.7,0.4,1,50,20,57,88
10,1,0.7,0.4,1,50,21,88,88
10,1,0.7,0.4,1,50,22,57,88
10,1,0.7,0.4,1,50,23,57,88
10,1,0.7,0.4,1,50,24,23,88
10,1,0.7,0.4,1,50,25,88,88
10,1,0.7,0.4,1,50,26,15,88
10,1,0.7,0.4,1,50,27,23,88
10,1,0.7,0.4,1,50,28,36,88
10,1,0.7,0.4,1,50,29,88,88
10,1,0.7,0.4,1,50,30,88,88
10,1,0.7,0.4,1,50,31,57,88
10,1,0.7,0.4,1,50,32,36,88
10,1,0.7,0.4,1,50,33,57,88
10,1,0.7,0.4,1,50,34,88,88
10,1,0.7,0.4,1,50,35,57,88
10,1,0.7,0.4,1,50,36,88,88
10,1,0.7,0.4,1,50,37,57,88
10,1,0.7,0.4,1,50,38,57,88
10,1,0.7,0.4,1,50,39,57,88
10,1,0.7,0.4,1,50,40,57,88
10,1,0.7,0.4,1,50,41,88,88
10,1,0.7,0.4,1,50,42,88,88
10,1,0.7,0.4,1,50,43,36,88
10,1,0.7,0.4,1,50,44,36,88
10,1,0.7,0.4,1,50,45,36,88
10,1,0.7,0.4,1,50,46,36,88
10,1,0.7,0.4,1,50,47,36,88
10,1,0.7,0.4,1,50,48,57,88
10,1,0.7,0.4,1,50,49,88,88
10,1,0.7,0.4,1,50,50,36,88
30,1,0.7,0.4,1,50,1,23,57
30,1,0.7,0.4,1,50,2,23,57
30,1,0.7,0.4,1,50,3,23,57
30,1,0.7,0.4,1,50,4,36,57
30,1,0.7,0.4,1,50,5,23,57
30,1,0.7,0.4,1,50,6,36,57
30,1,0.7,0.4,1,50,7,23,57
30,1,0.7,0.4,1,50,8,23,57
30,1,0.7,0.4,1,50,9,36,57
30,1,0.7,0.4,1,50,10,15,57
30,1,0.7,0.4,1,50,11,23,57
30,1,0.7,0.4,1,50,12,23,57
30,1,0.7,0.4,1,50,13,36,57
30,1,0.7,0.4,1,50,14,23,57
30,1,0.7,0.4,1,50,15,15,57
30,1,0.7,0.4,1,50,16,36,57
30,1,0.7,0.4,1,50,17,36,57
30,1,0.7,0.4,1,50,18,23,57
30,1,0.7,0.4,1,50,19,15,57
30,1,0.7,0.4,1,50,20,23,57
30,1,0.7,0.4,1,50,21,23,57
30,1,0.7,0.4,1,50,22,23,57
30,1,0.7,0.4,1,50,23,36,57
30,1,0.7,0.4,1,50,24,23,57
30,1,0.7,0.4,1,50,25,23,57
30,1,0.7,0.4,1,50,26,9,57
30,1,0.7,0.4,1,50,27,23,57
30,1,0.7,0.4,1,50,28,15,57
30,1,0.7,0.4,1,50,29,23,57
30,1,0.7,0.4,1,50,30,23,57
30,1,0.7,0.4,1,50,31,23,57
30,1,0.7,0.4,1,50,32,23,57
30,1,0.7,0.4,1,50,33,23,57
30,1,0.7,0.4,1,50,34,23,57
30,1,0.7,0.4,1,50,35,23,57
30,1,0.7,0.4,1,50,36,23,57
30,1,0.7,0.4,1,50,37,6,57
30,1,0.7,0.4,1,50,38,23,57
30,1,0.7,0.4,1,50,39,15,57
30,1,0.7,0.4,1,50,40,23,57
30,1,0.7,0.4,1,50,41,36,57
30,1,0.7,0.4,1,50,42,9,57
30,1,0.7,0.4,1,50,43,15,57
30,1,0.7,0.4,1,50,44,23,57
30,1,0.7,0.4,1,50,45,23,57
30,1,0.7,0.4,1,50,46,15,57
30,1,0.7,0.4,1,50,47,23,57
30,1,0.7,0.4,1,50,48,15,57
30,1,0.7,0.4,1,50,49,36,57
30,1,0.7,0.4,1,50,50,23,57
60,1,0.7,0.4,1,50,1,15,57
60,1,0.7,0.4,1,50,2,15,57
60,1,0.7,0.4,1,50,3,6,57
60,1,0.7,0.4,1,50,4,15,57
60,1,0.7,0.4,1,50,5,15,57
60,1,0.7,0.4,1,50,6,23,57
60,1,0.7,0.4,1,50,7,23,57
60,1,0.7,0.4,1,50,8,23,57
60,1,0.7,0.4,1,50,9,23,57
60,1,0.7,0.4,1,50,10,15,57
60,1,0.7,0.4,1,50,11,15,57
60,1,0.7,0.4,1,50,12,15,57
60,1,0.7,0.4,1,50,13,15,57
60,1,0.7,0.4,1,50,14,23,57
60,1,0.7,0.4,1,50,15,15,57
60,1,0.7,0.4,1,50,16,23,57
60,1,0.7,0.4,1,50,17,23,57
60,1,0.7,0.4,1,50,18,23,57
60,1,0.7,0.4,1,50,19,15,57
60,1,0.7,0.4,1,50,20,15,57
60,1,0.7,0.4,1,50,21,15,57
60,1,0.7,0.4,1,50,22,23,57
60,1,0.7,0.4,1,50,23,23,57
60,1,0.7,0.4,1,50,24,23,57
60,1,0.7,0.4,1,50,25,23,57
60,1,0.7,0.4,1,50,26,9,57
60,1,0.7,0.4,1,50,27,23,57
60,1,0.7,0.4,1,50,28,15,57
60,1,0.7,0.4,1,50,29,23,57
60,1,0.7,0.4,1,50,30,15,57
60,1,0.7,0.4,1,50,31,23,57
60,1,0.7,0.4,1,50,32,15,57
60,1,0.7,0.4,1,50,33,23,57
60,1,0.7,0.4,1,50,34,23,57
60,1,0.7,0.4,1,50,35,15,57
60,1,0.7,0.4,1,50,36,15,57
60,1,0.7,0.4,1,50,37,6,57
60,1,0.7,0.4,1,50,38,15,57
60,1,0.7,0.4,1,50,39,23,57
60,1,0.7,0.4,1,50,40,23,57
60,1,0.7,0.4,1,50,41,23,57
60,1,0.7,0.4,1,50,42,15,57
60,1,0.7,0.4,1,50,43,23,57
60,1,0.7,0.4,1,50,44,23,57
60,1,0.7,0.4,1,50,45,15,57
60,1,0.7,0.4,1,50,46,15,57
60,1,0.7,0.4,1,50,47,23,57
60,1,0.7,0.4,1,50,48,15,57
60,1,0.7,0.4,1,50,49,23,57
60,1,0.7,0.4,1,50,50,15,57
100,1,0.7,0.4,1,50,1,15,57
100,1,0.7,0.4,1,50,2,15,57
100,1,0.7,0.4,1,50,3,15,57
100,1,0.7,0.4,1,50,4,15,57
100,1,0.7,0.4,1,50,5,15,57
100,1,0.7,0.4,1,50,6,23,57
100,1,0.7,0.4,1,50,7,23,57
100,1,0.7,0.4,1,50,8,23,57
100,1,0.7,0.4,1,50,9,23,57
100,1,0.7,0.4,1,50,10,15,57
100,1,0.7,0.4,1,50,11,15,57
100,1,0.7,0.4,1,50,12,15,57
100,1,0.7,0.4,1,50,13,15,57
100,1,0.7,0.4,1,50,14,15,57
100,1,0.7,0.4,1,50,15,9,57
100,1,0.7,0.4,1,50,16,23,57
100,1,0.7,0.4,1,50,17,15,57
100,1,0.7,0.4,1,50,18,15,57
100,1,0.7,0.4,1,50,19,15,57
100,1,0.7,0.4,1,50,20,15,57
100,1,0.7,0.4,1,50,21,15,57
100,1,0.7,0.4,1,50,22,15,57
100,1,0.7,0.4,1,50,23,15,57
100,1,0.7,0.4,1,50,24,15,57
100,1,0.7,0.4,1,50,25,15,57
100,1,0.7,0.4,1,50,26,9,57
100,1,0.7,0.4,1,50,27,23,57
100,1,0.7,0.4,1,50,28,9,57
100,1,0.7,0.4,1,50,29,23,57
100,1,0.7,0.4,1,50,30,15,57
100,1,0.7,0.4,1,50,31,15,57
100,1,0.7,0.4,1,50,32,4,57
100,1,0.7,0.4,1,50,33,15,57
100,1,0.7,0.4,1,50,34,15,57
100,1,0.7,0.4,1,50,35,15,57
100,1,0.7,0.4,1,50,36,15,57
100,1,0.7,0.4,1,50,37,6,57
100,1,0.7,0.4,1,50,38,15,57
100,1,0.7,0.4,1,50,39,15,57
100,1,0.7,0.4,1,50,40,23,57
100,1,0.7,0.4,1,50,41,23,57
100,1,0.7,0.4,1,50,42,15,57
100,1,0.7,0.4,1,50,43,23,57
100,1,0.7,0.4,1,50,44,23,57
100,1,0.7,0.4,1,50,45,15,57
100,1,0.7,0.4,1,50,46,15,57
100,1,0.7,0.4,1,50,47,23,57
100,1,0.7,0.4,1,50,48,6,57
100,1,0.7,0.4,1,50,49,15,57
100,1,0.7,0.4,1,50,50,15,57
10,1.5,0.7,0.4,1,50,1,340,57
10,1.5,0.7,0.4,1,50,2,217,57
10,1.5,0.7,0.4,1,50,3,139,57
10,1.5,0.7,0.4,1,50,4,1303,57
10,1.5,0.7,0.4,1,50,5,532,57
10,1.5,0.7,0.4,1,50,6,532,57
10,1.5,0.7,0.4,1,50,7,88,57
10,1.5,0.7,0.4,1,50,8,832,57
10,1.5,0.7,0.4,1,50,9,832,57
10,1.5,0.7,0.4,1,50,10,340,57
10,1.5,0.7,0.4,1,50,11,340,57
10,1.5,0.7,0.4,1,50,12,217,57
10,1.5,0.7,0.4,1,50,13,1303,57
10,1.5,0.7,0.4,1,50,14,217,57
10,1.5,0.7,0.4,1,50,15,532,57
10,1.5,0.7,0.4,1,50,16,832,57
10,1.5,0.7,0.4,1,50,17,532,57
10,1.5,0.7,0.4,1,50,18,532,57
10,1.5,0.7,0.4,1,50,19,340,57
10,1.5,0.7,0.4,1,50,20,139,57
10,1.5,0.7,0.4,1,50,21,532,57
10,1.5,0.7,0.4,1,50,22,217,57
10,1.5,0.7,0.4,1,50,23,139,57
10,1.5,0.7,0.4,1,50,24,139,57
10,1.5,0.7,0.4,1,50,25,340,57
10,1.5,0.7,0.4,1,50,26,57,57
10,1.5,0.7,0.4,1,50,27,832,57
10,1.5,0.7,0.4,1,50,28,340,57
10,1.5,0.7,0.4,1,50,29,532,57
10,1.5,0.7,0.4,1,50,30,532,57
10,1.5,0.7,0.4,1,50,31,88,57
10,1.5,0.7,0.4,1,50,32,23,57
10,1.5,0.7,0.4,1,50,33,57,57
10,1.5,0.7,0.4,1,50,34,832,57
10,1.5,0.7,0.4,1,50,35,340,57
10,1.5,0.7,0.4,1,50,36,139,57
10,1.5,0.7,0.4,1,50,37,139,57
10,1.5,0.7,0.4,1,50,38,340,57
10,1.5,0.7,0.4,1,50,39,57,57
10,1.5,0.7,0.4,1,50,40,139,57
10,1.5,0.7,0.4,1,50,41,832,57
10,1.5,0.7,0.4,1,50,42,88,57
10,1.5,0.7,0.4,1,50,43,532,57
10,1.5,0.7,0.4,1,50,44,217,57
10,1.5,0.7,0.4,1,50,45,57,57
10,1.5,0.7,0.4,1,50,46,340,57
10,1.5,0.7,0.4,1,50,47,340,57
10,1.5,0.7,0.4,1,50,48,340,57
10,1.5,0.7,0.4,1,50,49,340,57
10,1.5,0.7,0.4,1,50,50,217,57
30,1.5,0.7,0.4,1,50,1,57,57
30,1.5,0.7,0.4,1,50,2,88,57
30,1.5,0.7,0.4,1,50,3,36,57
30,1.5,0.7,0.4,1,50,4,88,57
30,1.5,0.7,0.4,1,50,5,23,57
30,1.5,0.7,0.4,1,50,6,57,57
30,1.5,0.7,0.4,1,50,7,57,57
30,1.5,0.7,0.4,1,50,8,139,57
30,1.5,0.7,0.4,1,50,9,139,57
30,1.5,0.7,0.4,1,50,10,57,57
30,1.5,0.7,0.4,1,50,11,88,57
30,1.5,0.7,0.4,1,50,12,88,57
30,1.5,0.7,0.4,1,50,13,88,57
30,1.5,0.7,0.4,1,50,14,57,57
30,1.5,0.7,0.4,1,50,15,57,57
30,1.5,0.7,0.4,1,50,16,88,57
30,1.5,0.7,0.4,1,50,17,88,57
30,1.5,0.7,0.4,1,50,18,36,57
30,1.5,0.7,0.4,1,50,19,15,57
30,1.5,0.7,0.4,1,50,20,36,57
30,1.5,0.7,0.4,1,50,21,36,57
30,1.5,0.7,0.4,1,50,22,57,57
30,1.5,0.7,0.4,1,50,23,36,57
30,1.5,0.7,0.4,1,50,24,57,57
30,1.5,0.7,0.4,1,50,25,57,57
30,1.5,0.7,0.4,1,50,26,36,57
30,1.5,0.7,0.4,1,50,27,139,57
30,1.5,0.7,0.4,1,50,28,36,57
30,1.5,0.7,0.4,1,50,29,57,57
30,1.5,0.7,0.4,1,50,30,88,57
30,1.5,0.7,0.4,1,50,31,57,57
30,1.5,0.7,0.4,1,50,32,15,57
30,1.5,0.7,0.4,1,50,33,57,57
30,1.5,0.7,0.4,1,50,34,139,57
30,1.5,0.7,0.4,1,50,35,88,57
30,1.5,0.7,0.4,1,50,36,57,57
30,1.5,0.7,0.4,1,50,37,6,57
30,1.5,0.7,0.4,1,50,38,88,57
30,1.5,0.7,0.4,1,50,39,57,57
30,1.5,0.7,0.4,1,50,40,57,57
30,1.5,0.7,0.4,1,50,41,88,57
30,1.5,0.7,0.4,1,50,42,57,57
30,1.5,0.7,0.4,1,50,43,57,57
30,1.5,0.7,0.4,1,50,44,36,57
30,1.5,0.7,0.4,1,50,45,23,57
30,1.5,0.7,0.4,1,50,46,57,57
30,1.5,0.7,0.4,1,50,47,88,57
30,1.5,0.7,0.4,1,50,48,15,57
30,1.5,0.7,0.4,1,50,49,88,57
30,1.5,0.7,0.4,1,50,50,36,57
60,1.5,0.7,0.4,1,50,1,36,57
60,1.5,0.7,0.4,1,50,2,57,57
60,1.5,0.7,0.4,1,50,3,23,57
60,1.5,0.7,0.4,1,50,4,88,57
60,1.5,0.7,0.4,1,50,5,23,57
60,1.5,0.7,0.4,1,50,6,57,57
60,1.5,0.7,0.4,1,50,7,36,57
60,1.5,0.7,0.4,1,50,8,88,57
60,1.5,0.7,0.4,1,50,9,88,57
60,1.5,0.7,0.4,1,50,10,57,57
60,1.5,0.7,0.4,1,50,11,23,57
60,1.5,0.7,0.4,1,50,12,57,57
60,1.5,0.7,0.4,1,50,13,57,57
60,1.5,0.7,0.4,1,50,14,57,57
60,1.5,0.7,0.4,1,50,15,36,57
60,1.5,0.7,0.4,1,50,16,57,57
60,1.5,0.7,0.4,1,50,17,57,57
60,1.5,0.7,0.4,1,50,18,9,57
60,1.5,0.7,0.4,1,50,19,15,57
60,1.5,0.7,0.4,1,50,20,15,57
60,1.5,0.7,0.4,1,50,21,57,57
60,1.5,0.7,0.4,1,50,22,23,57
60,1.5,0.7,0.4,1,50,23,36,57
60,1.5,0.7,0.4,1,50,24,57,57
60,1.5,0.7,0.4,1,50,25,36,57
60,1.5,0.7,0.4,1,50,26,9,57
60,1.5,0.7,0.4,1,50,27,57,57
60,1.5,0.7,0.4,1,50,28,36,57
60,1.5,0.7,0.4,1,50,29,57,57
60,1.5,0.7,0.4,1,50,30,57,57
60,1.5,0.7,0.4,1,50,31,57,57
60,1.5,0.7,0.4,1,50,32,36,57
60,1.5,0.7,0.4,1,50,33,57,57
60,1.5,0.7,0.4,1,50,34,57,57
60,1.5,0.7,0.4,1,50,35,57,57
60,1.5,0.7,0.4,1,50,36,36,57
60,1.5,0.7,0.4,1,50,37,36,57
60,1.5,0.7,0.4,1,50,38,57,57
60,1.5,0.7,0.4,1,50,39,57,57
60,1.5,0.7,0.4,1,50,40,57,57
60,1.5,0.7,0.4,1,50,41,57,57
60,1.5,0.7,0.4,1,50,42,57,57
60,1.5,0.7,0.4,1,50,43,57,57
60,1.5,0.7,0.4,1,50,44,36,57
60,1.5,0.7,0.4,1,50,45,15,57
60,1.5,0.7,0.4,1,50,46,36,57
60,1.5,0.7,0.4,1,50,47,57,57
60,1.5,0.7,0.4,1,50,48,23,57
60,1.5,0.7,0.4,1,50,49,57,57
60,1.5,0.7,0.4,1,50,50,36,57
100,1.5,0.7,0.4,1,50,1,9,57
100,1.5,0.7,0.4,1,50,2,36,57
100,1.5,0.7,0.4,1,50,3,36,57
100,1.5,0.7,0.4,1,50,4,57,57
100,1.5,0.7,0.4,1,50,5,15,57
100,1.5,0.7,0.4,1,50,6,57,57
100,1.5,0.7,0.4,1,50,7,36,57
100,1.5,0.7,0.4,1,50,8,36,57
100,1.5,0.7,0.4,1,50,9,57,57
100,1.5,0.7,0.4,1,50,10,23,57
100,1.5,0.7,0.4,1,50,11,23,57
100,1.5,0.7,0.4,1,50,12,36,57
100,1.5,0.7,0.4,1,50,13,15,57
100,1.5,0.7,0.4,1,50,14,36,57
100,1.5,0.7,0.4,1,50,15,23,57
100,1.5,0.7,0.4,1,50,16,57,57
100,1.5,0.7,0.4,1,50,17,36,57
100,1.5,0.7,0.4,1,50,18,36,57
100,1.5,0.7,0.4,1,50,19,23,57
100,1.5,0.7,0.4,1,50,20,23,57
100,1.5,0.7,0.4,1,50,21,36,57
100,1.5,0.7,0.4,1,50,22,23,57
100,1.5,0.7,0.4,1,50,23,23,57
100,1.5,0.7,0.4,1,50,24,57,57
100,1.5,0.7,0.4,1,50,25,23,57
100,1.5,0.7,0.4,1,50,26,15,57
100,1.5,0.7,0.4,1,50,27,36,57
100,1.5,0.7,0.4,1,50,28,57,57
100,1.5,0.7,0.4,1,50,29,36,57
100,1.5,0.7,0.4,1,50,30,23,57
100,1.5,0.7,0.4,1,50,31,36,57
100,1.5,0.7,0.4,1,50,32,36,57
100,1.5,0.7,0.4,1,50,33,23,57
100,1.5,0.7,0.4,1,50,34,57,57
100,1.5,0.7,0.4,1,50,35,36,57
100,1.5,0.7,0.4,1,50,36,15,57
100,1.5,0.7,0.4,1,50,37,23,57
100,1.5,0.7,0.4,1,50,38,36,57
100,1.5,0.7,0.4,1,50,39,57,57
100,1.5,0.7,0.4,1,50,40,15,57
100,1.5,0.7,0.4,1,50,41,57,57
100,1.5,0.7,0.4,1,50,42,23,57
100,1.5,0.7,0.4,1,50,43,36,57
100,1.5,0.7,0.4,1,50,44,36,57
100,1.5,0.7,0.4,1,50,45,23,57
100,1.5,0.7,0.4,1,50,46,36,57
100,1.5,0.7,0.4,1,50,47,36,57
100,1.5,0.7,0.4,1,50,48,23,57
100,1.5,0.7,0.4,1,50,49,57,57
100,1.5,0.7,0.4,1,50,50,23,57
