"mu","sigma","item_overlap","class_overlap","add_k","zipf_s","n_preferred","frac_detected","frac_ob_lt_ow","frac_ow_lt_ob","frac_tie","mean_ob_nobs","mean_ow_nobs","sd_ob_nobs","sd_ow_nobs","n_both","mean_log_ratio","sd_log_ratio","n_ob_lt_ow","frac_ob_lt_ow_ci_lo","frac_ob_lt_ow_ci_hi","frac_ow_lt_ob_ci_lo","frac_ow_lt_ob_ci_hi","mean_ob_nobs_ci_lo","mean_ob_nobs_ci_hi","mean_ow_nobs_ci_lo","mean_ow_nobs_ci_hi","mean_log_ratio_ci_lo","mean_log_ratio_ci_hi"
10,0.5,0.5,0.2,0.001,0.5,50,1,0,1,0,2981.58,71,787.17604519094,0,50,NA,NA,0,6.93889390390723e-18,0.0713475991333587,0.928652400866641,1,2757.86704323517,3205.29295676483,71,71,NA,NA
10,0.5,0.5,0.2,0.001,1,50,1,0,1,0,5955.58,71,2160.40860732692,0,50,NA,NA,0,6.93889390390723e-18,0.0713475991333587,0.928652400866641,1,5341.59866721178,6569.56133278822,71,71,NA,NA
10,0.5,0.5,0.2,0.001,1.5,50,1,0,1,0,35752.96,71,28885.6677242524,0,50,NA,NA,0,6.93889390390723e-18,0.0713475991333587,0.928652400866641,1,27543.744063873,43962.175936127,71,71,NA,NA
10,0.5,0.5,0.2,0.01,0.5,50,1,0,1,0,3941.48,71,521.039982013994,0,50,NA,NA,0,6.93889390390723e-18,0.0713475991333587,0.928652400866641,1,3793.40207552407,4089.55792447593,71,71,NA,NA
10,0.5,0.5,0.2,0.01,1,50,1,0,1,0,7228.12,71,1827.14142343292,0,50,NA,NA,0,6.93889390390723e-18,0.0713475991333587,0.928652400866641,1,6708.85215291437,7747.38784708563,71,71,NA,NA
10,0.5,0.5,0.2,0.01,1.5,50,1,0,1,0,29423.42,71,8742.45798362853,0,50,NA,NA,0,6.93889390390723e-18,0.0713475991333587,0.928652400866641,1,26938.8409317492,31907.9990682508,71,71,NA,NA
10,0.5,0.5,0.2,0.1,0.5,50,1,0,1,0,9647.48,174,955.894179951581,0,50,NA,NA,0,6.93889390390723e-18,0.0713475991333587,0.928652400866641,1,9375.81787987109,9919.14212012891,174,174,NA,NA
10,0.5,0.5,0.2,0.1,1,50,1,0,1,0,21885.04,174,4856.54898033237,0,50,NA,NA,0,6.93889390390723e-18,0.0713475991333587,0.928652400866641,1,20504.8240512285,23265.2559487715,174,174,NA,NA
10,0.5,0.5,0.2,0.1,1.5,50,1,0,1,0,73405.08,270.04,19287.3818589528,13.8592929112563,50,NA,NA,0,6.93889390390723e-18,0.0713475991333587,0.928652400866641,1,67923.6667249402,78886.4932750598,266.101232535227,273.978767464773,NA,NA
10,0.5,0.5,0.2,0.5,0.5,50,1,0,1,0,16766.2,1637,4964.16692560858,0,50,NA,NA,0,6.93889390390723e-18,0.0713475991333587,0.928652400866641,1,15355.3993695861,18177.0006304139,1637,1637,NA,NA
10,0.5,0.5,0.2,0.5,1,50,1,0,1,0,35115.82,1637,7286.02820525388,0,50,NA,NA,0,6.93889390390723e-18,0.0713475991333587,0.928652400866641,1,33045.1536950137,37186.4863049863,1637,1637,NA,NA
10,0.5,0.5,0.2,0.5,1.5,50,1,0,1,0,106480.68,2563,28117.8817375298,0,50,NA,NA,0,6.93889390390723e-18,0.0713475991333587,0.928652400866641,1,98489.6664269932,114471.693573007,2563,2563,NA,NA
10,0.5,0.5,0.2,1,0.5,50,1,0.02,0.98,0,18319.18,6282,5175.2996154615,0,50,0.448398531016766,NA,1,0.00353925927164624,0.104954435896378,0.895045564103622,0.996460740728354,16848.3761230376,19789.9838769624,6282,6282,NA,NA
10,0.5,0.5,0.2,1,1,50,1,0.02,0.98,0,40777.28,6282,12880.4468566165,0,50,0.896509953734521,NA,1,0.00353925927164624,0.104954435896378,0.895045564103622,0.996460740728354,37116.6975059697,44437.8624940303,6282,6282,NA,NA
10,0.5,0.5,0.2,1,1.5,50,1,0.02,0.98,0,111044.68,9835,30681.8478958435,0,50,0.448259050724568,NA,1,0.00353925927164624,0.104954435896378,0.895045564103622,0.996460740728354,102324.995307203,119764.364692797,9835,9835,NA,NA
10,0.5,0.5,0.2,3,0.5,50,1,1,0,0,19583.84,37741,5243.59606454991,0,50,0.699321984178014,0.315806595153722,50,0.928652400866641,1,6.93889390390723e-18,0.0713475991333587,18093.6264869651,21074.0535130349,37741,37741,0.609570742890513,0.789073225465515
10,0.5,0.5,0.2,3,1,50,1,0.3,0.06,0.64,34355.26,37741,9946.48246881524,0,50,0.597716863774187,0.469154370949736,15,0.191035535008809,0.437503504644534,0.020614970348974,0.162170916888382,31528.5009591193,37182.0190408807,37741,37741,0.337907832997746,0.857525894550628
10,0.5,0.5,0.2,3,1.5,50,1,0.06,0.52,0.42,75602.88,59088,22739.5380381702,0,50,1.04596703328827,1.03522288591233,3,0.020614970348974,0.162170916888382,0.385117448900446,0.652028647134219,69140.3747941265,82065.3852058735,59088,59088,-1.52566917767356,3.6176032442501
10,0.5,0.5,0.2,5,0.5,50,1,1,0,0,19856.54,86492.4,5807.77794527586,12969.8987707094,50,1.5062162410304,0.359526769513471,50,0.928652400866641,1,6.93889390390723e-18,0.0713475991333587,18205.9877705352,21507.0922294649,82806.3955532665,90178.4044467335,1.40403986366813,1.60839261839267
10,0.5,0.5,0.2,5,1,50,1,1,0,0,32607.62,92508,9247.60892623888,0,50,1.10276050735106,0.407153685579445,50,0.928652400866641,1,6.93889390390723e-18,0.0713475991333587,29979.4786223087,35235.7613776913,92508,92508,0.987048710205885,1.21847230449624
10,0.5,0.5,0.2,5,1.5,50,1,0.86,0.02,0.12,65205.92,127041.84,22317.7348576674,25037.9821474234,50,0.844421651045468,0.439750469431094,43,0.738138062894145,0.930491665729837,0.00353925927164624,0.104954435896378,58863.2899316635,71548.5500683365,119926.124205744,134157.555794256,0.709086432442076,0.979756869648859
10,0.5,0.5,0.2,10,0.5,50,0,0,0,0,NA,NA,NA,NA,0,NA,NA,0,6.93889390390723e-18,0.0713475991333587,6.93889390390723e-18,0.0713475991333587,NA,NA,NA,NA,NA,NA
10,0.5,0.5,0.2,10,1,50,0,0,0,0,NA,NA,NA,NA,0,NA,NA,0,6.93889390390723e-18,0.0713475991333587,6.93889390390723e-18,0.0713475991333587,NA,NA,NA,NA,NA,NA
10,0.5,0.5,0.2,10,1.5,50,0,0,0,0,NA,NA,NA,NA,0,NA,NA,0,6.93889390390723e-18,0.0713475991333587,6.93889390390723e-18,0.0713475991333587,NA,NA,NA,NA,NA,NA
10,0.5,0.5,0.3,0.001,0.5,50,1,0,1,0,5570.66,71,2000.19959830544,0,50,NA,NA,0,6.93889390390723e-18,0.0713475991333587,0.928652400866641,1,5002.20956379777,6139.11043620223,71,71,NA,NA
10,0.5,0.5,0.3,0.001,1,50,1,0,1,0,24209.22,71,49378.7506852525,0,50,NA,NA,0,6.93889390390723e-18,0.0713475991333587,0.928652400866641,1,10175.9343269436,38242.5056730564,71,71,NA,NA
10,0.5,0.5,0.3,0.001,1.5,50,0.46,0,0.46,0,73288.347826087,71,78422.0064120506,0,23,NA,NA,0,6.93889390390723e-18,0.0713475991333587,0.329696521922244,0.596011286008425,39376.1292174135,107200.566434761,71,71,NA,NA
10,0.5,0.5,0.3,0.01,0.5,50,1,0,1,0,5318.72,71,1350.10103990745,0,50,NA,NA,0,6.93889390390723e-18,0.0713475991333587,0.928652400866641,1,4935.02552985679,5702.41447014321,71,71,NA,NA
10,0.5,0.5,0.3,0.01,1,50,1,0,1,0,11569.64,71,5216.92870300572,0,50,NA,NA,0,6.93889390390723e-18,0.0713475991333587,0.928652400866641,1,10087.0052672604,13052.2747327396,71,71,NA,NA
10,0.5,0.5,0.3,0.01,1.5,50,0.7,0,0.7,0,49263.5142857143,71,39224.1826018918,0,35,NA,NA,0,6.93889390390723e-18,0.0713475991333587,0.562496495355466,0.808964464991191,35789.5361367235,62737.4924347051,71,71,NA,NA
10,0.5,0.5,0.3,0.1,0.5,50,1,0,1,0,12973.6,174,3652.59659387004,0,50,NA,NA,0,6.93889390390723e-18,0.0713475991333587,0.928652400866641,1,11935.5435336277,14011.6564663723,174,174,NA,NA
10,0.5,0.5,0.3,0.1,1,50,1,0,1,0,29310.16,174,7528.92883770761,0,50,NA,NA,0,6.93889390390723e-18,0.0713475991333587,0.928652400866641,1,27170.4620990724,31449.8579009276,174,174,NA,NA
10,0.5,0.5,0.3,0.1,1.5,50,1,0,1,0,110473.68,270.04,31316.9824187114,13.8592929112563,50,NA,NA,0,6.93889390390723e-18,0.0713475991333587,0.928652400866641,1,101573.492072987,119373.867927013,266.101232535227,273.978767464773,NA,NA
10,0.5,0.5,0.3,0.5,0.5,50,1,0.02,0.98,0,22982.72,1637,7099.54298626873,0,50,1.34383656414251,NA,1,0.00353925927164624,0.104954435896378,0.895045564103622,0.996460740728354,20965.0522078457,25000.3877921543,1637,1637,NA,NA
10,0.5,0.5,0.3,0.5,1,50,1,0,1,0,56253.66,1637,7954.63952315033,0,50,NA,NA,0,6.93889390390723e-18,0.0713475991333587,0.928652400866641,1,53992.9764609186,58514.3435390814,1637,1637,NA,NA
10,0.5,0.5,0.3,0.5,1.5,50,1,0,1,0,174837.44,2563,45012.7897498895,0,50,NA,NA,0,6.93889390390723e-18,0.0713475991333587,0.928652400866641,1,162044.946695991,187629.933304009,2563,2563,NA,NA
10,0.5,0.5,0.3,1,0.5,50,1,0.04,0.94,0.02,28896.32,6282,9922.41125533507,0,50,1.56852909894337,1.58410384079048,2,0.0110388843276198,0.13460090687507,0.837829083111618,0.979385029651026,26076.4019222983,31716.2380777017,6282,6282,-12.6640792283797,15.8011374262664
10,0.5,0.5,0.3,1,1,50,1,0,1,0,71329.42,6282,18364.0868201598,0,50,NA,NA,0,6.93889390390723e-18,0.0713475991333587,0.928652400866641,1,66110.40427166,76548.43572834,6282,6282,NA,NA
10,0.5,0.5,0.3,1,1.5,50,1,0,1,0,208822.48,9835,54443.9658702713,0,50,NA,NA,0,6.93889390390723e-18,0.0713475991333587,0.928652400866641,1,193349.676098952,224295.283901048,9835,9835,NA,NA
10,0.5,0.5,0.3,3,0.5,50,1,0.3,0.06,0.64,33351.02,37741,11763.6387600582,0,50,0.986149696833369,1.11338983542331,15,0.191035535008809,0.437503504644534,0.020614970348974,0.162170916888382,30007.8308552038,36694.2091447962,37741,37741,0.369574957409994,1.60272443625674
10,0.5,0.5,0.3,3,1,50,1,0.02,0.84,0.14,65425.78,37741,19773.5519197245,0,50,0.448286264508531,NA,1,0.00353925927164624,0.104954435896378,0.71485783936965,0.916625793219666,59806.1987224327,71045.3612775673,37741,37741,NA,NA
10,0.5,0.5,0.3,3,1.5,50,1,0,1,0,143760.06,59088,52467.8162372955,0,50,NA,NA,0,6.93889390390723e-18,0.0713475991333587,0.928652400866641,1,128848.871610633,158671.248389367,59088,59088,NA,NA
10,0.5,0.5,0.3,5,0.5,50,1,0.94,0,0.06,35572.94,88497.6,15141.6768683023,10970.4733512743,50,1.13497463627269,0.813956344091583,47,0.837829083111618,0.979385029651026,6.93889390390723e-18,0.0713475991333587,31269.7230470961,39876.1569529039,85379.8259702682,91615.3740297319,0.89598810059765,1.37396117194773
10,0.5,0.5,0.3,5,1,50,1,0.78,0,0.22,60190.54,92508,19883.7685411073,0,50,0.620683109273017,0.243704680960943,39,0.647584504187463,0.872460840297856,6.93889390390723e-18,0.0713475991333587,54539.6355052124,65841.4444947876,92508,92508,0.541683190621019,0.699683027925015
10,0.5,0.5,0.3,5,1.5,50,1,0.34,0.18,0.48,109640.98,117623.52,33646.0551980072,26406.4603182708,50,0.501014521424579,0.148872863035169,17,0.224369492225001,0.478461739497674,0.0977019267023418,0.307960536743008,100078.876912891,119203.083087109,110118.887012775,125128.152987225,0.424471158262201,0.577557884586957
10,0.5,0.5,0.3,10,0.5,50,0,0,0,0,NA,NA,NA,NA,0,NA,NA,0,6.93889390390723e-18,0.0713475991333587,6.93889390390723e-18,0.0713475991333587,NA,NA,NA,NA,NA,NA
10,0.5,0.5,0.3,10,1,50,0,0,0,0,NA,NA,NA,NA,0,NA,NA,0,6.93889390390723e-18,0.0713475991333587,6.93889390390723e-18,0.0713475991333587,NA,NA,NA,NA,NA,NA
10,0.5,0.5,0.3,10,1.5,50,0,0,0,0,NA,NA,NA,NA,0,NA,NA,0,6.93889390390723e-18,0.0713475991333587,6.93889390390723e-18,0.0713475991333587,NA,NA,NA,NA,NA,NA
10,0.5,0.5,0.4,0.001,0.5,50,1,0,1,0,209852.28,71,149944.550640077,0,50,NA,NA,0,6.93889390390723e-18,0.0713475991333587,0.928652400866641,1,167238.51020937,252466.04979063,71,71,NA,NA
10,0.5,0.5,0.4,0.001,1,50,0.14,0,0.14,0,116068,71,163464.512148662,0,7,NA,NA,0,6.93889390390723e-18,0.0713475991333587,0.0695083342701629,0.261861937105855,-35111.4590615728,267247.459061573,71,71,NA,NA
10,0.5,0.5,0.4,0.001,1.5,50,0.1,0,0.08,0.02,100868.8,71,80956.3619593914,0,5,NA,NA,0,6.93889390390723e-18,0.0713475991333587,0.031549514088593,0.188382469183428,348.199929470968,201389.400070529,71,71,NA,NA
10,0.5,0.5,0.4,0.01,0.5,50,1,0,1,0,157650.14,71,155993.12876194,0,50,NA,NA,0,6.93889390390723e-18,0.0713475991333587,0.928652400866641,1,113317.383326916,201982.896673084,71,71,NA,NA
10,0.5,0.5,0.4,0.01,1,50,0.28,0,0.28,0,31061.7142857143,71,16799.923738053,0,14,NA,NA,0,6.93889390390723e-18,0.0713475991333587,0.174741706659112,0.416651236959566,21361.7271081209,40761.7014633077,71,71,NA,NA
10,0.5,0.5,0.4,0.01,1.5,50,0.14,0,0.12,0.02,77915.5714285714,71,74447.4886186166,0,7,NA,NA,0,6.93889390390723e-18,0.0713475991333587,0.0561760015093228,0.23804817383203,9063.12810668812,146768.014750455,71,71,NA,NA
10,0.5,0.5,0.4,0.1,0.5,50,1,0,1,0,21431.02,174,5032.33234557561,0,50,NA,NA,0,6.93889390390723e-18,0.0713475991333587,0.928652400866641,1,20000.846971578,22861.193028422,174,174,NA,NA
10,0.5,0.5,0.4,0.1,1,50,0.82,0,0.82,0,60834.4878048781,174,49082.7665199925,0,41,NA,NA,0,6.93889390390723e-18,0.0713475991333587,0.692039463256992,0.902298073297658,45342.0550762142,76326.920533542,174,174,NA,NA
10,0.5,0.5,0.4,0.1,1.5,50,0.36,0.02,0.34,0,190522.888888889,272,92335.7942078094,0,18,1.34312218925468,NA,1,0.00353925927164624,0.104954435896378,0.224369492225001,0.478461739497674,144605.378692304,236440.399085474,272,272,NA,NA
10,0.5,0.5,0.4,0.5,0.5,50,1,0.02,0.98,0,48557.88,1637,13787.7256010777,0,50,1.34383656414251,NA,1,0.00353925927164624,0.104954435896378,0.895045564103622,0.996460740728354,44639.4517397357,52476.3082602643,1637,1637,NA,NA
10,0.5,0.5,0.4,0.5,1,50,1,0,1,0,110354.68,1637,29238.20159636,0,50,NA,NA,0,6.93889390390723e-18,0.0713475991333587,0.928652400866641,1,102045.275045964,118664.084954036,1637,1637,NA,NA
10,0.5,0.5,0.4,0.5,1.5,50,0.88,0.02,0.86,0,316840.636363636,2563,83720.1022094319,0,44,3.58625384932276,NA,1,0.00353925927164624,0.104954435896378,0.738138062894145,0.930491665729837,291387.398853127,342293.873874145,2563,2563,NA,NA
10,0.5,0.5,0.4,1,0.5,50,1,0.04,0.96,0,67378.16,6282,23271.9699580628,0,50,1.56852909894337,1.58410384079048,2,0.0110388843276198,0.13460090687507,0.86539909312493,0.98896111567238,60764.3393167275,73991.9806832725,6282,6282,-12.6640792283797,15.8011374262664
10,0.5,0.5,0.4,1,1,50,1,0,1,0,163457.44,6282,46862.0838737046,0,50,NA,NA,0,6.93889390390723e-18,0.0713475991333587,0.928652400866641,1,150139.383121116,176775.496878884,6282,6282,NA,NA
10,0.5,0.5,0.4,1,1.5,50,0.3,0.02,0.28,0,303315.666666667,9835,111562.511883099,0,15,4.93102285378184,NA,1,0.00353925927164624,0.104954435896378,0.174741706659112,0.416651236959566,241534.406855196,365096.926478138,9835,9835,NA,NA
10,0.5,0.5,0.4,3,0.5,50,1,0.04,0.9,0.06,112753.6,37741,47840.6169893153,0,50,3.3615877345016,1.58410384079048,2,0.0110388843276198,0.13460090687507,0.786397685625204,0.95652423506811,99157.447086661,126349.752913339,37741,37741,-10.8710205928215,17.5941960618247
10,0.5,0.5,0.4,3,1,50,0.92,0,0.9,0.02,291671.717391304,37741,90726.6677540997,0,46,NA,NA,0,6.93889390390723e-18,0.0713475991333587,0.786397685625204,0.95652423506811,264729.222785461,318614.211997147,37741,37741,NA,NA
10,0.5,0.5,0.4,3,1.5,50,0.24,0.02,0.22,0,271984.666666667,59088,106820.853949995,0,12,6.72410326005103,NA,1,0.00353925927164624,0.104954435896378,0.127539159702144,0.352415495812537,204113.934092067,339855.399241267,59088,59088,NA,NA
10,0.5,0.5,0.4,5,0.5,50,1,0.18,0.64,0.18,129957.86,88497.6,58491.5089819027,10970.4733512743,50,1.39452268634884,1.72782013546181,9,0.0977019267023418,0.307960536743008,0.501410168761127,0.758612503481533,113334.757074143,146580.962925857,85379.8259702682,91615.3740297319,0.066402560594188,2.72264281210349
10,0.5,0.5,0.4,5,1,50,0.8,0.02,0.74,0.04,244705.775,92508,89579.9316234726,0,40,0.896548090590442,NA,1,0.00353925927164624,0.104954435896378,0.604468427351512,0.841284725064476,216056.722990022,273354.827009978,92508,92508,NA,NA
10,0.5,0.5,0.4,5,1.5,50,0.38,0.02,0.34,0.02,291507.789473684,117293.052631579,98824.4299298165,26841.6456472518,19,7.62064985195189,NA,1,0.00353925927164624,0.104954435896378,0.224369492225001,0.478461739497674,243875.938943752,339139.640003616,104355.793551458,130230.3117117,NA,NA
10,0.5,0.5,0.4,10,0.5,50,0,0,0,0,NA,NA,NA,NA,0,NA,NA,0,6.93889390390723e-18,0.0713475991333587,6.93889390390723e-18,0.0713475991333587,NA,NA,NA,NA,NA,NA
10,0.5,0.5,0.4,10,1,50,0,0,0,0,NA,NA,NA,NA,0,NA,NA,0,6.93889390390723e-18,0.0713475991333587,6.93889390390723e-18,0.0713475991333587,NA,NA,NA,NA,NA,NA
10,0.5,0.5,0.4,10,1.5,50,0,0,0,0,NA,NA,NA,NA,0,NA,NA,0,6.93889390390723e-18,0.0713475991333587,6.93889390390723e-18,0.0713475991333587,NA,NA,NA,NA,NA,NA
10,0.5,0.6,0.2,0.001,0.5,50,1,0,1,0,2125.22,71,486.201322625154,0,50,NA,NA,0,6.93889390390723e-18,0.0713475991333587,0.928652400866641,1,1987.04311297207,2263.39688702793,71,71,NA,NA
10,0.5,0.6,0.2,0.001,1,50,1,0,1,0,3864.02,71,1272.65219594229,0,50,NA,NA,0,6.93889390390723e-18,0.0713475991333587,0.928652400866641,1,3502.33624777347,4225.70375222653,71,71,NA,NA
10,0.5,0.6,0.2,0.001,1.5,50,1,0,1,0,14313.08,71,8778.32615219358,0,50,NA,NA,0,6.93889390390723e-18,0.0713475991333587,0.928652400866641,1,11818.3073110307,16807.8526889693,71,71,NA,NA
10,0.5,0.6,0.2,0.01,0.5,50,1,0,1,0,3240,71,760.389937560234,0,50,NA,NA,0,6.93889390390723e-18,0.0713475991333587,0.928652400866641,1,3023.89957079479,3456.10042920521,71,71,NA,NA
10,0.5,0.6,0.2,0.01,1,50,1,0,1,0,5646.4,71,1029.57522447713,0,50,NA,NA,0,6.93889390390723e-18,0.0713475991333587,0.928652400866641,1,5353.79795870729,5939.00204129271,71,71,NA,NA
10,0.5,0.6,0.2,0.01,1.5,50,1,0,1,0,19228.96,71,4366.92370570274,0,50,NA,NA,0,6.93889390390723e-18,0.0713475991333587,0.928652400866641,1,17987.8940146495,20470.0259853505,71,71,NA,NA
10,0.5,0.6,0.2,0.1,0.5,50,1,0,1,0,7754.52,174,1914.57268893727,0,50,NA,NA,0,6.93889390390723e-18,0.0713475991333587,0.928652400866641,1,7210.40446218602,8298.63553781398,174,174,NA,NA
10,0.5,0.6,0.2,0.1,1,50,1,0,1,0,15063.28,174,1334.31232827541,0,50,NA,NA,0,6.93889390390723e-18,0.0713475991333587,0.928652400866641,1,14684.0726320549,15442.4873679451,174,174,NA,NA
10,0.5,0.6,0.2,0.1,1.5,50,1,0,1,0,47442.16,272,11608.2896125562,0,50,NA,NA,0,6.93889390390723e-18,0.0713475991333587,0.928652400866641,1,44143.1205944278,50741.1994055722,272,272,NA,NA
10,0.5,0.6,0.2,0.5,0.5,50,1,0,1,0,12054.58,1637,2987.16056625208,0,50,NA,NA,0,6.93889390390723e-18,0.0713475991333587,0.928652400866641,1,11205.6383602103,12903.5216397897,1637,1637,NA,NA
10,0.5,0.6,0.2,0.5,1,50,1,0,1,0,23083.78,1655.52,4522.50583551253,130.956175875749,50,NA,NA,0,6.93889390390723e-18,0.0713475991333587,0.928652400866641,1,21798.4980625862,24369.0619374137,1618.30266660837,1692.73733339163,NA,NA
10,0.5,0.6,0.2,0.5,1.5,50,1,0,1,0,60053.84,2563,11288.1741358298,0,50,NA,NA,0,6.93889390390723e-18,0.0713475991333587,0.928652400866641,1,56845.7764063089,63261.9035936911,2563,2563,NA,NA
10,0.5,0.6,0.2,1,0.5,50,1,0.02,0.98,0,12833.26,6282,3032.58766590985,0,50,0.448398531016766,NA,1,0.00353925927164624,0.104954435896378,0.895045564103622,0.996460740728354,11971.4081213333,13695.1118786667,6282,6282,NA,NA
10,0.5,0.6,0.2,1,1,50,1,0,1,0,24151.72,6282,4945.88773748826,0,50,NA,NA,0,6.93889390390723e-18,0.0713475991333587,0.928652400866641,1,22746.1142573709,25557.3257426291,6282,6282,NA,NA
10,0.5,0.6,0.2,1,1.5,50,1,0,1,0,57250.74,9835,12191.6353606789,0,50,NA,NA,0,6.93889390390723e-18,0.0713475991333587,0.928652400866641,1,53785.9155671445,60715.5644328555,9835,9835,NA,NA
10,0.5,0.6,0.2,3,0.5,50,1,1,0,0,13055.74,37741,3007.89553396811,0,50,1.09379759642443,0.274087380134519,50,0.928652400866641,1,6.93889390390723e-18,0.0713475991333587,12200.9055475866,13910.5744524134,37741,37741,1.01590282485914,1.17169236798972
10,0.5,0.6,0.2,3,1,50,1,0.94,0,0.06,22200.16,37741,5788.17116215899,0,50,0.60089363764007,0.234178655881356,47,0.837829083111618,0.979385029651026,6.93889390390723e-18,0.0713475991333587,20555.1799566434,23845.1400433566,37741,37741,0.53213620844332,0.66965106683682
10,0.5,0.6,0.2,3,1.5,50,1,0.62,0,0.38,45307.46,59088,11219.020269368,0,50,0.477202515919946,0.11195099420828,31,0.48150446930993,0.741372106898064,6.93889390390723e-18,0.0713475991333587,42119.0497177028,48495.8702822972,59088,59088,0.436138559719957,0.518266472119935
10,0.5,0.6,0.2,5,0.5,50,1,1,0,0,12944.5,92508,3022.35646846115,0,50,1.99931019168301,0.274834182962997,50,0.928652400866641,1,6.93889390390723e-18,0.0713475991333587,12085.5557954762,13803.4442045238,92508,92508,1.92120318110219,2.07741720226383
10,0.5,0.6,0.2,5,1,50,1,1,0,0,20972.68,92508,5524.86241564772,0,50,1.52414459803359,0.300367314701657,50,0.928652400866641,1,6.93889390390723e-18,0.0713475991333587,19402.5314744264,22542.8285255736,92508,92508,1.43878115170168,1.6095080443655
10,0.5,0.6,0.2,5,1.5,50,1,1,0,0,40919.6,139599.6,9892.71231662944,15856.566522345,50,1.24620621793537,0.290519734391734,50,0.928652400866641,1,6.93889390390723e-18,0.0713475991333587,38108.12226729,43731.07773271,135093.213655391,144105.986344609,1.16364142296178,1.32877101290896
10,0.5,0.6,0.2,10,0.5,50,0,0,0,0,NA,NA,NA,NA,0,NA,NA,0,6.93889390390723e-18,0.0713475991333587,6.93889390390723e-18,0.0713475991333587,NA,NA,NA,NA,NA,NA
10,0.5,0.6,0.2,10,1,50,0,0,0,0,NA,NA,NA,NA,0,NA,NA,0,6.93889390390723e-18,0.0713475991333587,6.93889390390723e-18,0.0713475991333587,NA,NA,NA,NA,NA,NA
10,0.5,0.6,0.2,10,1.5,50,0,0,0,0,NA,NA,NA,NA,0,NA,NA,0,6.93889390390723e-18,0.0713475991333587,6.93889390390723e-18,0.0713475991333587,NA,NA,NA,NA,NA,NA
10,0.5,0.6,0.3,0.001,0.5,50,1,0,1,0,3319.78,71,1127.16623712851,0,50,NA,NA,0,6.93889390390723e-18,0.0713475991333587,0.928652400866641,1,2999.44289978712,3640.11710021288,71,71,NA,NA
10,0.5,0.6,0.3,0.001,1,50,1,0,1,0,7026.28,71,3090.82894924151,0,50,NA,NA,0,6.93889390390723e-18,0.0713475991333587,0.928652400866641,1,6147.87613175039,7904.68386824961,71,71,NA,NA
10,0.5,0.6,0.3,0.001,1.5,50,1,0,1,0,34271.22,71,21944.2051383661,0,50,NA,NA,0,6.93889390390723e-18,0.0713475991333587,0.928652400866641,1,28034.7459033231,40507.6940966769,71,71,NA,NA
10,0.5,0.6,0.3,0.01,0.5,50,1,0,1,0,3852.44,71,774.210095411274,0,50,NA,NA,0,6.93889390390723e-18,0.0713475991333587,0.928652400866641,1,3632.41192539107,4072.46807460893,71,71,NA,NA
10,0.5,0.6,0.3,0.01,1,50,1,0,1,0,7515.68,71,1785.90367498545,0,50,NA,NA,0,6.93889390390723e-18,0.0713475991333587,0.928652400866641,1,7008.13179135087,8023.22820864913,71,71,NA,NA
10,0.5,0.6,0.3,0.01,1.5,50,1,0,1,0,28193.92,71,8245.79014874517,0,50,NA,NA,0,6.93889390390723e-18,0.0713475991333587,0.928652400866641,1,25850.492368649,30537.347631351,71,71,NA,NA
10,0.5,0.6,0.3,0.1,0.5,50,1,0,1,0,9266.52,174,1315.77552579675,0,50,NA,NA,0,6.93889390390723e-18,0.0713475991333587,0.928652400866641,1,8892.58073303032,9640.45926696968,174,174,NA,NA
10,0.5,0.6,0.3,0.1,1,50,1,0,1,0,19703.2,174,4752.48049518805,0,50,NA,NA,0,6.93889390390723e-18,0.0713475991333587,0.928652400866641,1,18352.5599874628,21053.8400125372,174,174,NA,NA
10,0.5,0.6,0.3,0.1,1.5,50,1,0,1,0,63878.76,270.04,16825.9140426247,13.8592929112563,50,NA,NA,0,6.93889390390723e-18,0.0713475991333587,0.928652400866641,1,59096.8881382446,68660.6318617554,266.101232535227,273.978767464773,NA,NA
10,0.5,0.6,0.3,0.5,0.5,50,1,0,1,0,14847.32,1637,3328.9166432879,0,50,NA,NA,0,6.93889390390723e-18,0.0713475991333587,0.928652400866641,1,13901.2523577702,15793.3876422298,1637,1637,NA,NA
10,0.5,0.6,0.3,0.5,1,50,1,0,1,0,32658.22,1637,6951.79691141442,0,50,NA,NA,0,6.93889390390723e-18,0.0713475991333587,0.928652400866641,1,30682.5411777311,34633.8988222689,1637,1637,NA,NA
10,0.5,0.6,0.3,0.5,1.5,50,1,0,1,0,85824,2563,13503.719215574,0,50,NA,NA,0,6.93889390390723e-18,0.0713475991333587,0.928652400866641,1,81986.2854614366,89661.7145385634,2563,2563,NA,NA
10,0.5,0.6,0.3,1,0.5,50,1,0,1,0,16123,6282,3953.90458526603,0,50,NA,NA,0,6.93889390390723e-18,0.0713475991333587,0.928652400866641,1,14999.3127499372,17246.6872500628,6282,6282,NA,NA
10,0.5,0.6,0.3,1,1,50,1,0,1,0,33302.14,6282,7042.44665859697,0,50,NA,NA,0,6.93889390390723e-18,0.0713475991333587,0.928652400866641,1,31300.6988046303,35303.5811953697,6282,6282,NA,NA
10,0.5,0.6,0.3,1,1.5,50,1,0,1,0,80186.48,9835,18889.9801862884,0,50,NA,NA,0,6.93889390390723e-18,0.0713475991333587,0.928652400866641,1,74818.0070306802,85554.9529693198,9835,9835,NA,NA
10,0.5,0.6,0.3,3,0.5,50,1,1,0,0,16993.9,37741,4616.11515370283,0,50,0.833806476836936,0.271840047900933,50,0.928652400866641,1,6.93889390390723e-18,0.0713475991333587,15682.0145887115,18305.7854112885,37741,37741,0.756550390025682,0.91106256364819
10,0.5,0.6,0.3,3,1,50,1,0.62,0.02,0.36,29191.7,37741,8456.97537539279,0,50,0.491668982597406,0.134727225598819,31,0.48150446930993,0.741372106898064,0.00353925927164624,0.104954435896378,26788.2541913086,31595.1458086914,37741,37741,0.442250637275318,0.541087327919494
10,0.5,0.6,0.3,3,1.5,50,1,0.2,0.06,0.74,56551.1,59088,13057.0851237392,0,50,0.493109447886377,0.141760563961566,10,0.112437500157761,0.330371059322254,0.020614970348974,0.162170916888382,52840.3174658932,60261.8825341068,59088,59088,0.391700049462175,0.594518846310579
10,0.5,0.6,0.3,5,0.5,50,1,1,0,0,17690.62,92508,4973.34529097521,0,50,1.69449152047391,0.29050939693923,50,0.928652400866641,1,6.93889390390723e-18,0.0713475991333587,16277.2109070103,19104.0290929897,92508,92508,1.61192966337182,1.777053377576
10,0.5,0.6,0.3,5,1,50,1,1,0,0,27696.82,92508,7786.57334366835,0,50,1.24621159559628,0.290523123978337,50,0.928652400866641,1,6.93889390390723e-18,0.0713475991333587,25483.9003406426,29909.7396593574,92508,92508,1.16364583731284,1.32877735387972
10,0.5,0.6,0.3,5,1.5,50,1,1,0,0,52194.48,140646.08,13994.4253423589,14339.2622071894,50,1.02206610161212,0.286967721535411,50,0.928652400866641,1,6.93889390390723e-18,0.0713475991333587,48217.3083232319,56171.6516767682,136570.906770588,144721.253229412,0.940510777522982,1.10362142570126
10,0.5,0.6,0.3,10,0.5,50,0,0,0,0,NA,NA,NA,NA,0,NA,NA,0,6.93889390390723e-18,0.0713475991333587,6.93889390390723e-18,0.0713475991333587,NA,NA,NA,NA,NA,NA
10,0.5,0.6,0.3,10,1,50,0,0,0,0,NA,NA,NA,NA,0,NA,NA,0,6.93889390390723e-18,0.0713475991333587,6.93889390390723e-18,0.0713475991333587,NA,NA,NA,NA,NA,NA
10,0.5,0.6,0.3,10,1.5,50,0,0,0,0,NA,NA,NA,NA,0,NA,NA,0,6.93889390390723e-18,0.0713475991333587,6.93889390390723e-18,0.0713475991333587,NA,NA,NA,NA,NA,NA
10,0.5,0.6,0.4,0.001,0.5,50,1,0,1,0,5588.96,71,2172.01646139513,0,50,NA,NA,0,6.93889390390723e-18,0.0713475991333587,0.928652400866641,1,4971.67975158654,6206.24024841346,71,71,NA,NA
10,0.5,0.6,0.4,0.001,1,50,0.98,0,0.98,0,37813.8163265306,71,68655.8070621954,0,49,NA,NA,0,6.93889390390723e-18,0.0713475991333587,0.895045564103622,0.996460740728354,18093.5660419601,57534.0666111011,71,71,NA,NA
10,0.5,0.6,0.4,0.001,1.5,50,0.48,0,0.48,0,83308.9583333333,71,72081.9891430881,0,24,NA,NA,0,6.93889390390723e-18,0.0713475991333587,0.347971352865781,0.614882551099554,52871.4037662409,113746.512900426,71,71,NA,NA
10,0.5,0.6,0.4,0.01,0.5,50,1,0,1,0,5354.26,71,1301.11830722181,0,50,NA,NA,0,6.93889390390723e-18,0.0713475991333587,0.928652400866641,1,4984.48626845963,5724.03373154037,71,71,NA,NA
10,0.5,0.6,0.4,0.01,1,50,1,0,1,0,11351.22,71,4067.14995377975,0,50,NA,NA,0,6.93889390390723e-18,0.0713475991333587,0.928652400866641,1,10195.3487723062,12507.0912276938,71,71,NA,NA
10,0.5,0.6,0.4,0.01,1.5,50,0.7,0,0.7,0,46269.2,71,20536.5800489245,0,35,NA,NA,0,6.93889390390723e-18,0.0713475991333587,0.562496495355466,0.808964464991191,39214.6379293843,53323.7620706156,71,71,NA,NA
10,0.5,0.6,0.4,0.1,0.5,50,1,0,1,0,13278.22,174,2966.01890322461,0,50,NA,NA,0,6.93889390390723e-18,0.0713475991333587,0.928652400866641,1,12435.2867543627,14121.1532456373,174,174,NA,NA
10,0.5,0.6,0.4,0.1,1,50,1,0,1,0,24782.2,174,5558.83940316718,0,50,NA,NA,0,6.93889390390723e-18,0.0713475991333587,0.928652400866641,1,23202.3953214141,26362.0046785859,174,174,NA,NA
10,0.5,0.6,0.4,0.1,1.5,50,1,0,1,0,105231.64,270.04,32409.2047033001,13.8592929112563,50,NA,NA,0,6.93889390390723e-18,0.0713475991333587,0.928652400866641,1,96021.0459342047,114442.234065795,266.101232535227,273.978767464773,NA,NA
10,0.5,0.6,0.4,0.5,0.5,50,1,0,1,0,23388.76,1637,6574.60822006505,0,50,NA,NA,0,6.93889390390723e-18,0.0713475991333587,0.928652400866641,1,21520.2770177411,25257.2429822589,1637,1637,NA,NA
10,0.5,0.6,0.4,0.5,1,50,1,0,1,0,52843.26,1637,12412.4480504246,0,50,NA,NA,0,6.93889390390723e-18,0.0713475991333587,0.928652400866641,1,49315.6812950652,56370.8387049348,1637,1637,NA,NA
10,0.5,0.6,0.4,0.5,1.5,50,1,0,1,0,136828.6,2563,24612.2529639036,0,50,NA,NA,0,6.93889390390723e-18,0.0713475991333587,0.928652400866641,1,129833.875100993,143823.324899007,2563,2563,NA,NA
10,0.5,0.6,0.4,1,0.5,50,1,0.02,0.98,0,25832.92,6282,7394.06143632048,0,50,0.448398531016766,NA,1,0.00353925927164624,0.104954435896378,0.895045564103622,0.996460740728354,23731.5509904555,27934.2890095445,6282,6282,NA,NA
10,0.5,0.6,0.4,1,1,50,1,0.02,0.98,0,54421.52,6282,15789.9446021957,0,50,0.448398531016766,NA,1,0.00353925927164624,0.104954435896378,0.895045564103622,0.996460740728354,49934.0673956042,58908.9726043958,6282,6282,NA,NA
10,0.5,0.6,0.4,1,1.5,50,1,0.02,0.98,0,145749.4,9835,44601.9559509789,0,50,0.448259050724568,NA,1,0.00353925927164624,0.104954435896378,0.895045564103622,0.996460740728354,133073.664369773,158425.135630227,9835,9835,NA,NA
10,0.5,0.6,0.4,3,0.5,50,1,0.48,0.02,0.5,30744.12,37741,9273.14986363692,0,50,0.560354457500398,0.30287582757886,24,0.347971352865781,0.614882551099554,0.00353925927164624,0.104954435896378,28108.7199682137,33379.5200317863,37741,37741,0.432461212064498,0.688247702936298
10,0.5,0.6,0.4,3,1,50,1,0.06,0.5,0.44,48531.32,37741,15758.2123655171,0,50,1.04600989853069,1.03528770301108,3,0.020614970348974,0.162170916888382,0.366445143168286,0.633554856831714,44052.8855974861,53009.7544025139,37741,37741,-1.52578732703051,3.61780712409189
10,0.5,0.6,0.4,3,1.5,50,1,0.04,0.8,0.16,97945.18,59088,33037.63621757,0,50,1.34481013921464,1.26788392026832,2,0.0110388843276198,0.13460090687507,0.669628940677746,0.887562499842239,88555.9876739548,107334.372326045,59088,59088,-10.0466749244698,12.7362952028991
10,0.5,0.6,0.4,5,0.5,50,1,1,0,0,30744.12,92508,9273.14986363692,0,50,1.15655261376192,0.363280000061384,50,0.928652400866641,1,6.93889390390723e-18,0.0713475991333587,28108.7199682137,33379.5200317863,92508,92508,1.05330958007999,1.25979564744385
10,0.5,0.6,0.4,5,1,50,1,0.96,0,0.04,46803.62,92508,16297.5576746571,0,50,0.793818665971869,0.455286927993927,48,0.86539909312493,0.98896111567238,6.93889390390723e-18,0.0713475991333587,42171.9053566022,51435.3346433979,92508,92508,0.661617122804879,0.926020209138859
10,0.5,0.6,0.4,5,1.5,50,1,0.78,0.04,0.18,94000.72,138553.12,30191.209758728,17175.914052426,50,0.609195934970746,0.465481452621831,39,0.647584504187463,0.872460840297856,0.0110388843276198,0.13460090687507,85420.4731229575,102580.966877042,133671.779236036,143434.460763964,0.458304303566129,0.760087566375363
10,0.5,0.6,0.4,10,0.5,50,0,0,0,0,NA,NA,NA,NA,0,NA,NA,0,6.93889390390723e-18,0.0713475991333587,6.93889390390723e-18,0.0713475991333587,NA,NA,NA,NA,NA,NA
10,0.5,0.6,0.4,10,1,50,0,0,0,0,NA,NA,NA,NA,0,NA,NA,0,6.93889390390723e-18,0.0713475991333587,6.93889390390723e-18,0.0713475991333587,NA,NA,NA,NA,NA,NA
10,0.5,0.6,0.4,10,1.5,50,0,0,0,0,NA,NA,NA,NA,0,NA,NA,0,6.93889390390723e-18,0.0713475991333587,6.93889390390723e-18,0.0713475991333587,NA,NA,NA,NA,NA,NA
10,0.5,0.7,0.2,0.001,0.5,50,1,0,1,0,1849,71,477.121214222575,0,50,NA,NA,0,6.93889390390723e-18,0.0713475991333587,0.928652400866641,1,1713.40365122764,1984.59634877236,71,71,NA,NA
10,0.5,0.7,0.2,0.001,1,50,1,0,1,0,2681.32,71,787.299503210247,0,50,NA,NA,0,6.93889390390723e-18,0.0713475991333587,0.928652400866641,1,2457.5719568543,2905.0680431457,71,71,NA,NA
10,0.5,0.7,0.2,0.001,1.5,50,1,0,1,0,8417.24,71,2705.02036327165,0,50,NA,NA,0,6.93889390390723e-18,0.0713475991333587,0.928652400866641,1,7648.48171870628,9185.99828129372,71,71,NA,NA
10,0.5,0.7,0.2,0.01,0.5,50,1,0,1,0,2611.54,71,500.954974146828,0,50,NA,NA,0,6.93889390390723e-18,0.0713475991333587,0.928652400866641,1,2469.17017160253,2753.90982839747,71,71,NA,NA
10,0.5,0.7,0.2,0.01,1,50,1,0,1,0,4638.9,71,1387.62207773307,0,50,NA,NA,0,6.93889390390723e-18,0.0713475991333587,0.928652400866641,1,4244.54216889181,5033.25783110819,71,71,NA,NA
10,0.5,0.7,0.2,0.01,1.5,50,1,0,1,0,15160.54,71,2587.59899118539,0,50,NA,NA,0,6.93889390390723e-18,0.0713475991333587,0.928652400866641,1,14425.1525034212,15895.9274965788,71,71,NA,NA
10,0.5,0.7,0.2,0.1,0.5,50,1,0,1,0,5867.98,174,1241.54665705025,0,50,NA,NA,0,6.93889390390723e-18,0.0713475991333587,0.928652400866641,1,5515.13634411508,6220.82365588492,174,174,NA,NA
10,0.5,0.7,0.2,0.1,1,50,1,0.02,0.98,0,11570.74,174,3544.84803974697,0,50,0.449525097902195,NA,1,0.00353925927164624,0.104954435896378,0.895045564103622,0.996460740728354,10563.3053338937,12578.1746661063,174,174,NA,NA
10,0.5,0.7,0.2,0.1,1.5,50,1,0,1,0,35618.5,272,7147.95360254119,0,50,NA,NA,0,6.93889390390723e-18,0.0713475991333587,0.928652400866641,1,33587.0740629284,37649.9259370716,272,272,NA,NA
10,0.5,0.7,0.2,0.5,0.5,50,1,0,0.98,0.02,8698.54,1637,2097.8975890843,0,50,NA,NA,0,6.93889390390723e-18,0.0713475991333587,0.895045564103622,0.996460740728354,8102.32410203017,9294.75589796983,1637,1637,NA,NA
10,0.5,0.7,0.2,0.5,1,50,1,0.04,0.96,0,16378.96,1655.52,5208.92873141682,130.956175875749,50,1.79371138994665,1.26908553274843,2,0.0110388843276198,0.13460090687507,0.86539909312493,0.98896111567238,14898.59883403,17859.32116597,1618.30266660837,1692.73733339163,-9.60856973353529,13.1959925134286
10,0.5,0.7,0.2,0.5,1.5,50,1,0.02,0.98,0,42568,2563,12799.4039577423,0,50,1.79214971313545,NA,1,0.00353925927164624,0.104954435896378,0.895045564103622,0.996460740728354,38930.44964299,46205.55035701,2563,2563,NA,NA
10,0.5,0.7,0.2,1,0.5,50,1,0.06,0.78,0.16,8951.9,6282,2244.85603601856,0,50,0.896577195826248,0.44821228963829,3,0.020614970348974,0.162170916888382,0.647584504187463,0.872460840297856,8313.91897352292,9589.88102647708,6282,6282,-0.21684385573419,2.00999824738669
10,0.5,0.7,0.2,1,1,50,1,0.04,0.96,0,16093.54,6282,5167.7118143649,0,50,3.1385344926741,1.26908553274843,2,0.0110388843276198,0.13460090687507,0.86539909312493,0.98896111567238,14624.8925522494,17562.1874477506,6282,6282,-8.26374663080784,14.540815616156
10,0.5,0.7,0.2,1,1.5,50,1,0.02,0.96,0.02,37089.34,9835,11235.3354974021,0,50,3.13691871759453,NA,1,0.00353925927164624,0.104954435896378,0.86539909312493,0.98896111567238,33896.2929811988,40282.3870188012,9835,9835,NA,NA
10,0.5,0.7,0.2,3,0.5,50,1,1,0,0,9094.02,37741,2181.66126076774,0,50,1.47031634104552,0.362709256083407,50,0.928652400866641,1,6.93889390390723e-18,0.0713475991333587,8473.99872993296,9714.04127006704,37741,37741,1.36723551100742,1.57339717108362
10,0.5,0.7,0.2,3,1,50,1,1,0,0,15174.34,37741,4713.89936343272,0,50,1.05796756007773,0.848554006197513,50,0.928652400866641,1,6.93889390390723e-18,0.0713475991333587,13834.6646237891,16514.0153762109,37741,37741,0.816811179798093,1.29912394035737
10,0.5,0.7,0.2,3,1.5,50,1,1,0,0,30263.02,59088,8781.36041826722,0,50,0.771022897302883,0.665631204663294,50,0.928652400866641,1,6.93889390390723e-18,0.0713475991333587,27767.3849821538,32758.6550178462,59088,59088,0.58185260201774,0.960193192588026
10,0.5,0.7,0.2,5,0.5,50,1,1,0,0,9094.02,92508,2181.66126076774,0,50,2.36686443163596,0.362709256083407,50,0.928652400866641,1,6.93889390390723e-18,0.0713475991333587,8473.99872993296,9714.04127006704,92508,92508,2.26378360159786,2.46994526167406
10,0.5,0.7,0.2,5,1,50,1,1,0,0,14825.98,92508,4340.84500609487,0,50,1.9724471741449,0.840004217249036,50,0.928652400866641,1,6.93889390390723e-18,0.0713475991333587,13592.3254990735,16059.6345009265,92508,92508,1.73372061699957,2.21117373129023
10,0.5,0.7,0.2,5,1.5,50,1,1,0,0,29172.22,141692.56,8627.15794782585,12552.4196808131,50,1.67653563099967,0.67035873620538,50,0.928652400866641,1,6.93889390390723e-18,0.0713475991333587,26720.4088393629,31624.0311606371,138125.20179785,145259.91820215,1.48602178611601,1.86704947588333
10,0.5,0.7,0.2,10,0.5,50,0,0,0,0,NA,NA,NA,NA,0,NA,NA,0,6.93889390390723e-18,0.0713475991333587,6.93889390390723e-18,0.0713475991333587,NA,NA,NA,NA,NA,NA
10,0.5,0.7,0.2,10,1,50,0,0,0,0,NA,NA,NA,NA,0,NA,NA,0,6.93889390390723e-18,0.0713475991333587,6.93889390390723e-18,0.0713475991333587,NA,NA,NA,NA,NA,NA
10,0.5,0.7,0.2,10,1.5,50,0,0,0,0,NA,NA,NA,NA,0,NA,NA,0,6.93889390390723e-18,0.0713475991333587,6.93889390390723e-18,0.0713475991333587,NA,NA,NA,NA,NA,NA
10,0.5,0.7,0.3,0.001,0.5,50,1,0,1,0,2250.56,71,579.721684104026,0,50,NA,NA,0,6.93889390390723e-18,0.0713475991333587,0.928652400866641,1,2085.80492031495,2415.31507968505,71,71,NA,NA
10,0.5,0.7,0.3,0.001,1,50,1,0,0.98,0.02,3968.68,71,1330.48705889142,0,50,NA,NA,0,6.93889390390723e-18,0.0713475991333587,0.895045564103622,0.996460740728354,3590.5597615853,4346.8002384147,71,71,NA,NA
10,0.5,0.7,0.3,0.001,1.5,50,1,0,1,0,17723.34,71,10571.2882145316,0,50,NA,NA,0,6.93889390390723e-18,0.0713475991333587,0.928652400866641,1,14719.013130891,20727.666869109,71,71,NA,NA
10,0.5,0.7,0.3,0.01,0.5,50,1,0,1,0,3221.48,71,787.991252411822,0,50,NA,NA,0,6.93889390390723e-18,0.0713475991333587,0.928652400866641,1,2997.53536390642,3445.42463609358,71,71,NA,NA
10,0.5,0.7,0.3,0.01,1,50,1,0,0.98,0.02,5689.86,71,1352.87998185579,0,50,NA,NA,0,6.93889390390723e-18,0.0713475991333587,0.895045564103622,0.996460740728354,5305.37576329346,6074.34423670654,71,71,NA,NA
10,0.5,0.7,0.3,0.01,1.5,50,1,0,1,0,19054.78,71,4342.04074699575,0,50,NA,NA,0,6.93889390390723e-18,0.0713475991333587,0.928652400866641,1,17820.7856732695,20288.7743267305,71,71,NA,NA
10,0.5,0.7,0.3,0.1,0.5,50,1,0,1,0,7186.04,174,1727.18190857423,0,50,NA,NA,0,6.93889390390723e-18,0.0713475991333587,0.928652400866641,1,6695.18033271409,7676.89966728591,174,174,NA,NA
10,0.5,0.7,0.3,0.1,1,50,1,0.02,0.98,0,14502.36,174,3275.85399216131,0,50,0.896375422173214,NA,1,0.00353925927164624,0.104954435896378,0.895045564103622,0.996460740728354,13571.3725963646,15433.3474036354,174,174,NA,NA
10,0.5,0.7,0.3,0.1,1.5,50,1,0,1,0,43741.22,272,11478.1394732308,0,50,NA,NA,0,6.93889390390723e-18,0.0713475991333587,0.928652400866641,1,40479.1688547664,47003.2711452336,272,272,NA,NA
10,0.5,0.7,0.3,0.5,0.5,50,1,0,1,0,10592.1,1637,2648.90221582066,0,50,NA,NA,0,6.93889390390723e-18,0.0713475991333587,0.928652400866641,1,9839.2903197481,11344.9096802519,1637,1637,NA,NA
10,0.5,0.7,0.3,0.5,1,50,1,0.04,0.96,0,20718.02,1637,5740.92749916007,0,50,2.01713655208215,1.58505642721587,2,0.0110388843276198,0.13460090687507,0.86539909312493,0.98896111567238,19086.4664571097,22349.5735428903,1637,1637,-12.2240304247065,16.2583035288708
10,0.5,0.7,0.3,0.5,1.5,50,1,0,1,0,50418.02,2563,11840.7198751958,0,50,NA,NA,0,6.93889390390723e-18,0.0713475991333587,0.928652400866641,1,47052.9246446636,53783.1153553364,2563,2563,NA,NA
10,0.5,0.7,0.3,1,0.5,50,1,0,0.9,0.1,11259.54,6282,3052.68980897108,0,50,NA,NA,0,6.93889390390723e-18,0.0713475991333587,0.786397685625204,0.95652423506811,10391.9751554866,12127.1048445134,6282,6282,NA,NA
10,0.5,0.7,0.3,1,1,50,1,0.04,0.96,0,20718.02,6282,5740.92749916007,0,50,3.36195965480961,1.58505642721587,2,0.0110388843276198,0.13460090687507,0.86539909312493,0.98896111567238,19086.4664571097,22349.5735428903,6282,6282,-10.8792073219791,17.6031266315983
10,0.5,0.7,0.3,1,1.5,50,1,0,0.98,0.02,44049.7,9835,12412.1394565061,0,50,NA,NA,0,6.93889390390723e-18,0.0713475991333587,0.895045564103622,0.996460740728354,40522.2089964865,47577.1910035135,9835,9835,NA,NA
10,0.5,0.7,0.3,3,0.5,50,1,1,0,0,11775.56,37741,3132.85245364772,0,50,1.20137021552892,0.278232860356253,50,0.928652400866641,1,6.93889390390723e-18,0.0713475991333587,10885.2131839412,12665.9068160588,37741,37741,1.12229731152009,1.28044311953775
10,0.5,0.7,0.3,3,1,50,1,1,0,0,19039.16,37741,5917.22858584514,0,50,0.851732570193489,0.946589099638216,50,0.928652400866641,1,6.93889390390723e-18,0.0713475991333587,17357.5022426534,20720.8177573466,37741,37741,0.582714924629774,1.1207502157572
10,0.5,0.7,0.3,3,1.5,50,1,0.84,0,0.16,37326,59088,11646.7106313591,0,50,0.608381649029239,0.276892920788439,42,0.71485783936965,0.916625793219666,6.93889390390723e-18,0.0713475991333587,34016.0414616991,40635.9585383009,59088,59088,0.522095740677002,0.694667557381476
10,0.5,0.7,0.3,5,0.5,50,1,1,0,0,12069.1,92508,3093.44222278585,0,50,2.0710241157686,0.270004977201268,50,0.928652400866641,1,6.93889390390723e-18,0.0713475991333587,11189.9534476265,12948.2465523735,92508,92508,1.9942895502798,2.1477586812574
10,0.5,0.7,0.3,5,1,50,1,1,0,0,18516.62,92508,5828.83594599352,0,50,1.77517794599903,0.940983719391828,50,0.928652400866641,1,6.93889390390723e-18,0.0713475991333587,16860.0831529482,20173.1568470518,92508,92508,1.5077533318752,2.04260256012286
10,0.5,0.7,0.3,5,1.5,50,1,1,0,0,34800.14,144832,10058.7944768217,0,50,1.47034681867078,0.314251987517189,50,0.928652400866641,1,6.93889390390723e-18,0.0713475991333587,31941.4622396095,37658.8177603905,144832,144832,1.38103739198511,1.55965624535645
10,0.5,0.7,0.3,10,0.5,50,0,0,0,0,NA,NA,NA,NA,0,NA,NA,0,6.93889390390723e-18,0.0713475991333587,6.93889390390723e-18,0.0713475991333587,NA,NA,NA,NA,NA,NA
10,0.5,0.7,0.3,10,1,50,0,0,0,0,NA,NA,NA,NA,0,NA,NA,0,6.93889390390723e-18,0.0713475991333587,6.93889390390723e-18,0.0713475991333587,NA,NA,NA,NA,NA,NA
10,0.5,0.7,0.3,10,1.5,50,0,0,0,0,NA,NA,NA,NA,0,NA,NA,0,6.93889390390723e-18,0.0713475991333587,6.93889390390723e-18,0.0713475991333587,NA,NA,NA,NA,NA,NA
10,0.5,0.7,0.4,0.001,0.5,50,1,0,1,0,3281.2,71,1089.53433228352,0,50,NA,NA,0,6.93889390390723e-18,0.0713475991333587,0.928652400866641,1,2971.55776881038,3590.84223118962,71,71,NA,NA
10,0.5,0.7,0.4,0.001,1,50,1,0,1,0,8384.78,71,3934.21236724865,0,50,NA,NA,0,6.93889390390723e-18,0.0713475991333587,0.928652400866641,1,7266.68921637552,9502.87078362448,71,71,NA,NA
10,0.5,0.7,0.4,0.001,1.5,50,1,0,1,0,51313.82,71,39132.2649697256,0,50,NA,NA,0,6.93889390390723e-18,0.0713475991333587,0.928652400866641,1,40192.5533471783,62435.0866528217,71,71,NA,NA
10,0.5,0.7,0.4,0.01,0.5,50,1,0,1,0,3957.9,71,649.292621368259,0,50,NA,NA,0,6.93889390390723e-18,0.0713475991333587,0.928652400866641,1,3773.37307871056,4142.42692128944,71,71,NA,NA
10,0.5,0.7,0.4,0.01,1,50,1,0,1,0,7328.16,71,1793.20831347342,0,50,NA,NA,0,6.93889390390723e-18,0.0713475991333587,0.928652400866641,1,6818.53583606205,7837.78416393795,71,71,NA,NA
10,0.5,0.7,0.4,0.01,1.5,50,1,0,1,0,27969.52,71,7896.23883144787,0,50,NA,NA,0,6.93889390390723e-18,0.0713475991333587,0.928652400866641,1,25725.4337538592,30213.6062461408,71,71,NA,NA
10,0.5,0.7,0.4,0.1,0.5,50,1,0,1,0,9434.3,174,1248.46469386873,0,50,NA,NA,0,6.93889390390723e-18,0.0713475991333587,0.928652400866641,1,9079.49025980507,9789.10974019493,174,174,NA,NA
10,0.5,0.7,0.4,0.1,1,50,1,0,1,0,17661.34,174,3858.84901741227,0,50,NA,NA,0,6.93889390390723e-18,0.0713475991333587,0.928652400866641,1,16564.6672434186,18758.0127565814,174,174,NA,NA
10,0.5,0.7,0.4,0.1,1.5,50,1,0,1,0,54391.66,272,8932.69393881206,0,50,NA,NA,0,6.93889390390723e-18,0.0713475991333587,0.928652400866641,1,51853.0164714838,56930.3035285162,272,272,NA,NA
10,0.5,0.7,0.4,0.5,0.5,50,1,0,1,0,14676.04,1637,2729.62135342271,0,50,NA,NA,0,6.93889390390723e-18,0.0713475991333587,0.928652400866641,1,13900.2901946633,15451.7898053367,1637,1637,NA,NA
10,0.5,0.7,0.4,0.5,1,50,1,0,1,0,28567.72,1655.52,6762.77964540062,130.956175875749,50,NA,NA,0,6.93889390390723e-18,0.0713475991333587,0.928652400866641,1,26645.7592903666,30489.6807096334,1618.30266660837,1692.73733339163,NA,NA
10,0.5,0.7,0.4,0.5,1.5,50,1,0,1,0,70023.86,2563,16575.9116546898,0,50,NA,NA,0,6.93889390390723e-18,0.0713475991333587,0.928652400866641,1,65313.0380307621,74734.6819692379,2563,2563,NA,NA
10,0.5,0.7,0.4,1,0.5,50,1,0.02,0.98,0,15532.3,6282,3272.94779602581,0,50,0.448398531016766,NA,1,0.00353925927164624,0.104954435896378,0.895045564103622,0.996460740728354,14602.1385281678,16462.4614718322,6282,6282,NA,NA
10,0.5,0.7,0.4,1,1,50,1,0,1,0,29931.22,6282,7098.8332306321,0,50,NA,NA,0,6.93889390390723e-18,0.0713475991333587,0.928652400866641,1,27913.7539181658,31948.6860818342,6282,6282,NA,NA
10,0.5,0.7,0.4,1,1.5,50,1,0,1,0,63210.36,9835,16321.6632402761,0,50,NA,NA,0,6.93889390390723e-18,0.0713475991333587,0.928652400866641,1,58571.7946306533,67848.9253693467,9835,9835,NA,NA
10,0.5,0.7,0.4,3,0.5,50,1,1,0,0,16403.2,37741,4175.79019529263,0,50,0.869673666088962,0.292208511740355,50,0.928652400866641,1,6.93889390390723e-18,0.0713475991333587,15216.4535572879,17589.9464427121,37741,37741,0.786628925903266,0.952718406274658
10,0.5,0.7,0.4,3,1,50,1,0.88,0,0.12,25219.66,37741,5113.02351387801,0,50,0.478851361343875,0.114300778269383,44,0.76195182616797,0.943823998490677,6.93889390390723e-18,0.0713475991333587,23766.5547952801,26672.7652047199,37741,37741,0.444100748526313,0.513601974161437
10,0.5,0.7,0.4,3,1.5,50,1,0.36,0.04,0.6,52467.18,59088,13562.0834015806,0,50,0.47318561390822,0.105662085848923,18,0.241387496518467,0.498589831238873,0.0110388843276198,0.13460090687507,48612.8785433,56321.4814567,59088,59088,0.42064109478662,0.52573013302982
10,0.5,0.7,0.4,5,0.5,50,1,1,0,0,16340.26,92508,3922.14120409987,0,50,1.76622301374964,0.277820975065567,50,0.928652400866641,1,6.93889390390723e-18,0.0713475991333587,15225.5998029846,17454.9201970154,92508,92508,1.68726716624525,1.84517886125403
10,0.5,0.7,0.4,5,1,50,1,1,0,0,25045.48,92508,5296.77402876852,0,50,1.32690305031142,0.201703748237744,50,0.928652400866641,1,6.93889390390723e-18,0.0713475991333587,23540.1534767525,26550.8065232475,92508,92508,1.26957947932055,1.38422662130229
10,0.5,0.7,0.4,5,1.5,50,1,0.98,0,0.02,51427.82,143785.52,15125.3903517717,7399.73104376098,50,1.08866760818209,0.274513792194674,49,0.895045564103622,0.996460740728354,6.93889390390723e-18,0.0713475991333587,47129.231623881,55726.408376119,141682.539705849,145888.500294151,1.00981804074868,1.1675171756155
10,0.5,0.7,0.4,10,0.5,50,0,0,0,0,NA,NA,NA,NA,0,NA,NA,0,6.93889390390723e-18,0.0713475991333587,6.93889390390723e-18,0.0713475991333587,NA,NA,NA,NA,NA,NA
10,0.5,0.7,0.4,10,1,50,0,0,0,0,NA,NA,NA,NA,0,NA,NA,0,6.93889390390723e-18,0.0713475991333587,6.93889390390723e-18,0.0713475991333587,NA,NA,NA,NA,NA,NA
10,0.5,0.7,0.4,10,1.5,50,0,0,0,0,NA,NA,NA,NA,0,NA,NA,0,6.93889390390723e-18,0.0713475991333587,6.93889390390723e-18,0.0713475991333587,NA,NA,NA,NA,NA,NA
10,1,0.5,0.2,0.001,0.5,50,1,0,1,0,3752.6,71,1286.6803672035,0,50,NA,NA,0,6.93889390390723e-18,0.0713475991333587,0.928652400866641,1,3386.92948561267,4118.27051438733,71,71,NA,NA
10,1,0.5,0.2,0.001,1,50,1,0,1,0,9453.1,71,7259.94768140478,0,50,NA,NA,0,6.93889390390723e-18,0.0713475991333587,0.928652400866641,1,7389.84569788125,11516.3543021188,71,71,NA,NA
10,1,0.5,0.2,0.001,1.5,50,0.84,0,0.84,0,52677.8333333333,71,50451.6575134018,0,42,NA,NA,0,6.93889390390723e-18,0.0713475991333587,0.71485783936965,0.916625793219666,36955.9900878501,68399.6765788164,71,71,NA,NA
10,1,0.5,0.2,0.01,0.5,50,1,0,1,0,4709.42,71,1108.65121380782,0,50,NA,NA,0,6.93889390390723e-18,0.0713475991333587,0.928652400866641,1,4394.34481119429,5024.49518880571,71,71,NA,NA
10,1,0.5,0.2,0.01,1,50,1,0,1,0,9602.9,71,2657.74313687998,0,50,NA,NA,0,6.93889390390723e-18,0.0713475991333587,0.928652400866641,1,8847.57775778335,10358.2222422166,71,71,NA,NA
10,1,0.5,0.2,0.01,1.5,50,0.96,0,0.96,0,38976.3333333333,71,12331.0553038984,0,48,NA,NA,0,6.93889390390723e-18,0.0713475991333587,0.86539909312493,0.98896111567238,35395.7681121095,42556.8985545571,71,71,NA,NA
10,1,0.5,0.2,0.1,0.5,50,1,0,1,0,13360.48,174,3038.24054374117,0,50,NA,NA,0,6.93889390390723e-18,0.0713475991333587,0.928652400866641,1,12497.0215912291,14223.9384087709,174,174,NA,NA
10,1,0.5,0.2,0.1,1,50,1,0,1,0,29214.94,174,8486.04680062802,0,50,NA,NA,0,6.93889390390723e-18,0.0713475991333587,0.928652400866641,1,26803.2321836719,31626.6478163281,174,174,NA,NA
10,1,0.5,0.2,0.1,1.5,50,1,0,1,0,116277.08,270.04,31541.4808426708,13.8592929112563,50,NA,NA,0,6.93889390390723e-18,0.0713475991333587,0.928652400866641,1,107313.090326834,125241.069673166,266.101232535227,273.978767464773,NA,NA
10,1,0.5,0.2,0.5,0.5,50,1,0,1,0,25681.6,1637,8304.33268031249,0,50,NA,NA,0,6.93889390390723e-18,0.0713475991333587,0.928652400866641,1,23321.5347652648,28041.6652347352,1637,1637,NA,NA
10,1,0.5,0.2,0.5,1,50,1,0,1,0,64492.06,1637,19964.5207289106,0,50,NA,NA,0,6.93889390390723e-18,0.0713475991333587,0.928652400866641,1,58818.2059873643,70165.9140126357,1637,1637,NA,NA
10,1,0.5,0.2,0.5,1.5,50,1,0,1,0,220461.72,2563,49954.5770516556,0,50,NA,NA,0,6.93889390390723e-18,0.0713475991333587,0.928652400866641,1,206264.7862843,234658.6537157,2563,2563,NA,NA
10,1,0.5,0.2,1,0.5,50,1,0,0.98,0.02,35254.54,6282,10949.925747973,0,50,NA,NA,0,6.93889390390723e-18,0.0713475991333587,0.895045564103622,0.996460740728354,32142.6055345143,38366.4744654857,6282,6282,NA,NA
10,1,0.5,0.2,1,1,50,1,0.02,0.98,0,94196.72,6282,29060.2858224634,0,50,0.896509953734521,NA,1,0.00353925927164624,0.104954435896378,0.895045564103622,0.996460740728354,85937.8781494488,102455.561850551,6282,6282,NA,NA
10,1,0.5,0.2,1,1.5,50,0.94,0.02,0.92,0,312965.170212766,8474.27659574468,80712.3431922224,1745.83266171223,47,0.448259050724568,NA,1,0.00353925927164624,0.104954435896378,0.811617530816572,0.968450485911407,289267.138462363,336663.201963169,7961.68092311485,8986.87226837451,NA,NA
10,1,0.5,0.2,3,0.5,50,1,0.04,0.82,0.14,47144.54,24106,19888.3273305869,0,50,1.7928877467209,1.90155107485498,2,0.0110388843276198,0.13460090687507,0.692039463256992,0.902298073297658,41492.3399115774,52796.7400884226,24106,24106,-15.2918708189208,18.8776463123626
10,1,0.5,0.2,3,1,50,1,0.04,0.96,0,129944.18,35014,64383.2530870333,5509.37197798776,50,1.79307147035983,1.26783838422335,2,0.0110388843276198,0.13460090687507,0.86539909312493,0.98896111567238,111646.661926079,148241.698073921,33448.2538080996,36579.7461919004,-9.59800446819268,13.1841474089123
10,1,0.5,0.2,3,1.5,50,0.54,0.02,0.52,0,269914.259259259,43275.4074074074,100408.141939476,9533.05968019171,27,2.24133945699375,NA,1,0.00353925927164624,0.104954435896378,0.385117448900446,0.652028647134219,230194.121194387,309634.397324131,39504.2545968503,47046.5602179646,NA,NA
10,1,0.5,0.2,5,0.5,50,1,0.46,0.18,0.36,53786.18,59088,26174.1925315992,0,50,0.740619053826894,0.759808692833874,23,0.329696521922244,0.596011286008425,0.0977019267023418,0.307960536743008,46347.5567873797,61224.8032126203,59088,59088,0.412053136286261,1.06918497136753
10,1,0.5,0.2,5,1,50,1,0.08,0.84,0.08,143698.38,59088,85211.7177316067,0,50,1.23274453488584,1.28753077640577,4,0.031549514088593,0.188382469183428,0.71485783936965,0.916625793219666,119481.477769288,167915.282230712,59088,59088,-0.816004246269963,3.28149331604164
10,1,0.5,0.2,5,1.5,50,0.72,0.02,0.66,0.04,229898.805555556,91579.6666666667,104928.969841458,5570,36,2.68960672614867,NA,1,0.00353925927164624,0.104954435896378,0.521538260502326,0.775630507774999,194395.949959175,265401.661151937,89695.0498066076,93464.2835267258,NA,NA
10,1,0.5,0.2,10,0.5,50,1,0.86,0.04,0.1,74140.9,144832,47136.8286653064,0,50,1.06334234424345,0.757820087136962,43,0.738138062894145,0.930491665729837,0.0110388843276198,0.13460090687507,60744.7615152789,87537.0384847211,144832,144832,0.830119745783456,1.29656494270344
10,1,0.5,0.2,10,1,50,0.92,0.42,0.16,0.34,130550.934782609,144832,75101.5035832327,0,46,0.917896020264123,0.844317066289825,21,0.29375003354712,0.557665582314218,0.0833742067803341,0.28514216063035,108248.541172539,152853.328392679,144832,144832,0.5335674994888,1.30222454103945
10,1,0.5,0.2,10,1.5,50,0.04,0,0.02,0.02,185790.5,144832,57924.0661944584,0,2,NA,NA,0,6.93889390390723e-18,0.0713475991333587,0.00353925927164624,0.104954435896378,-334636.586686611,706217.586686611,144832,144832,NA,NA
10,1,0.5,0.3,0.001,0.5,50,1,0,1,0,7443.24,71,3732.11659900537,0,50,NA,NA,0,6.93889390390723e-18,0.0713475991333587,0.928652400866641,1,6382.58419821926,8503.89580178074,71,71,NA,NA
10,1,0.5,0.3,0.001,1,50,0.48,0,0.48,0,45643.625,71,95759.8613542876,0,24,NA,NA,0,6.93889390390723e-18,0.0713475991333587,0.347971352865781,0.614882551099554,5207.78187249631,86079.4681275037,71,71,NA,NA
10,1,0.5,0.3,0.001,1.5,50,0.24,0,0.24,0,68673.0833333333,71,93399.0054389897,0,12,NA,NA,0,6.93889390390723e-18,0.0713475991333587,0.142973913969917,0.374126837579429,9330.1864505697,128015.980216097,71,71,NA,NA
10,1,0.5,0.3,0.01,0.5,50,1,0,1,0,6503.76,71,2427.42290959792,0,50,NA,NA,0,6.93889390390723e-18,0.0713475991333587,0.928652400866641,1,5813.89404213398,7193.62595786602,71,71,NA,NA
10,1,0.5,0.3,0.01,1,50,0.86,0,0.86,0,23477.3953488372,71,52064.1024837192,0,43,NA,NA,0,6.93889390390723e-18,0.0713475991333587,0.738138062894145,0.930491665729837,7454.42964253772,39500.3610551367,71,71,NA,NA
10,1,0.5,0.3,0.01,1.5,50,0.48,0,0.48,0,49998.1666666667,71,20425.7431149298,0,24,NA,NA,0,6.93889390390723e-18,0.0713475991333587,0.347971352865781,0.614882551099554,41373.1317859013,58623.2015474321,71,71,NA,NA
10,1,0.5,0.3,0.1,0.5,50,1,0,1,0,16021.3,174,5249.32940031974,0,50,NA,NA,0,6.93889390390723e-18,0.0713475991333587,0.928652400866641,1,14529.4570909678,17513.1429090322,174,174,NA,NA
10,1,0.5,0.3,0.1,1,50,1,0,1,0,42998.58,174,10769.1755072389,0,50,NA,NA,0,6.93889390390723e-18,0.0713475991333587,0.928652400866641,1,39938.0141845611,46059.1458154389,174,174,NA,NA
10,1,0.5,0.3,0.1,1.5,50,0.92,0,0.92,0,194043.434782609,269.869565217391,73624.8523239122,14.4493117031799,46,NA,NA,0,6.93889390390723e-18,0.0713475991333587,0.811617530816572,0.968450485911407,172179.552467772,215907.317097446,265.578649301949,274.160481132833,NA,NA
10,1,0.5,0.3,0.5,0.5,50,1,0.02,0.98,0,37767.12,1637,13147.5045287022,0,50,1.34383656414251,NA,1,0.00353925927164624,0.104954435896378,0.895045564103622,0.996460740728354,34030.640555327,41503.599444673,1637,1637,NA,NA
10,1,0.5,0.3,0.5,1,50,1,0,1,0,97216.28,1637,26262.0737481383,0,50,NA,NA,0,6.93889390390723e-18,0.0713475991333587,0.928652400866641,1,89752.6812219821,104679.878778018,1637,1637,NA,NA
10,1,0.5,0.3,0.5,1.5,50,0.96,0,0.96,0,316727.354166667,2563,70705.8511835852,0,48,NA,NA,0,6.93889390390723e-18,0.0713475991333587,0.86539909312493,0.98896111567238,296196.515122832,337258.193210502,2563,2563,NA,NA
10,1,0.5,0.3,1,0.5,50,1,0.06,0.94,0,56128.2,6282,23125.7181245364,0,50,1.34452271720708,1.18542358099513,3,0.020614970348974,0.162170916888382,0.837829083111618,0.979385029651026,49555.9436279261,62700.4563720739,6282,6282,-1.60023270474104,4.2892781391552
10,1,0.5,0.3,1,1,50,1,0,1,0,159590.68,6282,52985.7111853175,0,50,NA,NA,0,6.93889390390723e-18,0.0713475991333587,0.928652400866641,1,144532.307494928,174649.052505072,6282,6282,NA,NA
10,1,0.5,0.3,1,1.5,50,0.24,0,0.24,0,316110.833333333,8650.66666666667,73186.4485827227,1749.37626979828,12,NA,NA,0,6.93889390390723e-18,0.0713475991333587,0.142973913969917,0.374126837579429,269610.382380489,362611.284286177,7539.1660131013,9762.16732023204,NA,NA
10,1,0.5,0.3,3,0.5,50,1,0.06,0.92,0.02,103670.7,24106,57973.8432952169,0,50,2.53992461401753,1.2934153698399,3,0.020614970348974,0.162170916888382,0.811617530816572,0.968450485911407,87194.7160344971,120146.683965503,24106,24106,-0.673097283159267,5.75294651119433
10,1,0.5,0.3,3,1,50,0.74,0.02,0.72,0,252725.702702703,36266.9459459459,97057.462343725,4292.29927988579,37,0.448286264508531,NA,1,0.00353925927164624,0.104954435896378,0.583348763040434,0.825258293340888,220365.133611073,285086.271794333,34835.8221142019,37698.0697776899,NA,NA
10,1,0.5,0.3,3,1.5,50,0.06,0,0.06,0,267502.666666667,37741,151549.826860123,0,3,NA,NA,0,6.93889390390723e-18,0.0713475991333587,0.020614970348974,0.162170916888382,-108967.973445798,643973.306779132,37741,37741,NA,NA
10,1,0.5,0.3,5,0.5,50,1,0.1,0.84,0.06,136629.72,59088,82376.7808768605,0,50,2.33086460145287,1.7758386422002,5,0.0434757649318904,0.213602314374797,0.71485783936965,0.916625793219666,113218.497908935,160040.942091065,59088,59088,0.125869692813826,4.53585951009191
10,1,0.5,0.3,5,1,50,0.5,0.02,0.48,0,249374.36,59088,101841.825766267,0,25,0.896567085944056,NA,1,0.00353925927164624,0.104954435896378,0.347971352865781,0.614882551099554,207336.120457486,291412.599542514,59088,59088,NA,NA
10,1,0.5,0.3,5,1.5,50,0.12,0,0.1,0.02,311251.333333333,86938,107161.91026044,13643.6578673023,6,NA,NA,0,6.93889390390723e-18,0.0713475991333587,0.0434757649318904,0.213602314374797,198791.805466692,423710.861199974,72619.8591755057,101256.140824494,NA,NA
10,1,0.5,0.3,10,0.5,50,0.88,0.22,0.42,0.24,185736.681818182,144832,104084.748885899,0,44,1.67076828016444,1.84905799282791,11,0.127539159702144,0.352415495812537,0.29375003354712,0.557665582314218,154092.025819231,217381.337817133,144832,144832,0.428554218032275,2.91298234229661
10,1,0.5,0.3,10,1,50,0.38,0.04,0.3,0.04,247645.789473684,144832,99818.4501758506,0,19,1.12069650029543,0.950941492063122,2,0.0110388843276198,0.13460090687507,0.191035535008809,0.437503504644534,199534.836521239,295756.742426129,144832,144832,-7.42317382576908,9.66456682635994
10,1,0.5,0.3,10,1.5,50,0.02,0,0.02,0,355000,144832,NA,NA,1,NA,NA,0,6.93889390390723e-18,0.0713475991333587,0.00353925927164624,0.104954435896378,NA,NA,NA,NA,NA,NA
10,1,0.5,0.4,0.001,0.5,50,0.32,0,0.32,0,142114.6875,71,150722.351001975,0,16,NA,NA,0,6.93889390390723e-18,0.0713475991333587,0.207582162606568,0.458102973081441,61800.4158627849,222428.959137215,71,71,NA,NA
10,1,0.5,0.4,0.001,1,50,0.06,0,0.06,0,25748,71,11262.1359874582,0,3,NA,NA,0,6.93889390390723e-18,0.0713475991333587,0.020614970348974,0.162170916888382,-2228.69672130546,53724.6967213055,71,71,NA,NA
10,1,0.5,0.4,0.001,1.5,50,0.02,0,0,0.02,71,71,NA,NA,1,NA,NA,0,6.93889390390723e-18,0.0713475991333587,6.93889390390723e-18,0.0713475991333587,NA,NA,NA,NA,NA,NA
10,1,0.5,0.4,0.01,0.5,50,0.42,0,0.42,0,128944.80952381,71,148728.451976957,0,21,NA,NA,0,6.93889390390723e-18,0.0713475991333587,0.29375003354712,0.557665582314218,61244.4298587539,196645.189188866,71,71,NA,NA
10,1,0.5,0.4,0.01,1,50,0.08,0,0.08,0,34083,71,19038.0156003718,0,4,NA,NA,0,6.93889390390723e-18,0.0713475991333587,0.031549514088593,0.188382469183428,3789.26879633159,64376.7312036684,71,71,NA,NA
10,1,0.5,0.4,0.01,1.5,50,0.04,0,0.02,0.02,18906,71,26636.7124472972,0,2,NA,NA,0,6.93889390390723e-18,0.0713475991333587,0.00353925927164624,0.104954435896378,-220415.36620585,258227.36620585,71,71,NA,NA
10,1,0.5,0.4,0.1,0.5,50,0.62,0,0.62,0,83775.1290322581,174,121526.763054547,0,31,NA,NA,0,6.93889390390723e-18,0.0713475991333587,0.48150446930993,0.741372106898064,39198.7524623998,128351.505602116,174,174,NA,NA
10,1,0.5,0.4,0.1,1,50,0.26,0,0.26,0,67488.6923076923,174,26905.8888392629,0,13,NA,NA,0,6.93889390390723e-18,0.0713475991333587,0.158715274935524,0.395531572648488,51229.6264068635,83747.7582085211,174,174,NA,NA
10,1,0.5,0.4,0.1,1.5,50,0.14,0.02,0.12,0,180603.571428571,272,140545.700445154,0,7,1.34312218925468,NA,1,0.00353925927164624,0.104954435896378,0.0561760015093228,0.23804817383203,50620.4779274894,310586.664929653,272,272,NA,NA
10,1,0.5,0.4,0.5,0.5,50,0.98,0.02,0.96,0,89223.9591836735,1637,39717.4914054245,0,49,1.34383656414251,NA,1,0.00353925927164624,0.104954435896378,0.86539909312493,0.98896111567238,77815.7636543323,100632.154713015,1637,1637,NA,NA
10,1,0.5,0.4,0.5,1,50,0.74,0,0.74,0,190055.945945946,1637,74152.5831036346,0,37,NA,NA,0,6.93889390390723e-18,0.0713475991333587,0.604468427351512,0.841284725064476,165332.243812154,214779.648079738,1637,1637,NA,NA
10,1,0.5,0.4,0.5,1.5,50,0.12,0.02,0.1,0,195693.333333333,2563,143682.892553939,0,6,3.58625384932276,NA,1,0.00353925927164624,0.104954435896378,0.0434757649318904,0.213602314374797,44907.3850438841,346479.281622782,2563,2563,NA,NA
10,1,0.5,0.4,1,0.5,50,0.98,0.04,0.94,0,148301.020408163,6282,73461.3091941629,0,49,1.56852909894337,1.58410384079048,2,0.0110388843276198,0.13460090687507,0.837829083111618,0.979385029651026,127200.468750111,169401.572066215,6282,6282,-12.6640792283797,15.8011374262664
10,1,0.5,0.4,1,1,50,0.68,0,0.68,0,288605.205882353,6282,85941.8652429721,0,34,NA,NA,0,6.93889390390723e-18,0.0713475991333587,0.541897026918559,0.792417837393432,258618.671491162,318591.740273544,6282,6282,NA,NA
10,1,0.5,0.4,1,1.5,50,0.06,0.02,0.04,0,166634.333333333,7466.33333333333,178466.117412615,2051.32550643074,3,4.93102285378184,NA,1,0.00353925927164624,0.104954435896378,0.0110388843276198,0.13460090687507,-276700.079201006,609968.745867672,2370.55828373338,12562.1083829333,NA,NA
10,1,0.5,0.4,3,0.5,50,0.44,0.04,0.4,0,219872.681818182,24106,118020.115755701,0,22,2.91330146999306,1.58410384079048,2,0.0110388843276198,0.13460090687507,0.276083897302565,0.538185622524106,167545.49394195,272199.869694414,24106,24106,-11.31930685733,17.1459097973161
10,1,0.5,0.4,3,1,50,0.08,0,0.08,0,249916,34332.25,121340.551375045,6817.5,4,NA,NA,0,6.93889390390723e-18,0.0713475991333587,0.031549514088593,0.188382469183428,56836.1052977,442995.8947023,23484.0861568642,45180.4138431358,NA,NA
10,1,0.5,0.4,3,1.5,50,0.02,0.02,0,0,71,37741,NA,NA,1,6.2758224386155,NA,1,0.00353925927164624,0.104954435896378,6.93889390390723e-18,0.0713475991333587,NA,NA,NA,NA,NA,NA
10,1,0.5,0.4,5,0.5,50,0.28,0.04,0.24,0,215448.785714286,59088,131277.443463001,0,14,3.80986855593712,1.58410384079048,2,0.0110388843276198,0.13460090687507,0.142973913969917,0.374126837579429,139651.446502916,291246.124925656,59088,59088,-10.4227397713859,18.0424768832602
10,1,0.5,0.4,5,1,50,0.04,0,0.04,0,185790.5,59088,57924.0661944584,0,2,NA,NA,0,6.93889390390723e-18,0.0713475991333587,0.0110388843276198,0.13460090687507,-334636.586686611,706217.586686611,59088,59088,NA,NA
10,1,0.5,0.4,5,1.5,50,0.02,0.02,0,0,71,92508,NA,NA,1,7.17237052920595,NA,1,0.00353925927164624,0.104954435896378,6.93889390390723e-18,0.0713475991333587,NA,NA,NA,NA,NA,NA
10,1,0.5,0.4,10,0.5,50,0.14,0.04,0.04,0.06,164133.571428571,144832,145153.021702222,0,7,4.70641514783798,1.58410384079048,2,0.0110388843276198,0.13460090687507,0.0110388843276198,0.13460090687507,29889.4164517547,298377.726405387,144832,144832,-9.52619317948508,18.939023475161
10,1,0.5,0.4,10,1,50,0.04,0,0.02,0.02,185790.5,144832,57924.0661944584,0,2,NA,NA,0,6.93889390390723e-18,0.0713475991333587,0.00353925927164624,0.104954435896378,-334636.586686611,706217.586686611,144832,144832,NA,NA
10,1,0.5,0.4,10,1.5,50,0,0,0,0,NA,NA,NA,NA,0,NA,NA,0,6.93889390390723e-18,0.0713475991333587,6.93889390390723e-18,0.0713475991333587,NA,NA,NA,NA,NA,NA
10,1,0.6,0.2,0.001,0.5,50,1,0,1,0,2332.38,71,742.560322293683,0,50,NA,NA,0,6.93889390390723e-18,0.0713475991333587,0.928652400866641,1,2121.34669138824,2543.41330861176,71,71,NA,NA
10,1,0.6,0.2,0.001,1,50,1,0,1,0,4314.46,71,1490.4811058644,0,50,NA,NA,0,6.93889390390723e-18,0.0713475991333587,0.928652400866641,1,3890.86995653754,4738.05004346246,71,71,NA,NA
10,1,0.6,0.2,0.001,1.5,50,1,0,1,0,21068.26,71,11958.2860450443,0,50,NA,NA,0,6.93889390390723e-18,0.0713475991333587,0.928652400866641,1,17669.7527088799,24466.7672911201,71,71,NA,NA
10,1,0.6,0.2,0.01,0.5,50,1,0,1,0,3616.74,71,685.480817695558,0,50,NA,NA,0,6.93889390390723e-18,0.0713475991333587,0.928652400866641,1,3421.92850710828,3811.55149289172,71,71,NA,NA
10,1,0.6,0.2,0.01,1,50,1,0,1,0,7048.1,71,1870.46841508664,0,50,NA,NA,0,6.93889390390723e-18,0.0713475991333587,0.928652400866641,1,6516.5187581283,7579.68124187171,71,71,NA,NA
10,1,0.6,0.2,0.01,1.5,50,1,0,1,0,24871.3,71,5468.70232434029,0,50,NA,NA,0,6.93889390390723e-18,0.0713475991333587,0.928652400866641,1,23317.1119957803,26425.4880042197,71,71,NA,NA
10,1,0.6,0.2,0.1,0.5,50,1,0,1,0,9547.44,174,1228.86262595515,0,50,NA,NA,0,6.93889390390723e-18,0.0713475991333587,0.928652400866641,1,9198.20110586732,9896.67889413268,174,174,NA,NA
10,1,0.6,0.2,0.1,1,50,1,0,1,0,21895.44,174,4658.71550642405,0,50,NA,NA,0,6.93889390390723e-18,0.0713475991333587,0.928652400866641,1,20571.4477024251,23219.4322975749,174,174,NA,NA
10,1,0.6,0.2,0.1,1.5,50,1,0,1,0,75185.58,272,18871.0909098049,0,50,NA,NA,0,6.93889390390723e-18,0.0713475991333587,0.928652400866641,1,69822.4753036594,80548.6846963406,272,272,NA,NA
10,1,0.6,0.2,0.5,0.5,50,1,0,1,0,17036.98,1637,4442.77300099469,0,50,NA,NA,0,6.93889390390723e-18,0.0713475991333587,0.928652400866641,1,15774.357883436,18299.602116564,1637,1637,NA,NA
10,1,0.6,0.2,0.5,1,50,1,0.02,0.98,0,40605.08,1637,11711.2809871857,0,50,0.896332403834489,NA,1,0.00353925927164624,0.104954435896378,0.895045564103622,0.996460740728354,37276.7707696149,43933.3892303851,1637,1637,NA,NA
10,1,0.6,0.2,0.5,1.5,50,1,0,1,0,132225.38,2563,25112.0544473553,0,50,NA,NA,0,6.93889390390723e-18,0.0713475991333587,0.928652400866641,1,125088.613091024,139362.146908976,2563,2563,NA,NA
10,1,0.6,0.2,1,0.5,50,1,0.02,0.98,0,20457.64,6282,5012.83519825836,0,50,0.448398531016766,NA,1,0.00353925927164624,0.104954435896378,0.895045564103622,0.996460740728354,19033.0079995367,21882.2720004633,6282,6282,NA,NA
10,1,0.6,0.2,1,1,50,1,0.02,0.98,0,48377.22,6282,15066.6323665569,0,50,2.24115550656195,NA,1,0.00353925927164624,0.104954435896378,0.895045564103622,0.996460740728354,44095.3304585143,52659.1095414857,6282,6282,NA,NA
10,1,0.6,0.2,1,1.5,50,1,0,1,0,152340.08,8626.98,46151.1869092911,1700.17488284144,50,NA,NA,0,6.93889390390723e-18,0.0713475991333587,0.928652400866641,1,139224.057802984,165456.102197016,8143.79564450364,9110.16435549636,NA,NA
10,1,0.6,0.2,3,0.5,50,1,0.28,0.2,0.52,24229.72,24651.4,8206.65569370996,2699.03002985162,50,0.60838755053648,0.377413310044352,14,0.174741706659112,0.416651236959566,0.112437500157761,0.330371059322254,21897.4142577115,26562.0257422885,23884.3441526276,25418.4558473724,0.390475593008298,0.826299508064662
10,1,0.6,0.2,3,1,50,1,0.1,0.46,0.44,48216.48,36377.5,19649.7432898431,4132.02898349082,50,1.16547184003086,1.60367569935024,5,0.0434757649318904,0.213602314374797,0.329696521922244,0.596011286008425,42632.0847457283,53800.8752542717,35203.1903560747,37551.8096439253,-0.825754540646576,3.1566982207083
10,1,0.6,0.2,3,1.5,50,1,0.02,0.94,0.04,116355.08,43718.16,43455.2643600947,9682.08912639357,50,0.896567085944056,NA,1,0.00353925927164624,0.104954435896378,0.837829083111618,0.979385029651026,104005.230514125,128704.929485875,40966.5407156495,46469.7792843505,NA,NA
10,1,0.6,0.2,5,0.5,50,1,1,0,0,26335.66,59088,9976.72722422191,0,50,0.896566892477422,0.461805632249214,50,0.928652400866641,1,6.93889390390723e-18,0.0713475991333587,23500.3054947375,29171.0145052625,59088,59088,0.765323183941978,1.02781060101287
10,1,0.6,0.2,5,1,50,1,0.58,0.08,0.34,47101.2,59088,19156.2583539283,0,50,0.680140599076255,0.763534120150837,29,0.442334417685782,0.70624996645288,0.031549514088593,0.188382469183428,41657.0516127498,52545.3483872502,59088,59088,0.389707752406599,0.970573445745911
10,1,0.6,0.2,5,1.5,50,1,0.34,0.34,0.32,100658.52,92508,45198.2006528434,0,50,0.553745429673454,0.252067452461102,17,0.224369492225001,0.478461739497674,0.224369492225001,0.478461739497674,87813.3335003969,113503.706499603,92508,92508,0.424144304513474,0.683346554833434
10,1,0.6,0.2,10,0.5,50,1,1,0,0,30090.92,144832,13172.2400568741,0,50,1.68552388637545,0.52466350930417,50,0.928652400866641,1,6.93889390390723e-18,0.0713475991333587,26347.4107960015,33834.4292039985,144832,144832,1.53641616683785,1.83463160591305
10,1,0.6,0.2,10,1,50,1,1,0,0,45733.16,144832,18269.2864469305,0,50,1.28206344493468,0.695674810398685,50,0.928652400866641,1,6.93889390390723e-18,0.0713475991333587,40541.0862396316,50925.2337603684,144832,144832,1.08435485137179,1.47977203849757
10,1,0.6,0.2,10,1.5,50,0,0,0,0,NA,NA,NA,NA,0,NA,NA,0,6.93889390390723e-18,0.0713475991333587,6.93889390390723e-18,0.0713475991333587,NA,NA,NA,NA,NA,NA
10,1,0.6,0.3,0.001,0.5,50,1,0,1,0,3603.2,71,1362.75514742625,0,50,NA,NA,0,6.93889390390723e-18,0.0713475991333587,0.928652400866641,1,3215.90927229084,3990.49072770916,71,71,NA,NA
10,1,0.6,0.3,0.001,1,50,1,0,1,0,11611.48,71,19564.44176461,0,50,NA,NA,0,6.93889390390723e-18,0.0713475991333587,0.928652400866641,1,6051.32717096851,17171.6328290315,71,71,NA,NA
10,1,0.6,0.3,0.001,1.5,50,0.92,0,0.92,0,69159.4565217391,71,67545.5303982947,0,46,NA,NA,0,6.93889390390723e-18,0.0713475991333587,0.811617530816572,0.968450485911407,49100.9099724792,89218.0030709991,71,71,NA,NA
10,1,0.6,0.3,0.01,0.5,50,1,0,1,0,4467.76,71,1182.70935170575,0,50,NA,NA,0,6.93889390390723e-18,0.0713475991333587,0.928652400866641,1,4131.63772127983,4803.88227872017,71,71,NA,NA
10,1,0.6,0.3,0.01,1,50,1,0,1,0,9529.18,71,2029.10214073886,0,50,NA,NA,0,6.93889390390723e-18,0.0713475991333587,0.928652400866641,1,8952.51555212236,10105.8444478776,71,71,NA,NA
10,1,0.6,0.3,0.01,1.5,50,0.96,0,0.96,0,40582.75,71,16825.3216105331,0,48,NA,NA,0,6.93889390390723e-18,0.0713475991333587,0.86539909312493,0.98896111567238,35697.1858767466,45468.3141232534,71,71,NA,NA
10,1,0.6,0.3,0.1,0.5,50,1,0,1,0,12402.82,174,3134.99845190861,0,50,NA,NA,0,6.93889390390723e-18,0.0713475991333587,0.928652400866641,1,11511.8632979836,13293.7767020164,174,174,NA,NA
10,1,0.6,0.3,0.1,1,50,1,0,1,0,26333.32,174,7053.71673178367,0,50,NA,NA,0,6.93889390390723e-18,0.0713475991333587,0.928652400866641,1,24328.6758852695,28337.9641147305,174,174,NA,NA
10,1,0.6,0.3,0.1,1.5,50,1,0,1,0,104387.4,270.04,31041.5266876815,13.8592929112563,50,NA,NA,0,6.93889390390723e-18,0.0713475991333587,0.928652400866641,1,95565.4957255741,113209.304274426,266.101232535227,273.978767464773,NA,NA
10,1,0.6,0.3,0.5,0.5,50,1,0,1,0,23840.86,1637,6667.0508702522,0,50,NA,NA,0,6.93889390390723e-18,0.0713475991333587,0.928652400866641,1,21946.1051072443,25735.6148927557,1637,1637,NA,NA
10,1,0.6,0.3,0.5,1,50,1,0,1,0,58073.38,1637,13423.7940588451,0,50,NA,NA,0,6.93889390390723e-18,0.0713475991333587,0.928652400866641,1,54258.379939654,61888.380060346,1637,1637,NA,NA
10,1,0.6,0.3,0.5,1.5,50,1,0,1,0,197396.12,2563,44770.9576019717,0,50,NA,NA,0,6.93889390390723e-18,0.0713475991333587,0.928652400866641,1,184672.354631987,210119.885368013,2563,2563,NA,NA
10,1,0.6,0.3,1,0.5,50,1,0,1,0,30474.24,6282,10298.2845481712,0,50,NA,NA,0,6.93889390390723e-18,0.0713475991333587,0.928652400866641,1,27547.4999144095,33400.9800855905,6282,6282,NA,NA
10,1,0.6,0.3,1,1,50,1,0,1,0,75105.48,6282,22809.3152374558,0,50,NA,NA,0,6.93889390390723e-18,0.0713475991333587,0.928652400866641,1,68623.1443335042,81587.8156664958,6282,6282,NA,NA
10,1,0.6,0.3,1,1.5,50,1,0,1,0,264488.06,8982.28,81734.7394659563,1532.83209991526,50,NA,NA,0,6.93889390390723e-18,0.0713475991333587,0.928652400866641,1,241259.304059012,287716.815940987,8546.65393720117,9417.90606279883,NA,NA
10,1,0.6,0.3,3,0.5,50,1,0.12,0.74,0.14,42509.6,25469.5,18704.0419859517,4132.02898349082,50,0.597715930549628,0.231494737387382,6,0.0561760015093228,0.23804817383203,0.604468427351512,0.841284725064476,37193.9700825324,47825.2299174676,24295.1903560747,26643.8096439253,0.354777102686948,0.840654758412308
10,1,0.6,0.3,3,1,50,1,0.02,0.9,0.08,93777.82,36377.5,43955.1738589092,4132.02898349082,50,0.448286264508531,NA,1,0.00353925927164624,0.104954435896378,0.786397685625204,0.95652423506811,81285.8978065299,106269.74219347,35203.1903560747,37551.8096439253,NA,NA
10,1,0.6,0.3,3,1.5,50,0.88,0,0.88,0,191096.772727273,44533.2272727273,92089.4177648699,10057.752150418,44,NA,NA,0,6.93889390390723e-18,0.0713475991333587,0.76195182616797,0.943823998490677,163099.030718907,219094.514735639,41475.3911312231,47591.0634142315,NA,NA
10,1,0.6,0.3,5,0.5,50,1,0.52,0.14,0.34,50190.6,59088,25733.0387047389,0,50,0.689665943372022,0.316498663383343,26,0.385117448900446,0.652028647134219,0.0695083342701629,0.261861937105855,42877.3513177633,57503.8486822367,59088,59088,0.561829366674242,0.817502520069803
10,1,0.6,0.3,5,1,50,1,0.12,0.6,0.28,93582.28,59756.4,45619.1905076478,4726.30172545088,50,0.597709576271701,0.23149403157001,6,0.0561760015093228,0.23804817383203,0.461814377475894,0.723916102697434,80617.4495074658,106547.110492534,58413.1999115028,61099.6000884972,0.354771489118926,0.840647663424476
10,1,0.6,0.3,5,1.5,50,0.92,0.04,0.72,0.16,171883.02173913,92508,83658.2878538879,0,46,0.448267269154918,0,2,0.0110388843276198,0.13460090687507,0.583348763040434,0.825258293340888,147039.57686197,196726.46661629,92508,92508,0.448267269154918,0.448267269154918
10,1,0.6,0.3,10,0.5,50,1,0.9,0,0.1,63344.92,144832,36675.4655982799,0,50,1.10574907337343,0.528686548058113,45,0.786397685625204,0.95652423506811,6.93889390390723e-18,0.0713475991333587,52921.868003127,73767.971996873,144832,144832,0.946914050359462,1.2645840963874
10,1,0.6,0.3,10,1,50,1,0.64,0.1,0.26,106053.26,144832,64287.5761202802,0,50,0.826508135848854,0.379510821321668,32,0.501410168761127,0.758612503481533,0.0434757649318904,0.213602314374797,87782.933019174,124323.586980826,144832,144832,0.689679893684414,0.963336378013294
10,1,0.6,0.3,10,1.5,50,0.02,0,0,0.02,144832,144832,NA,NA,1,NA,NA,0,6.93889390390723e-18,0.0713475991333587,6.93889390390723e-18,0.0713475991333587,NA,NA,NA,NA,NA,NA
10,1,0.6,0.4,0.001,0.5,50,1,0,1,0,12735.68,71,31156.8366870658,0,50,NA,NA,0,6.93889390390723e-18,0.0713475991333587,0.928652400866641,1,3881.0049863419,21590.3550136581,71,71,NA,NA
10,1,0.6,0.4,0.001,1,50,0.4,0,0.4,0,24764.4,71,20924.8024159696,0,20,NA,NA,0,6.93889390390723e-18,0.0713475991333587,0.276083897302565,0.538185622524106,14971.2910178359,34557.5089821641,71,71,NA,NA
10,1,0.6,0.4,0.001,1.5,50,0.26,0,0.26,0,104180.615384615,71,119823.421877457,0,13,NA,NA,0,6.93889390390723e-18,0.0713475991333587,0.158715274935524,0.395531572648488,31772.0462268694,176589.184542361,71,71,NA,NA
10,1,0.6,0.4,0.01,0.5,50,1,0,1,0,7044.62,71,2196.50403949326,0,50,NA,NA,0,6.93889390390723e-18,0.0713475991333587,0.928652400866641,1,6420.38045889235,7668.85954110765,71,71,NA,NA
10,1,0.6,0.4,0.01,1,50,0.82,0,0.82,0,25500.5365853659,71,54558.803108709,0,41,NA,NA,0,6.93889390390723e-18,0.0713475991333587,0.692039463256992,0.902298073297658,8279.65343539507,42721.4197353367,71,71,NA,NA
10,1,0.6,0.4,0.01,1.5,50,0.38,0,0.38,0,46520.6842105263,71,19064.0739060343,0,19,NA,NA,0,6.93889390390723e-18,0.0713475991333587,0.258627893101936,0.51849553069007,37332.0947147034,55709.2737063492,71,71,NA,NA
10,1,0.6,0.4,0.1,0.5,50,1,0,1,0,16166.08,174,3760.27158615341,0,50,NA,NA,0,6.93889390390723e-18,0.0713475991333587,0.928652400866641,1,15097.4226394053,17234.7373605947,174,174,NA,NA
10,1,0.6,0.4,0.1,1,50,1,0,1,0,38725.26,174,8997.48227552393,0,50,NA,NA,0,6.93889390390723e-18,0.0713475991333587,0.928652400866641,1,36168.2038299175,41282.3161700825,174,174,NA,NA
10,1,0.6,0.4,0.1,1.5,50,0.84,0,0.84,0,161905.214285714,269.666666666667,50639.7281682373,15.121728296285,42,NA,NA,0,6.93889390390723e-18,0.0713475991333587,0.71485783936965,0.916625793219666,146124.764098455,177685.664472973,264.954404402304,274.37892893103,NA,NA
10,1,0.6,0.4,0.5,0.5,50,1,0,1,0,37489.26,1637,10070.3618296464,0,50,NA,NA,0,6.93889390390723e-18,0.0713475991333587,0.928652400866641,1,34627.2948343103,40351.2251656897,1637,1637,NA,NA
10,1,0.6,0.4,0.5,1,50,1,0,1,0,86377.14,1637,20368.4148181563,0,50,NA,NA,0,6.93889390390723e-18,0.0713475991333587,0.928652400866641,1,80588.5005572473,92165.7794427527,1637,1637,NA,NA
10,1,0.6,0.4,0.5,1.5,50,0.98,0,0.98,0,306951.020408163,2563,76774.1249015279,0,49,NA,NA,0,6.93889390390723e-18,0.0713475991333587,0.895045564103622,0.996460740728354,284898.916977706,329003.12383862,2563,2563,NA,NA
10,1,0.6,0.4,1,0.5,50,1,0.02,0.98,0,52622.94,6282,15977.680542774,0,50,1.79271503547372,NA,1,0.00353925927164624,0.104954435896378,0.895045564103622,0.996460740728354,48082.1334316283,57163.7465683717,6282,6282,NA,NA
10,1,0.6,0.4,1,1,50,1,0.02,0.98,0,135768.44,6282,37322.7756022994,0,50,0.896509953734521,NA,1,0.00353925927164624,0.104954435896378,0.895045564103622,0.996460740728354,125161.424535454,146375.455464546,6282,6282,NA,NA
10,1,0.6,0.4,1,1.5,50,0.4,0.02,0.38,0,331151.55,8591.45,81653.179000527,1738.69780295484,20,0.448259050724568,NA,1,0.00353925927164624,0.104954435896378,0.258627893101936,0.51849553069007,292936.685897769,369366.414102231,7777.71437980647,9405.18562019353,NA,NA
10,1,0.6,0.4,3,0.5,50,1,0.04,0.92,0.04,93562.08,24651.4,44033.5315783185,2699.03002985162,50,1.79288683551598,1.90155236349334,2,0.0110388843276198,0.13460090687507,0.811617530816572,0.968450485911407,81047.88878907,106076.27121093,23884.3441526276,25418.4558473724,-15.291883308082,18.877656979114
10,1,0.6,0.4,3,1,50,0.96,0.02,0.94,0,261140.395833333,36320.6875,99036.2141193579,4209.25100810134,48,2.68956858929275,NA,1,0.00353925927164624,0.104954435896378,0.837829083111618,0.979385029651026,232383.276902455,289897.514764211,35098.4484137602,37542.9265862398,NA,NA
10,1,0.6,0.4,3,1.5,50,0.14,0.02,0.12,0,305183.142857143,46889.7142857143,131803.015098832,11410.451462209,7,2.24133945699375,NA,1,0.00353925927164624,0.104954435896378,0.0561760015093228,0.23804817383203,183285.68472749,427080.600986796,36336.8067645009,57442.6218069277,NA,NA
10,1,0.6,0.4,5,0.5,50,1,0.06,0.76,0.18,130176.94,59088,69575.3684095374,0,50,1.94239622145186,1.81142919873536,3,0.020614970348974,0.162170916888382,0.625873162420571,0.857026086030083,110403.839078053,149950.040921947,59088,59088,-2.55744336329233,6.44223580619605
10,1,0.6,0.4,5,1,50,0.66,0.02,0.64,0,270948.666666667,59088,103099.310804155,0,33,3.13784941072827,NA,1,0.00353925927164624,0.104954435896378,0.501410168761127,0.758612503481533,234391.240664654,307506.09266868,59088,59088,NA,NA
10,1,0.6,0.4,5,1.5,50,0.22,0.02,0.2,0,323298.363636364,92508,105142.433058469,0,11,2.68960672614867,NA,1,0.00353925927164624,0.104954435896378,0.112437500157761,0.330371059322254,252662.715983005,393934.011289723,92508,92508,NA,NA
10,1,0.6,0.4,10,0.5,50,0.98,0.24,0.46,0.28,184021.081632653,144832,99130.4164406744,0,49,1.19536761844928,1.27259400008166,12,0.142973913969917,0.374126837579429,0.329696521922244,0.596011286008425,155547.501513598,212494.661751708,144832,144832,0.386799966518548,2.00393527038001
10,1,0.6,0.4,10,1,50,0.38,0.06,0.26,0.06,228385.157894737,144832,106737.187675182,0,19,1.64365154937368,2.07044543047597,3,0.020614970348974,0.162170916888382,0.158715274935524,0.395531572648488,176939.480212202,279830.835577272,144832,144832,-3.49962002459282,6.78692312334018
10,1,0.6,0.4,10,1.5,50,0,0,0,0,NA,NA,NA,NA,0,NA,NA,0,6.93889390390723e-18,0.0713475991333587,6.93889390390723e-18,0.0713475991333587,NA,NA,NA,NA,NA,NA
10,1,0.7,0.2,0.001,0.5,50,1,0,1,0,2007.62,71,594.52106912426,0,50,NA,NA,0,6.93889390390723e-18,0.0713475991333587,0.928652400866641,1,1838.65898162893,2176.58101837107,71,71,NA,NA
10,1,0.7,0.2,0.001,1,50,1,0,1,0,3330.8,71,1117.00136115241,0,50,NA,NA,0,6.93889390390723e-18,0.0713475991333587,0.928652400866641,1,3013.35172557604,3648.24827442397,71,71,NA,NA
10,1,0.7,0.2,0.001,1.5,50,1,0,1,0,12028.5,71,5050.67320730007,0,50,NA,NA,0,6.93889390390723e-18,0.0713475991333587,0.928652400866641,1,10593.1145563488,13463.8854436512,71,71,NA,NA
10,1,0.7,0.2,0.01,0.5,50,1,0,1,0,3018.62,71,742.701766442999,0,50,NA,NA,0,6.93889390390723e-18,0.0713475991333587,0.928652400866641,1,2807.54649340578,3229.69350659422,71,71,NA,NA
10,1,0.7,0.2,0.01,1,50,1,0,1,0,5754.16,71,1494.98817632346,0,50,NA,NA,0,6.93889390390723e-18,0.0713475991333587,0.928652400866641,1,5329.28906128558,6179.03093871442,71,71,NA,NA
10,1,0.7,0.2,0.01,1.5,50,1,0,1,0,19974.64,71,5150.92337575091,0,50,NA,NA,0,6.93889390390723e-18,0.0713475991333587,0.928652400866641,1,18510.7637737121,21438.5162262879,71,71,NA,NA
10,1,0.7,0.2,0.1,0.5,50,1,0,1,0,7587.24,174,2205.06842468687,0,50,NA,NA,0,6.93889390390723e-18,0.0713475991333587,0.928652400866641,1,6960.56648755107,8213.91351244893,174,174,NA,NA
10,1,0.7,0.2,0.1,1,50,1,0.02,0.98,0,16316.02,174,5007.57354369461,0,50,0.449525097902195,NA,1,0.00353925927164624,0.104954435896378,0.895045564103622,0.996460740728354,14892.8833452184,17739.1566547816,174,174,NA,NA
10,1,0.7,0.2,0.1,1.5,50,1,0,1,0,54982.18,272,13842.3794089612,0,50,NA,NA,0,6.93889390390723e-18,0.0713475991333587,0.928652400866641,1,51048.2192993944,58916.1407006056,272,272,NA,NA
10,1,0.7,0.2,0.5,0.5,50,1,0,0.98,0.02,12110.96,1637,4129.11586108766,0,50,NA,NA,0,6.93889390390723e-18,0.0713475991333587,0.895045564103622,0.996460740728354,10937.4782563013,13284.4417436987,1637,1637,NA,NA
10,1,0.7,0.2,0.5,1,50,1,0.04,0.96,0,28634.2,1637,9494.89777056443,0,50,1.79371138994665,1.26908553274843,2,0.0110388843276198,0.13460090687507,0.86539909312493,0.98896111567238,25935.7799103522,31332.6200896478,1637,1637,-9.60856973353529,13.1959925134286
10,1,0.7,0.2,0.5,1.5,50,1,0.02,0.98,0,86717.4,2563,21169.6095459158,0,50,1.79214971313545,NA,1,0.00353925927164624,0.104954435896378,0.895045564103622,0.996460740728354,80701.0635349783,92733.7364650216,2563,2563,NA,NA
10,1,0.7,0.2,1,0.5,50,1,0.04,0.92,0.04,12957.8,6282,4286.50822169909,0,50,1.12066652823099,0.317005267748,2,0.0110388843276198,0.13460090687507,0.811617530816572,0.968450485911407,11739.5878423365,14176.0121576635,6282,6282,-1.72751280028073,3.96884585674271
10,1,0.7,0.2,1,1,50,1,0.04,0.96,0,29984.98,6282,10135.5621260903,0,50,3.1385344926741,1.26908553274843,2,0.0110388843276198,0.13460090687507,0.86539909312493,0.98896111567238,27104.4851150835,32865.4748849165,6282,6282,-8.26374663080784,14.540815616156
10,1,0.7,0.2,1,1.5,50,1,0.02,0.98,0,86133.2,8342.74,32975.7980943477,1771.41701390239,50,3.13691871759453,NA,1,0.00353925927164624,0.104954435896378,0.895045564103622,0.996460740728354,76761.5818741243,95504.8181258757,7839.3088548773,8846.17114512269,NA,NA
10,1,0.7,0.2,3,0.5,50,1,0.82,0,0.18,15568.9,27923.8,5227.02669316127,6184.25470737698,50,0.776282321583218,0.437189777274434,41,0.692039463256992,0.902298073297658,6.93889390390723e-18,0.0713475991333587,14083.3954502113,17054.4045497887,26166.2542585788,29681.3457414212,0.63828820074806,0.914276442418376
10,1,0.7,0.2,3,1,50,1,0.54,0.06,0.4,28601.54,36377.5,10832.2761175167,4132.02898349082,50,0.846793926228129,1.22047427548602,27,0.403988713991575,0.670303478077756,0.020614970348974,0.162170916888382,25523.0411895403,31680.0388104597,35203.1903560747,37551.8096439253,0.363990382705233,1.32959746975103
10,1,0.7,0.2,3,1.5,50,1,0.08,0.62,0.3,64103.76,44998.98,23946.3836906451,10214.9263225489,50,1.79284008789211,1.90138066961776,4,0.031549514088593,0.188382469183428,0.48150446930993,0.741372106898064,57298.2730546244,70909.2469453756,42095.930060011,47902.029939989,-1.23268085558934,4.81836103137356
10,1,0.7,0.2,5,0.5,50,1,1,0,0,16091.44,59088,5612.80200736473,0,50,1.3807011503648,0.460356194898741,50,0.928652400866641,1,6.93889390390723e-18,0.0713475991333587,14496.2993189868,17686.5806810132,59088,59088,1.2498693673666,1.511532933363
10,1,0.7,0.2,5,1,50,1,0.98,0,0.02,27881.96,59088,10833.8025603541,0,50,0.969773789142065,0.991367481601304,49,0.895045564103622,0.996460740728354,6.93889390390723e-18,0.0713475991333587,24803.0273792858,30960.8926207142,59088,59088,0.685019801129782,1.25452777715435
10,1,0.7,0.2,5,1.5,50,1,0.8,0.02,0.18,55656.1,91839.6,22775.5612518492,4726.30172545088,50,0.82927778366694,0.815449342390998,40,0.669628940677746,0.887562499842239,0.00353925927164624,0.104954435896378,49183.3571100741,62128.8428899259,90496.3999115028,93182.8000884972,0.56848443187183,1.09007113546205
10,1,0.7,0.2,10,0.5,50,1,1,0,0,17604.34,144832,6813.52287017876,0,50,2.19656098779768,0.481350254944205,50,0.928652400866641,1,6.93889390390723e-18,0.0713475991333587,15667.958225447,19540.721774553,144832,144832,2.05976275895047,2.33335921664489
10,1,0.7,0.2,10,1,50,1,1,0,0,27435.08,144832,10879.5643367156,0,50,1.86485639228863,0.989577732864409,50,0.928652400866641,1,6.93889390390723e-18,0.0713475991333587,24343.1420263419,30527.0179736581,144832,144832,1.58362151233997,2.14609127223729
10,1,0.7,0.2,10,1.5,50,0.04,0.04,0,0,48414.5,144832,15094.6084579892,0,2,1.12068700261863,0.316982408712935,2,0.0110388843276198,0.13460090687507,6.93889390390723e-18,0.0713475991333587,-87205.1762515603,184034.17625156,144832,144832,-1.72728694561154,3.9686609508488
10,1,0.7,0.3,0.001,0.5,50,1,0,1,0,2799.64,71,749.695768499544,0,50,NA,NA,0,6.93889390390723e-18,0.0713475991333587,0.928652400866641,1,2586.57882001398,3012.70117998602,71,71,NA,NA
10,1,0.7,0.3,0.001,1,50,1,0,0.98,0.02,5315.76,71,2593.65152380554,0,50,NA,NA,0,6.93889390390723e-18,0.0713475991333587,0.895045564103622,0.996460740728354,4578.65239268276,6052.86760731724,71,71,NA,NA
10,1,0.7,0.3,0.001,1.5,50,1,0,1,0,23202.22,71,12032.9727124078,0,50,NA,NA,0,6.93889390390723e-18,0.0713475991333587,0.928652400866641,1,19782.4869928678,26621.9530071322,71,71,NA,NA
10,1,0.7,0.3,0.01,0.5,50,1,0,1,0,3714.14,71,663.054589127672,0,50,NA,NA,0,6.93889390390723e-18,0.0713475991333587,0.928652400866641,1,3525.7019707479,3902.5780292521,71,71,NA,NA
10,1,0.7,0.3,0.01,1,50,1,0,0.98,0.02,6781.76,71,2028.47239758275,0,50,NA,NA,0,6.93889390390723e-18,0.0713475991333587,0.895045564103622,0.996460740728354,6205.2745231471,7358.2454768529,71,71,NA,NA
10,1,0.7,0.3,0.01,1.5,50,1,0,1,0,24227.38,71,4190.34298868925,0,50,NA,NA,0,6.93889390390723e-18,0.0713475991333587,0.928652400866641,1,23036.4976991659,25418.2623008341,71,71,NA,NA
10,1,0.7,0.3,0.1,0.5,50,1,0,1,0,9554.84,174,2075.89195346217,0,50,NA,NA,0,6.93889390390723e-18,0.0713475991333587,0.928652400866641,1,8964.87803447716,10144.8019655228,174,174,NA,NA
10,1,0.7,0.3,0.1,1,50,1,0.02,0.98,0,20892.2,174,5708.21534710978,0,50,0.896375422173214,NA,1,0.00353925927164624,0.104954435896378,0.895045564103622,0.996460740728354,19269.9431478589,22514.4568521411,174,174,NA,NA
10,1,0.7,0.3,0.1,1.5,50,1,0,1,0,75129.6,272,16866.1398944387,0,50,NA,NA,0,6.93889390390723e-18,0.0713475991333587,0.928652400866641,1,70336.2960776494,79922.9039223506,272,272,NA,NA
10,1,0.7,0.3,0.5,0.5,50,1,0,1,0,16582.6,1637,4147.44490312889,0,50,NA,NA,0,6.93889390390723e-18,0.0713475991333587,0.928652400866641,1,15403.909200189,17761.290799811,1637,1637,NA,NA
10,1,0.7,0.3,0.5,1,50,1,0.04,0.96,0,38997.8,1637,12420.6555234679,0,50,2.01713655208215,1.58505642721587,2,0.0110388843276198,0.13460090687507,0.86539909312493,0.98896111567238,35467.8887570348,42527.7112429652,1637,1637,-12.2240304247065,16.2583035288708
10,1,0.7,0.3,0.5,1.5,50,1,0,1,0,121313.7,2563,29916.1812063202,0,50,NA,NA,0,6.93889390390723e-18,0.0713475991333587,0.928652400866641,1,112811.615372723,129815.784627277,2563,2563,NA,NA
10,1,0.7,0.3,1,0.5,50,1,0,1,0,19167.94,6282,5484.3799434096,0,50,NA,NA,0,6.93889390390723e-18,0.0713475991333587,0.928652400866641,1,17609.2964657391,20726.5835342609,6282,6282,NA,NA
10,1,0.7,0.3,1,1,50,1,0.04,0.96,0,44275.32,6282,15395.0777045185,0,50,3.36195965480961,1.58505642721587,2,0.0110388843276198,0.13460090687507,0.86539909312493,0.98896111567238,39900.0873262634,48650.5526737366,6282,6282,-10.8792073219791,17.6031266315983
10,1,0.7,0.3,1,1.5,50,1,0,1,0,125045,8626.98,32940.2561332247,1700.17488284144,50,NA,NA,0,6.93889390390723e-18,0.0713475991333587,0.928652400866641,1,115683.482787714,134406.517212286,8143.79564450364,9110.16435549636,NA,NA
10,1,0.7,0.3,3,0.5,50,1,0.42,0.08,0.5,23129.5,27923.8,6708.9674264056,6184.25470737698,50,0.576369356089425,0.207516554513149,21,0.29375003354712,0.557665582314218,0.031549514088593,0.188382469183428,21222.8325537923,25036.1674462077,26166.2542585788,29681.3457414212,0.481908952981746,0.670829759197104
10,1,0.7,0.3,3,1,50,1,0.18,0.3,0.52,40567.16,37468.3,14876.516923319,1928.28019229572,50,1.54403650213486,2.12761608271756,9,0.0977019267023418,0.307960536743008,0.191035535008809,0.437503504644534,36339.3006696637,44795.0193303363,36920.2888328349,38016.3111671651,-0.0913939928230005,3.17946699709272
10,1,0.7,0.3,3,1.5,50,1,0.02,0.88,0.1,83893.74,44145.1,24681.9941226351,9881.74083492233,50,1.34485517286243,NA,1,0.00353925927164624,0.104954435896378,0.76195182616797,0.943823998490677,76879.194882983,90908.285117017,41336.7403278913,46953.4596721087,NA,NA
10,1,0.7,0.3,5,0.5,50,1,1,0,0,23697.04,59088,7187.16612416372,0,50,0.968293806076232,0.36632577469819,50,0.928652400866641,1,6.93889390390723e-18,0.0713475991333587,21654.4699875872,25739.6100124128,59088,59088,0.864185172819969,1.07240243933249
10,1,0.7,0.3,5,1,50,1,0.72,0.02,0.26,40535.92,59088,16367.5611585594,0,50,0.846742343205588,1.22072137433862,36,0.583348763040434,0.825258293340888,0.00353925927164624,0.104954435896378,35884.3105866034,45187.5294133966,59088,59088,0.43370965316734,1.25977503324384
10,1,0.7,0.3,5,1.5,50,1,0.42,0.06,0.52,79456.4,92508,26196.980581583,0,50,0.576348109020108,0.321481242705039,21,0.29375003354712,0.557665582314218,0.020614970348974,0.162170916888382,72011.3004952314,86901.4995047686,92508,92508,0.430011601801589,0.722684616238628
10,1,0.7,0.3,10,0.5,50,1,1,0,0,29020.44,144832,10294.7441715446,0,50,1.66759403309103,0.351233803120468,50,0.928652400866641,1,6.93889390390723e-18,0.0713475991333587,26094.706078314,31946.173921686,144832,144832,1.56777449070039,1.76741357548167
10,1,0.7,0.3,10,1,50,0.98,0.98,0,0,43017.612244898,144832,18551.5908233143,0,49,1.45460344312359,1.13746612251801,49,0.895045564103622,0.996460740728354,6.93889390390723e-18,0.0713475991333587,37688.9731993868,48346.2512904092,144832,144832,1.12788502575862,1.78132186048856
10,1,0.7,0.3,10,1.5,50,0,0,0,0,NA,NA,NA,NA,0,NA,NA,0,6.93889390390723e-18,0.0713475991333587,6.93889390390723e-18,0.0713475991333587,NA,NA,NA,NA,NA,NA
10,1,0.7,0.4,0.001,0.5,50,1,0,1,0,3835.04,71,1285.64523560613,0,50,NA,NA,0,6.93889390390723e-18,0.0713475991333587,0.928652400866641,1,3469.66366675767,4200.41633324233,71,71,NA,NA
10,1,0.7,0.4,0.001,1,50,1,0,1,0,13865.32,71,14472.8102604258,0,50,NA,NA,0,6.93889390390723e-18,0.0713475991333587,0.928652400866641,1,9752.19283380065,17978.4471661993,71,71,NA,NA
10,1,0.7,0.4,0.001,1.5,50,0.78,0,0.78,0,74324.2564102564,71,71394.8245355281,0,39,NA,NA,0,6.93889390390723e-18,0.0713475991333587,0.647584504187463,0.872460840297856,51180.7315988299,97467.7812216829,71,71,NA,NA
10,1,0.7,0.4,0.01,0.5,50,1,0,1,0,4498.84,71,1051.56193564136,0,50,NA,NA,0,6.93889390390723e-18,0.0713475991333587,0.928652400866641,1,4199.98940453172,4797.69059546828,71,71,NA,NA
10,1,0.7,0.4,0.01,1,50,1,0,1,0,9305.66,71,2180.08615828619,0,50,NA,NA,0,6.93889390390723e-18,0.0713475991333587,0.928652400866641,1,8686.0863691053,9925.2336308947,71,71,NA,NA
10,1,0.7,0.4,0.01,1.5,50,0.94,0,0.94,0,34709.5531914894,71,11066.7585034771,0,47,NA,NA,0,6.93889390390723e-18,0.0713475991333587,0.837829083111618,0.979385029651026,31460.2311669157,37958.8752160631,71,71,NA,NA
10,1,0.7,0.4,0.1,0.5,50,1,0,1,0,13166.98,174,2989.14347495692,0,50,NA,NA,0,6.93889390390723e-18,0.0713475991333587,0.928652400866641,1,12317.4748237917,14016.4851762083,174,174,NA,NA
10,1,0.7,0.4,0.1,1,50,1,0,1,0,26561.28,174,7327.01447131484,0,50,NA,NA,0,6.93889390390723e-18,0.0713475991333587,0.928652400866641,1,24478.9655270806,28643.5944729194,174,174,NA,NA
10,1,0.7,0.4,0.1,1.5,50,1,0,1,0,94010.36,272,26956.7593687311,0,50,NA,NA,0,6.93889390390723e-18,0.0713475991333587,0.928652400866641,1,86349.3337530516,101671.386246948,272,272,NA,NA
10,1,0.7,0.4,0.5,0.5,50,1,0,1,0,23726.98,1637,4508.3879217136,0,50,NA,NA,0,6.93889390390723e-18,0.0713475991333587,0.928652400866641,1,22445.7103292941,25008.2496707059,1637,1637,NA,NA
10,1,0.7,0.4,0.5,1,50,1,0.02,0.98,0,55840.88,1637,13374.5532500479,0,50,0.896332403834489,NA,1,0.00353925927164624,0.104954435896378,0.895045564103622,0.996460740728354,52039.8740226762,59641.8859773238,1637,1637,NA,NA
10,1,0.7,0.4,0.5,1.5,50,1,0,1,0,162322.58,2563,41592.4712595087,0,50,NA,NA,0,6.93889390390723e-18,0.0713475991333587,0.928652400866641,1,150502.130455751,174143.029544249,2563,2563,NA,NA
10,1,0.7,0.4,1,0.5,50,1,0,0.98,0.02,31112.42,6282,7670.31914055466,0,50,NA,NA,0,6.93889390390723e-18,0.0713475991333587,0.895045564103622,0.996460740728354,28932.5394196057,33292.3005803943,6282,6282,NA,NA
10,1,0.7,0.4,1,1,50,1,0.02,0.98,0,70675.18,6282,20957.5211814036,0,50,2.24115550656195,NA,1,0.00353925927164624,0.104954435896378,0.895045564103622,0.996460740728354,64719.1183812599,76631.2416187401,6282,6282,NA,NA
10,1,0.7,0.4,1,1.5,50,1,0,1,0,206515.74,8769.1,56720.1959402685,1644.71940724594,50,NA,NA,0,6.93889390390723e-18,0.0713475991333587,0.928652400866641,1,190396.038670674,222635.441329326,8301.6759162879,9236.5240837121,NA,NA
10,1,0.7,0.4,3,0.5,50,1,0.02,0.62,0.36,38772.68,27105.7,11539.6441611038,5705.59244182801,50,1.79305863555823,NA,1,0.00353925927164624,0.104954435896378,0.48150446930993,0.741372106898064,35493.1494158746,42052.2105841254,25484.1885692923,28727.2114307077,NA,NA
10,1,0.7,0.4,3,1,50,1,0.04,0.86,0.1,76359.26,37195.6,31937.9139254681,2699.03002985162,50,2.24125020331435,2.53563391910508,2,0.0110388843276198,0.13460090687507,0.738138062894145,0.930491665729837,67282.6052912887,85435.9147087113,36428.5441526276,37962.6558473724,-20.5405166877306,25.0230170943593
10,1,0.7,0.4,3,1.5,50,1,0,0.96,0.04,163842.72,46279.8,68074.2738566022,10564.0253111922,50,NA,NA,0,6.93889390390723e-18,0.0713475991333587,0.86539909312493,0.98896111567238,144496.225429798,183189.214570202,43277.5372251819,49282.0627748181,NA,NA
10,1,0.7,0.4,5,0.5,50,1,0.6,0,0.4,44287.12,59088,13469.950406163,0,50,0.582763820038887,0.356094322930879,30,0.461814377475894,0.723916102697434,6.93889390390723e-18,0.0713475991333587,40459.002450885,48115.237549115,59088,59088,0.449796014591776,0.715731625485998
10,1,0.7,0.4,5,1,50,1,0.14,0.52,0.34,79789.02,59088,34456.0541373193,0,50,1.08863802238248,1.50584654518076,7,0.0695083342701629,0.261861937105855,0.385117448900446,0.652028647134219,69996.7177613832,89581.3222386168,59088,59088,-0.304037752547356,2.48131379731232
10,1,0.7,0.4,5,1.5,50,1,0.14,0.64,0.22,143541.66,92508,63804.8249447405,0,50,0.448267269154918,0,7,0.0695083342701629,0.261861937105855,0.501410168761127,0.758612503481533,125408.529385249,161674.790614751,92508,92508,0.448267269154918,0.448267269154918
10,1,0.7,0.4,10,0.5,50,1,1,0,0,53322.54,144832,21525.2033740517,0,50,1.09379146413956,0.480591703924026,50,0.928652400866641,1,6.93889390390723e-18,0.0713475991333587,47205.1448871884,59439.9351128116,144832,144832,0.957208813107017,1.2303741151721
10,1,0.7,0.4,10,1,50,1,0.8,0.02,0.18,85749.36,144832,41758.2936539337,0,50,0.885337838621261,0.802422762783453,40,0.669628940677746,0.887562499842239,0.00353925927164624,0.104954435896378,73881.7842526848,97616.9357473152,144832,144832,0.628710589098447,1.14196508814408
10,1,0.7,0.4,10,1.5,50,0,0,0,0,NA,NA,NA,NA,0,NA,NA,0,6.93889390390723e-18,0.0713475991333587,6.93889390390723e-18,0.0713475991333587,NA,NA,NA,NA,NA,NA
10,1.5,0.5,0.2,0.001,0.5,50,1,0,1,0,23869.72,71,71144.170355648,0,50,NA,NA,0,6.93889390390723e-18,0.0713475991333587,0.928652400866641,1,3650.77049807231,44088.6695019277,71,71,NA,NA
10,1.5,0.5,0.2,0.001,1,50,0.44,0,0.44,0,30727.0909090909,71,73268.1359365065,0,22,NA,NA,0,6.93889390390723e-18,0.0713475991333587,0.311621992112572,0.576939719783431,-1758.18069009128,63212.3625082731,71,71,NA,NA
10,1.5,0.5,0.2,0.001,1.5,50,0.24,0,0.24,0,38051.3333333333,71,20136.4593183307,0,12,NA,NA,0,6.93889390390723e-18,0.0713475991333587,0.142973913969917,0.374126837579429,25257.2374722994,50845.4291943672,71,71,NA,NA
10,1.5,0.5,0.2,0.01,0.5,50,1,0,1,0,7825.04,71,3089.80548202224,0,50,NA,NA,0,6.93889390390723e-18,0.0713475991333587,0.928652400866641,1,6946.92699791581,8703.15300208419,71,71,NA,NA
10,1.5,0.5,0.2,0.01,1,50,0.74,0,0.74,0,17299.7027027027,71,9806.22466108153,0,37,NA,NA,0,6.93889390390723e-18,0.0713475991333587,0.604468427351512,0.841284725064476,14030.1446181409,20569.2607872645,71,71,NA,NA
10,1.5,0.5,0.2,0.01,1.5,50,0.38,0,0.38,0,53085.4736842105,71,19821.2242708792,0,19,NA,NA,0,6.93889390390723e-18,0.0713475991333587,0.258627893101936,0.51849553069007,43531.9493941005,62638.9979743205,71,71,NA,NA
10,1.5,0.5,0.2,0.1,0.5,50,1,0,1,0,20556.16,174,5585.17636927594,0,50,NA,NA,0,6.93889390390723e-18,0.0713475991333587,0.928652400866641,1,18968.8704384627,22143.4495615373,174,174,NA,NA
10,1.5,0.5,0.2,0.1,1,50,0.92,0,0.92,0,53520.1739130435,174,16664.6462752797,0,46,NA,NA,0,6.93889390390723e-18,0.0713475991333587,0.811617530816572,0.968450485911407,48571.3848359784,58468.9629901086,174,174,NA,NA
10,1.5,0.5,0.2,0.1,1.5,50,0.52,0,0.52,0,205850,268.230769230769,77868.6309549616,19.219381243542,26,NA,NA,0,6.93889390390723e-18,0.0713475991333587,0.385117448900446,0.652028647134219,174398.179297148,237301.820702852,260.467893147314,275.993645314224,NA,NA
10,1.5,0.5,0.2,0.5,0.5,50,0.98,0,0.98,0,62896.8979591837,1637,26545.7115276687,0,49,NA,NA,0,6.93889390390723e-18,0.0713475991333587,0.895045564103622,0.996460740728354,55272.079350127,70521.7165682404,1637,1637,NA,NA
10,1.5,0.5,0.2,0.5,1,50,0.96,0,0.96,0,137015.3125,1637,44339.6452721231,0,48,NA,NA,0,6.93889390390723e-18,0.0713475991333587,0.86539909312493,0.98896111567238,124140.421594874,149890.203405126,1637,1637,NA,NA
10,1.5,0.5,0.2,0.5,1.5,50,0.22,0,0.22,0,323298.363636364,2563,105142.433058469,0,11,NA,NA,0,6.93889390390723e-18,0.0713475991333587,0.127539159702144,0.352415495812537,252662.715983005,393934.011289723,2563,2563,NA,NA
10,1.5,0.5,0.2,1,0.5,50,0.94,0,0.94,0,122717.510638298,4012,66040.2515018624,0,47,NA,NA,0,6.93889390390723e-18,0.0713475991333587,0.837829083111618,0.979385029651026,103327.366392721,142107.654883875,4012,4012,NA,NA
10,1.5,0.5,0.2,1,1,50,0.86,0,0.84,0.02,243250,5859.67441860465,86067.4195948402,893.811627137509,43,NA,NA,0,6.93889390390723e-18,0.0713475991333587,0.71485783936965,0.916625793219666,216762.357904776,269737.642095224,5584.59980161698,6134.74903559232,NA,NA
10,1.5,0.5,0.2,1,1.5,50,0.02,0,0,0.02,9835,9835,NA,NA,1,NA,NA,0,6.93889390390723e-18,0.0713475991333587,6.93889390390723e-18,0.0713475991333587,NA,NA,NA,NA,NA,NA
10,1.5,0.5,0.2,3,0.5,50,0.6,0.02,0.58,0,217122.233333333,24106,111455.662002085,0,30,0.44828808691837,NA,1,0.00353925927164624,0.104954435896378,0.442334417685782,0.70624996645288,175504.005165318,258740.461501348,24106,24106,NA,NA
10,1.5,0.5,0.2,3,1,50,0.16,0.02,0.14,0,311410.25,24106,123290.431260905,0,8,1.3447723710497,NA,1,0.00353925927164624,0.104954435896378,0.0695083342701629,0.261861937105855,208336.870029134,414483.629970866,24106,24106,NA,NA
10,1.5,0.5,0.2,3,1.5,50,0.02,0.02,0,0,9835,37741,NA,NA,1,1.34479958483366,NA,1,0.00353925927164624,0.104954435896378,6.93889390390723e-18,0.0713475991333587,NA,NA,NA,NA,NA,NA
10,1.5,0.5,0.2,5,0.5,50,0.4,0,0.4,0,235416.8,44145.1,91786.4141383623,10036.5555996698,20,NA,NA,0,6.93889390390723e-18,0.0713475991333587,0.276083897302565,0.538185622524106,192459.435869621,278374.164130379,39447.84738852,48842.35261148,NA,NA
10,1.5,0.5,0.2,5,1,50,0.02,0.02,0,0,6282,59088,NA,NA,1,2.24133945699375,NA,1,0.00353925927164624,0.104954435896378,6.93889390390723e-18,0.0713475991333587,NA,NA,NA,NA,NA,NA
10,1.5,0.5,0.2,5,1.5,50,0.02,0.02,0,0,9835,92508,NA,NA,1,2.2413476754241,NA,1,0.00353925927164624,0.104954435896378,6.93889390390723e-18,0.0713475991333587,NA,NA,NA,NA,NA,NA
10,1.5,0.5,0.2,10,0.5,50,0.22,0,0.22,0,305128.454545455,97264.7272727273,87994.6668513083,15776.2795936869,11,NA,NA,0,6.93889390390723e-18,0.0713475991333587,0.127539159702144,0.352415495812537,246012.832980684,364244.076110226,86666.078428061,107863.376117394,NA,NA
10,1.5,0.5,0.2,10,1,50,0.02,0.02,0,0,9835,144832,NA,NA,1,2.68962699817005,NA,1,0.00353925927164624,0.104954435896378,6.93889390390723e-18,0.0713475991333587,NA,NA,NA,NA,NA,NA
10,1.5,0.5,0.2,10,1.5,50,0,0,0,0,NA,NA,NA,NA,0,NA,NA,0,6.93889390390723e-18,0.0713475991333587,6.93889390390723e-18,0.0713475991333587,NA,NA,NA,NA,NA,NA
10,1.5,0.5,0.3,0.001,0.5,50,0.4,0,0.4,0,83739.4,71,134289.035425517,0,20,NA,NA,0,6.93889390390723e-18,0.0713475991333587,0.276083897302565,0.538185622524106,20890.1967966231,146588.603203377,71,71,NA,NA
10,1.5,0.5,0.3,0.001,1,50,0.1,0,0.1,0,13091,71,6968.02364376012,0,5,NA,NA,0,6.93889390390723e-18,0.0713475991333587,0.0434757649318904,0.213602314374797,4439.05590291045,21742.9440970896,71,71,NA,NA
10,1.5,0.5,0.3,0.001,1.5,50,0,0,0,0,NA,NA,NA,NA,0,NA,NA,0,6.93889390390723e-18,0.0713475991333587,6.93889390390723e-18,0.0713475991333587,NA,NA,NA,NA,NA,NA
10,1.5,0.5,0.3,0.01,0.5,50,0.64,0,0.64,0,38292.84375,71,91563.9188721893,0,32,NA,NA,0,6.93889390390723e-18,0.0713475991333587,0.501410168761127,0.758612503481533,5280.53063245103,71305.156867549,71,71,NA,NA
10,1.5,0.5,0.3,0.01,1,50,0.18,0,0.18,0,17064,71,5748.93174859469,0,9,NA,NA,0,6.93889390390723e-18,0.0713475991333587,0.0977019267023418,0.307960536743008,12644.979871578,21483.020128422,71,71,NA,NA
10,1.5,0.5,0.3,0.01,1.5,50,0.08,0,0.08,0,56769.5,71,25863.6388842199,0,4,NA,NA,0,6.93889390390723e-18,0.0713475991333587,0.031549514088593,0.188382469183428,15614.6789958612,97924.3210041388,71,71,NA,NA
10,1.5,0.5,0.3,0.1,0.5,50,0.68,0,0.68,0,28396.1470588235,174,22433.9994166489,0,34,NA,NA,0,6.93889390390723e-18,0.0713475991333587,0.541897026918559,0.792417837393432,20568.5546143565,36223.7395032905,174,174,NA,NA
10,1.5,0.5,0.3,0.1,1,50,0.34,0,0.34,0,57740.4117647059,174,13146.9084629183,0,17,NA,NA,0,6.93889390390723e-18,0.0713475991333587,0.224369492225001,0.478461739497674,50980.8951649481,64499.9283644637,174,174,NA,NA
10,1.5,0.5,0.3,0.1,1.5,50,0.18,0,0.18,0,213693.444444444,250.222222222222,66186.7395048115,43.2139380807216,9,NA,NA,0,6.93889390390723e-18,0.0713475991333587,0.0977019267023418,0.307960536743008,162817.812779852,264569.076109036,217.005048918022,283.439395526422,NA,NA
10,1.5,0.5,0.3,0.5,0.5,50,0.48,0.02,0.46,0,76576.7083333333,1637,50793.2284912409,0,24,1.34383656414251,NA,1,0.00353925927164624,0.104954435896378,0.329696521922244,0.596011286008425,55128.6089922903,98024.8076743763,1637,1637,NA,NA
10,1.5,0.5,0.3,0.5,1,50,0.46,0,0.46,0,197503.260869565,1637,101403.254651559,0,23,NA,NA,0,6.93889390390723e-18,0.0713475991333587,0.329696521922244,0.596011286008425,153653.205295799,241353.316443331,1637,1637,NA,NA
10,1.5,0.5,0.3,0.5,1.5,50,0.04,0,0.04,0,118670,2563,36998.6552188049,0,2,NA,NA,0,6.93889390390723e-18,0.0713475991333587,0.0110388843276198,0.13460090687507,-213749.728307802,451089.728307802,2563,2563,NA,NA
10,1.5,0.5,0.3,1,0.5,50,0.44,0.02,0.4,0.02,141316.772727273,4012,109873.116280264,0,22,2.2402611358532,NA,1,0.00353925927164624,0.104954435896378,0.276083897302565,0.538185622524106,92601.7620587064,190031.78339584,4012,4012,NA,NA
10,1.5,0.5,0.3,1,1,50,0.32,0,0.32,0,252943.1875,5998.25,93260.721891708,775.35260795761,16,NA,NA,0,6.93889390390723e-18,0.0713475991333587,0.207582162606568,0.458102973081441,203248.056676336,302638.318323664,5585.09375903004,6411.40624096996,NA,NA
10,1.5,0.5,0.3,1,1.5,50,0.04,0,0.04,0,185790.5,6282,57924.0661944584,0,2,NA,NA,0,6.93889390390723e-18,0.0713475991333587,0.0110388843276198,0.13460090687507,-334636.586686611,706217.586686611,6282,6282,NA,NA
10,1.5,0.5,0.3,3,0.5,50,0.32,0.06,0.26,0,217486,24106,141374.753828256,0,16,2.24103875343709,1.61570540923067,3,0.020614970348974,0.162170916888382,0.158715274935524,0.395531572648488,142152.711299785,292819.288700215,24106,24106,-1.77259598471182,6.254673491586
10,1.5,0.5,0.3,3,1,50,0.06,0,0.06,0,242193.666666667,24106,105931.819357232,0,3,NA,NA,0,6.93889390390723e-18,0.0713475991333587,0.020614970348974,0.162170916888382,-20955.5606729566,505342.894006291,24106,24106,NA,NA
10,1.5,0.5,0.3,3,1.5,50,0,0,0,0,NA,NA,NA,NA,0,NA,NA,0,6.93889390390723e-18,0.0713475991333587,6.93889390390723e-18,0.0713475991333587,NA,NA,NA,NA,NA,NA
10,1.5,0.5,0.3,5,0.5,50,0.18,0.04,0.14,0,196233.333333333,44856.6666666667,143164.449080419,10673.5,9,3.13739935434869,1.90115408852917,2,0.0110388843276198,0.13460090687507,0.0695083342701629,0.261861937105855,86187.3961354422,306279.270531224,36652.2882876328,53061.0450457006,-13.9437924306685,20.2185911393659
10,1.5,0.5,0.3,5,1,50,0.04,0,0.04,0,290874.5,48414.5,90687.1517939559,15094.6084579892,2,NA,NA,0,6.93889390390723e-18,0.0713475991333587,0.0110388843276198,0.13460090687507,-523917.23180957,1105666.23180957,-87205.1762515603,184034.17625156,NA,NA
10,1.5,0.5,0.3,5,1.5,50,0,0,0,0,NA,NA,NA,NA,0,NA,NA,0,6.93889390390723e-18,0.0713475991333587,6.93889390390723e-18,0.0713475991333587,NA,NA,NA,NA,NA,NA
10,1.5,0.5,0.3,10,0.5,50,0.12,0.04,0.06,0.02,194628.333333333,92508,178576.880251243,0,6,3.80980703422137,2.2181364972421,2,0.0110388843276198,0.13460090687507,0.020614970348974,0.162170916888382,7223.39073624121,382033.275930425,92508,92508,-16.119358699026,23.7389727674687
10,1.5,0.5,0.3,10,1,50,0,0,0,0,NA,NA,NA,NA,0,NA,NA,0,6.93889390390723e-18,0.0713475991333587,6.93889390390723e-18,0.0713475991333587,NA,NA,NA,NA,NA,NA
10,1.5,0.5,0.3,10,1.5,50,0,0,0,0,NA,NA,NA,NA,0,NA,NA,0,6.93889390390723e-18,0.0713475991333587,6.93889390390723e-18,0.0713475991333587,NA,NA,NA,NA,NA,NA
10,1.5,0.5,0.4,0.001,0.5,50,0.06,0,0.06,0,121754,71,202051.726057958,0,3,NA,NA,0,6.93889390390723e-18,0.0713475991333587,0.020614970348974,0.162170916888382,-380170.31242482,623678.31242482,71,71,NA,NA
10,1.5,0.5,0.4,0.001,1,50,0,0,0,0,NA,NA,NA,NA,0,NA,NA,0,6.93889390390723e-18,0.0713475991333587,6.93889390390723e-18,0.0713475991333587,NA,NA,NA,NA,NA,NA
10,1.5,0.5,0.4,0.001,1.5,50,0.02,0,0,0.02,71,71,NA,NA,1,NA,NA,0,6.93889390390723e-18,0.0713475991333587,6.93889390390723e-18,0.0713475991333587,NA,NA,NA,NA,NA,NA
10,1.5,0.5,0.4,0.01,0.5,50,0.06,0,0.06,0,121754,71,202051.726057958,0,3,NA,NA,0,6.93889390390723e-18,0.0713475991333587,0.020614970348974,0.162170916888382,-380170.31242482,623678.31242482,71,71,NA,NA
10,1.5,0.5,0.4,0.01,1,50,0,0,0,0,NA,NA,NA,NA,0,NA,NA,0,6.93889390390723e-18,0.0713475991333587,6.93889390390723e-18,0.0713475991333587,NA,NA,NA,NA,NA,NA
10,1.5,0.5,0.4,0.01,1.5,50,0.02,0,0,0.02,71,71,NA,NA,1,NA,NA,0,6.93889390390723e-18,0.0713475991333587,6.93889390390723e-18,0.0713475991333587,NA,NA,NA,NA,NA,NA
10,1.5,0.5,0.4,0.1,0.5,50,0.1,0,0.1,0,51284,174,98253.4210956545,0,5,NA,NA,0,6.93889390390723e-18,0.0713475991333587,0.0434757649318904,0.213602314374797,-70713.7356748284,173281.735674828,174,174,NA,NA
10,1.5,0.5,0.4,0.1,1,50,0.06,0,0.06,0,35766.6666666667,174,20196.8671167915,0,3,NA,NA,0,6.93889390390723e-18,0.0713475991333587,0.020614970348974,0.162170916888382,-14405.1325973652,85938.4659306986,174,174,NA,NA
10,1.5,0.5,0.4,0.1,1.5,50,0.04,0.02,0.02,0,18906,223,26636.7124472972,69.2964645562817,2,1.34312218925468,NA,1,0.00353925927164624,0.104954435896378,0.00353925927164624,0.104954435896378,-220415.36620585,258227.36620585,-399.60403207256,845.60403207256,NA,NA
10,1.5,0.5,0.4,0.5,0.5,50,0.1,0.02,0.08,0,46493,1637,59701.5126106533,0,5,1.34383656414251,NA,1,0.00353925927164624,0.104954435896378,0.031549514088593,0.188382469183428,-27636.2188469562,120622.218846956,1637,1637,NA,NA
10,1.5,0.5,0.4,0.5,1,50,0.1,0,0.1,0,165936,1637,108879.860506891,0,5,NA,NA,0,6.93889390390723e-18,0.0713475991333587,0.0434757649318904,0.213602314374797,30743.7970791456,301128.202920854,1637,1637,NA,NA
10,1.5,0.5,0.4,0.5,1.5,50,0.04,0.02,0.02,0,72451.5,2100,102361.484751346,654.780879378743,2,3.58625384932276,NA,1,0.00353925927164624,0.104954435896378,0.00353925927164624,0.104954435896378,-847229.951906694,992132.951906694,-3782.97279284888,7982.97279284888,NA,NA
10,1.5,0.5,0.4,1,0.5,50,0.1,0.02,0.06,0.02,55904,4012,61944.3576163318,0,5,2.2402611358532,NA,1,0.00353925927164624,0.104954435896378,0.020614970348974,0.162170916888382,-21010.0787440583,132818.078744058,4012,4012,NA,NA
10,1.5,0.5,0.4,1,1,50,0.06,0,0.06,0,172137.666666667,4768.66666666667,47294.8020012066,1310.58511106045,3,NA,NA,0,6.93889390390723e-18,0.0713475991333587,0.020614970348974,0.162170916888382,54650.8654457047,289624.467887629,1512.99276782291,8024.34056551043,NA,NA
10,1.5,0.5,0.4,1,1.5,50,0.04,0.02,0.02,0,177535.5,6282,250972.70273976,0,2,4.48276380305728,NA,1,0.00353925927164624,0.104954435896378,0.00353925927164624,0.104954435896378,-2077364.77040287,2432435.77040287,6282,6282,NA,NA
10,1.5,0.5,0.4,3,0.5,50,0.1,0.04,0.06,0,129055.2,24106,156262.244306486,0,5,2.91330146999306,1.58410384079048,2,0.0110388843276198,0.13460090687507,0.020614970348974,0.162170916888382,-64970.0030338848,323080.403033885,24106,24106,-11.31930685733,17.1459097973161
10,1.5,0.5,0.4,3,1,50,0,0,0,0,NA,NA,NA,NA,0,NA,NA,0,6.93889390390723e-18,0.0713475991333587,6.93889390390723e-18,0.0713475991333587,NA,NA,NA,NA,NA,NA
10,1.5,0.5,0.4,3,1.5,50,0.02,0.02,0,0,71,37741,NA,NA,1,6.2758224386155,NA,1,0.00353925927164624,0.104954435896378,6.93889390390723e-18,0.0713475991333587,NA,NA,NA,NA,NA,NA
10,1.5,0.5,0.4,5,0.5,50,0.08,0.04,0.04,0,80924,37741,106135.671719424,0,4,3.3615877345016,1.58410384079048,2,0.0110388843276198,0.13460090687507,0.0110388843276198,0.13460090687507,-87961.5381611427,249809.538161143,37741,37741,-10.8710205928215,17.5941960618247
10,1.5,0.5,0.4,5,1,50,0,0,0,0,NA,NA,NA,NA,0,NA,NA,0,6.93889390390723e-18,0.0713475991333587,6.93889390390723e-18,0.0713475991333587,NA,NA,NA,NA,NA,NA
10,1.5,0.5,0.4,5,1.5,50,0.02,0.02,0,0,71,59088,NA,NA,1,6.72410326005103,NA,1,0.00353925927164624,0.104954435896378,6.93889390390723e-18,0.0713475991333587,NA,NA,NA,NA,NA,NA
10,1.5,0.5,0.4,10,0.5,50,0.06,0.02,0.04,0,194058.666666667,92508,179532.717080574,0,3,5.37826639301864,NA,1,0.00353925927164624,0.104954435896378,0.0110388843276198,0.13460090687507,-251925.326326189,640042.659659524,92508,92508,NA,NA
10,1.5,0.5,0.4,10,1,50,0,0,0,0,NA,NA,NA,NA,0,NA,NA,0,6.93889390390723e-18,0.0713475991333587,6.93889390390723e-18,0.0713475991333587,NA,NA,NA,NA,NA,NA
10,1.5,0.5,0.4,10,1.5,50,0.02,0.02,0,0,71,144832,NA,NA,1,7.62064985195189,NA,1,0.00353925927164624,0.104954435896378,6.93889390390723e-18,0.0713475991333587,NA,NA,NA,NA,NA,NA
10,1.5,0.6,0.2,0.001,0.5,50,1,0,1,0,3910.6,71,1473.7687216446,0,50,NA,NA,0,6.93889390390723e-18,0.0713475991333587,0.928652400866641,1,3491.75956358064,4329.44043641936,71,71,NA,NA
10,1.5,0.6,0.2,0.001,1,50,0.92,0,0.92,0,8805.58695652174,71,5985.85082999378,0,46,NA,NA,0,6.93889390390723e-18,0.0713475991333587,0.811617530816572,0.968450485911407,7028.00868002652,10583.165233017,71,71,NA,NA
10,1.5,0.6,0.2,0.001,1.5,50,0.52,0,0.52,0,47176.4615384615,71,38729.912412223,0,26,NA,NA,0,6.93889390390723e-18,0.0713475991333587,0.385117448900446,0.652028647134219,31533.1113718079,62819.8117051151,71,71,NA,NA
10,1.5,0.6,0.2,0.01,0.5,50,1,0,1,0,5163.42,71,1193.40535033327,0,50,NA,NA,0,6.93889390390723e-18,0.0713475991333587,0.928652400866641,1,4824.2579521035,5502.5820478965,71,71,NA,NA
10,1.5,0.6,0.2,0.01,1,50,1,0,1,0,10662.12,71,2955.42816152908,0,50,NA,NA,0,6.93889390390723e-18,0.0713475991333587,0.928652400866641,1,9822.19660984991,11502.0433901501,71,71,NA,NA
10,1.5,0.6,0.2,0.01,1.5,50,0.82,0,0.82,0,51284.4146341463,71,25263.1296091514,0,41,NA,NA,0,6.93889390390723e-18,0.0713475991333587,0.692039463256992,0.902298073297658,43310.3870123358,59258.4422559568,71,71,NA,NA
10,1.5,0.6,0.2,0.1,0.5,50,1,0,1,0,15469.36,174,2923.40365481396,0,50,NA,NA,0,6.93889390390723e-18,0.0713475991333587,0.928652400866641,1,14638.5378739571,16300.1821260429,174,174,NA,NA
10,1.5,0.6,0.2,0.1,1,50,1,0,1,0,37498.04,174,9861.70416816526,0,50,NA,NA,0,6.93889390390723e-18,0.0713475991333587,0.928652400866641,1,34695.3746855783,40300.7053144217,174,174,NA,NA
10,1.5,0.6,0.2,0.1,1.5,50,1,0,1,0,173973.32,268.08,59463.7848007868,19.3989690447714,50,NA,NA,0,6.93889390390723e-18,0.0713475991333587,0.928652400866641,1,157073.899343742,190872.740656258,262.566873997617,273.593126002383,NA,NA
10,1.5,0.6,0.2,0.5,0.5,50,1,0,1,0,40980.44,1637,12496.9004584239,0,50,NA,NA,0,6.93889390390723e-18,0.0713475991333587,0.928652400866641,1,37428.8601862728,44532.0198137272,1637,1637,NA,NA
10,1.5,0.6,0.2,0.5,1,50,1,0.02,0.98,0,98035.46,1637,28797.3454510825,0,50,0.896332403834489,NA,1,0.00353925927164624,0.104954435896378,0.895045564103622,0.996460740728354,89851.3449761781,106219.575023822,1637,1637,NA,NA
10,1.5,0.6,0.2,0.5,1.5,50,0.86,0,0.86,0,320147.255813953,2519.93023255814,67687.3938238953,197.314517525029,43,NA,NA,0,6.93889390390723e-18,0.0713475991333587,0.738138062894145,0.930491665729837,299316.150729059,340978.360898847,2459.2057871757,2580.65467794058,NA,NA
10,1.5,0.6,0.2,1,0.5,50,1,0,0.98,0.02,61248.46,4012,22989.1967318547,0,50,NA,NA,0,6.93889390390723e-18,0.0713475991333587,0.895045564103622,0.996460740728354,54715.0025784342,67781.9174215658,4012,4012,NA,NA
10,1.5,0.6,0.2,1,1,50,1,0.02,0.98,0,169314.46,5918.8,60303.8393410725,840.644650593477,50,2.24115550656195,NA,1,0.00353925927164624,0.104954435896378,0.895045564103622,0.996460740728354,152176.298484948,186452.621515052,5679.89143371203,6157.70856628797,NA,NA
10,1.5,0.6,0.2,1,1.5,50,0.12,0,0.12,0,305681.333333333,6874.16666666667,120805.568127743,1450.50617601811,6,NA,NA,0,6.93889390390723e-18,0.0713475991333587,0.0561760015093228,0.23804817383203,178903.664642197,432459.002024469,5351.95378966403,8396.37954366931,NA,NA
10,1.5,0.6,0.2,3,0.5,50,1,0.02,0.96,0.02,140480.24,24106,66006.3534102033,0,50,1.79317090206646,NA,1,0.00353925927164624,0.104954435896378,0.86539909312493,0.98896111567238,121721.44191808,159239.03808192,24106,24106,NA,NA
10,1.5,0.6,0.2,3,1,50,0.54,0.02,0.52,0,277875.851851852,24106,97376.4155957945,0,27,3.58592787761164,NA,1,0.00353925927164624,0.104954435896378,0.385117448900446,0.652028647134219,239355.024785271,316396.678918433,24106,24106,NA,NA
10,1.5,0.6,0.2,3,1.5,50,0.04,0.02,0.02,0,189553,37741,233977.391253941,0,2,0.448286264508531,NA,1,0.00353925927164624,0.104954435896378,0.00353925927164624,0.104954435896378,-1912650.45498589,2291756.45498589,37741,37741,NA,NA
10,1.5,0.6,0.2,5,0.5,50,0.98,0.04,0.92,0.02,213180.448979592,42968.8367346939,109029.798609727,9274.90940959115,49,1.56901212625952,1.58494571339053,2,0.0110388843276198,0.13460090687507,0.811617530816572,0.968450485911407,181863.434307951,244497.463651233,40304.7717014453,45632.9017679425,-12.6711601262744,15.8091843787935
10,1.5,0.6,0.2,5,1,50,0.22,0.02,0.18,0.02,295886.909090909,57147.3636363636,132165.481606549,6436.36267270152,11,4.4824949635557,NA,1,0.00353925927164624,0.104954435896378,0.0977019267023418,0.307960536743008,207096.930400714,384676.887781104,52823.3563569681,61471.3709157591,NA,NA
10,1.5,0.6,0.2,5,1.5,50,0.04,0.02,0.02,0,189553,75798,233977.391253941,23631.5086272544,2,1.34483435509897,NA,1,0.00353925927164624,0.104954435896378,0.00353925927164624,0.104954435896378,-1912650.45498589,2291756.45498589,-136522.681141479,288118.681141479,NA,NA
10,1.5,0.6,0.2,10,0.5,50,0.54,0.04,0.48,0.02,232506.777777778,94445.9259259259,104658.508367538,10069.758495026,27,2.24141980613221,1.26796330467759,2,0.0110388843276198,0.13460090687507,0.347971352865781,0.614882551099554,191105.250752929,273908.304802628,90462.4621352759,98429.3897165759,-9.15077849817152,13.6336181104359
10,1.5,0.6,0.2,10,1,50,0.06,0.06,0,0,39614.6666666667,109949.333333333,33728.8027260579,30209.275485078,3,2.09185869792213,2.84678386150954,3,0.020614970348974,0.162170916888382,6.93889390390723e-18,0.0713475991333587,-44172.3241573211,123401.657490654,34905.332856196,184993.33381047,-4.97994444965595,9.16366184550021
10,1.5,0.6,0.2,10,1.5,50,0.04,0,0.02,0.02,185790.5,144832,57924.0661944584,0,2,NA,NA,0,6.93889390390723e-18,0.0713475991333587,0.00353925927164624,0.104954435896378,-334636.586686611,706217.586686611,144832,144832,NA,NA
10,1.5,0.6,0.3,0.001,0.5,50,1,0,1,0,19688.3,71,57663.2530060063,0,50,NA,NA,0,6.93889390390723e-18,0.0713475991333587,0.928652400866641,1,3300.58481803831,36076.0151819617,71,71,NA,NA
10,1.5,0.6,0.3,0.001,1,50,0.56,0,0.56,0,19688.9642857143,71,15914.2932598856,0,28,NA,NA,0,6.93889390390723e-18,0.0713475991333587,0.423060280216569,0.688378007887428,13518.0455711903,25859.8830002383,71,71,NA,NA
10,1.5,0.6,0.3,0.001,1.5,50,0.34,0,0.34,0,50549.5294117647,71,37079.0376697495,0,17,NA,NA,0,6.93889390390723e-18,0.0713475991333587,0.224369492225001,0.478461739497674,31485.2473914972,69613.8114320322,71,71,NA,NA
10,1.5,0.6,0.3,0.01,0.5,50,1,0,1,0,14636.94,71,49206.2199944192,0,50,NA,NA,0,6.93889390390723e-18,0.0713475991333587,0.928652400866641,1,652.68700675495,28621.1929932451,71,71,NA,NA
10,1.5,0.6,0.3,0.01,1,50,0.8,0,0.8,0,17456.025,71,7198.68609980054,0,40,NA,NA,0,6.93889390390723e-18,0.0713475991333587,0.669628940677746,0.887562499842239,15153.7734941208,19758.2765058792,71,71,NA,NA
10,1.5,0.6,0.3,0.01,1.5,50,0.34,0,0.34,0,59123.0588235294,71,31735.0532642349,0,17,NA,NA,0,6.93889390390723e-18,0.0713475991333587,0.224369492225001,0.478461739497674,42806.4000486667,75439.7175983921,71,71,NA,NA
10,1.5,0.6,0.3,0.1,0.5,50,1,0,1,0,20176.5,174,6216.48802437058,0,50,NA,NA,0,6.93889390390723e-18,0.0713475991333587,0.928652400866641,1,18409.793651247,21943.206348753,174,174,NA,NA
10,1.5,0.6,0.3,0.1,1,50,0.94,0,0.94,0,51569.5531914894,174,22961.2599258616,0,47,NA,NA,0,6.93889390390723e-18,0.0713475991333587,0.837829083111618,0.979385029651026,44827.8747166566,58311.2316663222,174,174,NA,NA
10,1.5,0.6,0.3,0.1,1.5,50,0.48,0,0.48,0,204222.5,267.916666666667,90472.8705659038,20.0041662327293,24,NA,NA,0,6.93889390390723e-18,0.0713475991333587,0.347971352865781,0.614882551099554,166019.15728668,242425.84271332,259.469648090789,276.363685242545,NA,NA
10,1.5,0.6,0.3,0.5,0.5,50,0.98,0,0.98,0,55936.4285714286,1637,21022.2474179142,0,49,NA,NA,0,6.93889390390723e-18,0.0713475991333587,0.895045564103622,0.996460740728354,49898.1340940237,61974.7230488335,1637,1637,NA,NA
10,1.5,0.6,0.3,0.5,1,50,1,0,1,0,142435.1,1637,61541.2385651496,0,50,NA,NA,0,6.93889390390723e-18,0.0713475991333587,0.928652400866641,1,124945.273516472,159924.926483528,1637,1637,NA,NA
10,1.5,0.6,0.3,0.5,1.5,50,0.42,0,0.42,0,322769.619047619,2563,70506.4067539087,0,21,NA,NA,0,6.93889390390723e-18,0.0713475991333587,0.29375003354712,0.557665582314218,290675.487476895,354863.750618343,2563,2563,NA,NA
10,1.5,0.6,0.3,1,0.5,50,0.98,0,0.98,0,102503.979591837,4058.32653061224,45435.6735504025,324.285714285714,49,NA,NA,0,6.93889390390723e-18,0.0713475991333587,0.895045564103622,0.996460740728354,89453.3303809074,115554.628802767,3965.18079796312,4151.47226326136,NA,NA
10,1.5,0.6,0.3,1,1,50,0.88,0,0.88,0,230662.386363636,6024.04545454545,87613.3122101239,728.75676085405,44,NA,NA,0,6.93889390390723e-18,0.0713475991333587,0.76195182616797,0.943823998490677,204025.504827251,257299.267900021,5802.48314833845,6245.60776075245,NA,NA
10,1.5,0.6,0.3,1,1.5,50,0.06,0,0.06,0,284944,8650.66666666667,121340.551375045,2051.32550643074,3,NA,NA,0,6.93889390390723e-18,0.0713475991333587,0.020614970348974,0.162170916888382,-16482.6396353277,586370.639635328,3554.89161706672,13746.4417162666,NA,NA
10,1.5,0.6,0.3,3,0.5,50,0.74,0,0.74,0,227626.216216216,24106,99768.8009561593,0,37,NA,NA,0,6.93889390390723e-18,0.0713475991333587,0.604468427351512,0.841284725064476,194361.641823193,260890.790609239,24106,24106,NA,NA
10,1.5,0.6,0.3,3,1,50,0.24,0,0.24,0,337486,25242.25,60670.2756875226,3936.08546020027,12,NA,NA,0,6.93889390390723e-18,0.0713475991333587,0.142973913969917,0.374126837579429,298937.945906155,376034.054093845,22741.3806118459,27743.1193881541,NA,NA
10,1.5,0.6,0.3,3,1.5,50,0,0,0,0,NA,NA,NA,NA,0,NA,NA,0,6.93889390390723e-18,0.0713475991333587,6.93889390390723e-18,0.0713475991333587,NA,NA,NA,NA,NA,NA
10,1.5,0.6,0.3,5,0.5,50,0.48,0,0.48,0,265625.875,44856.6666666667,108976.904637519,10279.5072232877,24,NA,NA,0,6.93889390390723e-18,0.0713475991333587,0.347971352865781,0.614882551099554,219608.963967303,311642.786032697,40516.0114523587,49197.3218809747,NA,NA
10,1.5,0.6,0.3,5,1,50,0.04,0,0.04,0,355000,48414.5,0,15094.6084579892,2,NA,NA,0,6.93889390390723e-18,0.0713475991333587,0.0110388843276198,0.13460090687507,355000,355000,-87205.1762515603,184034.17625156,NA,NA
10,1.5,0.6,0.3,5,1.5,50,0,0,0,0,NA,NA,NA,NA,0,NA,NA,0,6.93889390390723e-18,0.0713475991333587,6.93889390390723e-18,0.0713475991333587,NA,NA,NA,NA,NA,NA
10,1.5,0.6,0.3,10,0.5,50,0.18,0.02,0.14,0.02,244816.222222222,104135.555555556,114895.138270488,23072.7152666906,9,0.448279322745947,NA,1,0.00353925927164624,0.104954435896378,0.0695083342701629,0.261861937105855,156500.000900022,333132.443544422,86400.2966170971,121870.814494015,NA,NA
10,1.5,0.6,0.3,10,1,50,0.02,0,0.02,0,355000,92508,NA,NA,1,NA,NA,0,6.93889390390723e-18,0.0713475991333587,0.00353925927164624,0.104954435896378,NA,NA,NA,NA,NA,NA
10,1.5,0.6,0.3,10,1.5,50,0.02,0,0,0.02,144832,144832,NA,NA,1,NA,NA,0,6.93889390390723e-18,0.0713475991333587,6.93889390390723e-18,0.0713475991333587,NA,NA,NA,NA,NA,NA
10,1.5,0.6,0.4,0.001,0.5,50,0.42,0,0.42,0,29241.8571428571,71,74807.2222778561,0,21,NA,NA,0,6.93889390390723e-18,0.0713475991333587,0.29375003354712,0.557665582314218,-4809.98218297518,63293.6964686894,71,71,NA,NA
10,1.5,0.6,0.4,0.001,1,50,0.14,0,0.14,0,13300.2857142857,71,3724.81752189669,0,7,NA,NA,0,6.93889390390723e-18,0.0713475991333587,0.0695083342701629,0.261861937105855,9855.40406589901,16745.1673626724,71,71,NA,NA
10,1.5,0.6,0.4,0.001,1.5,50,0.04,0,0.04,0,65124.5,71,38726.1170852436,0,2,NA,NA,0,6.93889390390723e-18,0.0713475991333587,0.0110388843276198,0.13460090687507,-282815.857393039,413064.857393039,71,71,NA,NA
10,1.5,0.6,0.4,0.01,0.5,50,0.62,0,0.62,0,25733.4193548387,71,61819.5023487864,0,31,NA,NA,0,6.93889390390723e-18,0.0713475991333587,0.48150446930993,0.741372106898064,3057.84282505112,48408.9958846263,71,71,NA,NA
10,1.5,0.6,0.4,0.01,1,50,0.2,0,0.2,0,17041,71,7241.90555033687,0,10,NA,NA,0,6.93889390390723e-18,0.0713475991333587,0.112437500157761,0.330371059322254,11860.4528521792,22221.5471478208,71,71,NA,NA
10,1.5,0.6,0.4,0.01,1.5,50,0.14,0,0.14,0,48271.5714285714,71,28183.4433657845,0,7,NA,NA,0,6.93889390390723e-18,0.0713475991333587,0.0695083342701629,0.261861937105855,22206.2336587633,74336.9091983795,71,71,NA,NA
10,1.5,0.6,0.4,0.1,0.5,50,0.64,0,0.64,0,36753.875,174,58565.7980200544,0,32,NA,NA,0,6.93889390390723e-18,0.0713475991333587,0.501410168761127,0.758612503481533,15638.6531306093,57869.0968693907,174,174,NA,NA
10,1.5,0.6,0.4,0.1,1,50,0.32,0,0.32,0,59732.6875,174,19012.6597708606,0,16,NA,NA,0,6.93889390390723e-18,0.0713475991333587,0.207582162606568,0.458102973081441,49601.5562428791,69863.8187571209,174,174,NA,NA
10,1.5,0.6,0.4,0.1,1.5,50,0.2,0,0.2,0,188318.9,272,72462.8349239188,0,10,NA,NA,0,6.93889390390723e-18,0.0713475991333587,0.112437500157761,0.330371059322254,136482.110610962,240155.689389038,272,272,NA,NA
10,1.5,0.6,0.4,0.5,0.5,50,0.46,0,0.46,0,102701.739130435,1637,79669.3626126799,0,23,NA,NA,0,6.93889390390723e-18,0.0713475991333587,0.329696521922244,0.596011286008425,68250.123251863,137153.355009007,1637,1637,NA,NA
10,1.5,0.6,0.4,0.5,1,50,0.32,0,0.32,0,177661.1875,1637,86045.935284373,0,16,NA,NA,0,6.93889390390723e-18,0.0713475991333587,0.207582162606568,0.458102973081441,131810.545085214,223511.829914786,1637,1637,NA,NA
10,1.5,0.6,0.4,0.5,1.5,50,0.04,0,0.04,0,182417.5,2563,244068.512128255,0,2,NA,NA,0,6.93889390390723e-18,0.0713475991333587,0.0110388843276198,0.13460090687507,-2010451.07888087,2375286.07888087,2563,2563,NA,NA
10,1.5,0.6,0.4,1,0.5,50,0.38,0,0.38,0,132747,4012,85862.3126852909,0,19,NA,NA,0,6.93889390390723e-18,0.0713475991333587,0.258627893101936,0.51849553069007,91362.6899980647,174131.310001935,4012,4012,NA,NA
10,1.5,0.6,0.4,1,1,50,0.26,0.02,0.24,0,268808.153846154,6107.38461538462,102186.530295375,629.584722715635,13,0.448398531016766,NA,1,0.00353925927164624,0.104954435896378,0.142973913969917,0.374126837579429,207057.451604902,330558.856087406,5726.93037512734,6487.8388556419,NA,NA
10,1.5,0.6,0.4,1,1.5,50,0.02,0,0,0.02,9835,9835,NA,NA,1,NA,NA,0,6.93889390390723e-18,0.0713475991333587,6.93889390390723e-18,0.0713475991333587,NA,NA,NA,NA,NA,NA
10,1.5,0.6,0.4,3,0.5,50,0.22,0,0.22,0,212832.363636364,24106,80198.6359002106,0,11,NA,NA,0,6.93889390390723e-18,0.0713475991333587,0.127539159702144,0.352415495812537,158954.186929371,266710.540343357,24106,24106,NA,NA
10,1.5,0.6,0.4,3,1,50,0.02,0.02,0,0,4012,24106,NA,NA,1,1.79317090206646,NA,1,0.00353925927164624,0.104954435896378,6.93889390390723e-18,0.0713475991333587,NA,NA,NA,NA,NA,NA
10,1.5,0.6,0.4,3,1.5,50,0.02,0.02,0,0,9835,37741,NA,NA,1,1.34479958483366,NA,1,0.00353925927164624,0.104954435896378,6.93889390390723e-18,0.0713475991333587,NA,NA,NA,NA,NA,NA
10,1.5,0.6,0.4,5,0.5,50,0.16,0,0.16,0,274843.125,45746.125,66376.1985384122,11048.1221214609,8,NA,NA,0,6.93889390390723e-18,0.0713475991333587,0.0833742067803341,0.28514216063035,219351.23432364,330335.01567636,36509.6637617387,54982.5862382613,NA,NA
10,1.5,0.6,0.4,5,1,50,0.02,0.02,0,0,4012,59088,NA,NA,1,2.68973798801052,NA,1,0.00353925927164624,0.104954435896378,6.93889390390723e-18,0.0713475991333587,NA,NA,NA,NA,NA,NA
10,1.5,0.6,0.4,5,1.5,50,0.02,0.02,0,0,9835,92508,NA,NA,1,2.2413476754241,NA,1,0.00353925927164624,0.104954435896378,6.93889390390723e-18,0.0713475991333587,NA,NA,NA,NA,NA,NA
10,1.5,0.6,0.4,10,0.5,50,0.04,0,0.04,0,355000,92508,0,0,2,NA,NA,0,6.93889390390723e-18,0.0713475991333587,0.0110388843276198,0.13460090687507,355000,355000,92508,92508,NA,NA
10,1.5,0.6,0.4,10,1,50,0.02,0.02,0,0,6282,144832,NA,NA,1,3.13788604889462,NA,1,0.00353925927164624,0.104954435896378,6.93889390390723e-18,0.0713475991333587,NA,NA,NA,NA,NA,NA
10,1.5,0.6,0.4,10,1.5,50,0,0,0,0,NA,NA,NA,NA,0,NA,NA,0,6.93889390390723e-18,0.0713475991333587,6.93889390390723e-18,0.0713475991333587,NA,NA,NA,NA,NA,NA
10,1.5,0.7,0.2,0.001,0.5,50,1,0,1,0,3006.36,71,1033.84350767771,0,50,NA,NA,0,6.93889390390723e-18,0.0713475991333587,0.928652400866641,1,2712.54492604332,3300.17507395668,71,71,NA,NA
10,1.5,0.7,0.2,0.001,1,50,1,0,1,0,5898.54,71,4417.77059949879,0,50,NA,NA,0,6.93889390390723e-18,0.0713475991333587,0.928652400866641,1,4643.02348732096,7154.05651267904,71,71,NA,NA
10,1.5,0.7,0.2,0.001,1.5,50,0.96,0,0.96,0,37920.1875,71,40550.2061199244,0,48,NA,NA,0,6.93889390390723e-18,0.0713475991333587,0.86539909312493,0.98896111567238,26145.6350251153,49694.7399748847,71,71,NA,NA
10,1.5,0.7,0.2,0.01,0.5,50,1,0,1,0,4061.66,71,1046.18138689508,0,50,NA,NA,0,6.93889390390723e-18,0.0713475991333587,0.928652400866641,1,3764.33853956626,4358.98146043374,71,71,NA,NA
10,1.5,0.7,0.2,0.01,1,50,1,0,1,0,8511.82,71,2896.46474657698,0,50,NA,NA,0,6.93889390390723e-18,0.0713475991333587,0.928652400866641,1,7688.65382696859,9334.98617303141,71,71,NA,NA
10,1.5,0.7,0.2,0.01,1.5,50,0.98,0,0.98,0,37226.0612244898,71,12402.3548829247,0,49,NA,NA,0,6.93889390390723e-18,0.0713475991333587,0.895045564103622,0.996460740728354,33663.6889667757,40788.4334822039,71,71,NA,NA
10,1.5,0.7,0.2,0.1,0.5,50,1,0,1,0,12587.78,174,3515.85772790327,0,50,NA,NA,0,6.93889390390723e-18,0.0713475991333587,0.928652400866641,1,11588.5842893595,13586.9757106405,174,174,NA,NA
10,1.5,0.7,0.2,0.1,1,50,1,0.02,0.98,0,30368.92,174,9957.83126507341,0,50,0.449525097902195,NA,1,0.00353925927164624,0.104954435896378,0.895045564103622,0.996460740728354,27538.9356669091,33198.9043330909,174,174,NA,NA
10,1.5,0.7,0.2,0.1,1.5,50,1,0,1,0,113776.7,260.24,33478.2729422215,32.169550820613,50,NA,NA,0,6.93889390390723e-18,0.0713475991333587,0.928652400866641,1,104262.280102393,123291.119897607,251.097514814072,269.382485185928,NA,NA
10,1.5,0.7,0.2,0.5,0.5,50,1,0,1,0,28431.42,1637,11587.5937881681,0,50,NA,NA,0,6.93889390390723e-18,0.0713475991333587,0.928652400866641,1,25138.2622826408,31724.5777173592,1637,1637,NA,NA
10,1.5,0.7,0.2,0.5,1,50,1,0.04,0.96,0,73079.1,1637,24362.324293667,0,50,1.79371138994665,1.26908553274843,2,0.0110388843276198,0.13460090687507,0.86539909312493,0.98896111567238,66155.4040431726,80002.7959568274,1637,1637,-9.60856973353529,13.1959925134286
10,1.5,0.7,0.2,0.5,1.5,50,1,0.02,0.98,0,257636.2,2470.4,80393.6855264803,280.620376876604,50,1.79214971313545,NA,1,0.00353925927164624,0.104954435896378,0.895045564103622,0.996460740728354,234788.567371662,280483.832628338,2390.64857130364,2550.15142869636,NA,NA
10,1.5,0.7,0.2,1,0.5,50,1,0.02,0.98,0,41961.7,4057.4,19366.8334849736,321.026478658693,50,0.896424571710691,NA,1,0.00353925927164624,0.104954435896378,0.895045564103622,0.996460740728354,36457.7068226611,47465.6931773389,3966.16528423433,4148.63471576567,NA,NA
10,1.5,0.7,0.2,1,1,50,1,0.04,0.96,0,113205.06,5555.6,44841.5961709615,1069.6514023031,50,3.1385344926741,1.26908553274843,2,0.0110388843276198,0.13460090687507,0.86539909312493,0.98896111567238,100461.219372803,125948.900627197,5251.60843498886,5859.59156501114,-8.26374663080784,14.540815616156
10,1.5,0.7,0.2,1,1.5,50,0.62,0.02,0.6,0,303685.516129032,6511.22580645161,85605.8192449053,887.294378421556,31,2.68865966686997,NA,1,0.00353925927164624,0.104954435896378,0.461814377475894,0.723916102697434,272285.048122497,335085.984135568,6185.76360087073,6836.68801203249,NA,NA
10,1.5,0.7,0.2,3,0.5,50,1,0.06,0.86,0.08,78734.42,24106,46023.7145411682,0,50,1.19539054920463,1.29401942313962,3,0.020614970348974,0.162170916888382,0.738138062894145,0.930491665729837,65654.6250491669,91814.2149508331,24106,24106,-2.01913189955391,4.40991299796317
10,1.5,0.7,0.2,3,1,50,0.96,0.04,0.92,0,211169.0625,24106,107435.846162119,0,48,4.4833068637238,1.26908553274843,2,0.0110388843276198,0.13460090687507,0.811617530816572,0.968450485911407,179972.944665769,242365.180334231,24106,24106,-6.91897425975814,15.8855879872057
10,1.5,0.7,0.2,3,1.5,50,0.28,0.02,0.26,0,296339.785714286,35793.1428571429,109057.129768815,4951.36644476347,14,4.4817183024282,NA,1,0.00353925927164624,0.104954435896378,0.158715274935524,0.395531572648488,233372.0736653,359307.497763272,32934.3089853566,38651.9767289292,NA,NA
10,1.5,0.7,0.2,5,0.5,50,1,0.14,0.74,0.12,108705.1,45425.92,65462.5449121675,10350.5886569069,50,1.40888230814154,1.0804754759857,7,0.0695083342701629,0.261861937105855,0.604468427351512,0.841284725064476,90100.850583214,127309.349416786,42484.3152511773,48367.5247488227,0.409609158014254,2.40815545826883
10,1.5,0.7,0.2,5,1,50,0.82,0.06,0.72,0.04,231742.463414634,51798.7804878049,120727.098768482,10248.5122835273,41,3.8854407502542,2.30090883922797,3,0.020614970348974,0.162170916888382,0.583348763040434,0.825258293340888,193636.289113403,269848.637715865,48563.9508647281,55033.6101108817,-1.83033366857168,9.60121516908008
10,1.5,0.7,0.2,5,1.5,50,0.22,0.02,0.2,0,221501.090909091,77317.0909090909,111801.028442903,17453.0257861183,11,4.92999912386372,NA,1,0.00353925927164624,0.104954435896378,0.112437500157761,0.330371059322254,146392.138009128,296610.043809054,65591.9886449299,89042.1931732519,NA,NA
10,1.5,0.7,0.2,10,0.5,50,0.96,0.24,0.56,0.16,171768.333333333,97958.4166666667,110861.816166992,16152.9042719394,48,1.1954006004574,1.16791992268523,12,0.142973913969917,0.374126837579429,0.423060280216569,0.688378007887428,139577.417507682,203959.249158984,93268.1021856686,102648.731147665,0.453339684353661,1.93746151656114
10,1.5,0.7,0.2,10,1,50,0.54,0.12,0.34,0.08,226942.444444444,123514.814814815,125594.740053792,26199.241299991,27,2.39098929427146,2.7442839652357,6,0.0561760015093228,0.23804817383203,0.224369492225001,0.478461739497674,177258.820001265,276626.068887623,113150.740133921,133878.889495709,-0.488960104841956,5.27093869338488
10,1.5,0.7,0.2,10,1.5,50,0.22,0.06,0.12,0.04,190191.181818182,140075.272727273,109031.716877997,15776.2795936869,11,2.24103478708549,3.10514354978283,3,0.020614970348974,0.162170916888382,0.0561760015093228,0.23804817383203,116942.677742266,263439.685894098,129476.623882607,150673.921571939,-5.47256940532833,9.95463897949931
10,1.5,0.7,0.3,0.001,0.5,50,1,0,1,0,4375.4,71,1532.75534211286,0,50,NA,NA,0,6.93889390390723e-18,0.0713475991333587,0.928652400866641,1,3939.79575152724,4811.00424847276,71,71,NA,NA
10,1.5,0.7,0.3,0.001,1,50,0.98,0,0.96,0.02,17719.3673469388,71,50081.4609705585,0,49,NA,NA,0,6.93889390390723e-18,0.0713475991333587,0.86539909312493,0.98896111567238,3334.29218408076,32104.4425097968,71,71,NA,NA
10,1.5,0.7,0.3,0.001,1.5,50,0.42,0,0.42,0,49683.9047619048,71,37984.2493092923,0,21,NA,NA,0,6.93889390390723e-18,0.0713475991333587,0.29375003354712,0.557665582314218,32393.68177263,66974.1277511796,71,71,NA,NA
10,1.5,0.7,0.3,0.01,0.5,50,1,0,1,0,5345.02,71,1176.63897832178,0,50,NA,NA,0,6.93889390390723e-18,0.0713475991333587,0.928652400866641,1,5010.62290230724,5679.41709769276,71,71,NA,NA
10,1.5,0.7,0.3,0.01,1,50,1,0,0.98,0.02,11316.02,71,4039.1390701687,0,50,NA,NA,0,6.93889390390723e-18,0.0713475991333587,0.895045564103622,0.996460740728354,10168.1093773481,12463.9306226519,71,71,NA,NA
10,1.5,0.7,0.3,0.01,1.5,50,0.7,0,0.7,0,46410.8857142857,71,16213.9959616801,0,35,NA,NA,0,6.93889390390723e-18,0.0713475991333587,0.562496495355466,0.808964464991191,40841.1832296515,51980.5881989199,71,71,NA,NA
10,1.5,0.7,0.3,0.1,0.5,50,1,0,1,0,15489.22,174,3485.71161176712,0,50,NA,NA,0,6.93889390390723e-18,0.0713475991333587,0.928652400866641,1,14498.5917207708,16479.8482792292,174,174,NA,NA
10,1.5,0.7,0.3,0.1,1,50,1,0.02,0.98,0,37333.38,174,12162.5870467175,0,50,0.896375422173214,NA,1,0.00353925927164624,0.104954435896378,0.895045564103622,0.996460740728354,33876.8110066298,40789.9489933702,174,174,NA,NA
10,1.5,0.7,0.3,0.1,1.5,50,1,0,1,0,169107.16,262.2,57166.7334687236,29.698484809835,50,NA,NA,0,6.93889390390723e-18,0.0713475991333587,0.928652400866641,1,152860.554109226,185353.765890774,253.759784004057,270.640215995943,NA,NA
10,1.5,0.7,0.3,0.5,0.5,50,1,0,1,0,40334.32,1637,12160.5379671548,0,50,NA,NA,0,6.93889390390723e-18,0.0713475991333587,0.928652400866641,1,36878.3333485982,43790.3066514018,1637,1637,NA,NA
10,1.5,0.7,0.3,0.5,1,50,1,0.04,0.96,0,98045.78,1637,33139.9751698268,0,50,1.79291631653804,1.90215172528085,2,0.0110388843276198,0.13460090687507,0.86539909312493,0.98896111567238,88627.5032655286,107464.056734471,1637,1637,-15.2972388790675,18.8830715121436
10,1.5,0.7,0.3,0.5,1.5,50,0.88,0,0.88,0,317107.659090909,2520.90909090909,59190.5965645877,195.114732875816,44,NA,NA,0,6.93889390390723e-18,0.0713475991333587,0.76195182616797,0.943823998490677,299112.072929555,335103.245252263,2461.58879020922,2580.22939160896,NA,NA
10,1.5,0.7,0.3,1,0.5,50,1,0,1,0,62781.46,4057.4,22898.301180379,321.026478658693,50,NA,NA,0,6.93889390390723e-18,0.0713475991333587,0.928652400866641,1,56273.8348083421,69289.0851916579,3966.16528423433,4148.63471576567,NA,NA
10,1.5,0.7,0.3,1,1,50,1,0.04,0.96,0,153919.96,5964.2,58796.8226671601,795.657320351275,50,3.36195965480961,1.58505642721587,2,0.0110388843276198,0.13460090687507,0.86539909312493,0.98896111567238,137210.087884853,170629.832115147,5738.07669150401,6190.32330849599,-10.8792073219791,17.6031266315983
10,1.5,0.7,0.3,1,1.5,50,0.24,0,0.24,0,316012.166666667,6874.16666666667,101595.410970837,1383.00337430295,12,NA,NA,0,6.93889390390723e-18,0.0713475991333587,0.142973913969917,0.374126837579429,251461.522163898,380562.811169436,5995.44824515858,7752.88508817475,NA,NA
10,1.5,0.7,0.3,3,0.5,50,1,0,0.98,0.02,144624.1,24106,67760.6715207943,0,50,NA,NA,0,6.93889390390723e-18,0.0713475991333587,0.895045564103622,0.996460740728354,125366.730227511,163881.469772489,24106,24106,NA,NA
10,1.5,0.7,0.3,3,1,50,0.68,0.04,0.64,0,294036.647058824,24507.0294117647,112723.289903729,2338.38320841811,34,4.70673202585931,1.58505642721587,2,0.0110388843276198,0.13460090687507,0.501410168761127,0.758612503481533,254705.631844877,333367.662272771,23691.1289388023,25322.9298847271,-9.53443495092939,18.947899002648
10,1.5,0.7,0.3,3,1.5,50,0.02,0,0.02,0,355000,37741,NA,NA,1,NA,NA,0,6.93889390390723e-18,0.0713475991333587,0.00353925927164624,0.104954435896378,NA,NA,NA,NA,NA,NA
10,1.5,0.7,0.3,5,0.5,50,0.98,0.02,0.94,0.02,210520.265306122,44711.4489795918,91994.0333311477,10114.2841999595,49,0.448280821435524,NA,1,0.00353925927164624,0.104954435896378,0.837829083111618,0.979385029651026,184096.493747601,236944.036864643,41806.2873566021,47616.6106025815,NA,NA
10,1.5,0.7,0.3,5,1,50,0.22,0.04,0.16,0.02,197333.181818182,59088,145468.851713223,0,11,5.60329911180336,1.58505642721587,2,0.0110388843276198,0.13460090687507,0.0833742067803341,0.28514216063035,99605.8774819776,295060.486154386,59088,59088,-8.63786786498534,19.8444660885921
10,1.5,0.7,0.3,5,1.5,50,0,0,0,0,NA,NA,NA,NA,0,NA,NA,0,6.93889390390723e-18,0.0713475991333587,6.93889390390723e-18,0.0713475991333587,NA,NA,NA,NA,NA,NA
10,1.5,0.7,0.3,10,0.5,50,0.64,0.04,0.54,0.06,274234.40625,95778.25,104296.478326052,12868.2866368348,32,0.67240767987268,0.316982408712935,2,0.0110388843276198,0.13460090687507,0.403988713991575,0.670303478077756,236631.515919767,311837.296580233,91138.7379195424,100417.762080458,-2.17556626835749,3.52038162810285
10,1.5,0.7,0.3,10,1,50,0.14,0.06,0.06,0.02,149511,129882.285714286,130329.66770719,25531.4977084795,7,4.18380402822084,3.42371297827945,3,0.020614970348974,0.162170916888382,0.020614970348974,0.162170916888382,28976.1609413023,270045.839058698,106269.588610407,153494.982818165,-4.32117049533218,12.6887785517739
10,1.5,0.7,0.3,10,1.5,50,0.02,0,0,0.02,144832,144832,NA,NA,1,NA,NA,0,6.93889390390723e-18,0.0713475991333587,6.93889390390723e-18,0.0713475991333587,NA,NA,NA,NA,NA,NA
10,1.5,0.7,0.4,0.001,0.5,50,0.98,0,0.98,0,20357.4693877551,71,58203.6146991398,0,49,NA,NA,0,6.93889390390723e-18,0.0713475991333587,0.895045564103622,0.996460740728354,3639.43928297523,37075.499492535,71,71,NA,NA
10,1.5,0.7,0.4,0.001,1,50,0.34,0,0.34,0,34823.0588235294,71,83010.18982817,0,17,NA,NA,0,6.93889390390723e-18,0.0713475991333587,0.224369492225001,0.478461739497674,-7856.84251412749,77502.9601611863,71,71,NA,NA
10,1.5,0.7,0.4,0.001,1.5,50,0.08,0,0.08,0,34083,71,19038.0156003718,0,4,NA,NA,0,6.93889390390723e-18,0.0713475991333587,0.031549514088593,0.188382469183428,3789.26879633159,64376.7312036684,71,71,NA,NA
10,1.5,0.7,0.4,0.01,0.5,50,1,0,1,0,7642.14,71,2688.20386139299,0,50,NA,NA,0,6.93889390390723e-18,0.0713475991333587,0.928652400866641,1,6878.16091566063,8406.11908433937,71,71,NA,NA
10,1.5,0.7,0.4,0.01,1,50,0.56,0,0.56,0,28001.3928571429,71,64277.5948703857,0,28,NA,NA,0,6.93889390390723e-18,0.0713475991333587,0.423060280216569,0.688378007887428,3077.14352776323,52925.6421865226,71,71,NA,NA
10,1.5,0.7,0.4,0.01,1.5,50,0.3,0,0.3,0,49021.9333333333,71,16925.4924278087,0,15,NA,NA,0,6.93889390390723e-18,0.0713475991333587,0.191035535008809,0.437503504644534,39648.9080449169,58394.9586217497,71,71,NA,NA
10,1.5,0.7,0.4,0.1,0.5,50,1,0,1,0,20886.98,174,5250.35270142757,0,50,NA,NA,0,6.93889390390723e-18,0.0713475991333587,0.928652400866641,1,19394.8462720108,22379.1137279892,174,174,NA,NA
10,1.5,0.7,0.4,0.1,1,50,0.92,0,0.92,0,51872.8913043478,174,19139.6354281176,0,46,NA,NA,0,6.93889390390723e-18,0.0713475991333587,0.811617530816572,0.968450485911407,46189.1211731941,57556.6614355015,174,174,NA,NA
10,1.5,0.7,0.4,0.1,1.5,50,0.54,0,0.54,0,198334.074074074,264.740740740741,90072.2707684164,26.1542651214976,27,NA,NA,0,6.93889390390723e-18,0.0713475991333587,0.403988713991575,0.670303478077756,162702.670468433,233965.477679715,254.394458043494,275.087023437988,NA,NA
10,1.5,0.7,0.4,0.5,0.5,50,1,0,1,0,57934.24,1637,21884.3904379168,0,50,NA,NA,0,6.93889390390723e-18,0.0713475991333587,0.928652400866641,1,51714.7650531032,64153.7149468968,1637,1637,NA,NA
10,1.5,0.7,0.4,0.5,1,50,0.96,0.02,0.94,0,137200.875,1637,45769.0869793162,0,48,0.896332403834489,NA,1,0.00353925927164624,0.104954435896378,0.837829083111618,0.979385029651026,123910.917489754,150490.832510246,1637,1637,NA,NA
10,1.5,0.7,0.4,0.5,1.5,50,0.38,0,0.38,0,334434.578947368,2514.26315789474,65538.1885055625,212.43896956414,19,NA,NA,0,6.93889390390723e-18,0.0713475991333587,0.258627893101936,0.51849553069007,302846.183232701,366022.974662035,2411.87085214405,2616.65546364543,NA,NA
10,1.5,0.7,0.4,1,0.5,50,1,0,1,0,103283.4,4057.4,54613.1163893355,321.026478658693,50,NA,NA,0,6.93889390390723e-18,0.0713475991333587,0.928652400866641,1,87762.5240533285,118804.275946671,3966.16528423433,4148.63471576567,NA,NA
10,1.5,0.7,0.4,1,1,50,0.96,0.02,0.94,0,241289.395833333,5998.25,86252.3481431183,758.676409028923,48,2.24115550656195,NA,1,0.00353925927164624,0.104954435896378,0.837829083111618,0.979385029651026,216244.324637156,266334.46702951,5777.95333459837,6218.54666540163,NA,NA
10,1.5,0.7,0.4,1,1.5,50,0.04,0,0.04,0,223754,6282,185609.873207219,0,2,NA,NA,0,6.93889390390723e-18,0.0713475991333587,0.0110388843276198,0.13460090687507,-1443884.54680398,1891392.54680398,6282,6282,NA,NA
10,1.5,0.7,0.4,3,0.5,50,0.8,0.02,0.78,0,253858.3,24106,97817.2951007682,0,40,1.79317090206646,NA,1,0.00353925927164624,0.104954435896378,0.647584504187463,0.872460840297856,222574.811343228,285141.788656772,24106,24106,NA,NA
10,1.5,0.7,0.4,3,1,50,0.12,0.02,0.1,0,260916.666666667,24106,152716.543164998,0,6,3.58592787761164,NA,1,0.00353925927164624,0.104954435896378,0.0434757649318904,0.213602314374797,100650.483467605,421182.849865729,24106,24106,NA,NA
10,1.5,0.7,0.4,3,1.5,50,0.02,0.02,0,0,24106,37741,NA,NA,1,0.448286264508531,NA,1,0.00353925927164624,0.104954435896378,6.93889390390723e-18,0.0713475991333587,NA,NA,NA,NA,NA,NA
10,1.5,0.7,0.4,5,0.5,50,0.48,0.02,0.46,0,269552.625,47525.0416666667,110807.142957174,10865.1400818484,24,2.68973798801052,NA,1,0.00353925927164624,0.104954435896378,0.329696521922244,0.596011286008425,222762.872105036,316342.377894964,42937.0953842204,52112.987949113,NA,NA
10,1.5,0.7,0.4,5,1,50,0.04,0.02,0.02,0,113708.5,59088,159863.408197436,0,2,4.4824949635557,NA,1,0.00353925927164624,0.104954435896378,0.00353925927164624,0.104954435896378,-1322607.23647956,1550024.23647956,59088,59088,NA,NA
10,1.5,0.7,0.4,5,1.5,50,0.02,0.02,0,0,24106,92508,NA,NA,1,1.34483435509897,NA,1,0.00353925927164624,0.104954435896378,6.93889390390723e-18,0.0713475991333587,NA,NA,NA,NA,NA,NA
10,1.5,0.7,0.4,10,0.5,50,0.16,0.06,0.1,0,237148.5,99048.5,163536.187001969,18499.3276094025,8,1.34484659849176,1.55292095142744,3,0.020614970348974,0.162170916888382,0.0434757649318904,0.213602314374797,100428.826222805,373868.173777195,83582.6750824574,114514.324917543,-2.51282290031635,5.20251609729987
10,1.5,0.7,0.4,10,1,50,0.04,0.02,0.02,0,113708.5,118670,159863.408197436,36998.6552188049,2,5.37904155545656,NA,1,0.00353925927164624,0.104954435896378,0.00353925927164624,0.104954435896378,-1322607.23647956,1550024.23647956,-213749.728307802,451089.728307802,NA,NA
10,1.5,0.7,0.4,10,1.5,50,0,0,0,0,NA,NA,NA,NA,0,NA,NA,0,6.93889390390723e-18,0.0713475991333587,6.93889390390723e-18,0.0713475991333587,NA,NA,NA,NA,NA,NA
30,0.5,0.5,0.2,0.001,0.5,50,1,0,1,0,1086.68,71,229.661635757424,0,50,NA,NA,0,6.93889390390723e-18,0.0713475991333587,0.928652400866641,1,1021.41088528973,1151.94911471027,71,71,NA,NA
30,0.5,0.5,0.2,0.001,1,50,1,0,1,0,1665.38,71,392.520681373762,0,50,NA,NA,0,6.93889390390723e-18,0.0713475991333587,0.928652400866641,1,1553.82685663654,1776.93314336346,71,71,NA,NA
30,0.5,0.5,0.2,0.001,1.5,50,1,0,1,0,4723.74,71,1255.70807425735,0,50,NA,NA,0,6.93889390390723e-18,0.0713475991333587,0.928652400866641,1,4366.87171387546,5080.60828612454,71,71,NA,NA
30,0.5,0.5,0.2,0.01,0.5,50,1,0,1,0,1687.44,71,285.759150763187,0,50,NA,NA,0,6.93889390390723e-18,0.0713475991333587,0.928652400866641,1,1606.22814792397,1768.65185207603,71,71,NA,NA
30,0.5,0.5,0.2,0.01,1,50,1,0,1,0,2689.38,71,464.162308434699,0,50,NA,NA,0,6.93889390390723e-18,0.0713475991333587,0.928652400866641,1,2557.46653150322,2821.29346849678,71,71,NA,NA
30,0.5,0.5,0.2,0.01,1.5,50,1,0,1,0,7018.26,71,1544.64750367592,0,50,NA,NA,0,6.93889390390723e-18,0.0713475991333587,0.928652400866641,1,6579.27603660597,7457.24396339403,71,71,NA,NA
30,0.5,0.5,0.2,0.1,0.5,50,1,0,1,0,3633.9,174,710.630454495966,0,50,NA,NA,0,6.93889390390723e-18,0.0713475991333587,0.928652400866641,1,3431.94105941275,3835.85894058725,174,174,NA,NA
30,0.5,0.5,0.2,0.1,1,50,1,0,1,0,6730.7,174,1497.66994879052,0,50,NA,NA,0,6.93889390390723e-18,0.0713475991333587,0.928652400866641,1,6305.06690998328,7156.33309001672,174,174,NA,NA
30,0.5,0.5,0.2,0.1,1.5,50,1,0,1,0,15926.06,268.08,3548.42770246089,19.3989690447714,50,NA,NA,0,6.93889390390723e-18,0.0713475991333587,0.928652400866641,1,14917.6080050067,16934.5119949933,262.566873997617,273.593126002383,NA,NA
30,0.5,0.5,0.2,0.5,0.5,50,1,0.02,0.98,0,4831.7,1637,1280.6196881644,0,50,0.447891932746267,NA,1,0.00353925927164624,0.104954435896378,0.895045564103622,0.996460740728354,4467.75191153776,5195.64808846224,1637,1637,NA,NA
30,0.5,0.5,0.2,0.5,1,50,1,0,1,0,8445.44,1637,2441.01652595799,0,50,NA,NA,0,6.93889390390723e-18,0.0713475991333587,0.928652400866641,1,7751.71077910963,9139.16922089037,1637,1637,NA,NA
30,0.5,0.5,0.2,0.5,1.5,50,1,0,1,0,19319.36,1970.36,5356.4236917662,448.992603002567,50,NA,NA,0,6.93889390390723e-18,0.0713475991333587,0.928652400866641,1,17797.0812300972,20841.6387699028,1842.75771408583,2097.96228591417,NA,NA
30,0.5,0.5,0.2,1,0.5,50,1,0.42,0.08,0.5,5240.3,6100.4,1316.26258545837,622.087860452564,50,0.533752241834609,0.304548874268779,21,0.29375003354712,0.557665582314218,0.031549514088593,0.188382469183428,4866.22231220605,5614.37768779395,5923.60458621731,6277.19541378269,0.395123256321089,0.672381227348129
30,0.5,0.5,0.2,1,1,50,1,0.02,0.98,0,8561.9,4193.6,2362.83668370828,622.087860452564,50,0.896509953734521,NA,1,0.00353925927164624,0.104954435896378,0.895045564103622,0.996460740728354,7890.38924444015,9233.41075555985,4016.80458621732,4370.39541378269,NA,NA
30,0.5,0.5,0.2,1,1.5,50,1,0,0.98,0.02,18971,6282,5316.03408259832,0,50,NA,NA,0,6.93889390390723e-18,0.0713475991333587,0.895045564103622,0.996460740728354,17460.1998300174,20481.8001699826,6282,6282,NA,NA
30,0.5,0.5,0.2,3,0.5,50,1,1,0,0,6029.86,24106,1865.32637632241,0,50,1.4434134615706,0.376567331072923,50,0.928652400866641,1,6.93889390390723e-18,0.0713475991333587,5499.74010937593,6559.97989062407,24106,24106,1.33639421019726,1.55043271294394
30,0.5,0.5,0.2,3,1,50,1,1,0,0,8419.78,24106,2389.22444328869,0,50,1.09374849238236,0.302533163907931,50,0.928652400866641,1,6.93889390390723e-18,0.0713475991333587,7740.76992614382,9098.79007385618,24106,24106,1.00776951851655,1.17972746624817
30,0.5,0.5,0.2,3,1.5,50,1,0.82,0,0.18,16448.6,24106,4048.72808951863,0,50,0.502950525561092,0.17915735968339,41,0.692039463256992,0.902298073297658,6.93889390390723e-18,0.0713475991333587,15297.9642082016,17599.2357917984,24106,24106,0.446401485245498,0.559499565876686
30,0.5,0.5,0.2,5,0.5,50,1,1,0,0,6146.32,37741,1917.81054415323,0,50,1.87376657444431,0.380896750369817,50,0.928652400866641,1,6.93889390390723e-18,0.0713475991333587,5601.2842739151,6691.3557260849,37741,37741,1.76551691572067,1.98201623316795
30,0.5,0.5,0.2,5,1,50,1,1,0,0,8308.54,37741,2177.87487890449,0,50,1.55099926155903,0.289371377398596,50,0.928652400866641,1,6.93889390390723e-18,0.0713475991333587,7689.5948077522,8927.4851922478,37741,37741,1.46876082603188,1.63323769708618
30,0.5,0.5,0.2,5,1.5,50,1,1,0,0,16511.54,37741,4293.28721501512,0,50,0.860704438398395,0.269261918874402,50,0.928652400866641,1,6.93889390390723e-18,0.0713475991333587,15291.4012737527,17731.6787262473,37741,37741,0.784181047749544,0.937227829047246
30,0.5,0.5,0.2,10,0.5,50,1,1,0,0,6162.74,92508,1937.57861523193,0,50,2.77030892286877,0.391509072581576,50,0.928652400866641,1,6.93889390390723e-18,0.0713475991333587,5612.08625027531,6713.39374972469,92508,92508,2.65904327554304,2.8815745701945
30,0.5,0.5,0.2,10,1,50,1,1,0,0,8308.54,92508,2177.87487890449,0,50,2.44754735214947,0.289371377398596,50,0.928652400866641,1,6.93889390390723e-18,0.0713475991333587,7689.5948077522,8927.4851922478,92508,92508,2.36530891662232,2.52978578767662
30,0.5,0.5,0.2,10,1.5,50,1,1,0,0,16337.36,92508,4153.26987855131,0,50,1.7662182907272,0.262630947830884,50,0.928652400866641,1,6.93889390390723e-18,0.0713475991333587,15157.0137604906,17517.7062395094,92508,92508,1.6915794011978,1.8408571802566
30,0.5,0.5,0.3,0.001,0.5,50,1,0,1,0,1703.44,71,507.341898968516,0,50,NA,NA,0,6.93889390390723e-18,0.0713475991333587,0.928652400866641,1,1559.25502765192,1847.62497234808,71,71,NA,NA
30,0.5,0.5,0.3,0.001,1,50,1,0,1,0,2802.04,71,836.10725705864,0,50,NA,NA,0,6.93889390390723e-18,0.0713475991333587,0.928652400866641,1,2564.42094668677,3039.65905331323,71,71,NA,NA
30,0.5,0.5,0.3,0.001,1.5,50,1,0,1,0,9761.12,71,4670.99945884067,0,50,NA,NA,0,6.93889390390723e-18,0.0713475991333587,0.928652400866641,1,8433.63664177523,11088.6033582248,71,71,NA,NA
30,0.5,0.5,0.3,0.01,0.5,50,1,0,1,0,2360.3,71,469.731849254531,0,50,NA,NA,0,6.93889390390723e-18,0.0713475991333587,0.928652400866641,1,2226.80368551567,2493.79631448433,71,71,NA,NA
30,0.5,0.5,0.3,0.01,1,50,1,0,1,0,3954.04,71,286.827613733406,0,50,NA,NA,0,6.93889390390723e-18,0.0713475991333587,0.928652400866641,1,3872.52449410762,4035.55550589238,71,71,NA,NA
30,0.5,0.5,0.3,0.01,1.5,50,1,0,1,0,10511.74,71,2314.37093149984,0,50,NA,NA,0,6.93889390390723e-18,0.0713475991333587,0.928652400866641,1,9854.00305881702,11169.476941183,71,71,NA,NA
30,0.5,0.5,0.3,0.1,0.5,50,1,0,1,0,5169.96,174,1439.54045898725,0,50,NA,NA,0,6.93889390390723e-18,0.0713475991333587,0.928652400866641,1,4760.84712819694,5579.07287180306,174,174,NA,NA
30,0.5,0.5,0.3,0.1,1,50,1,0,1,0,10070.86,174,2569.12434069649,0,50,NA,NA,0,6.93889390390723e-18,0.0713475991333587,0.928652400866641,1,9340.72294099652,10800.9970590035,174,174,NA,NA
30,0.5,0.5,0.3,0.1,1.5,50,1,0,1,0,24871.3,268.08,5468.70232434029,19.3989690447714,50,NA,NA,0,6.93889390390723e-18,0.0713475991333587,0.928652400866641,1,23317.1119957803,26425.4880042197,262.566873997617,273.593126002383,NA,NA
30,0.5,0.5,0.3,0.5,0.5,50,1,0.02,0.98,0,7640.02,1637,2463.03610130394,0,50,1.34383656414251,NA,1,0.00353925927164624,0.104954435896378,0.895045564103622,0.996460740728354,6940.03288503696,8340.00711496304,1637,1637,NA,NA
30,0.5,0.5,0.3,0.5,1,50,1,0,1,0,14260.36,1637,4378.11722072027,0,50,NA,NA,0,6.93889390390723e-18,0.0713475991333587,0.928652400866641,1,13016.1128528796,15504.6071471204,1637,1637,NA,NA
30,0.5,0.5,0.3,0.5,1.5,50,1,0,1,0,31199.12,1803.68,8858.58666951024,359.369427339225,50,NA,NA,0,6.93889390390723e-18,0.0713475991333587,0.928652400866641,1,28681.5375243888,33716.7024756112,1701.54833878889,1905.81166121111,NA,NA
30,0.5,0.5,0.3,1,0.5,50,1,0.1,0.62,0.28,8373.34,6009.6,2788.25035922427,745.151840436647,50,1.16584409891086,1.36759049158019,5,0.0434757649318904,0.213602314374797,0.48150446930993,0.741372106898064,7580.92801557362,9165.75198442638,5797.83019008105,6221.36980991895,-0.53224377877005,2.86393197659177
30,0.5,0.5,0.3,1,1,50,1,0,0.98,0.02,14711.84,4148.2,5071.00671629753,544.568318084356,50,NA,NA,0,6.93889390390723e-18,0.0713475991333587,0.895045564103622,0.996460740728354,13270.6758370305,16153.0041629695,3993.43539639783,4302.96460360217,NA,NA
30,0.5,0.5,0.3,1,1.5,50,1,0,1,0,29661.44,6282,8994.33583022887,0,50,NA,NA,0,6.93889390390723e-18,0.0713475991333587,0.928652400866641,1,27105.2780397764,32217.6019602236,6282,6282,NA,NA
30,0.5,0.5,0.3,3,0.5,50,1,1,0,0,9355.9,24106,3366.17231451695,0,50,1.07586152134799,0.724691813138085,50,0.928652400866641,1,6.93889390390723e-18,0.0713475991333587,8399.2444131575,10312.5555868425,24106,24106,0.869906386850647,1.28181665584533
30,0.5,0.5,0.3,3,1,50,1,0.86,0,0.14,14471.82,24106,4842.98107591106,0,50,0.656766512564203,0.265156826053659,43,0.738138062894145,0.930491665729837,6.93889390390723e-18,0.0713475991333587,13095.4600070007,15848.1799929993,24106,24106,0.575163286387826,0.73836973874058
30,0.5,0.5,0.3,3,1.5,50,1,0.08,0.52,0.4,32634.18,24106,11684.4335338841,0,50,0.44828808691837,0,4,0.031549514088593,0.188382469183428,0.385117448900446,0.652028647134219,29313.5007314213,35954.8592685787,24106,24106,0.44828808691837,0.44828808691837
30,0.5,0.5,0.3,5,0.5,50,1,1,0,0,9649.44,37741,3540.51702761859,0,50,1.49725359550576,0.733746134608793,50,0.928652400866641,1,6.93889390390723e-18,0.0713475991333587,8643.23619392171,10655.6438060783,37741,37741,1.28872525131779,1.70578193969373
30,0.5,0.5,0.3,5,1,50,1,1,0,0,14805.54,37741,4698.6058340833,0,50,0.98621195130934,0.32651951899896,50,0.928652400866641,1,6.93889390390723e-18,0.0713475991333587,13470.2109967396,16140.8690032604,37741,37741,0.893416130751857,1.07900777186682
30,0.5,0.5,0.3,5,1.5,50,1,0.36,0.18,0.46,36326.5,37741,12757.0144294447,0,50,0.498096051943906,0.144967775142785,18,0.241387496518467,0.498589831238873,0.0977019267023418,0.307960536743008,32700.9966136382,39952.0033863618,37741,37741,0.426005273385008,0.570186830502803
30,0.5,0.5,0.3,10,0.5,50,1,1,0,0,10099.62,92508,3701.48459399628,0,50,2.34897502045697,0.739034641587703,50,0.928652400866641,1,6.93889390390723e-18,0.0713475991333587,9047.66971772037,11151.5702822796,92508,92508,2.13894369921533,2.55900634169861
30,0.5,0.5,0.3,10,1,50,1,1,0,0,15275.18,92508,5861.22245969566,0,50,1.86482662145466,0.354925879030592,50,0.928652400866641,1,6.93889390390723e-18,0.0713475991333587,13609.4390075935,16940.9209924065,92508,92508,1.76395780270011,1.96569544020921
30,0.5,0.5,0.3,10,1.5,50,1,0.98,0,0.02,40200.46,92508,16165.8625885865,0,50,0.933144554433008,0.397146529772266,49,0.895045564103622,0.996460740728354,6.93889390390723e-18,0.0713475991333587,35606.1726859477,44794.7473140523,92508,92508,0.819070752057299,1.04721835680872
30,0.5,0.5,0.4,0.001,0.5,50,1,0,1,0,4174.68,71,1489.37971529309,0,50,NA,NA,0,6.93889390390723e-18,0.0713475991333587,0.928652400866641,1,3751.40296827458,4597.95703172542,71,71,NA,NA
30,0.5,0.5,0.4,0.001,1,50,1,0,1,0,10794.4,71,5794.3767744324,0,50,NA,NA,0,6.93889390390723e-18,0.0713475991333587,0.928652400866641,1,9147.65634114882,12441.1436588512,71,71,NA,NA
30,0.5,0.5,0.4,0.001,1.5,50,1,0,0.98,0.02,54582.4,71,33806.6066046631,0,50,NA,NA,0,6.93889390390723e-18,0.0713475991333587,0.895045564103622,0.996460740728354,44974.6687079736,64190.1312920264,71,71,NA,NA
30,0.5,0.5,0.4,0.01,0.5,50,1,0,1,0,4276.28,71,1278.39949426569,0,50,NA,NA,0,6.93889390390723e-18,0.0713475991333587,0.928652400866641,1,3912.96288366236,4639.59711633764,71,71,NA,NA
30,0.5,0.5,0.4,0.01,1,50,1,0,1,0,8230.36,71,2614.13008717108,0,50,NA,NA,0,6.93889390390723e-18,0.0713475991333587,0.928652400866641,1,7487.4324493692,8973.2875506308,71,71,NA,NA
30,0.5,0.5,0.4,0.01,1.5,50,1,0,0.98,0.02,30269.16,71,12467.0152891049,0,50,NA,NA,0,6.93889390390723e-18,0.0713475991333587,0.895045564103622,0.996460740728354,26726.0734574192,33812.2465425808,71,71,NA,NA
30,0.5,0.5,0.4,0.1,0.5,50,1,0,1,0,10065,174,2963.65256577289,0,50,NA,NA,0,6.93889390390723e-18,0.0713475991333587,0.928652400866641,1,9222.73926002549,10907.2607399745,174,174,NA,NA
30,0.5,0.5,0.4,0.1,1,50,1,0,1,0,21820.82,174,5111.97224486253,0,50,NA,NA,0,6.93889390390723e-18,0.0713475991333587,0.928652400866641,1,20368.0135626286,23273.6264373714,174,174,NA,NA
30,0.5,0.5,0.4,0.1,1.5,50,1,0.02,0.98,0,58285.82,268.08,19254.8362678479,19.3989690447714,50,1.34312218925468,NA,1,0.00353925927164624,0.104954435896378,0.895045564103622,0.996460740728354,52813.6560795925,63757.9839204075,262.566873997617,273.593126002383,NA,NA
30,0.5,0.5,0.4,0.5,0.5,50,1,0.02,0.98,0,21192.62,1637,7885.30073421297,0,50,1.34383656414251,NA,1,0.00353925927164624,0.104954435896378,0.895045564103622,0.996460740728354,18951.6423266985,23433.5976733015,1637,1637,NA,NA
30,0.5,0.5,0.4,0.5,1,50,1,0,1,0,45943.7,1637,16112.2235879775,0,50,NA,NA,0,6.93889390390723e-18,0.0713475991333587,0.928652400866641,1,41364.6567212527,50522.7432787473,1637,1637,NA,NA
30,0.5,0.5,0.4,0.5,1.5,50,1,0.02,0.98,0,100513.44,1877.76,42353.0971251001,410.299022864137,50,3.58625384932276,NA,1,0.00353925927164624,0.104954435896378,0.895045564103622,0.996460740728354,88476.8229765413,112550.057023459,1761.15430788904,1994.36569211096,NA,NA
30,0.5,0.5,0.4,1,0.5,50,1,0.04,0.94,0.02,25669.64,6055,9915.0906214225,687.913882840056,50,1.56852909894337,1.58410384079048,2,0.0110388843276198,0.13460090687507,0.837829083111618,0.979385029651026,22851.8024234365,28487.4775765635,5859.497037645,6250.502962355,-12.6640792283797,15.8011374262664
30,0.5,0.5,0.4,1,1,50,1,0,1,0,52788.44,4012,21463.8557334256,0,50,NA,NA,0,6.93889390390723e-18,0.0713475991333587,0.928652400866641,1,46688.4796937465,58888.4003062535,4012,4012,NA,NA
30,0.5,0.5,0.4,1,1.5,50,1,0.02,0.98,0,117996.18,6282,48868.5971968436,0,50,4.48276380305728,NA,1,0.00353925927164624,0.104954435896378,0.895045564103622,0.996460740728354,104107.87834417,131884.48165583,6282,6282,NA,NA
30,0.5,0.5,0.4,3,0.5,50,1,0.12,0.66,0.22,36473.9,24106,15940.2666792661,0,50,1.41937326196516,1.40054364476102,6,0.0561760015093228,0.23804817383203,0.521538260502326,0.775630507774999,31943.7263339892,41004.0736660108,24106,24106,-0.0504071540768751,2.8891536780072
30,0.5,0.5,0.4,3,1,50,1,0.04,0.88,0.08,55991.28,24106,22762.0952176093,0,50,0.67240070362175,0.316943102040843,2,0.0110388843276198,0.13460090687507,0.76195182616797,0.943823998490677,49522.364114661,62460.195885339,24106,24106,-2.17522008817124,3.52002149541474
30,0.5,0.5,0.4,3,1.5,50,0.98,0.02,0.94,0.02,209018.510204082,24106,82934.0900266396,0,49,5.82753617410697,NA,1,0.00353925927164624,0.104954435896378,0.837829083111618,0.979385029651026,185197.058204154,232839.96220401,24106,24106,NA,NA
30,0.5,0.5,0.4,5,0.5,50,1,0.24,0.4,0.36,42706.18,37741,19557.705193512,0,50,1.083251430346,1.15386466642523,12,0.142973913969917,0.374126837579429,0.276083897302565,0.538185622524106,37147.9416832914,48264.4183167086,37741,37741,0.350120798017529,1.81638206267447
30,0.5,0.5,0.4,5,1,50,1,0.08,0.82,0.1,69621.94,37741,32750.9300901797,0,50,0.784486616319406,0.429175813298892,4,0.031549514088593,0.188382469183428,0.692039463256992,0.902298073297658,60314.2286538105,78929.6513461896,37741,37741,0.101572125644311,1.4674011069945
30,0.5,0.5,0.4,5,1.5,50,0.92,0.02,0.88,0.02,258649.869565217,37741,100392.938605508,0,46,6.2758224386155,NA,1,0.00353925927164624,0.104954435896378,0.76195182616797,0.943823998490677,228836.846847634,288462.8922828,37741,37741,NA,NA
30,0.5,0.5,0.4,10,0.5,50,1,0.86,0.02,0.12,49688.96,92508,26877.5217964145,0,50,0.979923927126932,0.842820105363995,43,0.738138062894145,0.930491665729837,0.00353925927164624,0.104954435896378,42050.4528219411,57327.4671780589,92508,92508,0.720542184225478,1.23930567002839
30,0.5,0.5,0.4,10,1,50,1,0.38,0.28,0.34,92096.66,92508,44117.6489204694,0,50,0.731393909180392,0.477481480113785,19,0.258627893101936,0.51849553069007,0.174741706659112,0.416651236959566,79558.562904938,104634.757095062,92508,92508,0.501255202508951,0.961532615851834
30,0.5,0.5,0.4,10,1.5,50,0.4,0.06,0.32,0.02,243774.9,92508,126582.765283139,0,20,2.68963502250526,3.8821628272493,3,0.020614970348974,0.162170916888382,0.207582162606568,0.458102973081441,184532.34224302,303017.45775698,92508,92508,-6.95419205982001,12.3334621048305
30,0.5,0.6,0.2,0.001,0.5,50,1,0,1,0,932.6,71,174.979998857012,0,50,NA,NA,0,6.93889390390723e-18,0.0713475991333587,0.928652400866641,1,882.871234550191,982.328765449809,71,71,NA,NA
30,0.5,0.6,0.2,0.001,1,50,1,0,1,0,1357.58,71,310.344317670236,0,50,NA,NA,0,6.93889390390723e-18,0.0713475991333587,0.928652400866641,1,1269.38112079715,1445.77887920285,71,71,NA,NA
30,0.5,0.6,0.2,0.001,1.5,50,1,0,1,0,3140.5,71,854.829527103599,0,50,NA,NA,0,6.93889390390723e-18,0.0713475991333587,0.928652400866641,1,2897.56013641226,3383.43986358774,71,71,NA,NA
30,0.5,0.6,0.2,0.01,0.5,50,1,0,1,0,1530.62,71,229.359969284538,0,50,NA,NA,0,6.93889390390723e-18,0.0713475991333587,0.928652400866641,1,1465.43661795274,1595.80338204726,71,71,NA,NA
30,0.5,0.6,0.2,0.01,1,50,1,0,1,0,2358.42,71,433.675797746451,0,50,NA,NA,0,6.93889390390723e-18,0.0713475991333587,0.928652400866641,1,2235.17070197586,2481.66929802414,71,71,NA,NA
30,0.5,0.6,0.2,0.01,1.5,50,1,0,1,0,5328.6,71,1131.75249692047,0,50,NA,NA,0,6.93889390390723e-18,0.0713475991333587,0.928652400866641,1,5006.95949917576,5650.24050082424,71,71,NA,NA
30,0.5,0.6,0.2,0.1,0.5,50,1,0,1,0,2880.42,174,677.009151657916,0,50,NA,NA,0,6.93889390390723e-18,0.0713475991333587,0.928652400866641,1,2688.01612795699,3072.82387204301,174,174,NA,NA
30,0.5,0.6,0.2,0.1,1,50,1,0,1,0,4551.74,174,1202.51924011932,0,50,NA,NA,0,6.93889390390723e-18,0.0713475991333587,0.928652400866641,1,4209.98781328497,4893.49218671503,174,174,NA,NA
30,0.5,0.6,0.2,0.1,1.5,50,1,0,1,0,10289.26,268.08,2085.75774719884,19.3989690447714,50,NA,NA,0,6.93889390390723e-18,0.0713475991333587,0.928652400866641,1,9696.49420692023,10882.0257930798,262.566873997617,273.593126002383,NA,NA
30,0.5,0.6,0.2,0.5,0.5,50,1,0.02,0.98,0,3489,1637,765.510660558409,0,50,0.447891932746267,NA,1,0.00353925927164624,0.104954435896378,0.895045564103622,0.996460740728354,3271.44427742084,3706.55572257916,1637,1637,NA,NA
30,0.5,0.6,0.2,0.5,1,50,1,0.02,0.98,0,5559.78,1637,1394.992638266,0,50,0.896332403834489,NA,1,0.00353925927164624,0.104954435896378,0.895045564103622,0.996460740728354,5163.32747876511,5956.23252123489,1637,1637,NA,NA
30,0.5,0.6,0.2,0.5,1.5,50,1,0,1,0,11948.56,1933.32,2727.12842292072,436.342378208223,50,NA,NA,0,6.93889390390723e-18,0.0713475991333587,0.928652400866641,1,11173.5186776729,12723.6013223271,1809.31286819369,2057.32713180631,NA,NA
30,0.5,0.6,0.2,1,0.5,50,1,0.96,0,0.04,3724.7,6282,881.458699415639,0,50,0.579097325899105,0.260771555026308,48,0.86539909312493,0.98896111567238,6.93889390390723e-18,0.0713475991333587,3474.19220937672,3975.20779062328,6282,6282,0.503377159408857,0.654817492389353
30,0.5,0.6,0.2,1,1,50,1,0.06,0.6,0.34,5605.18,4375.2,1380.45496330532,840.644650593477,50,1.04598418953183,1.03504872242259,3,0.020614970348974,0.162170916888382,0.461814377475894,0.723916102697434,5212.85904027516,5997.50095972485,4136.29143371203,4614.10856628797,-1.52521937533713,3.61718775440079
30,0.5,0.6,0.2,1,1.5,50,1,0,1,0,11837.32,6282,2696.86485734371,0,50,NA,NA,0,6.93889390390723e-18,0.0713475991333587,0.928652400866641,1,11070.879487846,12603.760512154,6282,6282,NA,NA
30,0.5,0.6,0.2,3,0.5,50,1,1,0,0,3918.86,24106,1040.25420774669,0,50,1.85587743514312,0.300446003069172,50,0.928652400866641,1,6.93889390390723e-18,0.0713475991333587,3623.22302524219,4214.49697475781,24106,24106,1.7704916258246,1.94126324446164
30,0.5,0.6,0.2,3,1,50,1,1,0,0,5585.44,24106,1531.64725464222,0,50,1.51515264907732,0.383063864301741,50,0.928652400866641,1,6.93889390390723e-18,0.0713475991333587,5150.15066650201,6020.72933349799,24106,24106,1.40628710338872,1.62401819476592
30,0.5,0.6,0.2,3,1.5,50,1,1,0,0,11058.64,24106,2327.42978815162,0,50,0.797903768975642,0.187560726363198,50,0.928652400866641,1,6.93889390390723e-18,0.0713475991333587,10397.1917728202,11720.0882271798,24106,24106,0.744599600328726,0.851207937622558
30,0.5,0.6,0.2,5,0.5,50,1,1,0,0,4084.04,59088,1165.46982660843,0,50,2.71657838077182,0.318993546357895,50,0.928652400866641,1,6.93889390390723e-18,0.0713475991333587,3752.81714010273,4415.26285989727,59088,59088,2.62592141797347,2.80723534357017
30,0.5,0.6,0.2,5,1,50,1,1,0,0,5585.44,37741,1531.64725464222,0,50,1.96343891358585,0.383063864301741,50,0.928652400866641,1,6.93889390390723e-18,0.0713475991333587,5150.15066650201,6020.72933349799,37741,37741,1.85457336789725,2.07230445927445
30,0.5,0.6,0.2,5,1.5,50,1,1,0,0,11161.76,37741,2988.51230862038,0,50,1.2461894527603,0.227117384075967,50,0.928652400866641,1,6.93889390390723e-18,0.0713475991333587,10312.4341992798,12011.0858007202,37741,37741,1.18164340637749,1.31073549914311
30,0.5,0.6,0.2,10,0.5,50,1,1,0,0,4096.6,92508,1079.56155121287,0,50,3.15588916363836,0.299777023937674,50,0.928652400866641,1,6.93889390390723e-18,0.0713475991333587,3789.79200183121,4403.40799816879,92508,92508,3.0706934760854,3.24108485119132
30,0.5,0.6,0.2,10,1,50,1,1,0,0,5747.3,92508,1611.39955964259,0,50,2.83308588192113,0.388905594857332,50,0.928652400866641,1,6.93889390390723e-18,0.0713475991333587,5289.34531220237,6205.25468779763,92508,92508,2.72256013477798,2.94361162906428
30,0.5,0.6,0.2,10,1.5,50,1,1,0,0,11161.76,92508,2988.51230862038,0,50,2.14273754335074,0.227117384075967,50,0.928652400866641,1,6.93889390390723e-18,0.0713475991333587,10312.4341992798,12011.0858007202,92508,92508,2.07819149696793,2.20728358973355
30,0.5,0.6,0.3,0.001,0.5,50,1,0,1,0,1105.5,71,264.538431296198,0,50,NA,NA,0,6.93889390390723e-18,0.0713475991333587,0.928652400866641,1,1030.31900966785,1180.68099033215,71,71,NA,NA
30,0.5,0.6,0.3,0.001,1,50,1,0,1,0,1889.8,71,546.608541791275,0,50,NA,NA,0,6.93889390390723e-18,0.0713475991333587,0.928652400866641,1,1734.45557123581,2045.14442876419,71,71,NA,NA
30,0.5,0.6,0.3,0.001,1.5,50,1,0,1,0,4846.16,71,1481.30725994553,0,50,NA,NA,0,6.93889390390723e-18,0.0713475991333587,0.928652400866641,1,4425.17713470048,5267.14286529952,71,71,NA,NA
30,0.5,0.6,0.3,0.01,0.5,50,1,0,1,0,1655.38,71,383.22620218458,0,50,NA,NA,0,6.93889390390723e-18,0.0713475991333587,0.928652400866641,1,1546.46831839557,1764.29168160443,71,71,NA,NA
30,0.5,0.6,0.3,0.01,1,50,1,0,1,0,2939.74,71,642.033784157812,0,50,NA,NA,0,6.93889390390723e-18,0.0713475991333587,0.928652400866641,1,2757.27601742033,3122.20398257967,71,71,NA,NA
30,0.5,0.6,0.3,0.01,1.5,50,1,0,1,0,6430.04,71,1150.49362892807,0,50,NA,NA,0,6.93889390390723e-18,0.0713475991333587,0.928652400866641,1,6103.07332839077,6757.00667160923,71,71,NA,NA
30,0.5,0.6,0.3,0.1,0.5,50,1,0,1,0,3377.02,174,963.387126078545,0,50,NA,NA,0,6.93889390390723e-18,0.0713475991333587,0.928652400866641,1,3103.22840814341,3650.81159185659,174,174,NA,NA
30,0.5,0.6,0.3,0.1,1,50,1,0,1,0,6015.52,174,1178.66353302443,0,50,NA,NA,0,6.93889390390723e-18,0.0713475991333587,0.928652400866641,1,5680.54753022697,6350.49246977303,174,174,NA,NA
30,0.5,0.6,0.3,0.1,1.5,50,1,0,1,0,13212.38,270.04,2861.78262476879,13.8592929112563,50,NA,NA,0,6.93889390390723e-18,0.0713475991333587,0.928652400866641,1,12399.0703769284,14025.6896230716,266.101232535227,273.978767464773,NA,NA
30,0.5,0.6,0.3,0.5,0.5,50,1,0.04,0.96,0,4194.9,1637,1280.41667723712,0,50,0.672112168290378,0.317095298064972,2,0.0110388843276198,0.13460090687507,0.86539909312493,0.98896111567238,3831.00960660492,4558.79039339508,1637,1637,-2.17687605052641,3.52110038710717
30,0.5,0.6,0.3,0.5,1,50,1,0,1,0,7612.4,1637,1885.95113231213,0,50,NA,NA,0,6.93889390390723e-18,0.0713475991333587,0.928652400866641,1,7076.41861857828,8148.38138142172,1637,1637,NA,NA
30,0.5,0.6,0.3,0.5,1.5,50,1,0,1,0,15948.82,2007.4,3783.19745280877,458.251156516794,50,NA,NA,0,6.93889390390723e-18,0.0713475991333587,0.928652400866641,1,14873.6471801923,17023.9928198077,1877.16646229065,2137.63353770935,NA,NA
30,0.5,0.6,0.3,1,0.5,50,1,0.7,0.02,0.28,4550.92,6282,1550.53964062286,0,50,0.576438752392634,0.385386572115748,35,0.562496495355466,0.808964464991191,0.00353925927164624,0.104954435896378,4110.2615098135,4991.5784901865,6282,6282,0.444053833009978,0.70882367177529
30,0.5,0.6,0.3,1,1,50,1,0,0.82,0.18,7728.86,4602.2,1838.27057156603,1005.80861976414,50,NA,NA,0,6.93889390390723e-18,0.0713475991333587,0.692039463256992,0.902298073297658,7206.4292840106,8251.2907159894,4316.35235303253,4888.04764696747,NA,NA
30,0.5,0.6,0.3,1,1.5,50,1,0,1,0,15203.8,6282,3347.27170046513,0,50,NA,NA,0,6.93889390390723e-18,0.0713475991333587,0.928652400866641,1,14252.515908238,16155.084091762,6282,6282,NA,NA
30,0.5,0.6,0.3,3,0.5,50,1,1,0,0,4842.7,24106,1585.64213799833,0,50,1.66757984491135,0.384647716054191,50,0.928652400866641,1,6.93889390390723e-18,0.0713475991333587,4392.06549043935,5293.33450956065,24106,24106,1.55826417353513,1.77689551628757
30,0.5,0.6,0.3,3,1,50,1,1,0,0,7541.34,24106,1867.3418257742,0,50,1.19236987301503,0.249840102720781,50,0.928652400866641,1,6.93889390390723e-18,0.0713475991333587,7010.64732497932,8072.03267502068,24106,24106,1.12136610144505,1.26337364458501
30,0.5,0.6,0.3,3,1.5,50,1,0.8,0,0.2,15915.16,24106,4706.34960738562,0,50,0.571550026105229,0.202688610004949,40,0.669628940677746,0.887562499842239,6.93889390390723e-18,0.0713475991333587,14577.6302407174,17252.6897592826,24106,24106,0.50672706381196,0.636372988398498
30,0.5,0.6,0.3,5,0.5,50,1,1,0,0,4933.5,58661.06,1600.69883016699,3018.92169159785,50,2.53724537318602,0.380037964742829,50,0.928652400866641,1,6.93889390390723e-18,0.0713475991333587,4478.58642587085,5388.41357412915,57803.09194826,59519.02805174,2.42923977863711,2.64525096773493
30,0.5,0.6,0.3,5,1,50,1,1,0,0,7586.74,37741,1806.38294367049,0,50,1.63168816690323,0.235468581443105,50,0.928652400866641,1,6.93889390390723e-18,0.0713475991333587,7073.37164758773,8100.10835241227,37741,37741,1.56476873648906,1.6986075973174
30,0.5,0.6,0.3,5,1.5,50,1,1,0,0,16089.34,37741,4845.87146228412,0,50,0.896560523654347,0.300358586595133,50,0.928652400866641,1,6.93889390390723e-18,0.0713475991333587,14712.1585682824,17466.5214317176,37741,37741,0.811199557822868,0.981921489485826
30,0.5,0.6,0.3,10,0.5,50,1,1,0,0,5305.94,92508,1701.5353500139,0,50,2.92274302557879,0.397238512179062,50,0.928652400866641,1,6.93889390390723e-18,0.0713475991333587,4822.36900401122,5789.51099598878,92508,92508,2.8098490895357,3.03563696162188
30,0.5,0.6,0.3,10,1,50,1,1,0,0,7728.86,92508,1838.27057156603,0,50,2.51030589546469,0.239611997421425,50,0.928652400866641,1,6.93889390390723e-18,0.0713475991333587,7206.4292840106,8251.2907159894,92508,92508,2.44220891925847,2.57840287167091
30,0.5,0.6,0.3,10,1.5,50,1,1,0,0,16429.58,92508,5405.81691646006,0,50,1.78414101471231,0.344729593899089,50,0.928652400866641,1,6.93889390390723e-18,0.0713475991333587,14893.2638309564,17965.8961690436,92508,92508,1.68616994812987,1.88211208129475
30,0.5,0.6,0.4,0.001,0.5,50,1,0,1,0,1764.68,71,500.384563947305,0,50,NA,NA,0,6.93889390390723e-18,0.0713475991333587,0.928652400866641,1,1622.47228038757,1906.88771961243,71,71,NA,NA
30,0.5,0.6,0.4,0.001,1,50,1,0,1,0,3310.18,71,1089.3120219774,0,50,NA,NA,0,6.93889390390723e-18,0.0713475991333587,0.928652400866641,1,3000.60094870033,3619.75905129967,71,71,NA,NA
30,0.5,0.6,0.4,0.001,1.5,50,1,0,1,0,10203.76,71,4868.85863740368,0,50,NA,NA,0,6.93889390390723e-18,0.0713475991333587,0.928652400866641,1,8820.04568539665,11587.4743146034,71,71,NA,NA
30,0.5,0.6,0.4,0.01,0.5,50,1,0,1,0,2414.84,71,342.923764955753,0,50,NA,NA,0,6.93889390390723e-18,0.0713475991333587,0.928652400866641,1,2317.38214432482,2512.29785567518,71,71,NA,NA
30,0.5,0.6,0.4,0.01,1,50,1,0,1,0,3899.94,71,705.302581180877,0,50,NA,NA,0,6.93889390390723e-18,0.0713475991333587,0.928652400866641,1,3699.49522425537,4100.38477574463,71,71,NA,NA
30,0.5,0.6,0.4,0.01,1.5,50,1,0,1,0,10125.56,71,2858.71182035488,0,50,NA,NA,0,6.93889390390723e-18,0.0713475991333587,0.928652400866641,1,9313.12308988667,10937.9969101133,71,71,NA,NA
30,0.5,0.6,0.4,0.1,0.5,50,1,0,1,0,4757.32,174,1302.4808579423,0,50,NA,NA,0,6.93889390390723e-18,0.0713475991333587,0.928652400866641,1,4387.15903582942,5127.48096417058,174,174,NA,NA
30,0.5,0.6,0.4,0.1,1,50,1,0,1,0,8877.02,174,2030.58783576961,0,50,NA,NA,0,6.93889390390723e-18,0.0713475991333587,0.928652400866641,1,8299.9333222664,9454.1066777336,174,174,NA,NA
30,0.5,0.6,0.4,0.1,1.5,50,1,0,1,0,19220.84,268.08,4730.42533946419,19.3989690447714,50,NA,NA,0,6.93889390390723e-18,0.0713475991333587,0.928652400866641,1,17876.467993367,20565.212006633,262.566873997617,273.593126002383,NA,NA
30,0.5,0.6,0.4,0.5,0.5,50,1,0.02,0.98,0,6686.54,1637,1964.02525244583,0,50,0.447891932746267,NA,1,0.00353925927164624,0.104954435896378,0.895045564103622,0.996460740728354,6128.37019914069,7244.70980085931,1637,1637,NA,NA
30,0.5,0.6,0.4,0.5,1,50,1,0,1,0,11620.82,1637,3073.56514185473,0,50,NA,NA,0,6.93889390390723e-18,0.0713475991333587,0.928652400866641,1,10747.3224515236,12494.3175484764,1637,1637,NA,NA
30,0.5,0.6,0.4,0.5,1.5,50,1,0,1,0,24287.84,2100,7591.04494261602,467.700628127674,50,NA,NA,0,6.93889390390723e-18,0.0713475991333587,0.928652400866641,1,22130.4888973818,26445.1911026182,1967.08095217274,2232.91904782726,NA,NA
30,0.5,0.6,0.4,1,0.5,50,1,0.08,0.3,0.62,7106.98,6282,2011.20296512778,0,50,0.784477657131005,0.672158252228479,4,0.031549514088593,0.188382469183428,0.191035535008809,0.437503504644534,6535.402441547,7678.557558453,6282,6282,-0.285076116054234,1.85403143031624
30,0.5,0.6,0.4,1,1,50,1,0.02,0.98,0,11795,4466,3507.99838852266,917.218510453407,50,0.896509953734521,NA,1,0.00353925927164624,0.104954435896378,0.895045564103622,0.996460740728354,10798.0378888978,12791.9621111022,4205.32938352666,4726.67061647334,NA,NA
30,0.5,0.6,0.4,1,1.5,50,1,0,0.98,0.02,25257.26,6282,7342.19565338959,0,50,NA,NA,0,6.93889390390723e-18,0.0713475991333587,0.895045564103622,0.996460740728354,23170.6310828723,27343.8889171277,6282,6282,NA,NA
30,0.5,0.6,0.4,3,0.5,50,1,1,0,0,8132.16,24106,2139.16596717086,0,50,1.12961623256514,0.316854912679195,50,0.928652400866641,1,6.93889390390723e-18,0.0713475991333587,7524.21575874656,8740.10424125344,24106,24106,1.03956706273334,1.21966540239694
30,0.5,0.6,0.4,3,1,50,1,0.96,0,0.04,12231.84,24106,4005.07693299188,0,50,0.765784313474709,0.332852400063404,48,0.86539909312493,0.98896111567238,6.93889390390723e-18,0.0713475991333587,11093.6097296252,13370.0702703748,24106,24106,0.669134051344175,0.862434575605243
30,0.5,0.6,0.4,3,1.5,50,1,0.08,0.68,0.24,35060.42,24106,12031.6600939321,0,50,0.672409157951202,0.448242142065663,4,0.031549514088593,0.188382469183428,0.541897026918559,0.792417837393432,31641.060034911,38479.779965089,24106,24106,-0.04084411649346,1.38566243239586
30,0.5,0.6,0.4,5,0.5,50,1,1,0,0,8255.14,59088,2499.23282114446,0,50,2.03513996291571,0.426772448203272,50,0.928652400866641,1,6.93889390390723e-18,0.0713475991333587,7544.86589107902,8965.41410892098,59088,59088,1.91385257512413,2.15642735070729
30,0.5,0.6,0.4,5,1,50,1,1,0,0,12120.6,37741,3992.5934183287,0,50,1.19240371011239,0.3577945095297,50,0.928652400866641,1,6.93889390390723e-18,0.0713475991333587,10985.917505238,13255.282494762,37741,37741,1.09071963559041,1.29408778463437
30,0.5,0.6,0.4,5,1.5,50,1,0.28,0.28,0.44,40532.32,37741,17560.8742674836,0,50,0.608382589143277,0.377390379745994,14,0.174741706659112,0.416651236959566,0.174741706659112,0.416651236959566,35541.5747534253,45523.0652465747,37741,37741,0.390483871175198,0.826281307111356
30,0.5,0.6,0.4,10,0.5,50,1,1,0,0,8665.14,92508,2776.62208528453,0,50,2.43857989008504,0.435798498938898,50,0.928652400866641,1,6.93889390390723e-18,0.0713475991333587,7876.03273446214,9454.24726553786,92508,92508,2.31472732705685,2.56243245311323
30,0.5,0.6,0.4,10,1,50,1,1,0,0,13025.16,92508,4592.74505244246,0,50,2.02619775388542,0.38676494952194,50,0.928652400866641,1,6.93889390390723e-18,0.0713475991333587,11719.9162980023,14330.4037019977,92508,92508,1.91628037141532,2.13611513635552
30,0.5,0.6,0.4,10,1.5,50,1,0.92,0.02,0.06,47014.92,92508,23144.5773944779,0,50,0.867312083972539,0.437203277228488,46,0.811617530816572,0.968450485911407,0.00353925927164624,0.104954435896378,40437.3038827118,53592.5361172882,92508,92508,0.737478736953651,0.997145430991427
30,0.5,0.7,0.2,0.001,0.5,50,1,0,1,0,804.08,71,183.282077683553,0,50,NA,NA,0,6.93889390390723e-18,0.0713475991333587,0.928652400866641,1,751.99180985361,856.16819014639,71,71,NA,NA
30,0.5,0.7,0.2,0.001,1,50,1,0,1,0,1063.72,71,248.816877175458,0,50,NA,NA,0,6.93889390390723e-18,0.0713475991333587,0.928652400866641,1,993.007025912468,1134.43297408753,71,71,NA,NA
30,0.5,0.7,0.2,0.001,1.5,50,1,0,1,0,2518.94,71,582.131214958081,0,50,NA,NA,0,6.93889390390723e-18,0.0713475991333587,0.928652400866641,1,2353.500139223,2684.379860777,71,71,NA,NA
30,0.5,0.7,0.2,0.01,0.5,50,1,0,1,0,1246.94,71,282.804209332758,0,50,NA,NA,0,6.93889390390723e-18,0.0713475991333587,0.928652400866641,1,1166.56793298667,1327.31206701333,71,71,NA,NA
30,0.5,0.7,0.2,0.01,1,50,1,0,1,0,1864.9,71,525.529014325526,0,50,NA,NA,0,6.93889390390723e-18,0.0713475991333587,0.928652400866641,1,1715.54630665692,2014.25369334308,71,71,NA,NA
30,0.5,0.7,0.2,0.01,1.5,50,1,0,1,0,4121.9,71,818.908239109629,0,50,NA,NA,0,6.93889390390723e-18,0.0713475991333587,0.928652400866641,1,3889.1688535055,4354.6311464945,71,71,NA,NA
30,0.5,0.7,0.2,0.1,0.5,50,1,0,1,0,2261.56,174,478.229351517722,0,50,NA,NA,0,6.93889390390723e-18,0.0713475991333587,0.928652400866641,1,2125.6487220929,2397.4712779071,174,174,NA,NA
30,0.5,0.7,0.2,0.1,1,50,1,0.02,0.98,0,3577.3,174,880.027162150379,0,50,0.449525097902195,NA,1,0.00353925927164624,0.104954435896378,0.895045564103622,0.996460740728354,3327.19904776603,3827.40095223397,174,174,NA,NA
30,0.5,0.7,0.2,0.1,1.5,50,1,0,1,0,7708.48,272,2181.51872056218,0,50,NA,NA,0,6.93889390390723e-18,0.0713475991333587,0.928652400866641,1,7088.49923941116,8328.46076058884,272,272,NA,NA
30,0.5,0.7,0.2,0.5,0.5,50,1,0.02,0.84,0.14,2489.96,1637,540.892722397757,0,50,0.447891932746267,NA,1,0.00353925927164624,0.104954435896378,0.71485783936965,0.916625793219666,2336.23998913403,2643.68001086597,1637,1637,NA,NA
30,0.5,0.7,0.2,0.5,1,50,1,0.04,0.96,0,4263.14,1637,1269.53931882428,0,50,1.79371138994665,1.26908553274843,2,0.0110388843276198,0.13460090687507,0.86539909312493,0.98896111567238,3902.34091766195,4623.93908233805,1637,1637,-9.60856973353529,13.1959925134286
30,0.5,0.7,0.2,0.5,1.5,50,1,0.02,0.98,0,8464.48,2100,2108.57662833273,467.700628127674,50,1.79214971313545,NA,1,0.00353925927164624,0.104954435896378,0.895045564103622,0.996460740728354,7865.22915265605,9063.73084734395,1967.08095217274,2232.91904782726,NA,NA
30,0.5,0.7,0.2,1,0.5,50,1,1,0,0,2584.96,6282,590.097915085077,0,50,0.914454227996823,0.238876038779471,50,0.928652400866641,1,6.93889390390723e-18,0.0713475991333587,2417.25602809823,2752.66397190177,6282,6282,0.846566408922421,0.982342047071225
30,0.5,0.7,0.2,1,1,50,1,0.6,0.14,0.26,4337.52,5510.2,1276.82222309441,1086.23613398538,50,0.627731358183954,0.651365287934907,30,0.461814377475894,0.723916102697434,0.0695083342701629,0.261861937105855,3974.6511391695,4700.3888608305,5201.49510639552,5818.90489360448,0.384507562397853,0.870955153970055
30,0.5,0.7,0.2,1,1.5,50,1,0.06,0.6,0.34,8205.9,6282,2204.96441037501,0,50,1.19515224296783,1.2934153698399,3,0.020614970348974,0.162170916888382,0.461814377475894,0.723916102697434,7579.25604809143,8832.54395190857,6282,6282,-2.01786965420897,4.40817414014463
30,0.5,0.7,0.2,3,0.5,50,1,1,0,0,2777.36,24106,735.808503259773,0,50,2.19648696534053,0.275371117831844,50,0.928652400866641,1,6.93889390390723e-18,0.0713475991333587,2568.24553712655,2986.47446287345,24106,24106,2.11822735955838,2.27474657112268
30,0.5,0.7,0.2,3,1,50,1,1,0,0,4263.14,24106,1269.53931882428,0,50,1.82902109123811,0.613324819743784,50,0.928652400866641,1,6.93889390390723e-18,0.0713475991333587,3902.34091766195,4623.93908233805,24106,24106,1.65471610606944,2.00332607640678
30,0.5,0.7,0.2,3,1.5,50,1,1,0,0,7921.66,24106,2205.65883174185,0,50,1.18338679925099,0.485569069483579,50,0.928652400866641,1,6.93889390390723e-18,0.0713475991333587,7294.81869572258,8548.50130427742,24106,24106,1.04538959657777,1.32138400192421
30,0.5,0.7,0.2,5,0.5,50,1,1,0,0,2835.32,59088,773.516973152562,0,50,3.07512959437588,0.28645915447068,50,0.928652400866641,1,6.93889390390723e-18,0.0713475991333587,2615.48890855747,3055.15109144253,59088,59088,2.99371880344735,3.15654038530441
30,0.5,0.7,0.2,5,1,50,1,1,0,0,4399.34,37741,1355.90488815193,0,50,2.25040344388564,0.624265170115113,50,0.928652400866641,1,6.93889390390723e-18,0.0713475991333587,4013.99609443593,4784.68390556407,37741,37741,2.07298924554342,2.42781764222786
30,0.5,0.7,0.2,5,1.5,50,1,1,0,0,7850.6,37741,2199.98493501335,0,50,1.64063824477401,0.484300862111622,50,0.928652400866641,1,6.93889390390723e-18,0.0713475991333587,7225.37119933123,8475.82880066877,37741,37741,1.50300146264802,1.7782750269
30,0.5,0.7,0.2,10,0.5,50,1,1,0,0,2911.8,143785.52,786.164286720203,7399.73104376098,50,3.93581987993325,0.29043552966441,50,0.928652400866641,1,6.93889390390723e-18,0.0713475991333587,2688.37458181108,3135.22541818893,141682.539705849,145888.500294151,3.85327901567839,4.01836074418811
30,0.5,0.7,0.2,10,1,50,1,1,0,0,4399.34,92508,1355.90488815193,0,50,3.14695153447608,0.624265170115113,50,0.928652400866641,1,6.93889390390723e-18,0.0713475991333587,4013.99609443593,4784.68390556407,92508,92508,2.96953733613386,3.3243657328183
30,0.5,0.7,0.2,10,1.5,50,1,1,0,0,7708.48,92508,2181.51872056218,0,50,2.55511669739344,0.48124343533417,50,0.928652400866641,1,6.93889390390723e-18,0.0713475991333587,7088.49923941116,8328.46076058884,92508,92508,2.41834882634351,2.69188456844337
30,0.5,0.7,0.3,0.001,0.5,50,1,0,1,0,970.52,71,245.657903830277,0,50,NA,NA,0,6.93889390390723e-18,0.0713475991333587,0.928652400866641,1,900.704796203763,1040.33520379624,71,71,NA,NA
30,0.5,0.7,0.3,0.001,1,50,1,0,0.98,0.02,1322.96,71,377.276002471422,0,50,NA,NA,0,6.93889390390723e-18,0.0713475991333587,0.895045564103622,0.996460740728354,1215.73934644362,1430.18065355638,71,71,NA,NA
30,0.5,0.7,0.3,0.001,1.5,50,1,0,1,0,3500.82,71,730.794806064896,0,50,NA,NA,0,6.93889390390723e-18,0.0713475991333587,0.928652400866641,1,3293.13041410374,3708.50958589626,71,71,NA,NA
30,0.5,0.7,0.3,0.01,0.5,50,1,0,1,0,1500.1,71,304.226167882531,0,50,NA,NA,0,6.93889390390723e-18,0.0713475991333587,0.928652400866641,1,1413.63987972827,1586.56012027173,71,71,NA,NA
30,0.5,0.7,0.3,0.01,1,50,1,0,0.98,0.02,2308.58,71,539.877086918487,0,50,NA,NA,0,6.93889390390723e-18,0.0713475991333587,0.895045564103622,0.996460740728354,2155.14862954357,2462.01137045643,71,71,NA,NA
30,0.5,0.7,0.3,0.01,1.5,50,1,0,1,0,4783.8,71,1086.23613398538,0,50,NA,NA,0,6.93889390390723e-18,0.0713475991333587,0.928652400866641,1,4475.09510639552,5092.50489360448,71,71,NA,NA
30,0.5,0.7,0.3,0.1,0.5,50,1,0.02,0.98,0,2613.76,174,668.702446258912,0,50,0.449525097902195,NA,1,0.00353925927164624,0.104954435896378,0.895045564103622,0.996460740728354,2423.71686751092,2803.80313248909,174,174,NA,NA
30,0.5,0.7,0.3,0.1,1,50,1,0.02,0.98,0,4093.3,174,1031.62080222911,0,50,0.896375422173214,NA,1,0.00353925927164624,0.104954435896378,0.895045564103622,0.996460740728354,3800.1166119425,4386.4833880575,174,174,NA,NA
30,0.5,0.7,0.3,0.1,1.5,50,1,0,1,0,9159.36,270.04,2079.13073240934,13.8592929112563,50,NA,NA,0,6.93889390390723e-18,0.0713475991333587,0.928652400866641,1,8568.47758368473,9750.24241631527,266.101232535227,273.978767464773,NA,NA
30,0.5,0.7,0.3,0.5,0.5,50,1,0.02,0.92,0.06,3153.92,1637,920.468311152934,0,50,2.6910903760588,NA,1,0.00353925927164624,0.104954435896378,0.811617530816572,0.968450485911407,2892.32580038687,3415.51419961313,1637,1637,NA,NA
30,0.5,0.7,0.3,0.5,1,50,1,0.04,0.96,0,5046.7,1637,1478.82339122999,0,50,2.01713655208215,1.58505642721587,2,0.0110388843276198,0.13460090687507,0.86539909312493,0.98896111567238,4626.4230423789,5466.97695762109,1637,1637,-12.2240304247065,16.2583035288708
30,0.5,0.7,0.3,0.5,1.5,50,1,0,1,0,10667.24,2100,3161.66061094095,467.700628127674,50,NA,NA,0,6.93889390390723e-18,0.0713475991333587,0.928652400866641,1,9768.70599622587,11565.7740037741,1967.08095217274,2232.91904782726,NA,NA
30,0.5,0.7,0.3,1,0.5,50,1,1,0,0,3240.86,6282,929.112479955018,0,50,0.744216644907544,0.548110852219289,50,0.928652400866641,1,6.93889390390723e-18,0.0713475991333587,2976.80915479494,3504.91084520506,6282,6282,0.588445264243737,0.899988025571351
30,0.5,0.7,0.3,1,1,50,1,0.32,0.16,0.52,5137.5,5646.4,1482.25906257018,1029.57522447713,50,0.812593671490871,1.07603813798871,16,0.207582162606568,0.458102973081441,0.0833742067803341,0.28514216063035,4716.24663538751,5558.75336461249,5353.79795870729,5939.00204129271,0.239213421435615,1.38597392154613
30,0.5,0.7,0.3,1,1.5,50,1,0.02,0.82,0.16,10262.46,6282,2979.93335913707,0,50,0.448398531016766,NA,1,0.00353925927164624,0.104954435896378,0.692039463256992,0.902298073297658,9415.57230974642,11109.3476902536,6282,6282,NA,NA
30,0.5,0.7,0.3,3,0.5,50,1,1,0,0,3559.64,24106,888.762100810298,0,50,1.99040450295933,0.552219467057612,50,0.928652400866641,1,6.93889390390723e-18,0.0713475991333587,3307.05660566593,3812.22339433407,24106,24106,1.83346546687803,2.14734353904063
30,0.5,0.7,0.3,3,1,50,1,1,0,0,5017.72,24106,1513.30953764744,0,50,1.68550833934381,0.704778377471982,50,0.928652400866641,1,6.93889390390723e-18,0.0713475991333587,4587.6421880089,5447.7978119911,24106,24106,1.48521254064489,1.88580413804273
30,0.5,0.7,0.3,3,1.5,50,1,1,0,0,10120.34,24106,3081.98489322073,0,50,0.914453235423518,0.313190401610869,50,0.928652400866641,1,6.93889390390723e-18,0.0713475991333587,9244.44958466133,10996.2304153387,24106,24106,0.825445508114264,1.00346096273277
30,0.5,0.7,0.3,5,0.5,50,1,1,0,0,3605.04,59088,966.88603806873,0,50,2.87800361828306,0.559086156363949,50,0.928652400866641,1,6.93889390390723e-18,0.0713475991333587,3330.25402835814,3879.82597164186,59088,59088,2.71911309069323,3.03689414587289
30,0.5,0.7,0.3,5,1,50,1,1,0,0,5088.78,37741,1651.03856356154,0,50,2.12482942283785,0.712015089880593,50,0.928652400866641,1,6.93889390390723e-18,0.0713475991333587,4619.56003193362,5557.99996806638,37741,37741,1.92247697322828,2.32718187244742
30,0.5,0.7,0.3,5,1.5,50,1,1,0,0,10227.5,37741,2587.84680215591,0,50,1.33583981459002,0.247839078825265,50,0.928652400866641,1,6.93889390390723e-18,0.0713475991333587,9492.04207632261,10962.9579236774,37741,37741,1.26540472771892,1.40627490146112
30,0.5,0.7,0.3,10,0.5,50,1,1,0,0,3650.44,144832,1037.12713801547,0,50,3.76558223956358,0.565724481573503,50,0.928652400866641,1,6.93889390390723e-18,0.0713475991333587,3355.69172862672,3945.18827137328,144832,144832,3.60480512082344,3.92635935830372
30,0.5,0.7,0.3,10,1,50,1,1,0,0,5179.58,92508,1651.75784025902,0,50,3.00344157218762,0.714545148209002,50,0.928652400866641,1,6.93889390390723e-18,0.0713475991333587,4710.15561575797,5649.00438424203,92508,92508,2.80037008795689,3.20651305641835
30,0.5,0.7,0.3,10,1.5,50,1,1,0,0,10783.7,92508,3015.3723515293,0,50,2.18756538183978,0.281167487994401,50,0.928652400866641,1,6.93889390390723e-18,0.0713475991333587,9926.74065954661,11640.6593404534,92508,92508,2.10765846588414,2.26747229779542
30,0.5,0.7,0.4,0.001,0.5,50,1,0,1,0,1231.82,71,302.947809204887,0,50,NA,NA,0,6.93889390390723e-18,0.0713475991333587,0.928652400866641,1,1145.72318524465,1317.91681475535,71,71,NA,NA
30,0.5,0.7,0.4,0.001,1,50,1,0,1,0,2079.26,71,586.778121331623,0,50,NA,NA,0,6.93889390390723e-18,0.0713475991333587,0.928652400866641,1,1912.49950304386,2246.02049695614,71,71,NA,NA
30,0.5,0.7,0.4,0.001,1.5,50,1,0,1,0,5444.88,71,2101.71128175036,0,50,NA,NA,0,6.93889390390723e-18,0.0713475991333587,0.928652400866641,1,4847.58026256665,6042.17973743335,71,71,NA,NA
30,0.5,0.7,0.4,0.01,0.5,50,1,0,1,0,1805.26,71,430.104581966493,0,50,NA,NA,0,6.93889390390723e-18,0.0713475991333587,0.928652400866641,1,1683.02563027082,1927.49436972918,71,71,NA,NA
30,0.5,0.7,0.4,0.01,1,50,1,0,1,0,2612.04,71,446.519006154433,0,50,NA,NA,0,6.93889390390723e-18,0.0713475991333587,0.928652400866641,1,2485.14070253183,2738.93929746817,71,71,NA,NA
30,0.5,0.7,0.4,0.01,1.5,50,1,0,1,0,6319.5,71,1422.26488319131,0,50,NA,NA,0,6.93889390390723e-18,0.0713475991333587,0.928652400866641,1,5915.29679251503,6723.70320748497,71,71,NA,NA
30,0.5,0.7,0.4,0.1,0.5,50,1,0,1,0,3614.64,174,829.735801570695,0,50,NA,NA,0,6.93889390390723e-18,0.0713475991333587,0.928652400866641,1,3378.83169430138,3850.44830569862,174,174,NA,NA
30,0.5,0.7,0.4,0.1,1,50,1,0,1,0,5670.32,174,1190.87752655985,0,50,NA,NA,0,6.93889390390723e-18,0.0713475991333587,0.928652400866641,1,5331.87635167116,6008.76364832884,174,174,NA,NA
30,0.5,0.7,0.4,0.1,1.5,50,1,0,1,0,11593.26,268.08,3182.62556742841,19.3989690447714,50,NA,NA,0,6.93889390390723e-18,0.0713475991333587,0.928652400866641,1,10688.7678215165,12497.7521784835,262.566873997617,273.593126002383,NA,NA
30,0.5,0.7,0.4,0.5,0.5,50,1,0,0.98,0.02,4405.94,1637,1095.09379730595,0,50,NA,NA,0,6.93889390390723e-18,0.0713475991333587,0.895045564103622,0.996460740728354,4094.71778633277,4717.16221366723,1637,1637,NA,NA
30,0.5,0.7,0.4,0.5,1,50,1,0.02,0.98,0,6718.46,1637,1725.63038123842,0,50,0.896332403834489,NA,1,0.00353925927164624,0.104954435896378,0.895045564103622,0.996460740728354,6228.04127190414,7208.87872809586,1637,1637,NA,NA
30,0.5,0.7,0.4,0.5,1.5,50,1,0,1,0,14179.88,2044.44,3696.81614056513,464.320972727149,50,NA,NA,0,6.93889390390723e-18,0.0713475991333587,0.928652400866641,1,13129.2564775055,15230.5035224945,1912.48143961023,2176.39856038977,NA,NA
30,0.5,0.7,0.4,1,0.5,50,1,0.56,0,0.44,4905.34,6282,1303.84681412115,0,50,0.512421653057701,0.200961929575271,28,0.423060280216569,0.688378007887428,6.93889390390723e-18,0.0713475991333587,4534.79083537864,5275.88916462136,6282,6282,0.434496751720813,0.590346554394589
30,0.5,0.7,0.4,1,1,50,1,0.02,0.46,0.52,6880.32,5555.6,1689.43744338228,1069.6514023031,50,2.24115550656195,NA,1,0.00353925927164624,0.104954435896378,0.329696521922244,0.596011286008425,6400.18719103401,7360.45280896599,5251.60843498886,5859.59156501114,NA,NA
30,0.5,0.7,0.4,1,1.5,50,1,0,1,0,14647.6,6282,3718.32933189197,0,50,NA,NA,0,6.93889390390723e-18,0.0713475991333587,0.928652400866641,1,13590.8624961788,15704.3375038212,6282,6282,NA,NA
30,0.5,0.7,0.4,3,0.5,50,1,1,0,0,5190.3,24106,1240.05744188875,0,50,1.56896418675162,0.275488360576344,50,0.928652400866641,1,6.93889390390723e-18,0.0713475991333587,4837.87957438114,5542.72042561886,24106,24106,1.49067126095015,1.64725711255309
30,0.5,0.7,0.4,3,1,50,1,1,0,0,6905.98,24106,1784.65250136049,0,50,1.29994646064187,0.386867827377717,50,0.928652400866641,1,6.93889390390723e-18,0.0713475991333587,6398.78737096076,7413.17262903924,24106,24106,1.18999984060866,1.40989308067508
30,0.5,0.7,0.4,3,1.5,50,1,0.72,0,0.28,17279.32,24106,4605.62283868804,0,50,0.510541591558198,0.157208809374651,36,0.583348763040434,0.825258293340888,6.93889390390723e-18,0.0713475991333587,15970.4164716455,18588.2235283545,24106,24106,0.457349783174485,0.563733399941911
30,0.5,0.7,0.4,5,0.5,50,1,1,0,0,5417.3,59088,1210.41416844966,0,50,2.420691419594,0.271737943153195,50,0.928652400866641,1,6.93889390390723e-18,0.0713475991333587,5073.30409947913,5761.29590052087,59088,59088,2.34346435063098,2.49791848855702
30,0.5,0.7,0.4,5,1,50,1,1,0,0,7119.16,37741,1907.88577675469,0,50,1.72133718210692,0.398459978651056,50,0.928652400866641,1,6.93889390390723e-18,0.0713475991333587,6576.94486160129,7661.37513839871,37741,37741,1.60809610913339,1.83457825508045
30,0.5,0.7,0.4,5,1.5,50,1,0.96,0,0.04,18918.1,37741,5994.55964323707,0,50,0.765819731064568,0.260867217165752,48,0.86539909312493,0.98896111567238,6.93889390390723e-18,0.0713475991333587,17214.4649993104,20621.7350006896,37741,37741,0.690071787184548,0.841567674944588
30,0.5,0.7,0.4,10,0.5,50,1,1,0,0,5462.7,144832,1199.14766073445,0,50,3.30827004087453,0.270071563583554,50,0.928652400866641,1,6.93889390390723e-18,0.0713475991333587,5121.90600554421,5803.49399445579,144832,144832,3.23151655174527,3.38502353000379
30,0.5,0.7,0.4,10,1,50,1,1,0,0,7190.22,92508,1941.93177847341,0,50,2.60892009168287,0.401841811867617,50,0.928652400866641,1,6.93889390390723e-18,0.0713475991333587,6638.32909497063,7742.11090502937,92508,92508,2.49471791234339,2.72312227102235
30,0.5,0.7,0.4,10,1.5,50,1,1,0,0,19566.62,92508,7123.16228470795,0,50,1.61380300110821,0.350757207426917,50,0.928652400866641,1,6.93889390390723e-18,0.0713475991333587,17542.2396775002,21591.0003224998,92508,92508,1.51411890571502,1.7134870965014
30,1,0.5,0.2,0.001,0.5,50,1,0,1,0,1302.74,71,320.186795607865,0,50,NA,NA,0,6.93889390390723e-18,0.0713475991333587,0.928652400866641,1,1211.74391951699,1393.73608048301,71,71,NA,NA
30,1,0.5,0.2,0.001,1,50,1,0,1,0,2031.26,71,566.346321176543,0,50,NA,NA,0,6.93889390390723e-18,0.0713475991333587,0.928652400866641,1,1870.30615640005,2192.21384359995,71,71,NA,NA
30,1,0.5,0.2,0.001,1.5,50,1,0,1,0,5441.74,71,1476.58414150321,0,50,NA,NA,0,6.93889390390723e-18,0.0713475991333587,0.928652400866641,1,5022.09943010993,5861.38056989007,71,71,NA,NA
30,1,0.5,0.2,0.01,0.5,50,1,0,1,0,2236.34,71,466.982655361164,0,50,NA,NA,0,6.93889390390723e-18,0.0713475991333587,0.928652400866641,1,2103.62499777531,2369.05500222469,71,71,NA,NA
30,1,0.5,0.2,0.01,1,50,1,0,1,0,3749.08,71,731.696207731162,0,50,NA,NA,0,6.93889390390723e-18,0.0713475991333587,0.928652400866641,1,3541.13423858465,3957.02576141535,71,71,NA,NA
30,1,0.5,0.2,0.01,1.5,50,1,0,1,0,10289.26,71,2085.75774719884,0,50,NA,NA,0,6.93889390390723e-18,0.0713475991333587,0.928652400866641,1,9696.49420692023,10882.0257930798,71,71,NA,NA
30,1,0.5,0.2,0.1,0.5,50,1,0,1,0,5240.3,174,1316.26258545837,0,50,NA,NA,0,6.93889390390723e-18,0.0713475991333587,0.928652400866641,1,4866.22231220605,5614.37768779395,174,174,NA,NA
30,1,0.5,0.2,0.1,1,50,1,0,1,0,10628.96,174,2900.22124391803,0,50,NA,NA,0,6.93889390390723e-18,0.0713475991333587,0.928652400866641,1,9804.72624223658,11453.1937577634,174,174,NA,NA
30,1,0.5,0.2,0.1,1.5,50,1,0,1,0,31812.06,258.28,8561.80929145618,34.3499636098788,50,NA,NA,0,6.93889390390723e-18,0.0713475991333587,0.928652400866641,1,29378.820722014,34245.299277986,248.51784835568,268.04215164432,NA,NA
30,1,0.5,0.2,0.5,0.5,50,1,0.02,0.98,0,8085.46,1637,2601.46016463125,0,50,0.447891932746267,NA,1,0.00353925927164624,0.104954435896378,0.895045564103622,0.996460740728354,7346.1332015144,8824.78679848561,1637,1637,NA,NA
30,1,0.5,0.2,0.5,1,50,1,0,1,0,17900.16,1637,6975.64611113229,0,50,NA,NA,0,6.93889390390723e-18,0.0713475991333587,0.928652400866641,1,15917.7033101652,19882.6166898348,1637,1637,NA,NA
30,1,0.5,0.2,0.5,1.5,50,1,0,1,0,41884.26,1637,15534.8923812934,0,50,NA,NA,0,6.93889390390723e-18,0.0713475991333587,0.928652400866641,1,37469.2924347718,46299.2275652282,1637,1637,NA,NA
30,1,0.5,0.2,1,0.5,50,1,0.02,0.94,0.04,9574.74,4012,3415.39945857474,0,50,1.34431650445696,NA,1,0.00353925927164624,0.104954435896378,0.837829083111618,0.979385029651026,8604.09421361124,10545.3857863888,4012,4012,NA,NA
30,1,0.5,0.2,1,1,50,1,0.02,0.98,0,19056.48,4012,7074.19475835827,0,50,0.448111422717755,NA,1,0.00353925927164624,0.104954435896378,0.895045564103622,0.996460740728354,17046.0160945102,21066.9439054898,4012,4012,NA,NA
30,1,0.5,0.2,1,1.5,50,1,0,0.98,0.02,41611.56,4420.6,15727.5871265384,880.95961129594,50,NA,NA,0,6.93889390390723e-18,0.0713475991333587,0.895045564103622,0.996460740728354,37141.8291941027,46081.2908058973,4170.23404865095,4670.96595134905,NA,NA
30,1,0.5,0.2,3,0.5,50,1,0.74,0.1,0.16,12413.54,18532.24,5087.42212981573,4222.7608850425,50,0.678440376570659,0.344362285531351,37,0.604468427351512,0.841284725064476,0.0434757649318904,0.213602314374797,10967.710628127,13859.369371873,17332.1446349606,19732.3353650394,0.563624274187683,0.793256478953635
30,1,0.5,0.2,3,1,50,1,0.16,0.6,0.24,23096.86,15397,11778.3898574067,0,50,0.672353740304716,0.479206360421049,8,0.0833742067803341,0.28514216063035,0.461814377475894,0.723916102697434,19749.4786397222,26444.2413602778,15397,15397,0.271727197214691,1.07298028339474
30,1,0.5,0.2,3,1.5,50,1,0.04,0.8,0.16,36689.6,19925.68,12887.0174744878,4395.18887913424,50,0.896530228984034,0.633910116536429,2,0.0110388843276198,0.13460090687507,0.669628940677746,0.887562499842239,33027.150157032,40352.049842968,18676.5811412402,21174.7788587598,-4.79892619948379,6.59198665745186
30,1,0.5,0.2,5,0.5,50,1,0.94,0,0.06,15705.42,37741,7948.82021303688,0,50,1.058696588678,0.442635663872773,47,0.837829083111618,0.979385029651026,6.93889390390723e-18,0.0713475991333587,13446.390290554,17964.449709446,37741,37741,0.928733889028259,1.18865928832774
30,1,0.5,0.2,5,1,50,1,0.72,0.08,0.2,25501.14,37468.3,13770.1164801885,1928.28019229572,50,0.79693915309334,0.492339714999315,36,0.583348763040434,0.825258293340888,0.031549514088593,0.188382469183428,21587.7161965205,29414.5638034795,36920.2888328349,38016.3111671651,0.630355359957903,0.963522946228777
30,1,0.5,0.2,5,1.5,50,1,0.3,0.22,0.48,38880.28,37468.3,16979.5245721283,1928.28019229572,50,0.567823628373069,0.358073936740157,15,0.191035535008809,0.437503504644534,0.127539159702144,0.352415495812537,34054.7525087887,43705.8074912113,36920.2888328349,38016.3111671651,0.369528891690904,0.766118365055234
30,1,0.5,0.2,10,0.5,50,1,1,0,0,19642.32,87829.2,11177.7336855236,11714.0386106342,50,1.64069080719678,0.584193000787158,50,0.928652400866641,1,6.93889390390723e-18,0.0713475991333587,16465.6432350055,22818.9967649945,84500.1070617022,91158.2929382978,1.47466499337046,1.8067166210231
30,1,0.5,0.2,10,1,50,1,0.84,0.02,0.14,29589.16,63098.4,18221.7252743498,10970.4733512743,50,1.13136872368359,0.620173245770338,42,0.71485783936965,0.916625793219666,0.00353925927164624,0.104954435896378,24410.6029753227,34767.7170246773,59980.6259702681,66216.1740297319,0.938109135483664,1.32462831188352
30,1,0.5,0.2,10,1.5,50,1,0.82,0.02,0.16,38880.28,75798,16979.5245721283,16879.6490194674,50,0.90748798014166,0.430992014233743,41,0.692039463256992,0.902298073297658,0.00353925927164624,0.104954435896378,34054.7525087887,43705.8074912113,71000.8568267958,80595.1431732042,0.771450114704962,1.04352584557836
30,1,0.5,0.3,0.001,0.5,50,1,0,1,0,1954.44,71,568.381381016052,0,50,NA,NA,0,6.93889390390723e-18,0.0713475991333587,0.928652400866641,1,1792.90779879292,2115.97220120708,71,71,NA,NA
30,1,0.5,0.3,0.001,1,50,1,0,1,0,3763.06,71,1300.14957396981,0,50,NA,NA,0,6.93889390390723e-18,0.0713475991333587,0.928652400866641,1,3393.56157940367,4132.55842059633,71,71,NA,NA
30,1,0.5,0.3,0.001,1.5,50,1,0,1,0,10802.42,71,4191.74970086405,0,50,NA,NA,0,6.93889390390723e-18,0.0713475991333587,0.928652400866641,1,9611.13791598927,11993.7020840107,71,71,NA,NA
30,1,0.5,0.3,0.01,0.5,50,1,0,1,0,2707.02,71,726.351252803339,0,50,NA,NA,0,6.93889390390723e-18,0.0713475991333587,0.928652400866641,1,2500.59325796791,2913.44674203209,71,71,NA,NA
30,1,0.5,0.3,0.01,1,50,1,0,1,0,5464.8,71,1100.66221254409,0,50,NA,NA,0,6.93889390390723e-18,0.0713475991333587,0.928652400866641,1,5151.995260232,5777.604739768,71,71,NA,NA
30,1,0.5,0.3,0.01,1.5,50,1,0,1,0,16011.76,71,4051.7767912009,0,50,NA,NA,0,6.93889390390723e-18,0.0713475991333587,0.928652400866641,1,14860.2577767701,17163.2622232299,71,71,NA,NA
30,1,0.5,0.3,0.1,0.5,50,1,0,1,0,7071.54,174,2291.56647438616,0,50,NA,NA,0,6.93889390390723e-18,0.0713475991333587,0.928652400866641,1,6420.28401382002,7722.79598617998,174,174,NA,NA
30,1,0.5,0.3,0.1,1,50,1,0,1,0,17051.62,174,4967.77906230105,0,50,NA,NA,0,6.93889390390723e-18,0.0713475991333587,0.928652400866641,1,15639.7928116965,18463.4471883035,174,174,NA,NA
30,1,0.5,0.3,0.1,1.5,50,1,0,1,0,50857.68,246.52,11385.3493640032,43.4225747739583,50,NA,NA,0,6.93889390390723e-18,0.0713475991333587,0.928652400866641,1,47621.99951203,54093.36048797,234.179440791713,258.860559208287,NA,NA
30,1,0.5,0.3,0.5,0.5,50,1,0.02,0.98,0,13513.86,1637,5453.58879783931,0,50,1.34383656414251,NA,1,0.00353925927164624,0.104954435896378,0.895045564103622,0.996460740728354,11963.9672124873,15063.7527875127,1637,1637,NA,NA
30,1,0.5,0.3,0.5,1,50,1,0,1,0,38785.92,1637,13331.6666193921,0,50,NA,NA,0,6.93889390390723e-18,0.0713475991333587,0.928652400866641,1,34997.1022682514,42574.7377317486,1637,1637,NA,NA
30,1,0.5,0.3,0.5,1.5,50,1,0,1,0,104875.68,1655.52,46132.1805991684,130.956175875749,50,NA,NA,0,6.93889390390723e-18,0.0713475991333587,0.928652400866641,1,91765.0593365552,117986.300663445,1618.30266660837,1692.73733339163,NA,NA
30,1,0.5,0.3,1,0.5,50,1,0.04,0.94,0.02,18763.82,4012,8960.1113164778,0,50,1.34418627928548,1.2672412150596,2,0.0110388843276198,0.13460090687507,0.837829083111618,0.979385029651026,16217.3845389653,21310.2554610347,4012,4012,-10.0415243072024,12.7298968657733
30,1,0.5,0.3,1,1,50,1,0,0.98,0.02,49287.64,4012,22875.664275186,0,50,NA,NA,0,6.93889390390723e-18,0.0713475991333587,0.895045564103622,0.996460740728354,42786.4481456161,55788.8318543839,4012,4012,NA,NA
30,1,0.5,0.3,1,1.5,50,1,0,1,0,120651.64,4420.6,67594.6784361621,880.95961129594,50,NA,NA,0,6.93889390390723e-18,0.0713475991333587,0.928652400866641,1,101441.444940198,139861.835059802,4170.23404865095,4670.96595134905,NA,NA
30,1,0.5,0.3,3,0.5,50,1,0.2,0.58,0.22,29615.34,18706.42,17438.9388434068,4270.14768702203,50,1.12058099834935,1.06157543510848,10,0.112437500157761,0.330371059322254,0.442334417685782,0.70624996645288,24659.2484175214,34571.4315824786,17492.857454846,19919.982545154,0.361175679635686,1.87998631706301
30,1,0.5,0.3,3,1,50,1,0.02,0.94,0.04,77679.64,15397,50056.8651556876,0,50,1.34488281514809,NA,1,0.00353925927164624,0.104954435896378,0.837829083111618,0.979385029651026,63453.6363267798,91905.6436732202,15397,15397,NA,NA
30,1,0.5,0.3,3,1.5,50,1,0,1,0,124150.72,19403.14,85684.3594319695,4384.61079188638,50,NA,NA,0,6.93889390390723e-18,0.0713475991333587,0.928652400866641,1,99799.4944842684,148501.945515732,18157.0474003732,20649.2325996268,NA,NA
30,1,0.5,0.3,5,0.5,50,1,0.34,0.28,0.38,39890.56,37741,23736.6755741543,0,50,1.133821445121,1.09918469491747,17,0.224369492225001,0.478461739497674,0.174741706659112,0.416651236959566,33144.671441903,46636.4485580969,37741,37741,0.568672823872818,1.69897006636918
30,1,0.5,0.3,5,1,50,1,0.08,0.78,0.14,103474.14,36922.9,81363.5973834987,3271.00837756837,50,1.00865101175474,0.848604637638666,4,0.031549514088593,0.188382469183428,0.647584504187463,0.872460840297856,80350.8614717891,126597.418528211,35993.2897047949,37852.5102952051,-0.341668335095156,2.35897035860464
30,1,0.5,0.3,5,1.5,50,0.94,0.02,0.88,0.04,125168.063829787,37450.8936170213,85383.1955303507,1988.86915907379,47,0.448286264508531,NA,1,0.00353925927164624,0.104954435896378,0.76195182616797,0.943823998490677,100098.618456231,150237.509203343,36866.939755505,38034.8474785376,NA,NA
30,1,0.5,0.3,10,0.5,50,1,0.72,0.18,0.1,64015.58,86492.4,50280.8563810506,12969.8987707094,50,1.08329982258227,1.04638597013619,36,0.583348763040434,0.825258293340888,0.0977019267023418,0.307960536743008,49725.918724873,78305.241275127,82806.3955532665,90178.4044467335,0.729253746918369,1.43734589824617
30,1,0.5,0.3,10,1,50,0.96,0.16,0.5,0.3,116587.0625,61176.75,91610.4100043561,8175.30157554226,48,0.896568850214252,0.794736175306633,8,0.0833742067803341,0.28514216063035,0.366445143168286,0.633554856831714,89986.1723182856,143187.952681714,58802.8898742451,63550.6101257549,0.232152780481929,1.56098491994658
30,1,0.5,0.3,10,1.5,50,0.92,0.12,0.6,0.2,145343.065217391,74344.9565217391,98105.1412591845,16830.6513862939,46,0.597699634239129,0.231494375903943,6,0.0561760015093228,0.23804817383203,0.461814377475894,0.723916102697434,116209.434449148,174476.695985634,69346.8700118601,79343.0430316182,0.354761185730053,0.840638082748205
30,1,0.5,0.4,0.001,0.5,50,1,0,1,0,6691.98,71,2880.51495885081,0,50,NA,NA,0,6.93889390390723e-18,0.0713475991333587,0.928652400866641,1,5873.34670648619,7510.61329351381,71,71,NA,NA
30,1,0.5,0.4,0.001,1,50,0.98,0,0.98,0,17982.2244897959,71,15310.7944495941,0,49,NA,NA,0,6.93889390390723e-18,0.0713475991333587,0.895045564103622,0.996460740728354,13584.4508487682,22379.9981308236,71,71,NA,NA
30,1,0.5,0.4,0.001,1.5,50,0.9,0,0.88,0.02,87818.0222222222,71,74167.2234289419,0,45,NA,NA,0,6.93889390390723e-18,0.0713475991333587,0.76195182616797,0.943823998490677,65535.7215215749,110100.322922869,71,71,NA,NA
30,1,0.5,0.4,0.01,0.5,50,1,0,1,0,6392.52,71,2119.46971843123,0,50,NA,NA,0,6.93889390390723e-18,0.0713475991333587,0.928652400866641,1,5790.17337070342,6994.86662929658,71,71,NA,NA
30,1,0.5,0.4,0.01,1,50,1,0,1,0,14801.48,71,8128.852079614,0,50,NA,NA,0,6.93889390390723e-18,0.0713475991333587,0.928652400866641,1,12491.2858001838,17111.6741998162,71,71,NA,NA
30,1,0.5,0.4,0.01,1.5,50,0.94,0,0.92,0.02,52379.3617021277,71,49233.6352619371,0,47,NA,NA,0,6.93889390390723e-18,0.0713475991333587,0.811617530816572,0.968450485911407,37923.8248476659,66834.8985565895,71,71,NA,NA
30,1,0.5,0.4,0.1,0.5,50,1,0,1,0,17123.22,174,5422.64239861576,0,50,NA,NA,0,6.93889390390723e-18,0.0713475991333587,0.928652400866641,1,15582.1220818356,18664.3179181644,174,174,NA,NA
30,1,0.5,0.4,0.1,1,50,1,0,1,0,40250.54,174,12685.580445256,0,50,NA,NA,0,6.93889390390723e-18,0.0713475991333587,0.928652400866641,1,36645.3379273201,43855.7420726799,174,174,NA,NA
30,1,0.5,0.4,0.1,1.5,50,1,0.02,0.98,0,130155.3,244.56,50448.9844683494,44.4486220258851,50,1.34312218925468,NA,1,0.00353925927164624,0.104954435896378,0.895045564103622,0.996460740728354,115817.857251142,144492.742748858,231.927841389125,257.192158610875,NA,NA
30,1,0.5,0.4,0.5,0.5,50,1,0.02,0.98,0,46738.94,1637,21541.2837625612,0,50,1.34383656414251,NA,1,0.00353925927164624,0.104954435896378,0.895045564103622,0.996460740728354,40616.9748913389,52860.9051086611,1637,1637,NA,NA
30,1,0.5,0.4,0.5,1,50,1,0,1,0,132592.08,1637,53447.746098157,0,50,NA,NA,0,6.93889390390723e-18,0.0713475991333587,0.928652400866641,1,117402.39862557,147781.76137443,1637,1637,NA,NA
30,1,0.5,0.4,0.5,1.5,50,0.44,0.02,0.42,0,284238.590909091,1637,114405.006395474,0,22,3.13794070032982,NA,1,0.00353925927164624,0.104954435896378,0.29375003354712,0.557665582314218,233514.252729069,334962.929089113,1637,1637,NA,NA
30,1,0.5,0.4,1,0.5,50,1,0.02,0.98,0,76238.9,4012,39007.009969821,0,50,2.2402611358532,NA,1,0.00353925927164624,0.104954435896378,0.895045564103622,0.996460740728354,65153.2304242863,87324.5695757137,4012,4012,NA,NA
30,1,0.5,0.4,1,1,50,1,0,1,0,247160.28,4012,103428.517989142,0,50,NA,NA,0,6.93889390390723e-18,0.0713475991333587,0.928652400866641,1,217766.220418902,276554.339581098,4012,4012,NA,NA
30,1,0.5,0.4,1,1.5,50,0.14,0.02,0.12,0,177034,4012,119269.143760376,0,7,4.03436527204051,NA,1,0.00353925927164624,0.104954435896378,0.0561760015093228,0.23804817383203,66728.4394876831,287339.560512317,4012,4012,NA,NA
30,1,0.5,0.4,3,0.5,50,1,0.04,0.96,0,178753.54,19577.32,100789.4478995,4395.18887913424,50,2.4649581610255,1.58418193656139,2,0.0110388843276198,0.13460090687507,0.86539909312493,0.98896111567238,150109.495839811,207397.584160189,18328.2211412402,20826.4188587598,-11.7683518289605,16.6982681510115
30,1,0.5,0.4,3,1,50,0.24,0.02,0.22,0,200976,15397,134840.010498638,0,12,0.448225233406759,NA,1,0.00353925927164624,0.104954435896378,0.127539159702144,0.352415495812537,115302.74468982,286649.25531018,15397,15397,NA,NA
30,1,0.5,0.4,3,1.5,50,0.08,0.02,0.06,0,168582,21928.75,155261.372326367,4354.5,4,5.82753617410697,NA,1,0.00353925927164624,0.104954435896378,0.020614970348974,0.162170916888382,-78473.4903566624,415637.490356662,14999.768781821,28857.731218179,NA,NA
30,1,0.5,0.4,5,0.5,50,0.82,0.04,0.74,0.04,229883.975609756,37741,111500.938538088,0,41,2.91325894363093,2.2181364972421,2,0.0110388843276198,0.13460090687507,0.604468427351512,0.841284725064476,194689.936806328,265078.014413184,37741,37741,-17.0159067896164,22.8424246768783
30,1,0.5,0.4,5,1,50,0.18,0.04,0.14,0,198198.777777778,37741,153836.274655702,0,9,0.896542924671096,0.633930648225967,2,0.0110388843276198,0.13460090687507,0.0695083342701629,0.261861937105855,79949.7492776271,316447.806277929,37741,37741,-4.79909797370834,6.59218382305053
30,1,0.5,0.4,5,1.5,50,0.06,0.02,0.04,0,106442.666666667,37741,113979.647842645,0,3,6.2758224386155,NA,1,0.00353925927164624,0.104954435896378,0.0110388843276198,0.13460090687507,-176698.47491127,389583.808244604,37741,37741,NA,NA
30,1,0.5,0.4,10,0.5,50,0.42,0.06,0.3,0.06,232064,90916.5714285714,133049.310430006,7292.84189168687,21,2.39045419139984,2.58752126833899,3,0.020614970348974,0.162170916888382,0.191035535008809,0.437503504644534,171500.679999326,292627.320000674,87596.9095996369,94236.2332575059,-4.03730497123709,8.81821335403677
30,1,0.5,0.4,10,1,50,0.1,0.04,0.06,0,152104.4,65772,144408.709215546,14945.8783616086,5,1.56895738068408,0.950903474029384,2,0.0110388843276198,0.13460090687507,0.020614970348974,0.162170916888382,-27202.6952600196,331411.49526002,47214.2409168579,84329.7590831421,-6.9745713668995,10.1124861282677
30,1,0.5,0.4,10,1.5,50,0.06,0.02,0.04,0,149193,70228,184129.141308485,19295.0459963173,3,6.72410326005103,NA,1,0.00353925927164624,0.104954435896378,0.0110388843276198,0.13460090687507,-308209.143756613,606595.143756613,22296.448590591,118159.551409409,NA,NA
30,1,0.6,0.2,0.001,0.5,50,1,0,1,0,977.96,71,146.697239237826,0,50,NA,NA,0,6.93889390390723e-18,0.0713475991333587,0.928652400866641,1,936.269105898705,1019.65089410129,71,71,NA,NA
30,1,0.6,0.2,0.001,1,50,1,0,1,0,1543.16,71,375.613313971501,0,50,NA,NA,0,6.93889390390723e-18,0.0713475991333587,0.928652400866641,1,1436.41187728697,1649.90812271303,71,71,NA,NA
30,1,0.6,0.2,0.001,1.5,50,1,0,1,0,3668.1,71,855.790057460929,0,50,NA,NA,0,6.93889390390723e-18,0.0713475991333587,0.928652400866641,1,3424.88715670509,3911.31284329491,71,71,NA,NA
30,1,0.6,0.2,0.01,0.5,50,1,0,1,0,1633.46,71,296.861350857017,0,50,NA,NA,0,6.93889390390723e-18,0.0713475991333587,0.928652400866641,1,1549.09293756822,1717.82706243178,71,71,NA,NA
30,1,0.6,0.2,0.01,1,50,1,0,1,0,2709.44,71,607.327271488674,0,50,NA,NA,0,6.93889390390723e-18,0.0713475991333587,0.928652400866641,1,2536.83949918612,2882.04050081388,71,71,NA,NA
30,1,0.6,0.2,0.01,1.5,50,1,0,1,0,6901.8,71,1547.45537009924,0,50,NA,NA,0,6.93889390390723e-18,0.0713475991333587,0.928652400866641,1,6462.01804979782,7341.58195020218,71,71,NA,NA
30,1,0.6,0.2,0.1,0.5,50,1,0,1,0,3558.78,174,710.915198880992,0,50,NA,NA,0,6.93889390390723e-18,0.0713475991333587,0.928652400866641,1,3356.7401359539,3760.8198640461,174,174,NA,NA
30,1,0.6,0.2,0.1,1,50,1,0,1,0,6420.4,174,1849.54511782145,0,50,NA,NA,0,6.93889390390723e-18,0.0713475991333587,0.928652400866641,1,5894.76509341766,6946.03490658233,174,174,NA,NA
30,1,0.6,0.2,0.1,1.5,50,1,0,1,0,16645.54,254.36,4384.54137042628,38.0326175801772,50,NA,NA,0,6.93889390390723e-18,0.0713475991333587,0.928652400866641,1,15399.4671297339,17891.6128702661,243.551249677442,265.168750322558,NA,NA
30,1,0.6,0.2,0.5,0.5,50,1,0,0.98,0.02,5009.24,1637,1543.50963134048,0,50,NA,NA,0,6.93889390390723e-18,0.0713475991333587,0.895045564103622,0.996460740728354,4570.57941634566,5447.90058365434,1637,1637,NA,NA
30,1,0.6,0.2,0.5,1,50,1,0.02,0.98,0,8909.04,1637,3040.59206747902,0,50,0.896332403834489,NA,1,0.00353925927164624,0.104954435896378,0.895045564103622,0.996460740728354,8044.9132955772,9773.1667044228,1637,1637,NA,NA
30,1,0.6,0.2,0.5,1.5,50,1,0,1,0,19811.86,1655.52,7005.34637233067,130.956175875749,50,NA,NA,0,6.93889390390723e-18,0.0713475991333587,0.928652400866641,1,17820.9625893252,21802.7574106748,1618.30266660837,1692.73733339163,NA,NA
30,1,0.6,0.2,1,0.5,50,1,0.06,0.64,0.3,5501.46,4012,1573.48521532843,0,50,0.597549139048734,0.258833717252321,3,0.020614970348974,0.162170916888382,0.501410168761127,0.758612503481533,5054.28044963464,5948.63955036536,4012,4012,-0.0454294590502786,1.24052773714775
30,1,0.6,0.2,1,1,50,1,0.02,0.96,0.02,9420.98,4012,2975.57249843948,0,50,1.79275697554518,NA,1,0.00353925927164624,0.104954435896378,0.86539909312493,0.98896111567238,8575.33165264393,10266.6283473561,4012,4012,NA,NA
30,1,0.6,0.2,1,1.5,50,1,0,1,0,19178.08,4466,7096.68786740314,917.218510453407,50,NA,NA,0,6.93889390390723e-18,0.0713475991333587,0.928652400866641,1,17161.2236236493,21194.9363763507,4205.32938352666,4726.67061647334,NA,NA
30,1,0.6,0.2,3,0.5,50,1,1,0,0,6569.34,23409.28,1979.27745639356,2386.67981351603,50,1.31788625663659,0.388592966068632,50,0.928652400866641,1,6.93889390390723e-18,0.0713475991333587,6006.83557073936,7131.84442926064,22730.9931019236,24087.5668980764,1.20744935761213,1.42832315566105
30,1,0.6,0.2,3,1,50,1,0.68,0,0.32,10533.38,15919.54,3852.88095172473,2089.27113753157,50,0.738277761575971,0.572153229568533,34,0.541897026918559,0.792417837393432,6.93889390390723e-18,0.0713475991333587,9438.40334892044,11628.3566510796,15325.7757124355,16513.3042875645,0.538644062132956,0.937911461018986
30,1,0.6,0.2,3,1.5,50,1,0.34,0.22,0.44,19071.44,20099.86,6879.29119557163,4384.61079188638,50,0.580117329908958,0.263505160884664,17,0.224369492225001,0.478461739497674,0.127539159702144,0.352415495812537,17116.3670741791,21026.5129258209,18853.7674003732,21345.9525996268,0.444635477719477,0.715599182098439
30,1,0.6,0.2,5,0.5,50,1,1,0,0,7157.56,37741,2193.76776960069,0,50,1.72134335975648,0.377340122096598,50,0.928652400866641,1,6.93889390390723e-18,0.0713475991333587,6534.0980981916,7781.0219018084,37741,37741,1.61410448360425,1.82858223590871
30,1,0.6,0.2,5,1,50,1,1,0,0,11064.04,37741,4607.03296418218,0,50,1.3358447349241,0.54703948936922,50,0.928652400866641,1,6.93889390390723e-18,0.0713475991333587,9754.73571841425,12373.3442815857,37741,37741,1.18037783221338,1.49131163763482
30,1,0.6,0.2,5,1.5,50,1,0.94,0,0.06,18389.36,37741,7124.8149815147,0,50,0.839334768750371,0.332005396827928,47,0.837829083111618,0.979385029651026,6.93889390390723e-18,0.0713475991333587,16364.5099862647,20414.2100137353,37741,37741,0.741854332374049,0.936815205126693
30,1,0.6,0.2,10,0.5,50,1,1,0,0,8242.06,92508,3121.71030052568,0,50,2.50134680254396,0.444498664775975,50,0.928652400866641,1,6.93889390390723e-18,0.0713475991333587,7354.87974882197,9129.24025117803,92508,92508,2.37502167974258,2.62767192534534
30,1,0.6,0.2,10,1,50,1,1,0,0,11349.46,67777.2,4958.03169557091,14807.9841729152,50,1.8827447799334,0.627417748332524,50,0.928652400866641,1,6.93889390390723e-18,0.0713475991333587,9940.40298267058,12758.5170173294,63568.817461827,71985.582538173,1.70443462877509,2.06105493109171
30,1,0.6,0.2,10,1.5,50,1,1,0,0,19492.78,77134.8,7663.531701134,16825.5474411348,50,1.42552461907617,0.431388656323587,50,0.928652400866641,1,6.93889390390723e-18,0.0713475991333587,17314.8283885459,21670.7316114541,72353.0323252353,81916.5676747647,1.30292531945248,1.54812391869986
30,1,0.6,0.3,0.001,0.5,50,1,0,1,0,1197.92,71,366.713302909251,0,50,NA,NA,0,6.93889390390723e-18,0.0713475991333587,0.928652400866641,1,1093.70123244474,1302.13876755526,71,71,NA,NA
30,1,0.6,0.3,0.001,1,50,1,0,1,0,2175.66,71,517.487438869539,0,50,NA,NA,0,6.93889390390723e-18,0.0713475991333587,0.928652400866641,1,2028.59169711474,2322.72830288526,71,71,NA,NA
30,1,0.6,0.3,0.001,1.5,50,1,0,1,0,6274.08,71,2481.15259457193,0,50,NA,NA,0,6.93889390390723e-18,0.0713475991333587,0.928652400866641,1,5568.94423461759,6979.21576538241,71,71,NA,NA
30,1,0.6,0.3,0.01,0.5,50,1,0,1,0,2136.18,71,504.859151503806,0,50,NA,NA,0,6.93889390390723e-18,0.0713475991333587,0.928652400866641,1,1992.70061667438,2279.65938332562,71,71,NA,NA
30,1,0.6,0.3,0.01,1,50,1,0,1,0,3606.28,71,657.204625668444,0,50,NA,NA,0,6.93889390390723e-18,0.0713475991333587,0.928652400866641,1,3419.50451196778,3793.05548803222,71,71,NA,NA
30,1,0.6,0.3,0.01,1.5,50,1,0,1,0,9671.3,71,1915.74736575253,0,50,NA,NA,0,6.93889390390723e-18,0.0713475991333587,0.928652400866641,1,9126.8506227289,10215.7493772711,71,71,NA,NA
30,1,0.6,0.3,0.1,0.5,50,1,0,1,0,4644.3,174,1450.80062695867,0,50,NA,NA,0,6.93889390390723e-18,0.0713475991333587,0.928652400866641,1,4231.98702386711,5056.61297613289,174,174,NA,NA
30,1,0.6,0.3,0.1,1,50,1,0,1,0,9017.24,174,2149.76013431779,0,50,NA,NA,0,6.93889390390723e-18,0.0713475991333587,0.928652400866641,1,8406.28492975681,9628.19507024319,174,174,NA,NA
30,1,0.6,0.3,0.1,1.5,50,1,0,1,0,23517.94,250.44,5600.28618222829,41.0082918444551,50,NA,NA,0,6.93889390390723e-18,0.0713475991333587,0.928652400866641,1,21926.3562771345,25109.5237228655,238.785572408555,262.094427591445,NA,NA
30,1,0.6,0.3,0.5,0.5,50,1,0.02,0.96,0.02,6884.84,1637,2454.71495797332,0,50,0.896332403834489,NA,1,0.00353925927164624,0.104954435896378,0.86539909312493,0.98896111567238,6187.21772780565,7582.46227219435,1637,1637,NA,NA
30,1,0.6,0.3,0.5,1,50,1,0,1,0,14015.12,1637,4249.00040412868,0,50,NA,NA,0,6.93889390390723e-18,0.0713475991333587,0.928652400866641,1,12807.5674461465,15222.6725538535,1637,1637,NA,NA
30,1,0.6,0.3,0.5,1.5,50,1,0,1,0,30174.38,1692.56,11661.1810493148,222.14549010842,50,NA,NA,0,6.93889390390723e-18,0.0713475991333587,0.928652400866641,1,26860.3090144183,33488.4509855817,1629.42695024863,1755.69304975137,NA,NA
30,1,0.6,0.3,1,0.5,50,1,0.04,0.9,0.06,8041.54,4012,2625.1481529426,0,50,1.34459077362794,0.633802720948606,2,0.0110388843276198,0.13460090687507,0.786397685625204,0.95652423506811,7295.48114972329,8787.59885027671,4012,4012,-4.34990074376637,7.03908229102226
30,1,0.6,0.3,1,1,50,1,0,0.98,0.02,15403.96,4012,6071.78784133669,0,50,NA,NA,0,6.93889390390723e-18,0.0713475991333587,0.895045564103622,0.996460740728354,13678.3769882549,17129.5430117451,4012,4012,NA,NA
30,1,0.6,0.3,1,1.5,50,1,0,1,0,30384.14,4647.6,11665.078596112,1029.57522447713,50,NA,NA,0,6.93889390390723e-18,0.0713475991333587,0.928652400866641,1,27068.9613438744,33699.3186561256,4354.99795870729,4940.20204129271,NA,NA
30,1,0.6,0.3,3,0.5,50,1,0.92,0,0.08,11011.82,23583.46,5311.50732935538,2089.27113753157,50,0.993969046492489,0.640297148720827,46,0.811617530816572,0.968450485911407,6.93889390390723e-18,0.0713475991333587,9502.30631905468,12521.3336809453,22989.6957124355,24177.2242875645,0.803824264339748,1.18411382864523
30,1,0.6,0.3,3,1,50,1,0.26,0.24,0.5,16977.88,16442.08,6571.27935433071,2858.82263363998,50,0.586180796184675,0.282622637624498,13,0.158715274935524,0.395531572648488,0.142973913969917,0.374126837579429,15110.3430709152,18845.4169290848,15629.6115970995,17254.5484029005,0.415393645548076,0.756967946821274
30,1,0.6,0.3,3,1.5,50,1,0.08,0.6,0.32,31573.46,20796.58,11828.4039242971,4270.14768702203,50,0.448272373540467,3.14267558053638e-05,4,0.031549514088593,0.188382469183428,0.461814377475894,0.723916102697434,28211.8647991814,34935.0552008186,19583.017454846,22010.142545154,0.448222366559017,0.448322380521917
30,1,0.6,0.3,5,0.5,50,1,0.98,0,0.02,12536.26,37741,6781.28683775568,0,50,1.30821767271525,0.689794379120916,49,0.895045564103622,0.996460740728354,6.93889390390723e-18,0.0713475991333587,10609.0396044953,14463.4803955047,37741,37741,1.1100855935332,1.5063497518973
30,1,0.6,0.3,5,1,50,1,0.92,0,0.08,17934.58,37741,7856.08897890609,0,50,0.906306484170276,0.371930639556042,46,0.811617530816572,0.968450485911407,6.93889390390723e-18,0.0713475991333587,15701.9042157002,20167.2557842998,37741,37741,0.795856717877239,1.01675625046331
30,1,0.6,0.3,5,1.5,50,1,0.46,0.14,0.4,33301.16,37741,13278.6411607483,0,50,0.584719036461444,0.250492918502851,23,0.329696521922244,0.596011286008425,0.0695083342701629,0.261861937105855,29527.4119368592,37074.9080631408,37741,37741,0.476397775620967,0.693040297301921
30,1,0.6,0.3,10,0.5,50,1,1,0,0,16010.44,92508,8976.26831277102,0,50,1.96343880741934,0.778444176656857,50,0.928652400866641,1,6.93889390390723e-18,0.0713475991333587,13459.4127714245,18561.4672285755,92508,92508,1.7422074202345,2.18467019460418
30,1,0.6,0.3,10,1,50,1,1,0,0,19346.06,70450.8,8157.42407423684,15992.0755937407,50,1.35380214444624,0.457235272706961,50,0.928652400866641,1,6.93889390390723e-18,0.0713475991333587,17027.7457291567,21664.3742708433,65905.9024034089,74995.6975965911,1.22385731772119,1.48374697117129
30,1,0.6,0.3,10,1.5,50,1,0.9,0.02,0.08,37927.82,81813.6,18694.1914897846,15747.907429502,50,0.956324450104685,0.377484709254729,45,0.786397685625204,0.95652423506811,0.00353925927164624,0.104954435896378,32614.9895625682,43240.6504374318,77338.0942278977,86289.1057721023,0.842915488401152,1.06973341180822
30,1,0.6,0.4,0.001,0.5,50,1,0,1,0,2033.34,71,569.975209271134,0,50,NA,NA,0,6.93889390390723e-18,0.0713475991333587,0.928652400866641,1,1871.35483781462,2195.32516218538,71,71,NA,NA
30,1,0.6,0.4,0.001,1,50,1,0,1,0,4055.26,71,1745.66857328506,0,50,NA,NA,0,6.93889390390723e-18,0.0713475991333587,0.928652400866641,1,3559.14648073467,4551.37351926533,71,71,NA,NA
30,1,0.6,0.4,0.001,1.5,50,1,0,1,0,13442.14,71,6160.72993955775,0,50,NA,NA,0,6.93889390390723e-18,0.0713475991333587,0.928652400866641,1,11691.2799236193,15193.0000763807,71,71,NA,NA
30,1,0.6,0.4,0.01,0.5,50,1,0,1,0,2766.9,71,696.799776529405,0,50,NA,NA,0,6.93889390390723e-18,0.0713475991333587,0.928652400866641,1,2568.87169460022,2964.92830539978,71,71,NA,NA
30,1,0.6,0.4,0.01,1,50,1,0,1,0,5205.5,71,1397.57018370003,0,50,NA,NA,0,6.93889390390723e-18,0.0713475991333587,0.928652400866641,1,4808.31494845786,5602.68505154214,71,71,NA,NA
30,1,0.6,0.4,0.01,1.5,50,1,0,1,0,15099.08,71,4473.96619840716,0,50,NA,NA,0,6.93889390390723e-18,0.0713475991333587,0.928652400866641,1,13827.5928748185,16370.5671251815,71,71,NA,NA
30,1,0.6,0.4,0.1,0.5,50,1,0,1,0,7055.66,174,1844.74224304245,0,50,NA,NA,0,6.93889390390723e-18,0.0713475991333587,0.928652400866641,1,6531.3900553272,7579.9299446728,174,174,NA,NA
30,1,0.6,0.4,0.1,1,50,1,0,1,0,15572.78,174,4672.04933966294,0,50,NA,NA,0,6.93889390390723e-18,0.0713475991333587,0.928652400866641,1,14244.9982689469,16900.5617310531,174,174,NA,NA
30,1,0.6,0.4,0.1,1.5,50,1,0,1,0,42733.6,256.32,13252.3777196581,36.292147911084,50,NA,NA,0,6.93889390390723e-18,0.0713475991333587,0.928652400866641,1,38967.3159242315,46499.8840757685,246.005885684484,266.634114315516,NA,NA
30,1,0.6,0.4,0.5,0.5,50,1,0.02,0.98,0,13180.02,1637,4370.76636669645,0,50,0.447891932746267,NA,1,0.00353925927164624,0.104954435896378,0.895045564103622,0.996460740728354,11937.8619424784,14422.1780575216,1637,1637,NA,NA
30,1,0.6,0.4,0.5,1,50,1,0,1,0,30771.38,1637,12321.2583539216,0,50,NA,NA,0,6.93889390390723e-18,0.0713475991333587,0.928652400866641,1,27269.717120065,34273.042879935,1637,1637,NA,NA
30,1,0.6,0.4,0.5,1.5,50,1,0,1,0,78032.18,1637,33002.000409802,0,50,NA,NA,0,6.93889390390723e-18,0.0713475991333587,0.928652400866641,1,68653.1152584655,87411.2447415345,1637,1637,NA,NA
30,1,0.6,0.4,1,0.5,50,1,0.02,0.96,0.02,17240.76,4012,6955.22965350974,0,50,1.34431650445696,NA,1,0.00353925927164624,0.104954435896378,0.86539909312493,0.98896111567238,15264.1056032219,19217.4143967781,4012,4012,NA,NA
30,1,0.6,0.4,1,1,50,1,0.02,0.98,0,36412.72,4012,15948.2581085055,0,50,0.448111422717755,NA,1,0.00353925927164624,0.104954435896378,0.895045564103622,0.996460740728354,31880.2751949285,40945.1648050715,4012,4012,NA,NA
30,1,0.6,0.4,1,1.5,50,1,0,0.98,0.02,79047.42,4420.6,34983.5001452376,880.95961129594,50,NA,NA,0,6.93889390390723e-18,0.0713475991333587,0.895045564103622,0.996460740728354,69105.2192644891,88989.6207355109,4170.23404865095,4670.96595134905,NA,NA
30,1,0.6,0.4,3,0.5,50,1,0.32,0.42,0.26,26604.38,23409.28,12728.323308292,2386.67981351603,50,0.756442446171811,0.726772258904177,16,0.207582162606568,0.458102973081441,0.29375003354712,0.557665582314218,22987.0305400504,30221.7294599496,22730.9931019236,24087.5668980764,0.369172845930121,1.1437120464135
30,1,0.6,0.4,3,1,50,1,0.06,0.92,0.02,51673.18,16267.9,26335.6989311358,2639.22555315156,50,1.04595283287365,1.03518570588729,3,0.020614970348974,0.162170916888382,0.811617530816572,0.968450485911407,44188.657176489,59157.702823511,15517.8403968503,17017.9596031497,-1.52559101778585,3.61749668353315
30,1,0.6,0.4,3,1.5,50,1,0.02,0.98,0,100012.34,20970.76,51029.7406851362,4222.7608850425,50,1.3447723710497,NA,1,0.00353925927164624,0.104954435896378,0.895045564103622,0.996460740728354,85509.8481605218,114514.831839478,19770.6646349606,22170.8553650394,NA,NA
30,1,0.6,0.4,5,0.5,50,1,0.46,0.24,0.3,35067,37741,18359.1013163188,0,50,0.818586271048759,0.735928304174208,23,0.329696521922244,0.596011286008425,0.142973913969917,0.374126837579429,29849.4011361747,40284.5988638253,37741,37741,0.500347007947845,1.13682553414967
30,1,0.6,0.4,5,1,50,1,0.16,0.62,0.22,58720.94,37741,34562.4419768698,0,50,0.840518576836151,0.774089454268234,8,0.0833742067803341,0.28514216063035,0.48150446930993,0.741372106898064,48898.40267192,68543.47732808,37741,37741,0.193363597854982,1.48767355581732
30,1,0.6,0.4,5,1.5,50,1,0.02,0.94,0.04,117326.42,37468.3,63344.721471079,1928.28019229572,50,1.79305863555823,NA,1,0.00353925927164624,0.104954435896378,0.837829083111618,0.979385029651026,99324.0493456665,135328.790654333,36920.2888328349,38016.3111671651,NA,NA
30,1,0.6,0.4,10,0.5,50,1,0.78,0.04,0.18,53474.54,92508,31633.0044855698,0,50,1.02297732081715,0.789556725574745,39,0.647584504187463,0.872460840297856,0.0110388843276198,0.13460090687507,44484.5395953187,62464.5404046813,92508,92508,0.767032638730642,1.27892200290366
30,1,0.6,0.4,10,1,50,1,0.32,0.4,0.28,82867.3,68445.6,57596.1009455732,15157.887225562,50,0.896552291628827,0.784995945607733,16,0.207582162606568,0.458102973081441,0.276083897302565,0.538185622524106,66498.6692224535,99235.9307775465,64137.7761145364,72753.4238854636,0.47825747874586,1.31484710451179
30,1,0.6,0.4,10,1.5,50,1,0.12,0.7,0.18,160718.74,85155.6,81055.803368964,13984.6644228744,50,0.97125395169132,0.915024008493366,6,0.0561760015093228,0.23804817383203,0.562496495355466,0.808964464991191,137682.93556286,183754.54443714,81181.2023458561,89129.9976541439,0.0109951458178961,1.93151275756474
30,1,0.7,0.2,0.001,0.5,50,1,0,1,0,814.38,71,194.012716814425,0,50,NA,NA,0,6.93889390390723e-18,0.0713475991333587,0.928652400866641,1,759.242195955157,869.517804044843,71,71,NA,NA
30,1,0.7,0.2,0.001,1,50,1,0,1,0,1185.22,71,317.449420043122,0,50,NA,NA,0,6.93889390390723e-18,0.0713475991333587,0.928652400866641,1,1095.0018730448,1275.4381269552,71,71,NA,NA
30,1,0.7,0.2,0.001,1.5,50,1,0,1,0,2965.44,71,794.312567891384,0,50,NA,NA,0,6.93889390390723e-18,0.0713475991333587,0.928652400866641,1,2739.69886592453,3191.18113407547,71,71,NA,NA
30,1,0.7,0.2,0.01,0.5,50,1,0,1,0,1424.24,71,286.560073838571,0,50,NA,NA,0,6.93889390390723e-18,0.0713475991333587,0.928652400866641,1,1342.80052810445,1505.67947189555,71,71,NA,NA
30,1,0.7,0.2,0.01,1,50,1,0,1,0,2282.8,71,607.219154869818,0,50,NA,NA,0,6.93889390390723e-18,0.0713475991333587,0.928652400866641,1,2110.23022558922,2455.36977441078,71,71,NA,NA
30,1,0.7,0.2,0.01,1.5,50,1,0,1,0,5327.96,71,1460.03367252196,0,50,NA,NA,0,6.93889390390723e-18,0.0713475991333587,0.928652400866641,1,4913.02302135138,5742.89697864862,71,71,NA,NA
30,1,0.7,0.2,0.1,0.5,50,1,0,1,0,2767.94,174,844.456434516262,0,50,NA,NA,0,6.93889390390723e-18,0.0713475991333587,0.928652400866641,1,2527.94813670734,3007.93186329266,174,174,NA,NA
30,1,0.7,0.2,0.1,1,50,1,0.02,0.98,0,4688.16,174,1517.90216887839,0,50,0.449525097902195,NA,1,0.00353925927164624,0.104954435896378,0.895045564103622,0.996460740728354,4256.77697665461,5119.54302334539,174,174,NA,NA
30,1,0.7,0.2,0.1,1.5,50,1,0,1,0,10737.66,254.36,3235.81906869128,38.0326175801772,50,NA,NA,0,6.93889390390723e-18,0.0713475991333587,0.928652400866641,1,9818.05039572482,11657.2696042752,243.551249677442,265.168750322558,NA,NA
30,1,0.7,0.2,0.5,0.5,50,1,0.04,0.92,0.04,3409.06,1637,982.973880318168,0,50,0.447891932746267,0,2,0.0110388843276198,0.13460090687507,0.811617530816572,0.968450485911407,3129.70191417914,3688.41808582086,1637,1637,0.447891932746267,0.447891932746267
30,1,0.7,0.2,0.5,1,50,1,0.04,0.96,0,6339.06,1637,2156.14019658902,0,50,1.79371138994665,1.26908553274843,2,0.0110388843276198,0.13460090687507,0.86539909312493,0.98896111567238,5726.29173612146,6951.82826387854,1637,1637,-9.60856973353529,13.1959925134286
30,1,0.7,0.2,0.5,1.5,50,1,0.02,0.98,0,12656.84,1637,4362.86843183122,0,50,1.34383656414251,NA,1,0.00353925927164624,0.104954435896378,0.895045564103622,0.996460740728354,11416.926510732,13896.753489268,1637,1637,NA,NA
30,1,0.7,0.2,1,0.5,50,1,0.28,0.06,0.66,3656.58,4012,1067.68462227994,0,50,0.608193174769042,0.283843299734978,14,0.174741706659112,0.416651236959566,0.020614970348974,0.162170916888382,3353.14738768689,3960.0126123131,4012,4012,0.444306932735768,0.772079416802316
30,1,0.7,0.2,1,1,50,1,0.06,0.8,0.14,6506.84,4012,2340.66776936211,0,50,1.94279444867748,1.57507049232241,3,0.020614970348974,0.162170916888382,0.669628940677746,0.887562499842239,5841.62958018708,7172.05041981292,4012,4012,-1.96989755996578,5.85548645732074
30,1,0.7,0.2,1,1.5,50,1,0.02,0.96,0.02,12545.6,4556.8,4362.48387869075,979.321381032263,50,2.2402611358532,NA,1,0.00353925927164624,0.104954435896378,0.86539909312493,0.98896111567238,11305.7957995253,13785.4042004747,4278.4799429909,4835.12005700911,NA,NA
30,1,0.7,0.2,3,0.5,50,1,1,0,0,4271.9,23931.82,1478.27696515717,1231.63859147073,50,1.79309872676131,0.414988574480963,50,0.928652400866641,1,6.93889390390723e-18,0.0713475991333587,3851.77833495056,4692.02166504944,23581.7921851968,24281.8478148032,1.67516027882716,1.91103717469546
30,1,0.7,0.2,3,1,50,1,1,0,0,6512.76,16964.62,2511.31730258956,3379.85782148738,50,1.08481489055876,0.730812513265523,50,0.928652400866641,1,6.93889390390723e-18,0.0713475991333587,5799.05151945203,7226.46848054797,16004.0750351106,17925.1649648894,0.877120272331767,1.29250950878575
30,1,0.7,0.2,3,1.5,50,1,0.8,0.04,0.16,12323.12,20274.04,4353.02120577872,4366.92370570274,50,0.728392827932947,0.589049267297331,40,0.669628940677746,0.887562499842239,0.0110388843276198,0.13460090687507,11086.0050614115,13560.2349385885,19032.9740146495,21515.1059853505,0.540005732861546,0.916779923004348
30,1,0.7,0.2,5,0.5,50,1,1,0,0,4537.12,37741,1670.16810396744,0,50,2.196557203224,0.427171706060472,50,0.928652400866641,1,6.93889390390723e-18,0.0713475991333587,4062.46347670319,5011.77652329681,37741,37741,2.07515634760487,2.31795805884313
30,1,0.7,0.2,5,1,50,1,1,0,0,6558.16,37468.3,2485.572273119,1928.28019229572,50,1.88276369042985,0.741458447616798,50,0.928652400866641,1,6.93889390390723e-18,0.0713475991333587,5851.76817587221,7264.55182412779,36920.2888328349,38016.3111671651,1.67204353113641,2.09348384972329
30,1,0.7,0.2,5,1.5,50,1,1,0,0,12323.12,37468.3,4353.02120577872,1928.28019229572,50,1.20135003633207,0.554018255837449,50,0.928652400866641,1,6.93889390390723e-18,0.0713475991333587,11086.0050614115,13560.2349385885,36920.2888328349,38016.3111671651,1.04389979013584,1.3588002825283
30,1,0.7,0.2,10,0.5,50,1,1,0,0,4981.5,92508,1989.33579572763,0,50,3.00344885604154,0.42718029384192,50,0.928652400866641,1,6.93889390390723e-18,0.0713475991333587,4416.13702232911,5546.86297767089,92508,92508,2.88204555980192,3.12485215228116
30,1,0.7,0.2,10,1,50,1,1,0,0,6745.68,75129.6,2539.0154964924,16866.1398944387,50,2.52828019370059,0.772649255301726,50,0.928652400866641,1,6.93889390390723e-18,0.0713475991333587,6024.09977984193,7467.26022015807,70336.2960776494,79922.9039223506,2.30869570494272,2.74786468245846
30,1,0.7,0.2,10,1.5,50,1,1,0,0,12363.3,78471.6,4430.81176627526,16662.1887432079,50,1.91859227551397,0.580062594323823,50,0.928652400866641,1,6.93889390390723e-18,0.0713475991333587,11104.0772287311,13622.5227712689,73736.258353504,83206.941646496,1.75374031021644,2.0834442408115
30,1,0.7,0.3,0.001,0.5,50,1,0,1,0,989.22,71,212.203242007203,0,50,NA,NA,0,6.93889390390723e-18,0.0713475991333587,0.928652400866641,1,928.912505895554,1049.52749410445,71,71,NA,NA
30,1,0.7,0.3,0.001,1,50,1,0,0.98,0.02,1614.68,71,472.859967190529,0,50,NA,NA,0,6.93889390390723e-18,0.0713475991333587,0.895045564103622,0.996460740728354,1480.29468423464,1749.06531576536,71,71,NA,NA
30,1,0.7,0.3,0.001,1.5,50,1,0,1,0,4056.42,71,1144.82111765488,0,50,NA,NA,0,6.93889390390723e-18,0.0713475991333587,0.928652400866641,1,3731.06543825738,4381.77456174262,71,71,NA,NA
30,1,0.7,0.3,0.01,0.5,50,1,0,1,0,1663.8,71,312.694543526139,0,50,NA,NA,0,6.93889390390723e-18,0.0713475991333587,0.928652400866641,1,1574.9331939992,1752.6668060008,71,71,NA,NA
30,1,0.7,0.3,0.01,1,50,1,0,0.98,0.02,2659.6,71,712.701013535043,0,50,NA,NA,0,6.93889390390723e-18,0.0713475991333587,0.895045564103622,0.996460740728354,2457.05261304472,2862.14738695528,71,71,NA,NA
30,1,0.7,0.3,0.01,1.5,50,1,0,1,0,6495.18,71,852.357371873884,0,50,NA,NA,0,6.93889390390723e-18,0.0713475991333587,0.928652400866641,1,6252.94271515484,6737.41728484516,71,71,NA,NA
30,1,0.7,0.3,0.1,0.5,50,1,0,1,0,3482.3,174,765.934942886597,0,50,NA,NA,0,6.93889390390723e-18,0.0713475991333587,0.928652400866641,1,3264.62369771733,3699.97630228267,174,174,NA,NA
30,1,0.7,0.3,0.1,1,50,1,0.02,0.98,0,6270.52,174,1965.88760905311,0,50,0.896375422173214,NA,1,0.00353925927164624,0.104954435896378,0.895045564103622,0.996460740728354,5711.82092324909,6829.21907675091,174,174,NA,NA
30,1,0.7,0.3,0.1,1.5,50,1,0,1,0,14561.9,262.2,3124.39245522801,29.698484809835,50,NA,NA,0,6.93889390390723e-18,0.0713475991333587,0.928652400866641,1,13673.9574888896,15449.8425111104,253.759784004057,270.640215995943,NA,NA
30,1,0.7,0.3,0.5,0.5,50,1,0,0.98,0.02,4798.12,1637,1235.08318549887,0,50,NA,NA,0,6.93889390390723e-18,0.0713475991333587,0.895045564103622,0.996460740728354,4447.11324240557,5149.12675759443,1637,1637,NA,NA
30,1,0.7,0.3,0.5,1,50,1,0.04,0.96,0,8491.28,1637,2993.42728316421,0,50,2.01713655208215,1.58505642721587,2,0.0110388843276198,0.13460090687507,0.86539909312493,0.98896111567238,7640.55737896961,9342.00262103039,1637,1637,-12.2240304247065,16.2583035288708
30,1,0.7,0.3,0.5,1.5,50,1,0,1,0,17988.86,1637,5227.94692995721,0,50,NA,NA,0,6.93889390390723e-18,0.0713475991333587,0.928652400866641,1,16503.0939218076,19474.6260781924,1637,1637,NA,NA
30,1,0.7,0.3,1,0.5,50,1,0.04,0.56,0.4,5296.3,4012,1390.66498922095,0,50,0.448111422717755,0,2,0.0110388843276198,0.13460090687507,0.423060280216569,0.688378007887428,4901.0773830154,5691.5226169846,4012,4012,0.448111422717755,0.448111422717755
30,1,0.7,0.3,1,1,50,1,0.04,0.94,0.02,9114.46,4012,3132.64294238743,0,50,2.91356112379285,1.58505642721587,2,0.0110388843276198,0.13460090687507,0.837829083111618,0.979385029651026,8224.1727263826,10004.7472736174,4012,4012,-11.3276058529958,17.1547281005815
30,1,0.7,0.3,1,1.5,50,1,0,0.98,0.02,17367.8,4693,4299.55690645405,1050.80581324185,50,NA,NA,0,6.93889390390723e-18,0.0713475991333587,0.895045564103622,0.996460740728354,16145.8794471608,18589.7205528392,4394.36429214003,4991.63570785997,NA,NA
30,1,0.7,0.3,3,0.5,50,1,1,0,0,6066.12,24106,2012.52600581499,0,50,1.43446290976784,0.338893378170306,50,0.928652400866641,1,6.93889390390723e-18,0.0713475991333587,5494.166437544,6638.073562456,24106,24106,1.33815047734351,1.53077534219217
30,1,0.7,0.3,3,1,50,1,0.82,0,0.18,9858.18,16616.26,3542.56695061531,3052.59013345342,50,0.809025703975927,0.863535093246398,41,0.692039463256992,0.902298073297658,6.93889390390723e-18,0.0713475991333587,8851.39361225203,10864.966387748,15748.7234829552,17483.7965170447,0.536460396649352,1.0815910113025
30,1,0.7,0.3,3,1.5,50,1,0.48,0.22,0.3,18437.66,20970.76,6903.26501458785,4222.7608850425,50,0.560343185428651,0.238286932685897,24,0.347971352865781,0.614882551099554,0.127539159702144,0.352415495812537,16475.7737902004,20399.5462097996,19770.6646349606,22170.8553650394,0.459723438353489,0.660962932503813
30,1,0.7,0.3,5,0.5,50,1,1,0,0,6785.32,37741,2530.29446088306,0,50,1.78412170103995,0.378771740737102,50,0.928652400866641,1,6.93889390390723e-18,0.0713475991333587,6066.21827073877,7504.42172926123,37741,37741,1.67647596337182,1.89176743870808
30,1,0.7,0.3,5,1,50,1,1,0,0,10191.9,37741,3783.43534235699,0,50,1.47032158251418,0.849745296702776,50,0.928652400866641,1,6.93889390390723e-18,0.0713475991333587,9116.65957273073,11267.1404272693,37741,37741,1.22882664121897,1.71181652380939
30,1,0.7,0.3,5,1.5,50,1,0.92,0,0.08,18473.24,37741,7235.11111450154,0,50,0.847839922332473,0.287078764186398,46,0.811617530816572,0.968450485911407,6.93889390390723e-18,0.0713475991333587,16417.0441720965,20529.4358279035,37741,37741,0.7625880526561,0.933091792008846
30,1,0.7,0.3,10,0.5,50,1,1,0,0,7200.54,92508,2792.93175062934,0,50,2.62687380267811,0.39488024386146,50,0.928652400866641,1,6.93889390390723e-18,0.0713475991333587,6406.79757885696,7994.28242114304,92508,92508,2.5146500790753,2.73909752628092
30,1,0.7,0.3,10,1,50,1,1,0,0,10778.98,77134.8,3942.7393693073,16825.5474411348,50,2.10687834859184,0.929093845880782,50,0.928652400866641,1,6.93889390390723e-18,0.0713475991333587,9658.46586920365,11899.4941307964,72353.0323252353,81916.5676747647,1.84283279913209,2.37092389805159
30,1,0.7,0.3,10,1.5,50,1,1,0,0,20894.54,83150.4,8713.85441136407,15157.887225562,50,1.44345824577555,0.437062964593173,50,0.928652400866641,1,6.93889390390723e-18,0.0713475991333587,18418.0899770427,23370.9900229573,78842.5761145364,87458.2238854636,1.31924632558453,1.56767016596657
30,1,0.7,0.4,0.001,0.5,50,1,0,1,0,1394.62,71,388.63160720977,0,50,NA,NA,0,6.93889390390723e-18,0.0713475991333587,0.928652400866641,1,1284.17211928473,1505.06788071527,71,71,NA,NA
30,1,0.7,0.4,0.001,1,50,1,0,1,0,2352.76,71,633.816575539463,0,50,NA,NA,0,6.93889390390723e-18,0.0713475991333587,0.928652400866641,1,2172.63132227061,2532.88867772939,71,71,NA,NA
30,1,0.7,0.4,0.001,1.5,50,1,0,1,0,6428.06,71,2069.8803219865,0,50,NA,NA,0,6.93889390390723e-18,0.0713475991333587,0.928652400866641,1,5839.80652123895,7016.31347876105,71,71,NA,NA
30,1,0.7,0.4,0.01,0.5,50,1,0,1,0,2162.26,71,482.789124964175,0,50,NA,NA,0,6.93889390390723e-18,0.0713475991333587,0.928652400866641,1,2025.05284881765,2299.46715118235,71,71,NA,NA
30,1,0.7,0.4,0.01,1,50,1,0,1,0,3671.74,71,828.596103327176,0,50,NA,NA,0,6.93889390390723e-18,0.0713475991333587,0.928652400866641,1,3436.2555929584,3907.2244070416,71,71,NA,NA
30,1,0.7,0.4,0.01,1.5,50,1,0,1,0,8809.28,71,1918.28852333936,0,50,NA,NA,0,6.93889390390723e-18,0.0713475991333587,0.928652400866641,1,8264.10843373341,9354.45156626659,71,71,NA,NA
30,1,0.7,0.4,0.1,0.5,50,1,0,1,0,4979.72,174,1273.21564680352,0,50,NA,NA,0,6.93889390390723e-18,0.0713475991333587,0.928652400866641,1,4617.87611681048,5341.56388318952,174,174,NA,NA
30,1,0.7,0.4,0.1,1,50,1,0,1,0,8691.78,174,2490.0718888893,0,50,NA,NA,0,6.93889390390723e-18,0.0713475991333587,0.928652400866641,1,7984.10939921935,9399.45060078065,174,174,NA,NA
30,1,0.7,0.4,0.1,1.5,50,1,0,1,0,19354.84,254.36,4735.81051123959,38.0326175801772,50,NA,NA,0,6.93889390390723e-18,0.0713475991333587,0.928652400866641,1,18008.9375444821,20700.7424555179,243.551249677442,265.168750322558,NA,NA
30,1,0.7,0.4,0.5,0.5,50,1,0,1,0,7046.52,1637,2018.93108958424,0,50,NA,NA,0,6.93889390390723e-18,0.0713475991333587,0.928652400866641,1,6472.74613287759,7620.29386712241,1637,1637,NA,NA
30,1,0.7,0.4,0.5,1,50,1,0.02,0.98,0,12487.48,1637,4045.28144496518,0,50,0.896332403834489,NA,1,0.00353925927164624,0.104954435896378,0.895045564103622,0.996460740728354,11337.8237337457,13637.1362662543,1637,1637,NA,NA
30,1,0.7,0.4,0.5,1.5,50,1,0,1,0,25755.26,1655.52,8446.16158396517,130.956175875749,50,NA,NA,0,6.93889390390723e-18,0.0713475991333587,0.928652400866641,1,23354.8874368283,28155.6325631717,1618.30266660837,1692.73733339163,NA,NA
30,1,0.7,0.4,1,0.5,50,1,0.02,0.94,0.04,8146.68,4012,2310.52359504622,0,50,0.448111422717755,NA,1,0.00353925927164624,0.104954435896378,0.837829083111618,0.979385029651026,7490.03645973918,8803.32354026083,4012,4012,NA,NA
30,1,0.7,0.4,1,1,50,1,0.02,0.98,0,13851.64,4012,4996.89885772023,0,50,1.79275697554518,NA,1,0.00353925927164624,0.104954435896378,0.895045564103622,0.996460740728354,12431.5370574057,15271.7429425943,4012,4012,NA,NA
30,1,0.7,0.4,1,1.5,50,1,0,1,0,26846.06,4602.2,9034.8576859013,1005.80861976414,50,NA,NA,0,6.93889390390723e-18,0.0713475991333587,0.928652400866641,1,24278.3818558154,29413.7381441846,4316.35235303253,4888.04764696747,NA,NA
30,1,0.7,0.4,3,0.5,50,1,1,0,0,10496.14,24106,3340.55760963126,0,50,0.887556768858976,0.356416245188154,50,0.928652400866641,1,6.93889390390723e-18,0.0713475991333587,9546.76403174046,11445.5159682595,24106,24106,0.786264392728908,0.988849144989045
30,1,0.7,0.4,3,1,50,1,0.42,0.26,0.32,15649.86,17312.98,6063.45596547927,3644.29809870775,50,0.725730934656756,0.686795218743852,21,0.29375003354712,0.557665582314218,0.158715274935524,0.395531572648488,13926.644881174,17373.075118826,16277.2819398582,18348.6780601418,0.41310549922018,1.03835637009333
30,1,0.7,0.4,3,1.5,50,1,0.08,0.64,0.28,31376.42,21493.3,11497.403089376,4031.48362445958,50,0.56034439527006,0.22411261670338,4,0.031549514088593,0.188382469183428,0.501410168761127,0.758612503481533,28108.8941956324,34643.9458043675,20347.5650309461,22639.0349690539,0.203731210772492,0.916957579767628
30,1,0.7,0.4,5,0.5,50,1,1,0,0,12852.16,37741,4883.74322546189,0,50,1.15654588268481,0.425630897084932,50,0.928652400866641,1,6.93889390390723e-18,0.0713475991333587,11464.2155322752,14240.1044677248,37741,37741,1.03558292013145,1.27750884523817
30,1,0.7,0.4,5,1,50,1,0.98,0,0.02,17127.18,37741,6947.12348250875,0,50,0.923994912526029,0.581627436282446,49,0.895045564103622,0.996460740728354,6.93889390390723e-18,0.0713475991333587,15152.8293515305,19101.5306484695,37741,37741,0.756932006900692,1.09105781815137
30,1,0.7,0.4,5,1.5,50,1,0.48,0.14,0.38,33871.04,37741,15181.1340209364,0,50,0.560355667341807,0.23830522479433,24,0.347971352865781,0.614882551099554,0.0695083342701629,0.261861937105855,29556.6094483906,38185.4705516094,37741,37741,0.459728196186675,0.660983138496939
30,1,0.7,0.4,10,0.5,50,1,1,0,0,15126.22,92508,5982.21365174314,0,50,1.90068530831602,0.457848129760516,50,0.928652400866641,1,6.93889390390723e-18,0.0713475991333587,13426.093691271,16826.346308729,92508,92508,1.77056630954348,2.03080430708856
30,1,0.7,0.4,10,1,50,1,1,0,0,19261.14,76466.4,8198.64840530911,16866.1398944387,50,1.4793108124367,0.67920424890655,50,0.928652400866641,1,6.93889390390723e-18,0.0713475991333587,16931.1099038961,21591.1700961039,71673.0960776494,81259.7039223506,1.28628310065812,1.67233852421528
30,1,0.7,0.4,10,1.5,50,1,0.84,0.04,0.12,42607.06,83150.4,24974.5593586672,15157.887225562,50,0.960592920040437,0.44905854541353,42,0.71485783936965,0.916625793219666,0.0110388843276198,0.13460090687507,35509.3687628753,49704.7512371247,78842.5761145364,87458.2238854636,0.820656426236228,1.10052941384465
30,1.5,0.5,0.2,0.001,0.5,50,1,0,1,0,1739.46,71,462.795948776652,0,50,NA,NA,0,6.93889390390723e-18,0.0713475991333587,0.928652400866641,1,1607.93484662151,1870.98515337849,71,71,NA,NA
30,1.5,0.5,0.2,0.001,1,50,1,0,1,0,2752.14,71,746.546416124658,0,50,NA,NA,0,6.93889390390723e-18,0.0713475991333587,0.928652400866641,1,2539.97385605577,2964.30614394423,71,71,NA,NA
30,1.5,0.5,0.2,0.001,1.5,50,1,0,1,0,8991.62,71,3777.62064673152,0,50,NA,NA,0,6.93889390390723e-18,0.0713475991333587,0.928652400866641,1,7918.03209094316,10065.2079090568,71,71,NA,NA
30,1.5,0.5,0.2,0.01,0.5,50,1,0,1,0,3093.74,71,796.248059235773,0,50,NA,NA,0,6.93889390390723e-18,0.0713475991333587,0.928652400866641,1,2867.44880537062,3320.03119462938,71,71,NA,NA
30,1.5,0.5,0.2,0.01,1,50,1,0,1,0,5842.32,71,1075.3116385495,0,50,NA,NA,0,6.93889390390723e-18,0.0713475991333587,0.928652400866641,1,5536.71981364627,6147.92018635373,71,71,NA,NA
30,1.5,0.5,0.2,0.01,1.5,50,1,0,1,0,18190.4,71,5003.72008140556,0,50,NA,NA,0,6.93889390390723e-18,0.0713475991333587,0.928652400866641,1,16768.3584870837,19612.4415129163,71,71,NA,NA
30,1.5,0.5,0.2,0.1,0.5,50,1,0,1,0,8881.64,174,2615.69026875141,0,50,NA,NA,0,6.93889390390723e-18,0.0713475991333587,0.928652400866641,1,8138.26905067007,9625.01094932993,174,174,NA,NA
30,1.5,0.5,0.2,0.1,1,50,1,0,1,0,22069.36,174,6559.0720030523,0,50,NA,NA,0,6.93889390390723e-18,0.0713475991333587,0.928652400866641,1,20205.2923617625,23933.4276382375,174,174,NA,NA
30,1.5,0.5,0.2,0.1,1.5,50,1,0,1,0,77625.7,226.92,21145.4538485033,49.3388285227771,50,NA,NA,0,6.93889390390723e-18,0.0713475991333587,0.928652400866641,1,71616.2285082253,83635.1714917747,212.898060079984,240.941939920016,NA,NA
30,1.5,0.5,0.2,0.5,0.5,50,1,0.02,0.98,0,21079.74,1637,7865.72246590307,0,50,0.447891932746267,NA,1,0.00353925927164624,0.104954435896378,0.895045564103622,0.996460740728354,18844.3264089882,23315.1535910118,1637,1637,NA,NA
30,1.5,0.5,0.2,0.5,1,50,1,0,1,0,63944.66,1637,23357.0418011007,0,50,NA,NA,0,6.93889390390723e-18,0.0713475991333587,0.928652400866641,1,57306.6621664449,70582.6578335551,1637,1637,NA,NA
30,1.5,0.5,0.2,0.5,1.5,50,1,0,1,0,232217,1637,88696.2198060185,0,50,NA,NA,0,6.93889390390723e-18,0.0713475991333587,0.928652400866641,1,207009.813236771,257424.186763229,1637,1637,NA,NA
30,1.5,0.5,0.2,1,0.5,50,1,0,1,0,32149.44,4012,14279.868129729,0,50,NA,NA,0,6.93889390390723e-18,0.0713475991333587,0.928652400866641,1,28091.1463806373,36207.7336193627,4012,4012,NA,NA
30,1.5,0.5,0.2,1,1,50,1,0,0.98,0.02,103361.98,4012,45458.5873948847,0,50,NA,NA,0,6.93889390390723e-18,0.0713475991333587,0.895045564103622,0.996460740728354,90442.7924070959,116281.167592904,4012,4012,NA,NA
30,1.5,0.5,0.2,1,1.5,50,0.68,0,0.68,0,285505.088235294,4078.76470588235,95567.254076484,389.301788273495,34,NA,NA,0,6.93889390390723e-18,0.0713475991333587,0.541897026918559,0.792417837393432,252160.096909655,318850.079560933,3942.930890435,4214.5985213297,NA,NA
30,1.5,0.5,0.2,3,0.5,50,1,0.02,0.94,0.04,73735.58,15397,41601.9858994638,0,50,0.448225233406759,NA,1,0.00353925927164624,0.104954435896378,0.837829083111618,0.979385029651026,61912.4264249947,85558.7335750053,15397,15397,NA,NA
30,1.5,0.5,0.2,3,1,50,0.94,0.02,0.92,0,237010.212765957,15397,100706.909245276,0,47,0.896484284131327,NA,1,0.00353925927164624,0.104954435896378,0.811617530816572,0.968450485911407,207441.556493697,266578.869038217,15397,15397,NA,NA
30,1.5,0.5,0.2,3,1.5,50,0.18,0.02,0.16,0,288148.111111111,17332.3333333333,118222.745165053,3840.30802801025,9,0.448225233406759,NA,1,0.00353925927164624,0.104954435896378,0.0833742067803341,0.28514216063035,197274.064702511,379022.157519711,14380.4112689835,20284.2553976831,NA,NA
30,1.5,0.5,0.2,5,0.5,50,1,0.02,0.94,0.04,114762.5,24106,73138.0276132264,0,50,0.896513320325129,NA,1,0.00353925927164624,0.104954435896378,0.837829083111618,0.979385029651026,93976.9025351612,135548.097464839,24106,24106,NA,NA
30,1.5,0.5,0.2,5,1,50,0.64,0.02,0.62,0,256338.59375,24106,105044.187329278,0,32,0.896513320325129,NA,1,0.00353925927164624,0.104954435896378,0.48150446930993,0.741372106898064,218466.125576886,294211.061923114,24106,24106,NA,NA
30,1.5,0.5,0.2,5,1.5,50,0.16,0.02,0.14,0,295823,29219.125,123965.350915949,7056.78292622475,8,1.34479958483366,NA,1,0.00353925927164624,0.104954435896378,0.0695083342701629,0.261861937105855,192185.373077098,399460.626922902,23319.5068342768,35118.7431657232,NA,NA
30,1.5,0.5,0.2,10,0.5,50,0.96,0.04,0.82,0.1,201978.916666667,59088,104509.668733981,0,48,0.896567085944056,0,2,0.0110388843276198,0.13460090687507,0.692039463256992,0.902298073297658,171632.472187401,232325.361145933,59088,59088,0.896567085944056,0.896567085944056
30,1.5,0.5,0.2,10,1,50,0.3,0.02,0.28,0,255755.133333333,59088,110097.607507979,0,15,1.79308040626918,NA,1,0.00353925927164624,0.104954435896378,0.174741706659112,0.416651236959566,194785.110524961,316725.156141705,59088,59088,NA,NA
30,1.5,0.5,0.2,10,1.5,50,0.08,0.04,0.04,0,185985.25,67443,195248.366267813,16710,4,1.34482374610662,0.633930648225966,2,0.0110388843276198,0.13460090687507,0.0110388843276198,0.13460090687507,-124698.470920841,496668.970920841,40853.6611193546,94032.3388806454,-4.35081715227281,7.04046464448605
30,1.5,0.5,0.3,0.001,0.5,50,1,0,1,0,2987.7,71,1145.91218899965,0,50,NA,NA,0,6.93889390390723e-18,0.0713475991333587,0.928652400866641,1,2662.03535921207,3313.36464078793,71,71,NA,NA
30,1.5,0.5,0.3,0.001,1,50,1,0,1,0,5281.62,71,2531.79719091367,0,50,NA,NA,0,6.93889390390723e-18,0.0713475991333587,0.928652400866641,1,4562.09119958941,6001.14880041059,71,71,NA,NA
30,1.5,0.5,0.3,0.001,1.5,50,1,0,1,0,22438.58,71,14637.4324001506,0,50,NA,NA,0,6.93889390390723e-18,0.0713475991333587,0.928652400866641,1,18278.6677393459,26598.4922606541,71,71,NA,NA
30,1.5,0.5,0.3,0.01,0.5,50,1,0,1,0,4013.7,71,1237.76700273566,0,50,NA,NA,0,6.93889390390723e-18,0.0713475991333587,0.928652400866641,1,3661.93050998615,4365.46949001385,71,71,NA,NA
30,1.5,0.5,0.3,0.01,1,50,1,0,1,0,8357.96,71,2451.00432526117,0,50,NA,NA,0,6.93889390390723e-18,0.0713475991333587,0.928652400866641,1,7661.39227795434,9054.52772204566,71,71,NA,NA
30,1.5,0.5,0.3,0.01,1.5,50,1,0,1,0,30689.5,71,10439.1681568084,0,50,NA,NA,0,6.93889390390723e-18,0.0713475991333587,0.928652400866641,1,27722.7212358439,33656.2787641561,71,71,NA,NA
30,1.5,0.5,0.3,0.1,0.5,50,1,0,1,0,13348.8,174,4817.4855622884,0,50,NA,NA,0,6.93889390390723e-18,0.0713475991333587,0.928652400866641,1,11979.6857518016,14717.9142481984,174,174,NA,NA
30,1.5,0.5,0.3,0.1,1,50,1,0,1,0,34653.42,174,10657.2349442402,0,50,NA,NA,0,6.93889390390723e-18,0.0713475991333587,0.928652400866641,1,31624.6673405677,37682.1726594323,174,174,NA,NA
30,1.5,0.5,0.3,0.1,1.5,50,1,0,1,0,139794.96,213.2,55311.9257502616,48.4974226119286,50,NA,NA,0,6.93889390390723e-18,0.0713475991333587,0.928652400866641,1,124075.484630362,155514.435369638,199.417184994042,226.982815005958,NA,NA
30,1.5,0.5,0.3,0.5,0.5,50,1,0.02,0.98,0,40906.96,1637,21848.5721804629,0,50,1.34383656414251,NA,1,0.00353925927164624,0.104954435896378,0.895045564103622,0.996460740728354,34697.664489241,47116.255510759,1637,1637,NA,NA
30,1.5,0.5,0.3,0.5,1,50,1,0,1,0,123566.96,1637,51344.5660741748,0,50,NA,NA,0,6.93889390390723e-18,0.0713475991333587,0.928652400866641,1,108974.995774927,138158.924225073,1637,1637,NA,NA
30,1.5,0.5,0.3,0.5,1.5,50,0.5,0,0.5,0,305829.92,1637,86904.1485910003,0,25,NA,NA,0,6.93889390390723e-18,0.0713475991333587,0.366445143168286,0.633554856831714,269957.650544705,341702.189455295,1637,1637,NA,NA
30,1.5,0.5,0.3,1,0.5,50,1,0.02,0.94,0.04,72163.48,4012,46099.9284488532,0,50,2.2402611358532,NA,1,0.00353925927164624,0.104954435896378,0.837829083111618,0.979385029651026,59062.0252962578,85264.9347037422,4012,4012,NA,NA
30,1.5,0.5,0.3,1,1,50,0.96,0,0.96,0,206091.0625,4012,94376.1310135201,0,48,NA,NA,0,6.93889390390723e-18,0.0713475991333587,0.86539909312493,0.98896111567238,178687.090650661,233495.034349339,4012,4012,NA,NA
30,1.5,0.5,0.3,1,1.5,50,0.12,0,0.12,0,254848.166666667,4012,117761.30006826,0,6,NA,NA,0,6.93889390390723e-18,0.0713475991333587,0.0561760015093228,0.23804817383203,131265.26137455,378431.071958784,4012,4012,NA,NA
30,1.5,0.5,0.3,3,0.5,50,0.96,0.06,0.9,0,178217.854166667,15397,116200.092911485,0,48,1.94217035009357,1.44041209402527,3,0.020614970348974,0.162170916888382,0.786397685625204,0.95652423506811,144476.864354522,211958.843978812,15397,15397,-1.63601165313587,5.52035235332301
30,1.5,0.5,0.3,3,1,50,0.38,0,0.38,0,272207.368421053,15397,103014.458127224,0,19,NA,NA,0,6.93889390390723e-18,0.0713475991333587,0.258627893101936,0.51849553069007,222555.988945122,321858.747896984,15397,15397,NA,NA
30,1.5,0.5,0.3,3,1.5,50,0.04,0,0.04,0,223754,15397,185609.873207219,0,2,NA,NA,0,6.93889390390723e-18,0.0713475991333587,0.0110388843276198,0.13460090687507,-1443884.54680398,1891392.54680398,15397,15397,NA,NA
30,1.5,0.5,0.3,5,0.5,50,0.76,0.04,0.72,0,208058,24106,116742.761338418,0,38,2.91330146999306,1.58410384079048,2,0.0110388843276198,0.13460090687507,0.583348763040434,0.825258293340888,169685.609206133,246430.390793867,24106,24106,-11.31930685733,17.1459097973161
30,1.5,0.5,0.3,5,1,50,0.14,0,0.14,0,234357.285714286,24106,122794.378007456,0,7,NA,NA,0,6.93889390390723e-18,0.0713475991333587,0.0695083342701629,0.261861937105855,120791.427296732,347923.14413184,24106,24106,NA,NA
30,1.5,0.5,0.3,5,1.5,50,0.04,0,0.04,0,223754,24106,185609.873207219,0,2,NA,NA,0,6.93889390390723e-18,0.0713475991333587,0.0110388843276198,0.13460090687507,-1443884.54680398,1891392.54680398,24106,24106,NA,NA
30,1.5,0.5,0.3,10,0.5,50,0.42,0.04,0.36,0.02,228144.047619048,59088,122196.796851422,0,21,3.80986855593712,1.58410384079048,2,0.0110388843276198,0.13460090687507,0.241387496518467,0.498589831238873,172520.732572531,283767.362665565,59088,59088,-10.4227397713859,18.0424768832602
30,1.5,0.5,0.3,10,1,50,0.06,0,0.06,0,224752.333333333,59088,131257.390360822,0,3,NA,NA,0,6.93889390390723e-18,0.0713475991333587,0.020614970348974,0.162170916888382,-101309.100007919,550813.766674585,59088,59088,NA,NA
30,1.5,0.5,0.3,10,1.5,50,0.02,0,0.02,0,226749,59088,NA,NA,1,NA,NA,0,6.93889390390723e-18,0.0713475991333587,0.00353925927164624,0.104954435896378,NA,NA,NA,NA,NA,NA
30,1.5,0.5,0.4,0.001,0.5,50,0.8,0,0.8,0,23240.6,71,54308.4869146996,0,40,NA,NA,0,6.93889390390723e-18,0.0713475991333587,0.669628940677746,0.887562499842239,5871.90326173682,40609.2967382632,71,71,NA,NA
30,1.5,0.5,0.4,0.001,1,50,0.5,0,0.5,0,45531.6,71,68983.2583602717,0,25,NA,NA,0,6.93889390390723e-18,0.0713475991333587,0.366445143168286,0.633554856831714,17056.7104587642,74006.4895412358,71,71,NA,NA
30,1.5,0.5,0.4,0.001,1.5,50,0.26,0,0.24,0.02,114610.846153846,71,91207.2496431855,0,13,NA,NA,0,6.93889390390723e-18,0.0713475991333587,0.142973913969917,0.374126837579429,59494.856808871,169726.835498821,71,71,NA,NA
30,1.5,0.5,0.4,0.01,0.5,50,0.8,0,0.8,0,16433.775,71,21708.5753533288,0,40,NA,NA,0,6.93889390390723e-18,0.0713475991333587,0.669628940677746,0.887562499842239,9491.03578275904,23376.514217241,71,71,NA,NA
30,1.5,0.5,0.4,0.01,1,50,0.46,0,0.46,0,40237.6086956522,71,71942.759034678,0,23,NA,NA,0,6.93889390390723e-18,0.0713475991333587,0.329696521922244,0.596011286008425,9127.22675928513,71347.9906320193,71,71,NA,NA
30,1.5,0.5,0.4,0.01,1.5,50,0.24,0,0.22,0.02,69413.25,71,51037.1171120944,0,12,NA,NA,0,6.93889390390723e-18,0.0713475991333587,0.127539159702144,0.352415495812537,36985.8128582313,101840.687141769,71,71,NA,NA
30,1.5,0.5,0.4,0.1,0.5,50,0.76,0,0.76,0,38122,174,19402.8301265284,0,38,NA,NA,0,6.93889390390723e-18,0.0713475991333587,0.625873162420571,0.857026086030083,31744.44843632,44499.55156368,174,174,NA,NA
30,1.5,0.5,0.4,0.1,1,50,0.52,0,0.52,0,77285.5384615385,174,38636.8641680256,0,26,NA,NA,0,6.93889390390723e-18,0.0713475991333587,0.385117448900446,0.652028647134219,61679.7712940634,92891.3056290136,174,174,NA,NA
30,1.5,0.5,0.4,0.1,1.5,50,0.28,0.02,0.26,0,177084.214285714,230,121932.490571425,50.3281539192834,14,1.34312218925468,NA,1,0.00353925927164624,0.104954435896378,0.158715274935524,0.395531572648488,106682.490235273,247485.938336155,200.941389062188,259.058610937812,NA,NA
30,1.5,0.5,0.4,0.5,0.5,50,0.44,0.02,0.42,0,114285.727272727,1637,100060.431365575,0,22,1.34383656414251,NA,1,0.00353925927164624,0.104954435896378,0.29375003354712,0.557665582314218,69921.4173623605,158650.037183093,1637,1637,NA,NA
30,1.5,0.5,0.4,0.5,1,50,0.26,0,0.26,0,201955.538461538,1637,111032.868438146,0,13,NA,NA,0,6.93889390390723e-18,0.0713475991333587,0.158715274935524,0.395531572648488,134859.04758258,269052.029340496,1637,1637,NA,NA
30,1.5,0.5,0.4,0.5,1.5,50,0.12,0.02,0.1,0,225789.166666667,1637,151091.452296173,0,6,3.13794070032982,NA,1,0.00353925927164624,0.104954435896378,0.0434757649318904,0.213602314374797,67228.4117434191,384349.921589915,1637,1637,NA,NA
30,1.5,0.5,0.4,1,0.5,50,0.3,0.02,0.26,0.02,139919.6,4012,129256.261179543,0,15,2.2402611358532,NA,1,0.00353925927164624,0.104954435896378,0.158715274935524,0.395531572648488,68339.8684270815,211499.331572919,4012,4012,NA,NA
30,1.5,0.5,0.4,1,1,50,0.16,0,0.16,0,230737.875,4012,118540.217319376,0,8,NA,NA,0,6.93889390390723e-18,0.0713475991333587,0.0833742067803341,0.28514216063035,131635.773266469,329839.976733531,4012,4012,NA,NA
30,1.5,0.5,0.4,1,1.5,50,0.08,0.02,0.06,0,234205,4012,167388.954177588,0,4,4.03436527204051,NA,1,0.00353925927164624,0.104954435896378,0.020614970348974,0.162170916888382,-32148.1793838844,500558.179383884,4012,4012,NA,NA
30,1.5,0.5,0.4,3,0.5,50,0.18,0.04,0.14,0,165723.888888889,15397,143199.037254484,0,9,2.46501338307469,1.58410384079048,2,0.0110388843276198,0.13460090687507,0.0695083342701629,0.261861937105855,55651.3648668572,275796.412910921,15397,15397,-11.7675949442484,16.6976217103977
30,1.5,0.5,0.4,3,1,50,0.04,0,0.04,0,290874.5,15397,90687.1517939559,0,2,NA,NA,0,6.93889390390723e-18,0.0713475991333587,0.0110388843276198,0.13460090687507,-523917.23180957,1105666.23180957,15397,15397,NA,NA
30,1.5,0.5,0.4,3,1.5,50,0.02,0.02,0,0,71,15397,NA,NA,1,5.3792480871886,NA,1,0.00353925927164624,0.104954435896378,6.93889390390723e-18,0.0713475991333587,NA,NA,NA,NA,NA,NA
30,1.5,0.5,0.4,5,0.5,50,0.14,0.04,0.1,0,163586.857142857,24106,153092.819684038,0,7,2.91330146999306,1.58410384079048,2,0.0110388843276198,0.13460090687507,0.0434757649318904,0.213602314374797,21999.613760054,305174.10052566,24106,24106,-11.31930685733,17.1459097973161
30,1.5,0.5,0.4,5,1,50,0.02,0,0.02,0,355000,24106,NA,NA,1,NA,NA,0,6.93889390390723e-18,0.0713475991333587,0.00353925927164624,0.104954435896378,NA,NA,NA,NA,NA,NA
30,1.5,0.5,0.4,5,1.5,50,0.02,0.02,0,0,71,24106,NA,NA,1,5.82753617410697,NA,1,0.00353925927164624,0.104954435896378,6.93889390390723e-18,0.0713475991333587,NA,NA,NA,NA,NA,NA
30,1.5,0.5,0.4,10,0.5,50,0.06,0.04,0.02,0,32315.6666666667,59088,52158.8995314638,0,3,3.80986855593712,1.58410384079048,2,0.0110388843276198,0.13460090687507,0.00353925927164624,0.104954435896378,-97254.2226628392,161885.555996173,59088,59088,-10.4227397713859,18.0424768832602
30,1.5,0.5,0.4,10,1,50,0,0,0,0,NA,NA,NA,NA,0,NA,NA,0,6.93889390390723e-18,0.0713475991333587,6.93889390390723e-18,0.0713475991333587,NA,NA,NA,NA,NA,NA
30,1.5,0.5,0.4,10,1.5,50,0.02,0.02,0,0,71,59088,NA,NA,1,6.72410326005103,NA,1,0.00353925927164624,0.104954435896378,6.93889390390723e-18,0.0713475991333587,NA,NA,NA,NA,NA,NA
30,1.5,0.6,0.2,0.001,0.5,50,1,0,1,0,1267.28,71,313.738031888168,0,50,NA,NA,0,6.93889390390723e-18,0.0713475991333587,0.928652400866641,1,1178.11663788796,1356.44336211204,71,71,NA,NA
30,1.5,0.6,0.2,0.001,1,50,1,0,1,0,1920.64,71,491.618557959941,0,50,NA,NA,0,6.93889390390723e-18,0.0713475991333587,0.928652400866641,1,1780.92355172444,2060.35644827556,71,71,NA,NA
30,1.5,0.6,0.2,0.001,1.5,50,1,0,1,0,5031.08,71,1319.35901010719,0,50,NA,NA,0,6.93889390390723e-18,0.0713475991333587,0.928652400866641,1,4656.12231805758,5406.03768194242,71,71,NA,NA
30,1.5,0.6,0.2,0.01,0.5,50,1,0,1,0,2231.22,71,506.028082224692,0,50,NA,NA,0,6.93889390390723e-18,0.0713475991333587,0.928652400866641,1,2087.40841023921,2375.03158976079,71,71,NA,NA
30,1.5,0.6,0.2,0.01,1,50,1,0,1,0,3862.04,71,820.170986652746,0,50,NA,NA,0,6.93889390390723e-18,0.0713475991333587,0.928652400866641,1,3628.94998462446,4095.13001537554,71,71,NA,NA
30,1.5,0.6,0.2,0.01,1.5,50,1,0,1,0,11917.68,71,2952.29657710462,0,50,NA,NA,0,6.93889390390723e-18,0.0713475991333587,0.928652400866641,1,11078.6465962961,12756.7134037039,71,71,NA,NA
30,1.5,0.6,0.2,0.1,0.5,50,1,0,1,0,5851.56,174,1206.3776468995,0,50,NA,NA,0,6.93889390390723e-18,0.0713475991333587,0.928652400866641,1,5508.71126621082,6194.40873378918,174,174,NA,NA
30,1.5,0.6,0.2,0.1,1,50,1,0,1,0,13973.78,174,3893.69960629754,0,50,NA,NA,0,6.93889390390723e-18,0.0713475991333587,0.928652400866641,1,12867.2028156453,15080.3571843547,174,174,NA,NA
30,1.5,0.6,0.2,0.1,1.5,50,1,0,1,0,43461.3,219.08,12250.4648678975,49.3388285227771,50,NA,NA,0,6.93889390390723e-18,0.0713475991333587,0.928652400866641,1,39979.7564061826,46942.8435938174,205.058060079984,233.101939920016,NA,NA
30,1.5,0.6,0.2,0.5,0.5,50,1,0,0.98,0.02,11272.66,1637,3514.14531432667,0,50,NA,NA,0,6.93889390390723e-18,0.0713475991333587,0.895045564103622,0.996460740728354,10273.9509519133,12271.3690480867,1637,1637,NA,NA
30,1.5,0.6,0.2,0.5,1,50,1,0.02,0.98,0,28445.04,1637,10985.0643425795,0,50,0.896332403834489,NA,1,0.00353925927164624,0.104954435896378,0.895045564103622,0.996460740728354,25323.1192564206,31566.9607435794,1637,1637,NA,NA
30,1.5,0.6,0.2,0.5,1.5,50,1,0,1,0,95916.78,1637,41360.3493715211,0,50,NA,NA,0,6.93889390390723e-18,0.0713475991333587,0.928652400866641,1,84162.2987664089,107671.261233591,1637,1637,NA,NA
30,1.5,0.6,0.2,1,0.5,50,1,0.04,0.96,0,15541.22,4012,6137.00181498611,0,50,0.672267997214223,0.317005267748,2,0.0110388843276198,0.13460090687507,0.86539909312493,0.98896111567238,13797.1033820094,17285.3366179906,4012,4012,-2.17591133129749,3.52044732572594
30,1.5,0.6,0.2,1,1,50,1,0.02,0.98,0,41190.14,4012,18527.1701607038,0,50,1.79275697554518,NA,1,0.00353925927164624,0.104954435896378,0.895045564103622,0.996460740728354,35924.7764990937,46455.5035009063,4012,4012,NA,NA
30,1.5,0.6,0.2,1,1.5,50,1,0,1,0,107622.44,4012,56421.260304728,0,50,NA,NA,0,6.93889390390723e-18,0.0713475991333587,0.928652400866641,1,91587.6952382903,123657.18476171,4012,4012,NA,NA
30,1.5,0.6,0.2,3,0.5,50,1,0.06,0.84,0.1,29432.84,15397,13016.9513443205,0,50,1.64359530295199,0.684746176128369,3,0.020614970348974,0.162170916888382,0.71485783936965,0.916625793219666,25733.4633598032,33132.2166401968,15397,15397,-0.0574084961453249,3.34459910204931
30,1.5,0.6,0.2,3,1,50,1,0.04,0.94,0.02,67732.86,15397,40181.1423086116,0,50,2.0170620374123,1.58473625638352,2,0.0110388843276198,0.13460090687507,0.837829083111618,0.979385029651026,56313.5057056661,79152.2142943339,15397,15397,-12.2212283185784,16.255352393403
30,1.5,0.6,0.2,3,1.5,50,1,0.02,0.98,0,144439.42,15745.36,100183.407751879,1723.93491235627,50,0.448225233406759,NA,1,0.00353925927164624,0.104954435896378,0.895045564103622,0.996460740728354,115967.610544069,172911.229455931,15255.423118829,16235.296881171,NA,NA
30,1.5,0.6,0.2,5,0.5,50,1,0.16,0.66,0.18,42866.98,24378.7,24552.2781972073,1928.28019229572,50,1.06463609772414,0.926043214643577,8,0.0833742067803341,0.28514216063035,0.521538260502326,0.775630507774999,35889.2997410973,49844.6602589027,23830.6888328349,24926.7111671651,0.290444595948876,1.8388275994994
30,1.5,0.6,0.2,5,1,50,1,0.06,0.9,0.04,97406.04,24378.7,67589.3282453038,1928.28019229572,50,1.7929961118599,1.6161294055257,3,0.020614970348974,0.162170916888382,0.786397685625204,0.95652423506811,78197.3654476159,116614.714552384,23830.6888328349,24926.7111671651,-2.22169189147513,5.80768411519493
30,1.5,0.6,0.2,5,1.5,50,0.88,0.02,0.74,0.12,132385.454545455,30613.6136363636,92312.4407513039,6889.18966853955,44,1.34479958483366,NA,1,0.00353925927164624,0.104954435896378,0.604468427351512,0.841284725064476,104319.907351784,160451.001739126,28519.1085382973,32708.1187344299,NA,NA
30,1.5,0.6,0.2,10,0.5,50,1,0.32,0.42,0.26,72364.42,59088,42724.4852013217,0,50,1.0366358986202,0.978256362054349,16,0.207582162606568,0.458102973081441,0.29375003354712,0.557665582314218,60222.2556531105,84506.5843468895,59088,59088,0.515359879034775,1.55791191820563
30,1.5,0.6,0.2,10,1,50,1,0.1,0.72,0.18,142520.78,59088,104062.27135932,0,50,1.79305024725659,1.67718249898106,5,0.0434757649318904,0.213602314374797,0.583348763040434,0.825258293340888,112946.609703938,172094.950296062,59088,59088,-0.289446880145614,3.87554737465879
30,1.5,0.6,0.2,10,1.5,50,0.78,0.12,0.6,0.06,157348.692307692,59944.9230769231,105806.597089405,5351.48290016601,39,0.672414085574468,0.549012131524855,6,0.0561760015093228,0.23804817383203,0.461814377475894,0.723916102697434,123050.161274358,191647.223341026,58210.1730010785,61679.6731527677,0.0962611880170235,1.24856698313191
30,1.5,0.6,0.3,0.001,0.5,50,1,0,1,0,1713.54,71,567.554410229917,0,50,NA,NA,0,6.93889390390723e-18,0.0713475991333587,0.928652400866641,1,1552.24282128992,1874.83717871008,71,71,NA,NA
30,1.5,0.6,0.3,0.001,1,50,1,0,1,0,3113.92,71,925.573640991336,0,50,NA,NA,0,6.93889390390723e-18,0.0713475991333587,0.928652400866641,1,2850.87488170053,3376.96511829947,71,71,NA,NA
30,1.5,0.6,0.3,0.001,1.5,50,1,0,1,0,9722.66,71,3729.2247408483,0,50,NA,NA,0,6.93889390390723e-18,0.0713475991333587,0.928652400866641,1,8662.82605521403,10782.493944786,71,71,NA,NA
30,1.5,0.6,0.3,0.01,0.5,50,1,0,1,0,2743.22,71,822.695998358012,0,50,NA,NA,0,6.93889390390723e-18,0.0713475991333587,0.928652400866641,1,2509.41238423773,2977.02761576227,71,71,NA,NA
30,1.5,0.6,0.3,0.01,1,50,1,0,1,0,5808.26,71,1136.02538075269,0,50,NA,NA,0,6.93889390390723e-18,0.0713475991333587,0.928652400866641,1,5485.40515902675,6131.11484097325,71,71,NA,NA
30,1.5,0.6,0.3,0.01,1.5,50,1,0,1,0,17963.32,71,5658.86766433436,0,50,NA,NA,0,6.93889390390723e-18,0.0713475991333587,0.928652400866641,1,16355.0876041297,19571.5523958703,71,71,NA,NA
30,1.5,0.6,0.3,0.1,0.5,50,1,0,1,0,7569.78,174,2630.15856036344,0,50,NA,NA,0,6.93889390390723e-18,0.0713475991333587,0.928652400866641,1,6822.29720768953,8317.26279231046,174,174,NA,NA
30,1.5,0.6,0.3,0.1,1,50,1,0,1,0,20154.68,174,4911.03893759056,0,50,NA,NA,0,6.93889390390723e-18,0.0713475991333587,0.928652400866641,1,18758.9781767197,21550.3818232803,174,174,NA,NA
30,1.5,0.6,0.3,0.1,1.5,50,1,0,1,0,67375,219.08,18889.118944244,49.3388285227771,50,NA,NA,0,6.93889390390723e-18,0.0713475991333587,0.928652400866641,1,62006.771792961,72743.228207039,205.058060079984,233.101939920016,NA,NA
30,1.5,0.6,0.3,0.5,0.5,50,1,0.02,0.98,0,19586.74,1637,8117.35248336449,0,50,0.896332403834489,NA,1,0.00353925927164624,0.104954435896378,0.895045564103622,0.996460740728354,17279.8139492774,21893.6660507226,1637,1637,NA,NA
30,1.5,0.6,0.3,0.5,1,50,1,0,1,0,56395.16,1637,21769.6358582878,0,50,NA,NA,0,6.93889390390723e-18,0.0713475991333587,0.928652400866641,1,50208.2979437875,62582.0220562125,1637,1637,NA,NA
30,1.5,0.6,0.3,0.5,1.5,50,1,0,1,0,190621.84,1655.52,74779.1586607839,130.956175875749,50,NA,NA,0,6.93889390390723e-18,0.0713475991333587,0.928652400866641,1,169369.838251989,211873.841748011,1618.30266660837,1692.73733339163,NA,NA
30,1.5,0.6,0.3,1,0.5,50,1,0.04,0.96,0,28783.7,4012,15801.4466868689,0,50,1.12043419913147,0.950807988696607,2,0.0110388843276198,0.13460090687507,0.86539909312493,0.98896111567238,24292.9785393084,33274.4214606916,4012,4012,-7.42223664677457,9.66310504503751
30,1.5,0.6,0.3,1,1,50,1,0,1,0,85063.86,4012,43931.9110070926,0,50,NA,NA,0,6.93889390390723e-18,0.0713475991333587,0.928652400866641,1,72578.549035866,97549.170964134,4012,4012,NA,NA
30,1.5,0.6,0.3,1,1.5,50,0.84,0,0.84,0,234263.523809524,4228.19047619048,101783.293464832,674.420988812616,42,NA,NA,0,6.93889390390723e-18,0.0713475991333587,0.71485783936965,0.916625793219666,202545.616733071,265981.430885977,4018.02610121907,4438.35485116189,NA,NA
30,1.5,0.6,0.3,3,0.5,50,1,0.02,0.94,0.04,71057.62,15397,43128.3900061911,0,50,3.13763979069327,NA,1,0.00353925927164624,0.104954435896378,0.837829083111618,0.979385029651026,58800.667177647,83314.572822353,15397,15397,NA,NA
30,1.5,0.6,0.3,3,1,50,0.94,0,0.94,0,171992.978723404,15397,96211.0824845421,0,47,NA,NA,0,6.93889390390723e-18,0.0713475991333587,0.837829083111618,0.979385029651026,143744.346639594,200241.610807214,15397,15397,NA,NA
30,1.5,0.6,0.3,3,1.5,50,0.48,0,0.48,0,223612,17211.375,113892.287400058,3612.93837794476,24,NA,NA,0,6.93889390390723e-18,0.0713475991333587,0.347971352865781,0.614882551099554,175519.504860489,271704.495139511,15685.7649227317,18736.9850772683,NA,NA
30,1.5,0.6,0.3,5,0.5,50,1,0.08,0.92,0,101702.16,24651.4,68554.4049595767,2699.03002985162,50,1.23269757898923,1.56882019908184,4,0.031549514088593,0.188382469183428,0.811617530816572,0.968450485911407,82219.2136801074,121185.106319893,23884.3441526276,25418.4558473724,-1.263645444122,3.72904060210046
30,1.5,0.6,0.3,5,1,50,0.82,0,0.82,0,213738.12195122,25768.8048780488,112661.848235593,4517.2015740916,41,NA,NA,0,6.93889390390723e-18,0.0713475991333587,0.692039463256992,0.902298073297658,178177.654833583,249298.589068857,24343.0001308791,27194.6096252185,NA,NA
30,1.5,0.6,0.3,5,1.5,50,0.4,0,0.4,0,203400.75,32968.75,94761.3578949358,6672.430212015,20,NA,NA,0,6.93889390390723e-18,0.0713475991333587,0.276083897302565,0.538185622524106,159051.069333256,247750.430666744,29845.9565349455,36091.5434650545,NA,NA
30,1.5,0.6,0.3,10,0.5,50,0.96,0.06,0.8,0.1,182461.270833333,59088,107273.475910422,0,48,1.94244762364509,2.21113557035225,3,0.020614970348974,0.162170916888382,0.669628940677746,0.887562499842239,151312.300405537,213610.241261129,59088,59088,-3.55031763245951,7.43521287974969
30,1.5,0.6,0.3,10,1,50,0.52,0.02,0.48,0.02,240337.230769231,59088,114099.689341666,0,26,0.448280821435524,NA,1,0.00353925927164624,0.104954435896378,0.347971352865781,0.614882551099554,194251.368883451,286423.092655011,59088,59088,NA,NA
30,1.5,0.6,0.3,10,1.5,50,0.32,0,0.28,0.04,215819,65354.25,110342.947346292,13472.0326974069,16,NA,NA,0,6.93889390390723e-18,0.0713475991333587,0.174741706659112,0.416651236959566,157021.393755755,274616.606244245,58175.5105073364,72532.9894926636,NA,NA
30,1.5,0.6,0.4,0.001,0.5,50,1,0,1,0,3221.26,71,1113.98028433072,0,50,NA,NA,0,6.93889390390723e-18,0.0713475991333587,0.928652400866641,1,2904.67030610897,3537.84969389103,71,71,NA,NA
30,1.5,0.6,0.4,0.001,1,50,1,0,1,0,6130.04,71,3223.30524341783,0,50,NA,NA,0,6.93889390390723e-18,0.0713475991333587,0.928652400866641,1,5213.98678551775,7046.09321448225,71,71,NA,NA
30,1.5,0.6,0.4,0.001,1.5,50,1,0,1,0,23041.22,71,16282.2107312721,0,50,NA,NA,0,6.93889390390723e-18,0.0713475991333587,0.928652400866641,1,18413.8669096536,27668.5730903464,71,71,NA,NA
30,1.5,0.6,0.4,0.01,0.5,50,1,0,1,0,4129.44,71,1206.11077028774,0,50,NA,NA,0,6.93889390390723e-18,0.0713475991333587,0.928652400866641,1,3786.66711170469,4472.21288829531,71,71,NA,NA
30,1.5,0.6,0.4,0.01,1,50,1,0,1,0,8561.9,71,2362.83668370828,0,50,NA,NA,0,6.93889390390723e-18,0.0713475991333587,0.928652400866641,1,7890.38924444015,9233.41075555985,71,71,NA,NA
30,1.5,0.6,0.4,0.01,1.5,50,1,0,1,0,31993.7,71,13287.1348368815,0,50,NA,NA,0,6.93889390390723e-18,0.0713475991333587,0.928652400866641,1,28217.5380608105,35769.8619391895,71,71,NA,NA
30,1.5,0.6,0.4,0.1,0.5,50,1,0,1,0,13313.9,174,4045.20183523086,0,50,NA,NA,0,6.93889390390723e-18,0.0713475991333587,0.928652400866641,1,12164.2663585818,14463.5336414182,174,174,NA,NA
30,1.5,0.6,0.4,0.1,1,50,1,0,1,0,33334,174,10517.9142690663,0,50,NA,NA,0,6.93889390390723e-18,0.0713475991333587,0.928652400866641,1,30344.8418383577,36323.1581616423,174,174,NA,NA
30,1.5,0.6,0.4,0.1,1.5,50,1,0,1,0,125301.48,224.96,43726.4005384689,49.4578608514359,50,NA,NA,0,6.93889390390723e-18,0.0713475991333587,0.928652400866641,1,112874.57446482,137728.38553518,210.904231466477,239.015768533523,NA,NA
30,1.5,0.6,0.4,0.5,0.5,50,1,0,1,0,40368.02,1637,16436.3970212577,0,50,NA,NA,0,6.93889390390723e-18,0.0713475991333587,0.928652400866641,1,35696.8476508792,45039.1923491208,1637,1637,NA,NA
30,1.5,0.6,0.4,0.5,1,50,1,0,1,0,120107.88,1637,45045.3480293731,0,50,NA,NA,0,6.93889390390723e-18,0.0713475991333587,0.928652400866641,1,107306.133735341,132909.626264659,1637,1637,NA,NA
30,1.5,0.6,0.4,0.5,1.5,50,0.5,0,0.5,0,310031.44,1637,92588.9853240654,0,25,NA,NA,0,6.93889390390723e-18,0.0713475991333587,0.366445143168286,0.633554856831714,271812.585273413,348250.294726587,1637,1637,NA,NA
30,1.5,0.6,0.4,1,0.5,50,1,0,1,0,74317.3,4012,36263.6064008239,0,50,NA,NA,0,6.93889390390723e-18,0.0713475991333587,0.928652400866641,1,64011.297091951,84623.302908049,4012,4012,NA,NA
30,1.5,0.6,0.4,1,1,50,1,0,0.98,0.02,218515.04,4012,86507.2309420645,0,50,NA,NA,0,6.93889390390723e-18,0.0713475991333587,0.895045564103622,0.996460740728354,193929.956988622,243100.123011378,4012,4012,NA,NA
30,1.5,0.6,0.4,1,1.5,50,0.12,0,0.12,0,276097.333333333,4012,140166.623261983,0,6,NA,NA,0,6.93889390390723e-18,0.0713475991333587,0.0561760015093228,0.23804817383203,129001.483358335,423193.183308332,4012,4012,NA,NA
30,1.5,0.6,0.4,3,0.5,50,0.96,0,0.96,0,199933.458333333,15397,111068.446877908,0,48,NA,NA,0,6.93889390390723e-18,0.0713475991333587,0.86539909312493,0.98896111567238,167682.543203575,232184.373463091,15397,15397,NA,NA
30,1.5,0.6,0.4,3,1,50,0.26,0.02,0.24,0,272820.230769231,15397,108515.3803739,0,13,0.448225233406759,NA,1,0.00353925927164624,0.104954435896378,0.142973913969917,0.374126837579429,207245.042701923,338395.418836539,15397,15397,NA,NA
30,1.5,0.6,0.4,3,1.5,50,0.02,0.02,0,0,9835,15397,NA,NA,1,0.448225233406759,NA,1,0.00353925927164624,0.104954435896378,6.93889390390723e-18,0.0713475991333587,NA,NA,NA,NA,NA,NA
30,1.5,0.6,0.4,5,0.5,50,0.74,0,0.72,0.02,230350.135135135,24843.027027027,117449.515114689,3125.73423806744,37,NA,NA,0,6.93889390390723e-18,0.0713475991333587,0.583348763040434,0.825258293340888,191190.517143195,269509.753127075,23800.8553451131,25885.1987089409,NA,NA
30,1.5,0.6,0.4,5,1,50,0.12,0.02,0.1,0,276097.333333333,24106,140166.623261983,0,6,0.896513320325129,NA,1,0.00353925927164624,0.104954435896378,0.0434757649318904,0.213602314374797,129001.483358335,423193.183308332,24106,24106,NA,NA
30,1.5,0.6,0.4,5,1.5,50,0.02,0.02,0,0,9835,37741,NA,NA,1,1.34479958483366,NA,1,0.00353925927164624,0.104954435896378,6.93889390390723e-18,0.0713475991333587,NA,NA,NA,NA,NA,NA
30,1.5,0.6,0.4,10,0.5,50,0.32,0,0.32,0,240854,59088,99021.6535686345,0,16,NA,NA,0,6.93889390390723e-18,0.0713475991333587,0.207582162606568,0.458102973081441,188089.085375139,293618.914624861,59088,59088,NA,NA
30,1.5,0.6,0.4,10,1,50,0.02,0.02,0,0,9835,59088,NA,NA,1,1.79308040626918,NA,1,0.00353925927164624,0.104954435896378,6.93889390390723e-18,0.0713475991333587,NA,NA,NA,NA,NA,NA
30,1.5,0.6,0.4,10,1.5,50,0.02,0.02,0,0,9835,59088,NA,NA,1,1.79308040626918,NA,1,0.00353925927164624,0.104954435896378,6.93889390390723e-18,0.0713475991333587,NA,NA,NA,NA,NA,NA
30,1.5,0.7,0.2,0.001,0.5,50,1,0,1,0,1037.06,71,248.602823140586,0,50,NA,NA,0,6.93889390390723e-18,0.0713475991333587,0.928652400866641,1,966.407859396084,1107.71214060392,71,71,NA,NA
30,1.5,0.7,0.2,0.001,1,50,1,0,1,0,1573.62,71,439.545121549029,0,50,NA,NA,0,6.93889390390723e-18,0.0713475991333587,0.928652400866641,1,1448.70265860728,1698.53734139272,71,71,NA,NA
30,1.5,0.7,0.2,0.001,1.5,50,1,0,1,0,4152.06,71,796.452117781331,0,50,NA,NA,0,6.93889390390723e-18,0.0713475991333587,0.928652400866641,1,3925.71081257363,4378.40918742637,71,71,NA,NA
30,1.5,0.7,0.2,0.01,0.5,50,1,0,1,0,1823.78,71,442.470259118149,0,50,NA,NA,0,6.93889390390723e-18,0.0713475991333587,0.928652400866641,1,1698.03134370824,1949.52865629176,71,71,NA,NA
30,1.5,0.7,0.2,0.01,1,50,1,0,1,0,3297.96,71,951.271157291063,0,50,NA,NA,0,6.93889390390723e-18,0.0713475991333587,0.928652400866641,1,3027.6117283741,3568.3082716259,71,71,NA,NA
30,1.5,0.7,0.2,0.01,1.5,50,1,0,1,0,8936.88,71,1644.02598966497,0,50,NA,NA,0,6.93889390390723e-18,0.0713475991333587,0.928652400866641,1,8469.65298338396,9404.10701661604,71,71,NA,NA
30,1.5,0.7,0.2,0.1,0.5,50,1,0,1,0,4363.44,174,1487.30658025623,0,50,NA,NA,0,6.93889390390723e-18,0.0713475991333587,0.928652400866641,1,3940.75214673307,4786.12785326693,174,174,NA,NA
30,1.5,0.7,0.2,0.1,1,50,1,0.02,0.98,0,9323.22,174,3257.37568271874,0,50,0.449525097902195,NA,1,0.00353925927164624,0.104954435896378,0.895045564103622,0.996460740728354,8397.48407380308,10248.9559261969,174,174,NA,NA
30,1.5,0.7,0.2,0.1,1.5,50,1,0,1,0,26915.6,223,8259.82361574781,49.4974746830583,50,NA,NA,0,6.93889390390723e-18,0.0713475991333587,0.928652400866641,1,24568.1841014551,29263.0158985449,208.932973340095,237.067026659905,NA,NA
30,1.5,0.7,0.2,0.5,0.5,50,1,0.04,0.96,0,6976.58,1637,2910.42858257778,0,50,0.447891932746267,0,2,0.0110388843276198,0.13460090687507,0.86539909312493,0.98896111567238,6149.4453486865,7803.7146513135,1637,1637,0.447891932746267,0.447891932746267
30,1.5,0.7,0.2,0.5,1,50,1,0.04,0.96,0,15799.8,1637,7832.38231280097,0,50,1.79371138994665,1.26908553274843,2,0.0110388843276198,0.13460090687507,0.86539909312493,0.98896111567238,13573.8615756616,18025.7384243384,1637,1637,-9.60856973353529,13.1959925134286
30,1.5,0.7,0.2,0.5,1.5,50,1,0,1,0,44361.34,1637,21667.4685802924,0,50,NA,NA,0,6.93889390390723e-18,0.0713475991333587,0.928652400866641,1,38203.5135629284,50519.1664370716,1637,1637,NA,NA
30,1.5,0.7,0.2,1,0.5,50,1,0.08,0.78,0.14,8882.26,4012,4679.89310365447,0,50,0.896213963587356,0.517424245191239,4,0.031549514088593,0.188382469183428,0.647584504187463,0.872460840297856,7552.24909588525,10212.2709041148,4012,4012,0.0728765249008212,1.71955140227389
30,1.5,0.7,0.2,1,1,50,1,0.04,0.94,0.02,19487.58,4012,10146.3459152665,0,50,2.69013596165734,1.26908553274843,2,0.0110388843276198,0.13460090687507,0.837829083111618,0.979385029651026,16604.0203961093,22371.1396038907,4012,4012,-8.7121451618246,14.0924170851393
30,1.5,0.7,0.2,1,1.5,50,1,0,0.98,0.02,46824.72,4012,23422.9795269517,0,50,NA,NA,0,6.93889390390723e-18,0.0713475991333587,0.895045564103622,0.996460740728354,40167.9828720995,53481.4571279005,4012,4012,NA,NA
30,1.5,0.7,0.2,3,0.5,50,1,0.38,0.2,0.42,14438.46,15397,7990.53362170461,0,50,1.01457969287342,0.856667554364362,19,0.258627893101936,0.51849553069007,0.112437500157761,0.330371059322254,12167.5754709786,16709.3445290214,15397,15397,0.601679148622323,1.42748023712452
30,1.5,0.7,0.2,3,1,50,1,0.14,0.66,0.2,29338.84,15397,18802.3330416896,0,50,1.66515433615865,1.73105314009243,7,0.0695083342701629,0.261861937105855,0.521538260502326,0.775630507774999,23995.2760735684,34682.4039264316,15397,15397,0.0641971994315724,3.26611147288573
30,1.5,0.7,0.2,3,1.5,50,1,0.04,0.94,0.02,52527.58,15745.36,29484.7908763837,1723.93491235627,50,0.896554024277426,0.634032656451628,2,0.0110388843276198,0.13460090687507,0.837829083111618,0.979385029651026,44148.0951479826,60907.0648520174,15255.423118829,16235.296881171,-4.80000338164691,6.59311143020177
30,1.5,0.7,0.2,5,0.5,50,1,0.56,0.16,0.28,19461.36,26014.9,12051.6599767122,4779.20156959896,50,1.12074699797665,0.858625547327067,28,0.423060280216569,0.688378007887428,0.0833742067803341,0.28514216063035,16036.3161311147,22886.4038688854,24656.6659421397,27373.1340578603,0.787806767943017,1.45368722801028
30,1.5,0.7,0.2,5,1,50,1,0.22,0.54,0.24,37286.6,24378.7,24109.4276546901,1928.28019229572,50,1.54868505215647,1.5578765955084,11,0.127539159702144,0.352415495812537,0.403988713991575,0.670303478077756,30434.7764727353,44138.4235272647,23830.6888328349,24926.7111671651,0.502089314481721,2.59528078983122
30,1.5,0.7,0.2,5,1.5,50,1,0.12,0.64,0.24,56184.74,30650.8,37615.2188147569,6881.20339499315,50,0.821852590822375,0.595842264517379,6,0.0561760015093228,0.23804817383203,0.501410168761127,0.758612503481533,45494.6130940623,66874.8669059377,28695.1836331164,32606.4163668836,0.196554482681507,1.44715069896324
30,1.5,0.7,0.2,10,0.5,50,1,0.74,0.02,0.24,32548.64,59088,21147.5011798905,0,50,1.28430398221655,1.03090566580409,37,0.604468427351512,0.841284725064476,0.00353925927164624,0.104954435896378,26538.5866630829,38558.6933369171,59088,59088,0.940582920284591,1.62802504414851
30,1.5,0.7,0.2,10,1,50,1,0.54,0.24,0.22,56451.5,59088,46836.0061627324,0,50,1.24525750856013,1.32376121695459,27,0.403988713991575,0.670303478077756,0.142973913969917,0.374126837579429,43140.8543245728,69762.1456754272,59088,59088,0.721595011807097,1.76892000531316
30,1.5,0.7,0.2,10,1.5,50,1,0.48,0.32,0.2,71625.24,59329.46,68089.1571351107,5659.87607569679,50,0.709778960731617,0.527389466175747,24,0.347971352865781,0.614882551099554,0.207582162606568,0.458102973081441,52274.5156488469,90975.9643511531,57720.9410167915,60937.9789832085,0.487081920241117,0.932476001222117
30,1.5,0.7,0.3,0.001,0.5,50,1,0,1,0,1345.76,71,310.739313277748,0,50,NA,NA,0,6.93889390390723e-18,0.0713475991333587,0.928652400866641,1,1257.44886428756,1434.07113571244,71,71,NA,NA
30,1.5,0.7,0.3,0.001,1,50,1,0,0.98,0.02,2110.2,71,665.267231866953,0,50,NA,NA,0,6.93889390390723e-18,0.0713475991333587,0.895045564103622,0.996460740728354,1921.13314463906,2299.26685536094,71,71,NA,NA
30,1.5,0.7,0.3,0.001,1.5,50,1,0,1,0,5907.58,71,1835.09271400101,0,50,NA,NA,0,6.93889390390723e-18,0.0713475991333587,0.928652400866641,1,5386.05242113779,6429.10757886221,71,71,NA,NA
30,1.5,0.7,0.3,0.01,0.5,50,1,0,1,0,2322.24,71,410.299022864137,0,50,NA,NA,0,6.93889390390723e-18,0.0713475991333587,0.928652400866641,1,2205.63430788904,2438.84569211096,71,71,NA,NA
30,1.5,0.7,0.3,0.01,1,50,1,0,0.98,0.02,4006.36,71,1095.21714853675,0,50,NA,NA,0,6.93889390390723e-18,0.0713475991333587,0.895045564103622,0.996460740728354,3695.10273030086,4317.61726969914,71,71,NA,NA
30,1.5,0.7,0.3,0.01,1.5,50,1,0,1,0,12180.34,71,3111.41693956897,0,50,NA,NA,0,6.93889390390723e-18,0.0713475991333587,0.928652400866641,1,11296.0850896384,13064.5949103616,71,71,NA,NA
30,1.5,0.7,0.3,0.1,0.5,50,1,0,1,0,5730.56,174,1425.2821870258,0,50,NA,NA,0,6.93889390390723e-18,0.0713475991333587,0.928652400866641,1,5325.49928425319,6135.62071574681,174,174,NA,NA
30,1.5,0.7,0.3,0.1,1,50,1,0.02,0.98,0,13016.06,174,3679.39507234102,0,50,0.896375422173214,NA,1,0.00353925927164624,0.104954435896378,0.895045564103622,0.996460740728354,11970.3874903142,14061.7325096858,174,174,NA,NA
30,1.5,0.7,0.3,0.1,1.5,50,1,0,1,0,42614.64,228.88,11377.2729682594,49.1398005693959,50,NA,NA,0,6.93889390390723e-18,0.0713475991333587,0.928652400866641,1,39381.2547983041,45848.0252016959,214.91462319849,242.84537680151,NA,NA
30,1.5,0.7,0.3,0.5,0.5,50,1,0,1,0,10633.04,1637,3429.80453991781,0,50,NA,NA,0,6.93889390390723e-18,0.0713475991333587,0.928652400866641,1,9658.30033479038,11607.7796652096,1637,1637,NA,NA
30,1.5,0.7,0.3,0.5,1,50,1,0.04,0.96,0,27449.06,1637,10342.4786126668,0,50,1.79291631653804,1.90215172528085,2,0.0110388843276198,0.13460090687507,0.86539909312493,0.98896111567238,24509.7601002483,30388.3598997517,1637,1637,-15.2972388790675,18.8830715121436
30,1.5,0.7,0.3,0.5,1.5,50,1,0,1,0,73917.86,1637,29579.1955058943,0,50,NA,NA,0,6.93889390390723e-18,0.0713475991333587,0.928652400866641,1,65511.5456491314,82324.1743508686,1637,1637,NA,NA
30,1.5,0.7,0.3,1,0.5,50,1,0.02,0.98,0,14429.5,4012,5358.63537780328,0,50,0.448111422717755,NA,1,0.00353925927164624,0.104954435896378,0.895045564103622,0.996460740728354,12906.5926758801,15952.4073241199,4012,4012,NA,NA
30,1.5,0.7,0.3,1,1,50,1,0.04,0.96,0,34348.98,4012,13793.4042511748,0,50,2.91356112379285,1.58505642721587,2,0.0110388843276198,0.13460090687507,0.86539909312493,0.98896111567238,30428.9378852347,38269.0221147653,4012,4012,-11.3276058529958,17.1547281005815
30,1.5,0.7,0.3,1,1.5,50,1,0,1,0,89486,4102.8,44951.8671578789,449.343466649297,50,NA,NA,0,6.93889390390723e-18,0.0713475991333587,0.928652400866641,1,76710.820705069,102261.179294931,3975.09799974072,4230.50200025928,NA,NA
30,1.5,0.7,0.3,3,0.5,50,1,0.06,0.74,0.2,27551.92,15397,12368.5675145029,0,50,0.896481568226456,0.77640274672232,3,0.020614970348974,0.162170916888382,0.604468427351512,0.841284725064476,24036.8120053916,31067.0279946084,15397,15397,-1.032209774413,2.82517291086591
30,1.5,0.7,0.3,3,1,50,1,0.04,0.94,0.02,56342.48,15397,27594.8101843777,0,50,4.25844393894094,1.58505642721587,2,0.0110388843276198,0.13460090687507,0.837829083111618,0.979385029651026,48500.1217175983,64184.8382824017,15397,15397,-9.98272303784776,18.4996109157296
30,1.5,0.7,0.3,3,1.5,50,1,0,0.96,0.04,114808.5,15919.54,74696.5619287085,2089.27113753157,50,NA,NA,0,6.93889390390723e-18,0.0713475991333587,0.86539909312493,0.98896111567238,93579.971983519,136037.028016481,15325.7757124355,16513.3042875645,NA,NA
30,1.5,0.7,0.3,5,0.5,50,1,0.18,0.6,0.22,38906.12,25742.2,18304.7312626422,4475.83495345977,50,0.796924456292617,0.735800936701053,9,0.0977019267023418,0.307960536743008,0.461814377475894,0.723916102697434,33703.9729344627,44108.2670655373,24470.1817805089,27014.2182194911,0.231337788719375,1.36251112386586
30,1.5,0.7,0.3,5,1,50,1,0.08,0.84,0.08,77292.62,24924.1,50416.998646549,3271.00837756837,50,2.57750960078638,2.62340468470483,4,0.031549514088593,0.188382469183428,0.71485783936965,0.916625793219666,62964.2675211183,91620.9724788817,23994.4897047949,25853.7102952051,-1.59691267226505,6.75193187383781
30,1.5,0.7,0.3,5,1.5,50,0.98,0.04,0.9,0.04,126613.571428571,30227.8367346939,82999.4252658314,6852.19488055634,49,0.896574351426901,0,2,0.0110388843276198,0.13460090687507,0.786397685625204,0.95652423506811,102773.352956812,150453.78990033,28259.6565642851,32196.0169051027,0.896574351426901,0.896574351426901
30,1.5,0.7,0.3,10,0.5,50,1,0.34,0.44,0.22,68724.14,59088,37441.8529712243,0,50,0.843825669987184,0.611428513435084,17,0.224369492225001,0.478461739497674,0.311621992112572,0.576939719783431,58083.2831216446,79364.9968783554,59088,59088,0.529458136525842,1.15819320344853
30,1.5,0.7,0.3,10,1,50,1,0.18,0.68,0.14,125916.08,59088,93039.0963965106,0,50,1.74326919635344,2.26855567293929,9,0.0977019267023418,0.307960536743008,0.541897026918559,0.792417837393432,99474.6613659476,152357.498634052,59088,59088,-0.000497057892850705,3.48703545059973
30,1.5,0.7,0.3,10,1.5,50,0.9,0.08,0.66,0.16,152462.288888889,62058.6666666667,91617.4092573474,9618.24364991296,45,1.00863617520596,0.429208271280611,4,0.031549514088593,0.188382469183428,0.521538260502326,0.775630507774999,124937.371976739,179987.205801039,59169.0263739465,64948.3069593869,0.325670036638866,1.69160231377305
30,1.5,0.7,0.4,0.001,0.5,50,1,0,1,0,1830.7,71,601.1226996213,0,50,NA,NA,0,6.93889390390723e-18,0.0713475991333587,0.928652400866641,1,1659.86281900052,2001.53718099948,71,71,NA,NA
30,1.5,0.7,0.4,0.001,1,50,1,0,1,0,3468.04,71,1278.72983791235,0,50,NA,NA,0,6.93889390390723e-18,0.0713475991333587,0.928652400866641,1,3104.62900103675,3831.45099896325,71,71,NA,NA
30,1.5,0.7,0.4,0.001,1.5,50,1,0,1,0,10834.06,71,4503.72574295495,0,50,NA,NA,0,6.93889390390723e-18,0.0713475991333587,0.928652400866641,1,9554.11530583703,12114.004694163,71,71,NA,NA
30,1.5,0.7,0.4,0.01,0.5,50,1,0,1,0,2969.76,71,811.828989733323,0,50,NA,NA,0,6.93889390390723e-18,0.0713475991333587,0.928652400866641,1,2739.04075391751,3200.47924608249,71,71,NA,NA
30,1.5,0.7,0.4,0.01,1,50,1,0,1,0,5970.12,71,1211.45182996541,0,50,NA,NA,0,6.93889390390723e-18,0.0713475991333587,0.928652400866641,1,5625.82919933928,6314.41080066072,71,71,NA,NA
30,1.5,0.7,0.4,0.01,1.5,50,1,0,1,0,17293.96,71,5113.22971124905,0,50,NA,NA,0,6.93889390390723e-18,0.0713475991333587,0.928652400866641,1,15840.7961946357,18747.1238053643,71,71,NA,NA
30,1.5,0.7,0.4,0.1,0.5,50,1,0,1,0,8365.08,174,1986.48918939717,0,50,NA,NA,0,6.93889390390723e-18,0.0713475991333587,0.928652400866641,1,7800.52601889706,8929.63398110294,174,174,NA,NA
30,1.5,0.7,0.4,0.1,1,50,1,0,1,0,20735.56,174,5425.65928340435,0,50,NA,NA,0,6.93889390390723e-18,0.0713475991333587,0.928652400866641,1,19193.6046926653,22277.5153073347,174,174,NA,NA
30,1.5,0.7,0.4,0.1,1.5,50,1,0,1,0,62083.78,223,17574.2333978481,49.4974746830583,50,NA,NA,0,6.93889390390723e-18,0.0713475991333587,0.928652400866641,1,57089.2381305835,67078.3218694165,208.932973340095,237.067026659905,NA,NA
30,1.5,0.7,0.4,0.5,0.5,50,1,0,1,0,18630.44,1637,5646.59779148254,0,50,NA,NA,0,6.93889390390723e-18,0.0713475991333587,0.928652400866641,1,17025.6946634115,20235.1853365885,1637,1637,NA,NA
30,1.5,0.7,0.4,0.5,1,50,1,0,1,0,51102.98,1637,19517.7557691682,0,50,NA,NA,0,6.93889390390723e-18,0.0713475991333587,0.928652400866641,1,45556.0951840688,56649.8648159312,1637,1637,NA,NA
30,1.5,0.7,0.4,0.5,1.5,50,1,0,1,0,164254.98,1637,58198.7066454545,0,50,NA,NA,0,6.93889390390723e-18,0.0713475991333587,0.928652400866641,1,147715.090577443,180794.869422557,1637,1637,NA,NA
30,1.5,0.7,0.4,1,0.5,50,1,0.02,0.98,0,27637.18,4012,8925.90506630297,0,50,0.448111422717755,NA,1,0.00353925927164624,0.104954435896378,0.895045564103622,0.996460740728354,25100.4658477033,30173.8941522967,4012,4012,NA,NA
30,1.5,0.7,0.4,1,1,50,1,0.02,0.98,0,76983.7,4012,32818.3339186175,0,50,1.79275697554518,NA,1,0.00353925927164624,0.104954435896378,0.895045564103622,0.996460740728354,67656.83269772,86310.5673022799,4012,4012,NA,NA
30,1.5,0.7,0.4,1,1.5,50,1,0,1,0,229235.28,4012,104844.909659904,0,50,NA,NA,0,6.93889390390723e-18,0.0713475991333587,0.928652400866641,1,199438.686359921,259031.873640079,4012,4012,NA,NA
30,1.5,0.7,0.4,3,0.5,50,1,0.02,0.96,0.02,63383.72,15397,27094.3747366308,0,50,1.79299423786585,NA,1,0.00353925927164624,0.104954435896378,0.86539909312493,0.98896111567238,55683.5838982266,71083.8561017734,15397,15397,NA,NA
30,1.5,0.7,0.4,3,1,50,1,0.04,0.96,0,170107.2,15397,84306.7650131328,0,50,1.79293251205002,1.90170327087911,2,0.0110388843276198,0.13460090687507,0.86539909312493,0.98896111567238,146147.48248625,194066.91751375,15397,15397,-15.2931934806155,18.8790585047155
30,1.5,0.7,0.4,3,1.5,50,0.6,0,0.58,0.02,232035.333333333,15977.6,106057.418657856,2209.54411899675,30,NA,NA,0,6.93889390390723e-18,0.0713475991333587,0.442334417685782,0.70624996645288,192432.842357767,271637.824308899,15152.5426665288,16802.6573334712,NA,NA
30,1.5,0.7,0.4,5,0.5,50,1,0.02,0.94,0.04,96986.94,25469.5,45984.0557928462,4132.02898349082,50,2.24128232478422,NA,1,0.00353925927164624,0.104954435896378,0.837829083111618,0.979385029651026,83918.4159407329,110055.464059267,24295.1903560747,26643.8096439253,NA,NA
30,1.5,0.7,0.4,5,1,50,0.92,0.04,0.88,0,225162.173913043,24402.4130434783,109486.903390376,2010.37107217202,46,1.12064284568741,0.316967014495586,2,0.0110388843276198,0.13460090687507,0.76195182616797,0.943823998490677,192648.577006776,257675.77081931,23805.4065281003,24999.4195588563,-1.72719279098742,3.96847848236224
30,1.5,0.7,0.4,5,1.5,50,0.44,0.02,0.42,0,221809.772727273,33402.5909090909,107032.325601698,6500.23120218183,22,0.896574351426901,NA,1,0.00353925927164624,0.104954435896378,0.29375003354712,0.557665582314218,174354.29808443,269265.247370116,30520.5498504328,36284.631967749,NA,NA
30,1.5,0.7,0.4,10,0.5,50,1,0.08,0.92,0,178942.08,59088,90724.7208125993,0,50,1.23274453488584,1.28753077640577,4,0.031549514088593,0.188382469183428,0.811617530816572,0.968450485911407,153158.399629331,204725.760370669,59088,59088,-0.816004246269963,3.28149331604164
30,1.5,0.7,0.4,10,1,50,0.54,0.04,0.5,0,269442.555555556,59088,116763.854328144,0,27,2.01720993163147,0.316967014495586,2,0.0110388843276198,0.13460090687507,0.366445143168286,0.633554856831714,223252.313157723,315632.797953389,59088,59088,-0.830625705043364,4.8650455683063
30,1.5,0.7,0.4,10,1.5,50,0.32,0.02,0.28,0.02,224509.4375,61176.75,111469.774511879,8355,16,1.34485517286243,NA,1,0.00353925927164624,0.104954435896378,0.174741706659112,0.416651236959566,165111.387443251,283907.487556749,56724.684761712,65628.815238288,NA,NA
60,0.5,0.5,0.2,0.001,0.5,50,1,0,1,0,834.32,71,189.53923076767,0,50,NA,NA,0,6.93889390390723e-18,0.0713475991333587,0.928652400866641,1,780.453546622749,888.186453377251,71,71,NA,NA
60,0.5,0.5,0.2,0.001,1,50,1,0,1,0,1246.94,71,282.804209332758,0,50,NA,NA,0,6.93889390390723e-18,0.0713475991333587,0.928652400866641,1,1166.56793298667,1327.31206701333,71,71,NA,NA
60,0.5,0.5,0.2,0.001,1.5,50,1,0,1,0,3026.98,71,904.530648164775,0,50,NA,NA,0,6.93889390390723e-18,0.0713475991333587,0.928652400866641,1,2769.91523409206,3284.04476590794,71,71,NA,NA
60,0.5,0.5,0.2,0.01,0.5,50,1,0,1,0,1400.6,71,292.469150649488,0,50,NA,NA,0,6.93889390390723e-18,0.0713475991333587,0.928652400866641,1,1317.48118705591,1483.71881294409,71,71,NA,NA
60,0.5,0.5,0.2,0.01,1,50,1,0,1,0,2137.04,71,466.201583796853,0,50,NA,NA,0,6.93889390390723e-18,0.0713475991333587,0.928652400866641,1,2004.54697585781,2269.53302414219,71,71,NA,NA
60,0.5,0.5,0.2,0.01,1.5,50,1,0,1,0,4346.22,71,877.585399995758,0,50,NA,NA,0,6.93889390390723e-18,0.0713475991333587,0.928652400866641,1,4096.81298889224,4595.62701110776,71,71,NA,NA
60,0.5,0.5,0.2,0.1,0.5,50,1,0,1,0,2478.14,174,565.796819736988,0,50,NA,NA,0,6.93889390390723e-18,0.0713475991333587,0.928652400866641,1,2317.34232298126,2638.93767701874,174,174,NA,NA
60,0.5,0.5,0.2,0.1,1,50,1,0,1,0,4211.78,174,1042.6284150342,0,50,NA,NA,0,6.93889390390723e-18,0.0713475991333587,0.928652400866641,1,3915.46828299678,4508.09171700322,174,174,NA,NA
60,0.5,0.5,0.2,0.1,1.5,50,1,0,1,0,9221.12,256.32,1452.87582007941,36.292147911084,50,NA,NA,0,6.93889390390723e-18,0.0713475991333587,0.928652400866641,1,8808.21726050765,9634.02273949235,246.005885684484,266.634114315516,NA,NA
60,0.5,0.5,0.2,0.5,0.5,50,1,0.04,0.92,0.04,3218.76,1637,896.775369684889,0,50,0.447891932746267,0,2,0.0110388843276198,0.13460090687507,0.811617530816572,0.968450485911407,2963.89925984953,3473.62074015047,1637,1637,0.447891932746267,0.447891932746267
60,0.5,0.5,0.2,0.5,1,50,1,0,0.98,0.02,5268.54,1637,1320.80825919246,0,50,NA,NA,0,6.93889390390723e-18,0.0713475991333587,0.895045564103622,0.996460740728354,4893.17044602471,5643.90955397529,1637,1637,NA,NA
60,0.5,0.5,0.2,0.5,1.5,50,1,0,1,0,10582.8,1637,2235.03699462603,0,50,NA,NA,0,6.93889390390723e-18,0.0713475991333587,0.928652400866641,1,9947.60951421066,11217.9904857893,1637,1637,NA,NA
60,0.5,0.5,0.2,1,0.5,50,1,0.38,0.02,0.6,3427.58,4012,957.293337637798,0,50,0.566044228637299,0.292792777413692,19,0.258627893101936,0.51849553069007,0.00353925927164624,0.104954435896378,3155.52024365633,3699.63975634367,4012,4012,0.424922627228447,0.707165830046151
60,0.5,0.5,0.2,1,1,50,1,0.04,0.6,0.36,5529.22,4012,1628.51918825988,0,50,0.448111422717755,0,2,0.0110388843276198,0.13460090687507,0.461814377475894,0.723916102697434,5066.39996758208,5992.04003241792,4012,4012,0.448111422717755,0.448111422717755
60,0.5,0.5,0.2,1,1.5,50,1,0,1,0,10440.68,4012,2388.91818603983,0,50,NA,NA,0,6.93889390390723e-18,0.0713475991333587,0.928652400866641,1,9761.75696349092,11119.6030365091,4012,4012,NA,NA
60,0.5,0.5,0.2,3,0.5,50,1,1,0,0,3634.3,24106,1076.23668305777,0,50,1.94551488327021,0.357723704934255,50,0.928652400866641,1,6.93889390390723e-18,0.0713475991333587,3328.43691890583,3940.16308109417,24106,24106,1.84385093119161,2.04717883534881
60,0.5,0.5,0.2,3,1,50,1,1,0,0,5554.88,15397,1747.45928264146,0,50,1.06687540000911,0.312322174441783,50,0.928652400866641,1,6.93889390390723e-18,0.0713475991333587,5058.25756676647,6051.50243323353,15397,15397,0.978114420131167,1.15563637988705
60,0.5,0.5,0.2,3,1.5,50,1,0.8,0,0.2,10521.04,15397,2716.42303038389,0,50,0.515464091015445,0.162099565829161,40,0.669628940677746,0.887562499842239,6.93889390390723e-18,0.0713475991333587,9749.04111656872,11293.0388834313,15397,15397,0.463622134808619,0.567306047222271
60,0.5,0.5,0.2,5,0.5,50,1,1,0,0,3796.98,37741,1047.18973759802,0,50,2.34002239016056,0.317428833549839,50,0.928652400866641,1,6.93889390390723e-18,0.0713475991333587,3499.37196946724,4094.58803053276,37741,37741,2.24981011382202,2.4302346664991
60,0.5,0.5,0.2,5,1,50,1,1,0,0,5833.2,32287,1894.02984697298,6747.57507462904,50,1.73930097174261,0.430960317184676,50,0.928652400866641,1,6.93889390390723e-18,0.0713475991333587,5294.92267327522,6371.47732672478,30369.3603815691,34204.6396184309,1.61682340475528,1.86177853872994
60,0.5,0.5,0.2,5,1.5,50,1,1,0,0,10480.86,24106,2558.23952549325,0,50,0.860658683384369,0.236839559576437,50,0.928652400866641,1,6.93889390390723e-18,0.0713475991333587,9753.81637124993,11207.9036287501,24106,24106,0.793349625295752,0.927967741472986
60,0.5,0.5,0.2,10,0.5,50,1,1,0,0,3948.24,92508,1302.67604568442,0,50,3.21862269990444,0.391457681473967,50,0.928652400866641,1,6.93889390390723e-18,0.0713475991333587,3578.02356408688,4318.45643591312,92508,92508,3.10737165776989,3.32987374203899
60,0.5,0.5,0.2,10,1,50,1,1,0,0,5878.6,59088,1876.61058989937,0,50,2.35792832836121,0.324173915484973,50,0.928652400866641,1,6.93889390390723e-18,0.0713475991333587,5345.27317136061,6411.92682863939,59088,59088,2.26579912094664,2.45005753577578
60,0.5,0.5,0.2,10,1.5,50,1,1,0,0,10617.76,59088,2674.52660361967,0,50,1.74826405426613,0.260119151538018,50,0.928652400866641,1,6.93889390390723e-18,0.0713475991333587,9857.66794931162,11377.8520506884,59088,59088,1.67433900934481,1.82218909918745
60,0.5,0.5,0.3,0.001,0.5,50,1,0,1,0,1208.3,71,350.538434237319,0,50,NA,NA,0,6.93889390390723e-18,0.0713475991333587,0.928652400866641,1,1108.67807925936,1307.92192074064,71,71,NA,NA
60,0.5,0.5,0.3,0.001,1,50,1,0,1,0,2174.08,71,461.675247642446,0,50,NA,NA,0,6.93889390390723e-18,0.0713475991333587,0.928652400866641,1,2042.8733463598,2305.2866536402,71,71,NA,NA
60,0.5,0.5,0.3,0.001,1.5,50,1,0,1,0,6333.94,71,2248.02943558693,0,50,NA,NA,0,6.93889390390723e-18,0.0713475991333587,0.928652400866641,1,5695.05710334435,6972.82289665565,71,71,NA,NA
60,0.5,0.5,0.3,0.01,0.5,50,1,0,1,0,1786,71,497.236485436235,0,50,NA,NA,0,6.93889390390723e-18,0.0713475991333587,0.928652400866641,1,1644.68695440127,1927.31304559873,71,71,NA,NA
60,0.5,0.5,0.3,0.01,1,50,1,0,1,0,2921.22,71,666.030130163579,0,50,NA,NA,0,6.93889390390723e-18,0.0713475991333587,0.928652400866641,1,2731.9363313421,3110.5036686579,71,71,NA,NA
60,0.5,0.5,0.3,0.01,1.5,50,1,0,1,0,6126.06,71,870.988704207548,0,50,NA,NA,0,6.93889390390723e-18,0.0713475991333587,0.928652400866641,1,5878.52774909192,6373.59225090809,71,71,NA,NA
60,0.5,0.5,0.3,0.1,0.5,50,1,0.02,0.98,0,3499.58,174,1018.20668865232,0,50,0.449525097902195,NA,1,0.00353925927164624,0.104954435896378,0.895045564103622,0.996460740728354,3210.20886084029,3788.95113915971,174,174,NA,NA
60,0.5,0.5,0.3,0.1,1,50,1,0,1,0,6384.64,174,1200.17080008962,0,50,NA,NA,0,6.93889390390723e-18,0.0713475991333587,0.928652400866641,1,6043.55523255674,6725.72476744326,174,174,NA,NA
60,0.5,0.5,0.3,0.1,1.5,50,1,0,1,0,13212.38,254.36,2861.78262476879,38.0326175801772,50,NA,NA,0,6.93889390390723e-18,0.0713475991333587,0.928652400866641,1,12399.0703769284,14025.6896230716,243.551249677442,265.168750322558,NA,NA
60,0.5,0.5,0.3,0.5,0.5,50,1,0.02,0.94,0.04,4929.12,1637,1752.07707220281,0,50,2.6910903760588,NA,1,0.00353925927164624,0.104954435896378,0.837829083111618,0.979385029651026,4431.1852054938,5427.0547945062,1637,1637,NA,NA
60,0.5,0.5,0.3,0.5,1,50,1,0,1,0,8560,1637,2517.4233668899,0,50,NA,NA,0,6.93889390390723e-18,0.0713475991333587,0.928652400866641,1,7844.55619517842,9275.44380482158,1637,1637,NA,NA
60,0.5,0.5,0.3,0.5,1.5,50,1,0,1,0,18198.52,1637,4663.40961905579,0,50,NA,NA,0,6.93889390390723e-18,0.0713475991333587,0.928652400866641,1,16873.1936503758,19523.8463496242,1637,1637,NA,NA
60,0.5,0.5,0.3,1,0.5,50,1,0.12,0.6,0.28,5398.28,4012,2051.94759689622,0,50,1.12078305989069,1.22824273362277,6,0.0561760015093228,0.23804817383203,0.461814377475894,0.723916102697434,4815.12294532007,5981.43705467993,4012,4012,-0.168178639216314,2.40974475899769
60,0.5,0.5,0.3,1,1,50,1,0,0.98,0.02,9279.9,4012,2672.28051541398,0,50,NA,NA,0,6.93889390390723e-18,0.0713475991333587,0.895045564103622,0.996460740728354,8520.44628051684,10039.3537194832,4012,4012,NA,NA
60,0.5,0.5,0.3,1,1.5,50,1,0,1,0,20213.02,4012,5496.23214720033,0,50,NA,NA,0,6.93889390390723e-18,0.0713475991333587,0.928652400866641,1,18651.0081066911,21775.0318933089,4012,4012,NA,NA
60,0.5,0.5,0.3,3,0.5,50,1,1,0,0,6054.96,24106,2331.27903897217,0,50,1.5151690693365,0.695163777370249,50,0.928652400866641,1,6.93889390390723e-18,0.0713475991333587,5392.417827841,6717.502172159,24106,24106,1.31760570975334,1.71273242891966
60,0.5,0.5,0.3,3,1,50,1,0.88,0,0.12,9888.56,15397,2506.09714586043,0,50,0.539917754697971,0.206893818543621,44,0.76195182616797,0.943823998490677,6.93889390390723e-18,0.0713475991333587,9176.33507157964,10600.7849284204,15397,15397,0.477016284634385,0.602819224761557
60,0.5,0.5,0.3,3,1.5,50,1,0,0.74,0.26,24295.96,15397,7364.31223207087,0,50,NA,NA,0,6.93889390390723e-18,0.0713475991333587,0.604468427351512,0.841284725064476,22203.0456207567,26388.8743792433,15397,15397,NA,NA
60,0.5,0.5,0.3,5,0.5,50,1,1,0,0,6313.54,37741,2480.7601798231,0,50,1.92759182018122,0.708950378638031,50,0.928652400866641,1,6.93889390390723e-18,0.0713475991333587,5608.51575765525,7018.56424234475,37741,37741,1.72611035186978,2.12907328849266
60,0.5,0.5,0.3,5,1,50,1,1,0,0,10030.68,32832.4,2393.55812708927,6611.24637358531,50,1.19238855830906,0.334110277546556,50,0.928652400866641,1,6.93889390390723e-18,0.0713475991333587,9350.43830683498,10710.921693165,30953.5045697195,34711.2954302805,1.09743546804152,1.2873416485766
60,0.5,0.5,0.3,5,1.5,50,1,0.22,0.36,0.42,27414.32,24106,9896.55097504341,0,50,0.489035835409894,0.135144992798154,11,0.127539159702144,0.352415495812537,0.241387496518467,0.498589831238873,24601.7513326395,30226.8886673605,24106,24106,0.398244193864965,0.579827476954823
60,0.5,0.5,0.3,10,0.5,50,1,1,0,0,6690.68,92508,2564.16579456961,0,50,2.76138272465915,0.70378692925773,50,0.928652400866641,1,6.93889390390723e-18,0.0713475991333587,5961.95214421361,7419.40785578639,92508,92508,2.56136869242511,2.96139675689319
60,0.5,0.5,0.3,10,1,50,1,1,0,0,10253.16,59088,2617.71920010765,0,50,1.78412342563139,0.263876563809584,50,0.928652400866641,1,6.93889390390723e-18,0.0713475991333587,9509.21243475861,10997.1075652414,59088,59088,1.70913053595769,1.85911631530509
60,0.5,0.5,0.3,10,1.5,50,1,0.9,0,0.1,30846.66,59088,12465.6057681829,0,50,0.806910157026321,0.325517106953393,45,0.786397685625204,0.95652423506811,6.93889390390723e-18,0.0713475991333587,27303.974038833,34389.345961167,59088,59088,0.709113991483068,0.904706322569574
60,0.5,0.5,0.4,0.001,0.5,50,1,0,1,0,2744.04,71,1072.5647111442,0,50,NA,NA,0,6.93889390390723e-18,0.0713475991333587,0.928652400866641,1,2439.22048177713,3048.85951822287,71,71,NA,NA
60,0.5,0.5,0.4,0.001,1,50,1,0,1,0,6126.1,71,2784.54374857985,0,50,NA,NA,0,6.93889390390723e-18,0.0713475991333587,0.928652400866641,1,5334.74142266331,6917.45857733669,71,71,NA,NA
60,0.5,0.5,0.4,0.001,1.5,50,1,0,0.98,0.02,24579.2,71,12499.9622660655,0,50,NA,NA,0,6.93889390390723e-18,0.0713475991333587,0.895045564103622,0.996460740728354,21026.7500301689,28131.6499698311,71,71,NA,NA
60,0.5,0.5,0.4,0.01,0.5,50,1,0,1,0,3226.26,71,856.122078124996,0,50,NA,NA,0,6.93889390390723e-18,0.0713475991333587,0.928652400866641,1,2982.95279747641,3469.56720252359,71,71,NA,NA
60,0.5,0.5,0.4,0.01,1,50,1,0,1,0,5981.96,71,1771.01408699268,0,50,NA,NA,0,6.93889390390723e-18,0.0713475991333587,0.928652400866641,1,5478.64336543804,6485.27663456196,71,71,NA,NA
60,0.5,0.5,0.4,0.01,1.5,50,1,0,0.98,0.02,17029.54,71,6711.04759366895,0,50,NA,NA,0,6.93889390390723e-18,0.0713475991333587,0.895045564103622,0.996460740728354,15122.2813767971,18936.7986232029,71,71,NA,NA
60,0.5,0.5,0.4,0.1,0.5,50,1,0,1,0,7404.5,174,2233.18429419444,0,50,NA,NA,0,6.93889390390723e-18,0.0713475991333587,0.928652400866641,1,6769.83604584749,8039.16395415251,174,174,NA,NA
60,0.5,0.5,0.4,0.1,1,50,1,0,1,0,13763.36,174,2926.1549316606,0,50,NA,NA,0,6.93889390390723e-18,0.0713475991333587,0.928652400866641,1,12931.7559697287,14594.9640302713,174,174,NA,NA
60,0.5,0.5,0.4,0.1,1.5,50,1,0.02,0.98,0,29809.02,248.48,8983.70951628898,42.2790728375162,50,1.34312218925468,NA,1,0.00353925927164624,0.104954435896378,0.895045564103622,0.996460740728354,27255.8780047836,32362.1619952164,236.464420446303,260.495579553697,NA,NA
60,0.5,0.5,0.4,0.5,0.5,50,1,0.02,0.98,0,12815.24,1637,4598.70289857779,0,50,1.34383656414251,NA,1,0.00353925927164624,0.104954435896378,0.895045564103622,0.996460740728354,11508.3030968651,14122.1769031349,1637,1637,NA,NA
60,0.5,0.5,0.4,0.5,1,50,1,0,1,0,24279.72,1637,7811.19052579081,0,50,NA,NA,0,6.93889390390723e-18,0.0713475991333587,0.928652400866641,1,22059.8042148922,26499.6357851078,1637,1637,NA,NA
60,0.5,0.5,0.4,0.5,1.5,50,1,0.02,0.98,0,61892.34,1637,23382.1575387678,0,50,3.13794070032982,NA,1,0.00353925927164624,0.104954435896378,0.895045564103622,0.996460740728354,55247.2043527764,68537.4756472236,1637,1637,NA,NA
60,0.5,0.5,0.4,1,0.5,50,1,0.02,0.94,0.04,15747.02,4012,6645.23102434662,0,50,2.2402611358532,NA,1,0.00353925927164624,0.104954435896378,0.837829083111618,0.979385029651026,13858.466238838,17635.573761162,4012,4012,NA,NA
60,0.5,0.5,0.4,1,1,50,1,0,1,0,29837.64,4012,10044.4549547072,0,50,NA,NA,0,6.93889390390723e-18,0.0713475991333587,0.928652400866641,1,26983.0374867037,32692.2425132963,4012,4012,NA,NA
60,0.5,0.5,0.4,1,1.5,50,1,0.02,0.98,0,95337.56,4012,42446.0803301587,0,50,4.03436527204051,NA,1,0.00353925927164624,0.104954435896378,0.895045564103622,0.996460740728354,83274.5174420497,107400.60255795,4012,4012,NA,NA
60,0.5,0.5,0.4,3,0.5,50,1,0.4,0.14,0.46,21687.42,24106,10429.2192344589,0,50,0.874091565200824,0.866052943905365,20,0.276083897302565,0.538185622524106,0.0695083342701629,0.261861937105855,18723.4686882912,24651.3713117088,24106,24106,0.46876631073073,1.27941681967092
60,0.5,0.5,0.4,3,1,50,1,0.06,0.92,0.02,41776.4,15397,19265.1221313205,0,50,0.597644916981615,0.258802483602515,3,0.020614970348974,0.162170916888382,0.811617530816572,0.968450485911407,36301.3128695375,47251.4871304625,15397,15397,-0.0452560924300389,1.24054592639327
60,0.5,0.5,0.4,3,1.5,50,1,0.02,0.98,0,185397.98,15397,96888.3105077202,0,50,5.3792480871886,NA,1,0.00353925927164624,0.104954435896378,0.895045564103622,0.996460740728354,157862.626819412,212933.333180588,15397,15397,NA,NA
60,0.5,0.5,0.4,5,0.5,50,1,0.64,0.06,0.3,27116.74,37741,13124.9790682982,0,50,0.85450633715035,0.823760212311327,32,0.501410168761127,0.758612503481533,0.020614970348974,0.162170916888382,23386.6622203424,30846.8177796576,37741,37741,0.557509109448032,1.15150356485267
60,0.5,0.5,0.4,5,1,50,1,0.18,0.62,0.2,49054.58,32832.4,21475.435723493,6611.24637358531,50,0.796930801631842,0.489903236173305,9,0.0977019267023418,0.307960536743008,0.48150446930993,0.741372106898064,42951.3286969826,55157.8313030174,30953.5045697195,34711.2954302805,0.420357838809994,1.17350376445369
60,0.5,0.5,0.4,5,1.5,50,0.94,0.02,0.9,0.02,240212.489361702,24106,115369.564563071,0,47,5.82753617410697,NA,1,0.00353925927164624,0.104954435896378,0.786397685625204,0.95652423506811,206338.716207396,274086.262516008,24106,24106,NA,NA
60,0.5,0.5,0.4,10,0.5,50,1,1,0,0,31104.62,92508,15872.9370993139,0,50,1.30894706549252,0.858321642219149,50,0.928652400866641,1,6.93889390390723e-18,0.0713475991333587,26593.5811888935,35615.6588111065,92508,92508,1.06501475376991,1.55287937721513
60,0.5,0.5,0.4,10,1,50,1,0.3,0.32,0.38,67217.62,59088,36822.3155380993,0,50,0.77701844207071,0.492999664199271,15,0.191035535008809,0.437503504644534,0.207582162606568,0.458102973081441,56752.8337120006,77682.4062879994,59088,59088,0.504004328039475,1.05003255610194
60,0.5,0.5,0.4,10,1.5,50,0.46,0.04,0.38,0.04,206356.565217391,59088,126417.959502605,0,23,3.81033517299754,4.12069034632095,2,0.0110388843276198,0.13460090687507,0.258627893101936,0.51849553069007,151689.340099621,261023.790335161,59088,59088,-33.2125986948362,40.8332690408312
60,0.5,0.6,0.2,0.001,0.5,50,1,0,1,0,711.28,71,144.468913399304,0,50,NA,NA,0,6.93889390390723e-18,0.0713475991333587,0.928652400866641,1,670.222389095033,752.337610904967,71,71,NA,NA
60,0.5,0.6,0.2,0.001,1,50,1,0,1,0,1008.2,71,114.551298552221,0,50,NA,NA,0,6.93889390390723e-18,0.0713475991333587,0.928652400866641,1,975.644881158506,1040.75511884149,71,71,NA,NA
60,0.5,0.6,0.2,0.001,1.5,50,1,0,1,0,2137.04,71,466.201583796853,0,50,NA,NA,0,6.93889390390723e-18,0.0713475991333587,0.928652400866641,1,2004.54697585781,2269.53302414219,71,71,NA,NA
60,0.5,0.6,0.2,0.01,0.5,50,1,0,1,0,1109.36,71,203.933038229789,0,50,NA,NA,0,6.93889390390723e-18,0.0713475991333587,0.928652400866641,1,1051.4028718034,1167.3171281966,71,71,NA,NA
60,0.5,0.6,0.2,0.01,1,50,1,0,1,0,1588.86,71,250.619152484076,0,50,NA,NA,0,6.93889390390723e-18,0.0713475991333587,0.928652400866641,1,1517.63482493702,1660.08517506298,71,71,NA,NA
60,0.5,0.6,0.2,0.01,1.5,50,1,0,1,0,3413.88,71,751.130675334573,0,50,NA,NA,0,6.93889390390723e-18,0.0713475991333587,0.928652400866641,1,3200.41102400353,3627.34897599647,71,71,NA,NA
60,0.5,0.6,0.2,0.1,0.5,50,1,0,1,0,1860.82,174,463.961147652055,0,50,NA,NA,0,6.93889390390723e-18,0.0713475991333587,0.928652400866641,1,1728.9637007651,1992.6762992349,174,174,NA,NA
60,0.5,0.6,0.2,0.1,1,50,1,0,1,0,3133.68,174,800.495546521028,0,50,NA,NA,0,6.93889390390723e-18,0.0713475991333587,0.928652400866641,1,2906.18168284039,3361.17831715961,174,174,NA,NA
60,0.5,0.6,0.2,0.1,1.5,50,1,0,1,0,6299.76,254.36,1578.57584433772,38.0326175801772,50,NA,NA,0,6.93889390390723e-18,0.0713475991333587,0.928652400866641,1,5851.1337088777,6748.3862911223,243.551249677442,265.168750322558,NA,NA
60,0.5,0.6,0.2,0.5,0.5,50,1,0.04,0.68,0.28,2272.02,1637,543.484130027581,0,50,0.447891932746267,0,2,0.0110388843276198,0.13460090687507,0.541897026918559,0.792417837393432,2117.56351923433,2426.47648076567,1637,1637,0.447891932746267,0.447891932746267
60,0.5,0.6,0.2,0.5,1,50,1,0.02,0.98,0,3671.74,1637,828.596103327176,0,50,0.896332403834489,NA,1,0.00353925927164624,0.104954435896378,0.895045564103622,0.996460740728354,3436.2555929584,3907.2244070416,1637,1637,NA,NA
60,0.5,0.6,0.2,0.5,1.5,50,1,0,1,0,6907.72,1637,1793.83258655077,0,50,NA,NA,0,6.93889390390723e-18,0.0713475991333587,0.928652400866641,1,6397.9184196165,7417.5215803835,1637,1637,NA,NA
60,0.5,0.6,0.2,1,0.5,50,1,0.9,0,0.1,2510.88,4920,644.929252250325,1123.35866662324,50,0.756977957006887,0.314432686310942,45,0.786397685625204,0.95652423506811,6.93889390390723e-18,0.0713475991333587,2327.59313449325,2694.16686550675,4600.7449993518,5239.2550006482,0.662511920089578,0.851443993924196
60,0.5,0.6,0.2,1,1,50,1,0.2,0.02,0.78,3729.7,4012,798.557123562139,0,50,0.582575978000498,0.425214259255093,10,0.112437500157761,0.330371059322254,0.00353925927164624,0.104954435896378,3502.75257654992,3956.64742345007,4012,4012,0.278396021125167,0.886755934875829
60,0.5,0.6,0.2,1,1.5,50,1,0,0.9,0.1,6978.78,4012,1838.36050838118,0,50,NA,NA,0,6.93889390390723e-18,0.0713475991333587,0.786397685625204,0.95652423506811,6456.32372425054,7501.23627574946,4012,4012,NA,NA
60,0.5,0.6,0.2,3,0.5,50,1,1,0,0,2711.34,24106,746.992845087719,0,50,2.2233817197546,0.285753872778046,50,0.928652400866641,1,6.93889390390723e-18,0.0713475991333587,2499.04698234826,2923.63301765174,24106,24106,2.14217136766535,2.30459207184385
60,0.5,0.6,0.2,3,1,50,1,1,0,0,3746.12,15397,891.565205645873,0,50,1.45242429796188,0.320900518757851,50,0.928652400866641,1,6.93889390390723e-18,0.0713475991333587,3492.73997208604,3999.50002791396,15397,15397,1.36122537960395,1.54362321631981
60,0.5,0.6,0.2,3,1.5,50,1,1,0,0,6978.78,15397,1838.36050838118,0,50,0.824776784044616,0.261876206534264,50,0.928652400866641,1,6.93889390390723e-18,0.0713475991333587,6456.32372425054,7501.23627574946,15397,15397,0.750352389618428,0.899201178470804
60,0.5,0.6,0.2,5,0.5,50,1,1,0,0,2798.28,37741,807.782604619913,0,50,2.64478129890007,0.303693137621149,50,0.928652400866641,1,6.93889390390723e-18,0.0713475991333587,2568.71072384287,3027.84927615713,37741,37741,2.55847266415251,2.73108993364763
60,0.5,0.6,0.2,5,1,50,1,1,0,0,3746.12,37741,891.565205645873,0,50,2.34899864938878,0.320900518757851,50,0.928652400866641,1,6.93889390390723e-18,0.0713475991333587,3492.73997208604,3999.50002791396,37741,37741,2.25779973103085,2.44019756774671
60,0.5,0.6,0.2,5,1.5,50,1,1,0,0,6953.12,24106,1747.168001688,0,50,1.27306208135714,0.245712658082664,50,0.928652400866641,1,6.93889390390723e-18,0.0713475991333587,6456.58034789751,7449.65965210249,24106,24106,1.20323131657455,1.34289284613973
60,0.5,0.6,0.2,10,0.5,50,1,1,0,0,2885.22,92508,855.337080945762,0,50,3.51444270412745,0.318321338112384,50,0.928652400866641,1,6.93889390390723e-18,0.0713475991333587,2642.13589120632,3128.30410879368,92508,92508,3.42397678079872,3.60490862745618
60,0.5,0.6,0.2,10,1,50,1,1,0,0,3820.5,59088,944.412488788449,0,50,2.77934927174961,0.326480515313299,50,0.928652400866641,1,6.93889390390723e-18,0.0713475991333587,3552.10094039543,4088.89905960457,59088,59088,2.68656453591695,2.87213400758228
60,0.5,0.6,0.2,10,1.5,50,1,1,0,0,7024.18,59088,1791.01817684688,0,50,2.16066398628671,0.251160111832752,50,0.928652400866641,1,6.93889390390723e-18,0.0713475991333587,6515.17826600442,7533.18173399558,59088,59088,2.08928507227789,2.23204290029553
60,0.5,0.6,0.3,0.001,0.5,50,1,0,1,0,854.92,71,206.238997480187,0,50,NA,NA,0,6.93889390390723e-18,0.0713475991333587,0.928652400866641,1,796.307525435539,913.532474564461,71,71,NA,NA
60,0.5,0.6,0.3,0.001,1,50,1,0,1,0,1385.48,71,319.497835577607,0,50,NA,NA,0,6.93889390390723e-18,0.0713475991333587,0.928652400866641,1,1294.67971979115,1476.28028020885,71,71,NA,NA
60,0.5,0.6,0.3,0.001,1.5,50,1,0,1,0,3419.84,71,830.680182569854,0,50,NA,NA,0,6.93889390390723e-18,0.0713475991333587,0.928652400866641,1,3183.76330419103,3655.91669580897,71,71,NA,NA
60,0.5,0.6,0.3,0.01,0.5,50,1,0,1,0,1318.82,71,333.170893821468,0,50,NA,NA,0,6.93889390390723e-18,0.0713475991333587,0.928652400866641,1,1224.13387963324,1413.50612036676,71,71,NA,NA
60,0.5,0.6,0.3,0.01,1,50,1,0,1,0,2062.96,71,466.201583796853,0,50,NA,NA,0,6.93889390390723e-18,0.0713475991333587,0.928652400866641,1,1930.46697585781,2195.45302414219,71,71,NA,NA
60,0.5,0.6,0.3,0.01,1.5,50,1,0,1,0,4003.3,71,727.771556723338,0,50,NA,NA,0,6.93889390390723e-18,0.0713475991333587,0.928652400866641,1,3796.46961206,4210.13038794,71,71,NA,NA
60,0.5,0.6,0.3,0.1,0.5,50,1,0,1,0,2300.14,174,626.42080171106,0,50,NA,NA,0,6.93889390390723e-18,0.0713475991333587,0.928652400866641,1,2122.1131779366,2478.1668220634,174,174,NA,NA
60,0.5,0.6,0.3,0.1,1,50,1,0,1,0,3945.34,174,781.596080505285,0,50,NA,NA,0,6.93889390390723e-18,0.0713475991333587,0.928652400866641,1,3723.21285165261,4167.46714834739,174,174,NA,NA
60,0.5,0.6,0.3,0.1,1.5,50,1,0,1,0,7586.74,258.28,1806.38294367049,34.3499636098788,50,NA,NA,0,6.93889390390723e-18,0.0713475991333587,0.928652400866641,1,7073.37164758773,8100.10835241227,248.51784835568,268.04215164432,NA,NA
60,0.5,0.6,0.3,0.5,0.5,50,1,0.06,0.84,0.1,2719.58,1637,862.487269116336,0,50,0.597372089775674,0.258907226698308,3,0.020614970348974,0.162170916888382,0.71485783936965,0.916625793219666,2474.46383021204,2964.69616978796,1637,1637,-0.0457891159102849,1.24053329546163
60,0.5,0.6,0.3,0.5,1,50,1,0,1,0,4651.46,1637,1180.6237405434,0,50,NA,NA,0,6.93889390390723e-18,0.0713475991333587,0.928652400866641,1,4315.93044541396,4986.98955458604,1637,1637,NA,NA
60,0.5,0.6,0.3,0.5,1.5,50,1,0,1,0,8977.06,1637,1914.10355647179,0,50,NA,NA,0,6.93889390390723e-18,0.0713475991333587,0.928652400866641,1,8433.07778815752,9521.04221184248,1637,1637,NA,NA
60,0.5,0.6,0.3,1,0.5,50,1,0.74,0,0.26,2922.44,5237.8,967.993362264306,1142.84837496637,50,0.848022591972259,0.362634253845072,37,0.604468427351512,0.841284725064476,6.93889390390723e-18,0.0713475991333587,2647.33933030375,3197.54066969625,4913.00608552615,5562.59391447385,0.727114312040253,0.968930871904265
60,0.5,0.6,0.3,1,1,50,1,0.06,0.38,0.56,4787.66,4012,1229.91190343214,0,50,0.448111422717755,0,3,0.020614970348974,0.162170916888382,0.258627893101936,0.51849553069007,4438.12290450782,5137.19709549218,4012,4012,0.448111422717755,0.448111422717755
60,0.5,0.6,0.3,1,1.5,50,1,0,0.98,0.02,9483.78,4012,2126.30540254639,0,50,NA,NA,0,6.93889390390723e-18,0.0713475991333587,0.895045564103622,0.996460740728354,8879.49069077273,10088.0693092273,4012,4012,NA,NA
60,0.5,0.6,0.3,3,0.5,50,1,1,0,0,3045.92,24106,987.901131961398,0,50,2.1337546901377,0.390051093400531,50,0.928652400866641,1,6.93889390390723e-18,0.0713475991333587,2765.1616047559,3326.6783952441,24106,24106,2.0229033959106,2.2446059843648
60,0.5,0.6,0.3,3,1,50,1,1,0,0,4969.26,15397,1269.72733389849,0,50,1.16550617624345,0.271729952698684,50,0.928652400866641,1,6.93889390390723e-18,0.0713475991333587,4608.40748436907,5330.11251563093,15397,15397,1.08828137814248,1.24273097434442
60,0.5,0.6,0.3,3,1.5,50,1,0.84,0.02,0.14,10143.1,15397,3389.62305561897,0,50,0.56562973431777,0.222705104197904,42,0.71485783936965,0.916625793219666,0.00353925927164624,0.104954435896378,9179.77978627726,11106.4202137227,15397,15397,0.496229938340039,0.635029530295501
60,0.5,0.6,0.3,5,0.5,50,1,1,0,0,3149.28,37741,1090.089118993,0,50,2.55514852711718,0.407432448811177,50,0.928652400866641,1,6.93889390390723e-18,0.0713475991333587,2839.48010017208,3459.07989982792,37741,37741,2.43935750633812,2.67093954789624
60,0.5,0.6,0.3,5,1,50,1,1,0,0,5105.46,37741,1281.67193436813,0,50,2.03517661580934,0.274881071440188,50,0.928652400866641,1,6.93889390390723e-18,0.0713475991333587,4741.21286647545,5469.70713352455,37741,37741,1.95705627967074,2.11329695194794
60,0.5,0.6,0.3,5,1.5,50,1,0.98,0,0.02,10593.28,24924.1,3493.09737438549,3271.00837756837,50,0.914818175753275,0.288750222312689,49,0.895045564103622,0.996460740728354,6.93889390390723e-18,0.0713475991333587,9600.55271025925,11586.0072897407,23994.4897047949,25853.7102952051,0.831879428145615,0.997756923360934
60,0.5,0.6,0.3,10,0.5,50,1,1,0,0,3281.62,92508,1174.75190415957,0,50,3.41584196172422,0.423618048070768,50,0.928652400866641,1,6.93889390390723e-18,0.0713475991333587,2947.75920285023,3615.48079714977,92508,92508,3.29545104453127,3.53623287891717
60,0.5,0.6,0.3,10,1,50,1,1,0,0,5176.52,59088,1437.28265778425,0,50,2.47449225623037,0.28984165886179,50,0.928652400866641,1,6.93889390390723e-18,0.0713475991333587,4768.04878819917,5584.99121180083,59088,59088,2.39212016819018,2.55686434427056
60,0.5,0.6,0.3,10,1.5,50,1,1,0,0,11830.38,59088,3954.68816020806,0,50,1.65861370383847,0.316955614110578,50,0.928652400866641,1,6.93889390390723e-18,0.0713475991333587,10706.4700604027,12954.2899395973,59088,59088,1.56853591497653,1.74869149270041
60,0.5,0.6,0.4,0.001,0.5,50,1,0,1,0,1324.56,71,342.750171407689,0,50,NA,NA,0,6.93889390390723e-18,0.0713475991333587,0.928652400866641,1,1227.15147906531,1421.96852093469,71,71,NA,NA
60,0.5,0.6,0.4,0.001,1,50,1,0,1,0,2184.76,71,651.969936705173,0,50,NA,NA,0,6.93889390390723e-18,0.0713475991333587,0.928652400866641,1,1999.47219411064,2370.04780588936,71,71,NA,NA
60,0.5,0.6,0.4,0.001,1.5,50,1,0,1,0,6854.48,71,2707.33901467994,0,50,NA,NA,0,6.93889390390723e-18,0.0713475991333587,0.928652400866641,1,6085.06276526705,7623.89723473295,71,71,NA,NA
60,0.5,0.6,0.4,0.01,0.5,50,1,0,1,0,1805.26,71,430.104581966493,0,50,NA,NA,0,6.93889390390723e-18,0.0713475991333587,0.928652400866641,1,1683.02563027082,1927.49436972918,71,71,NA,NA
60,0.5,0.6,0.4,0.01,1,50,1,0,1,0,2805.3,71,585.860965954015,0,50,NA,NA,0,6.93889390390723e-18,0.0713475991333587,0.928652400866641,1,2638.80015571818,2971.79984428182,71,71,NA,NA
60,0.5,0.6,0.4,0.01,1.5,50,1,0,1,0,6526.76,71,1380.32147335174,0,50,NA,NA,0,6.93889390390723e-18,0.0713475991333587,0.928652400866641,1,6134.4769777002,6919.0430222998,71,71,NA,NA
60,0.5,0.6,0.4,0.1,0.5,50,1,0,1,0,3373.08,174,787.377948818555,0,50,NA,NA,0,6.93889390390723e-18,0.0713475991333587,0.928652400866641,1,3149.30966285909,3596.85033714091,174,174,NA,NA
60,0.5,0.6,0.4,0.1,1,50,1,0,1,0,5552.28,174,1295.8064708111,0,50,NA,NA,0,6.93889390390723e-18,0.0713475991333587,0.928652400866641,1,5184.01587566447,5920.54412433553,174,174,NA,NA
60,0.5,0.6,0.4,0.1,1.5,50,1,0,1,0,11606.72,260.24,3170.13319130478,32.169550820613,50,NA,NA,0,6.93889390390723e-18,0.0713475991333587,0.928652400866641,1,10705.7781155285,12507.6618844715,251.097514814072,269.382485185928,NA,NA
60,0.5,0.6,0.4,0.5,0.5,50,1,0.02,0.98,0,4546.74,1637,1262.42490679886,0,50,0.447891932746267,NA,1,0.00353925927164624,0.104954435896378,0.895045564103622,0.996460740728354,4187.96281118827,4905.51718881173,1637,1637,NA,NA
60,0.5,0.6,0.4,0.5,1,50,1,0,1,0,7066.26,1637,1891.27858501133,0,50,NA,NA,0,6.93889390390723e-18,0.0713475991333587,0.928652400866641,1,6528.76457327337,7603.75542672663,1637,1637,NA,NA
60,0.5,0.6,0.4,0.5,1.5,50,1,0,1,0,16861.82,1637,5772.38252968214,0,50,NA,NA,0,6.93889390390723e-18,0.0713475991333587,0.928652400866641,1,15221.3270363458,18502.3129636541,1637,1637,NA,NA
60,0.5,0.6,0.4,1,0.5,50,1,0.22,0.28,0.5,4922.5,4783.8,1300.00034929352,1086.23613398538,50,0.529819518756873,0.270138103175771,11,0.127539159702144,0.352415495812537,0.174741706659112,0.416651236959566,4553.04398858743,5291.95601141257,4475.09510639552,5092.50489360448,0.348338271665515,0.711300765848231
60,0.5,0.6,0.4,1,1,50,1,0.02,0.92,0.06,7563.68,4012,2081.27937929867,0,50,0.448111422717755,NA,1,0.00353925927164624,0.104954435896378,0.811617530816572,0.968450485911407,6972.18694499521,8155.17305500479,4012,4012,NA,NA
60,0.5,0.6,0.4,1,1.5,50,1,0,1,0,20452.16,4012,7425.16586871695,0,50,NA,NA,0,6.93889390390723e-18,0.0713475991333587,0.928652400866641,1,18341.9512085764,22562.3687914236,4012,4012,NA,NA
60,0.5,0.6,0.4,3,0.5,50,1,1,0,0,5408.08,24106,1714.22187785905,0,50,1.55102074019709,0.364626484557294,50,0.928652400866641,1,6.93889390390723e-18,0.0713475991333587,4920.90353269047,5895.25646730953,24106,24106,1.44739503985544,1.65464644053874
60,0.5,0.6,0.4,3,1,50,1,1,0,0,8248.62,15397,2067.5891500657,0,50,0.663394994011947,0.303631322517009,50,0.928652400866641,1,6.93889390390723e-18,0.0713475991333587,7661.01766509424,8836.22233490576,15397,15397,0.577103926922603,0.749686061101291
60,0.5,0.6,0.4,3,1.5,50,1,0.08,0.74,0.18,26151.56,15397,11894.4652403321,0,50,0.560289996087901,0.224129525362284,4,0.031549514088593,0.188382469183428,0.604468427351512,0.841284725064476,22771.1903808944,29531.9296191056,15397,15397,0.203649906140805,0.916930086034997
60,0.5,0.6,0.4,5,0.5,50,1,1,0,0,5615.34,37741,1790.67548091752,0,50,1.96343791183013,0.372193943220841,50,0.928652400866641,1,6.93889390390723e-18,0.0713475991333587,5106.43565910994,6124.24434089006,37741,37741,1.85766156353221,2.06921426012805
60,0.5,0.6,0.4,5,1,50,1,1,0,0,8724.46,37741,2638.78587735546,0,50,1.51514546940546,0.337526038951672,50,0.928652400866641,1,6.93889390390723e-18,0.0713475991333587,7974.52535132904,9474.39464867096,37741,37741,1.41922163048747,1.61106930832345
60,0.5,0.6,0.4,5,1.5,50,1,0.2,0.38,0.42,29702.36,24106,13886.7843734647,0,50,0.627581562012855,0.313410325523901,10,0.112437500157761,0.330371059322254,0.258627893101936,0.51849553069007,25755.7795481141,33648.9404518859,24106,24106,0.403381321246818,0.851781802778892
60,0.5,0.6,0.4,10,0.5,50,1,1,0,0,5777.2,92508,1856.69252781852,0,50,2.83308488016541,0.378203535085531,50,0.928652400866641,1,6.93889390390723e-18,0.0713475991333587,5249.53382197156,6304.86617802844,92508,92508,2.72560062475673,2.94056913557409
60,0.5,0.6,0.4,10,1,50,1,1,0,0,9316.76,59088,2938.4337738437,0,50,1.90066926317277,0.345561827131918,50,0.928652400866641,1,6.93889390390723e-18,0.0713475991333587,8481.66636139117,10151.8536386088,59088,59088,1.80246167852252,1.99887684782302
60,0.5,0.6,0.4,10,1.5,50,1,0.82,0,0.18,33078.98,59088,14941.3769513949,0,50,0.841894744011093,0.415654293012203,41,0.692039463256992,0.902298073297658,6.93889390390723e-18,0.0713475991333587,28832.6876536372,37325.2723463628,59088,59088,0.710698060746531,0.973091427275655
60,0.5,0.7,0.2,0.001,0.5,50,1,0,1,0,597.42,71,116.302927823887,0,50,NA,NA,0,6.93889390390723e-18,0.0713475991333587,0.928652400866641,1,564.367073627504,630.472926372496,71,71,NA,NA
60,0.5,0.7,0.2,0.001,1,50,1,0,1,0,841.04,71,223.300288346232,0,50,NA,NA,0,6.93889390390723e-18,0.0713475991333587,0.928652400866641,1,777.578760220711,904.501239779289,71,71,NA,NA
60,0.5,0.7,0.2,0.001,1.5,50,1,0,1,0,1680.9,71,407.834462716911,0,50,NA,NA,0,6.93889390390723e-18,0.0713475991333587,0.928652400866641,1,1564.99472813306,1796.80527186694,71,71,NA,NA
60,0.5,0.7,0.2,0.01,0.5,50,1,0,1,0,970.4,71,152.735064736294,0,50,NA,NA,0,6.93889390390723e-18,0.0713475991333587,0.928652400866641,1,926.993174878009,1013.80682512199,71,71,NA,NA
60,0.5,0.7,0.2,0.01,1,50,1,0,1,0,1445.26,71,338.688877157494,0,50,NA,NA,0,6.93889390390723e-18,0.0713475991333587,0.928652400866641,1,1349.00568612046,1541.51431387954,71,71,NA,NA
60,0.5,0.7,0.2,0.01,1.5,50,1,0,1,0,2665.18,71,544.70481389989,0,50,NA,NA,0,6.93889390390723e-18,0.0713475991333587,0.928652400866641,1,2510.37660471626,2819.98339528374,71,71,NA,NA
60,0.5,0.7,0.2,0.1,0.5,50,1,0,1,0,1503.68,174,277.873076296737,0,50,NA,NA,0,6.93889390390723e-18,0.0713475991333587,0.928652400866641,1,1424.70934548954,1582.65065451046,174,174,NA,NA
60,0.5,0.7,0.2,0.1,1,50,1,0.02,0.98,0,2404.38,174,615.229304853906,0,50,0.449525097902195,NA,1,0.00353925927164624,0.104954435896378,0.895045564103622,0.996460740728354,2229.5337661517,2579.2262338483,174,174,NA,NA
60,0.5,0.7,0.2,0.1,1.5,50,1,0,1,0,4773.92,262.2,1307.98818630376,29.698484809835,50,NA,NA,0,6.93889390390723e-18,0.0713475991333587,0.928652400866641,1,4402.19387042691,5145.64612957309,253.759784004057,270.640215995943,NA,NA
60,0.5,0.7,0.2,0.5,0.5,50,1,0.14,0.16,0.7,1687.3,1637,459.761040417426,0,50,0.576017781628616,0.218816544224035,7,0.0695083342701629,0.261861937105855,0.0833742067803341,0.28514216063035,1556.63735803392,1817.96264196608,1637,1637,0.373646231041371,0.778389332215861
60,0.5,0.7,0.2,0.5,1,50,1,0.04,0.88,0.08,2633.82,1637,776.954643437559,0,50,1.79371138994665,1.26908553274843,2,0.0110388843276198,0.13460090687507,0.76195182616797,0.943823998490677,2413.01193347224,2854.62806652776,1637,1637,-9.60856973353529,13.1959925134286
60,0.5,0.7,0.2,0.5,1.5,50,1,0.02,0.98,0,5256.9,1637,1315.50816207646,0,50,1.34383656414251,NA,1,0.00353925927164624,0.104954435896378,0.895045564103622,0.996460740728354,4883.0367169589,5630.7632830411,1637,1637,NA,NA
60,0.5,0.7,0.2,1,0.5,50,1,1,0,0,1859.96,6282,502.308668417485,0,50,1.25512932207104,0.286347683890337,50,0.928652400866641,1,6.93889390390723e-18,0.0713475991333587,1717.2054559475,2002.7145440525,6282,6282,1.17375021073092,1.33650843341116
60,0.5,0.7,0.2,1,1,50,1,0.8,0,0.2,2710.3,4012,809.218601428538,0,50,0.593836135839204,0.541068565586147,40,0.669628940677746,0.887562499842239,6.93889390390723e-18,0.0713475991333587,2480.32261806536,2940.27738193464,4012,4012,0.420794013619275,0.766878258059133
60,0.5,0.7,0.2,1,1.5,50,1,0.04,0.56,0.4,5182.52,4012,1360.72589031422,0,50,1.34418627928548,1.2672412150596,2,0.0110388843276198,0.13460090687507,0.423060280216569,0.688378007887428,4795.80598078107,5569.23401921893,4012,4012,-10.0415243072024,12.7298968657733
60,0.5,0.7,0.2,3,0.5,50,1,1,0,0,1945.86,24106,518.235665011388,0,50,2.55507880254638,0.28991900046466,50,0.928652400866641,1,6.93889390390723e-18,0.0713475991333587,1798.57905359802,2093.14094640197,24106,24106,2.47268473426586,2.6374728708269
60,0.5,0.7,0.2,3,1,50,1,1,0,0,2768.26,15397,848.34034395617,0,50,1.80202726691075,0.547208996000334,50,0.928652400866641,1,6.93889390390723e-18,0.0713475991333587,2527.16434185749,3009.35565814251,15397,15397,1.64651219094848,1.95754234287302
60,0.5,0.7,0.2,3,1.5,50,1,1,0,0,5409.52,15397,1335.11765498516,0,50,1.10270723584845,0.426713693861616,50,0.928652400866641,1,6.93889390390723e-18,0.0713475991333587,5030.08376073638,5788.95623926362,15397,15397,0.981436545856011,1.22397792584089
60,0.5,0.7,0.2,5,0.5,50,1,1,0,0,1982.9,37741,528.034060821606,0,50,2.98543254109519,0.294966844541511,50,0.928652400866641,1,6.93889390390723e-18,0.0713475991333587,1832.83438031986,2132.96561968014,37741,37741,2.90160389140099,3.06926119078939
60,0.5,0.7,0.2,5,1,50,1,1,0,0,2768.26,37741,848.34034395617,0,50,2.69860161833765,0.547208996000334,50,0.928652400866641,1,6.93889390390723e-18,0.0713475991333587,2527.16434185749,3009.35565814251,37741,37741,2.54308654237538,2.85411669429992
60,0.5,0.7,0.2,5,1.5,50,1,1,0,0,5409.52,25196.8,1335.11765498516,3736.63787544965,50,1.5868582239275,0.463569417532704,50,0.928652400866641,1,6.93889390390723e-18,0.0713475991333587,5030.08376073638,5788.95623926362,24134.859265671,26258.740734329,1.45511325316072,1.71860319469428
60,0.5,0.7,0.2,10,0.5,50,1,1,0,0,2038.46,92508,537.538615983512,0,50,3.85508184274606,0.3003390413433,50,0.928652400866641,1,6.93889390390723e-18,0.0713475991333587,1885.69321562996,2191.22678437004,92508,92508,3.76972643161369,3.94043725387843
60,0.5,0.7,0.2,10,1,50,1,1,0,0,2815.76,59088,850.194613015161,0,50,3.12895394833896,0.547207923501931,50,0.928652400866641,1,6.93889390390723e-18,0.0713475991333587,2574.13736442168,3057.38263557832,59088,59088,2.97343917717736,3.28446871950056
60,0.5,0.7,0.2,10,1.5,50,1,1,0,0,5364.12,59088,1343.4132684308,0,50,2.45653037933121,0.427002942456622,50,0.928652400866641,1,6.93889390390723e-18,0.0713475991333587,4982.32617348073,5745.91382651927,59088,59088,2.33517748579761,2.57788327286481
60,0.5,0.7,0.3,0.001,0.5,50,1,0,1,0,704.96,71,162.895729764504,0,50,NA,NA,0,6.93889390390723e-18,0.0713475991333587,0.928652400866641,1,658.665545827246,751.254454172754,71,71,NA,NA
60,0.5,0.7,0.3,0.001,1,50,1,0,0.98,0.02,1042.98,71,272.97570273875,0,50,NA,NA,0,6.93889390390723e-18,0.0713475991333587,0.895045564103622,0.996460740728354,965.40116365491,1120.55883634509,71,71,NA,NA
60,0.5,0.7,0.3,0.001,1.5,50,1,0,1,0,2514.64,71,681.690328880934,0,50,NA,NA,0,6.93889390390723e-18,0.0713475991333587,0.928652400866641,1,2320.90575211019,2708.37424788981,71,71,NA,NA
60,0.5,0.7,0.3,0.01,0.5,50,1,0,1,0,1047.08,71,244.958125534358,0,50,NA,NA,0,6.93889390390723e-18,0.0713475991333587,0.928652400866641,1,977.463670995007,1116.69632900499,71,71,NA,NA
60,0.5,0.7,0.3,0.01,1,50,1,0,0.98,0.02,1562.66,71,278.976160930189,0,50,NA,NA,0,6.93889390390723e-18,0.0713475991333587,0.895045564103622,0.996460740728354,1483.37585230537,1641.94414769463,71,71,NA,NA
60,0.5,0.7,0.3,0.01,1.5,50,1,0,1,0,3171.58,71,722.427034377867,0,50,NA,NA,0,6.93889390390723e-18,0.0713475991333587,0.928652400866641,1,2966.2685085047,3376.8914914953,71,71,NA,NA
60,0.5,0.7,0.3,0.1,0.5,50,1,0.02,0.98,0,1757.8,174,534.225397664885,0,50,0.449525097902195,NA,1,0.00353925927164624,0.104954435896378,0.895045564103622,0.996460740728354,1605.97482185768,1909.62517814232,174,174,NA,NA
60,0.5,0.7,0.3,0.1,1,50,1,0.02,0.98,0,2823.02,174,803.255886999902,0,50,0.896375422173214,NA,1,0.00353925927164624,0.104954435896378,0.895045564103622,0.996460740728354,2594.73720275619,3051.30279724381,174,174,NA,NA
60,0.5,0.7,0.3,0.1,1.5,50,1,0,1,0,5870.08,262.2,1145.95086335518,29.698484809835,50,NA,NA,0,6.93889390390723e-18,0.0713475991333587,0.928652400866641,1,5544.40436808184,6195.75563191816,253.759784004057,270.640215995943,NA,NA
60,0.5,0.7,0.3,0.5,0.5,50,1,0.08,0.7,0.22,2219.22,1637,579.217850173131,0,50,1.0086915435744,1.12159922165627,4,0.031549514088593,0.188382469183428,0.562496495355466,0.808964464991191,2054.6081083338,2383.8318916662,1637,1637,-0.776023105910139,2.79340619305894
60,0.5,0.7,0.3,0.5,1,50,1,0.04,0.96,0,3228.74,1637,928.354124243545,0,50,2.01713655208215,1.58505642721587,2,0.0110388843276198,0.13460090687507,0.86539909312493,0.98896111567238,2964.90467710349,3492.57532289651,1637,1637,-12.2240304247065,16.2583035288708
60,0.5,0.7,0.3,0.5,1.5,50,1,0,1,0,6345.16,1637,1543.69418246607,0,50,NA,NA,0,6.93889390390723e-18,0.0713475991333587,0.928652400866641,1,5906.44696749609,6783.87303250391,1637,1637,NA,NA
60,0.5,0.7,0.3,1,0.5,50,1,1,0,0,2286.6,6282,544.214806029789,0,50,1.07584259432385,0.487874898383863,50,0.928652400866641,1,6.93889390390723e-18,0.0713475991333587,2131.93586341212,2441.26413658788,6282,6282,0.937190082327857,1.21449510631984
60,0.5,0.7,0.3,1,1,50,1,0.48,0,0.52,3228.74,4012,928.354124243545,0,50,0.653565564474012,0.770550752490531,24,0.347971352865781,0.614882551099554,6.93889390390723e-18,0.0713475991333587,2964.90467710349,3492.57532289651,4012,4012,0.328190517885226,0.978940611062798
60,0.5,0.7,0.3,1,1.5,50,1,0,0.9,0.1,6623.48,4012,1570.93851111821,0,50,NA,NA,0,6.93889390390723e-18,0.0713475991333587,0.786397685625204,0.95652423506811,6177.02421496306,7069.93578503694,4012,4012,NA,NA
60,0.5,0.7,0.3,3,0.5,50,1,1,0,0,2400.12,24106,616.64737517168,0,50,2.37579171952526,0.498264303647919,50,0.928652400866641,1,6.93889390390723e-18,0.0713475991333587,2224.87075502651,2575.36924497349,24106,24106,2.23418657122275,2.51739686782777
60,0.5,0.7,0.3,3,1,50,1,1,0,0,3361.08,15397,1015.93722367525,0,50,1.62273963011222,0.633200399966394,50,0.928652400866641,1,6.93889390390723e-18,0.0713475991333587,3072.35383565043,3649.80616434957,15397,15397,1.44278606754313,1.80269319268131
60,0.5,0.7,0.3,3,1.5,50,1,1,0,0,6978.78,15397,1838.36050838118,0,50,0.824776784044616,0.261876206534264,50,0.928652400866641,1,6.93889390390723e-18,0.0713475991333587,6456.32372425054,7501.23627574946,15397,15397,0.750352389618428,0.899201178470804
60,0.5,0.7,0.3,5,0.5,50,1,1,0,0,2458.08,37741,694.11126085735,0,50,2.80615352712508,0.510936368691865,50,0.928652400866641,1,6.93889390390723e-18,0.0713475991333587,2260.81576230016,2655.34423769984,37741,37741,2.66094701778445,2.95136003646572
60,0.5,0.7,0.3,5,1,50,1,1,0,0,3419.04,37741,1009.9490381162,0,50,2.50138952463041,0.634494267964494,50,0.928652400866641,1,6.93889390390723e-18,0.0713475991333587,3132.01565915644,3706.06434084356,37741,37741,2.32106824884484,2.68171080041598
60,0.5,0.7,0.3,5,1.5,50,1,1,0,0,7263.02,24924.1,1980.77103612483,3271.00837756837,50,1.26410132277553,0.322644016161247,50,0.928652400866641,1,6.93889390390723e-18,0.0713475991333587,6700.0911000763,7825.9488999237,23994.4897047949,25853.7102952051,1.17240690793799,1.35579573761307
60,0.5,0.7,0.3,10,0.5,50,1,1,0,0,2509.34,92508,750.877544025954,0,50,3.68478558513175,0.514780732359003,50,0.928652400866641,1,6.93889390390723e-18,0.0713475991333587,2295.94296312547,2722.73703687453,92508,92508,3.53848651972553,3.83108465053797
60,0.5,0.7,0.3,10,1,50,1,1,0,0,3448.02,59088,1005.6641726557,0,50,2.94070811761158,0.63494661870039,50,0.928652400866641,1,6.93889390390723e-18,0.0713475991333587,3162.21340444654,3733.82659555346,59088,59088,2.76025828516928,3.12115795005388
60,0.5,0.7,0.3,10,1.5,50,1,1,0,0,7891.42,59088,2244.05830520128,0,50,2.05307970085332,0.287685233839266,50,0.928652400866641,1,6.93889390390723e-18,0.0713475991333587,7253.66568611272,8529.17431388728,59088,59088,1.97132046202365,2.13483893968299
60,0.5,0.7,0.4,0.001,0.5,50,1,0,1,0,932.6,71,174.979998857012,0,50,NA,NA,0,6.93889390390723e-18,0.0713475991333587,0.928652400866641,1,882.871234550191,982.328765449809,71,71,NA,NA
60,0.5,0.7,0.4,0.001,1,50,1,0,1,0,1472.24,71,406.374541224105,0,50,NA,NA,0,6.93889390390723e-18,0.0713475991333587,0.928652400866641,1,1356.74963323059,1587.73036676941,71,71,NA,NA
60,0.5,0.7,0.4,0.001,1.5,50,1,0,1,0,3841.64,71,1160.07332210213,0,50,NA,NA,0,6.93889390390723e-18,0.0713475991333587,0.928652400866641,1,3511.95080971409,4171.32919028591,71,71,NA,NA
60,0.5,0.7,0.4,0.01,0.5,50,1,0,1,0,1412.42,71,289.775781723507,0,50,NA,NA,0,6.93889390390723e-18,0.0713475991333587,0.928652400866641,1,1330.06663403536,1494.77336596464,71,71,NA,NA
60,0.5,0.7,0.4,0.01,1,50,1,0,1,0,2006.54,71,497.298137079617,0,50,NA,NA,0,6.93889390390723e-18,0.0713475991333587,0.928652400866641,1,1865.20943319809,2147.87056680191,71,71,NA,NA
60,0.5,0.7,0.4,0.01,1.5,50,1,0,1,0,4155.92,71,985.94466955736,0,50,NA,NA,0,6.93889390390723e-18,0.0713475991333587,0.928652400866641,1,3875.71762521902,4436.12237478098,71,71,NA,NA
60,0.5,0.7,0.4,0.1,0.5,50,1,0,1,0,2396.32,174,359.369427339225,0,50,NA,NA,0,6.93889390390723e-18,0.0713475991333587,0.928652400866641,1,2294.18833878889,2498.45166121111,174,174,NA,NA
60,0.5,0.7,0.4,0.1,1,50,1,0,1,0,3700.72,174,814.24165394581,0,50,NA,NA,0,6.93889390390723e-18,0.0713475991333587,0.928652400866641,1,3469.31508233496,3932.12491766504,174,174,NA,NA
60,0.5,0.7,0.4,0.1,1.5,50,1,0,1,0,7166.3,260.24,1867.38609466029,32.169550820613,50,NA,NA,0,6.93889390390723e-18,0.0713475991333587,0.928652400866641,1,6635.59474390109,7697.00525609891,251.097514814072,269.382485185928,NA,NA
60,0.5,0.7,0.4,0.5,0.5,50,1,0,0.96,0.04,2844.74,1637,652.181451212868,0,50,NA,NA,0,6.93889390390723e-18,0.0713475991333587,0.86539909312493,0.98896111567238,2659.39208235266,3030.08791764734,1637,1637,NA,NA
60,0.5,0.7,0.4,0.5,1,50,1,0.02,0.98,0,4192.4,1637,1098.94877413065,0,50,0.896332403834489,NA,1,0.00353925927164624,0.104954435896378,0.895045564103622,0.996460740728354,3880.08221404118,4504.71778595882,1637,1637,NA,NA
60,0.5,0.7,0.4,0.5,1.5,50,1,0,1,0,8946.18,1637,2180.67717145901,0,50,NA,NA,0,6.93889390390723e-18,0.0713475991333587,0.928652400866641,1,8326.43840502003,9565.92159497997,1637,1637,NA,NA
60,0.5,0.7,0.4,1,0.5,50,1,1,0,0,3191.14,6282,841.265713320211,0,50,0.7172730984245,0.300277175516323,50,0.928652400866641,1,6.93889390390723e-18,0.0713475991333587,2952.05492963802,3430.22507036198,6282,6282,0.631935269365622,0.802610927483378
60,0.5,0.7,0.4,1,1,50,1,0.1,0.2,0.7,4283.2,4012,1173.10218425075,0,50,0.71704053328324,0.601343772352982,5,0.0434757649318904,0.213602314374797,0.112437500157761,0.330371059322254,3949.80804806076,4616.59195193924,4012,4012,-0.0296263793914977,1.46370744595798
60,0.5,0.7,0.4,1,1.5,50,1,0,0.98,0.02,10364.4,4012,2715.9233856526,0,50,NA,NA,0,6.93889390390723e-18,0.0713475991333587,0.895045564103622,0.996460740728354,9592.54311403021,11136.2568859698,4012,4012,NA,NA
60,0.5,0.7,0.4,3,0.5,50,1,1,0,0,3383.54,24106,814.191729162569,0,50,1.99930583576821,0.289286687172025,50,0.928652400866641,1,6.93889390390723e-18,0.0713475991333587,3152.14927080137,3614.93072919863,24106,24106,1.91709146893714,2.08152020259928
60,0.5,0.7,0.4,3,1,50,1,1,0,0,4448.38,15397,1236.74576091566,0,50,1.2910410219577,0.358148251546712,50,0.928652400866641,1,6.93889390390723e-18,0.0713475991333587,4096.9007437001,4799.8592562999,15397,15397,1.18925641506683,1.39282562884857
60,0.5,0.7,0.4,3,1.5,50,1,0.66,0.06,0.28,11776.86,15397,4409.10815180187,0,50,0.54331471326628,0.217247655247573,33,0.521538260502326,0.775630507774999,0.020614970348974,0.162170916888382,10523.8053277173,13029.9146722827,15397,15397,0.466282044290341,0.620347382242219
60,0.5,0.7,0.4,5,0.5,50,1,1,0,0,3470.48,37741,798.846112738076,0,50,2.42070541491367,0.286296722694315,50,0.928652400866641,1,6.93889390390723e-18,0.0713475991333587,3243.45044673485,3697.50955326515,37741,37741,2.33934078658521,2.50207004324213
60,0.5,0.7,0.4,5,1,50,1,1,0,0,4568.16,37741,1255.26922650896,0,50,2.16071720368958,0.358726683140127,50,0.928652400866641,1,6.93889390390723e-18,0.0713475991333587,4211.4164330256,4924.9035669744,37741,37741,2.05876820835874,2.26266619902042
60,0.5,0.7,0.4,5,1.5,50,1,0.84,0.02,0.14,13810.38,24106,6447.79401887156,0,50,0.789801983835826,0.340222607444006,42,0.71485783936965,0.916625793219666,0.00353925927164624,0.104954435896378,11977.9372149525,15642.8227850475,24106,24106,0.683781155850475,0.895822811821177
60,0.5,0.7,0.4,10,0.5,50,1,1,0,0,3689.76,92508,824.313680139609,0,50,3.25451216415765,0.283576530188965,50,0.928652400866641,1,6.93889390390723e-18,0.0713475991333587,3455.49264416221,3924.02735583779,92508,92508,3.17392060598556,3.33510372232974
60,0.5,0.7,0.4,10,1,50,1,1,0,0,4849.8,59088,1462.77639286058,0,50,2.55519873317491,0.376146900633905,50,0.928652400866641,1,6.93889390390723e-18,0.0713475991333587,4434.08354885564,5265.51645114436,59088,59088,2.44829896681029,2.66209849953953
60,0.5,0.7,0.4,10,1.5,50,1,0.98,0,0.02,15221.06,59088,8277.13194044845,0,50,1.49121046823582,0.402892505793464,49,0.895045564103622,0.996460740728354,6.93889390390723e-18,0.0713475991333587,12868.7251300013,17573.3948699987,59088,59088,1.37548622884515,1.60693470762649
60,1,0.5,0.2,0.001,0.5,50,1,0,1,0,982.22,71,179.268728848221,0,50,NA,NA,0,6.93889390390723e-18,0.0713475991333587,0.928652400866641,1,931.272390972619,1033.16760902738,71,71,NA,NA
60,1,0.5,0.2,0.001,1,50,1,0,1,0,1454.58,71,323.608486682691,0,50,NA,NA,0,6.93889390390723e-18,0.0713475991333587,0.928652400866641,1,1362.61148567305,1546.54851432695,71,71,NA,NA
60,1,0.5,0.2,0.001,1.5,50,1,0,1,0,3533.66,71,929.107375223056,0,50,NA,NA,0,6.93889390390723e-18,0.0713475991333587,0.928652400866641,1,3269.61060554372,3797.70939445628,71,71,NA,NA
60,1,0.5,0.2,0.01,0.5,50,1,0,1,0,1554.26,71,207.151311157535,0,50,NA,NA,0,6.93889390390723e-18,0.0713475991333587,0.928652400866641,1,1495.38824875721,1613.13175124279,71,71,NA,NA
60,1,0.5,0.2,0.01,1,50,1,0,1,0,2662.8,71,562.96423926736,0,50,NA,NA,0,6.93889390390723e-18,0.0713475991333587,0.928652400866641,1,2502.80733344367,2822.79266655633,71,71,NA,NA
60,1,0.5,0.2,0.01,1.5,50,1,0,1,0,6080.66,71,920.451522074789,0,50,NA,NA,0,6.93889390390723e-18,0.0713475991333587,0.928652400866641,1,5819.07057179009,6342.24942820991,71,71,NA,NA
60,1,0.5,0.2,0.1,0.5,50,1,0,1,0,3505.42,174,866.756894335171,0,50,NA,NA,0,6.93889390390723e-18,0.0713475991333587,0.928652400866641,1,3259.0904161507,3751.7495838493,174,174,NA,NA
60,1,0.5,0.2,0.1,1,50,1,0,1,0,6438.56,174,1876.79595794404,0,50,NA,NA,0,6.93889390390723e-18,0.0713475991333587,0.928652400866641,1,5905.18049034521,6971.93950965479,174,174,NA,NA
60,1,0.5,0.2,0.1,1.5,50,1,0,1,0,14753.62,226.92,3837.69301922339,49.3388285227771,50,NA,NA,0,6.93889390390723e-18,0.0713475991333587,0.928652400866641,1,13662.9597115788,15844.2802884212,212.898060079984,240.941939920016,NA,NA
60,1,0.5,0.2,0.5,0.5,50,1,0.02,0.98,0,5130.3,1637,1739.39747074224,0,50,0.447891932746267,NA,1,0.00353925927164624,0.104954435896378,0.895045564103622,0.996460740728354,4635.96870835783,5624.63129164217,1637,1637,NA,NA
60,1,0.5,0.2,0.5,1,50,1,0,1,0,9457.74,1637,3595.85782567234,0,50,NA,NA,0,6.93889390390723e-18,0.0713475991333587,0.928652400866641,1,8435.80851313421,10479.6714868658,1637,1637,NA,NA
60,1,0.5,0.2,0.5,1.5,50,1,0,1,0,20831.78,1637,8250.66256161978,0,50,NA,NA,0,6.93889390390723e-18,0.0713475991333587,0.928652400866641,1,18486.9676442313,23176.5923557687,1637,1637,NA,NA
60,1,0.5,0.2,1,0.5,50,1,0.12,0.78,0.1,6187.04,4012,2393.48695302183,0,50,0.597478936340956,0.365874192525056,6,0.0561760015093228,0.23804817383203,0.647584504187463,0.872460840297856,5506.81853428114,6867.26146571886,4012,4012,0.213517518986997,0.981440353694915
60,1,0.5,0.2,1,1,50,1,0.02,0.96,0.02,11203.88,4012,4337.51798509475,0,50,0.448111422717755,NA,1,0.00353925927164624,0.104954435896378,0.86539909312493,0.98896111567238,9971.1710279799,12436.5889720201,4012,4012,NA,NA
60,1,0.5,0.2,1,1.5,50,1,0,0.98,0.02,21639.74,4012,8000.38344695849,0,50,NA,NA,0,6.93889390390723e-18,0.0713475991333587,0.895045564103622,0.996460740728354,19366.0561816143,23913.4238183857,4012,4012,NA,NA
60,1,0.5,0.2,3,0.5,50,1,0.9,0.02,0.08,8258.44,15397,3905.96176538546,0,50,0.816799261107536,0.397382270204005,45,0.786397685625204,0.95652423506811,0.00353925927164624,0.104954435896378,7148.3779485909,9368.5020514091,15397,15397,0.69741241030713,0.936186111907942
60,1,0.5,0.2,3,1,50,1,0.58,0.12,0.3,12684.1,15397,6470.75155162498,0,50,0.649178284175351,0.351066164027439,29,0.442334417685782,0.70624996645288,0.0561760015093228,0.23804817383203,10845.1327563341,14523.0672436659,15397,15397,0.515639857146389,0.782716711204313
60,1,0.5,0.2,3,1.5,50,1,0.04,0.62,0.34,21975.38,15397,8392.57054073569,0,50,0.896554024277426,0.634032656451628,2,0.0110388843276198,0.13460090687507,0.48150446930993,0.741372106898064,19590.2378427968,24360.5221572032,15397,15397,-4.80000338164691,6.59311143020177
60,1,0.5,0.2,5,0.5,50,1,0.96,0,0.04,9996.28,24106,4723.64239881013,0,50,1.03660662139778,0.472913986081781,48,0.86539909312493,0.98896111567238,6.93889390390723e-18,0.0713475991333587,8653.83568377185,11338.7243162281,24106,24106,0.899286714101654,1.17392652869391
60,1,0.5,0.2,5,1,50,1,0.82,0.02,0.16,13429.12,24106,6986.41940245064,0,50,0.88559832531524,0.430981664018267,41,0.692039463256992,0.902298073297658,0.00353925927164624,0.104954435896378,11443.6015746492,15414.6384253508,24106,24106,0.749563726809654,1.02163292382083
60,1,0.5,0.2,5,1.5,50,1,0.32,0.12,0.56,23043.32,24106,8766.96701432166,0,50,0.560357339953048,0.347242793707918,16,0.207582162606568,0.458102973081441,0.0561760015093228,0.23804817383203,20551.775542295,25534.864457705,24106,24106,0.375324716241136,0.74538996366496
60,1,0.5,0.2,10,0.5,50,1,1,0,0,12220.58,59088,6900.65973211021,0,50,1.72137751851394,0.553555081126055,50,0.928652400866641,1,6.93889390390723e-18,0.0713475991333587,10259.4342032883,14181.7257967117,59088,59088,1.56405890511423,1.87869613191365
60,1,0.5,0.2,10,1,50,1,0.98,0,0.02,16236.96,59088,10479.0574314405,0,50,1.50949600489941,0.597873333094272,49,0.895045564103622,0.996460740728354,6.93889390390723e-18,0.0713475991333587,13258.8448294254,19215.0751705745,59088,59088,1.33776673287427,1.68122527692455
60,1,0.5,0.2,10,1.5,50,1,0.98,0,0.02,24679.52,58234.12,10022.0403544856,4225.61012447689,50,0.960608042817196,0.419333545761207,49,0.895045564103622,0.996460740728354,6.93889390390723e-18,0.0713475991333587,21831.2876456039,27527.7523543961,57033.2148900727,59435.0251099273,0.840161385367868,1.08105470026652
60,1,0.5,0.3,0.001,0.5,50,1,0,1,0,1437.08,71,390.387292784162,0,50,NA,NA,0,6.93889390390723e-18,0.0713475991333587,0.928652400866641,1,1326.13315896525,1548.02684103475,71,71,NA,NA
60,1,0.5,0.3,0.001,1,50,1,0,1,0,2374.54,71,702.135436961228,0,50,NA,NA,0,6.93889390390723e-18,0.0713475991333587,0.928652400866641,1,2174.9953166835,2574.0846833165,71,71,NA,NA
60,1,0.5,0.3,0.001,1.5,50,1,0,1,0,7024.88,71,2307.14244705879,0,50,NA,NA,0,6.93889390390723e-18,0.0713475991333587,0.928652400866641,1,6369.19737136517,7680.56262863483,71,71,NA,NA
60,1,0.5,0.3,0.01,0.5,50,1,0,1,0,2204.08,71,590.732849596022,0,50,NA,NA,0,6.93889390390723e-18,0.0713475991333587,0.928652400866641,1,2036.19558170678,2371.96441829322,71,71,NA,NA
60,1,0.5,0.3,0.01,1,50,1,0,1,0,3738.62,71,707.275309096212,0,50,NA,NA,0,6.93889390390723e-18,0.0713475991333587,0.928652400866641,1,3537.61458118509,3939.62541881491,71,71,NA,NA
60,1,0.5,0.3,0.01,1.5,50,1,0,1,0,9199.54,71,2294.670393031,0,50,NA,NA,0,6.93889390390723e-18,0.0713475991333587,0.928652400866641,1,8547.40188990144,9851.67811009856,71,71,NA,NA
60,1,0.5,0.3,0.1,0.5,50,1,0,1,0,5046.86,174,1644.6158165607,0,50,NA,NA,0,6.93889390390723e-18,0.0713475991333587,0.928652400866641,1,4579.46535643491,5514.25464356509,174,174,NA,NA
60,1,0.5,0.3,0.1,1,50,1,0,1,0,10546.7,174,2742.09498525548,0,50,NA,NA,0,6.93889390390723e-18,0.0713475991333587,0.928652400866641,1,9767.40522771978,11325.9947722802,174,174,NA,NA
60,1,0.5,0.3,0.1,1.5,50,1,0,1,0,29083.18,215.16,8928.19598225482,48.8597994265224,50,NA,NA,0,6.93889390390723e-18,0.0713475991333587,0.928652400866641,1,26545.8147765936,31620.5452234064,201.27419864283,229.04580135717,NA,NA
60,1,0.5,0.3,0.5,0.5,50,1,0.02,0.98,0,8790.42,1637,3599.10216746298,0,50,1.34383656414251,NA,1,0.00353925927164624,0.104954435896378,0.895045564103622,0.996460740728354,7767.56648139916,9813.27351860084,1637,1637,NA,NA
60,1,0.5,0.3,0.5,1,50,1,0,1,0,20270.08,1637,8602.76711259054,0,50,NA,NA,0,6.93889390390723e-18,0.0713475991333587,0.928652400866641,1,17825.2006380397,22714.9593619603,1637,1637,NA,NA
60,1,0.5,0.3,0.5,1.5,50,1,0,1,0,44201.52,1637,17837.6922105286,0,50,NA,NA,0,6.93889390390723e-18,0.0713475991333587,0.928652400866641,1,39132.1039644671,49270.9360355329,1637,1637,NA,NA
60,1,0.5,0.3,1,0.5,50,1,0.04,0.88,0.08,11507.96,4012,5391.25146942068,0,50,1.34418627928548,1.2672412150596,2,0.0110388843276198,0.13460090687507,0.76195182616797,0.943823998490677,9975.78328520391,13040.1367147961,4012,4012,-10.0415243072024,12.7298968657733
60,1,0.5,0.3,1,1,50,1,0,0.98,0.02,26184.74,4012,12937.2023058484,0,50,NA,NA,0,6.93889390390723e-18,0.0713475991333587,0.895045564103622,0.996460740728354,22508.0277857658,29861.4522142342,4012,4012,NA,NA
60,1,0.5,0.3,1,1.5,50,1,0,1,0,49740.7,4012,20666.1904156503,0,50,NA,NA,0,6.93889390390723e-18,0.0713475991333587,0.928652400866641,1,43867.4336687962,55613.9663312038,4012,4012,NA,NA
60,1,0.5,0.3,3,0.5,50,1,0.34,0.54,0.12,19764.92,15397,11670.7237780556,0,50,0.896447588566171,0.807933518664581,17,0.224369492225001,0.478461739497674,0.403988713991575,0.670303478077756,16448.1370009174,23081.7029990826,15397,15397,0.481046504249069,1.31184867288327
60,1,0.5,0.3,3,1,50,1,0.04,0.82,0.14,39822.6,15397,24433.7883451985,0,50,0.896554024277426,0.634032656451628,2,0.0110388843276198,0.13460090687507,0.692039463256992,0.902298073297658,32878.5941844464,46766.6058155536,15397,15397,-4.80000338164691,6.59311143020177
60,1,0.5,0.3,3,1.5,50,1,0,0.96,0.04,63587.54,15397,30066.3357073275,0,50,NA,NA,0,6.93889390390723e-18,0.0713475991333587,0.86539909312493,0.98896111567238,55042.7819356985,72132.2980643015,15397,15397,NA,NA
60,1,0.5,0.3,5,0.5,50,1,0.38,0.32,0.3,24664.96,24106,14250.9481459864,0,50,1.03804465481502,0.897002029889569,19,0.258627893101936,0.51849553069007,0.207582162606568,0.458102973081441,20614.885349078,28715.034650922,24106,24106,0.605703515654504,1.47038579397554
60,1,0.5,0.3,5,1,50,1,0.16,0.62,0.22,49630.02,24106,38055.6397737763,0,50,0.616398438811882,0.475487879246235,8,0.0833742067803341,0.28514216063035,0.48150446930993,0.741372106898064,38814.7268424145,60445.3131575854,24106,24106,0.218880623780688,1.01391625384308
60,1,0.5,0.3,5,1.5,50,1,0.04,0.94,0.02,82980.96,24106,61447.3140788804,0,50,0.44828808691837,0,2,0.0110388843276198,0.13460090687507,0.837829083111618,0.979385029651026,65517.8265601237,100444.093439876,24106,24106,0.44828808691837,0.44828808691837
60,1,0.5,0.3,10,0.5,50,1,0.72,0.1,0.18,40017.84,59088,27797.1120305542,0,50,1.05840769314508,0.959245655621376,36,0.583348763040434,0.825258293340888,0.0434757649318904,0.213602314374797,32117.988169054,47917.691830946,59088,59088,0.733845658042305,1.38296972824786
60,1,0.5,0.3,10,1,50,1,0.38,0.32,0.3,79113.1,59088,75985.3528037087,0,50,0.802192582302892,0.550644453719712,19,0.258627893101936,0.51849553069007,0.207582162606568,0.458102973081441,57518.3016694524,100707.898330548,59088,59088,0.536790451136133,1.06759471346965
60,1,0.5,0.3,10,1.5,50,0.94,0.12,0.56,0.26,90446.5106382979,57725.4255319149,49432.1868500379,5274.67822115485,47,0.672424257424763,0.375063851417651,6,0.0561760015093228,0.23804817383203,0.423060280216569,0.688378007887428,75932.6768536169,104960.344422979,56176.7219877694,59274.1290760604,0.278818884510428,1.0660296303391
60,1,0.5,0.4,0.001,0.5,50,1,0,1,0,4039.02,71,1671.05070808147,0,50,NA,NA,0,6.93889390390723e-18,0.0713475991333587,0.928652400866641,1,3564.11264338933,4513.92735661067,71,71,NA,NA
60,1,0.5,0.4,0.001,1,50,1,0,1,0,8618.7,71,3696.20516509149,0,50,NA,NA,0,6.93889390390723e-18,0.0713475991333587,0.928652400866641,1,7568.25011481392,9669.14988518608,71,71,NA,NA
60,1,0.5,0.4,0.001,1.5,50,1,0,0.98,0.02,32544.06,71,19713.0602314862,0,50,NA,NA,0,6.93889390390723e-18,0.0713475991333587,0.895045564103622,0.996460740728354,26941.6702700137,38146.4497299863,71,71,NA,NA
60,1,0.5,0.4,0.01,0.5,50,1,0,1,0,4385.6,71,1304.30278505493,0,50,NA,NA,0,6.93889390390723e-18,0.0713475991333587,0.928652400866641,1,4014.92124987307,4756.27875012693,71,71,NA,NA
60,1,0.5,0.4,0.01,1,50,1,0,1,0,8819.28,71,2801.31770043591,0,50,NA,NA,0,6.93889390390723e-18,0.0713475991333587,0.928652400866641,1,8023.15431829159,9615.40568170841,71,71,NA,NA
60,1,0.5,0.4,0.01,1.5,50,1,0,0.98,0.02,26243.7,71,11621.2592616519,0,50,NA,NA,0,6.93889390390723e-18,0.0713475991333587,0.895045564103622,0.996460740728354,22940.9746609379,29546.4253390621,71,71,NA,NA
60,1,0.5,0.4,0.1,0.5,50,1,0,1,0,12497.76,174,3844.41730177723,0,50,NA,NA,0,6.93889390390723e-18,0.0713475991333587,0.928652400866641,1,11405.1886916215,13590.3313083785,174,174,NA,NA
60,1,0.5,0.4,0.1,1,50,1,0,1,0,29688,174,8981.64161623302,0,50,NA,NA,0,6.93889390390723e-18,0.0713475991333587,0.928652400866641,1,27135.445695477,32240.554304523,174,174,NA,NA
60,1,0.5,0.4,0.1,1.5,50,1,0.02,0.98,0,84232.04,219.08,32284.3657126442,49.3388285227771,50,1.34312218925468,NA,1,0.00353925927164624,0.104954435896378,0.895045564103622,0.996460740728354,75056.9247827924,93407.1552172076,205.058060079984,233.101939920016,NA,NA
60,1,0.5,0.4,0.5,0.5,50,1,0.02,0.98,0,35781.48,1637,15333.6981404636,0,50,1.34383656414251,NA,1,0.00353925927164624,0.104954435896378,0.895045564103622,0.996460740728354,31423.6912053595,40139.2687946405,1637,1637,NA,NA
60,1,0.5,0.4,0.5,1,50,1,0,1,0,104143.52,1637,52025.288461278,0,50,NA,NA,0,6.93889390390723e-18,0.0713475991333587,0.928652400866641,1,89358.0966130465,118928.943386953,1637,1637,NA,NA
60,1,0.5,0.4,0.5,1.5,50,0.74,0.02,0.72,0,248465.648648649,1637,113502.585061902,0,37,3.13794070032982,NA,1,0.00353925927164624,0.104954435896378,0.583348763040434,0.825258293340888,210622.002655036,286309.294642262,1637,1637,NA,NA
60,1,0.5,0.4,1,0.5,50,1,0.02,0.96,0.02,56628.46,4012,28147.0878786667,0,50,2.2402611358532,NA,1,0.00353925927164624,0.104954435896378,0.86539909312493,0.98896111567238,48629.1461335209,64627.7738664791,4012,4012,NA,NA
60,1,0.5,0.4,1,1,50,1,0,1,0,179282.3,4012,99803.507919669,0,50,NA,NA,0,6.93889390390723e-18,0.0713475991333587,0.928652400866641,1,150918.456881787,207646.143118213,4012,4012,NA,NA
60,1,0.5,0.4,1,1.5,50,0.44,0.02,0.42,0,229222.772727273,4012,113935.494249172,0,22,4.03436527204051,NA,1,0.00353925927164624,0.104954435896378,0.29375003354712,0.557665582314218,178706.604570916,279738.94088363,4012,4012,NA,NA
60,1,0.5,0.4,3,0.5,50,1,0.08,0.92,0,136444.98,15397,78132.663739568,0,50,1.56868407092187,1.39325494316759,4,0.031549514088593,0.188382469183428,0.811617530816572,0.968450485911407,114239.92265371,158650.03734629,15397,15397,-0.64829545217911,3.78566359402285
60,1,0.5,0.4,3,1,50,0.56,0.02,0.52,0.02,246518.642857143,15397,118703.289441211,0,28,0.896484284131327,NA,1,0.00353925927164624,0.104954435896378,0.385117448900446,0.652028647134219,200490.312328968,292546.973385318,15397,15397,NA,NA
60,1,0.5,0.4,3,1.5,50,0.2,0.02,0.18,0,243248.9,15397,135696.822815053,0,10,5.3792480871886,NA,1,0.00353925927164624,0.104954435896378,0.0977019267023418,0.307960536743008,146177.240680974,340320.559319026,15397,15397,NA,NA
60,1,0.5,0.4,5,0.5,50,0.9,0.06,0.82,0.02,182816.066666667,24106,107942.542639886,0,45,2.39045843701194,1.44041209402527,3,0.020614970348974,0.162170916888382,0.692039463256992,0.902298073297658,150386.536716705,215245.596616629,24106,24106,-1.1877235662175,5.96864044024138
60,1,0.5,0.4,5,1,50,0.24,0.02,0.22,0,210037.666666667,24106,139049.427169121,0,12,1.3447723710497,NA,1,0.00353925927164624,0.104954435896378,0.127539159702144,0.352415495812537,121689.875602718,298385.457730616,24106,24106,NA,NA
60,1,0.5,0.4,5,1.5,50,0.1,0.02,0.08,0,205865.6,24106,158208.420911467,0,5,5.82753617410697,NA,1,0.00353925927164624,0.104954435896378,0.031549514088593,0.188382469183428,9423.89954156388,402307.300458436,24106,24106,NA,NA
60,1,0.5,0.4,10,0.5,50,0.64,0.06,0.54,0.04,244573.5,59088,122801.658982437,0,32,2.68933931110325,2.2408591778127,3,0.020614970348974,0.162170916888382,0.403988713991575,0.670303478077756,200298.780573219,288848.219426781,59088,59088,-2.87726347922312,8.25594210142962
60,1,0.5,0.4,10,1,50,0.14,0.04,0.1,0,185718.428571429,59088,143447.116674702,0,7,1.34481013921464,1.26788392026832,2,0.0110388843276198,0.13460090687507,0.0434757649318904,0.213602314374797,53051.9726063489,318384.884536509,59088,59088,-10.0466749244698,12.7362952028991
60,1,0.5,0.4,10,1.5,50,0.06,0.02,0.04,0,166634.333333333,59088,178466.117412615,0,3,6.72410326005103,NA,1,0.00353925927164624,0.104954435896378,0.0110388843276198,0.13460090687507,-276700.079201006,609968.745867672,59088,59088,NA,NA
60,1,0.6,0.2,0.001,0.5,50,1,0,1,0,753.9,71,169.256989726949,0,50,NA,NA,0,6.93889390390723e-18,0.0713475991333587,0.928652400866641,1,705.797695748928,802.002304251072,71,71,NA,NA
60,1,0.6,0.2,0.001,1,50,1,0,1,0,1094.24,71,221.681105764703,0,50,NA,NA,0,6.93889390390723e-18,0.0713475991333587,0.928652400866641,1,1031.23892681886,1157.24107318114,71,71,NA,NA
60,1,0.6,0.2,0.001,1.5,50,1,0,1,0,2390.66,71,585.860839156487,0,50,NA,NA,0,6.93889390390723e-18,0.0713475991333587,0.928652400866641,1,2224.16019175364,2557.15980824636,71,71,NA,NA
60,1,0.6,0.2,0.01,0.5,50,1,0,1,0,1345.76,71,310.739313277748,0,50,NA,NA,0,6.93889390390723e-18,0.0713475991333587,0.928652400866641,1,1257.44886428756,1434.07113571244,71,71,NA,NA
60,1,0.6,0.2,0.01,1,50,1,0,1,0,2062.1,71,504.730368511703,0,50,NA,NA,0,6.93889390390723e-18,0.0713475991333587,0.928652400866641,1,1918.65721639577,2205.54278360423,71,71,NA,NA
60,1,0.6,0.2,0.01,1.5,50,1,0,1,0,4346.22,71,877.585399995758,0,50,NA,NA,0,6.93889390390723e-18,0.0713475991333587,0.928652400866641,1,4096.81298889224,4595.62701110776,71,71,NA,NA
60,1,0.6,0.2,0.1,0.5,50,1,0,1,0,2352.8,174,527.877420836099,0,50,NA,NA,0,6.93889390390723e-18,0.0713475991333587,0.928652400866641,1,2202.77889691118,2502.82110308882,174,174,NA,NA
60,1,0.6,0.2,0.1,1,50,1,0,1,0,4147,174,1056.94776192041,0,50,NA,NA,0,6.93889390390723e-18,0.0713475991333587,0.928652400866641,1,3846.61876963897,4447.38123036103,174,174,NA,NA
60,1,0.6,0.2,0.1,1.5,50,1,0,1,0,8550.7,217.12,2068.22614768288,49.1398005693959,50,NA,NA,0,6.93889390390723e-18,0.0713475991333587,0.928652400866641,1,7962.91663237448,9138.48336762552,203.15462319849,231.08537680151,NA,NA
60,1,0.6,0.2,0.5,0.5,50,1,0.02,0.92,0.06,3288.54,1637,872.974394977146,0,50,0.447891932746267,NA,1,0.00353925927164624,0.104954435896378,0.811617530816572,0.968450485911407,3040.44342201921,3536.63657798079,1637,1637,NA,NA
60,1,0.6,0.2,0.5,1,50,1,0.02,0.98,0,5582.12,1637,1697.38203749907,0,50,0.896332403834489,NA,1,0.00353925927164624,0.104954435896378,0.895045564103622,0.996460740728354,5099.72936236783,6064.51063763217,1637,1637,NA,NA
60,1,0.6,0.2,0.5,1.5,50,1,0,1,0,11038.24,1637,3719.74382791425,0,50,NA,NA,0,6.93889390390723e-18,0.0713475991333587,0.928652400866641,1,9981.10050085712,12095.3794991429,1637,1637,NA,NA
60,1,0.6,0.2,1,0.5,50,1,0.3,0.08,0.62,3673,4012,1139.99813820113,0,50,0.597521057965622,0.27662364848828,15,0.191035535008809,0.437503504644534,0.031549514088593,0.188382469183428,3349.01611385225,3996.98388614775,4012,4012,0.444331987472484,0.75071012845876
60,1,0.6,0.2,1,1,50,1,0.04,0.68,0.28,5815.04,4012,1861.01256134111,0,50,1.12043419913147,0.950807988696607,2,0.0110388843276198,0.13460090687507,0.541897026918559,0.792417837393432,5286.1460820288,6343.9339179712,4012,4012,-7.42223664677457,9.66310504503751
60,1,0.6,0.2,1,1.5,50,1,0,0.98,0.02,11794.28,4012,4272.60652672872,0,50,NA,NA,0,6.93889390390723e-18,0.0713475991333587,0.895045564103622,0.996460740728354,10580.0186603332,13008.5413396668,4012,4012,NA,NA
60,1,0.6,0.2,3,0.5,50,1,1,0,0,4543.08,15397,1703.41759521072,0,50,1.29997307510562,0.427168167567018,50,0.928652400866641,1,6.93889390390723e-18,0.0713475991333587,4058.97407584502,5027.18592415498,15397,15397,1.1785732251152,1.42137292509604
60,1,0.6,0.2,3,1,50,1,1,0,0,6284.2,15397,1937.99931551556,0,50,0.959265652349988,0.4151175106178,50,0.928652400866641,1,6.93889390390723e-18,0.0713475991333587,5733.4266885776,6834.9733114224,15397,15397,0.841290561171194,1.07724074352878
60,1,0.6,0.2,3,1.5,50,1,0.52,0.08,0.4,12587.6,15397,4900.63781354956,0,50,0.603397192514963,0.251754745382026,26,0.385117448900446,0.652028647134219,0.031549514088593,0.188382469183428,11194.8541434657,13980.3458565343,15397,15397,0.501711250233182,0.705083134796744
60,1,0.6,0.2,5,0.5,50,1,1,0,0,4871.48,30378.1,1847.05127648346,6864.64211130679,50,1.88274370794696,0.496055572159328,50,0.928652400866641,1,6.93889390390723e-18,0.0713475991333587,4346.55383528403,5396.40616471597,28427.190297863,32329.009702137,1.74176627418814,2.02372114170578
60,1,0.6,0.2,5,1,50,1,1,0,0,6846.76,24106,2158.85896316947,0,50,1.3268587413204,0.4339488418124,50,0.928652400866641,1,6.93889390390723e-18,0.0713475991333587,6233.21907120846,7460.30092879154,24106,24106,1.2035318450313,1.4501856376095
60,1,0.6,0.2,5,1.5,50,1,0.9,0,0.1,12650.54,24106,5152.89321231782,0,50,0.806878136669388,0.352436408048914,45,0.786397685625204,0.95652423506811,6.93889390390723e-18,0.0713475991333587,11186.103952354,14114.976047646,24106,24106,0.700994517748076,0.9127617555907
60,1,0.6,0.2,10,0.5,50,1,1,0,0,5705.9,59088,2200.35106892755,0,50,2.42068052836453,0.434346967948758,50,0.928652400866641,1,6.93889390390723e-18,0.0713475991333587,5080.56714522412,6331.23285477588,59088,59088,2.29724048587939,2.54412057084967
60,1,0.6,0.2,10,1,50,1,1,0,0,7185.7,59088,2679.76803176723,0,50,2.18756366629336,0.45857125312973,50,0.928652400866641,1,6.93889390390723e-18,0.0713475991333587,6424.11835191377,7947.28164808623,59088,59088,2.05723915813315,2.31788817445357
60,1,0.6,0.2,10,1.5,50,1,1,0,0,13252.26,58661.06,5467.31011282476,3018.92169159785,50,1.56896540234394,0.427180331640129,50,0.928652400866641,1,6.93889390390723e-18,0.0713475991333587,11698.4676579152,14806.0523420848,57803.09194826,59519.02805174,1.44756209536219,1.69036870932569
60,1,0.6,0.3,0.001,0.5,50,1,0,1,0,932.64,71,273.812818530902,0,50,NA,NA,0,6.93889390390723e-18,0.0713475991333587,0.928652400866641,1,854.823257979095,1010.45674202091,71,71,NA,NA
60,1,0.6,0.3,0.001,1,50,1,0,1,0,1547.18,71,466.844626952357,0,50,NA,NA,0,6.93889390390723e-18,0.0713475991333587,0.928652400866641,1,1414.50422501506,1679.85577498494,71,71,NA,NA
60,1,0.6,0.3,0.001,1.5,50,1,0,1,0,4205.18,71,1182.86648874845,0,50,NA,NA,0,6.93889390390723e-18,0.0713475991333587,0.928652400866641,1,3869.01306342642,4541.34693657358,71,71,NA,NA
60,1,0.6,0.3,0.01,0.5,50,1,0,1,0,1478.82,71,357.163067428162,0,50,NA,NA,0,6.93889390390723e-18,0.0713475991333587,0.928652400866641,1,1377.31537933771,1580.32462066229,71,71,NA,NA
60,1,0.6,0.3,0.01,1,50,1,0,1,0,2603.48,71,574.052306512433,0,50,NA,NA,0,6.93889390390723e-18,0.0713475991333587,0.928652400866641,1,2440.3361395991,2766.6238604009,71,71,NA,NA
60,1,0.6,0.3,0.01,1.5,50,1,0,1,0,5555.6,71,1069.6514023031,0,50,NA,NA,0,6.93889390390723e-18,0.0713475991333587,0.928652400866641,1,5251.60843498886,5859.59156501114,71,71,NA,NA
60,1,0.6,0.3,0.1,0.5,50,1,0,1,0,3147.72,174,1003.38307413938,0,50,NA,NA,0,6.93889390390723e-18,0.0713475991333587,0.928652400866641,1,2862.56168547195,3432.87831452805,174,174,NA,NA
60,1,0.6,0.3,0.1,1,50,1,0,1,0,5568.7,174,1332.37923218855,0,50,NA,NA,0,6.93889390390723e-18,0.0713475991333587,0.928652400866641,1,5190.0420118842,5947.3579881158,174,174,NA,NA
60,1,0.6,0.3,0.1,1.5,50,1,0,1,0,11704.5,221.04,3216.93355225001,49.4578608514359,50,NA,NA,0,6.93889390390723e-18,0.0713475991333587,0.928652400866641,1,10790.2576001118,12618.7423998882,206.984231466477,235.095768533523,NA,NA
60,1,0.6,0.3,0.5,0.5,50,1,0.02,0.9,0.08,4572.86,1637,1767.47584355516,0,50,0.896332403834489,NA,1,0.00353925927164624,0.104954435896378,0.786397685625204,0.95652423506811,4070.54892309696,5075.17107690304,1637,1637,NA,NA
60,1,0.6,0.3,0.5,1,50,1,0,1,0,7970.36,1637,2631.5588439911,0,50,NA,NA,0,6.93889390390723e-18,0.0713475991333587,0.928652400866641,1,7222.47925148575,8718.24074851425,1637,1637,NA,NA
60,1,0.6,0.3,0.5,1.5,50,1,0,1,0,15273.26,1637,4651.79627719119,0,50,NA,NA,0,6.93889390390723e-18,0.0713475991333587,0.928652400866641,1,13951.2341256155,16595.2858743845,1637,1637,NA,NA
60,1,0.6,0.3,1,0.5,50,1,0.12,0.54,0.34,5183.64,4012,1964.26226230156,0,50,0.896375589352127,0.490995137020319,6,0.0561760015093228,0.23804817383203,0.403988713991575,0.670303478077756,4625.40284168497,5741.87715831503,4012,4012,0.381107793547392,1.41164338515686
60,1,0.6,0.3,1,1,50,1,0.04,0.92,0.04,9054.86,4012,3171.53245010055,0,50,0.448111422717755,0,2,0.0110388843276198,0.13460090687507,0.811617530816572,0.968450485911407,8153.52045057876,9956.19954942124,4012,4012,0.448111422717755,0.448111422717755
60,1,0.6,0.3,1,1.5,50,1,0,1,0,16674.92,4012,6326.13730305807,0,50,NA,NA,0,6.93889390390723e-18,0.0713475991333587,0.928652400866641,1,14877.0516710367,18472.7883289633,4012,4012,NA,NA
60,1,0.6,0.3,3,0.5,50,1,0.96,0.02,0.02,6958.44,15397,3597.00285192196,0,50,0.961876659944664,0.471430739780077,48,0.86539909312493,0.98896111567238,0.00353925927164624,0.104954435896378,5936.18310027461,7980.69689972539,15397,15397,0.824987442479336,1.09876587740999
60,1,0.6,0.3,3,1,50,1,0.72,0,0.28,10536.32,15397,3463.00978824337,0,50,0.610096330954114,0.28658004919873,36,0.583348763040434,0.825258293340888,6.93889390390723e-18,0.0713475991333587,9552.1435076303,11520.4964923697,15397,15397,0.513131592627995,0.707061069280233
60,1,0.6,0.3,3,1.5,50,1,0.12,0.46,0.42,19755.44,15397,7458.82133042371,0,50,0.522935075194187,0.183000991143259,6,0.0561760015093228,0.23804817383203,0.329696521922244,0.596011286008425,17635.6664321891,21875.2135678109,15397,15397,0.330887312952162,0.714982837436212
60,1,0.6,0.3,5,0.5,50,1,0.96,0,0.04,8348.1,30923.5,4783.08380265967,6886.7149724847,50,1.50356393390156,0.643920842070459,48,0.86539909312493,0.98896111567238,6.93889390390723e-18,0.0713475991333587,6988.76262371156,9707.43737628844,28966.3172601245,32880.6827398755,1.31658881169854,1.69053905610458
60,1,0.6,0.3,5,1,50,1,0.96,0,0.04,11280.16,24106,4124.81124050494,0,50,0.859167388544267,0.343909018742928,48,0.86539909312493,0.98896111567238,6.93889390390723e-18,0.0713475991333587,10107.9016159351,12452.4183840649,24106,24106,0.759306619013307,0.959028158075227
60,1,0.6,0.3,5,1.5,50,1,0.48,0.1,0.42,20884.4,24106,7462.05223727607,0,50,0.522993701541072,0.215845506229905,24,0.347971352865781,0.614882551099554,0.0434757649318904,0.213602314374797,18763.7082186213,23005.0917813787,24106,24106,0.431850137773806,0.614137265308338
60,1,0.6,0.3,10,0.5,50,1,1,0,0,9896.5,59088,5369.70790164415,0,50,1.9455066596973,0.611622746113283,50,0.928652400866641,1,6.93889390390723e-18,0.0713475991333587,8370.44589942216,11422.5541005778,59088,59088,1.77168539850224,2.11932792089236
60,1,0.6,0.3,10,1,50,1,1,0,0,12908.9,59088,6502.25242057061,0,50,1.63171590263836,0.477145223739905,50,0.928652400866641,1,6.93889390390723e-18,0.0713475991333587,11060.9803084343,14756.8196915657,59088,59088,1.49611273043667,1.76731907484005
60,1,0.6,0.3,10,1.5,50,1,0.94,0.02,0.04,23751.1,57807.18,11512.9627886774,5121.10127143029,50,1.04917228750095,0.353178424475767,47,0.837829083111618,0.979385029651026,0.00353925927164624,0.104954435896378,20479.1521780185,27023.0478219815,56351.7791219843,59262.5808780157,0.945475217316145,1.15286935768576
60,1,0.6,0.4,0.001,0.5,50,1,0,1,0,1586.9,71,455.122510979187,0,50,NA,NA,0,6.93889390390723e-18,0.0713475991333587,0.928652400866641,1,1457.55561351439,1716.24438648561,71,71,NA,NA
60,1,0.6,0.4,0.001,1,50,1,0,1,0,2808.1,71,1064.98880419525,0,50,NA,NA,0,6.93889390390723e-18,0.0713475991333587,0.928652400866641,1,2505.43353070955,3110.76646929045,71,71,NA,NA
60,1,0.6,0.4,0.001,1.5,50,1,0,1,0,7927.08,71,3082.10851389573,0,50,NA,NA,0,6.93889390390723e-18,0.0713475991333587,0.928652400866641,1,7051.15445205422,8803.00554794578,71,71,NA,NA
60,1,0.6,0.4,0.01,0.5,50,1,0,1,0,2206,71,493.834310807392,0,50,NA,NA,0,6.93889390390723e-18,0.0713475991333587,0.928652400866641,1,2065.65384173264,2346.34615826736,71,71,NA,NA
60,1,0.6,0.4,0.01,1,50,1,0,1,0,3858.4,71,848.468752806959,0,50,NA,NA,0,6.93889390390723e-18,0.0713475991333587,0.928652400866641,1,3617.26784846588,4099.53215153412,71,71,NA,NA
60,1,0.6,0.4,0.01,1.5,50,1,0,1,0,8950.26,71,2849.84921770845,0,50,NA,NA,0,6.93889390390723e-18,0.0713475991333587,0.928652400866641,1,8140.34181369029,9760.17818630971,71,71,NA,NA
60,1,0.6,0.4,0.1,0.5,50,1,0,1,0,5013.3,174,1312.70302608544,0,50,NA,NA,0,6.93889390390723e-18,0.0713475991333587,0.928652400866641,1,4640.23392778679,5386.36607221321,174,174,NA,NA
60,1,0.6,0.4,0.1,1,50,1,0,1,0,9970.82,174,2698.74196458805,0,50,NA,NA,0,6.93889390390723e-18,0.0713475991333587,0.928652400866641,1,9203.84601986971,10737.7939801303,174,174,NA,NA
60,1,0.6,0.4,0.1,1.5,50,1,0,1,0,21356.72,228.88,6701.13372996979,49.1398005693959,50,NA,NA,0,6.93889390390723e-18,0.0713475991333587,0.928652400866641,1,19452.2788656862,23261.1611343138,214.91462319849,242.84537680151,NA,NA
60,1,0.6,0.4,0.5,0.5,50,1,0.02,0.98,0,8338.82,1637,2778.99248142861,0,50,0.447891932746267,NA,1,0.00353925927164624,0.104954435896378,0.895045564103622,0.996460740728354,7549.03907533171,9128.60092466829,1637,1637,NA,NA
60,1,0.6,0.4,0.5,1,50,1,0,1,0,16319.72,1637,6089.82857920333,0,50,NA,NA,0,6.93889390390723e-18,0.0713475991333587,0.928652400866641,1,14589.0098672824,18050.4301327176,1637,1637,NA,NA
60,1,0.6,0.4,0.5,1.5,50,1,0,1,0,35634.58,1637,14416.4652041777,0,50,NA,NA,0,6.93889390390723e-18,0.0713475991333587,0.928652400866641,1,31537.4659216091,39731.6940783909,1637,1637,NA,NA
60,1,0.6,0.4,1,0.5,50,1,0.02,0.96,0.02,10492.64,4012,4126.12048732443,0,50,1.34431650445696,NA,1,0.00353925927164624,0.104954435896378,0.86539909312493,0.98896111567238,9320.00953210589,11665.2704678941,4012,4012,NA,NA
60,1,0.6,0.4,1,1,50,1,0.02,0.98,0,19037.14,4012,6227.96165760287,0,50,0.448111422717755,NA,1,0.00353925927164624,0.104954435896378,0.895045564103622,0.996460740728354,17267.1728807613,20807.1071192387,4012,4012,NA,NA
60,1,0.6,0.4,1,1.5,50,1,0,1,0,43375.3,4012,18530.417313329,0,50,NA,NA,0,6.93889390390723e-18,0.0713475991333587,0.928652400866641,1,38109.0136685283,48641.5863314717,4012,4012,NA,NA
60,1,0.6,0.4,3,0.5,50,1,0.24,0.42,0.34,17603.64,15397,7107.64546610456,0,50,0.747037836604426,0.643379269081659,12,0.142973913969917,0.374126837579429,0.29375003354712,0.557665582314218,15583.6695085546,19623.6104914454,15397,15397,0.338254151572997,1.15582152163586
60,1,0.6,0.4,3,1,50,1,0.04,0.7,0.26,28955.54,15397,15519.9236062316,0,50,1.1206097356363,0.950895282182504,2,0.0110388843276198,0.13460090687507,0.562496495355466,0.808964464991191,24544.826513575,33366.253486425,15397,15397,-7.4228454111232,9.6640648823958
60,1,0.6,0.4,3,1.5,50,1,0.02,0.98,0,66302.42,15397,31832.6446599162,0,50,0.896484284131327,NA,1,0.00353925927164624,0.104954435896378,0.895045564103622,0.996460740728354,57255.6824855389,75349.1575144611,15397,15397,NA,NA
60,1,0.6,0.4,5,0.5,50,1,0.56,0.14,0.3,22778.28,30378.1,11101.0051062496,6864.64211130679,50,0.86451991687295,0.558071111234034,28,0.423060280216569,0.688378007887428,0.0695083342701629,0.261861937105855,19623.4092559618,25933.1507440382,28427.190297863,32329.009702137,0.648122530692443,1.08091730305346
60,1,0.6,0.4,5,1,50,1,0.22,0.54,0.24,34549.74,24106,17949.8425913285,0,50,0.652035311579516,0.543975362470982,11,0.127539159702144,0.352415495812537,0.403988713991575,0.670303478077756,29448.4511789011,39651.0288210989,24106,24106,0.286587690501151,1.01748293265788
60,1,0.6,0.4,5,1.5,50,1,0.02,0.96,0.02,78088.7,24106,36343.1657350162,0,50,1.3447723710497,NA,1,0.00353925927164624,0.104954435896378,0.86539909312493,0.98896111567238,67760.0865793482,88417.3134206518,24106,24106,NA,NA
60,1,0.6,0.4,10,0.5,50,1,0.76,0.06,0.18,35752.48,59088,21603.299119971,0,50,0.979129191192844,0.682225685017445,38,0.625873162420571,0.857026086030083,0.020614970348974,0.162170916888382,29612.8903217706,41892.0696782294,59088,59088,0.754887188562675,1.20337119382301
60,1,0.6,0.4,10,1,50,1,0.58,0.16,0.26,48580.46,59088,30872.7362909445,0,50,0.850187883984573,0.566322342620361,29,0.442334417685782,0.70624996645288,0.0833742067803341,0.28514216063035,39806.5254255647,57354.3945744353,59088,59088,0.634770385592534,1.06560538237661
60,1,0.6,0.4,10,1.5,50,1,0.1,0.78,0.12,124287.58,58234.12,70270.4726026486,4225.61012447689,50,0.896549801448876,0.776417164494367,5,0.0434757649318904,0.213602314374797,0.647584504187463,0.872460840297856,104316.932652128,144258.227347872,57033.2148900727,59435.0251099273,-0.0674994392912294,1.86059904218898
60,1,0.7,0.2,0.001,0.5,50,1,0,1,0,624.62,71,93.5291922124765,0,50,NA,NA,0,6.93889390390723e-18,0.0713475991333587,0.928652400866641,1,598.039297676158,651.200702323842,71,71,NA,NA
60,1,0.7,0.2,0.001,1,50,1,0,1,0,901.52,71,219.318167910254,0,50,NA,NA,0,6.93889390390723e-18,0.0713475991333587,0.928652400866641,1,839.190466326821,963.849533673179,71,71,NA,NA
60,1,0.7,0.2,0.001,1.5,50,1,0,1,0,1983.2,71,507.512903223923,0,50,NA,NA,0,6.93889390390723e-18,0.0713475991333587,0.928652400866641,1,1838.96642878025,2127.43357121975,71,71,NA,NA
60,1,0.7,0.2,0.01,0.5,50,1,0,1,0,1016.72,71,183.830227800167,0,50,NA,NA,0,6.93889390390723e-18,0.0713475991333587,0.928652400866641,1,964.476027314129,1068.96397268587,71,71,NA,NA
60,1,0.7,0.2,0.01,1,50,1,0,1,0,1558.34,71,326.167204522653,0,50,NA,NA,0,6.93889390390723e-18,0.0713475991333587,0.928652400866641,1,1465.64430610883,1651.03569389117,71,71,NA,NA
60,1,0.7,0.2,0.01,1.5,50,1,0,1,0,3418.66,71,821.179157414159,0,50,NA,NA,0,6.93889390390723e-18,0.0713475991333587,0.928652400866641,1,3185.28346566426,3652.03653433574,71,71,NA,NA
60,1,0.7,0.2,0.1,0.5,50,1,0,1,0,1859.96,174,502.308668417485,0,50,NA,NA,0,6.93889390390723e-18,0.0713475991333587,0.928652400866641,1,1717.2054559475,2002.7145440525,174,174,NA,NA
60,1,0.7,0.2,0.1,1,50,1,0.02,0.98,0,3058.06,174,970.091083668047,0,50,0.449525097902195,NA,1,0.00353925927164624,0.104954435896378,0.895045564103622,0.996460740728354,2782.3631644771,3333.7568355229,174,174,NA,NA
60,1,0.7,0.2,0.1,1.5,50,1,0,1,0,6435.32,224.96,1733.44553006845,49.4578608514359,50,NA,NA,0,6.93889390390723e-18,0.0713475991333587,0.928652400866641,1,5942.68023118142,6927.95976881858,210.904231466477,239.015768533523,NA,NA
60,1,0.7,0.2,0.5,0.5,50,1,0.06,0.62,0.32,2168.1,1637,536.730816506519,0,50,0.597372089775674,0.258907226698308,3,0.020614970348974,0.162170916888382,0.48150446930993,0.741372106898064,2015.56278970119,2320.63721029881,1637,1637,-0.0457891159102849,1.24053329546163
60,1,0.7,0.2,0.5,1,50,1,0.04,0.96,0,3746.34,1637,1227.50025745041,0,50,1.79371138994665,1.26908553274843,2,0.0110388843276198,0.13460090687507,0.86539909312493,0.98896111567238,3397.48828671239,4095.19171328761,1637,1637,-9.60856973353529,13.1959925134286
60,1,0.7,0.2,0.5,1.5,50,1,0.02,0.98,0,7443.98,1637,1989.76827170956,0,50,1.34383656414251,NA,1,0.00353925927164624,0.104954435896378,0.895045564103622,0.996460740728354,6878.49411401497,8009.46588598503,1637,1637,NA,NA
60,1,0.7,0.2,1,0.5,50,1,0.86,0,0.14,2433.22,4012,830.320722150575,0,50,0.656592944507693,0.329482940941676,43,0.738138062894145,0.930491665729837,6.93889390390723e-18,0.0713475991333587,2197.24546171186,2669.19453828814,4012,4012,0.555193062215089,0.757992826800297
60,1,0.7,0.2,1,1,50,1,0.24,0.12,0.64,3849.7,4012,1253.53770813418,0,50,0.821782179207685,0.952907900957369,12,0.142973913969917,0.374126837579429,0.0561760015093228,0.23804817383203,3493.44852510294,4205.95147489706,4012,4012,0.216333384121505,1.42723097429386
60,1,0.7,0.2,1,1.5,50,1,0.02,0.98,0,7626.28,4012,2277.83631706647,0,50,2.2402611358532,NA,1,0.00353925927164624,0.104954435896378,0.895045564103622,0.996460740728354,6978.92608135573,8273.63391864427,4012,4012,NA,NA
60,1,0.7,0.2,3,0.5,50,1,1,0,0,2713.92,15397,980.665493323752,0,50,1.81096455517523,0.414536787165236,50,0.928652400866641,1,6.93889390390723e-18,0.0713475991333587,2435.21795050422,2992.62204949578,15397,15397,1.69315450377557,1.92877460657489
60,1,0.7,0.2,3,1,50,1,1,0,0,3977.04,15397,1309.87969474066,0,50,1.45243573531914,0.597866844062511,50,0.928652400866641,1,6.93889390390723e-18,0.0713475991333587,3604.776309677,4349.303690323,15397,15397,1.28252385823142,1.62234761240686
60,1,0.7,0.2,3,1.5,50,1,0.96,0,0.04,7788.84,15397,2622.80931609056,0,50,0.793745425071675,0.482505595433115,48,0.86539909312493,0.98896111567238,6.93889390390723e-18,0.0713475991333587,7043.44583980216,8534.23416019784,15397,15397,0.653640404740812,0.933850445402538
60,1,0.7,0.2,5,0.5,50,1,1,0,0,2924.84,37195.6,1036.07011345758,2699.03002985162,50,2.61790155933594,0.455977057261832,50,0.928652400866641,1,6.93889390390723e-18,0.0713475991333587,2630.39213168225,3219.28786831775,36428.5441526276,37962.6558473724,2.48831431348393,2.74748880518795
60,1,0.7,0.2,5,1,50,1,1,0,0,4113.24,24106,1421.99047845488,0,50,1.8738199103765,0.61230820455469,50,0.928652400866641,1,6.93889390390723e-18,0.0713475991333587,3709.11477747825,4517.36522252174,24106,24106,1.69980384404782,2.04783597670518
60,1,0.7,0.2,5,1.5,50,1,1,0,0,7717.78,24106,2614.35841655349,0,50,1.21924887600167,0.496259996464194,50,0.928652400866641,1,6.93889390390723e-18,0.0713475991333587,6974.7875588767,8460.7724411233,24106,24106,1.07821334549822,1.36028440650512
60,1,0.7,0.2,10,0.5,50,1,1,0,0,3354.7,59088,1436.83037287223,0,50,2.97653837906964,0.502207224490424,50,0.928652400866641,1,6.93889390390723e-18,0.0713475991333587,2946.35732614896,3763.04267385104,59088,59088,2.83381266506222,3.11926409307706
60,1,0.7,0.2,10,1,50,1,1,0,0,4488.58,59088,1747.50943578662,0,50,2.70762460707696,0.671544356480561,50,0.928652400866641,1,6.93889390390723e-18,0.0713475991333587,3991.94331340033,4985.21668659967,59088,59088,2.51677381263928,2.89847540151464
60,1,0.7,0.2,10,1.5,50,1,1,0,0,7971.14,58661.06,2824.92251661846,3018.92169159785,50,2.0799554788199,0.518247852696485,50,0.928652400866641,1,6.93889390390723e-18,0.0713475991333587,7168.30590375795,8773.97409624205,57803.09194826,59519.02805174,1.93267106871614,2.22723988892366
60,1,0.7,0.3,0.001,0.5,50,1,0,0.98,0.02,741.96,71,194.600266375638,0,50,NA,NA,0,6.93889390390723e-18,0.0713475991333587,0.895045564103622,0.996460740728354,686.655216217412,797.264783782588,71,71,NA,NA
60,1,0.7,0.3,0.001,1,50,1,0,0.98,0.02,1221.76,71,386.763417639892,0,50,NA,NA,0,6.93889390390723e-18,0.0713475991333587,0.895045564103622,0.996460740728354,1111.84305288596,1331.67694711404,71,71,NA,NA
60,1,0.7,0.3,0.001,1.5,50,1,0,1,0,2741.68,71,707.749218816025,0,50,NA,NA,0,6.93889390390723e-18,0.0713475991333587,0.928652400866641,1,2540.53989753293,2942.82010246707,71,71,NA,NA
60,1,0.7,0.3,0.01,0.5,50,1,0,0.98,0.02,1219.88,71,335.625315870334,0,50,NA,NA,0,6.93889390390723e-18,0.0713475991333587,0.895045564103622,0.996460740728354,1124.49634060489,1315.26365939511,71,71,NA,NA
60,1,0.7,0.3,0.01,1,50,1,0,0.98,0.02,1938.18,71,556.004173013264,0,50,NA,NA,0,6.93889390390723e-18,0.0713475991333587,0.895045564103622,0.996460740728354,1780.16536238713,2096.19463761287,71,71,NA,NA
60,1,0.7,0.3,0.01,1.5,50,1,0,1,0,4168.48,71,881.690219095675,0,50,NA,NA,0,6.93889390390723e-18,0.0713475991333587,0.928652400866641,1,3917.90641221167,4419.05358778833,71,71,NA,NA
60,1,0.7,0.3,0.1,0.5,50,1,0.02,0.98,0,2393.98,174,529.556706797568,0,50,0.896375422173214,NA,1,0.00353925927164624,0.104954435896378,0.895045564103622,0.996460740728354,2243.48164912146,2544.47835087854,174,174,NA,NA
60,1,0.7,0.3,0.1,1,50,1,0.02,0.98,0,3919.42,174,1148.62269057603,0,50,0.896375422173214,NA,1,0.00353925927164624,0.104954435896378,0.895045564103622,0.996460740728354,3592.98504318725,4245.85495681275,174,174,NA,NA
60,1,0.7,0.3,0.1,1.5,50,1,0,1,0,8434.24,226.92,2156.49297268145,49.3388285227771,50,NA,NA,0,6.93889390390723e-18,0.0713475991333587,0.928652400866641,1,7821.37147826529,9047.10852173471,212.898060079984,240.941939920016,NA,NA
60,1,0.7,0.3,0.5,0.5,50,1,0.02,0.88,0.1,2913.22,1637,904.162241401127,0,50,3.13794070032982,NA,1,0.00353925927164624,0.104954435896378,0.76195182616797,0.943823998490677,2656.25993413583,3170.18006586417,1637,1637,NA,NA
60,1,0.7,0.3,0.5,1,50,1,0.04,0.96,0,5114.44,1637,1774.97386195184,0,50,2.01713655208215,1.58505642721587,2,0.0110388843276198,0.13460090687507,0.86539909312493,0.98896111567238,4609.99800984617,5618.88199015382,1637,1637,-12.2240304247065,16.2583035288708
60,1,0.7,0.3,0.5,1.5,50,1,0,1,0,9733.1,1637,3356.00050017023,0,50,NA,NA,0,6.93889390390723e-18,0.0713475991333587,0.928652400866641,1,8779.33521080952,10686.8647891905,1637,1637,NA,NA
60,1,0.7,0.3,1,0.5,50,1,0.46,0.02,0.52,3248.42,4012,1063.57120963252,0,50,0.701494883338948,0.750438265067504,23,0.329696521922244,0.596011286008425,0.00353925927164624,0.104954435896378,2946.15640662665,3550.68359337335,4012,4012,0.376981042624816,1.02600872405308
60,1,0.7,0.3,1,1,50,1,0.06,0.56,0.38,5329.26,4012,1863.80141284704,0,50,1.94226439973841,1.86640307330684,3,0.020614970348974,0.162170916888382,0.423060280216569,0.688378007887428,4799.57349920037,5858.94650079963,4012,4012,-2.69413785998983,6.57866665946665
60,1,0.7,0.3,1,1.5,50,1,0,1,0,10410.98,4012,3475.08472655484,0,50,NA,NA,0,6.93889390390723e-18,0.0713475991333587,0.928652400866641,1,9423.37184813188,11398.5881518681,4012,4012,NA,NA
60,1,0.7,0.3,3,0.5,50,1,1,0,0,3885,15397,1405.15786025802,0,50,1.49724218352342,0.669246185438242,50,0.928652400866641,1,6.93889390390723e-18,0.0713475991333587,3485.65855463956,4284.34144536044,15397,15397,1.30704452206936,1.68743984497748
60,1,0.7,0.3,3,1,50,1,1,0,0,5607.58,15397,2033.62803463792,0,50,1.13858568482955,0.720030256779611,50,0.928652400866641,1,6.93889390390723e-18,0.0713475991333587,5029.62930730794,6185.53069269206,15397,15397,0.933955349991001,1.3432160196681
60,1,0.7,0.3,3,1.5,50,1,0.66,0.04,0.3,11434.9,15397,4182.05794106789,0,50,0.570477701786187,0.202732783654674,33,0.521538260502326,0.775630507774999,0.0110388843276198,0.13460090687507,10246.3722836476,12623.4277163524,15397,15397,0.498591782483426,0.642363621088948
60,1,0.7,0.3,5,0.5,50,1,1,0,0,4260.76,37741,1605.6814506048,0,50,2.31311628369926,0.697756913209911,50,0.928652400866641,1,6.93889390390723e-18,0.0713475991333587,3804.43038081029,4717.08961918971,37741,37741,2.1148159630646,2.51141660433392
60,1,0.7,0.3,5,1,50,1,1,0,0,5956.96,24106,2224.71644567875,0,50,1.53307431684344,0.736249916483272,50,0.928652400866641,1,6.93889390390723e-18,0.0713475991333587,5324.70258176846,6589.21741823154,24106,24106,1.3238344057199,1.74231422796698
60,1,0.7,0.3,5,1.5,50,1,0.92,0,0.08,12259.1,24106,4747.01386373044,0,50,0.808822225119995,0.307943699670192,46,0.811617530816572,0.968450485911407,6.93889390390723e-18,0.0713475991333587,10910.0135869332,13608.1864130668,24106,24106,0.7173742344393,0.90027021580069
60,1,0.7,0.3,10,0.5,50,1,1,0,0,4939.28,59088,2165.50833019946,0,50,2.63586986684591,0.739315950515347,50,0.928652400866641,1,6.93889390390723e-18,0.0713475991333587,4323.8493420075,5554.71065799249,59088,59088,2.42575859849161,2.84598113520021
60,1,0.7,0.3,10,1,50,1,1,0,0,6681.38,59088,2484.35222855178,0,50,2.32204528258438,0.761437813996937,50,0.928652400866641,1,6.93889390390723e-18,0.0713475991333587,5975.33490870178,7387.42509129823,59088,59088,2.10564705019091,2.53844351497785
60,1,0.7,0.3,10,1.5,50,1,1,0,0,12481.58,59088,4758.7477648419,0,50,1.62275452371818,0.372176662412033,50,0.928652400866641,1,6.93889390390723e-18,0.0713475991333587,11129.1588491346,13834.0011508654,59088,59088,1.51698308657178,1.72852596086458
60,1,0.7,0.4,0.001,0.5,50,1,0,1,0,1004.9,71,160.675138089251,0,50,NA,NA,0,6.93889390390723e-18,0.0713475991333587,0.928652400866641,1,959.236630998693,1050.56336900131,71,71,NA,NA
60,1,0.7,0.4,0.001,1,50,1,0,1,0,1676.34,71,427.608375569449,0,50,NA,NA,0,6.93889390390723e-18,0.0713475991333587,0.928652400866641,1,1554.81504427953,1797.86495572047,71,71,NA,NA
60,1,0.7,0.4,0.001,1.5,50,1,0,1,0,4448.56,71,1629.77560944532,0,50,NA,NA,0,6.93889390390723e-18,0.0713475991333587,0.928652400866641,1,3985.382896632,4911.737103368,71,71,NA,NA
60,1,0.7,0.4,0.01,0.5,50,1,0,1,0,1577.9,71,179.100046149107,0,50,NA,NA,0,6.93889390390723e-18,0.0713475991333587,0.928652400866641,1,1527.00033006528,1628.79966993472,71,71,NA,NA
60,1,0.7,0.4,0.01,1,50,1,0,1,0,2508.98,71,475.399359078496,0,50,NA,NA,0,6.93889390390723e-18,0.0713475991333587,0.928652400866641,1,2373.87299704521,2644.08700295479,71,71,NA,NA
60,1,0.7,0.4,0.01,1.5,50,1,0,1,0,5464.8,71,1100.66221254409,0,50,NA,NA,0,6.93889390390723e-18,0.0713475991333587,0.928652400866641,1,5151.995260232,5777.604739768,71,71,NA,NA
60,1,0.7,0.4,0.1,0.5,50,1,0,1,0,3145,174,805.940317838962,0,50,NA,NA,0,6.93889390390723e-18,0.0713475991333587,0.928652400866641,1,2915.95429595294,3374.04570404706,174,174,NA,NA
60,1,0.7,0.4,0.1,1,50,1,0,1,0,5241.98,174,1452.81236747972,0,50,NA,NA,0,6.93889390390723e-18,0.0713475991333587,0.928652400866641,1,4829.09529353696,5654.86470646304,174,174,NA,NA
60,1,0.7,0.4,0.1,1.5,50,1,0,1,0,10657.94,221.04,2824.22225819312,49.4578608514359,50,NA,NA,0,6.93889390390723e-18,0.0713475991333587,0.928652400866641,1,9855.30491500047,11460.5750849995,206.984231466477,235.095768533523,NA,NA
60,1,0.7,0.4,0.5,0.5,50,1,0,0.98,0.02,4546,1637,1311.85512826341,0,50,NA,NA,0,6.93889390390723e-18,0.0713475991333587,0.895045564103622,0.996460740728354,4173.17489768159,4918.82510231841,1637,1637,NA,NA
60,1,0.7,0.4,0.5,1,50,1,0.02,0.98,0,7383.66,1637,2148.30416850319,0,50,0.896332403834489,NA,1,0.00353925927164624,0.104954435896378,0.895045564103622,0.996460740728354,6773.11871066302,7994.20128933698,1637,1637,NA,NA
60,1,0.7,0.4,0.5,1.5,50,1,0,1,0,13997.58,1637,3856.8504973327,0,50,NA,NA,0,6.93889390390723e-18,0.0713475991333587,0.928652400866641,1,12901.4752165409,15093.6847834591,1637,1637,NA,NA
60,1,0.7,0.4,1,0.5,50,1,0.08,0.5,0.42,5225.74,4012,1769.16315752934,0,50,0.560189709965989,0.224156574496468,4,0.031549514088593,0.188382469183428,0.366445143168286,0.633554856831714,4722.94939377127,5728.53060622873,4012,4012,0.203506578810321,0.916872841121657
60,1,0.7,0.4,1,1,50,1,0.02,0.94,0.04,8108.78,4012,2417.06854233953,0,50,1.79275697554518,NA,1,0.00353925927164624,0.104954435896378,0.837829083111618,0.979385029651026,7421.85672074946,8795.70327925054,4012,4012,NA,NA
60,1,0.7,0.4,1,1.5,50,1,0,1,0,16018.28,4012,4964.06621113895,0,50,NA,NA,0,6.93889390390723e-18,0.0713475991333587,0.928652400866641,1,14607.5079923217,17429.0520076783,4012,4012,NA,NA
60,1,0.7,0.4,3,0.5,50,1,1,0,0,6575.26,15397,2178.25001666522,0,50,0.914434766503708,0.383819717407116,50,0.928652400866641,1,6.93889390390723e-18,0.0713475991333587,5956.20819478022,7194.31180521978,15397,15397,0.805354409739346,1.02351512326807
60,1,0.7,0.4,3,1,50,1,0.84,0,0.16,9430.28,15397,3301.11725700403,0,50,0.683027586958469,0.456243993661125,42,0.71485783936965,0.916625793219666,6.93889390390723e-18,0.0713475991333587,8492.11285593677,10368.4471440632,15397,15397,0.540851949852235,0.825203224064703
60,1,0.7,0.4,3,1.5,50,1,0.14,0.46,0.4,20735,15397,9007.61694911816,0,50,0.512262240653126,0.169425995878728,7,0.0695083342701629,0.261861937105855,0.329696521922244,0.596011286008425,18175.0635875506,23294.9364124494,15397,15397,0.355569328710134,0.668955152596117
60,1,0.7,0.4,5,0.5,50,1,1,0,0,7817.56,37468.3,3115.70998990992,1928.28019229572,50,1.65860377036731,0.481371144590819,50,0.928652400866641,1,6.93889390390723e-18,0.0713475991333587,6932.08501823097,8703.03498176903,36920.2888328349,38016.3111671651,1.52179960474822,1.7954079359864
60,1,0.7,0.4,5,1,50,1,1,0,0,10316.12,24106,3538.38409239389,0,50,0.932380041944507,0.494679935594166,50,0.928652400866641,1,6.93889390390723e-18,0.0713475991333587,9310.52236740555,11321.7176325945,24106,24106,0.791793559771815,1.0729665241172
60,1,0.7,0.4,5,1.5,50,1,0.36,0.22,0.42,23974.6,24106,11512.0287472518,0,50,0.647501180505697,0.275976747853694,18,0.241387496518467,0.498589831238873,0.127539159702144,0.352415495812537,20702.9176296546,27246.2823703454,24106,24106,0.510261172529238,0.784741188482156
60,1,0.7,0.4,10,0.5,50,1,1,0,0,9753.2,59088,3983.22287211996,0,50,1.90068623798601,0.483993613401535,50,0.928652400866641,1,6.93889390390723e-18,0.0713475991333587,8621.18058500484,10885.2194149952,59088,59088,1.76313677497728,2.03823570099474
60,1,0.7,0.4,10,1,50,1,1,0,0,12582.48,59088,4772.29238220213,0,50,1.64068209080595,0.525002368788043,50,0.928652400866641,1,6.93889390390723e-18,0.0713475991333587,11226.2095114719,13938.7504885281,59088,59088,1.49147806846858,1.78988611314332
60,1,0.7,0.4,10,1.5,50,1,0.86,0.04,0.1,30675.36,59088,18120.8438947967,0,50,0.94868596292356,0.405796162055155,43,0.738138062894145,0.930491665729837,0.0110388843276198,0.13460090687507,25525.4731461698,35825.2468538302,59088,59088,0.823800337738896,1.07357158810822
60,1.5,0.5,0.2,0.001,0.5,50,1,0,1,0,1273.98,71,357.867008133195,0,50,NA,NA,0,6.93889390390723e-18,0.0713475991333587,0.928652400866641,1,1172.27532160288,1375.68467839712,71,71,NA,NA
60,1.5,0.5,0.2,0.001,1,50,1,0,1,0,1835.6,71,428.956398526394,0,50,NA,NA,0,6.93889390390723e-18,0.0713475991333587,0.928652400866641,1,1713.69194039403,1957.50805960597,71,71,NA,NA
60,1.5,0.5,0.2,0.001,1.5,50,1,0,1,0,5082.4,71,1610.78098689893,0,50,NA,NA,0,6.93889390390723e-18,0.0713475991333587,0.928652400866641,1,4624.62110863101,5540.17889136898,71,71,NA,NA
60,1.5,0.5,0.2,0.01,0.5,50,1,0,1,0,2206,71,493.834310807392,0,50,NA,NA,0,6.93889390390723e-18,0.0713475991333587,0.928652400866641,1,2065.65384173264,2346.34615826736,71,71,NA,NA
60,1.5,0.5,0.2,0.01,1,50,1,0,1,0,3778.06,71,712.196040713625,0,50,NA,NA,0,6.93889390390723e-18,0.0713475991333587,0.928652400866641,1,3575.65612473268,3980.46387526732,71,71,NA,NA
60,1.5,0.5,0.2,0.01,1.5,50,1,0,1,0,10771.08,71,2764.98366116883,0,50,NA,NA,0,6.93889390390723e-18,0.0713475991333587,0.928652400866641,1,9985.28033799875,11556.8796620013,71,71,NA,NA
60,1.5,0.5,0.2,0.1,0.5,50,1,0,1,0,6071.94,174,1983.43662189172,0,50,NA,NA,0,6.93889390390723e-18,0.0713475991333587,0.928652400866641,1,5508.2535489833,6635.6264510167,174,174,NA,NA
60,1.5,0.5,0.2,0.1,1,50,1,0,1,0,13874.9,174,4357.29645747995,0,50,NA,NA,0,6.93889390390723e-18,0.0713475991333587,0.928652400866641,1,12636.5700483215,15113.2299516785,174,174,NA,NA
60,1.5,0.5,0.2,0.1,1.5,50,1,0,1,0,44181.5,191.64,15306.9896482567,38.0326175801772,50,NA,NA,0,6.93889390390723e-18,0.0713475991333587,0.928652400866641,1,39831.3016748598,48531.6983251402,180.831249677442,202.448750322558,NA,NA
60,1.5,0.5,0.2,0.5,0.5,50,1,0,1,0,12591.8,1637,5638.73146104653,0,50,NA,NA,0,6.93889390390723e-18,0.0713475991333587,0.928652400866641,1,10989.2902497857,14194.3097502143,1637,1637,NA,NA
60,1.5,0.5,0.2,0.5,1,50,1,0,1,0,34909.42,1637,15214.2667968896,0,50,NA,NA,0,6.93889390390723e-18,0.0713475991333587,0.928652400866641,1,30585.5732176509,39233.2667823491,1637,1637,NA,NA
60,1.5,0.5,0.2,0.5,1.5,50,1,0,1,0,100602.62,1637,60558.8157881987,0,50,NA,NA,0,6.93889390390723e-18,0.0713475991333587,0.928652400866641,1,83391.9949804488,117813.245019551,1637,1637,NA,NA
60,1.5,0.5,0.2,1,0.5,50,1,0,0.98,0.02,19695.82,4012,9338.28072864265,0,50,NA,NA,0,6.93889390390723e-18,0.0713475991333587,0.895045564103622,0.996460740728354,17041.9099811834,22349.7300188166,4012,4012,NA,NA
60,1.5,0.5,0.2,1,1,50,1,0,0.98,0.02,53472.86,3954.04,25953.1267740006,286.827613733406,50,NA,NA,0,6.93889390390723e-18,0.0713475991333587,0.895045564103622,0.996460740728354,46097.062980547,60848.657019453,3872.52449410762,4035.55550589238,NA,NA
60,1.5,0.5,0.2,1,1.5,50,0.98,0.02,0.96,0,141017.367346939,3952.85714285714,84479.7886209807,289.67675950963,49,0.448111422717755,NA,1,0.00353925927164624,0.104954435896378,0.86539909312493,0.98896111567238,116751.938872926,165282.795820952,3869.65226269342,4036.06202302086,NA,NA
60,1.5,0.5,0.2,3,0.5,50,1,0.1,0.84,0.06,41094.62,15174.52,21065.7234241615,1100.99046762264,50,0.627528853696586,0.245521593687698,5,0.0434757649318904,0.213602314374797,0.71485783936965,0.916625793219666,35107.8076441106,47081.4323558894,14861.6219711709,15487.4180288291,0.322673530032959,0.932384177360213
60,1.5,0.5,0.2,3,1,50,1,0.02,0.96,0.02,118063.62,11726.08,73788.2637155718,2661.51778732454,50,1.34488281514809,NA,1,0.00353925927164624,0.104954435896378,0.86539909312493,0.98896111567238,97093.2274795448,139034.012520455,10969.6850139964,12482.4749860036,NA,NA
60,1.5,0.5,0.2,3,1.5,50,0.76,0.02,0.74,0,178924.236842105,11884.1578947368,96918.1263777009,2718.99220724225,38,1.79299423786585,NA,1,0.00353925927164624,0.104954435896378,0.604468427351512,0.841284725064476,147068.041410906,210780.432273304,10990.4473952967,12777.8683941769,NA,NA
60,1.5,0.5,0.2,5,0.5,50,1,0.12,0.82,0.06,65483,24106,37395.3427439671,0,50,0.522992292486163,0.182987185281075,6,0.0561760015093228,0.23804817383203,0.692039463256992,0.902298073297658,54855.3611819795,76110.6388180205,24106,24106,0.330959018607953,0.715025566364373
60,1.5,0.5,0.2,5,1,50,0.98,0.02,0.96,0,180401.040816327,23928.2653061224,96449.4536328829,1244.14285714286,49,1.3447723710497,NA,1,0.00353925927164624,0.104954435896378,0.86539909312493,0.98896111567238,152697.523126593,208104.558506061,23570.9057529765,24285.6248592683,NA,NA
60,1.5,0.5,0.2,5,1.5,50,0.64,0.02,0.6,0.02,203899.34375,23017.375,108461.156033113,2926.31764366292,32,2.24128232478422,NA,1,0.00353925927164624,0.104954435896378,0.461814377475894,0.723916102697434,164794.926986729,243003.760513271,21962.324981129,24072.425018871,NA,NA
60,1.5,0.5,0.2,10,0.5,50,1,0.12,0.76,0.12,122264.7,49695.32,77469.4113994784,10703.9522730091,50,0.896557521563706,0.567023820784541,6,0.0561760015093228,0.23804817383203,0.625873162420571,0.857026086030083,100248.136883163,144281.263116837,46653.2904226344,52737.3495773656,0.301502515362415,1.491612527765
60,1.5,0.5,0.2,10,1,50,0.8,0.02,0.78,0,253711.225,39342.025,104601.961585639,5694.2435732197,40,1.79305863555823,NA,1,0.00353925927164624,0.104954435896378,0.647584504187463,0.872460840297856,220257.894733922,287164.555266078,37520.9175562887,41163.1324437113,NA,NA
60,1.5,0.5,0.2,10,1.5,50,0.44,0.04,0.38,0.02,237026.772727273,42592.5909090909,124681.548095226,9156.41198525508,22,1.7930678376184,1.90180833912141,2,0.0110388843276198,0.13460090687507,0.258627893101936,0.51849553069007,181746.071212089,292307.474242457,38532.8652669266,46652.3165512552,-15.2940021557507,18.8801378309875
60,1.5,0.5,0.3,0.001,0.5,50,1,0,1,0,1975.58,71,782.793195771999,0,50,NA,NA,0,6.93889390390723e-18,0.0713475991333587,0.928652400866641,1,1753.11263525814,2198.04736474186,71,71,NA,NA
60,1.5,0.5,0.3,0.001,1,50,1,0,1,0,3140.8,71,1040.50103707938,0,50,NA,NA,0,6.93889390390723e-18,0.0713475991333587,0.928652400866641,1,2845.09287712199,3436.50712287801,71,71,NA,NA
60,1.5,0.5,0.3,0.001,1.5,50,1,0,1,0,11139.24,71,6050.36735454121,0,50,NA,NA,0,6.93889390390723e-18,0.0713475991333587,0.928652400866641,1,9419.74462324537,12858.7353767546,71,71,NA,NA
60,1.5,0.5,0.3,0.01,0.5,50,1,0,1,0,3013.98,71,917.617645018327,0,50,NA,NA,0,6.93889390390723e-18,0.0713475991333587,0.928652400866641,1,2753.19595073839,3274.76404926161,71,71,NA,NA
60,1.5,0.5,0.3,0.01,1,50,1,0,1,0,5895.74,71,1302.64831988765,0,50,NA,NA,0,6.93889390390723e-18,0.0713475991333587,0.928652400866641,1,5525.53144367113,6265.94855632887,71,71,NA,NA
60,1.5,0.5,0.3,0.01,1.5,50,1,0,1,0,18347.26,71,6153.95410238699,0,50,NA,NA,0,6.93889390390723e-18,0.0713475991333587,0.928652400866641,1,16598.3255952366,20096.1944047634,71,71,NA,NA
60,1.5,0.5,0.3,0.1,0.5,50,1,0,1,0,9255.06,174,3718.37615101111,0,50,NA,NA,0,6.93889390390723e-18,0.0713475991333587,0.928652400866641,1,8198.30919033233,10311.8108096677,174,174,NA,NA
60,1.5,0.5,0.3,0.1,1,50,1,0,1,0,24515.14,174,7939.62524178566,0,50,NA,NA,0,6.93889390390723e-18,0.0713475991333587,0.928652400866641,1,22258.72347247,26771.55652753,174,174,NA,NA
60,1.5,0.5,0.3,0.1,1.5,50,1,0,1,0,83252.94,189.68,30752.3376661857,36.292147911084,50,NA,NA,0,6.93889390390723e-18,0.0713475991333587,0.928652400866641,1,74513.2223361271,91992.6576638729,179.365885684484,199.994114315516,NA,NA
60,1.5,0.5,0.3,0.5,0.5,50,1,0.02,0.98,0,26011.32,1637,14993.5338041546,0,50,1.34383656414251,NA,1,0.00353925927164624,0.104954435896378,0.895045564103622,0.996460740728354,21750.2048400903,30272.4351599097,1637,1637,NA,NA
60,1.5,0.5,0.3,0.5,1,50,1,0,1,0,86071.62,1637,39186.4762619994,0,50,NA,NA,0,6.93889390390723e-18,0.0713475991333587,0.928652400866641,1,74934.9466683817,97208.2933316183,1637,1637,NA,NA
60,1.5,0.5,0.3,0.5,1.5,50,0.84,0,0.84,0,248537.976190476,1637,103605.179608604,0,42,NA,NA,0,6.93889390390723e-18,0.0713475991333587,0.71485783936965,0.916625793219666,216252.32942468,280823.622956272,1637,1637,NA,NA
60,1.5,0.5,0.3,1,0.5,50,1,0.04,0.94,0.02,45001.38,4012,26451.6814788159,0,50,1.34418627928548,1.2672412150596,2,0.0110388843276198,0.13460090687507,0.837829083111618,0.979385029651026,37483.8953011459,52518.8646988541,4012,4012,-10.0415243072024,12.7298968657733
60,1.5,0.5,0.3,1,1,50,1,0,1,0,154643.34,3896.08,89188.1178133395,397.094850130293,50,NA,NA,0,6.93889390390723e-18,0.0713475991333587,0.928652400866641,1,129296.357369866,179990.322630134,3783.22689225942,4008.93310774058,NA,NA
60,1.5,0.5,0.3,1,1.5,50,0.42,0,0.42,0,276191.571428571,3943,104534.569416328,316.197722951953,21,NA,NA,0,6.93889390390723e-18,0.0713475991333587,0.29375003354712,0.557665582314218,228608.00592017,323775.136936972,3799.06852213866,4086.93147786134,NA,NA
60,1.5,0.5,0.3,3,0.5,50,1,0.08,0.92,0,121807.52,14952.04,84481.5674537255,1524.25228186659,50,1.68078370367606,1.33808907875534,4,0.031549514088593,0.188382469183428,0.811617530816572,0.968450485911407,97798.1241823008,145816.915817699,14518.8522945113,15385.2277054887,-0.448414618736646,3.80998202608877
60,1.5,0.5,0.3,3,1,50,0.64,0,0.64,0,246560.53125,12616,106786.58972923,2825.49882550024,32,NA,NA,0,6.93889390390723e-18,0.0713475991333587,0.501410168761127,0.758612503481533,208059.860021441,285061.202478559,11597.2990412645,13634.7009587355,NA,NA
60,1.5,0.5,0.3,3,1.5,50,0.12,0,0.12,0,243447.833333333,12616,138163.983101844,3046.43286484373,6,NA,NA,0,6.93889390390723e-18,0.0713475991333587,0.0561760015093228,0.23804817383203,98453.6253162714,388442.041350395,9418.96477708256,15813.0352229174,NA,NA
60,1.5,0.5,0.3,5,0.5,50,0.96,0.06,0.9,0,180383.270833333,24106,114854.249641131,0,48,2.53992461401753,1.2934153698399,3,0.020614970348974,0.162170916888382,0.786397685625204,0.95652423506811,147033.073170626,213733.46849604,24106,24106,-0.673097283159267,5.75294651119433
60,1.5,0.5,0.3,5,1,50,0.4,0,0.4,0,274758.75,23670.55,120156.771968465,1947.39160160457,20,NA,NA,0,6.93889390390723e-18,0.0713475991333587,0.276083897302565,0.538185622524106,218523.649689845,330993.850310155,22759.1426755079,24581.9573244921,NA,NA
60,1.5,0.5,0.3,5,1.5,50,0.06,0,0.06,0,224752.333333333,24106,131257.390360822,0,3,NA,NA,0,6.93889390390723e-18,0.0713475991333587,0.020614970348974,0.162170916888382,-101309.100007919,550813.766674585,24106,24106,NA,NA
60,1.5,0.5,0.3,10,0.5,50,0.66,0.04,0.6,0.02,221440.606060606,51325.4545454545,122180.345255727,10428.0993806725,33,3.3615877345016,1.58410384079048,2,0.0110388843276198,0.13460090687507,0.461814377475894,0.723916102697434,178117.339437891,264763.872683321,47627.8112879284,55023.0978029806,-10.8710205928215,17.5941960618247
60,1.5,0.5,0.3,10,1,50,0.14,0,0.14,0,245204,37741,139194.359751632,0,7,NA,NA,0,6.93889390390723e-18,0.0713475991333587,0.0695083342701629,0.261861937105855,116470.688193851,373937.311806149,37741,37741,NA,NA
60,1.5,0.5,0.3,10,1.5,50,0.04,0,0.04,0,223754,37741,185609.873207219,0,2,NA,NA,0,6.93889390390723e-18,0.0713475991333587,0.0110388843276198,0.13460090687507,-1443884.54680398,1891392.54680398,37741,37741,NA,NA
60,1.5,0.5,0.4,0.001,0.5,50,1,0,1,0,8855.08,71,6601.31748705499,0,50,NA,NA,0,6.93889390390723e-18,0.0713475991333587,0.928652400866641,1,6979.00632805,10731.15367195,71,71,NA,NA
60,1.5,0.5,0.4,0.001,1,50,0.96,0,0.96,0,17320.6041666667,71,10536.3730077827,0,48,NA,NA,0,6.93889390390723e-18,0.0713475991333587,0.86539909312493,0.98896111567238,14261.160362406,20380.0479709274,71,71,NA,NA
60,1.5,0.5,0.4,0.001,1.5,50,0.92,0,0.9,0.02,80403.5,71,75461.8025239701,0,46,NA,NA,0,6.93889390390723e-18,0.0713475991333587,0.786397685625204,0.95652423506811,57994.1108118098,102812.88918819,71,71,NA,NA
60,1.5,0.5,0.4,0.01,0.5,50,1,0,1,0,9623.1,71,8540.8332582306,0,50,NA,NA,0,6.93889390390723e-18,0.0713475991333587,0.928652400866641,1,7195.82204469751,12050.3779553025,71,71,NA,NA
60,1.5,0.5,0.4,0.01,1,50,0.96,0,0.96,0,17481.4583333333,71,9161.09019564239,0,48,NA,NA,0,6.93889390390723e-18,0.0713475991333587,0.86539909312493,0.98896111567238,14821.3550303629,20141.5616363037,71,71,NA,NA
60,1.5,0.5,0.4,0.01,1.5,50,0.94,0,0.92,0.02,71186.4680851064,71,42044.7050369687,0,47,NA,NA,0,6.93889390390723e-18,0.0713475991333587,0.811617530816572,0.968450485911407,58841.6802187765,83531.2559514364,71,71,NA,NA
60,1.5,0.5,0.4,0.1,0.5,50,1,0,1,0,30194.94,174,17382.1374761916,0,50,NA,NA,0,6.93889390390723e-18,0.0713475991333587,0.928652400866641,1,25254.9911874719,35134.8888125281,174,174,NA,NA
60,1.5,0.5,0.4,0.1,1,50,0.98,0,0.98,0,79524.8979591837,174,34406.6577491702,0,49,NA,NA,0,6.93889390390723e-18,0.0713475991333587,0.895045564103622,0.996460740728354,69642.1519643033,89407.6439540641,174,174,NA,NA
60,1.5,0.5,0.4,0.1,1.5,50,0.86,0.02,0.84,0,240829.906976744,187.674418604651,107747.237426261,34.3592511492158,43,0.896375422173214,NA,1,0.00353925927164624,0.104954435896378,0.71485783936965,0.916625793219666,207670.201769699,273989.612183789,177.100201887285,198.248635322017,NA,NA
60,1.5,0.5,0.4,0.5,0.5,50,0.94,0.02,0.92,0,122954.978723404,1637,82312.5869371273,0,47,1.34383656414251,NA,1,0.00353925927164624,0.104954435896378,0.811617530816572,0.968450485911407,98787.09780774,147122.859639068,1637,1637,NA,NA
60,1.5,0.5,0.4,0.5,1,50,0.68,0,0.68,0,254326.970588235,1637,106808.362823893,0,34,NA,NA,0,6.93889390390723e-18,0.0713475991333587,0.541897026918559,0.792417837393432,217059.770998948,291594.170177522,1637,1637,NA,NA
60,1.5,0.5,0.4,0.5,1.5,50,0.12,0.02,0.1,0,187971,1637,123959.252225883,0,6,3.13794070032982,NA,1,0.00353925927164624,0.104954435896378,0.0434757649318904,0.213602314374797,57883.7428193028,318058.257180697,1637,1637,NA,NA
60,1.5,0.5,0.4,1,0.5,50,0.74,0.02,0.7,0.02,196523.756756757,4012,121081.858965423,0,37,2.2402611358532,NA,1,0.00353925927164624,0.104954435896378,0.562496495355466,0.808964464991191,156153.055028361,236894.458485153,4012,4012,NA,NA
60,1.5,0.5,0.4,1,1,50,0.26,0.02,0.24,0,246346.692307692,3900.53846153846,137295.277277592,401.880292165179,13,0.448111422717755,NA,1,0.00353925927164624,0.104954435896378,0.142973913969917,0.374126837579429,163379.986600077,329313.398015307,3657.68463152401,4143.39229155291,NA,NA
60,1.5,0.5,0.4,1,1.5,50,0.08,0.02,0.06,0,213725.75,3649.75,173504.590153258,724.5,4,4.03436527204051,NA,1,0.00353925927164624,0.104954435896378,0.020614970348974,0.162170916888382,-62358.7709415,489810.2709415,2496.90882591098,4802.59117408902,NA,NA
60,1.5,0.5,0.4,3,0.5,50,0.3,0.06,0.24,0,214281.2,15397,152710.480303276,0,15,1.79275066651872,1.61570540923067,3,0.020614970348974,0.162170916888382,0.142973913969917,0.374126837579429,129712.95480454,298849.44519546,15397,15397,-2.22088407163019,5.80638540466763
60,1.5,0.5,0.4,3,1,50,0.1,0,0.1,0,261666,10947.4,91530.115871772,2487.40201817077,5,NA,NA,0,6.93889390390723e-18,0.0713475991333587,0.0434757649318904,0.213602314374797,148016.350370602,375315.649629398,7858.88246497797,14035.917535022,NA,NA
60,1.5,0.5,0.4,3,1.5,50,0.04,0.02,0.02,0,177535.5,12616,250972.70273976,3932.92791695958,2,5.3792480871886,NA,1,0.00353925927164624,0.104954435896378,0.00353925927164624,0.104954435896378,-2077364.77040287,2432435.77040287,-22719.9553713018,47951.9553713018,NA,NA
60,1.5,0.5,0.4,5,0.5,50,0.18,0.04,0.12,0.02,176087.111111111,24106,159635.108331817,0,9,2.91330146999306,1.58410384079048,2,0.0110388843276198,0.13460090687507,0.0561760015093228,0.23804817383203,53380.704465466,298793.517756756,24106,24106,-11.31930685733,17.1459097973161
60,1.5,0.5,0.4,5,1,50,0.04,0,0.04,0,185790.5,24106,57924.0661944584,0,2,NA,NA,0,6.93889390390723e-18,0.0713475991333587,0.0110388843276198,0.13460090687507,-334636.586686611,706217.586686611,24106,24106,NA,NA
60,1.5,0.5,0.4,5,1.5,50,0.02,0.02,0,0,71,24106,NA,NA,1,5.82753617410697,NA,1,0.00353925927164624,0.104954435896378,6.93889390390723e-18,0.0713475991333587,NA,NA,NA,NA,NA,NA
60,1.5,0.5,0.4,10,0.5,50,0.1,0.04,0.06,0,108891,50549.2,144802.010687007,11692.2334350628,5,3.3615877345016,1.58410384079048,2,0.0110388843276198,0.13460090687507,0.020614970348974,0.162170916888382,-70904.4435375733,288686.443537573,36031.3746850882,65067.0253149118,-10.8710205928215,17.5941960618247
60,1.5,0.5,0.4,10,1,50,0.04,0,0.04,0,355000,37741,0,0,2,NA,NA,0,6.93889390390723e-18,0.0713475991333587,0.0110388843276198,0.13460090687507,355000,355000,37741,37741,NA,NA
60,1.5,0.5,0.4,10,1.5,50,0.02,0.02,0,0,71,37741,NA,NA,1,6.2758224386155,NA,1,0.00353925927164624,0.104954435896378,6.93889390390723e-18,0.0713475991333587,NA,NA,NA,NA,NA,NA
60,1.5,0.6,0.2,0.001,0.5,50,1,0,1,0,989.78,71,173.628889959509,0,50,NA,NA,0,6.93889390390723e-18,0.0713475991333587,0.928652400866641,1,940.435215450293,1039.12478454971,71,71,NA,NA
60,1.5,0.6,0.2,0.001,1,50,1,0,1,0,1411.56,71,346.75217051246,0,50,NA,NA,0,6.93889390390723e-18,0.0713475991333587,0.928652400866641,1,1313.01412350404,1510.10587649596,71,71,NA,NA
60,1.5,0.6,0.2,0.001,1.5,50,1,0,1,0,3279.44,71,790.766410980318,0,50,NA,NA,0,6.93889390390723e-18,0.0713475991333587,0.928652400866641,1,3054.70667256775,3504.17332743225,71,71,NA,NA
60,1.5,0.6,0.2,0.01,0.5,50,1,0,1,0,1609.82,71,318.81340521838,0,50,NA,NA,0,6.93889390390723e-18,0.0713475991333587,0.928652400866641,1,1519.21423274705,1700.42576725295,71,71,NA,NA
60,1.5,0.6,0.2,0.01,1,50,1,0,1,0,2777.86,71,699.763021402567,0,50,NA,NA,0,6.93889390390723e-18,0.0713475991333587,0.928652400866641,1,2578.9895497252,2976.7304502748,71,71,NA,NA
60,1.5,0.6,0.2,0.01,1.5,50,1,0,1,0,7282.76,71,1848.12986070807,0,50,NA,NA,0,6.93889390390723e-18,0.0713475991333587,0.928652400866641,1,6757.52730503901,7807.992694961,71,71,NA,NA
60,1.5,0.6,0.2,0.1,0.5,50,1,0,1,0,3791.02,174,987.603830552742,0,50,NA,NA,0,6.93889390390723e-18,0.0713475991333587,0.928652400866641,1,3510.34609688137,4071.69390311863,174,174,NA,NA
60,1.5,0.6,0.2,0.1,1,50,1,0,1,0,7525.78,174,2188.6826276301,0,50,NA,NA,0,6.93889390390723e-18,0.0713475991333587,0.928652400866641,1,6903.76327954939,8147.79672045061,174,174,NA,NA
60,1.5,0.6,0.2,0.1,1.5,50,1,0,1,0,19162.72,193.6,5612.58852951405,39.5979797464467,50,NA,NA,0,6.93889390390723e-18,0.0713475991333587,0.928652400866641,1,17567.6399887207,20757.8000112793,182.346378672076,204.853621327924,NA,NA
60,1.5,0.6,0.2,0.5,0.5,50,1,0,0.96,0.04,6968.64,1637,2655.16480721431,0,50,NA,NA,0,6.93889390390723e-18,0.0713475991333587,0.86539909312493,0.98896111567238,6214.05051096677,7723.22948903323,1637,1637,NA,NA
60,1.5,0.6,0.2,0.5,1,50,1,0.02,0.98,0,14765.1,1637,6411.19617687428,0,50,0.896332403834489,NA,1,0.00353925927164624,0.104954435896378,0.895045564103622,0.996460740728354,12943.0582065661,16587.1417934339,1637,1637,NA,NA
60,1.5,0.6,0.2,0.5,1.5,50,1,0,1,0,34193.02,1637,15789.2634361687,0,50,NA,NA,0,6.93889390390723e-18,0.0713475991333587,0.928652400866641,1,29705.7609808471,38680.2790191528,1637,1637,NA,NA
60,1.5,0.6,0.2,1,0.5,50,1,0.06,0.88,0.06,9262.64,4012,3596.31220841686,0,50,0.746986855379713,0.258833717252321,3,0.020614970348974,0.162170916888382,0.76195182616797,0.943823998490677,8240.57937898702,10284.700621013,4012,4012,0.1040082572807,1.38996545347873
60,1.5,0.6,0.2,1,1,50,1,0.02,0.94,0.04,21212.4,3983.02,9644.35553014491,204.919545187861,50,1.79275697554518,NA,1,0.00353925927164624,0.104954435896378,0.837829083111618,0.979385029651026,18471.50448505,23953.29551495,3924.78250962799,4041.25749037201,NA,NA
60,1.5,0.6,0.2,1,1.5,50,1,0,0.98,0.02,41084.4,3954.04,21724.1006755922,286.827613733406,50,NA,NA,0,6.93889390390723e-18,0.0713475991333587,0.895045564103622,0.996460740728354,34910.478899524,47258.321100476,3872.52449410762,4035.55550589238,NA,NA
60,1.5,0.6,0.2,3,0.5,50,1,0.24,0.38,0.38,17503.1,15397,8412.54958865816,0,50,0.971201105368163,0.710918373477969,12,0.142973913969917,0.374126837579429,0.258627893101936,0.51849553069007,15112.2798602015,19893.9201397985,15397,15397,0.519505120693859,1.42289709004247
60,1.5,0.6,0.2,3,1,50,1,0.04,0.84,0.12,33379.28,12727.24,20074.4979473552,2806.98593934374,50,2.24126130292068,1.26767061442748,2,0.0110388843276198,0.13460090687507,0.71485783936965,0.916625793219666,27674.1708077062,39084.3891922938,11929.5034226178,13524.9765773822,-9.14830728382049,13.6308298896619
60,1.5,0.6,0.2,3,1.5,50,1,0.04,0.96,0,66779.38,12727.24,44773.8175567793,2806.98593934374,50,0.896554024277426,0.634032656451628,2,0.0110388843276198,0.13460090687507,0.86539909312493,0.98896111567238,54054.8018418238,79503.9581581762,11929.5034226178,13524.9765773822,-4.80000338164691,6.59311143020177
60,1.5,0.6,0.2,5,0.5,50,1,0.36,0.34,0.3,26430.3,24106,14032.3371396942,0,50,0.772026446581584,0.717967626873386,18,0.241387496518467,0.498589831238873,0.224369492225001,0.478461739497674,22442.353909643,30418.246090357,24106,24106,0.414989545446784,1.12906334771638
60,1.5,0.6,0.2,5,1,50,1,0.14,0.74,0.12,45753.32,23931.82,27727.2050980363,1231.63859147073,50,1.15268063538239,1.18189234324758,7,0.0695083342701629,0.261861937105855,0.604468427351512,0.841284725064476,37873.3354994529,53633.3045005471,23581.7921851968,24281.8478148032,0.059612526760219,2.24574874400456
60,1.5,0.6,0.2,5,1.5,50,1,0.04,0.8,0.16,84380.58,23757.64,61436.9601179476,1723.93491235627,50,1.3448421111958,0.634032656451628,2,0.0110388843276198,0.13460090687507,0.669628940677746,0.887562499842239,66920.3891232627,101840.770876737,23267.703118829,24247.576881171,-4.35171529472854,7.04139951712014
60,1.5,0.6,0.2,10,0.5,50,1,0.58,0.16,0.26,44785.62,56526.36,23608.5406734555,7007.38164660842,50,0.896556748343355,0.821342050123813,29,0.442334417685782,0.70624996645288,0.0833742067803341,0.28514216063035,38076.1469777609,51495.0930222391,54534.8841707754,58517.8358292246,0.584134941103326,1.20897855558338
60,1.5,0.6,0.2,10,1,50,1,0.18,0.6,0.22,79105.3,39021.82,55541.0071551293,5121.10127143029,50,1.14556281421397,1.18828826578748,9,0.0977019267023418,0.307960536743008,0.461814377475894,0.723916102697434,63320.7204154464,94889.8795845536,37566.4191219843,40477.2208780157,0.232163595973798,2.05896203245414
60,1.5,0.6,0.2,10,1.5,50,0.94,0.16,0.62,0.16,100221.510638298,41828.7234042553,70017.6077019116,8490.28088515263,47,0.89656563689811,0.794729288280573,8,0.0833742067803341,0.28514216063035,0.48150446930993,0.741372106898064,79663.570863765,120779.450412831,39335.8835481876,44321.563260323,0.232155324863661,1.56097594893256
60,1.5,0.6,0.3,0.001,0.5,50,1,0,1,0,1122.18,71,337.997083069167,0,50,NA,NA,0,6.93889390390723e-18,0.0713475991333587,0.928652400866641,1,1026.12229182501,1218.23770817499,71,71,NA,NA
60,1.5,0.6,0.3,0.001,1,50,1,0,1,0,2079.26,71,586.778121331623,0,50,NA,NA,0,6.93889390390723e-18,0.0713475991333587,0.928652400866641,1,1912.49950304386,2246.02049695614,71,71,NA,NA
60,1.5,0.6,0.3,0.001,1.5,50,1,0,1,0,5347.62,71,1661.34841828521,0,50,NA,NA,0,6.93889390390723e-18,0.0713475991333587,0.928652400866641,1,4875.47000364054,5819.76999635946,71,71,NA,NA
60,1.5,0.6,0.3,0.01,0.5,50,1,0,1,0,1996.3,71,564.298526075173,0,50,NA,NA,0,6.93889390390723e-18,0.0713475991333587,0.928652400866641,1,1835.92813332856,2156.67186667144,71,71,NA,NA
60,1.5,0.6,0.3,0.01,1,50,1,0,1,0,3883.52,71,587.716967838869,0,50,NA,NA,0,6.93889390390723e-18,0.0713475991333587,0.928652400866641,1,3716.49268581871,4050.54731418129,71,71,NA,NA
60,1.5,0.6,0.3,0.01,1.5,50,1,0,1,0,10116.26,71,2478.32321367262,0,50,NA,NA,0,6.93889390390723e-18,0.0713475991333587,0.928652400866641,1,9411.92833577217,10820.5916642278,71,71,NA,NA
60,1.5,0.6,0.3,0.1,0.5,50,1,0,1,0,5488,174,1867.57812174386,0,50,NA,NA,0,6.93889390390723e-18,0.0713475991333587,0.928652400866641,1,4957.24017040777,6018.75982959223,174,174,NA,NA
60,1.5,0.6,0.3,0.1,1,50,1,0,1,0,12455.32,174,3884.66314795263,0,50,NA,NA,0,6.93889390390723e-18,0.0713475991333587,0.928652400866641,1,11351.3109486917,13559.3290513083,174,174,NA,NA
60,1.5,0.6,0.3,0.1,1.5,50,1,0,1,0,36239.54,197.52,14085.3229403909,42.2790728375162,50,NA,NA,0,6.93889390390723e-18,0.0713475991333587,0.928652400866641,1,32236.535511699,40242.544488301,185.504420446303,209.535579553697,NA,NA
60,1.5,0.6,0.3,0.5,0.5,50,1,0.02,0.98,0,11466.68,1637,5238.00015366513,0,50,0.896332403834489,NA,1,0.00353925927164624,0.104954435896378,0.895045564103622,0.996460740728354,9978.05682724222,12955.3031727578,1637,1637,NA,NA
60,1.5,0.6,0.3,0.5,1,50,1,0,1,0,27123.7,1637,11769.7795641973,0,50,NA,NA,0,6.93889390390723e-18,0.0713475991333587,0.928652400866641,1,23778.7656579772,30468.6343420228,1637,1637,NA,NA
60,1.5,0.6,0.3,0.5,1.5,50,1,0,1,0,74082.6,1637,43144.6752597039,0,50,NA,NA,0,6.93889390390723e-18,0.0713475991333587,0.928652400866641,1,61821.0189598077,86344.1810401923,1637,1637,NA,NA
60,1.5,0.6,0.3,1,0.5,50,1,0.04,0.94,0.02,17280.62,4012,10243.4415033349,0,50,1.12043419913147,0.950807988696607,2,0.0110388843276198,0.13460090687507,0.837829083111618,0.979385029651026,14369.4661352978,20191.7738647022,4012,4012,-7.42223664677457,9.66310504503751
60,1.5,0.6,0.3,1,1,50,1,0,1,0,43555.52,3954.04,20584.85511664,286.827613733406,50,NA,NA,0,6.93889390390723e-18,0.0713475991333587,0.928652400866641,1,37705.3689050157,49405.6710949843,3872.52449410762,4035.55550589238,NA,NA
60,1.5,0.6,0.3,1,1.5,50,1,0,1,0,101146.52,3925.06,63627.9804742716,347.612111411556,50,NA,NA,0,6.93889390390723e-18,0.0713475991333587,0.928652400866641,1,83063.6480276683,119229.391972332,3826.2697310046,4023.8502689954,NA,NA
60,1.5,0.6,0.3,3,0.5,50,1,0.08,0.72,0.2,37567,15397,24256.9804445177,0,50,1.12057887272839,1.34470727864326,4,0.031549514088593,0.188382469183428,0.583348763040434,0.825258293340888,30673.2424338467,44460.7575661533,15397,15397,-1.01915048257479,3.26030822803157
60,1.5,0.6,0.3,3,1,50,1,0.02,0.96,0.02,94584.24,12727.24,72822.3589558894,2806.98593934374,50,0.448259050724568,NA,1,0.00353925927164624,0.104954435896378,0.86539909312493,0.98896111567238,73888.3545749549,115280.125425045,11929.5034226178,13524.9765773822,NA,NA
60,1.5,0.6,0.3,3,1.5,50,0.96,0,0.96,0,169860.875,13311.25,107742.02166397,2721.18655674243,48,NA,NA,0,6.93889390390723e-18,0.0713475991333587,0.86539909312493,0.98896111567238,138575.853067417,201145.896932583,12521.0997893807,14101.4002106193,NA,NA
60,1.5,0.6,0.3,5,0.5,50,1,0.08,0.74,0.18,58324.36,24106,34900.5056818286,0,50,1.23269803459169,1.56881989534664,4,0.031549514088593,0.188382469183428,0.604468427351512,0.841284725064476,48405.7460300135,68242.9739699865,24106,24106,-1.26364450520905,3.72904057439243
60,1.5,0.6,0.3,5,1,50,0.96,0,0.9,0.06,128377.395833333,23743.125,81055.9625375119,1758.7036161828,48,NA,NA,0,6.93889390390723e-18,0.0713475991333587,0.786397685625204,0.95652423506811,104841.197731709,151913.593934957,23232.450702679,24253.799297321,NA,NA
60,1.5,0.6,0.3,5,1.5,50,0.82,0.02,0.8,0,187118.536585366,23468.756097561,113994.096749371,2296.14226236625,41,0.44828808691837,NA,1,0.00353925927164624,0.104954435896378,0.669628940677746,0.887562499842239,151137.559950011,223099.513220721,22744.004172246,24193.508022876,NA,NA
60,1.5,0.6,0.3,10,0.5,50,1,0.14,0.62,0.24,114748.98,55245.54,78580.0416303799,8284.51313759226,50,1.0886390603086,1.34116570125796,7,0.0695083342701629,0.261861937105855,0.48150446930993,0.741372106898064,92416.7792639225,137081.180736078,52891.1074169832,57599.9725830168,-0.151732336289808,2.32901045690701
60,1.5,0.6,0.3,10,1,50,0.84,0.02,0.76,0.06,199888.928571429,41807.0952380952,119479.918177194,8484.07948298667,42,0.448286264508531,NA,1,0.00353925927164624,0.104954435896378,0.625873162420571,0.857026086030083,162656.365021539,237121.492121319,39163.2699548861,44450.9205213043,NA,NA
60,1.5,0.6,0.3,10,1.5,50,0.62,0.02,0.58,0.02,202355.35483871,44627.1290322581,115331.954028809,10143.9014938104,31,0.896574351426901,NA,1,0.00353925927164624,0.104954435896378,0.442334417685782,0.70624996645288,160051.252564397,244659.457113023,40906.3159248384,48347.9421396777,NA,NA
60,1.5,0.6,0.4,0.001,0.5,50,1,0,1,0,2149.3,71,696.280269924198,0,50,NA,NA,0,6.93889390390723e-18,0.0713475991333587,0.928652400866641,1,1951.41933674383,2347.18066325618,71,71,NA,NA
60,1.5,0.6,0.4,0.001,1,50,1,0,1,0,3811.1,71,1568.66432524811,0,50,NA,NA,0,6.93889390390723e-18,0.0713475991333587,0.928652400866641,1,3365.29053143616,4256.90946856384,71,71,NA,NA
60,1.5,0.6,0.4,0.001,1.5,50,1,0,1,0,10487.3,71,4502.07779355085,0,50,NA,NA,0,6.93889390390723e-18,0.0713475991333587,0.928652400866641,1,9207.82364787569,11766.7763521243,71,71,NA,NA
60,1.5,0.6,0.4,0.01,0.5,50,1,0,1,0,3342,71,917.375382183725,0,50,NA,NA,0,6.93889390390723e-18,0.0713475991333587,0.928652400866641,1,3081.28480107419,3602.71519892581,71,71,NA,NA
60,1.5,0.6,0.4,0.01,1,50,1,0,1,0,5963.48,71,1594.71965727714,0,50,NA,NA,0,6.93889390390723e-18,0.0713475991333587,0.928652400866641,1,5510.26568800461,6416.69431199539,71,71,NA,NA
60,1.5,0.6,0.4,0.01,1.5,50,1,0,1,0,17309.98,71,6171.3264458812,0,50,NA,NA,0,6.93889390390723e-18,0.0713475991333587,0.928652400866641,1,15556.1084298429,19063.8515701571,71,71,NA,NA
60,1.5,0.6,0.4,0.1,0.5,50,1,0,1,0,9539.78,174,3071.29207198348,0,50,NA,NA,0,6.93889390390723e-18,0.0713475991333587,0.928652400866641,1,8666.92845083333,10412.6315491667,174,174,NA,NA
60,1.5,0.6,0.4,0.1,1,50,1,0,1,0,23097.22,174,7767.34128675301,0,50,NA,NA,0,6.93889390390723e-18,0.0713475991333587,0.928652400866641,1,20889.7660307426,25304.6739692574,174,174,NA,NA
60,1.5,0.6,0.4,0.1,1.5,50,1,0,1,0,76036.94,189.68,26080.7593466595,36.292147911084,50,NA,NA,0,6.93889390390723e-18,0.0713475991333587,0.928652400866641,1,68624.8702047385,83449.0097952615,179.365885684484,199.994114315516,NA,NA
60,1.5,0.6,0.4,0.5,0.5,50,1,0,1,0,27754.18,1637,11880.3439562144,0,50,NA,NA,0,6.93889390390723e-18,0.0713475991333587,0.928652400866641,1,24377.8236054362,31130.5363945638,1637,1637,NA,NA
60,1.5,0.6,0.4,0.5,1,50,1,0,1,0,78795.8,1637,32786.6251420313,0,50,NA,NA,0,6.93889390390723e-18,0.0713475991333587,0.928652400866641,1,69477.9442323175,88113.6557676825,1637,1637,NA,NA
60,1.5,0.6,0.4,0.5,1.5,50,0.94,0,0.94,0,241055.276595745,1637,96793.2487651323,0,47,NA,NA,0,6.93889390390723e-18,0.0713475991333587,0.837829083111618,0.979385029651026,212635.714088461,269474.839103029,1637,1637,NA,NA
60,1.5,0.6,0.4,1,0.5,50,1,0,1,0,48738.22,4012,23758.7990199206,0,50,NA,NA,0,6.93889390390723e-18,0.0713475991333587,0.928652400866641,1,41986.0440281835,55490.3959718165,4012,4012,NA,NA
60,1.5,0.6,0.4,1,1,50,1,0,0.98,0.02,140274.74,3983.02,70283.7174103124,204.919545187861,50,NA,NA,0,6.93889390390723e-18,0.0713475991333587,0.895045564103622,0.996460740728354,120300.328519439,160249.151480561,3924.78250962799,4041.25749037201,NA,NA
60,1.5,0.6,0.4,1,1.5,50,0.5,0,0.5,0,263107.4,3954.04,101342.893452953,289.8,25,NA,NA,0,6.93889390390723e-18,0.0713475991333587,0.366445143168286,0.633554856831714,221275.109594246,304939.690405754,3834.41643936804,4073.66356063196,NA,NA
60,1.5,0.6,0.4,3,0.5,50,1,0.02,0.94,0.04,119223.22,15397,62228.096077907,0,50,0.896484284131327,NA,1,0.00353925927164624,0.104954435896378,0.837829083111618,0.979385029651026,101538.190771173,136908.249228827,15397,15397,NA,NA
60,1.5,0.6,0.4,3,1,50,0.54,0.02,0.52,0,258254.407407407,12513,107151.360957386,2832.03177948271,27,0.896484284131327,NA,1,0.00353925927164624,0.104954435896378,0.385117448900446,0.652028647134219,215866.740741573,300642.074073241,11392.6855403124,13633.3144596876,NA,NA
60,1.5,0.6,0.4,3,1.5,50,0.12,0.02,0.1,0,241069.333333333,13543,142742.147670079,2872.20444954742,6,0.448225233406759,NA,1,0.00353925927164624,0.104954435896378,0.0434757649318904,0.213602314374797,91270.6362530566,390868.030413609,10528.8062855771,16557.1937144229,NA,NA
60,1.5,0.6,0.4,5,0.5,50,1,0.06,0.94,0,184932.3,24106,95281.625878503,0,50,0.747116181628812,0.517585442767491,3,0.020614970348974,0.162170916888382,0.837829083111618,0.979385029651026,157853.561538809,212011.038461191,24106,24106,-0.538637335802904,2.03286969906053
60,1.5,0.6,0.4,5,1,50,0.32,0.02,0.3,0,256616.0625,24106,113361.124110793,0,16,1.3447723710497,NA,1,0.00353925927164624,0.104954435896378,0.191035535008809,0.437503504644534,196210.183382476,317021.941617524,24106,24106,NA,NA
60,1.5,0.6,0.4,5,1.5,50,0.1,0.02,0.08,0,234666.6,24106,141098.263144165,0,5,0.896513320325129,NA,1,0.00353925927164624,0.104954435896378,0.031549514088593,0.188382469183428,59469.9664448093,409863.233555191,24106,24106,NA,NA
60,1.5,0.6,0.4,10,0.5,50,0.64,0.04,0.56,0.04,238951.3125,55752.53125,117516.46119489,7874.95169052002,32,0.67242395368979,0.316986257546769,2,0.0110388843276198,0.13460090687507,0.423060280216569,0.688378007887428,196582.110075984,281320.514924016,52913.3083967722,58591.7541032278,-2.17558457494039,3.52043248231997
60,1.5,0.6,0.4,10,1,50,0.14,0.02,0.12,0,287369.142857143,40790.5714285714,131383.450480427,8068.40760532797,7,1.34479958483366,NA,1,0.00353925927164624,0.104954435896378,0.0561760015093228,0.23804817383203,165859.717280966,408878.56843332,33328.5389590869,48252.6038980559,NA,NA
60,1.5,0.6,0.4,10,1.5,50,0.02,0.02,0,0,9835,59088,NA,NA,1,1.79308040626918,NA,1,0.00353925927164624,0.104954435896378,6.93889390390723e-18,0.0713475991333587,NA,NA,NA,NA,NA,NA
60,1.5,0.7,0.2,0.001,0.5,50,1,0,1,0,753.9,71,169.256989726949,0,50,NA,NA,0,6.93889390390723e-18,0.0713475991333587,0.928652400866641,1,705.797695748928,802.002304251072,71,71,NA,NA
60,1.5,0.7,0.2,0.001,1,50,1,0,1,0,1121.7,71,349.169466486591,0,50,NA,NA,0,6.93889390390723e-18,0.0713475991333587,0.928652400866641,1,1022.46713558939,1220.93286441061,71,71,NA,NA
60,1.5,0.7,0.2,0.001,1.5,50,1,0,1,0,2698.48,71,602.642251477032,0,50,NA,NA,0,6.93889390390723e-18,0.0713475991333587,0.928652400866641,1,2527.21096714136,2869.74903285864,71,71,NA,NA
60,1.5,0.7,0.2,0.01,0.5,50,1,0,1,0,1314.56,71,321.421851358324,0,50,NA,NA,0,6.93889390390723e-18,0.0713475991333587,0.928652400866641,1,1223.21292055635,1405.90707944365,71,71,NA,NA
60,1.5,0.7,0.2,0.01,1,50,1,0,1,0,2259.46,71,626.209237053741,0,50,NA,NA,0,6.93889390390723e-18,0.0713475991333587,0.928652400866641,1,2081.49330394695,2437.42669605305,71,71,NA,NA
60,1.5,0.7,0.2,0.01,1.5,50,1,0,1,0,5337.02,71,1596.57103857752,0,50,NA,NA,0,6.93889390390723e-18,0.0713475991333587,0.928652400866641,1,4883.27953126072,5790.76046873928,71,71,NA,NA
60,1.5,0.7,0.2,0.1,0.5,50,1,0,1,0,2701.92,174,853.476201263075,0,50,NA,NA,0,6.93889390390723e-18,0.0713475991333587,0.928652400866641,1,2459.36474736059,2944.47525263941,174,174,NA,NA
60,1.5,0.7,0.2,0.1,1,50,1,0.02,0.98,0,5466.98,174,2036.79472571339,0,50,0.449525097902195,NA,1,0.00353925927164624,0.104954435896378,0.895045564103622,0.996460740728354,4888.12934366197,6045.83065633803,174,174,NA,NA
60,1.5,0.7,0.2,0.1,1.5,50,1,0,1,0,13257.48,191.64,4708.99161717371,38.0326175801772,50,NA,NA,0,6.93889390390723e-18,0.0713475991333587,0.928652400866641,1,11919.1993898435,14595.7606101565,180.831249677442,202.448750322558,NA,NA
60,1.5,0.7,0.2,0.5,0.5,50,1,0.04,0.86,0.1,4328.16,1637,1714.58202629619,0,50,0.447891932746267,0,2,0.0110388843276198,0.13460090687507,0.738138062894145,0.930491665729837,3840.88117963713,4815.43882036287,1637,1637,0.447891932746267,0.447891932746267
60,1.5,0.7,0.2,0.5,1,50,1,0.04,0.96,0,8172.44,1637,3684.86171844774,0,50,1.79371138994665,1.26908553274843,2,0.0110388843276198,0.13460090687507,0.86539909312493,0.98896111567238,7125.21388668056,9219.66611331944,1637,1637,-9.60856973353529,13.1959925134286
60,1.5,0.7,0.2,0.5,1.5,50,1,0.02,0.98,0,18561.94,1637,7506.41061376534,0,50,0.447891932746267,NA,1,0.00353925927164624,0.104954435896378,0.895045564103622,0.996460740728354,16428.6417075081,20695.2382924919,1637,1637,NA,NA
60,1.5,0.7,0.2,1,0.5,50,1,0.2,0.56,0.24,5569.24,4012,2707.2498475654,0,50,0.80667769866277,0.353491799819934,10,0.112437500157761,0.330371059322254,0.423060280216569,0.688378007887428,4799.84810628062,6338.63189371938,4012,4012,0.55380489845758,1.05955049886796
60,1.5,0.7,0.2,1,1,50,1,0.04,0.9,0.06,10512.46,3954.04,5312.51386441408,286.827613733406,50,2.91388804181135,0.952652306385434,2,0.0110388843276198,0.13460090687507,0.786397685625204,0.95652423506811,9002.66026495605,12022.259735044,3872.52449410762,4035.55550589238,-5.64535334108874,11.4731294247114
60,1.5,0.7,0.2,1,1.5,50,1,0.02,0.98,0,21390.04,3838.12,9763.89462475222,475.649787133349,50,1.34431650445696,NA,1,0.00353925927164624,0.104954435896378,0.895045564103622,0.996460740728354,18615.1718502538,24164.9081497462,3702.94182617949,3973.29817382051,NA,NA
60,1.5,0.7,0.2,3,0.5,50,1,0.76,0.02,0.22,8997.18,15397,5007.33005433646,0,50,0.990846608915035,0.668568721607503,38,0.625873162420571,0.857026086030083,0.00353925927164624,0.104954435896378,7574.11254412832,10420.2474558717,15397,15397,0.771093538455185,1.21059967937489
60,1.5,0.7,0.2,3,1,50,1,0.34,0.48,0.18,15343.52,12727.24,9605.54221236206,2806.98593934374,50,1.10753494743843,1.08816674540441,17,0.224369492225001,0.478461739497674,0.347971352865781,0.614882551099554,12613.6551079152,18073.3848920848,11929.5034226178,13524.9765773822,0.54805123310269,1.66701866177417
60,1.5,0.7,0.2,3,1.5,50,1,0.08,0.76,0.16,25784.58,12616,14185.079508298,2809.2342263997,50,1.00847720928578,0.848401540120486,4,0.031549514088593,0.188382469183428,0.625873162420571,0.857026086030083,21753.2250087848,29815.9349912152,11817.6244665062,13414.3755334938,-0.341518964090944,2.3584733826625
60,1.5,0.7,0.2,5,0.5,50,1,0.84,0,0.16,11723.76,24106,7023.53301571632,0,50,1.14199767825943,0.728849705080024,42,0.71485783936965,0.916625793219666,6.93889390390723e-18,0.0713475991333587,9727.69400246298,13719.825997537,24106,24106,0.914872121289555,1.36912323522931
60,1.5,0.7,0.2,5,1,50,1,0.58,0.22,0.2,19902.56,23931.82,13472.7400803191,1231.63859147073,50,1.05114768757314,1.0116442117197,29,0.442334417685782,0.70624996645288,0.127539159702144,0.352415495812537,16073.649634262,23731.470365738,23581.7921851968,24281.8478148032,0.666338809394141,1.43595656575214
60,1.5,0.7,0.2,5,1.5,50,1,0.28,0.36,0.36,30882.14,23060.92,20167.9406504988,2858.82263363998,50,0.736424432428594,0.737671344458902,14,0.174741706659112,0.416651236959566,0.241387496518467,0.498589831238873,25150.4746853037,36613.8053146963,22248.4515970995,23873.3884029005,0.310505678623661,1.16234318623353
60,1.5,0.7,0.2,10,0.5,50,1,0.96,0,0.04,19027.66,58234.12,12801.951923254,4225.61012447689,50,1.49424187700385,0.935391930826848,48,0.86539909312493,0.98896111567238,6.93889390390723e-18,0.0713475991333587,15389.3855192037,22665.9344807963,57033.2148900727,59435.0251099273,1.22263237293544,1.76585138107226
60,1.5,0.7,0.2,10,1,50,1,0.66,0.2,0.14,29988.7,40729.58,23308.3780726491,7482.33339979677,50,1.20902280287832,1.0602869737233,33,0.521538260502326,0.775630507774999,0.112437500157761,0.330371059322254,23364.5322450475,36612.8677549525,38603.1243760071,42856.0356239929,0.833061389747076,1.58498421600956
60,1.5,0.7,0.2,10,1.5,50,1,0.56,0.2,0.24,35502.74,40729.58,26578.9716665146,7482.33339979677,50,0.896548627407743,0.622032530928525,28,0.423060280216569,0.688378007887428,0.112437500157761,0.330371059322254,27949.0798300664,43056.4001699335,38603.1243760071,42856.0356239929,0.655349591832276,1.13774766298321
60,1.5,0.7,0.3,0.001,0.5,50,1,0,1,0,1005.3,71,252.59067880745,0,50,NA,NA,0,6.93889390390723e-18,0.0713475991333587,0.928652400866641,1,933.514523355391,1077.08547664461,71,71,NA,NA
60,1.5,0.7,0.3,0.001,1,50,1,0,0.98,0.02,1490.08,71,477.173217169272,0,50,NA,NA,0,6.93889390390723e-18,0.0713475991333587,0.895045564103622,0.996460740728354,1354.46887215371,1625.69112784629,71,71,NA,NA
60,1.5,0.7,0.3,0.001,1.5,50,1,0,1,0,3998.46,71,1182.42958473524,0,50,NA,NA,0,6.93889390390723e-18,0.0713475991333587,0.928652400866641,1,3662.41723017312,4334.50276982688,71,71,NA,NA
60,1.5,0.7,0.3,0.01,0.5,50,1,0,1,0,1690.6,71,440.55641997782,0,50,NA,NA,0,6.93889390390723e-18,0.0713475991333587,0.928652400866641,1,1565.39525077385,1815.80474922615,71,71,NA,NA
60,1.5,0.7,0.3,0.01,1,50,1,0,0.98,0.02,2862.46,71,851.998424114668,0,50,NA,NA,0,6.93889390390723e-18,0.0713475991333587,0.895045564103622,0.996460740728354,2620.32472697929,3104.59527302071,71,71,NA,NA
60,1.5,0.7,0.3,0.01,1.5,50,1,0,1,0,7049.84,71,1879.09505315072,0,50,NA,NA,0,6.93889390390723e-18,0.0713475991333587,0.928652400866641,1,6515.80709471698,7583.87290528302,71,71,NA,NA
60,1.5,0.7,0.3,0.1,0.5,50,1,0,1,0,3893.64,174,1075.54568513677,0,50,NA,NA,0,6.93889390390723e-18,0.0713475991333587,0.928652400866641,1,3587.97329834213,4199.30670165787,174,174,NA,NA
60,1.5,0.7,0.3,0.1,1,50,1,0.02,0.98,0,7524,174,2894.38968223926,0,50,0.896375422173214,NA,1,0.00353925927164624,0.104954435896378,0.895045564103622,0.996460740728354,6701.42355372832,8346.57644627168,174,174,NA,NA
60,1.5,0.7,0.3,0.1,1.5,50,1,0,1,0,17892.26,191.64,5783.94603247045,38.0326175801772,50,NA,NA,0,6.93889390390723e-18,0.0713475991333587,0.928652400866641,1,16248.4807252149,19536.0392747851,180.831249677442,202.448750322558,NA,NA
60,1.5,0.7,0.3,0.5,0.5,50,1,0,0.94,0.06,6402.02,1637,2334.4034896849,0,50,NA,NA,0,6.93889390390723e-18,0.0713475991333587,0.837829083111618,0.979385029651026,5738.58986877329,7065.45013122671,1637,1637,NA,NA
60,1.5,0.7,0.3,0.5,1,50,1,0.04,0.96,0,12940.08,1637,5128.88869627481,0,50,2.01713655208215,1.58505642721587,2,0.0110388843276198,0.13460090687507,0.86539909312493,0.98896111567238,11482.4659603311,14397.6940396689,1637,1637,-12.2240304247065,16.2583035288708
60,1.5,0.7,0.3,0.5,1.5,50,1,0,1,0,28191.64,1637,11564.2369182064,0,50,NA,NA,0,6.93889390390723e-18,0.0713475991333587,0.928652400866641,1,24905.1202316381,31478.1597683619,1637,1637,NA,NA
60,1.5,0.7,0.3,1,0.5,50,1,0.04,0.86,0.1,8810.56,4012,3428.43496847486,0,50,0.896424571710691,0,2,0.0110388843276198,0.13460090687507,0.738138062894145,0.930491665729837,7836.20956268784,9784.91043731216,4012,4012,0.896424571710691,0.896424571710691
60,1.5,0.7,0.3,1,1,50,1,0.06,0.94,0,18006.86,3954.04,8032.97482195756,286.827613733406,50,1.94226439973841,1.86640307330684,3,0.020614970348974,0.162170916888382,0.837829083111618,0.979385029651026,15723.9138153233,20289.8061846767,3872.52449410762,4035.55550589238,-2.69413785998983,6.57866665946665
60,1.5,0.7,0.3,1,1.5,50,1,0,1,0,34565.68,3954.04,17388.3736579054,286.827613733406,50,NA,NA,0,6.93889390390723e-18,0.0713475991333587,0.928652400866641,1,29623.9588842385,39507.4011157615,3872.52449410762,4035.55550589238,NA,NA
60,1.5,0.7,0.3,3,0.5,50,1,0.36,0.34,0.3,16407.54,15397,7896.68078607353,0,50,0.672365060482707,0.467638060150494,18,0.241387496518467,0.498589831238873,0.224369492225001,0.478461739497674,14163.3281517444,18651.7518482556,15397,15397,0.439814124201752,0.904915996763662
60,1.5,0.7,0.3,3,1,50,1,0.08,0.84,0.08,29809.54,13172.2,14336.2737056626,2752.4761690566,50,2.57741671951657,2.08258888380105,4,0.031549514088593,0.188382469183428,0.71485783936965,0.916625793219666,25735.2160933246,33883.8639066754,12389.9549279272,13954.4450720728,-0.736446929822216,5.89128036885536
60,1.5,0.7,0.3,3,1.5,50,1,0.04,0.94,0.02,49584.48,12838.48,27123.7588488659,2800.23024738455,50,0.672354758769043,0.316967014495586,2,0.0110388843276198,0.13460090687507,0.837829083111618,0.979385029651026,41875.9930259278,57292.9669740722,12042.6633690293,13634.2966309707,-2.17548087790579,3.52019039544388
60,1.5,0.7,0.3,5,0.5,50,1,0.44,0.18,0.38,21802.64,24106,10954.5145213454,0,50,0.774289263581041,0.556485525489179,22,0.311621992112572,0.576939719783431,0.0977019267023418,0.307960536743008,18689.4014195513,24915.8785804487,24106,24106,0.527557403878817,1.02102112328326
60,1.5,0.7,0.3,5,1,50,1,0.16,0.74,0.1,42440.98,24106,23503.9448130543,0,50,1.73699644667665,1.9382496989693,8,0.0833742067803341,0.28514216063035,0.604468427351512,0.841284725064476,35761.2327923848,49120.7272076152,24106,24106,0.116579146995825,3.35741374635747
60,1.5,0.7,0.3,5,1.5,50,1,0.08,0.78,0.14,61933.7,23757.64,42803.8887262809,1723.93491235627,50,0.784465466302892,0.429157706023331,4,0.031549514088593,0.188382469183428,0.647584504187463,0.872460840297856,49768.9694210018,74098.4305789982,23267.703118829,24247.576881171,0.101579788343901,1.46735114426188
60,1.5,0.7,0.3,10,0.5,50,1,0.66,0.08,0.26,39739.64,58234.12,21843.7128420261,4225.61012447689,50,0.950900490094642,0.697693655818024,33,0.521538260502326,0.775630507774999,0.031549514088593,0.188382469183428,33531.7254979445,45947.5545020555,57033.2148900727,59435.0251099273,0.703509076944544,1.19829190324474
60,1.5,0.7,0.3,10,1,50,1,0.26,0.6,0.14,68551.78,41156.52,48145.8806682146,7905.39266793786,50,1.44824179911087,1.75675508945541,13,0.158715274935524,0.395531572648488,0.461814377475894,0.723916102697434,54868.8721090208,82234.6878909792,38909.8322623131,43403.2077376869,0.386645323272074,2.50983827494967
60,1.5,0.7,0.3,10,1.5,50,1,0.16,0.68,0.16,94286.98,41583.46,68883.0936594868,8284.51313759226,50,0.840515820521014,0.504735865347141,8,0.0833742067803341,0.28514216063035,0.541897026918559,0.792417837393432,74710.621385156,113863.338614844,39229.0274169832,43937.8925830168,0.418546077193927,1.2624855638481
60,1.5,0.7,0.4,0.001,0.5,50,1,0,1,0,1374.38,71,443.203315853654,0,50,NA,NA,0,6.93889390390723e-18,0.0713475991333587,0.928652400866641,1,1248.42301128911,1500.33698871089,71,71,NA,NA
60,1.5,0.7,0.4,0.001,1,50,1,0,1,0,2321.06,71,723.792771391347,0,50,NA,NA,0,6.93889390390723e-18,0.0713475991333587,0.928652400866641,1,2115.36037034004,2526.75962965996,71,71,NA,NA
60,1.5,0.7,0.4,0.001,1.5,50,1,0,1,0,5897.62,71,2231.48676428602,0,50,NA,NA,0,6.93889390390723e-18,0.0713475991333587,0.928652400866641,1,5263.43847850957,6531.80152149043,71,71,NA,NA
60,1.5,0.7,0.4,0.01,0.5,50,1,0,1,0,2204.64,71,576.796032990406,0,50,NA,NA,0,6.93889390390723e-18,0.0713475991333587,0.928652400866641,1,2040.71638116172,2368.56361883828,71,71,NA,NA
60,1.5,0.7,0.4,0.01,1,50,1,0,1,0,4089.04,71,1102.441482736,0,50,NA,NA,0,6.93889390390723e-18,0.0713475991333587,0.928652400866641,1,3775.72959723838,4402.35040276162,71,71,NA,NA
60,1.5,0.7,0.4,0.01,1.5,50,1,0,1,0,9391.14,71,2808.17005568264,0,50,NA,NA,0,6.93889390390723e-18,0.0713475991333587,0.928652400866641,1,8593.06690047772,10189.2130995223,71,71,NA,NA
60,1.5,0.7,0.4,0.1,0.5,50,1,0,1,0,5527.12,174,1696.71701776323,0,50,NA,NA,0,6.93889390390723e-18,0.0713475991333587,0.928652400866641,1,5044.9183588856,6009.3216411144,174,174,NA,NA
60,1.5,0.7,0.4,0.1,1,50,1,0,1,0,11721,174,3962.59377536626,0,50,NA,NA,0,6.93889390390723e-18,0.0713475991333587,0.928652400866641,1,10594.843309434,12847.156690566,174,174,NA,NA
60,1.5,0.7,0.4,0.1,1.5,50,1,0,1,0,29082.46,189.68,8108.17453022893,36.292147911084,50,NA,NA,0,6.93889390390723e-18,0.0713475991333587,0.928652400866641,1,26778.1422946984,31386.7777053016,179.365885684484,199.994114315516,NA,NA
60,1.5,0.7,0.4,0.5,0.5,50,1,0,1,0,11579.5,1637,3659.08648268323,0,50,NA,NA,0,6.93889390390723e-18,0.0713475991333587,0.928652400866641,1,10539.5991276345,12619.4008723655,1637,1637,NA,NA
60,1.5,0.7,0.4,0.5,1,50,1,0.02,0.98,0,26199.82,1637,10570.2712603773,0,50,0.896332403834489,NA,1,0.00353925927164624,0.104954435896378,0.895045564103622,0.996460740728354,23195.7821460639,29203.8578539361,1637,1637,NA,NA
60,1.5,0.7,0.4,0.5,1.5,50,1,0,1,0,60054.86,1637,24206.0104443723,0,50,NA,NA,0,6.93889390390723e-18,0.0713475991333587,0.928652400866641,1,53175.5879476126,66934.1320523874,1637,1637,NA,NA
60,1.5,0.7,0.4,1,0.5,50,1,0.04,0.96,0,16946.66,4012,6235.45007003651,0,50,0.448111422717755,0,2,0.0110388843276198,0.13460090687507,0.86539909312493,0.98896111567238,15174.564697495,18718.755302505,4012,4012,0.448111422717755,0.448111422717755
60,1.5,0.7,0.4,1,1,50,1,0.02,0.96,0.02,37719.36,3983.02,16871.960382038,204.919545187861,50,1.79275697554518,NA,1,0.00353925927164624,0.104954435896378,0.86539909312493,0.98896111567238,32924.4019133763,42514.3180866237,3924.78250962799,4041.25749037201,NA,NA
60,1.5,0.7,0.4,1,1.5,50,1,0,1,0,85064.28,3983.02,44947.6423131607,204.919545187861,50,NA,NA,0,6.93889390390723e-18,0.0713475991333587,0.928652400866641,1,72290.3013926529,97838.2586073471,3924.78250962799,4041.25749037201,NA,NA
60,1.5,0.7,0.4,3,0.5,50,1,0.04,0.92,0.04,37291,15397,15093.354834604,0,50,1.79299423786585,0,2,0.0110388843276198,0.13460090687507,0.811617530816572,0.968450485911407,33001.5160171243,41580.4839828757,15397,15397,1.79299423786585,1.79299423786585
60,1.5,0.7,0.4,3,1,50,1,0.04,0.96,0,74950.34,13394.68,36080.0436544433,2696.86485734371,50,2.0170620374123,1.58473625638352,2,0.0110388843276198,0.13460090687507,0.86539909312493,0.98896111567238,64696.5050472585,85204.1749527415,12628.239487846,14161.120512154,-12.2212283185784,16.255352393403
60,1.5,0.7,0.4,3,1.5,50,1,0.02,0.98,0,145152.64,13060.96,88601.1573165212,2773.0429021461,50,0.896484284131327,NA,1,0.00353925927164624,0.104954435896378,0.895045564103622,0.996460740728354,119972.469697362,170332.810302638,12272.8699270553,13849.0500729447,NA,NA
60,1.5,0.7,0.4,5,0.5,50,1,0.04,0.86,0.1,56177.46,24106,27304.1506781198,0,50,2.24128232478422,0,2,0.0110388843276198,0.13460090687507,0.738138062894145,0.930491665729837,48417.7062352967,63937.2137647033,24106,24106,2.24128232478422,2.24128232478422
60,1.5,0.7,0.4,5,1,50,1,0.04,0.96,0,110646.16,24106,58149.8641570561,0,50,2.46535012433067,1.58473625638352,2,0.0110388843276198,0.13460090687507,0.86539909312493,0.98896111567238,94120.1514590608,127172.168540939,24106,24106,-11.77294023166,16.7036404803213
60,1.5,0.7,0.4,5,1.5,50,0.98,0.02,0.96,0,188438.591836735,23750.5306122449,109653.276414402,1741.05928127631,49,1.3447723710497,NA,1,0.00353925927164624,0.104954435896378,0.86539909312493,0.98896111567238,156942.493430139,219934.690243331,23250.4399970994,24250.6212273904,NA,NA
60,1.5,0.7,0.4,10,0.5,50,1,0.1,0.68,0.22,96799.24,58234.12,43886.6780272528,4225.61012447689,50,1.25515445626081,1.20281334867449,5,0.0434757649318904,0.213602314374797,0.541897026918559,0.792417837393432,84326.7841065012,109271.695893499,57033.2148900727,59435.0251099273,-0.238335575347216,2.74864448786884
60,1.5,0.7,0.4,10,1,50,0.96,0.04,0.9,0.02,196631.208333333,40854.1041666667,97247.486688293,7613.91897368593,48,3.13777679955696,1.90171866509646,2,0.0110388843276198,0.13460090687507,0.786397685625204,0.95652423506811,168393.48170685,224868.934959816,38643.2525564418,43064.9557768916,-13.9484875046639,20.2240411037778
60,1.5,0.7,0.4,10,1.5,50,0.66,0.02,0.6,0.04,200841.787878788,43562.9090909091,104545.699784161,9654.54400905228,33,2.24133945699375,NA,1,0.00353925927164624,0.104954435896378,0.461814377475894,0.723916102697434,163771.494645227,237912.081112349,40139.556641303,46986.2615405152,NA,NA
100,0.5,0.5,0.2,0.001,0.5,50,1,0,1,0,766.28,71,167.487074128125,0,50,NA,NA,0,6.93889390390723e-18,0.0713475991333587,0.928652400866641,1,718.680700196607,813.879299803393,71,71,NA,NA
100,0.5,0.5,0.2,0.001,1,50,1,0,1,0,1082.42,71,207.449830669726,0,50,NA,NA,0,6.93889390390723e-18,0.0713475991333587,0.928652400866641,1,1023.46341045054,1141.37658954946,71,71,NA,NA
100,0.5,0.5,0.2,0.001,1.5,50,1,0,1,0,2452.92,71,566.253272820204,0,50,NA,NA,0,6.93889390390723e-18,0.0713475991333587,0.928652400866641,1,2291.99260045033,2613.84739954967,71,71,NA,NA
100,0.5,0.5,0.2,0.01,0.5,50,1,0,1,0,1141.52,71,265.93149647292,0,50,NA,NA,0,6.93889390390723e-18,0.0713475991333587,0.928652400866641,1,1065.94310492512,1217.09689507488,71,71,NA,NA
100,0.5,0.5,0.2,0.01,1,50,1,0,1,0,1811.96,71,455.270404511967,0,50,NA,NA,0,6.93889390390723e-18,0.0713475991333587,0.928652400866641,1,1682.57358263743,1941.34641736257,71,71,NA,NA
100,0.5,0.5,0.2,0.01,1.5,50,1,0,1,0,3722.2,71,585.484414822461,0,50,NA,NA,0,6.93889390390723e-18,0.0713475991333587,0.928652400866641,1,3555.8071703657,3888.5928296343,71,71,NA,NA
100,0.5,0.5,0.2,0.1,0.5,50,1,0,1,0,2131.92,174,504.279637357152,0,50,NA,NA,0,6.93889390390723e-18,0.0713475991333587,0.928652400866641,1,1988.60531277257,2275.23468722743,174,174,NA,NA
100,0.5,0.5,0.2,0.1,1,50,1,0,1,0,3558.78,174,710.915198880992,0,50,NA,NA,0,6.93889390390723e-18,0.0713475991333587,0.928652400866641,1,3356.7401359539,3760.8198640461,174,174,NA,NA
100,0.5,0.5,0.2,0.1,1.5,50,1,0,1,0,7202.46,240.64,1739.11751266473,46.1787830069178,50,NA,NA,0,6.93889390390723e-18,0.0713475991333587,0.928652400866641,1,6708.20827156313,7696.71172843687,227.516135078814,253.763864921186,NA,NA
100,0.5,0.5,0.2,0.5,0.5,50,1,0.04,0.86,0.1,2641.56,1637,719.668040254161,0,50,0.447891932746267,0,2,0.0110388843276198,0.13460090687507,0.738138062894145,0.930491665729837,2437.03260595899,2846.08739404101,1637,1637,0.447891932746267,0.447891932746267
100,0.5,0.5,0.2,0.5,1,50,1,0,0.98,0.02,4153.82,1637,1092.23404627247,0,50,NA,NA,0,6.93889390390723e-18,0.0713475991333587,0.895045564103622,0.996460740728354,3843.41051858399,4464.22948141601,1637,1637,NA,NA
100,0.5,0.5,0.2,0.5,1.5,50,1,0,1,0,8602.08,1637,2564.12100418089,0,50,NA,NA,0,6.93889390390723e-18,0.0713475991333587,0.928652400866641,1,7873.36487350124,9330.79512649876,1637,1637,NA,NA
100,0.5,0.5,0.2,1,0.5,50,1,0.76,0,0.24,2806.34,4012,755.465625036801,0,50,0.51888662476278,0.195681439703459,38,0.625873162420571,0.857026086030083,6.93889390390723e-18,0.0713475991333587,2591.63904492942,3021.04095507058,4012,4012,0.45456773604264,0.58320551348292
100,0.5,0.5,0.2,1,1,50,1,0.12,0.28,0.6,4473.72,4012,1229.55888954419,0,50,0.448111422717755,0,6,0.0561760015093228,0.23804817383203,0.174741706659112,0.416651236959566,4124.28322994472,4823.15677005528,4012,4012,0.448111422717755,0.448111422717755
100,0.5,0.5,0.2,1,1.5,50,1,0.02,0.98,0,8388.9,4012,2600.92943552328,0,50,0.448111422717755,NA,1,0.00353925927164624,0.104954435896378,0.895045564103622,0.996460740728354,7649.724033058,9128.075966942,4012,4012,NA,NA
100,0.5,0.5,0.2,3,0.5,50,1,1,0,0,3191.14,15571.18,841.265713320211,1231.63859147073,50,1.62272314429419,0.312194182877561,50,0.928652400866641,1,6.93889390390723e-18,0.0713475991333587,2952.05492963802,3430.22507036198,15221.1521851968,15921.2078148032,1.53399853921633,1.71144774937205
100,0.5,0.5,0.2,3,1,50,1,1,0,0,4665.78,15397,1320.32629377772,0,50,1.23723674923369,0.30793953134317,50,0.928652400866641,1,6.93889390390723e-18,0.0713475991333587,4290.54741908004,5041.01258091996,15397,15397,1.14972130274313,1.32475219572425
100,0.5,0.5,0.2,3,1.5,50,1,0.94,0,0.06,8317.84,15397,2609.13704054167,0,50,0.705735578552477,0.276398725592746,47,0.837829083111618,0.979385029651026,6.93889390390723e-18,0.0713475991333587,7576.33145752062,9059.34854247938,15397,15397,0.624581872492077,0.786889284612877
100,0.5,0.5,0.2,5,0.5,50,1,1,0,0,3294.5,37741,943.101856770995,0,50,2.48343930645368,0.316373427051333,50,0.928652400866641,1,6.93889390390723e-18,0.0713475991333587,3026.4734178935,3562.5265821065,37741,37741,2.39352697332328,2.57335163958408
100,0.5,0.5,0.2,5,1,50,1,1,0,0,4711.18,24106,1336.31762828808,0,50,1.67655686553173,0.311252057950507,50,0.928652400866641,1,6.93889390390723e-18,0.0713475991333587,4331.40273209702,5090.95726790298,24106,24106,1.58810000939562,1.76501372166784
100,0.5,0.5,0.2,5,1.5,50,1,1,0,0,8713.32,24106,2733.73945461419,0,50,1.0668543020316,0.325135706157168,50,0.928652400866641,1,6.93889390390723e-18,0.0713475991333587,7936.39984325404,9490.24015674596,24106,24106,0.974451756732349,1.15925684733085
100,0.5,0.5,0.2,10,0.5,50,1,1,0,0,3472.24,59088,1095.09929770626,0,50,2.88689750128547,0.340719532240656,50,0.928652400866641,1,6.93889390390723e-18,0.0713475991333587,3161.0162231363,3783.4637768637,59088,59088,2.7900660816167,2.98372892095424
100,0.5,0.5,0.2,10,1,50,1,1,0,0,4785.56,59088,1317.6794252606,0,50,2.55519375240109,0.303789193821419,50,0.928652400866641,1,6.93889390390723e-18,0.0713475991333587,4411.07965078952,5160.04034921048,59088,59088,2.46885781878346,2.64152968601872
100,0.5,0.5,0.2,10,1.5,50,1,1,0,0,8997.56,57807.18,2647.83707002296,5121.10127143029,50,1.90066381463156,0.333481072669645,50,0.928652400866641,1,6.93889390390723e-18,0.0713475991333587,8245.05303083445,9750.06696916555,56351.7791219843,59262.5808780157,1.8058895424115,1.99543808685162
100,0.5,0.5,0.3,0.001,0.5,50,1,0,1,0,1088.86,71,263.617224825105,0,50,NA,NA,0,6.93889390390723e-18,0.0713475991333587,0.928652400866641,1,1013.94081365019,1163.77918634981,71,71,NA,NA
100,0.5,0.5,0.3,0.001,1,50,1,0,1,0,1781.62,71,454.745808790191,0,50,NA,NA,0,6.93889390390723e-18,0.0713475991333587,0.928652400866641,1,1652.38267109197,1910.85732890803,71,71,NA,NA
100,0.5,0.5,0.3,0.001,1.5,50,1,0,1,0,5233.76,71,1935.94871073906,0,50,NA,NA,0,6.93889390390723e-18,0.0713475991333587,0.928652400866641,1,4683.56946400695,5783.95053599305,71,71,NA,NA
100,0.5,0.5,0.3,0.01,0.5,50,1,0,1,0,1536.2,71,331.149204918821,0,50,NA,NA,0,6.93889390390723e-18,0.0713475991333587,0.928652400866641,1,1442.08843726216,1630.31156273784,71,71,NA,NA
100,0.5,0.5,0.3,0.01,1,50,1,0,1,0,2546.88,71,394.247236217714,0,50,NA,NA,0,6.93889390390723e-18,0.0713475991333587,0.928652400866641,1,2434.83617517904,2658.92382482096,71,71,NA,NA
100,0.5,0.5,0.3,0.01,1.5,50,1,0,1,0,5601,71,1050.80581324185,0,50,NA,NA,0,6.93889390390723e-18,0.0713475991333587,0.928652400866641,1,5302.36429214003,5899.63570785997,71,71,NA,NA
100,0.5,0.5,0.3,0.1,0.5,50,1,0,1,0,2927.04,174,886.441797069518,0,50,NA,NA,0,6.93889390390723e-18,0.0713475991333587,0.928652400866641,1,2675.11602869286,3178.96397130714,174,174,NA,NA
100,0.5,0.5,0.3,0.1,1,50,1,0,1,0,5299.62,174,1183.52153339092,0,50,NA,NA,0,6.93889390390723e-18,0.0713475991333587,0.928652400866641,1,4963.26690179882,5635.97309820118,174,174,NA,NA
100,0.5,0.5,0.3,0.1,1.5,50,1,0,1,0,10116.26,234.76,2478.32321367262,48.0508064448454,50,NA,NA,0,6.93889390390723e-18,0.0713475991333587,0.928652400866641,1,9411.92833577217,10820.5916642278,221.104111904341,248.415888095659,NA,NA
100,0.5,0.5,0.3,0.5,0.5,50,1,0.02,0.94,0.04,3902.28,1637,1265.70348334636,0,50,1.34383656414251,NA,1,0.00353925927164624,0.104954435896378,0.837829083111618,0.979385029651026,3542.57105004297,4261.98894995703,1637,1637,NA,NA
100,0.5,0.5,0.3,0.5,1,50,1,0,1,0,6714.28,1637,1478.45666966659,0,50,NA,NA,0,6.93889390390723e-18,0.0713475991333587,0.928652400866641,1,6294.10726349407,7134.45273650593,1637,1637,NA,NA
100,0.5,0.5,0.3,0.5,1.5,50,1,0,1,0,14482.72,1637,3732.04839000061,0,50,NA,NA,0,6.93889390390723e-18,0.0713475991333587,0.928652400866641,1,13422.0835830039,15543.3564169961,1637,1637,NA,NA
100,0.5,0.5,0.3,1,0.5,50,1,0.2,0.36,0.44,4459.64,4012,1575.0853784439,0,50,0.716989023829887,0.56674688742107,10,0.112437500157761,0.330371059322254,0.241387496518467,0.498589831238873,4012.00568830894,4907.27431169106,4012,4012,0.311562723975846,1.12241532368393
100,0.5,0.5,0.3,1,1,50,1,0,0.96,0.04,7470.28,4012,1845.75571647441,0,50,NA,NA,0,6.93889390390723e-18,0.0713475991333587,0.86539909312493,0.98896111567238,6945.7220293647,7994.8379706353,4012,4012,NA,NA
100,0.5,0.5,0.3,1,1.5,50,1,0,1,0,16629.3,4012,5074.66738127853,0,50,NA,NA,0,6.93889390390723e-18,0.0713475991333587,0.928652400866641,1,15187.0954875539,18071.5045124461,4012,4012,NA,NA
100,0.5,0.5,0.3,3,0.5,50,1,1,0,0,5421.02,15571.18,2060.42707570196,1231.63859147073,50,1.15649188300101,0.551471931404701,50,0.928652400866641,1,6.93889390390723e-18,0.0713475991333587,4835.45310410724,6006.58689589276,15221.1521851968,15921.2078148032,0.999765294201637,1.31321847180038
100,0.5,0.5,0.3,3,1,50,1,0.98,0,0.02,7982.22,15397,2125.75326663568,0,50,0.704376108928802,0.242095243346938,49,0.895045564103622,0.996460740728354,6.93889390390723e-18,0.0713475991333587,7378.08760606236,8586.35239393764,15397,15397,0.634838235938966,0.773913981918638
100,0.5,0.5,0.3,3,1.5,50,1,0.08,0.52,0.4,20500.46,15397,7198.73838779535,0,50,0.560289996087901,0.224129525362284,4,0.031549514088593,0.188382469183428,0.385117448900446,0.652028647134219,18454.6011866522,22546.3188133478,15397,15397,0.203649906140805,0.916930086034997
100,0.5,0.5,0.3,5,0.5,50,1,1,0,0,5608.54,37741,2224.64972899886,0,50,2.01720214004023,0.552659336081716,50,0.928652400866641,1,6.93889390390723e-18,0.0713475991333587,4976.3015424391,6240.7784575609,37741,37741,1.86013809456545,2.17426618551501
100,0.5,0.5,0.3,5,1,50,1,1,0,0,8488.94,24106,2530.80927131127,0,50,1.08478694027436,0.287670463547543,50,0.928652400866641,1,6.93889390390723e-18,0.0713475991333587,7769.6919632339,9208.1880367661,24106,24106,1.00303189911515,1.16654198143357
100,0.5,0.5,0.3,5,1.5,50,1,0.38,0.22,0.4,23280.26,24106,9121.99926799526,0,50,0.566243875568455,0.251886643137222,19,0.258627893101936,0.51849553069007,0.127539159702144,0.352415495812537,20687.8164922014,25872.7035077986,24106,24106,0.444838399767389,0.687649351369521
100,0.5,0.5,0.3,10,0.5,50,1,1,0,0,5725,59088,2290.7985061804,0,50,2.44754980984093,0.559736449081723,50,0.928652400866641,1,6.93889390390723e-18,0.0713475991333587,5073.96226796921,6376.03773203079,59088,59088,2.28847447110556,2.6066251485763
100,0.5,0.5,0.3,10,1,50,1,1,0,0,9066.72,59088,2761.53829535907,0,50,1.91859911180969,0.300906516354284,50,0.928652400866641,1,6.93889390390723e-18,0.0713475991333587,8281.89950012791,9851.54049987209,59088,59088,1.83308242606363,2.00411579755575
100,0.5,0.5,0.3,10,1.5,50,1,0.96,0,0.04,27136.42,57807.18,11423.6029987505,5121.10127143029,50,0.877886253401393,0.43332413609783,48,0.86539909312493,0.98896111567238,6.93889390390723e-18,0.0713475991333587,23889.8679493235,30382.9720506765,56351.7791219843,59262.5808780157,0.752062040226531,1.00371046657626
100,0.5,0.5,0.4,0.001,0.5,50,1,0,1,0,2421.7,71,833.130125564098,0,50,NA,NA,0,6.93889390390723e-18,0.0713475991333587,0.928652400866641,1,2184.92703809592,2658.47296190408,71,71,NA,NA
100,0.5,0.5,0.4,0.001,1,50,1,0,1,0,4900.7,71,2061.48037010458,0,50,NA,NA,0,6.93889390390723e-18,0.0713475991333587,0.928652400866641,1,4314.8337611501,5486.56623884989,71,71,NA,NA
100,0.5,0.5,0.4,0.001,1.5,50,1,0,0.98,0.02,18556.6,71,9903.13873352839,0,50,NA,NA,0,6.93889390390723e-18,0.0713475991333587,0.895045564103622,0.996460740728354,15742.1591123933,21371.0408876067,71,71,NA,NA
100,0.5,0.5,0.4,0.01,0.5,50,1,0,1,0,2793.96,71,789.219272187291,0,50,NA,NA,0,6.93889390390723e-18,0.0713475991333587,0.928652400866641,1,2569.66636454774,3018.25363545226,71,71,NA,NA
100,0.5,0.5,0.4,0.01,1,50,1,0,1,0,5260.14,71,1501.95984905165,0,50,NA,NA,0,6.93889390390723e-18,0.0713475991333587,0.928652400866641,1,4833.28773381868,5686.99226618132,71,71,NA,NA
100,0.5,0.5,0.4,0.01,1.5,50,1,0,0.98,0.02,15690.92,71,6380.37281822872,0,50,NA,NA,0,6.93889390390723e-18,0.0713475991333587,0.895045564103622,0.996460740728354,13877.638108169,17504.201891831,71,71,NA,NA
100,0.5,0.5,0.4,0.1,0.5,50,1,0,1,0,5758.9,174,1654.53324387939,0,50,NA,NA,0,6.93889390390723e-18,0.0713475991333587,0.928652400866641,1,5288.68685477633,6229.11314522367,174,174,NA,NA
100,0.5,0.5,0.4,0.1,1,50,1,0,1,0,11655.78,174,3395.65094171341,0,50,NA,NA,0,6.93889390390723e-18,0.0713475991333587,0.928652400866641,1,10690.7466800039,12620.8133199961,174,174,NA,NA
100,0.5,0.5,0.4,0.1,1.5,50,1,0.02,0.98,0,28003.24,240.64,8521.5656211228,46.1787830069178,50,1.34312218925468,NA,1,0.00353925927164624,0.104954435896378,0.895045564103622,0.996460740728354,25581.4378465764,30425.0421534236,227.516135078814,253.763864921186,NA,NA
100,0.5,0.5,0.4,0.5,0.5,50,1,0.02,0.98,0,10503.6,1637,4112.4209613396,0,50,1.34383656414251,NA,1,0.00353925927164624,0.104954435896378,0.895045564103622,0.996460740728354,9334.86289431256,11672.3371056874,1637,1637,NA,NA
100,0.5,0.5,0.4,0.5,1,50,1,0,1,0,20446.94,1637,7521.2695530877,0,50,NA,NA,0,6.93889390390723e-18,0.0713475991333587,0.928652400866641,1,18309.4188436767,22584.4611563233,1637,1637,NA,NA
100,0.5,0.5,0.4,0.5,1.5,50,1,0.02,0.98,0,59428.96,1637,23309.1839025404,0,50,3.13794070032982,NA,1,0.00353925927164624,0.104954435896378,0.895045564103622,0.996460740728354,52804.5632307263,66053.3567692737,1637,1637,NA,NA
100,0.5,0.5,0.4,1,0.5,50,1,0.02,0.94,0.04,13243.96,4012,5213.53606728657,0,50,2.2402611358532,NA,1,0.00353925927164624,0.104954435896378,0.837829083111618,0.979385029651026,11762.2894436636,14725.6305563364,4012,4012,NA,NA
100,0.5,0.5,0.4,1,1,50,1,0,1,0,25491.8,4012,8997.01666426949,0,50,NA,NA,0,6.93889390390723e-18,0.0713475991333587,0.928652400866641,1,22934.8761551719,28048.7238448281,4012,4012,NA,NA
100,0.5,0.5,0.4,1,1.5,50,1,0.02,0.98,0,95491.8,4012,42386.4306906571,0,50,4.03436527204051,NA,1,0.00353925927164624,0.104954435896378,0.895045564103622,0.996460740728354,83445.7096820276,107537.890317972,4012,4012,NA,NA
100,0.5,0.5,0.4,3,0.5,50,1,0.22,0.42,0.36,18145.56,15397,8921.70344346085,0,50,1.1001824274704,0.881895659903208,11,0.127539159702144,0.352415495812537,0.29375003354712,0.557665582314218,15610.039935703,20681.080064297,15397,15397,0.507716861590743,1.69264799335006
100,0.5,0.5,0.4,3,1,50,1,0.04,0.86,0.1,34343.96,15397,14562.8307897404,0,50,0.672354758769043,0.316967014495586,2,0.0110388843276198,0.13460090687507,0.738138062894145,0.930491665729837,30205.2492824394,38482.6707175606,15397,15397,-2.17548087790579,3.52019039544388
100,0.5,0.5,0.4,3,1.5,50,1,0.02,0.98,0,180669.06,15397,98307.6399801445,0,50,5.3792480871886,NA,1,0.00353925927164624,0.104954435896378,0.895045564103622,0.996460740728354,152730.337846437,208607.782153563,15397,15397,NA,NA
100,0.5,0.5,0.4,5,0.5,50,1,0.86,0.02,0.12,19974.78,37741,10854.4975937091,0,50,0.969511986290144,0.711555945938617,43,0.738138062894145,0.930491665729837,0.00353925927164624,0.104954435896378,16889.9659158819,23059.5940841181,37741,37741,0.750527388918986,1.1884965836613
100,0.5,0.5,0.4,5,1,50,1,0.1,0.72,0.18,45493.44,24106,22441.9003389387,0,50,0.717229990425987,0.400918069636896,5,0.0434757649318904,0.213602314374797,0.583348763040434,0.825258293340888,39115.5224923251,51871.3575076749,24106,24106,0.219424457128504,1.21503552372347
100,0.5,0.5,0.4,5,1.5,50,0.96,0.02,0.92,0.02,235479.604166667,24106,116277.817073381,0,48,5.82753617410697,NA,1,0.00353925927164624,0.104954435896378,0.811617530816572,0.968450485911407,201716.045610479,269243.162722855,24106,24106,NA,NA
100,0.5,0.5,0.4,10,0.5,50,1,0.88,0,0.12,26112.06,59088,15690.4105751486,0,50,1.1919942118284,0.784957992350386,44,0.76195182616797,0.943823998490677,6.93889390390723e-18,0.0713475991333587,21652.8946531058,30571.2253468942,59088,59088,0.953345169510151,1.43064325414665
100,0.5,0.5,0.4,10,1,50,1,0.4,0.26,0.34,58977.6,59088,29993.4051016525,0,50,0.717245480823235,0.53239069271729,20,0.276083897302565,0.538185622524106,0.158715274935524,0.395531572648488,50453.5685845008,67501.6314154992,59088,59088,0.468078966787663,0.966411994858807
100,0.5,0.5,0.4,10,1.5,50,0.54,0.02,0.44,0.08,223685.62962963,58297.3703703704,125174.457592086,4108.23206546365,27,6.72410326005103,NA,1,0.00353925927164624,0.104954435896378,0.311621992112572,0.576939719783431,174168.263391043,273202.995868217,56672.2078916034,59922.5328491374,NA,NA
100,0.5,0.6,0.2,0.001,0.5,50,1,0,1,0,619.8,71,97.3787052948331,0,50,NA,NA,0,6.93889390390723e-18,0.0713475991333587,0.928652400866641,1,592.125278162963,647.474721837037,71,71,NA,NA
100,0.5,0.6,0.2,0.001,1,50,1,0,1,0,912.66,71,190.612718808134,0,50,NA,NA,0,6.93889390390723e-18,0.0713475991333587,0.928652400866641,1,858.488464697237,966.831535302763,71,71,NA,NA
100,0.5,0.6,0.2,0.001,1.5,50,1,0,1,0,1884.46,71,435.471183235552,0,50,NA,NA,0,6.93889390390723e-18,0.0713475991333587,0.928652400866641,1,1760.70045906545,2008.21954093455,71,71,NA,NA
100,0.5,0.6,0.2,0.01,0.5,50,1,0,1,0,1000.64,71,124.082553165221,0,50,NA,NA,0,6.93889390390723e-18,0.0713475991333587,0.928652400866641,1,965.376128568562,1035.90387143144,71,71,NA,NA
100,0.5,0.6,0.2,0.01,1,50,1,0,1,0,1534.88,71,241.69905727105,0,50,NA,NA,0,6.93889390390723e-18,0.0713475991333587,0.928652400866641,1,1466.18988794729,1603.57011205271,71,71,NA,NA
100,0.5,0.6,0.2,0.01,1.5,50,1,0,1,0,2689.38,71,464.162308434699,0,50,NA,NA,0,6.93889390390723e-18,0.0713475991333587,0.928652400866641,1,2557.46653150322,2821.29346849678,71,71,NA,NA
100,0.5,0.6,0.2,0.1,0.5,50,1,0,1,0,1560.96,174,261.963540071,0,50,NA,NA,0,6.93889390390723e-18,0.0713475991333587,0.928652400866641,1,1486.51078565729,1635.40921434271,174,174,NA,NA
100,0.5,0.6,0.2,0.1,1,50,1,0,1,0,2490.46,174,491.031908435736,0,50,NA,NA,0,6.93889390390723e-18,0.0713475991333587,0.928652400866641,1,2350.9102756745,2630.0097243255,174,174,NA,NA
100,0.5,0.6,0.2,0.1,1.5,50,1,0,1,0,5254.22,248.48,1188.59610705836,42.2790728375162,50,NA,NA,0,6.93889390390723e-18,0.0713475991333587,0.928652400866641,1,4916.42472391955,5592.01527608045,236.464420446303,260.495579553697,NA,NA
100,0.5,0.6,0.2,0.5,0.5,50,1,0.08,0.32,0.6,1886.04,1637,495.195156746617,0,50,0.447891932746267,0,4,0.031549514088593,0.188382469183428,0.207582162606568,0.458102973081441,1745.3070935959,2026.7729064041,1637,1637,0.447891932746267,0.447891932746267
100,0.5,0.6,0.2,0.5,1,50,1,0.02,0.94,0.04,2835.82,1637,739.272275654255,0,50,0.896332403834489,NA,1,0.00353925927164624,0.104954435896378,0.837829083111618,0.979385029651026,2625.72114390389,3045.91885609611,1637,1637,NA,NA
100,0.5,0.6,0.2,0.5,1.5,50,1,0,1,0,5804.94,1637,1351.74918289947,0,50,NA,NA,0,6.93889390390723e-18,0.0713475991333587,0.928652400866641,1,5420.77713280105,6189.10286719895,1637,1637,NA,NA
100,0.5,0.6,0.2,1,0.5,50,1,1,0,0,1941.6,4057.4,516.070514087178,321.026478658693,50,0.770864900333412,0.286923773355648,50,0.928652400866641,1,6.93889390390723e-18,0.0713475991333587,1794.93438268236,2088.26561731764,3966.16528423433,4148.63471576567,0.689322066178767,0.852407734488057
100,0.5,0.6,0.2,1,1,50,1,0.66,0,0.34,2980.72,4012,811.58316032459,0,50,0.516028751530279,0.253587991669593,33,0.521538260502326,0.775630507774999,6.93889390390723e-18,0.0713475991333587,2750.07061786246,3211.36938213754,4012,4012,0.426110359562847,0.605947143497711
100,0.5,0.6,0.2,1,1.5,50,1,0.02,0.74,0.24,5804.94,4012,1351.74918289947,0,50,0.448111422717755,NA,1,0.00353925927164624,0.104954435896378,0.604468427351512,0.841284725064476,5420.77713280105,6189.10286719895,4012,4012,NA,NA
100,0.5,0.6,0.2,3,0.5,50,1,1,0,0,2064.54,24106,521.873008636064,0,50,2.49231241524546,0.27406271738923,50,0.928652400866641,1,6.93889390390723e-18,0.0713475991333587,1916.22533197753,2212.85466802247,24106,24106,2.41442465275483,2.57020017773609
100,0.5,0.6,0.2,3,1,50,1,1,0,0,3038.68,15397,831.581022842044,0,50,1.66753733424937,0.326963219077272,50,0.928652400866641,1,6.93889390390723e-18,0.0713475991333587,2802.34728821837,3275.01271178163,15397,15397,1.57461541552485,1.76045925297389
100,0.5,0.6,0.2,3,1.5,50,1,1,0,0,5668.74,15397,1411.09081861068,0,50,1.03100368048206,0.260170575513945,50,0.928652400866641,1,6.93889390390723e-18,0.0713475991333587,5267.71242653195,6069.76757346805,15397,15397,0.957064021028482,1.10494333993564
100,0.5,0.6,0.2,5,0.5,50,1,1,0,0,2094.88,37741,505.282973456761,0,50,2.92267457811921,0.259949365008643,50,0.928652400866641,1,6.93889390390723e-18,0.0713475991333587,1951.28016780806,2238.47983219194,37741,37741,2.84879778599564,2.99655137024278
100,0.5,0.6,0.2,5,1,50,1,1,0,0,3096.64,24106,847.071973907526,0,50,2.09790096425903,0.331939602482891,50,0.928652400866641,1,6.93889390390723e-18,0.0713475991333587,2855.90480863692,3337.37519136308,24106,24106,2.00356477301889,2.19223715549917
100,0.5,0.6,0.2,5,1.5,50,1,1,0,0,5623.34,24106,1427.38042652995,0,50,1.48825973802077,0.263150112670695,50,0.928652400866641,1,6.93889390390723e-18,0.0713475991333587,5217.68297118403,6028.99702881597,24106,24106,1.41347330347641,1.56304617256513
100,0.5,0.6,0.2,10,0.5,50,1,1,0,0,2187.48,92508,497.522565994216,0,50,3.77439135381036,0.257568655696613,50,0.928652400866641,1,6.93889390390723e-18,0.0713475991333587,2046.08565120628,2328.87434879372,92508,92508,3.70119115178712,3.8475915558336
100,0.5,0.6,0.2,10,1,50,1,1,0,0,3096.64,59088,847.071973907526,0,50,2.99446805020308,0.331939602482891,50,0.928652400866641,1,6.93889390390723e-18,0.0713475991333587,2855.90480863692,3337.37519136308,59088,59088,2.90013185896294,3.08880424144322
100,0.5,0.6,0.2,10,1.5,50,1,1,0,0,5623.34,59088,1427.38042652995,0,50,2.38482682396483,0.263150112670695,50,0.928652400866641,1,6.93889390390723e-18,0.0713475991333587,5217.68297118403,6028.99702881597,59088,59088,2.31004038942047,2.45961325850919
100,0.5,0.6,0.3,0.001,0.5,50,1,0,1,0,736.7,71,175.544778867829,0,50,NA,NA,0,6.93889390390723e-18,0.0713475991333587,0.928652400866641,1,686.81072584707,786.58927415293,71,71,NA,NA
100,0.5,0.6,0.3,0.001,1,50,1,0,1,0,1200.62,71,302.118363748855,0,50,NA,NA,0,6.93889390390723e-18,0.0713475991333587,0.928652400866641,1,1114.75891103506,1286.48108896494,71,71,NA,NA
100,0.5,0.6,0.3,0.001,1.5,50,1,0,1,0,2799.64,71,749.695768499544,0,50,NA,NA,0,6.93889390390723e-18,0.0713475991333587,0.928652400866641,1,2586.57882001398,3012.70117998602,71,71,NA,NA
100,0.5,0.6,0.3,0.01,0.5,50,1,0,1,0,1138.22,71,290.365166995082,0,50,NA,NA,0,6.93889390390723e-18,0.0713475991333587,0.928652400866641,1,1055.69913259451,1220.74086740549,71,71,NA,NA
100,0.5,0.6,0.3,0.01,1,50,1,0,1,0,1719.36,71,379.588862441716,0,50,NA,NA,0,6.93889390390723e-18,0.0713475991333587,0.928652400866641,1,1611.48203891286,1827.23796108714,71,71,NA,NA
100,0.5,0.6,0.3,0.01,1.5,50,1,0,1,0,3519.34,71,693.372756891991,0,50,NA,NA,0,6.93889390390723e-18,0.0713475991333587,0.928652400866641,1,3322.28564280489,3716.39435719511,71,71,NA,NA
100,0.5,0.6,0.3,0.1,0.5,50,1,0,1,0,1902.84,174,572.027270650051,0,50,NA,NA,0,6.93889390390723e-18,0.0713475991333587,0.928652400866641,1,1740.27164842345,2065.40835157655,174,174,NA,NA
100,0.5,0.6,0.3,0.1,1,50,1,0,1,0,3229.54,174,729.509821729632,0,50,NA,NA,0,6.93889390390723e-18,0.0713475991333587,0.928652400866641,1,3022.21560261119,3436.86439738881,174,174,NA,NA
100,0.5,0.6,0.3,0.1,1.5,50,1,0,1,0,6106.32,248.48,1104.4875520589,42.2790728375162,50,NA,NA,0,6.93889390390723e-18,0.0713475991333587,0.928652400866641,1,5792.42811077068,6420.21188922932,236.464420446303,260.495579553697,NA,NA
100,0.5,0.6,0.3,0.5,0.5,50,1,0.12,0.68,0.2,2296.56,1637,779.990271001596,0,50,0.597372089775674,0.231573663505346,6,0.0561760015093228,0.23804817383203,0.541897026918559,0.792417837393432,2074.88921766408,2518.23078233592,1637,1637,0.354350434031884,0.840393745519464
100,0.5,0.6,0.3,0.5,1,50,1,0,1,0,3829.42,1637,867.64445577244,0,50,NA,NA,0,6.93889390390723e-18,0.0713475991333587,0.928652400866641,1,3582.83817398117,4076.00182601883,1637,1637,NA,NA
100,0.5,0.6,0.3,0.5,1.5,50,1,0,1,0,7632.84,1637,2269.17570541393,0,50,NA,NA,0,6.93889390390723e-18,0.0713475991333587,0.928652400866641,1,6987.94739995406,8277.73260004594,1637,1637,NA,NA
100,0.5,0.6,0.3,1,0.5,50,1,0.84,0,0.16,2499.24,4057.4,842.805290414708,321.026478658693,50,0.650884700574856,0.331317825971267,42,0.71485783936965,0.916625793219666,6.93889390390723e-18,0.0713475991333587,2259.71738666897,2738.76261333103,3966.16528423433,4148.63471576567,0.547638797841713,0.754130603307999
100,0.5,0.6,0.3,1,1,50,1,0.16,0.1,0.74,4007.16,4012,931.973292951847,0,50,0.448111422717755,0,8,0.0833742067803341,0.28514216063035,0.0434757649318904,0.213602314374797,3742.29612073708,4272.02387926292,4012,4012,0.448111422717755,0.448111422717755
100,0.5,0.6,0.3,1,1.5,50,1,0,0.92,0.08,7988.14,4012,2308.46072940037,0,50,NA,NA,0,6.93889390390723e-18,0.0713475991333587,0.811617530816572,0.968450485911407,7332.08271966904,8644.19728033097,4012,4012,NA,NA
100,0.5,0.6,0.3,3,0.5,50,1,1,0,0,2691.64,24106,968.079326316194,0,50,2.26820644622302,0.418951757717707,50,0.928652400866641,1,6.93889390390723e-18,0.0713475991333587,2416.51489959051,2966.76510040949,24106,24106,2.14914167407524,2.3872712183708
100,0.5,0.6,0.3,3,1,50,1,1,0,0,4230.3,15397,1003.44773513266,0,50,1.31795019245719,0.229295321051262,50,0.928652400866641,1,6.93889390390723e-18,0.0713475991333587,3945.12330902099,4515.47669097901,15397,15397,1.25278518323454,1.38311520167984
100,0.5,0.6,0.3,3,1.5,50,1,0.92,0,0.08,8625.84,15397,2751.36633485464,0,50,0.682105585101847,0.262911573605331,46,0.811617530816572,0.968450485911407,6.93889390390723e-18,0.0713475991333587,7843.9103393175,9407.7696606825,15397,15397,0.604030485144754,0.76018068505894
100,0.5,0.6,0.3,5,0.5,50,1,1,0,0,2739.14,37741,973.526872683407,0,50,2.69856421929733,0.419730883286938,50,0.928652400866641,1,6.93889390390723e-18,0.0713475991333587,2462.46672404278,3015.81327595722,37741,37741,2.57927802211274,2.81785041648192
100,0.5,0.6,0.3,5,1,50,1,1,0,0,4304.68,24106,1015.1045475462,0,50,1.74830808030087,0.226424422377664,50,0.928652400866641,1,6.93889390390723e-18,0.0713475991333587,4016.19047958795,4593.16952041205,24106,24106,1.6839589714537,1.81265718914804
100,0.5,0.6,0.3,5,1.5,50,1,1,0,0,9203.62,24106,2937.63344214491,0,50,1.01307031080334,0.324137500548958,50,0.928652400866641,1,6.93889390390723e-18,0.0713475991333587,8368.75381314332,10038.4861868567,24106,24106,0.920951452399081,1.1051891692076
100,0.5,0.6,0.3,10,0.5,50,1,1,0,0,2826.08,92508,1018.49716900211,0,50,3.56822562452471,0.433847989489834,50,0.928652400866641,1,6.93889390390723e-18,0.0713475991333587,2536.6263072383,3115.5336927617,92508,92508,3.44492739014855,3.69152385890087
100,0.5,0.6,0.3,10,1,50,1,1,0,0,4379.06,59088,1021.11534478086,0,50,2.62694496717023,0.222044111924557,50,0.928652400866641,1,6.93889390390723e-18,0.0713475991333587,4088.86222991484,4669.25777008516,59088,59088,2.56384072877993,2.69004920556053
100,0.5,0.6,0.3,10,1.5,50,1,1,0,0,10144.28,59088,4083.58568447498,0,50,1.82894884560245,0.360432029687191,50,0.928652400866641,1,6.93889390390723e-18,0.0713475991333587,8983.73778932483,11304.8222106752,59088,59088,1.72651519614541,1.93138249505949
100,0.5,0.6,0.4,0.001,0.5,50,1,0,1,0,1095.2,71,268.423971678069,0,50,NA,NA,0,6.93889390390723e-18,0.0713475991333587,0.928652400866641,1,1018.91475130942,1171.48524869058,71,71,NA,NA
100,0.5,0.6,0.4,0.001,1,50,1,0,1,0,1985.34,71,544.805511449841,0,50,NA,NA,0,6.93889390390723e-18,0.0713475991333587,0.928652400866641,1,1830.50798678921,2140.17201321079,71,71,NA,NA
100,0.5,0.6,0.4,0.001,1.5,50,1,0,1,0,5910.24,71,2559.76276451788,0,50,NA,NA,0,6.93889390390723e-18,0.0713475991333587,0.928652400866641,1,5182.76347150896,6637.71652849104,71,71,NA,NA
100,0.5,0.6,0.4,0.01,0.5,50,1,0,1,0,1574.36,71,346.087446776572,0,50,NA,NA,0,6.93889390390723e-18,0.0713475991333587,0.928652400866641,1,1476.00303589955,1672.71696410045,71,71,NA,NA
100,0.5,0.6,0.4,0.01,1,50,1,0,1,0,2480.86,71,375.448249647359,0,50,NA,NA,0,6.93889390390723e-18,0.0713475991333587,0.928652400866641,1,2374.15878804885,2587.56121195116,71,71,NA,NA
100,0.5,0.6,0.4,0.01,1.5,50,1,0,1,0,5512.8,71,1598.32154308889,0,50,NA,NA,0,6.93889390390723e-18,0.0713475991333587,0.928652400866641,1,5058.56204338305,5967.03795661695,71,71,NA,NA
100,0.5,0.6,0.4,0.1,0.5,50,1,0,1,0,2747.02,174,775.056613863708,0,50,NA,NA,0,6.93889390390723e-18,0.0713475991333587,0.928652400866641,1,2526.75134750877,2967.28865249123,174,174,NA,NA
100,0.5,0.6,0.4,0.1,1,50,1,0,1,0,4651.46,174,1180.6237405434,0,50,NA,NA,0,6.93889390390723e-18,0.0713475991333587,0.928652400866641,1,4315.93044541396,4986.98955458604,174,174,NA,NA
100,0.5,0.6,0.4,0.1,1.5,50,1,0,1,0,10187.32,248.48,2416.30217092658,42.2790728375162,50,NA,NA,0,6.93889390390723e-18,0.0713475991333587,0.928652400866641,1,9500.61452109516,10874.0254789048,236.464420446303,260.495579553697,NA,NA
100,0.5,0.6,0.4,0.5,0.5,50,1,0.02,0.94,0.04,3571.74,1637,989.615217121879,0,50,0.447891932746267,NA,1,0.00353925927164624,0.104954435896378,0.837829083111618,0.979385029651026,3290.49446714324,3852.98553285676,1637,1637,NA,NA
100,0.5,0.6,0.4,0.5,1,50,1,0,1,0,5623.34,1637,1427.38042652995,0,50,NA,NA,0,6.93889390390723e-18,0.0713475991333587,0.928652400866641,1,5217.68297118403,6028.99702881597,1637,1637,NA,NA
100,0.5,0.6,0.4,0.5,1.5,50,1,0,1,0,14987.84,1637,4535.13577575025,0,50,NA,NA,0,6.93889390390723e-18,0.0713475991333587,0.928652400866641,1,13698.9686732856,16276.7113267144,1637,1637,NA,NA
100,0.5,0.6,0.4,1,0.5,50,1,0.18,0.08,0.74,3865.4,4012,1032.2655290423,0,50,0.647314909353874,0.32557922343556,9,0.0977019267023418,0.307960536743008,0.031549514088593,0.188382469183428,3572.03338260954,4158.76661739046,4012,4012,0.397052564160887,0.897577254546861
100,0.5,0.6,0.4,1,1,50,1,0.02,0.76,0.22,6134.58,4012,1721.2304698105,0,50,0.448111422717755,NA,1,0.00353925927164624,0.104954435896378,0.625873162420571,0.857026086030083,5645.41171289642,6623.74828710358,4012,4012,NA,NA
100,0.5,0.6,0.4,1,1.5,50,1,0,1,0,18018.14,4012,6095.51521657605,0,50,NA,NA,0,6.93889390390723e-18,0.0713475991333587,0.928652400866641,1,16285.8137428227,19750.4662571773,4012,4012,NA,NA
100,0.5,0.6,0.4,3,0.5,50,1,1,0,0,4526.12,24106,1381.42221360629,0,50,1.73035114200737,0.373500057460391,50,0.928652400866641,1,6.93889390390723e-18,0.0713475991333587,4133.52415078114,4918.71584921886,24106,24106,1.62420360014965,1.83649868386509
100,0.5,0.6,0.4,3,1,50,1,0.98,0,0.02,7209.08,15397,2441.10866281562,0,50,0.832467036361098,0.329940822591189,49,0.895045564103622,0.996460740728354,6.93889390390723e-18,0.0713475991333587,6515.32459410442,7902.83540589558,15397,15397,0.737696966952387,0.927237105769809
100,0.5,0.6,0.4,3,1.5,50,1,0.06,0.6,0.34,23253.1,15397,10633.9843287491,0,50,0.597644916981615,0.258802483602515,3,0.020614970348974,0.162170916888382,0.461814377475894,0.723916102697434,20230.9550923786,26275.2449076214,15397,15397,-0.0452560924300389,1.24054592639327
100,0.5,0.6,0.4,5,0.5,50,1,1,0,0,4753.12,37741,1464.02830685247,0,50,2.13379755341423,0.390151855933009,50,0.928652400866641,1,6.93889390390723e-18,0.0713475991333587,4337.04775883579,5169.19224116421,37741,37741,2.02291762279225,2.24467748403621
100,0.5,0.6,0.4,5,1,50,1,1,0,0,7740.76,24106,2611.05321278598,0,50,1.19237664196514,0.346171706050288,50,0.928652400866641,1,6.93889390390723e-18,0.0713475991333587,6998.7068873942,8482.8131126058,24106,24106,1.09399573164406,1.29075755228622
100,0.5,0.6,0.4,5,1.5,50,1,0.36,0.24,0.4,26400.02,24106,14326.7360873982,0,50,0.547895573081973,0.245776807887654,18,0.241387496518467,0.498589831238873,0.142973913969917,0.374126837579429,22328.4066544442,30471.6333455558,24106,24106,0.42567364193286,0.670117504231086
100,0.5,0.6,0.4,10,0.5,50,1,1,0,0,4980.12,92508,1507.7364523669,0,50,2.98550579090299,0.401037850816298,50,0.928652400866641,1,6.93889390390723e-18,0.0713475991333587,4551.62604132104,5408.61395867896,92508,92508,2.87153209476623,3.09947948703975
100,0.5,0.6,0.4,10,1,50,1,1,0,0,8252.7,59088,2765.32471614353,0,50,2.02618534754827,0.353551473039099,50,0.928652400866641,1,6.93889390390723e-18,0.0713475991333587,7466.80341124739,9038.59658875261,59088,59088,1.92570713065467,2.12666356444187
100,0.5,0.6,0.4,10,1.5,50,1,0.86,0,0.14,28528.68,59088,14406.2012943123,0,50,0.97996621871147,0.369343436671722,43,0.738138062894145,0.930491665729837,6.93889390390723e-18,0.0713475991333587,24434.4828925179,32622.8771074821,59088,59088,0.866299086516338,1.0936333509066
100,0.5,0.7,0.2,0.001,0.5,50,1,0,1,0,515.48,71,122.568471492801,0,50,NA,NA,0,6.93889390390723e-18,0.0713475991333587,0.928652400866641,1,480.646425818828,550.313574181172,71,71,NA,NA
100,0.5,0.7,0.2,0.001,1,50,1,0,1,0,695.32,71,171.866160551917,0,50,NA,NA,0,6.93889390390723e-18,0.0713475991333587,0.928652400866641,1,646.476177605021,744.163822394979,71,71,NA,NA
100,0.5,0.7,0.2,0.001,1.5,50,1,0,1,0,1470.1,71,351.647101045166,0,50,NA,NA,0,6.93889390390723e-18,0.0713475991333587,0.928652400866641,1,1370.16299963877,1570.03700036123,71,71,NA,NA
100,0.5,0.7,0.2,0.01,0.5,50,1,0,1,0,872.12,71,190.306910016426,0,50,NA,NA,0,6.93889390390723e-18,0.0713475991333587,0.928652400866641,1,818.035374594223,926.204625405777,71,71,NA,NA
100,0.5,0.7,0.2,0.01,1,50,1,0,1,0,1173.4,71,311.226146532894,0,50,NA,NA,0,6.93889390390723e-18,0.0713475991333587,0.928652400866641,1,1084.9505078073,1261.8494921927,71,71,NA,NA
100,0.5,0.7,0.2,0.01,1.5,50,1,0,1,0,2364.06,71,520.164825133459,0,50,NA,NA,0,6.93889390390723e-18,0.0713475991333587,0.928652400866641,1,2216.23079235758,2511.88920764242,71,71,NA,NA
100,0.5,0.7,0.2,0.1,0.5,50,1,0,1,0,1220,174,298.310343810753,0,50,NA,NA,0,6.93889390390723e-18,0.0713475991333587,0.928652400866641,1,1135.22113832713,1304.77886167287,174,174,NA,NA
100,0.5,0.7,0.2,0.1,1,50,1,0.02,0.98,0,1864.9,174,525.529014325526,0,50,0.449525097902195,NA,1,0.00353925927164624,0.104954435896378,0.895045564103622,0.996460740728354,1715.54630665692,2014.25369334308,174,174,NA,NA
100,0.5,0.7,0.2,0.1,1.5,50,1,0,1,0,3873.64,248.48,926.381566381052,42.2790728375162,50,NA,NA,0,6.93889390390723e-18,0.0713475991333587,0.928652400866641,1,3610.3652718453,4136.9147281547,236.464420446303,260.495579553697,NA,NA
100,0.5,0.7,0.2,0.5,0.5,50,1,0.32,0,0.68,1432.76,1637,309.118467482575,0,50,0.503946991632295,0.153171580956825,16,0.207582162606568,0.458102973081441,6.93889390390723e-18,0.0713475991333587,1344.90950356579,1520.61049643421,1637,1637,0.422327617476521,0.585566365788069
100,0.5,0.7,0.2,0.5,1,50,1,0.04,0.58,0.38,2124.18,1637,576.180657964362,0,50,1.79371138994665,1.26908553274843,2,0.0110388843276198,0.13460090687507,0.442334417685782,0.70624996645288,1960.43126880907,2287.92873119093,1637,1637,-9.60856973353529,13.1959925134286
100,0.5,0.7,0.2,0.5,1.5,50,1,0.02,0.98,0,4427.14,1637,1197.52436829196,0,50,1.34383656414251,NA,1,0.00353925927164624,0.104954435896378,0.895045564103622,0.996460740728354,4086.80734015192,4767.47265984809,1637,1637,NA,NA
100,0.5,0.7,0.2,1,0.5,50,1,1,0,0,1480.04,6145.8,290.633014965188,544.568318084356,50,1.44335087356908,0.275928600533346,50,0.928652400866641,1,6.93889390390723e-18,0.0713475991333587,1397.44301104365,1562.63698895635,5991.03539639783,6300.56460360217,1.36493283295617,1.52176891418199
100,0.5,0.7,0.2,1,1,50,1,1,0,0,2179.74,4012,571.045114555009,0,50,0.681252611953078,0.498199622373099,50,0.928652400866641,1,6.93889390390723e-18,0.0713475991333587,2017.45077409727,2342.02922590273,4012,4012,0.539665845865483,0.822839378040673
100,0.5,0.7,0.2,1,1.5,50,1,0.08,0.24,0.68,4398.16,4012,1224.99355033704,0,50,0.896148851001617,0.896074856567723,4,0.031549514088593,0.188382469183428,0.142973913969917,0.374126837579429,4050.02068499166,4746.29931500834,4012,4012,-0.529706207269172,2.32200390927241
100,0.5,0.7,0.2,3,0.5,50,1,1,0,0,1603.84,24106,411.936460327244,0,50,2.74331135484888,0.266095350133492,50,0.928652400866641,1,6.93889390390723e-18,0.0713475991333587,1486.76895331096,1720.91104668904,24106,24106,2.66768789307891,2.81893481661885
100,0.5,0.7,0.2,3,1,50,1,1,0,0,2245.76,15397,617.359967101522,0,50,1.9992406726871,0.506118400341176,50,0.928652400866641,1,6.93889390390723e-18,0.0713475991333587,2070.3082386408,2421.2117613592,15397,15397,1.85540341480161,2.14307793057259
100,0.5,0.7,0.2,3,1.5,50,1,1,0,0,4563.34,15397,1270.91592570244,0,50,1.27309293546884,0.408546626350249,50,0.928652400866641,1,6.93889390390723e-18,0.0713475991333587,4202.14969031592,4924.53030968408,15397,15397,1.15698526893671,1.38920060200097
100,0.5,0.7,0.2,5,0.5,50,1,1,0,0,1615.66,37741,404.005941055529,0,50,3.18263978070248,0.260024666226653,50,0.928652400866641,1,6.93889390390723e-18,0.0713475991333587,1500.84278195043,1730.47721804957,37741,37741,3.10874158820954,3.25653797319542
100,0.5,0.7,0.2,5,1,50,1,1,0,0,2264.28,24106,612.596282811352,0,50,2.43856249662561,0.505713428716123,50,0.928652400866641,1,6.93889390390723e-18,0.0713475991333587,2090.18206273664,2438.37793726336,24106,24106,2.29484033040252,2.5822846628487
100,0.5,0.7,0.2,5,1.5,50,1,1,0,0,4563.34,24106,1270.91592570244,0,50,1.72138102238721,0.408546626350249,50,0.928652400866641,1,6.93889390390723e-18,0.0713475991333587,4202.14969031592,4924.53030968408,24106,24106,1.60527335585508,1.83748868891934
100,0.5,0.7,0.2,10,0.5,50,1,1,0,0,1676.34,92508,427.608375569449,0,50,4.04333966802336,0.263801810808916,50,0.928652400866641,1,6.93889390390723e-18,0.0713475991333587,1554.81504427953,1797.86495572047,92508,92508,3.96836802291739,4.11831131312933
100,0.5,0.7,0.2,10,1,50,1,1,0,0,2340.76,59088,695.793675728426,0,50,3.3082388626811,0.519547008052455,50,0.928652400866641,1,6.93889390390723e-18,0.0713475991333587,2143.01762528417,2538.50237471583,59088,59088,3.16058523671038,3.45589248865182
100,0.5,0.7,0.2,10,1.5,50,1,1,0,0,4563.34,59088,1270.91592570244,0,50,2.61794810833126,0.408546626350249,50,0.928652400866641,1,6.93889390390723e-18,0.0713475991333587,4202.14969031592,4924.53030968408,59088,59088,2.50184044179913,2.73405577486339
100,0.5,0.7,0.3,0.001,0.5,50,1,0,1,0,649.02,71,140.989432228093,0,50,NA,NA,0,6.93889390390723e-18,0.0713475991333587,0.928652400866641,1,608.951246702648,689.088753297352,71,71,NA,NA
100,0.5,0.7,0.3,0.001,1,50,1,0,0.98,0.02,912.54,71,244.771797928651,0,50,NA,NA,0,6.93889390390723e-18,0.0713475991333587,0.895045564103622,0.996460740728354,842.976624714641,982.103375285359,71,71,NA,NA
100,0.5,0.7,0.3,0.001,1.5,50,1,0,1,0,2154.2,71,551.611553652069,0,50,NA,NA,0,6.93889390390723e-18,0.0713475991333587,0.928652400866641,1,1997.43373099697,2310.96626900303,71,71,NA,NA
100,0.5,0.7,0.3,0.01,0.5,50,1,0,1,0,973.14,71,160.407899698594,0,50,NA,NA,0,6.93889390390723e-18,0.0713475991333587,0.928652400866641,1,927.552579308985,1018.72742069101,71,71,NA,NA
100,0.5,0.7,0.3,0.01,1,50,1,0,0.98,0.02,1417.52,71,369.852603845679,0,50,NA,NA,0,6.93889390390723e-18,0.0713475991333587,0.895045564103622,0.996460740728354,1312.40905299015,1522.63094700985,71,71,NA,NA
100,0.5,0.7,0.3,0.01,1.5,50,1,0,1,0,2739.28,71,602.977375958972,0,50,NA,NA,0,6.93889390390723e-18,0.0713475991333587,0.928652400866641,1,2567.91572581739,2910.64427418261,71,71,NA,NA
100,0.5,0.7,0.3,0.1,0.5,50,1,0,1,0,1572.78,174,251.373069361059,0,50,NA,NA,0,6.93889390390723e-18,0.0713475991333587,0.928652400866641,1,1501.34056413128,1644.21943586872,174,174,NA,NA
100,0.5,0.7,0.3,0.1,1,50,1,0.02,0.98,0,2222.68,174,582.065373984604,0,50,0.896375422173214,NA,1,0.00353925927164624,0.104954435896378,0.895045564103622,0.996460740728354,2057.25885102063,2388.10114897937,174,174,NA,NA
100,0.5,0.7,0.3,0.1,1.5,50,1,0,1,0,4618.62,256.32,1067.52440855333,36.292147911084,50,NA,NA,0,6.93889390390723e-18,0.0713475991333587,0.928652400866641,1,4315.2329199242,4922.00708007579,246.005885684484,266.634114315516,NA,NA
100,0.5,0.7,0.3,0.5,0.5,50,1,0.08,0.24,0.68,1811.96,1637,455.270404511967,0,50,0.447891932746267,0,4,0.031549514088593,0.188382469183428,0.142973913969917,0.374126837579429,1682.57358263743,1941.34641736257,1637,1637,0.447891932746267,0.447891932746267
100,0.5,0.7,0.3,0.5,1,50,1,0.06,0.84,0.1,2576.6,1637,838.694977513352,0,50,1.64353516933293,1.29419315339928,3,0.020614970348974,0.162170916888382,0.71485783936965,0.916625793219666,2338.24552467064,2814.95447532936,1637,1637,-1.5714188493153,4.85848918798116
100,0.5,0.7,0.3,0.5,1.5,50,1,0,1,0,5506.88,1637,1309.41269963262,0,50,NA,NA,0,6.93889390390723e-18,0.0713475991333587,0.928652400866641,1,5134.74902821824,5879.01097178176,1637,1637,NA,NA
100,0.5,0.7,0.3,1,0.5,50,1,1,0,0,1916.38,5918.8,489.111559829845,840.644650593477,50,1.14752638307195,0.328538350009808,50,0.928652400866641,1,6.93889390390723e-18,0.0713475991333587,1777.37603270975,2055.38396729025,5679.89143371203,6157.70856628797,1.05415681708941,1.24089594905449
100,0.5,0.7,0.3,1,1,50,1,0.82,0,0.18,2594.62,4012,858.257035140025,0,50,0.655842724616462,0.610514862945326,41,0.692039463256992,0.902298073297658,6.93889390390723e-18,0.0713475991333587,2350.70604940612,2838.53395059388,4012,4012,0.463140456292257,0.848544992940667
100,0.5,0.7,0.3,1,1.5,50,1,0.02,0.7,0.28,5643.08,4012,1263.17086988681,0,50,0.448111422717755,NA,1,0.00353925927164624,0.104954435896378,0.562496495355466,0.808964464991191,5284.09081082436,6002.06918917564,4012,4012,NA,NA
100,0.5,0.7,0.3,3,0.5,50,1,1,0,0,2046.02,24106,520.25109675374,0,50,2.50127867822532,0.273013907298867,50,0.928652400866641,1,6.93889390390723e-18,0.0713475991333587,1898.16627423438,2193.87372576562,24106,24106,2.42368898426438,2.57886837218626
100,0.5,0.7,0.3,3,1,50,1,1,0,0,2631.66,15397,835.353783295022,0,50,1.86474132337387,0.603159420018274,50,0.928652400866641,1,6.93889390390723e-18,0.0713475991333587,2394.25508156109,2869.06491843891,15397,15397,1.69332531284205,2.03615733390569
100,0.5,0.7,0.3,3,1.5,50,1,1,0,0,5785.2,15397,1508.49618318837,0,50,1.01307052884724,0.268851616787696,50,0.928652400866641,1,6.93889390390723e-18,0.0713475991333587,5356.49012821055,6213.90987178944,15397,15397,0.936663744761234,1.08947731293325
100,0.5,0.7,0.3,5,0.5,50,1,1,0,0,2101.58,37741,523.0984255923,0,50,2.92266615379428,0.275255744086484,50,0.928652400866641,1,6.93889390390723e-18,0.0713475991333587,1952.9170723319,2250.2429276681,37741,37741,2.84443933686776,3.0008929707208
100,0.5,0.7,0.3,5,1,50,1,1,0,0,2613.14,24378.7,847.089446882918,1928.28019229572,50,2.33096139856227,0.627418519477435,50,0.928652400866641,1,6.93889390390723e-18,0.0713475991333587,2372.39984287226,2853.88015712774,23830.6888328349,24926.7111671651,2.152651028247,2.50927176887754
100,0.5,0.7,0.3,5,1.5,50,1,1,0,0,5830.6,24106,1488.06126437409,0,50,1.45239064514527,0.265008668894902,50,0.928652400866641,1,6.93889390390723e-18,0.0713475991333587,5407.69766787988,6253.50233212012,24106,24106,1.37707601476623,1.52770527552431
100,0.5,0.7,0.3,10,0.5,50,1,1,0,0,2223.16,92508,573.052099351733,0,50,3.76542070103107,0.286343168108034,50,0.928652400866641,1,6.93889390390723e-18,0.0713475991333587,2060.30039532901,2386.01960467099,92508,92508,3.68404287306208,3.84679852900006
100,0.5,0.7,0.3,10,1,50,1,1,0,0,2631.66,59088,835.353783295022,0,50,3.2095964962363,0.603159420018274,50,0.928652400866641,1,6.93889390390723e-18,0.0713475991333587,2394.25508156109,2869.06491843891,59088,59088,3.03818048570448,3.38101250676812
100,0.5,0.7,0.3,10,1.5,50,1,1,0,0,6251.04,59088,1770.96017954979,0,50,2.28619309517036,0.289979004037152,50,0.928652400866641,1,6.93889390390723e-18,0.0713475991333587,5747.7386857638,6754.3413142362,59088,59088,2.20378197406322,2.3686042162775
100,0.5,0.7,0.4,0.001,0.5,50,1,0,1,0,841.52,71,206.059852608757,0,50,NA,NA,0,6.93889390390723e-18,0.0713475991333587,0.928652400866641,1,782.958437844678,900.081562155322,71,71,NA,NA
100,0.5,0.7,0.4,0.001,1,50,1,0,1,0,1317,71,353.034195025274,0,50,NA,NA,0,6.93889390390723e-18,0.0713475991333587,0.928652400866641,1,1216.66879189135,1417.33120810865,71,71,NA,NA
100,0.5,0.7,0.4,0.001,1.5,50,1,0,1,0,3430.7,71,1177.04353343104,0,50,NA,NA,0,6.93889390390723e-18,0.0713475991333587,0.928652400866641,1,3096.18792901732,3765.21207098268,71,71,NA,NA
100,0.5,0.7,0.4,0.01,0.5,50,1,0,1,0,1144.82,71,238.966455676891,0,50,NA,NA,0,6.93889390390723e-18,0.0713475991333587,0.928652400866641,1,1076.90648472767,1212.73351527233,71,71,NA,NA
100,0.5,0.7,0.4,0.01,1,50,1,0,1,0,1698.4,71,331.57398287931,0,50,NA,NA,0,6.93889390390723e-18,0.0713475991333587,0.928652400866641,1,1604.16771670151,1792.63228329849,71,71,NA,NA
100,0.5,0.7,0.4,0.01,1.5,50,1,0,1,0,3639.12,71,868.348670683356,0,50,NA,NA,0,6.93889390390723e-18,0.0713475991333587,0.928652400866641,1,3392.33803831789,3885.90196168211,71,71,NA,NA
100,0.5,0.7,0.4,0.1,0.5,50,1,0,1,0,1934.9,174,495.802596086098,0,50,NA,NA,0,6.93889390390723e-18,0.0713475991333587,0.928652400866641,1,1793.99446124571,2075.80553875429,174,174,NA,NA
100,0.5,0.7,0.4,0.1,1,50,1,0,1,0,2912.3,174,752.443509304106,0,50,NA,NA,0,6.93889390390723e-18,0.0713475991333587,0.928652400866641,1,2698.4579207176,3126.1420792824,174,174,NA,NA
100,0.5,0.7,0.4,0.1,1.5,50,1,0,1,0,5924.72,248.48,1241.6830914496,42.2790728375162,50,NA,NA,0,6.93889390390723e-18,0.0713475991333587,0.928652400866641,1,5571.83756988781,6277.60243011219,236.464420446303,260.495579553697,NA,NA
100,0.5,0.7,0.4,0.5,0.5,50,1,0.04,0.82,0.14,2372.68,1637,423.634056560082,0,50,0.447891932746267,0,2,0.0110388843276198,0.13460090687507,0.692039463256992,0.902298073297658,2252.28453324472,2493.07546675528,1637,1637,0.447891932746267,0.447891932746267
100,0.5,0.7,0.4,0.5,1,50,1,0.02,0.96,0.02,3466.78,1637,1010.74166121432,0,50,0.896332403834489,NA,1,0.00353925927164624,0.104954435896378,0.86539909312493,0.98896111567238,3179.53039816436,3754.02960183564,1637,1637,NA,NA
100,0.5,0.7,0.4,0.5,1.5,50,1,0,1,0,7942.74,1637,2364.34515945985,0,50,NA,NA,0,6.93889390390723e-18,0.0713475991333587,0.928652400866641,1,7270.80054037496,8614.67945962504,1637,1637,NA,NA
100,0.5,0.7,0.4,1,0.5,50,1,0.98,0,0.02,2544.16,6145.8,578.759029902668,544.568318084356,50,0.923949370658263,0.265280774353716,49,0.895045564103622,0.996460740728354,6.93889390390723e-18,0.0713475991333587,2379.6785036119,2708.6414963881,5991.03539639783,6300.56460360217,0.847751835594684,1.00014690572184
100,0.5,0.7,0.4,1,1,50,1,0.36,0.04,0.6,3524.74,4012,998.481107911984,0,50,0.547720239485553,0.328137511301793,18,0.241387496518467,0.498589831238873,0.0110388843276198,0.13460090687507,3240.97480885952,3808.50519114048,4012,4012,0.384541294090097,0.710899184881009
100,0.5,0.7,0.4,1,1.5,50,1,0,0.9,0.1,8560.7,4012,2906.95485703104,0,50,NA,NA,0,6.93889390390723e-18,0.0713475991333587,0.786397685625204,0.95652423506811,7734.55257056374,9386.84742943626,4012,4012,NA,NA
100,0.5,0.7,0.4,3,0.5,50,1,1,0,0,2899.98,24106,809.809362549896,0,50,2.16062962719818,0.309547110995157,50,0.928652400866641,1,6.93889390390723e-18,0.0713475991333587,2669.83472561232,3130.12527438768,24106,24106,2.07265731162557,2.24860194277079
100,0.5,0.7,0.4,3,1,50,1,1,0,0,3789.42,15397,1068.60082255217,0,50,1.45241684815542,0.357190271583043,50,0.928652400866641,1,6.93889390390723e-18,0.0713475991333587,3485.72700645052,4093.11299354948,15397,15397,1.35090449615785,1.55392920015299
100,0.5,0.7,0.4,3,1.5,50,1,0.78,0.02,0.2,10314.96,15397,3791.0050897096,0,50,0.609149468048312,0.281420555613591,39,0.647584504187463,0.872460840297856,0.00353925927164624,0.104954435896378,9237.56827433622,11392.3517256638,15397,15397,0.517923477177679,0.700375458918946
100,0.5,0.7,0.4,5,0.5,50,1,1,0,0,2947.48,37741,803.848225089533,0,50,2.59098740027249,0.30419853848218,50,0.928652400866641,1,6.93889390390723e-18,0.0713475991333587,2719.02886213373,3175.93113786627,37741,37741,2.50453513218946,2.67743966835552
100,0.5,0.7,0.4,5,1,50,1,1,0,0,3834.82,24106,1124.98374936109,0,50,1.89173696445345,0.365478044182674,50,0.928652400866641,1,6.93889390390723e-18,0.0713475991333587,3515.10315594778,4154.53684405222,24106,24106,1.787869253544,1.9956046753629
100,0.5,0.7,0.4,5,1.5,50,1,0.96,0.02,0.02,11277.86,24106,5478.28486868372,0,50,0.896531196700298,0.369885371992288,48,0.86539909312493,0.98896111567238,0.00353925927164624,0.104954435896378,9720.94866681025,12834.7713331898,24106,24106,0.789127680443559,1.00393471295704
100,0.5,0.7,0.4,10,0.5,50,1,1,0,0,3133.18,92508,832.407393635828,0,50,3.42480428148188,0.296983234993699,50,0.928652400866641,1,6.93889390390723e-18,0.0713475991333587,2896.6124362373,3369.7475637627,92508,92508,3.34040257996172,3.50920598300204
100,0.5,0.7,0.4,10,1,50,1,1,0,0,4076.48,59088,1186.612916615,0,50,2.72554719019358,0.3604074605567,50,0.928652400866641,1,6.93889390390723e-18,0.0713475991333587,3739.2483404074,4413.7116595926,59088,59088,2.62312052320616,2.827973857181
100,0.5,0.7,0.4,10,1.5,50,1,1,0,0,12227.82,59088,6005.48799250846,0,50,1.67654929204843,0.451091467780059,50,0.928652400866641,1,6.93889390390723e-18,0.0713475991333587,10521.0791968117,13934.5608031883,59088,59088,1.54835051536438,1.80474806873248
100,1,0.5,0.2,0.001,0.5,50,1,0,1,0,849.44,71,190.766034712681,0,50,NA,NA,0,6.93889390390723e-18,0.0713475991333587,0.928652400866641,1,795.224892799267,903.655107200733,71,71,NA,NA
100,1,0.5,0.2,0.001,1,50,1,0,1,0,1298.48,71,307.715694385952,0,50,NA,NA,0,6.93889390390723e-18,0.0713475991333587,0.928652400866641,1,1211.02816726883,1385.93183273117,71,71,NA,NA
100,1,0.5,0.2,0.001,1.5,50,1,0,1,0,2897.04,71,833.19904670407,0,50,NA,NA,0,6.93889390390723e-18,0.0713475991333587,0.928652400866641,1,2660.24745092466,3133.83254907534,71,71,NA,NA
100,1,0.5,0.2,0.01,0.5,50,1,0,1,0,1463.96,71,285.087595561184,0,50,NA,NA,0,6.93889390390723e-18,0.0713475991333587,0.928652400866641,1,1382.93900180067,1544.98099819933,71,71,NA,NA
100,1,0.5,0.2,0.01,1,50,1,0,1,0,2254.86,71,461.052832866123,0,50,NA,NA,0,6.93889390390723e-18,0.0713475991333587,0.928652400866641,1,2123.83023468205,2385.88976531795,71,71,NA,NA
100,1,0.5,0.2,0.01,1.5,50,1,0,1,0,4981.82,71,1181.79955636672,0,50,NA,NA,0,6.93889390390723e-18,0.0713475991333587,0.928652400866641,1,4645.95628225433,5317.68371774567,71,71,NA,NA
100,1,0.5,0.2,0.1,0.5,50,1,0,1,0,2719.4,174,691.117905413883,0,50,NA,NA,0,6.93889390390723e-18,0.0713475991333587,0.928652400866641,1,2522.98646450458,2915.81353549542,174,174,NA,NA
100,1,0.5,0.2,0.1,1,50,1,0,1,0,5009.24,174,1543.50963134048,0,50,NA,NA,0,6.93889390390723e-18,0.0713475991333587,0.928652400866641,1,4570.57941634566,5447.90058365434,174,174,NA,NA
100,1,0.5,0.2,0.1,1.5,50,1,0,1,0,11214.14,203.4,3143.74893847509,45.365184888855,50,NA,NA,0,6.93889390390723e-18,0.0713475991333587,0.928652400866641,1,10320.6964372173,12107.5835627827,190.507357105605,216.292642894395,NA,NA
100,1,0.5,0.2,0.5,0.5,50,1,0.02,0.96,0.02,4230.7,1637,1288.29742493806,0,50,0.447891932746267,NA,1,0.00353925927164624,0.104954435896378,0.86539909312493,0.98896111567238,3864.56992288936,4596.83007711064,1637,1637,NA,NA
100,1,0.5,0.2,0.5,1,50,1,0,1,0,7316.3,1637,2367.7077802493,0,50,NA,NA,0,6.93889390390723e-18,0.0713475991333587,0.928652400866641,1,6643.40489412037,7989.19510587963,1637,1637,NA,NA
100,1,0.5,0.2,0.5,1.5,50,1,0,1,0,15429.5,1637,5684.07015801393,0,50,NA,NA,0,6.93889390390723e-18,0.0713475991333587,0.928652400866641,1,13814.1051346753,17044.8948653247,1637,1637,NA,NA
100,1,0.5,0.2,1,0.5,50,1,0.1,0.44,0.46,5048.74,4012,1824.33189123793,0,50,0.627352439065596,0.400795096909923,5,0.0434757649318904,0.213602314374797,0.311621992112572,0.576939719783431,4530.2706131296,5567.2093868704,4012,4012,0.129699596575956,1.12500528155524
100,1,0.5,0.2,1,1,50,1,0.04,0.94,0.02,8492.78,4012,3842.64326696388,0,50,0.448111422717755,0,2,0.0110388843276198,0.13460090687507,0.837829083111618,0.979385029651026,7400.71286673703,9584.84713326297,4012,4012,0.448111422717755,0.448111422717755
100,1,0.5,0.2,1,1.5,50,1,0,0.98,0.02,16134.34,4012,5890.9306655681,0,50,NA,NA,0,6.93889390390723e-18,0.0713475991333587,0.895045564103622,0.996460740728354,14460.1560289022,17808.5239710978,4012,4012,NA,NA
100,1,0.5,0.2,3,0.5,50,1,0.92,0,0.08,7101.8,15397,3343.35459058224,0,50,0.964714362106135,0.452883589900527,46,0.811617530816572,0.968450485911407,6.93889390390723e-18,0.0713475991333587,6151.62913854931,8051.97086145069,15397,15397,0.830224537008174,1.0992041872041
100,1,0.5,0.2,3,1,50,1,0.7,0.06,0.24,10623.96,15285.76,5085.98751256422,786.585583391916,50,0.717185149618094,0.363847583938405,35,0.562496495355466,0.808964464991191,0.020614970348974,0.162170916888382,9178.5383418387,12069.3816581613,15062.2148506217,15509.3051493783,0.592199131545847,0.842171167690341
100,1,0.5,0.2,3,1.5,50,1,0.06,0.72,0.22,18386.96,11169.88,8513.87421095708,2399.55309308434,50,0.747111093987204,0.517685496189278,3,0.020614970348974,0.162170916888382,0.583348763040434,0.825258293340888,15967.3437211598,20806.5762788402,10487.9345563504,11851.8254436496,-0.538890969922763,2.03311315789717
100,1,0.5,0.2,5,0.5,50,1,1,0,0,7846.66,24106,3505.93057669022,0,50,1.23720061642543,0.524619880722675,50,0.928652400866641,1,6.93889390390723e-18,0.0713475991333587,6850.28555451831,8843.03444548169,24106,24106,1.0881052959935,1.38629593685736
100,1,0.5,0.2,5,1,50,1,0.92,0.02,0.06,11759.86,24106,6212.00656402008,0,50,0.925760576400912,0.44727722711336,46,0.811617530816572,0.968450485911407,0.00353925927164624,0.104954435896378,9994.42726818666,13525.2927318133,24106,24106,0.792935635541409,1.05858551726041
100,1,0.5,0.2,5,1.5,50,1,0.64,0.06,0.3,18596.72,23931.82,8810.38859908794,1231.63859147073,50,0.588364944699477,0.288888971348574,32,0.501410168761127,0.758612503481533,0.020614970348974,0.162170916888382,16092.8352644438,21100.6047355562,23581.7921851968,24281.8478148032,0.484209363594676,0.692520525804278
100,1,0.5,0.2,10,0.5,50,1,1,0,0,10345.18,59088,5336.14117125773,0,50,1.88273616328312,0.579857502268315,50,0.928652400866641,1,6.93889390390723e-18,0.0713475991333587,8828.66545864725,11861.6945413527,59088,59088,1.71794248450286,2.04752984206338
100,1,0.5,0.2,10,1,50,1,0.98,0.02,0,13541.66,43291.22,8821.39982091324,9458.58881326212,50,1.33567007592954,0.596440378354923,49,0.895045564103622,0.996460740728354,0.00353925927164624,0.104954435896378,11034.6459098259,16048.6740901741,40603.1188018438,45979.3211981562,1.16435239656226,1.50698775529682
100,1,0.5,0.2,10,1.5,50,1,0.92,0.04,0.04,20515.62,37741,10468.0318519124,0,50,0.799111258179684,0.38865404421735,46,0.811617530816572,0.968450485911407,0.0110388843276198,0.13460090687507,17540.6382644574,23490.6017355426,37741,37741,0.683695253722805,0.914527262636563
100,1,0.5,0.3,0.001,0.5,50,1,0,1,0,1190.98,71,322.536534238166,0,50,NA,NA,0,6.93889390390723e-18,0.0713475991333587,0.928652400866641,1,1099.31613118702,1282.64386881298,71,71,NA,NA
100,1,0.5,0.3,0.001,1,50,1,0,1,0,2138.58,71,628.620682810503,0,50,NA,NA,0,6.93889390390723e-18,0.0713475991333587,0.928652400866641,1,1959.92797864568,2317.23202135432,71,71,NA,NA
100,1,0.5,0.3,0.001,1.5,50,1,0,1,0,5784.48,71,2045.814734565,0,50,NA,NA,0,6.93889390390723e-18,0.0713475991333587,0.928652400866641,1,5203.0658855098,6365.8941144902,71,71,NA,NA
100,1,0.5,0.3,0.01,0.5,50,1,0,1,0,1879.8,71,557.989503229483,0,50,NA,NA,0,6.93889390390723e-18,0.0713475991333587,0.928652400866641,1,1721.22113778256,2038.37886221744,71,71,NA,NA
100,1,0.5,0.3,0.01,1,50,1,0,1,0,3471.84,71,738.796604524644,0,50,NA,NA,0,6.93889390390723e-18,0.0713475991333587,0.928652400866641,1,3261.87632814317,3681.80367185683,71,71,NA,NA
100,1,0.5,0.3,0.01,1.5,50,1,0,1,0,7542.04,71,2366.72492180866,0,50,NA,NA,0,6.93889390390723e-18,0.0713475991333587,0.928652400866641,1,6869.4242193986,8214.6557806014,71,71,NA,NA
100,1,0.5,0.3,0.1,0.5,50,1,0,1,0,4010.24,174,1358.74160808854,0,50,NA,NA,0,6.93889390390723e-18,0.0713475991333587,0.928652400866641,1,3624.08990755003,4396.39009244997,174,174,NA,NA
100,1,0.5,0.3,0.1,1,50,1,0,1,0,8840.92,174,2553.6857224372,0,50,NA,NA,0,6.93889390390723e-18,0.0713475991333587,0.928652400866641,1,8115.17054775901,9566.66945224099,174,174,NA,NA
100,1,0.5,0.3,0.1,1.5,50,1,0,1,0,20697.4,197.52,7281.84875605931,42.2790728375162,50,NA,NA,0,6.93889390390723e-18,0.0713475991333587,0.928652400866641,1,18627.9214813325,22766.8785186675,185.504420446303,209.535579553697,NA,NA
100,1,0.5,0.3,0.5,0.5,50,1,0.02,0.98,0,7010.96,1637,2890.58225163537,0,50,1.34383656414251,NA,1,0.00353925927164624,0.104954435896378,0.895045564103622,0.996460740728354,6189.46561353346,7832.45438646654,1637,1637,NA,NA
100,1,0.5,0.3,0.5,1,50,1,0,1,0,14798.92,1637,6063.60740557794,0,50,NA,NA,0,6.93889390390723e-18,0.0713475991333587,0.928652400866641,1,13075.6618423741,16522.1781576259,1637,1637,NA,NA
100,1,0.5,0.3,0.5,1.5,50,1,0,1,0,31392.06,1637,12456.8584721962,0,50,NA,NA,0,6.93889390390723e-18,0.0713475991333587,0.928652400866641,1,27851.8599928465,34932.2600071535,1637,1637,NA,NA
100,1,0.5,0.3,1,0.5,50,1,0.04,0.88,0.08,9803.68,4012,4452.77044894753,0,50,1.79228882015508,0.633528524427966,2,0.0110388843276198,0.13460090687507,0.76195182616797,0.943823998490677,8538.2166401648,11069.1433598352,4012,4012,-3.89973913924354,7.4843167795537
100,1,0.5,0.3,1,1,50,1,0.02,0.96,0.02,19043.98,4012,8555.47557449113,0,50,0.448111422717755,NA,1,0.00353925927164624,0.104954435896378,0.86539909312493,0.98896111567238,16612.5407444591,21475.4192555409,4012,4012,NA,NA
100,1,0.5,0.3,1,1.5,50,1,0,1,0,39500.82,4012,16088.5548223904,0,50,NA,NA,0,6.93889390390723e-18,0.0713475991333587,0.928652400866641,1,34928.503310006,44073.136689994,4012,4012,NA,NA
100,1,0.5,0.3,3,0.5,50,1,0.36,0.3,0.34,16176.36,15397,9194.99460278831,0,50,0.921352907804489,0.775812170402606,18,0.241387496518467,0.498589831238873,0.191035535008809,0.437503504644534,13563.1714475874,18789.5485524126,15397,15397,0.535550591912525,1.30715522369645
100,1,0.5,0.3,3,1,50,1,0.12,0.72,0.16,32435.5,15174.52,22818.4622129824,1100.99046762264,50,0.82179633110683,0.595829892507432,6,0.0561760015093228,0.23804817383203,0.583348763040434,0.825258293340888,25950.5647918223,38920.4352081777,14861.6219711709,15487.4180288291,0.196511206594138,1.44708145561952
100,1,0.5,0.3,3,1.5,50,1,0,1,0,52569.34,11169.88,28217.9415285122,2399.55309308434,50,NA,NA,0,6.93889390390723e-18,0.0713475991333587,0.928652400866641,1,44549.8897490345,60588.7902509655,10487.9345563504,11851.8254436496,NA,NA
100,1,0.5,0.3,5,0.5,50,1,0.44,0.2,0.36,21161.98,24106,12094.3443950687,0,50,1.05950055304019,0.836128981543947,22,0.311621992112572,0.576939719783431,0.112437500157761,0.330371059322254,17724.8053536391,24599.1546463609,24106,24106,0.688781730864327,1.43021937521605
100,1,0.5,0.3,5,1,50,1,0.14,0.52,0.34,40181.02,24106,30380.8724105837,0,50,0.960588413549899,0.751363495109162,7,0.0695083342701629,0.261861937105855,0.385117448900446,0.652028647134219,31546.8715936951,48815.1684063049,24106,24106,0.265693079656807,1.65548374744299
100,1,0.5,0.3,5,1.5,50,1,0.06,0.9,0.04,63680.1,23931.82,35083.5094050391,1231.63859147073,50,0.44828808691837,0,3,0.020614970348974,0.162170916888382,0.786397685625204,0.95652423506811,53709.476947333,73650.723052667,23581.7921851968,24281.8478148032,0.44828808691837,0.44828808691837
100,1,0.5,0.3,10,0.5,50,1,0.8,0.06,0.14,32942.06,59088,22646.759951535,0,50,1.16550076673588,0.929179108111863,40,0.669628940677746,0.887562499842239,0.020614970348974,0.162170916888382,26505.9220346071,39378.1979653929,59088,59088,0.868334871289867,1.46266666218189
100,1,0.5,0.3,10,1,50,1,0.4,0.34,0.26,58981.24,44572.04,51698.0297001733,10058.9640902926,50,0.874153737317312,0.492683724519756,20,0.276083897302565,0.538185622524106,0.224369492225001,0.478461739497674,44288.8225238859,73673.6574761141,41713.3140359944,47430.7659640056,0.643570656433443,1.10473681820118
100,1,0.5,0.3,10,1.5,50,1,0.08,0.76,0.16,86813.54,37741,64028.8625910413,0,50,0.672430307967716,0.258819247656823,4,0.031549514088593,0.188382469183428,0.625873162420571,0.857026086030083,68616.7385906579,105010.341409342,37741,37741,0.260591128746833,1.0842694871886
100,1,0.5,0.4,0.001,0.5,50,1,0,1,0,3174.24,71,1233.37131406862,0,50,NA,NA,0,6.93889390390723e-18,0.0713475991333587,0.928652400866641,1,2823.71975088306,3524.76024911694,71,71,NA,NA
100,1,0.5,0.4,0.001,1,50,1,0,1,0,7446.06,71,3629.53322129579,0,50,NA,NA,0,6.93889390390723e-18,0.0713475991333587,0.928652400866641,1,6414.55807159045,8477.56192840955,71,71,NA,NA
100,1,0.5,0.4,0.001,1.5,50,1,0,0.98,0.02,22247.6,71,14313.0391487437,0,50,NA,NA,0,6.93889390390723e-18,0.0713475991333587,0.895045564103622,0.996460740728354,18179.8792813398,26315.3207186602,71,71,NA,NA
100,1,0.5,0.4,0.01,0.5,50,1,0,1,0,3784.6,71,1083.4084725381,0,50,NA,NA,0,6.93889390390723e-18,0.0713475991333587,0.928652400866641,1,3476.69871888724,4092.50128111276,71,71,NA,NA
100,1,0.5,0.4,0.01,1,50,1,0,1,0,7421.56,71,2041.46897050899,0,50,NA,NA,0,6.93889390390723e-18,0.0713475991333587,0.928652400866641,1,6841.38093798924,8001.73906201076,71,71,NA,NA
100,1,0.5,0.4,0.01,1.5,50,1,0,0.98,0.02,20759.46,71,6795.0859020865,0,50,NA,NA,0,6.93889390390723e-18,0.0713475991333587,0.895045564103622,0.996460740728354,18828.3179538036,22690.6020461963,71,71,NA,NA
100,1,0.5,0.4,0.1,0.5,50,1,0,1,0,10989.88,174,3839.17980526347,0,50,NA,NA,0,6.93889390390723e-18,0.0713475991333587,0.928652400866641,1,9898.79717166141,12080.9628283386,174,174,NA,NA
100,1,0.5,0.4,0.1,1,50,1,0,1,0,24431.36,174,8566.10527736247,0,50,NA,NA,0,6.93889390390723e-18,0.0713475991333587,0.928652400866641,1,21996.8998163282,26865.8201836718,174,174,NA,NA
100,1,0.5,0.4,0.1,1.5,50,1,0.02,0.98,0,62202.5,205.36,25329.3187233647,46.1787830069178,50,0.896375422173214,NA,1,0.00353925927164624,0.104954435896378,0.895045564103622,0.996460740728354,55003.9872669706,69401.0127330294,192.236135078814,218.483864921186,NA,NA
100,1,0.5,0.4,0.5,0.5,50,1,0.02,0.98,0,29361.06,1637,13016.0951469278,0,50,1.34383656414251,NA,1,0.00353925927164624,0.104954435896378,0.895045564103622,0.996460740728354,25661.9266884099,33060.1933115901,1637,1637,NA,NA
100,1,0.5,0.4,0.5,1,50,1,0,1,0,81151.82,1637,37383.3634130074,0,50,NA,NA,0,6.93889390390723e-18,0.0713475991333587,0.928652400866641,1,70527.5856701692,91776.0543298308,1637,1637,NA,NA
100,1,0.5,0.4,0.5,1.5,50,0.98,0.02,0.96,0,199410.326530612,1637,108363.095026126,0,49,3.13794070032982,NA,1,0.00353925927164624,0.104954435896378,0.86539909312493,0.98896111567238,168284.811487288,230535.841573936,1637,1637,NA,NA
100,1,0.5,0.4,1,0.5,50,1,0.02,0.96,0.02,48986.68,4012,25535.0510614691,0,50,2.2402611358532,NA,1,0.00353925927164624,0.104954435896378,0.86539909312493,0.98896111567238,41729.6987834076,56243.6612165924,4012,4012,NA,NA
100,1,0.5,0.4,1,1,50,1,0,0.98,0.02,138024.66,4012,77842.161103411,0,50,NA,NA,0,6.93889390390723e-18,0.0713475991333587,0.895045564103622,0.996460740728354,115902.162589419,160147.157410581,4012,4012,NA,NA
100,1,0.5,0.4,1,1.5,50,0.68,0.02,0.66,0,232261.794117647,4012,106693.227777126,0,34,4.03436527204051,NA,1,0.00353925927164624,0.104954435896378,0.521538260502326,0.775630507774999,195034.767045326,269488.821189968,4012,4012,NA,NA
100,1,0.5,0.4,3,0.5,50,1,0.08,0.9,0.02,118760.56,15397,71923.9056861444,0,50,1.56868407092187,1.39325494316759,4,0.031549514088593,0.188382469183428,0.786397685625204,0.95652423506811,98320.0121690263,139201.107830974,15397,15397,-0.64829545217911,3.78566359402285
100,1,0.5,0.4,3,1,50,0.68,0.04,0.64,0,225618.058823529,15397,108526.737933196,0,34,0.896554024277426,0.634032656451628,2,0.0110388843276198,0.13460090687507,0.501410168761127,0.758612503481533,187751.289814072,263484.827832986,15397,15397,-4.80000338164691,6.59311143020177
100,1,0.5,0.4,3,1.5,50,0.26,0.02,0.24,0,265012.692307692,11546.3846153846,132308.633113631,2671.89837439168,13,5.3792480871886,NA,1,0.00353925927164624,0.104954435896378,0.142973913969917,0.374126837579429,185059.38550952,344965.999105864,9931.77258717473,13160.9966435945,NA,NA
100,1,0.5,0.4,5,0.5,50,0.98,0.1,0.86,0.02,183460.653061224,24106,112140.736454903,0,49,1.70323534365586,1.39571610486105,5,0.0434757649318904,0.213602314374797,0.738138062894145,0.930491665729837,151250.072709537,215671.233412911,24106,24106,-0.0297750954632954,3.43624578277502
100,1,0.5,0.4,5,1,50,0.44,0.04,0.4,0,230614.363636364,24106,122928.94954076,0,22,1.3448421111958,0.634032656451628,2,0.0110388843276198,0.13460090687507,0.276083897302565,0.538185622524106,176110.720788204,285118.006484523,24106,24106,-4.35171529472854,7.04139951712014
100,1,0.5,0.4,5,1.5,50,0.12,0.02,0.1,0,208347.833333333,24106,164156.965883774,0,6,5.82753617410697,NA,1,0.00353925927164624,0.104954435896378,0.0434757649318904,0.213602314374797,36075.6627977114,380620.003868955,24106,24106,NA,NA
100,1,0.5,0.4,10,0.5,50,0.72,0.12,0.58,0.02,222777.333333333,59088,123053.953082145,0,36,1.79294333040833,1.7927471387263,6,0.0561760015093228,0.23804817383203,0.442334417685782,0.70624996645288,181141.865707565,264412.800959101,59088,59088,-0.0884294102925995,3.67431607110926
100,1,0.5,0.4,10,1,50,0.16,0.04,0.12,0,178258.75,43077.75,136559.037735908,9881.74083492233,8,1.34482737884804,0.633925510753778,2,0.0110388843276198,0.13460090687507,0.0561760015093228,0.23804817383203,64092.5374151597,292424.96258484,34816.4079198823,51339.0920801177,-4.35076736117512,7.0404221188712
100,1,0.5,0.4,10,1.5,50,0.06,0.02,0.04,0,79137,37741,73300.9175317745,0,3,6.2758224386155,NA,1,0.00353925927164624,0.104954435896378,0.0110388843276198,0.13460090687507,-102952.573546582,261226.573546582,37741,37741,NA,NA
100,1,0.6,0.2,0.001,0.5,50,1,0,1,0,678.96,71,127.603812878865,0,50,NA,NA,0,6.93889390390723e-18,0.0713475991333587,0.928652400866641,1,642.695397630561,715.224602369439,71,71,NA,NA
100,1,0.6,0.2,0.001,1,50,1,0,1,0,1025.24,71,233.059995779312,0,50,NA,NA,0,6.93889390390723e-18,0.0713475991333587,0.928652400866641,1,959.005082057671,1091.47491794233,71,71,NA,NA
100,1,0.6,0.2,0.001,1.5,50,1,0,1,0,2137.04,71,466.201583796853,0,50,NA,NA,0,6.93889390390723e-18,0.0713475991333587,0.928652400866641,1,2004.54697585781,2269.53302414219,71,71,NA,NA
100,1,0.6,0.2,0.01,0.5,50,1,0,1,0,1070.6,71,191.424200376535,0,50,NA,NA,0,6.93889390390723e-18,0.0713475991333587,0.928652400866641,1,1016.1978441872,1125.0021558128,71,71,NA,NA
100,1,0.6,0.2,0.01,1,50,1,0,1,0,1747.26,71,359.518658367387,0,50,NA,NA,0,6.93889390390723e-18,0.0713475991333587,0.928652400866641,1,1645.08592779995,1849.43407220005,71,71,NA,NA
100,1,0.6,0.2,0.01,1.5,50,1,0,1,0,3577.3,71,670.756662285214,0,50,NA,NA,0,6.93889390390723e-18,0.0713475991333587,0.928652400866641,1,3386.67306577573,3767.92693422427,71,71,NA,NA
100,1,0.6,0.2,0.1,0.5,50,1,0,1,0,1978.64,174,526.215318698205,0,50,NA,NA,0,6.93889390390723e-18,0.0713475991333587,0.928652400866641,1,1829.09126111229,2128.18873888771,174,174,NA,NA
100,1,0.6,0.2,0.1,1,50,1,0,1,0,3479.34,174,918.996160636869,0,50,NA,NA,0,6.93889390390723e-18,0.0713475991333587,0.928652400866641,1,3218.16418093435,3740.51581906565,174,174,NA,NA
100,1,0.6,0.2,0.1,1.5,50,1,0,1,0,6907.72,199.48,1793.83258655077,43.4225747739583,50,NA,NA,0,6.93889390390723e-18,0.0713475991333587,0.928652400866641,1,6397.9184196165,7417.5215803835,187.139440791713,211.820559208287,NA,NA
100,1,0.6,0.2,0.5,0.5,50,1,0.04,0.86,0.1,2699.52,1637,768.699969070495,0,50,0.447891932746267,0,2,0.0110388843276198,0.13460090687507,0.738138062894145,0.930491665729837,2481.0578859705,2917.9821140295,1637,1637,0.447891932746267,0.447891932746267
100,1,0.6,0.2,0.5,1,50,1,0.02,0.96,0.02,4297.52,1637,1317.69497631745,0,50,0.896332403834489,NA,1,0.00353925927164624,0.104954435896378,0.86539909312493,0.98896111567238,3923.03523122806,4672.00476877194,1637,1637,NA,NA
100,1,0.6,0.2,0.5,1.5,50,1,0,1,0,8600.18,1637,2707.26717158971,0,50,NA,NA,0,6.93889390390723e-18,0.0713475991333587,0.928652400866641,1,7830.78318284739,9369.57681715261,1637,1637,NA,NA
100,1,0.6,0.2,1,0.5,50,1,0.6,0,0.4,2989.32,4012,923.552821379238,0,50,0.582577286332525,0.267095387877671,30,0.461814377475894,0.723916102697434,6.93889390390723e-18,0.0713475991333587,2726.84919227981,3251.79080772019,4012,4012,0.482842229399218,0.682312343265832
100,1,0.6,0.2,1,1,50,1,0.12,0.34,0.54,4553.5,4012,1415.36432534856,0,50,0.746937873021149,0.542820938780548,6,0.0561760015093228,0.23804817383203,0.224369492225001,0.478461739497674,4151.2579093551,4955.7420906449,4012,4012,0.177282233783046,1.31659351225925
100,1,0.6,0.2,1,1.5,50,1,0.02,0.98,0,8824.56,4012,2889.06430131675,0,50,0.448111422717755,NA,1,0.00353925927164624,0.104954435896378,0.895045564103622,0.996460740728354,8003.49701024081,9645.62298975919,4012,4012,NA,NA
100,1,0.6,0.2,3,0.5,50,1,1,0,0,3662.94,15397,1384.23158393355,0,50,1.51513635364764,0.423649690595412,50,0.928652400866641,1,6.93889390390723e-18,0.0713475991333587,3269.54573656821,4056.33426343179,15397,15397,1.39473644374869,1.6355362635466
100,1,0.6,0.2,3,1,50,1,1,0,0,5162.18,15397,1728.2804913366,0,50,1.16549330484422,0.434332514413008,50,0.928652400866641,1,6.93889390390723e-18,0.0713475991333587,4671.00811894752,5653.35188105248,15397,15397,1.04205737000849,1.28892923967995
100,1,0.6,0.2,3,1.5,50,1,0.52,0.12,0.36,10024.92,12171.04,4388.21444251183,2773.0429021461,50,0.586166865123344,0.246161463239522,26,0.385117448900446,0.652028647134219,0.0561760015093228,0.23804817383203,8777.80325419719,11272.0367458028,11382.9499270553,12959.1300729447,0.486740098390549,0.685593631856139
100,1,0.6,0.2,5,0.5,50,1,1,0,0,4171.04,24106,1625.31886931112,0,50,1.84686953333155,0.467387024009813,50,0.928652400866641,1,6.93889390390723e-18,0.0713475991333587,3709.1294881639,4632.9505118361,24106,24106,1.71403961080845,1.97969945585465
100,1,0.6,0.2,5,1,50,1,1,0,0,5443.82,24106,1791.51870005676,0,50,1.5599820998124,0.436595024741839,50,0.928652400866641,1,6.93889390390723e-18,0.0713475991333587,4934.67601888207,5952.96398111793,24106,24106,1.43590316665569,1.68406103296911
100,1,0.6,0.2,5,1.5,50,1,0.94,0,0.06,10318.46,24106,4478.81533721786,0,50,0.982357444595771,0.30486088169815,47,0.837829083111618,0.979385029651026,6.93889390390723e-18,0.0713475991333587,9045.59476481664,11591.3252351834,24106,24106,0.892846936435543,1.071867952756
100,1,0.6,0.2,10,0.5,50,1,1,0,0,4757.48,59088,2019.5518925075,0,50,2.61792820767825,0.473694432185559,50,0.928652400866641,1,6.93889390390723e-18,0.0713475991333587,4183.52970263892,5331.43029736108,59088,59088,2.48330573958528,2.75255067577122
100,1,0.6,0.2,10,1,50,1,1,0,0,5776.78,55672.48,2012.81563670072,7905.39266793786,50,2.33103054158827,0.487709897244856,50,0.928652400866641,1,6.93889390390723e-18,0.0713475991333587,5204.74412535702,6348.81587464298,53425.7922623131,57919.1677376869,2.19242492239714,2.4696361607794
100,1,0.6,0.2,10,1.5,50,1,1,0,0,10500.76,37741,4496.63468067271,0,50,1.35377257674593,0.37873992552044,50,0.928652400866641,1,6.93889390390723e-18,0.0713475991333587,9222.83056343977,11778.6894365602,37741,37741,1.24613588086233,1.46140927262953
100,1,0.6,0.3,0.001,0.5,50,1,0,1,0,874.5,71,213.159923675217,0,50,NA,NA,0,6.93889390390723e-18,0.0713475991333587,0.928652400866641,1,813.920619973794,935.079380026206,71,71,NA,NA
100,1,0.6,0.3,0.001,1,50,1,0,1,0,1318.82,71,333.170893821468,0,50,NA,NA,0,6.93889390390723e-18,0.0713475991333587,0.928652400866641,1,1224.13387963324,1413.50612036676,71,71,NA,NA
100,1,0.6,0.3,0.001,1.5,50,1,0,1,0,3407.28,71,930.348958889148,0,50,NA,NA,0,6.93889390390723e-18,0.0713475991333587,0.928652400866641,1,3142.87775136998,3671.68224863002,71,71,NA,NA
100,1,0.6,0.3,0.01,0.5,50,1,0,1,0,1370,71,353.249463797851,0,50,NA,NA,0,6.93889390390723e-18,0.0713475991333587,0.928652400866641,1,1269.6076131831,1470.3923868169,71,71,NA,NA
100,1,0.6,0.3,0.01,1,50,1,0,1,0,2162.26,71,482.789124964175,0,50,NA,NA,0,6.93889390390723e-18,0.0713475991333587,0.928652400866641,1,2025.05284881765,2299.46715118235,71,71,NA,NA
100,1,0.6,0.3,0.01,1.5,50,1,0,1,0,4469.86,71,1084.69702362513,0,50,NA,NA,0,6.93889390390723e-18,0.0713475991333587,0.928652400866641,1,4161.59251672016,4778.12748327984,71,71,NA,NA
100,1,0.6,0.3,0.1,0.5,50,1,0,1,0,2578.94,174,742.464302996777,0,50,NA,NA,0,6.93889390390723e-18,0.0713475991333587,0.928652400866641,1,2367.93397977049,2789.94602022951,174,174,NA,NA
100,1,0.6,0.3,0.1,1,50,1,0,1,0,4725.84,174,1163.38812657738,0,50,NA,NA,0,6.93889390390723e-18,0.0713475991333587,0.928652400866641,1,4395.20875270564,5056.47124729436,174,174,NA,NA
100,1,0.6,0.3,0.1,1.5,50,1,0,1,0,9352.86,211.24,2490.24345183112,48.0508064448454,50,NA,NA,0,6.93889390390723e-18,0.0713475991333587,0.928652400866641,1,8645.14064157076,10060.5793584292,197.584111904341,224.895888095659,NA,NA
100,1,0.6,0.3,0.5,0.5,50,1,0.04,0.88,0.08,3571.18,1637,1170.9144113792,0,50,0.672112168290378,0.317095298064972,2,0.0110388843276198,0.13460090687507,0.76195182616797,0.943823998490677,3238.4098062314,3903.9501937686,1637,1637,-2.17687605052641,3.52110038710717
100,1,0.6,0.3,0.5,1,50,1,0,1,0,6156.92,1637,1967.62025372203,0,50,NA,NA,0,6.93889390390723e-18,0.0713475991333587,0.928652400866641,1,5597.72851108249,6716.11148891751,1637,1637,NA,NA
100,1,0.6,0.3,0.5,1.5,50,1,0,1,0,12817.02,1637,3949.46630592447,0,50,NA,NA,0,6.93889390390723e-18,0.0713475991333587,0.928652400866641,1,11694.5940949699,13939.4459050301,1637,1637,NA,NA
100,1,0.6,0.3,1,0.5,50,1,0.22,0.22,0.56,4012.4,4012,1557.10762738653,0,50,0.937088584841918,0.509232783349929,11,0.127539159702144,0.352415495812537,0.127539159702144,0.352415495812537,3569.87490862833,4454.92509137167,4012,4012,0.594981346004841,1.279195823679
100,1,0.6,0.3,1,1,50,1,0.04,0.78,0.18,6577.36,4012,2124.50163913655,0,50,0.448111422717755,0,2,0.0110388843276198,0.13460090687507,0.647584504187463,0.872460840297856,5973.58331466187,7181.13668533813,4012,4012,0.448111422717755,0.448111422717755
100,1,0.6,0.3,1,1.5,50,1,0,0.98,0.02,13618.46,4012,4060.73938783547,0,50,NA,NA,0,6.93889390390723e-18,0.0713475991333587,0.895045564103622,0.996460740728354,12464.4106349895,14772.5093650105,4012,4012,NA,NA
100,1,0.6,0.3,3,0.5,50,1,0.98,0,0.02,5748.48,15397,2704.73697268858,0,50,1.17099237357789,0.683751222148176,49,0.895045564103622,0.996460740728354,6.93889390390723e-18,0.0713475991333587,4979.80225741887,6517.15774258113,15397,15397,0.97459609174658,1.3673886554092
100,1,0.6,0.3,3,1,50,1,0.9,0,0.1,8852.82,15397,3151.61288601016,0,50,0.697270075492398,0.376950520227194,45,0.786397685625204,0.95652423506811,6.93889390390723e-18,0.0713475991333587,7957.14152805609,9748.49847194391,15397,15397,0.584021601939725,0.810518549045071
100,1,0.6,0.3,3,1.5,50,1,0.14,0.42,0.44,15368.26,12393.52,5244.95767501064,2800.23024738455,50,0.448239726542963,1.80761167110824e-05,7,0.0695083342701629,0.261861937105855,0.29375003354712,0.557665582314218,13877.6595215538,16858.8604784462,11597.7033690293,13189.3366309707,0.448223008923277,0.448256444162649
100,1,0.6,0.3,5,0.5,50,1,0.98,0,0.02,6900.44,24106,3903.14950881506,0,50,1.48204475957765,0.744642820367402,49,0.895045564103622,0.996460740728354,6.93889390390723e-18,0.0713475991333587,5791.17718306506,8009.70281693494,24106,24106,1.26815836862822,1.69593115052708
100,1,0.6,0.3,5,1,50,1,1,0,0,9798.58,24106,3589.62498234531,0,50,0.977209852962729,0.421765101172401,50,0.928652400866641,1,6.93889390390723e-18,0.0713475991333587,8778.41986760855,10818.7401323915,24106,24106,0.857345537451694,1.09707416847376
100,1,0.6,0.3,5,1.5,50,1,0.62,0.08,0.3,18582.88,24106,7905.16587658517,0,50,0.621797901525936,0.299065881567865,31,0.48150446930993,0.741372106898064,0.031549514088593,0.188382469183428,16336.2567157024,20829.5032842977,24106,24106,0.512099650532596,0.731496152519275
100,1,0.6,0.3,10,0.5,50,1,1,0,0,8446.74,59088,5099.44511911415,0,50,2.18759280060604,0.843081104025869,50,0.928652400866641,1,6.93889390390723e-18,0.0713475991333587,6997.49373237471,9895.98626762529,59088,59088,1.94799180191402,2.42719379929806
100,1,0.6,0.3,10,1,50,1,1,0,0,11113.26,55245.54,5116.93574921873,8284.51313759226,50,1.69446910603255,0.506581760461494,50,0.928652400866641,1,6.93889390390723e-18,0.0713475991333587,9659.04295029835,12567.4770497017,52891.1074169832,57599.9725830168,1.5505001626579,1.8384380494072
100,1,0.6,0.3,10,1.5,50,1,0.88,0.04,0.08,21494.96,39021.82,10873.4349452494,5121.10127143029,50,0.815055611909529,0.401785518898275,44,0.76195182616797,0.943823998490677,0.0110388843276198,0.13460090687507,18404.7639801227,24585.1560198773,37566.4191219843,40477.2208780157,0.692901649230195,0.937209574588863
100,1,0.6,0.4,0.001,0.5,50,1,0,1,0,1363.42,71,401.121798897817,0,50,NA,NA,0,6.93889390390723e-18,0.0713475991333587,0.928652400866641,1,1249.42244608245,1477.41755391755,71,71,NA,NA
100,1,0.6,0.4,0.001,1,50,1,0,1,0,2390.34,71,812.985217376964,0,50,NA,NA,0,6.93889390390723e-18,0.0713475991333587,0.928652400866641,1,2159.29215765695,2621.38784234305,71,71,NA,NA
100,1,0.6,0.4,0.001,1.5,50,1,0,1,0,6597.8,71,2479.72375024941,0,50,NA,NA,0,6.93889390390723e-18,0.0713475991333587,0.928652400866641,1,5893.07030768104,7302.52969231896,71,71,NA,NA
100,1,0.6,0.4,0.01,0.5,50,1,0,1,0,1909.68,71,467.307941123126,0,50,NA,NA,0,6.93889390390723e-18,0.0713475991333587,0.928652400866641,1,1776.87255258462,2042.48744741538,71,71,NA,NA
100,1,0.6,0.4,0.01,1,50,1,0,1,0,3324.84,71,892.324740924125,0,50,NA,NA,0,6.93889390390723e-18,0.0713475991333587,0.928652400866641,1,3071.24411454832,3578.43588545168,71,71,NA,NA
100,1,0.6,0.4,0.01,1.5,50,1,0,1,0,7516.38,71,2303.02191797948,0,50,NA,NA,0,6.93889390390723e-18,0.0713475991333587,0.928652400866641,1,6861.86841277249,8170.89158722751,71,71,NA,NA
100,1,0.6,0.4,0.1,0.5,50,1,0,1,0,3947.84,174,1021.72961318001,0,50,NA,NA,0,6.93889390390723e-18,0.0713475991333587,0.928652400866641,1,3657.46765676737,4238.21234323263,174,174,NA,NA
100,1,0.6,0.4,0.1,1,50,1,0,1,0,7654.48,174,1968.62524537676,0,50,NA,NA,0,6.93889390390723e-18,0.0713475991333587,0.928652400866641,1,7095.00289561441,8213.95710438558,174,174,NA,NA
100,1,0.6,0.4,0.1,1.5,50,1,0,1,0,17619.56,207.32,5111.34667010963,46.8947758284438,50,NA,NA,0,6.93889390390723e-18,0.0713475991333587,0.928652400866641,1,16166.9313490063,19072.1886509937,193.992652170379,220.647347829621,NA,NA
100,1,0.6,0.4,0.5,0.5,50,1,0.02,0.98,0,6916.84,1637,2564.01835741144,0,50,0.447891932746267,NA,1,0.00353925927164624,0.104954435896378,0.895045564103622,0.996460740728354,6188.15404539034,7645.52595460966,1637,1637,NA,NA
100,1,0.6,0.4,0.5,1,50,1,0,1,0,12534.68,1637,4184.05844595695,0,50,NA,NA,0,6.93889390390723e-18,0.0713475991333587,0.928652400866641,1,11345.5837464487,13723.7762535513,1637,1637,NA,NA
100,1,0.6,0.4,0.5,1.5,50,1,0,1,0,28355.48,1637,9160.31297977023,0,50,NA,NA,0,6.93889390390723e-18,0.0713475991333587,0.928652400866641,1,25752.1478557926,30958.8121442074,1637,1637,NA,NA
100,1,0.6,0.4,1,0.5,50,1,0.02,0.9,0.08,8723.86,4012,3315.82550444356,0,50,1.34431650445696,NA,1,0.00353925927164624,0.104954435896378,0.786397685625204,0.95652423506811,7781.5128182646,9666.2071817354,4012,4012,NA,NA
100,1,0.6,0.4,1,1,50,1,0.02,0.98,0,15415.16,4012,6165.66293623527,0,50,0.448111422717755,NA,1,0.00353925927164624,0.104954435896378,0.895045564103622,0.996460740728354,13662.8979814754,17167.4220185246,4012,4012,NA,NA
100,1,0.6,0.4,1,1.5,50,1,0,1,0,36310,4012,14976.9896405746,0,50,NA,NA,0,6.93889390390723e-18,0.0713475991333587,0.928652400866641,1,32053.5866393566,40566.4133606434,4012,4012,NA,NA
100,1,0.6,0.4,3,0.5,50,1,0.44,0.18,0.38,13727.68,15397,6165.41810304104,0,50,0.733472734452741,0.509082175939088,22,0.311621992112572,0.576939719783431,0.0977019267023418,0.307960536743008,11975.4875622993,15479.8724377007,15397,15397,0.507758342510037,0.959187126395445
100,1,0.6,0.4,3,1,50,1,0.14,0.6,0.26,22034.12,15397,9893.99084301338,0,50,0.640335091186629,0.508274908089522,7,0.0695083342701629,0.261861937105855,0.461814377475894,0.723916102697434,19222.2789141121,24845.9610858879,15397,15397,0.170259203463292,1.11041097890997
100,1,0.6,0.4,3,1.5,50,1,0.02,0.98,0,57505.88,12171.04,29877.0879804138,2773.0429021461,50,0.896484284131327,NA,1,0.00353925927164624,0.104954435896378,0.895045564103622,0.996460740728354,49014.9055445971,65996.8544554029,11382.9499270553,12959.1300729447,NA,NA
100,1,0.6,0.4,5,0.5,50,1,0.5,0.06,0.44,18800.36,24106,8251.74026607573,0,50,0.824802189729165,0.602461826209372,25,0.366445143168286,0.633554856831714,0.020614970348974,0.162170916888382,16455.2413640138,21145.4786359862,24106,24106,0.576118170419302,1.07348620903903
100,1,0.6,0.4,5,1,50,1,0.24,0.36,0.4,28283.26,24106,14794.0943758112,0,50,0.709760581758881,0.521983239883351,12,0.142973913969917,0.374126837579429,0.241387496518467,0.498589831238873,24078.8248984874,32487.6951015126,24106,24106,0.378108253842362,1.0414129096754
100,1,0.6,0.4,5,1.5,50,1,0.02,0.88,0.1,72955.72,24106,36142.6319660066,0,50,1.3447723710497,NA,1,0.00353925927164624,0.104954435896378,0.76195182616797,0.943823998490677,62684.0976459215,83227.3423540785,24106,24106,NA,NA
100,1,0.6,0.4,10,0.5,50,1,0.84,0,0.16,29283.78,59088,16541.2444986119,0,50,1.0886692437696,0.714889495477746,42,0.71485783936965,0.916625793219666,6.93889390390723e-18,0.0713475991333587,24582.8103275085,33984.7496724915,59088,59088,0.865893994358655,1.31144449318054
100,1,0.6,0.4,10,1,50,1,0.6,0.16,0.24,42029.16,54391.66,26067.8902439341,8932.69393881206,50,0.896561115265306,0.564569279081494,30,0.461814377475894,0.723916102697434,0.0833742067803341,0.28514216063035,34620.7475632661,49437.5724367339,51853.0164714838,56930.3035285162,0.68574748183118,1.10737474869943
100,1,0.6,0.4,10,1.5,50,1,0.04,0.88,0.08,110065.06,37741,75541.693574465,0,50,1.12067245003338,0.950897662721553,2,0.0110388843276198,0.13460090687507,0.76195182616797,0.943823998490677,88596.3482273151,131533.771772685,37741,37741,-7.42280408502089,9.66414898508765
100,1,0.7,0.2,0.001,0.5,50,1,0,1,0,576.42,71,118.165758706202,0,50,NA,NA,0,6.93889390390723e-18,0.0713475991333587,0.928652400866641,1,542.83766294843,610.00233705157,71,71,NA,NA
100,1,0.7,0.2,0.001,1,50,1,0,1,0,768.18,71,212.408606036496,0,50,NA,NA,0,6.93889390390723e-18,0.0713475991333587,0.928652400866641,1,707.814142084196,828.545857915803,71,71,NA,NA
100,1,0.7,0.2,0.001,1.5,50,1,0,1,0,1634.48,71,400.174667986317,0,50,NA,NA,0,6.93889390390723e-18,0.0713475991333587,0.928652400866641,1,1520.75161770924,1748.20838229076,71,71,NA,NA
100,1,0.7,0.2,0.01,0.5,50,1,0,1,0,932.6,71,174.979998857012,0,50,NA,NA,0,6.93889390390723e-18,0.0713475991333587,0.928652400866641,1,882.871234550191,982.328765449809,71,71,NA,NA
100,1,0.7,0.2,0.01,1,50,1,0,1,0,1421.62,71,345.175015649411,0,50,NA,NA,0,6.93889390390723e-18,0.0713475991333587,0.928652400866641,1,1323.52234595675,1519.71765404325,71,71,NA,NA
100,1,0.7,0.2,0.01,1.5,50,1,0,1,0,2907.48,71,767.730055662371,0,50,NA,NA,0,6.93889390390723e-18,0.0713475991333587,0.928652400866641,1,2689.29353231119,3125.66646768881,71,71,NA,NA
100,1,0.7,0.2,0.1,0.5,50,1,0,1,0,1523.78,174,395.162136189123,0,50,NA,NA,0,6.93889390390723e-18,0.0713475991333587,0.928652400866641,1,1411.47616348408,1636.08383651592,174,174,NA,NA
100,1,0.7,0.2,0.1,1,50,1,0.02,0.98,0,2369.74,174,734.346490258585,0,50,0.449525097902195,NA,1,0.00353925927164624,0.104954435896378,0.895045564103622,0.996460740728354,2161.04103662418,2578.43896337582,174,174,NA,NA
100,1,0.7,0.2,0.1,1.5,50,1,0,1,0,5208.18,205.36,1507.07329142092,46.1787830069178,50,NA,NA,0,6.93889390390723e-18,0.0713475991333587,0.928652400866641,1,4779.87450957658,5636.48549042343,192.236135078814,218.483864921186,NA,NA
100,1,0.7,0.2,0.5,0.5,50,1,0.12,0.32,0.56,1847.28,1637,549.281127233308,0,50,0.597372089775674,0.231573663505346,6,0.0561760015093228,0.23804817383203,0.207582162606568,0.458102973081441,1691.17603085714,2003.38396914286,1637,1637,0.354350434031884,0.840393745519464
100,1,0.7,0.2,0.5,1,50,1,0.04,0.84,0.12,2915.56,1637,994.122280492409,0,50,1.79371138994665,1.26908553274843,2,0.0110388843276198,0.13460090687507,0.71485783936965,0.916625793219666,2633.03357390581,3198.08642609419,1637,1637,-9.60856973353529,13.1959925134286
100,1,0.7,0.2,0.5,1.5,50,1,0.02,0.98,0,5952.34,1637,2036.33054942723,0,50,1.34383656414251,NA,1,0.00353925927164624,0.104954435896378,0.895045564103622,0.996460740728354,5373.62126110289,6531.05873889711,1637,1637,NA,NA
100,1,0.7,0.2,1,0.5,50,1,1,0,0,1996.3,4012,564.298526075173,0,50,0.743958525870332,0.321545800368929,50,0.928652400866641,1,6.93889390390723e-18,0.0713475991333587,1835.92813332856,2156.67186667144,4012,4012,0.652576220507625,0.835340831233039
100,1,0.7,0.2,1,1,50,1,0.6,0,0.4,2952.1,4012,988.510820809334,0,50,0.672294339409374,0.597616146983057,30,0.461814377475894,0.723916102697434,6.93889390390723e-18,0.0713475991333587,2671.16833310248,3233.03166689752,4012,4012,0.44914080270017,0.895447876118578
100,1,0.7,0.2,1,1.5,50,1,0.02,0.66,0.32,6220.16,4012,2283.02571664385,0,50,2.2402611358532,NA,1,0.00353925927164624,0.104954435896378,0.521538260502326,0.775630507774999,5571.33127031393,6868.98872968607,4012,4012,NA,NA
100,1,0.7,0.2,3,0.5,50,1,1,0,0,2310.28,15397,880.858047356007,0,50,1.97230816395879,0.404931676158911,50,0.928652400866641,1,6.93889390390723e-18,0.0713475991333587,2059.94291280331,2560.61708719669,15397,15397,1.85722785490381,2.08738847301377
100,1,0.7,0.2,3,1,50,1,1,0,0,3299.22,15397,1232.43750994457,0,50,1.64964961024686,0.597021030342149,50,0.928652400866641,1,6.93889390390723e-18,0.0713475991333587,2948.96513507877,3649.47486492123,15397,15397,1.4799781107588,1.81932110973492
100,1,0.7,0.2,3,1.5,50,1,0.84,0,0.16,6705.74,12616,2274.82034105589,2809.2342263997,50,0.82180003900693,0.484091718593462,42,0.71485783936965,0.916625793219666,6.93889390390723e-18,0.0713475991333587,6059.24321225419,7352.23678774581,11817.6244665062,13414.3755334938,0.670946439912763,0.972653638101097
100,1,0.7,0.2,5,0.5,50,1,1,0,0,2489.82,24106,936.304736063804,0,50,2.3488782506148,0.420418441724801,50,0.928652400866641,1,6.93889390390723e-18,0.0713475991333587,2223.72513822491,2755.91486177509,24106,24106,2.2293966514842,2.4683598497454
100,1,0.7,0.2,5,1,50,1,1,0,0,3447.98,24106,1355.48503992829,0,50,2.06207729901585,0.61435869446029,50,0.928652400866641,1,6.93889390390723e-18,0.0713475991333587,3062.75541398088,3833.20458601912,24106,24106,1.88747848990377,2.23667610812793
100,1,0.7,0.2,5,1.5,50,1,1,0,0,6751.14,24106,2242.38318022116,0,50,1.35374476576724,0.491717590805232,50,0.928652400866641,1,6.93889390390723e-18,0.0713475991333587,6113.86175136463,7388.41824863537,24106,24106,1.21400017266846,1.49348935886602
100,1,0.7,0.2,10,0.5,50,1,1,0,0,2665.06,59088,1019.20668249019,0,50,3.18271009265229,0.43658899207194,50,0.928652400866641,1,6.93889390390723e-18,0.0713475991333587,2375.40466573605,2954.71533426395,59088,59088,3.05863287396139,3.30678731134319
100,1,0.7,0.2,10,1,50,1,1,0,0,3660.66,58234.12,1481.05076612408,4225.61012447689,50,2.88691852035291,0.647895324879621,50,0.928652400866641,1,6.93889390390723e-18,0.0713475991333587,3239.75002943799,4081.569970562,57033.2148900727,59435.0251099273,2.70278870633174,3.07104833437408
100,1,0.7,0.2,10,1.5,50,1,1,0,0,6958.4,37741,2174.43265882278,0,50,1.76616193740027,0.482618903393376,50,0.928652400866641,1,6.93889390390723e-18,0.0713475991333587,6340.43307587535,7576.36692412465,37741,37741,1.62900316265307,1.90332071214746
100,1,0.7,0.3,0.001,0.5,50,1,0,1,0,681.7,71,142.531092204115,0,50,NA,NA,0,6.93889390390723e-18,0.0713475991333587,0.928652400866641,1,641.193111785219,722.206888214781,71,71,NA,NA
100,1,0.7,0.3,0.001,1,50,1,0,0.98,0.02,1042.42,71,299.098242682083,0,50,NA,NA,0,6.93889390390723e-18,0.0713475991333587,0.895045564103622,0.996460740728354,957.417219945453,1127.42278005455,71,71,NA,NA
100,1,0.7,0.3,0.001,1.5,50,1,0,1,0,2426.34,71,639.764102252238,0,50,NA,NA,0,6.93889390390723e-18,0.0713475991333587,0.928652400866641,1,2244.52105388087,2608.15894611913,71,71,NA,NA
100,1,0.7,0.3,0.01,0.5,50,1,0,1,0,1082.42,71,207.449830669726,0,50,NA,NA,0,6.93889390390723e-18,0.0713475991333587,0.928652400866641,1,1023.46341045054,1141.37658954946,71,71,NA,NA
100,1,0.7,0.3,0.01,1,50,1,0,0.98,0.02,1636.74,71,391.74595110107,0,50,NA,NA,0,6.93889390390723e-18,0.0713475991333587,0.895045564103622,0.996460740728354,1525.40703254389,1748.07296745611,71,71,NA,NA
100,1,0.7,0.3,0.01,1.5,50,1,0,1,0,3548.32,71,682.786291602285,0,50,NA,NA,0,6.93889390390723e-18,0.0713475991333587,0.928652400866641,1,3354.27428295104,3742.36571704896,71,71,NA,NA
100,1,0.7,0.3,0.1,0.5,50,1,0,1,0,1911.26,174,523.334006195676,0,50,NA,NA,0,6.93889390390723e-18,0.0713475991333587,0.928652400866641,1,1762.53012106521,2059.98987893479,174,174,NA,NA
100,1,0.7,0.3,0.1,1,50,1,0.02,0.98,0,3147.26,174,1012.40694830665,0,50,0.896375422173214,NA,1,0.00353925927164624,0.104954435896378,0.895045564103622,0.996460740728354,2859.53712880922,3434.98287119078,174,174,NA,NA
100,1,0.7,0.3,0.1,1.5,50,1,0,1,0,6478.04,209.28,1603.82540095071,47.517575695736,50,NA,NA,0,6.93889390390723e-18,0.0713475991333587,0.928652400866641,1,6022.23786428563,6933.84213571437,195.775654406491,222.784345593509,NA,NA
100,1,0.7,0.3,0.5,0.5,50,1,0.04,0.78,0.18,2509.52,1637,711.056450010856,0,50,0.447891932746267,0,2,0.0110388843276198,0.13460090687507,0.647584504187463,0.872460840297856,2307.43999282696,2711.60000717304,1637,1637,0.447891932746267,0.447891932746267
100,1,0.7,0.3,0.5,1,50,1,0.04,0.96,0,3959.82,1637,1254.05145371768,0,50,1.79291631653804,1.90215172528085,2,0.0110388843276198,0.13460090687507,0.86539909312493,0.98896111567238,3603.42252022359,4316.21747977641,1637,1637,-15.2972388790675,18.8830715121436
100,1,0.7,0.3,0.5,1.5,50,1,0,1,0,8078.94,1637,2189.54273867623,0,50,NA,NA,0,6.93889390390723e-18,0.0713475991333587,0.928652400866641,1,7456.67883869471,8701.20116130529,1637,1637,NA,NA
100,1,0.7,0.3,1,0.5,50,1,0.78,0,0.22,2752.14,4012,746.546416124658,0,50,0.528577885357513,0.174293577510934,39,0.647584504187463,0.872460840297856,6.93889390390723e-18,0.0713475991333587,2539.97385605577,2964.30614394423,4012,4012,0.472078443530476,0.58507732718455
100,1,0.7,0.3,1,1,50,1,0.18,0.28,0.54,4306.6,4012,1476.53058601188,0,50,0.946162415057973,1.19540302312535,9,0.0977019267023418,0.307960536743008,0.174741706659112,0.416651236959566,3886.97465041216,4726.22534958784,4012,4012,0.0272943102037669,1.86503051991218
100,1,0.7,0.3,1,1.5,50,1,0,0.96,0.04,8332.3,4012,2398.47302827173,0,50,NA,NA,0,6.93889390390723e-18,0.0713475991333587,0.86539909312493,0.98896111567238,7650.66150737385,9013.93849262615,4012,4012,NA,NA
100,1,0.7,0.3,3,0.5,50,1,1,0,0,3369.18,15397,1186.0820718755,0,50,1.58686960879684,0.386401767254735,50,0.928652400866641,1,6.93889390390723e-18,0.0713475991333587,3032.09920481312,3706.26079518688,15397,15397,1.47705544158505,1.69668377600863
100,1,0.7,0.3,3,1,50,1,1,0,0,4964,15397,1720.161181342,0,50,1.25514091797259,0.701504063981937,50,0.928652400866641,1,6.93889390390723e-18,0.0713475991333587,4475.13560131678,5452.86439868322,15397,15397,1.05577566887145,1.45450616707373
100,1,0.7,0.3,3,1.5,50,1,0.58,0.06,0.36,9605.5,13172.2,3528.04350157132,2752.4761690566,50,0.649178419923408,0.256571450200622,29,0.442334417685782,0.70624996645288,0.020614970348974,0.162170916888382,8602.84113080129,10608.1588691987,12389.9549279272,13954.4450720728,0.55158385972064,0.746772980126176
100,1,0.7,0.3,5,0.5,50,1,1,0,0,3807.1,24106,1381.94824395836,0,50,1.91861194592768,0.40537345847059,50,0.928652400866641,1,6.93889390390723e-18,0.0713475991333587,3414.35465460919,4199.84534539081,24106,24106,1.80340608372891,2.03381780812645
100,1,0.7,0.3,5,1,50,1,1,0,0,5183.82,24106,1787.18163358641,0,50,1.65860342572709,0.702967443806828,50,0.928652400866641,1,6.93889390390723e-18,0.0713475991333587,4675.90859953502,5691.73140046498,24106,24106,1.45882228868132,1.85838456277286
100,1,0.7,0.3,5,1.5,50,1,0.96,0,0.04,10104.1,24106,3976.23101847024,0,50,0.971230295116704,0.297246156079547,48,0.86539909312493,0.98896111567238,6.93889390390723e-18,0.0713475991333587,8974.06764782617,11234.1323521738,24106,24106,0.884919008501648,1.05754158173176
100,1,0.7,0.3,10,0.5,50,1,1,0,0,4211.84,59088,1587.27826810807,0,50,2.72551655216632,0.442161643939679,50,0.928652400866641,1,6.93889390390723e-18,0.0713475991333587,3760.74050740698,4662.93949259302,59088,59088,2.59985560333784,2.8511775009948
100,1,0.7,0.3,10,1,50,1,1,0,0,5624,58661.06,2056.67447048652,3018.92169159785,50,2.47446949909728,0.731499324904425,50,0.928652400866641,1,6.93889390390723e-18,0.0713475991333587,5039.49958270939,6208.50041729061,57803.09194826,59519.02805174,2.26657969116219,2.68235930703237
100,1,0.7,0.3,10,1.5,50,1,1,0,0,11022,38167.94,4492.07059206349,3018.92169159785,50,1.30894634652092,0.371627636252362,50,0.928652400866641,1,6.93889390390723e-18,0.0713475991333587,9745.36766307071,12298.6323369293,37309.97194826,39025.90805174,1.20333094088269,1.41456175215915
100,1,0.7,0.4,0.001,0.5,50,1,0,1,0,947.16,71,207.091950394909,0,50,NA,NA,0,6.93889390390723e-18,0.0713475991333587,0.928652400866641,1,888.305118899289,1006.01488110071,71,71,NA,NA
100,1,0.7,0.4,0.001,1,50,1,0,1,0,1539.62,71,478.052379078754,0,50,NA,NA,0,6.93889390390723e-18,0.0713475991333587,0.928652400866641,1,1403.75901710357,1675.48098289643,71,71,NA,NA
100,1,0.7,0.4,0.001,1.5,50,1,0,1,0,3816.86,71,968.929895949808,0,50,NA,NA,0,6.93889390390723e-18,0.0713475991333587,0.928652400866641,1,3541.49317037526,4092.22682962474,71,71,NA,NA
100,1,0.7,0.4,0.01,0.5,50,1,0,1,0,1412.42,71,289.775781723507,0,50,NA,NA,0,6.93889390390723e-18,0.0713475991333587,0.928652400866641,1,1330.06663403536,1494.77336596464,71,71,NA,NA
100,1,0.7,0.4,0.01,1,50,1,0,1,0,2265.82,71,477.662065242184,0,50,NA,NA,0,6.93889390390723e-18,0.0713475991333587,0.928652400866641,1,2130.06994306858,2401.57005693142,71,71,NA,NA
100,1,0.7,0.4,0.01,1.5,50,1,0,1,0,4589.64,71,1103.39368443776,0,50,NA,NA,0,6.93889390390723e-18,0.0713475991333587,0.928652400866641,1,4276.05898450894,4903.22101549106,71,71,NA,NA
100,1,0.7,0.4,0.1,0.5,50,1,0,1,0,2481.9,174,607.573234017001,0,50,NA,NA,0,6.93889390390723e-18,0.0713475991333587,0.928652400866641,1,2309.229597409,2654.570402591,174,174,NA,NA
100,1,0.7,0.4,0.1,1,50,1,0,1,0,4312.18,174,1147.35487615503,0,50,NA,NA,0,6.93889390390723e-18,0.0713475991333587,0.928652400866641,1,3986.10535205905,4638.25464794095,174,174,NA,NA
100,1,0.7,0.4,0.1,1.5,50,1,0,1,0,8687.6,205.36,2329.23282456272,46.1787830069178,50,NA,NA,0,6.93889390390723e-18,0.0713475991333587,0.928652400866641,1,8025.63935554184,9349.56064445816,192.236135078814,218.483864921186,NA,NA
100,1,0.7,0.4,0.5,0.5,50,1,0,0.94,0.06,3467.64,1637,990.820125358951,0,50,NA,NA,0,6.93889390390723e-18,0.0713475991333587,0.837829083111618,0.979385029651026,3186.0520360111,3749.2279639889,1637,1637,NA,NA
100,1,0.7,0.4,0.5,1,50,1,0.02,0.98,0,5940.74,1637,2002.58577548211,0,50,0.896332403834489,NA,1,0.00353925927164624,0.104954435896378,0.895045564103622,0.996460740728354,5371.61141974751,6509.86858025249,1637,1637,NA,NA
100,1,0.7,0.4,0.5,1.5,50,1,0,1,0,11793.1,1637,3615.66209958388,0,50,NA,NA,0,6.93889390390723e-18,0.0713475991333587,0.928652400866641,1,10765.5402007632,12820.6597992368,1637,1637,NA,NA
100,1,0.7,0.4,1,0.5,50,1,0.24,0.18,0.58,4035.8,4012,1266.72515260608,0,50,0.522830280883244,0.174505656572364,12,0.142973913969917,0.374126837579429,0.0977019267023418,0.307960536743008,3675.800694852,4395.799305148,4012,4012,0.411954676429433,0.633705885337055
100,1,0.7,0.4,1,1,50,1,0.02,0.8,0.18,6755.96,4012,2228.7294720517,0,50,1.79275697554518,NA,1,0.00353925927164624,0.104954435896378,0.669628940677746,0.887562499842239,6122.56209229225,7389.35790770775,4012,4012,NA,NA
100,1,0.7,0.4,1,1.5,50,1,0,0.98,0.02,13602.22,4012,4787.20422559462,0,50,NA,NA,0,6.93889390390723e-18,0.0713475991333587,0.895045564103622,0.996460740728354,12241.7116124701,14962.7283875299,4012,4012,NA,NA
100,1,0.7,0.4,3,0.5,50,1,1,0,0,5767.18,15397,2003.91139657075,0,50,1.0489358805332,0.390715975152759,50,0.928652400866641,1,6.93889390390723e-18,0.0713475991333587,5197.67468240254,6336.68531759746,15397,15397,0.937895629002838,1.15997613206356
100,1,0.7,0.4,3,1,50,1,0.94,0,0.06,8214.8,15397,2856.38270602266,0,50,0.753428814619565,0.44929038318549,47,0.837829083111618,0.979385029651026,6.93889390390723e-18,0.0713475991333587,7403.02501685598,9026.57498314402,15397,15397,0.621512216181541,0.885345413057589
100,1,0.7,0.4,3,1.5,50,1,0.14,0.5,0.36,17550.64,12949.72,7452.94642121832,2788.93439558143,50,0.576319173655521,0.338904710352591,7,0.0695083342701629,0.261861937105855,0.366445143168286,0.633554856831714,15432.5360629116,19668.7439370884,12157.1136145919,13742.3263854081,0.26288459320097,0.889753754110072
100,1,0.7,0.4,5,0.5,50,1,1,0,0,6469.96,24106,2596.38062805019,0,50,1.39860223638112,0.430945656951646,50,0.928652400866641,1,6.93889390390723e-18,0.0713475991333587,5732.07678983811,7207.84321016189,24106,24106,1.27612883578592,1.52107563697632
100,1,0.7,0.4,5,1,50,1,1,0,0,9166.48,24106,3624.78279850345,0,50,1.06686342059398,0.519362027173401,50,0.928652400866641,1,6.93889390390723e-18,0.0713475991333587,8136.32812681031,10196.6318731897,24106,24106,0.919262365607412,1.21446447558055
100,1,0.7,0.4,5,1.5,50,1,0.58,0.18,0.24,20168.98,24106,9797.78838536992,0,50,0.649223781718911,0.307460156257324,29,0.442334417685782,0.70624996645288,0.0977019267023418,0.307960536743008,17384.4793500653,22953.4806499347,24106,24106,0.532272192965194,0.766175370472628
100,1,0.7,0.4,10,0.5,50,1,1,0,0,8010.04,59088,3597.9326601451,0,50,2.09793114155002,0.456810726460288,50,0.928652400866641,1,6.93889390390723e-18,0.0713475991333587,6987.51885170138,9032.56114829862,59088,59088,1.96810696953329,2.22775531356675
100,1,0.7,0.4,10,1,50,1,1,0,0,10448.98,58661.06,4437.33831089158,3018.92169159785,50,1.83791890101572,0.567355615749021,50,0.928652400866641,1,6.93889390390723e-18,0.0713475991333587,9187.90240527388,11710.0575947261,57803.09194826,59519.02805174,1.676678219072,1.99915958295944
100,1,0.7,0.4,10,1.5,50,1,0.76,0.08,0.16,24944.54,37741,13503.5712301508,0,50,0.778592712232902,0.425706015482795,38,0.625873162420571,0.857026086030083,0.031549514088593,0.188382469183428,21106.8675184285,28782.2124815715,37741,37741,0.638666626862589,0.918518797603215
100,1.5,0.5,0.2,0.001,0.5,50,1,0,1,0,1064,71,250.699999592976,0,50,NA,NA,0,6.93889390390723e-18,0.0713475991333587,0.928652400866641,1,992.751848442895,1135.2481515571,71,71,NA,NA
100,1.5,0.5,0.2,0.001,1,50,1,0,1,0,1581.06,71,381.070747622902,0,50,NA,NA,0,6.93889390390723e-18,0.0713475991333587,0.928652400866641,1,1472.76089180416,1689.35910819584,71,71,NA,NA
100,1.5,0.5,0.2,0.001,1.5,50,1,0,1,0,4040,71,1078.80423220739,0,50,NA,NA,0,6.93889390390723e-18,0.0713475991333587,0.928652400866641,1,3733.40722951117,4346.59277048883,71,71,NA,NA
100,1.5,0.5,0.2,0.01,0.5,50,1,0,1,0,1860.82,71,463.961147652055,0,50,NA,NA,0,6.93889390390723e-18,0.0713475991333587,0.928652400866641,1,1728.9637007651,1992.6762992349,71,71,NA,NA
100,1.5,0.5,0.2,0.01,1,50,1,0,1,0,3326.94,71,760.859970221666,0,50,NA,NA,0,6.93889390390723e-18,0.0713475991333587,0.928652400866641,1,3110.70598899043,3543.17401100957,71,71,NA,NA
100,1.5,0.5,0.2,0.01,1.5,50,1,0,1,0,8237.48,71,2185.00510661151,0,50,NA,NA,0,6.93889390390723e-18,0.0713475991333587,0.928652400866641,1,7616.5084194589,8858.4515805411,71,71,NA,NA
100,1.5,0.5,0.2,0.1,0.5,50,1,0,1,0,4761.18,174,1424.58391619649,0,50,NA,NA,0,6.93889390390723e-18,0.0713475991333587,0.928652400866641,1,4356.31773062717,5166.04226937284,174,174,NA,NA
100,1.5,0.5,0.2,0.1,1,50,1,0,1,0,10488.02,174,3784.37723822883,0,50,NA,NA,0,6.93889390390723e-18,0.0713475991333587,0.928652400866641,1,9412.51188888575,11563.5281111142,174,174,NA,NA
100,1.5,0.5,0.2,0.1,1.5,50,1,0,1,0,26723.48,177.92,9992.28915007845,19.3989690447714,50,NA,NA,0,6.93889390390723e-18,0.0713475991333587,0.928652400866641,1,23883.7028443436,29563.2571556564,172.406873997617,183.433126002383,NA,NA
100,1.5,0.5,0.2,0.5,0.5,50,1,0.02,0.98,0,9645.8,1637,3382.29436076418,0,50,0.447891932746267,NA,1,0.00353925927164624,0.104954435896378,0.895045564103622,0.996460740728354,8684.56257830988,10607.0374216901,1637,1637,NA,NA
100,1.5,0.5,0.2,0.5,1,50,1,0,1,0,24613.3,1625.18,12111.4620298294,83.5800215362499,50,NA,NA,0,6.93889390390723e-18,0.0713475991333587,0.928652400866641,1,21171.2605756666,28055.3394243334,1601.42682069713,1648.93317930287,NA,NA
100,1.5,0.5,0.2,0.5,1.5,50,1,0,1,0,59640.06,1613.36,30489.4243654941,116.987660259795,50,NA,NA,0,6.93889390390723e-18,0.0713475991333587,0.928652400866641,1,50975.0614694517,68305.0585305483,1580.11247482236,1646.60752517764,NA,NA
100,1.5,0.5,0.2,1,0.5,50,1,0,0.96,0.04,14801.62,4012,5750.70394232262,0,50,NA,NA,0,6.93889390390723e-18,0.0713475991333587,0.86539909312493,0.98896111567238,13167.288022705,16435.951977295,4012,4012,NA,NA
100,1.5,0.5,0.2,1,1,50,1,0,0.98,0.02,39271.5,2910.76,21383.1029031174,625.126291240418,50,NA,NA,0,6.93889390390723e-18,0.0713475991333587,0.895045564103622,0.996460740728354,33194.4893941924,45348.5106058076,2733.10107374177,3088.41892625823,NA,NA
100,1.5,0.5,0.2,1,1.5,50,1,0,1,0,89394.2,3026.68,59789.7239744321,682.786291602285,50,NA,NA,0,6.93889390390723e-18,0.0713475991333587,0.928652400866641,1,72402.1484555087,106386.251544491,2832.63428295104,3220.72571704896,NA,NA
100,1.5,0.5,0.2,3,0.5,50,1,0.06,0.9,0.04,32709.78,10391.2,15630.1181962314,1685.54053583982,50,0.448247778285298,1.95244375397804e-05,3,0.020614970348974,0.162170916888382,0.786397685625204,0.95652423506811,28267.7495576044,37151.8104423956,9912.17467990374,10870.2253200963,0.448199276893705,0.448296279676891
100,1.5,0.5,0.2,3,1,50,1,0.02,0.96,0.02,88317.1,9835,53914.6812951079,0,50,0.896657581741333,NA,1,0.00353925927164624,0.104954435896378,0.86539909312493,0.98896111567238,72994.7171108759,103639.482889124,9835,9835,NA,NA
100,1.5,0.5,0.2,3,1.5,50,0.94,0.02,0.92,0,142201.595744681,9835,90623.0119123843,0,47,0.448259050724568,NA,1,0.00353925927164624,0.104954435896378,0.811617530816572,0.968450485911407,115593.682646406,168809.508842956,9835,9835,NA,NA
100,1.5,0.5,0.2,5,0.5,50,1,0.1,0.76,0.14,49882.02,24106,25460.1611217708,0,50,0.806875037107339,0.37502426161197,5,0.0434757649318904,0.213602314374797,0.625873162420571,0.857026086030083,42646.3222687781,57117.7177312219,24106,24106,0.341220913010806,1.27252916120387
100,1.5,0.5,0.2,5,1,50,1,0.06,0.94,0,129440.24,17312.98,77143.8550894605,3644.29809870775,50,0.747095230458276,0.517603587967466,3,0.020614970348974,0.162170916888382,0.837829083111618,0.979385029651026,107516.198962757,151364.281037243,16277.2819398582,18348.6780601418,-0.538703362148986,2.03289382306554
100,1.5,0.5,0.2,5,1.5,50,0.88,0.02,0.86,0,190555.795454545,16980.4545454545,111484.397014149,3397.84816621881,44,0.896513320325129,NA,1,0.00353925927164624,0.104954435896378,0.738138062894145,0.930491665729837,156661.440801006,224450.150108084,15947.414282519,18013.49480839,NA,NA
100,1.5,0.5,0.2,10,0.5,50,1,0.12,0.84,0.04,96547.64,37741,55542.4888174001,0,50,0.672419832382448,0.375042185602092,6,0.0561760015093228,0.23804817383203,0.71485783936965,0.916625793219666,80762.6393316881,112332.640668312,37741,37741,0.278837196347128,1.06600246841777
100,1.5,0.5,0.2,10,1,50,0.86,0.04,0.82,0,193604.604651163,37741,99164.1458477858,0,43,1.12068696813028,0.316943102040843,2,0.0110388843276198,0.13460090687507,0.692039463256992,0.902298073297658,163086.385140697,224122.824161629,37741,37741,-1.72693382366271,3.96830775992327
100,1.5,0.5,0.2,10,1.5,50,0.68,0.04,0.64,0,220471.088235294,37741,107669.871683144,0,34,0.896542924671096,0.633930648225967,2,0.0110388843276198,0.13460090687507,0.501410168761127,0.758612503481533,182903.293994458,258038.88247613,37741,37741,-4.79909797370834,6.59218382305053
100,1.5,0.5,0.3,0.001,0.5,50,1,0,1,0,1644.34,71,545.422869460579,0,50,NA,NA,0,6.93889390390723e-18,0.0713475991333587,0.928652400866641,1,1489.33253558385,1799.34746441615,71,71,NA,NA
100,1.5,0.5,0.3,0.001,1,50,1,0,1,0,2643.22,71,883.233606512722,0,50,NA,NA,0,6.93889390390723e-18,0.0713475991333587,0.928652400866641,1,2392.20778636093,2894.23221363907,71,71,NA,NA
100,1.5,0.5,0.3,0.001,1.5,50,1,0,1,0,8928.68,71,3356.24428971505,0,50,NA,NA,0,6.93889390390723e-18,0.0713475991333587,0.928652400866641,1,7974.84592658748,9882.51407341252,71,71,NA,NA
100,1.5,0.5,0.3,0.01,0.5,50,1,0,1,0,2614.42,71,795.959031096245,0,50,NA,NA,0,6.93889390390723e-18,0.0713475991333587,0.928652400866641,1,2388.21094625902,2840.62905374098,71,71,NA,NA
100,1.5,0.5,0.3,0.01,1,50,1,0,1,0,5529.22,71,1628.51918825988,0,50,NA,NA,0,6.93889390390723e-18,0.0713475991333587,0.928652400866641,1,5066.39996758208,5992.04003241792,71,71,NA,NA
100,1.5,0.5,0.3,0.01,1.5,50,1,0,1,0,14328.52,71,4485.301724613,0,50,NA,NA,0,6.93889390390723e-18,0.0713475991333587,0.928652400866641,1,13053.8113539154,15603.2286460846,71,71,NA,NA
100,1.5,0.5,0.3,0.1,0.5,50,1,0,1,0,7871.8,174,3216.8711697003,0,50,NA,NA,0,6.93889390390723e-18,0.0713475991333587,0.928652400866641,1,6957.5753290363,8786.0246709637,174,174,NA,NA
100,1.5,0.5,0.3,0.1,1,50,1,0,1,0,20677.54,174,7045.03481316988,0,50,NA,NA,0,6.93889390390723e-18,0.0713475991333587,0.928652400866641,1,18675.3632592392,22679.7167407608,174,174,NA,NA
100,1.5,0.5,0.3,0.1,1.5,50,1,0,1,0,60949.18,181.84,26418.9764896912,26.8566565305512,50,NA,NA,0,6.93889390390723e-18,0.0713475991333587,0.928652400866641,1,53440.9899562141,68457.3700437858,174.207422664888,189.472577335112,NA,NA
100,1.5,0.5,0.3,0.5,0.5,50,1,0.02,0.98,0,20504.02,1637,9707.0792166315,0,50,1.34383656414251,NA,1,0.00353925927164624,0.104954435896378,0.895045564103622,0.996460740728354,17745.2986105854,23262.7413894146,1637,1637,NA,NA
100,1.5,0.5,0.3,0.5,1,50,1,0,1,0,66930.54,1589.72,35047.8263660981,161.962081730161,50,NA,NA,0,6.93889390390723e-18,0.0713475991333587,0.928652400866641,1,56970.0579547946,76891.0220452054,1543.69088566275,1635.74911433725,NA,NA
100,1.5,0.5,0.3,0.5,1.5,50,0.98,0,0.98,0,184561.795918367,1600.81632653061,101136.557630838,143.155607858108,49,NA,NA,0,6.93889390390723e-18,0.0713475991333587,0.895045564103622,0.996460740728354,155511.984769934,213611.6070668,1559.69723497228,1641.93541808894,NA,NA
100,1.5,0.5,0.3,1,0.5,50,1,0.04,0.94,0.02,34955.62,4012,20190.5700305557,0,50,1.34418627928548,1.2672412150596,2,0.0110388843276198,0.13460090687507,0.837829083111618,0.979385029651026,29217.5234866497,40693.7165133503,4012,4012,-10.0415243072024,12.7298968657733
100,1.5,0.5,0.3,1,1,50,1,0,1,0,114906.68,2939.74,63478.4626909773,642.033784157812,50,NA,NA,0,6.93889390390723e-18,0.0713475991333587,0.928652400866641,1,96866.3005115212,132947.059488479,2757.27601742033,3122.20398257967,NA,NA
100,1.5,0.5,0.3,1,1.5,50,0.7,0,0.7,0,222543,3266.8,105721.511967555,734.777109060972,35,NA,NA,0,6.93889390390723e-18,0.0713475991333587,0.562496495355466,0.808964464991191,186226.389999811,258859.610000189,3014.39523194274,3519.20476805726,NA,NA
100,1.5,0.5,0.3,3,0.5,50,1,0.06,0.94,0,91415.68,10502.44,62611.0688011802,1825.78613943112,50,1.79278176793165,1.18542358099513,3,0.020614970348974,0.162170916888382,0.837829083111618,0.979385029651026,73621.8111274778,109209.548872522,9983.55732036599,11021.322679634,-1.15197365401647,4.73753718987977
100,1.5,0.5,0.3,3,1,50,0.72,0,0.72,0,201511.333333333,9835,101968.206407404,0,36,NA,NA,0,6.93889390390723e-18,0.0713475991333587,0.583348763040434,0.825258293340888,167010.255957143,236012.410709523,9835,9835,NA,NA
100,1.5,0.5,0.3,3,1.5,50,0.26,0,0.26,0,241123.692307692,9835,120837.258698345,0,13,NA,NA,0,6.93889390390723e-18,0.0713475991333587,0.158715274935524,0.395531572648488,168102.467690691,314144.916924693,9835,9835,NA,NA
100,1.5,0.5,0.3,5,0.5,50,1,0.06,0.9,0.04,150282.68,24106,99895.5736880616,0,50,2.53982891125119,1.36896685470527,3,0.020614970348974,0.162170916888382,0.786397685625204,0.95652423506811,121892.672079911,178672.687920089,24106,24106,-0.860873278658406,5.94053110116079
100,1.5,0.5,0.3,5,1,50,0.5,0,0.5,0,232009.12,18532.24,93948.7273456112,4266.52123397974,25,NA,NA,0,6.93889390390723e-18,0.0713475991333587,0.366445143168286,0.633554856831714,193228.991352922,270789.248647078,16771.1065924068,20293.3734075932,NA,NA
100,1.5,0.5,0.3,5,1.5,50,0.16,0,0.16,0,239273.125,17574.25,117025.459796988,4031.48362445958,8,NA,NA,0,6.93889390390723e-18,0.0713475991333587,0.0833742067803341,0.28514216063035,141437.392246381,337108.857753619,14203.8453447442,20944.6546552558,NA,NA
100,1.5,0.5,0.3,10,0.5,50,0.78,0.04,0.7,0.04,205852.307692308,37741,116470.609522013,0,39,3.58564344586047,1.2672412150596,2,0.0110388843276198,0.13460090687507,0.562496495355466,0.808964464991191,168096.903728351,243607.711656265,37741,37741,-7.80006714062739,14.9713540323483
100,1.5,0.5,0.3,10,1,50,0.2,0,0.18,0.02,276008.1,37741,129669.96941505,0,10,NA,NA,0,6.93889390390723e-18,0.0713475991333587,0.0977019267023418,0.307960536743008,183247.791881939,368768.408118061,37741,37741,NA,NA
100,1.5,0.5,0.3,10,1.5,50,0.04,0.02,0.02,0,125427.5,37741,143290.239459986,0,2,0.448286264508531,NA,1,0.00353925927164624,0.104954435896378,0.00353925927164624,0.104954435896378,-1161984.22317633,1412839.22317633,37741,37741,NA,NA
100,1.5,0.5,0.4,0.001,0.5,50,1,0,1,0,7312.84,71,4466.56117716838,0,50,NA,NA,0,6.93889390390723e-18,0.0713475991333587,0.928652400866641,1,6043.45735856944,8582.22264143056,71,71,NA,NA
100,1.5,0.5,0.4,0.001,1,50,1,0,1,0,15049.26,71,11159.6155588271,0,50,NA,NA,0,6.93889390390723e-18,0.0713475991333587,0.928652400866641,1,11877.7323496401,18220.7876503599,71,71,NA,NA
100,1.5,0.5,0.4,0.001,1.5,50,0.98,0,0.96,0.02,47761.1632653061,71,37061.8336327655,0,49,NA,NA,0,6.93889390390723e-18,0.0713475991333587,0.86539909312493,0.98896111567238,37115.7617105454,58406.5648200668,71,71,NA,NA
100,1.5,0.5,0.4,0.01,0.5,50,1,0,1,0,6993.34,71,3342.3385654542,0,50,NA,NA,0,6.93889390390723e-18,0.0713475991333587,0.928652400866641,1,6043.45788969581,7943.22211030419,71,71,NA,NA
100,1.5,0.5,0.4,0.01,1,50,1,0,1,0,16079.32,71,7832.27951399247,0,50,NA,NA,0,6.93889390390723e-18,0.0713475991333587,0.928652400866641,1,13853.4107907597,18305.2292092403,71,71,NA,NA
100,1.5,0.5,0.4,0.01,1.5,50,1,0,0.98,0.02,47037.12,71,22549.9031851309,0,50,NA,NA,0,6.93889390390723e-18,0.0713475991333587,0.895045564103622,0.996460740728354,40628.5084230527,53445.7315769473,71,71,NA,NA
100,1.5,0.5,0.4,0.1,0.5,50,1,0,1,0,25389.34,174,12313.9711885752,0,50,NA,NA,0,6.93889390390723e-18,0.0713475991333587,0.928652400866641,1,21889.7481095419,28888.9318904581,174,174,NA,NA
100,1.5,0.5,0.4,0.1,1,50,1,0,1,0,64345.48,174,27870.6796210715,0,50,NA,NA,0,6.93889390390723e-18,0.0713475991333587,0.928652400866641,1,56424.7204911626,72266.2395088374,174,174,NA,NA
100,1.5,0.5,0.4,0.1,1.5,50,0.94,0.02,0.92,0,230514.744680851,178.170212765957,107362.599388903,19.9949114710807,47,0.896375422173214,NA,1,0.00353925927164624,0.104954435896378,0.811617530816572,0.968450485911407,198991.904573674,262037.584788028,172.299486825568,184.040938706346,NA,NA
100,1.5,0.5,0.4,0.5,0.5,50,1,0.02,0.98,0,101850.2,1637,56425.2077952283,0,50,1.34383656414251,NA,1,0.00353925927164624,0.104954435896378,0.895045564103622,0.996460740728354,85814.333373903,117886.066626097,1637,1637,NA,NA
100,1.5,0.5,0.4,0.5,1,50,0.84,0,0.84,0,245613.119047619,1637,102608.006798358,0,42,NA,NA,0,6.93889390390723e-18,0.0713475991333587,0.71485783936965,0.916625793219666,213638.2132046,277588.024890638,1637,1637,NA,NA
100,1.5,0.5,0.4,0.5,1.5,50,0.12,0.02,0.1,0,174318.166666667,1538.5,123343.684030301,241.274739664143,6,3.13794070032982,NA,1,0.00353925927164624,0.104954435896378,0.0434757649318904,0.213602314374797,44876.9086892,303759.424644134,1285.29768918982,1791.70231081018,NA,NA
100,1.5,0.5,0.4,1,0.5,50,0.98,0.02,0.96,0,200860.244897959,4012,117465.157424186,0,49,2.2402611358532,NA,1,0.00353925927164624,0.104954435896378,0.86539909312493,0.98896111567238,167120.312279835,234600.177516083,4012,4012,NA,NA
100,1.5,0.5,0.4,1,1,50,0.28,0,0.28,0,239615.071428571,2770,133698.293123829,526.184816902257,14,NA,NA,0,6.93889390390723e-18,0.0713475991333587,0.174741706659112,0.416651236959566,162419.975237166,316810.167619976,2466.18993177717,3073.81006822283,NA,NA
100,1.5,0.5,0.4,1,1.5,50,0.12,0.02,0.1,0,260817.166666667,2804.5,152920.07500445,591.551772882137,6,4.03436527204051,NA,1,0.00353925927164624,0.104954435896378,0.0434757649318904,0.213602314374797,100337.38990143,421296.943431904,2183.70448669383,3425.29551330617,NA,NA
100,1.5,0.5,0.4,3,0.5,50,0.4,0.02,0.36,0.02,227187.05,10947.4,140080.599600251,2282.59663771905,20,3.13691871759453,NA,1,0.00353925927164624,0.104954435896378,0.241387496518467,0.498589831238873,161627.311327142,292746.788672858,9879.11188950181,12015.6881104982,NA,NA
100,1.5,0.5,0.4,3,1,50,0.12,0,0.12,0,241996.333333333,9835,140946.892660557,0,6,NA,NA,0,6.93889390390723e-18,0.0713475991333587,0.0561760015093228,0.23804817383203,94081.6408427508,389911.025823915,9835,9835,NA,NA
100,1.5,0.5,0.4,3,1.5,50,0.04,0.02,0.02,0,177535.5,9835,250972.70273976,0,2,4.93102285378184,NA,1,0.00353925927164624,0.104954435896378,0.00353925927164624,0.104954435896378,-2077364.77040287,2432435.77040287,9835,9835,NA,NA
100,1.5,0.5,0.4,5,0.5,50,0.24,0.02,0.18,0.04,202713.333333333,24106,147740.709654284,0,12,4.03343203791966,NA,1,0.00353925927164624,0.104954435896378,0.0977019267023418,0.307960536743008,108843.364834284,296583.301832382,24106,24106,NA,NA
100,1.5,0.5,0.4,5,1,50,0.06,0,0.06,0,242193.666666667,15397,105931.819357232,0,3,NA,NA,0,6.93889390390723e-18,0.0713475991333587,0.020614970348974,0.162170916888382,-20955.5606729566,505342.894006291,15397,15397,NA,NA
100,1.5,0.5,0.4,5,1.5,50,0.02,0.02,0,0,71,15397,NA,NA,1,5.3792480871886,NA,1,0.00353925927164624,0.104954435896378,6.93889390390723e-18,0.0713475991333587,NA,NA,NA,NA,NA,NA
100,1.5,0.5,0.4,10,0.5,50,0.12,0.02,0.08,0.02,93557.5,37741,81666.4797888338,0,6,4.4817183024282,NA,1,0.00353925927164624,0.104954435896378,0.031549514088593,0.188382469183428,7853.78552475272,179261.214475247,37741,37741,NA,NA
100,1.5,0.5,0.4,10,1,50,0.04,0,0.04,0,290874.5,37741,90687.1517939559,0,2,NA,NA,0,6.93889390390723e-18,0.0713475991333587,0.0110388843276198,0.13460090687507,-523917.23180957,1105666.23180957,37741,37741,NA,NA
100,1.5,0.5,0.4,10,1.5,50,0.02,0.02,0,0,71,37741,NA,NA,1,6.2758224386155,NA,1,0.00353925927164624,0.104954435896378,6.93889390390723e-18,0.0713475991333587,NA,NA,NA,NA,NA,NA
100,1.5,0.6,0.2,0.001,0.5,50,1,0,1,0,854.36,71,239.298188161011,0,50,NA,NA,0,6.93889390390723e-18,0.0713475991333587,0.928652400866641,1,786.352207398815,922.367792601185,71,71,NA,NA
100,1.5,0.6,0.2,0.001,1,50,1,0,1,0,1176.98,71,289.669656325819,0,50,NA,NA,0,6.93889390390723e-18,0.0713475991333587,0.928652400866641,1,1094.65679453967,1259.30320546033,71,71,NA,NA
100,1.5,0.6,0.2,0.001,1.5,50,1,0,1,0,2847.14,71,749.767528869408,0,50,NA,NA,0,6.93889390390723e-18,0.0713475991333587,0.928652400866641,1,2634.05842594251,3060.22157405749,71,71,NA,NA
100,1.5,0.6,0.2,0.01,0.5,50,1,0,1,0,1432.76,71,309.118467482575,0,50,NA,NA,0,6.93889390390723e-18,0.0713475991333587,0.928652400866641,1,1344.90950356579,1520.61049643421,71,71,NA,NA
100,1.5,0.6,0.2,0.01,1,50,1,0,1,0,2463.88,71,576.024327717544,0,50,NA,NA,0,6.93889390390723e-18,0.0713475991333587,0.928652400866641,1,2300.17569737363,2627.58430262637,71,71,NA,NA
100,1.5,0.6,0.2,0.01,1.5,50,1,0,1,0,5283.2,71,1138.23823767886,0,50,NA,NA,0,6.93889390390723e-18,0.0713475991333587,0.928652400866641,1,4959.71627204667,5606.68372795333,71,71,NA,NA
100,1.5,0.6,0.2,0.1,0.5,50,1,0,1,0,3288.54,174,872.974394977146,0,50,NA,NA,0,6.93889390390723e-18,0.0713475991333587,0.928652400866641,1,3040.44342201921,3536.63657798079,174,174,NA,NA
100,1.5,0.6,0.2,0.1,1,50,1,0,1,0,6464.22,174,1968.82770765981,0,50,NA,NA,0,6.93889390390723e-18,0.0713475991333587,0.928652400866641,1,5904.68535647022,7023.75464352978,174,174,NA,NA
100,1.5,0.6,0.2,0.1,1.5,50,1,0,1,0,14260.36,175.96,4378.11722072027,13.8592929112563,50,NA,NA,0,6.93889390390723e-18,0.0713475991333587,0.928652400866641,1,13016.1128528796,15504.6071471204,172.021232535227,179.898767464773,NA,NA
100,1.5,0.6,0.2,0.5,0.5,50,1,0.04,0.94,0.02,5572.02,1637,2067.97072463785,0,50,0.672112168290378,0.317095298064972,2,0.0110388843276198,0.13460090687507,0.837829083111618,0.979385029651026,4984.3092228007,6159.7307771993,1637,1637,-2.17687605052641,3.52110038710717
100,1.5,0.6,0.2,0.5,1,50,1,0,1,0,11127.6,1625.18,4538.96265681929,83.5800215362499,50,NA,NA,0,6.93889390390723e-18,0.0713475991333587,0.928652400866641,1,9837.64108571942,12417.5589142806,1601.42682069713,1648.93317930287,NA,NA
100,1.5,0.6,0.2,0.5,1.5,50,1,0,1,0,23634.44,1625.18,10480.3326539353,83.5800215362499,50,NA,NA,0,6.93889390390723e-18,0.0713475991333587,0.928652400866641,1,20655.9624152024,26612.9175847976,1601.42682069713,1648.93317930287,NA,NA
100,1.5,0.6,0.2,1,0.5,50,1,0.08,0.8,0.12,7340.06,4012,3114.4867262127,0,50,1.12040236860765,0.578601597858033,4,0.031549514088593,0.188382469183428,0.669628940677746,0.887562499842239,6454.93266592716,8225.18733407284,4012,4012,0.199718109940377,2.04108662727492
100,1.5,0.6,0.2,1,1,50,1,0.04,0.94,0.02,14689.78,3287.5,6728.84526070031,731.855518528077,50,0.672267997214223,0.317005267748,2,0.0110388843276198,0.13460090687507,0.837829083111618,0.979385029651026,12777.4633357916,16602.0966642084,3079.50896295712,3495.49103704288,-2.17591133129749,3.52044732572594
100,1.5,0.6,0.2,1,1.5,50,1,0,1,0,31061.56,3084.64,15380.3126280691,702.581297786954,50,NA,NA,0,6.93889390390723e-18,0.0713475991333587,0.928652400866641,1,26690.5235145615,35432.5964854385,2884.96860443884,3284.31139556116,NA,NA
100,1.5,0.6,0.2,3,0.5,50,1,0.36,0.46,0.18,13760.6,11837.32,6566.53246487405,2696.86485734371,50,0.821757777032176,0.802536438843089,18,0.241387496518467,0.498589831238873,0.329696521922244,0.596011286008425,11894.4121219722,15626.7878780278,11070.879487846,12603.760512154,0.422665795099647,1.22084975896471
100,1.5,0.6,0.2,3,1,50,1,0.04,0.82,0.14,25087.24,9835,13939.6652297225,0,50,1.56892557895556,0.317005267748,2,0.0110388843276198,0.13460090687507,0.692039463256992,0.902298073297658,21125.6309750497,29048.8490249503,9835,9835,-1.27925374955616,4.41710490746728
100,1.5,0.6,0.2,3,1.5,50,1,0.02,0.96,0.02,46649.12,9835,31045.1684148061,0,50,0.896657581741333,NA,1,0.00353925927164624,0.104954435896378,0.86539909312493,0.98896111567238,37826.1807581768,55472.0592418232,9835,9835,NA,NA
100,1.5,0.6,0.2,5,0.5,50,1,0.5,0.16,0.34,19911.36,24106,10315.0058845532,0,50,0.950301876236623,0.831735020593039,25,0.366445143168286,0.633554856831714,0.0833742067803341,0.28514216063035,16979.86776319,22842.85223681,24106,24106,0.606978533705097,1.29362521876815
100,1.5,0.6,0.2,5,1,50,1,0.16,0.64,0.2,35958.74,19577.32,22589.9640537879,4395.18887913424,50,1.00858823080689,0.920225360382644,8,0.0833742067803341,0.28514216063035,0.501410168761127,0.758612503481533,29538.7432501519,42378.7367498481,18328.2211412402,20826.4188587598,0.239260576912759,1.77791588470102
100,1.5,0.6,0.2,5,1.5,50,1,0.06,0.88,0.06,60027.38,17138.8,45390.5944644069,3518.96740420208,50,0.896524592764399,0.448242142171969,3,0.020614970348974,0.162170916888382,0.76195182616797,0.943823998490677,47127.5157841337,72927.2442158663,16138.7205291338,18138.8794708662,-0.216970616600742,2.01001980212954
100,1.5,0.6,0.2,10,0.5,50,1,0.46,0.18,0.36,34019.78,37741,19489.4266104386,0,50,0.993976551345184,1.02886703092301,23,0.329696521922244,0.596011286008425,0.0977019267023418,0.307960536743008,28480.9462418985,39558.6137581014,37741,37741,0.549061083503284,1.43889201918708
100,1.5,0.6,0.2,10,1,50,1,0.22,0.56,0.22,61725.08,37741,44630.8191595294,0,50,1.05956173234806,0.94609113905784,11,0.127539159702144,0.352415495812537,0.423060280216569,0.688378007887428,49041.1415366632,74409.0184633368,37741,37741,0.42396905675064,1.69515440794548
100,1.5,0.6,0.2,10,1.5,50,1,0.16,0.68,0.16,85269.7,37741,74374.2455117279,0,50,0.840518997659977,0.504734887350528,8,0.0833742067803341,0.28514216063035,0.541897026918559,0.792417837393432,64132.7732956995,106406.6267043,37741,37741,0.41855007195852,1.26248792336143
100,1.5,0.6,0.3,0.001,0.5,50,1,0,1,0,1106.86,71,361.621462361979,0,50,NA,NA,0,6.93889390390723e-18,0.0713475991333587,0.928652400866641,1,1004.08831751696,1209.63168248304,71,71,NA,NA
100,1.5,0.6,0.3,0.001,1,50,1,0,1,0,1602.98,71,454.196733873356,0,50,NA,NA,0,6.93889390390723e-18,0.0713475991333587,0.928652400866641,1,1473.89871645676,1732.06128354324,71,71,NA,NA
100,1.5,0.6,0.3,0.001,1.5,50,1,0,1,0,4528.36,71,1376.98836952093,0,50,NA,NA,0,6.93889390390723e-18,0.0713475991333587,0.928652400866641,1,4137.02423532796,4919.69576467204,71,71,NA,NA
100,1.5,0.6,0.3,0.01,0.5,50,1,0,1,0,1922.22,71,545.119469773857,0,50,NA,NA,0,6.93889390390723e-18,0.0713475991333587,0.928652400866641,1,1767.29876082077,2077.14123917923,71,71,NA,NA
100,1.5,0.6,0.3,0.01,1,50,1,0,1,0,3250.46,71,789.922683119128,0,50,NA,NA,0,6.93889390390723e-18,0.0713475991333587,0.928652400866641,1,3025.96645737279,3474.95354262721,71,71,NA,NA
100,1.5,0.6,0.3,0.01,1.5,50,1,0,1,0,8342.74,71,1771.41701390239,0,50,NA,NA,0,6.93889390390723e-18,0.0713475991333587,0.928652400866641,1,7839.3088548773,8846.17114512269,71,71,NA,NA
100,1.5,0.6,0.3,0.1,0.5,50,1,0,1,0,4271.04,174,1492.17577013554,0,50,NA,NA,0,6.93889390390723e-18,0.0713475991333587,0.928652400866641,1,3846.96833828056,4695.11166171944,174,174,NA,NA
100,1.5,0.6,0.3,0.1,1,50,1,0,1,0,9447.68,174,2638.92034540411,0,50,NA,NA,0,6.93889390390723e-18,0.0713475991333587,0.928652400866641,1,8697.70713593245,10197.6528640676,174,174,NA,NA
100,1.5,0.6,0.3,0.1,1.5,50,1,0,1,0,22454.94,181.84,8984.76175603188,26.8566565305512,50,NA,NA,0,6.93889390390723e-18,0.0713475991333587,0.928652400866641,1,19901.4989615574,25008.3810384426,174.207422664888,189.472577335112,NA,NA
100,1.5,0.6,0.3,0.5,0.5,50,1,0.02,0.98,0,9120.1,1637,3905.98443652395,0,50,0.447891932746267,NA,1,0.00353925927164624,0.104954435896378,0.895045564103622,0.996460740728354,8010.03150552463,10230.1684944754,1637,1637,NA,NA
100,1.5,0.6,0.3,0.5,1,50,1,0,1,0,22312.76,1613.36,9782.78223761377,116.987660259795,50,NA,NA,0,6.93889390390723e-18,0.0713475991333587,0.928652400866641,1,19532.5240500707,25092.9959499293,1580.11247482236,1646.60752517764,NA,NA
100,1.5,0.6,0.3,0.5,1.5,50,1,0,1,0,44890.3,1613.36,22054.2723995018,116.987660259795,50,NA,NA,0,6.93889390390723e-18,0.0713475991333587,0.928652400866641,1,38622.5451338153,51158.0548661847,1580.11247482236,1646.60752517764,NA,NA
100,1.5,0.6,0.3,1,0.5,50,1,0.02,0.98,0,13368.3,3983.02,6218.10528018867,204.919545187861,50,1.34431650445696,NA,1,0.00353925927164624,0.104954435896378,0.895045564103622,0.996460740728354,11601.134032229,15135.465967771,3924.78250962799,4041.25749037201,NA,NA
100,1.5,0.6,0.3,1,1,50,1,0,1,0,33006.14,3287.5,15866.2797769229,731.855518528077,50,NA,NA,0,6.93889390390723e-18,0.0713475991333587,0.928652400866641,1,28496.993178983,37515.286821017,3079.50896295712,3495.49103704288,NA,NA
100,1.5,0.6,0.3,1,1.5,50,1,0,1,0,59248.28,3200.56,29334.1118314567,726.567051276068,50,NA,NA,0,6.93889390390723e-18,0.0713475991333587,0.928652400866641,1,50911.6176587399,67584.9423412601,2994.07192872054,3407.04807127946,NA,NA
100,1.5,0.6,0.3,3,0.5,50,1,0.12,0.8,0.08,28811.64,11837.32,14832.7811458545,2696.86485734371,50,0.747022345091649,0.731883893335762,6,0.0561760015093228,0.23804817383203,0.669628940677746,0.887562499842239,24596.2102400918,33027.0697599082,11070.879487846,12603.760512154,-0.0210426968407307,1.51508738702403
100,1.5,0.6,0.3,3,1,50,1,0,0.96,0.04,70014.44,9835,43378.5679246123,0,50,NA,NA,0,6.93889390390723e-18,0.0713475991333587,0.86539909312493,0.98896111567238,57686.3873999173,82342.4926000828,9835,9835,NA,NA
100,1.5,0.6,0.3,3,1.5,50,1,0,1,0,118696.9,10057.48,82051.207408756,1100.99046762264,50,NA,NA,0,6.93889390390723e-18,0.0713475991333587,0.928652400866641,1,95378.2048648036,142015.595135196,9744.58197117087,10370.3780288291,NA,NA
100,1.5,0.6,0.3,5,0.5,50,1,0.18,0.66,0.16,47055.8,24106,29959.4212165832,0,50,0.846693618742656,0.880700146914064,9,0.0977019267023418,0.307960536743008,0.521538260502326,0.775630507774999,38541.426697775,55570.173302225,24106,24106,0.169727558523074,1.52365967896224
100,1.5,0.6,0.3,5,1,50,1,0.04,0.92,0.04,111143.98,19925.68,77920.4472322711,4395.18887913424,50,0.672369276865944,0.316987546185124,2,0.0110388843276198,0.13460090687507,0.811617530816572,0.968450485911407,88999.2339177676,133288.726082232,18676.5811412402,21174.7788587598,-2.1756508297205,3.52038938345239
100,1.5,0.6,0.3,5,1.5,50,0.98,0,0.98,0,152622.714285714,17885.2857142857,104591.820275695,3975.09646109374,49,NA,NA,0,6.93889390390723e-18,0.0713475991333587,0.895045564103622,0.996460740728354,122580.435827214,182664.992744214,16743.5046986308,19027.0667299406,NA,NA
100,1.5,0.6,0.3,10,0.5,50,1,0.14,0.72,0.14,84749.34,37741,54712.5529351168,0,50,0.960539906428787,1.16961267658301,7,0.0695083342701629,0.261861937105855,0.583348763040434,0.825258293340888,69200.2044996961,100298.475500304,37741,37741,-0.121171404687893,2.04225121754547
100,1.5,0.6,0.3,10,1,50,0.94,0.04,0.86,0.04,172363.936170213,37741,103819.566168468,0,47,0.448286264508531,0,2,0.0110388843276198,0.13460090687507,0.738138062894145,0.930491665729837,141881.369587875,202846.502752551,37741,37741,0.448286264508531,0.448286264508531
100,1.5,0.6,0.3,10,1.5,50,0.78,0.02,0.72,0.04,177018.692307692,37741,111379.58510809,0,39,0.448286264508531,NA,1,0.00353925927164624,0.104954435896378,0.583348763040434,0.825258293340888,140913.607545522,213123.777069862,37741,37741,NA,NA
100,1.5,0.6,0.4,0.001,0.5,50,1,0,1,0,1709.84,71,549.684152723273,0,50,NA,NA,0,6.93889390390723e-18,0.0713475991333587,0.928652400866641,1,1553.62149228021,1866.05850771979,71,71,NA,NA
100,1.5,0.6,0.4,0.001,1,50,1,0,1,0,2923.92,71,965.439750495459,0,50,NA,NA,0,6.93889390390723e-18,0.0713475991333587,0.928652400866641,1,2649.54505873861,3198.29494126139,71,71,NA,NA
100,1.5,0.6,0.4,0.001,1.5,50,1,0,1,0,8970,71,2746.96177250282,0,50,NA,NA,0,6.93889390390723e-18,0.0713475991333587,0.928652400866641,1,8189.32210208772,9750.67789791228,71,71,NA,NA
100,1.5,0.6,0.4,0.01,0.5,50,1,0,1,0,2757.48,71,810.56853919622,0,50,NA,NA,0,6.93889390390723e-18,0.0713475991333587,0.928652400866641,1,2527.11896999667,2987.84103000333,71,71,NA,NA
100,1.5,0.6,0.4,0.01,1,50,1,0,1,0,5134.44,71,1238.67131184003,0,50,NA,NA,0,6.93889390390723e-18,0.0713475991333587,0.928652400866641,1,4782.41350818229,5486.46649181771,71,71,NA,NA
100,1.5,0.6,0.4,0.01,1.5,50,1,0,1,0,13860.8,71,4433.26476648936,0,50,NA,NA,0,6.93889390390723e-18,0.0713475991333587,0.928652400866641,1,12600.8800937837,15120.7199062163,71,71,NA,NA
100,1.5,0.6,0.4,0.1,0.5,50,1,0,1,0,7772.18,174,2270.4431796997,0,50,NA,NA,0,6.93889390390723e-18,0.0713475991333587,0.928652400866641,1,7126.92718774762,8417.43281225238,174,174,NA,NA
100,1.5,0.6,0.4,0.1,1,50,1,0,1,0,19572.4,174,5606.96313087757,0,50,NA,NA,0,6.93889390390723e-18,0.0713475991333587,0.928652400866641,1,17978.9187093241,21165.8812906759,174,174,NA,NA
100,1.5,0.6,0.4,0.1,1.5,50,1,0,1,0,53081.08,177.92,20696.3793943358,19.3989690447714,50,NA,NA,0,6.93889390390723e-18,0.0713475991333587,0.928652400866641,1,47199.2340559832,58962.9259440169,172.406873997617,183.433126002383,NA,NA
100,1.5,0.6,0.4,0.5,0.5,50,1,0,1,0,21337.4,1637,9003.21405422099,0,50,NA,NA,0,6.93889390390723e-18,0.0713475991333587,0.928652400866641,1,18778.7148764354,23896.0851235646,1637,1637,NA,NA
100,1.5,0.6,0.4,0.5,1,50,1,0,1,0,61823.68,1637,29191.1328481225,0,50,NA,NA,0,6.93889390390723e-18,0.0713475991333587,0.928652400866641,1,53527.6518362055,70119.7081637945,1637,1637,NA,NA
100,1.5,0.6,0.4,0.5,1.5,50,1,0,1,0,157781.24,1613.36,78280.3791249201,116.987660259795,50,NA,NA,0,6.93889390390723e-18,0.0713475991333587,0.928652400866641,1,135534.202405684,180028.277594316,1580.11247482236,1646.60752517764,NA,NA
100,1.5,0.6,0.4,1,0.5,50,1,0,1,0,36465.6,4012,19298.5928936145,0,50,NA,NA,0,6.93889390390723e-18,0.0713475991333587,0.928652400866641,1,30981.0005841425,41950.1994158575,4012,4012,NA,NA
100,1.5,0.6,0.4,1,1,50,1,0,0.98,0.02,102294.24,3084.64,49755.2011476926,702.581297786954,50,NA,NA,0,6.93889390390723e-18,0.0713475991333587,0.895045564103622,0.996460740728354,88153.9682892682,116434.511710732,2884.96860443884,3284.31139556116,NA,NA
100,1.5,0.6,0.4,1,1.5,50,0.92,0,0.92,0,232350.869565217,3193,109099.843018445,726.247891563204,46,NA,NA,0,6.93889390390723e-18,0.0713475991333587,0.811617530816572,0.968450485911407,199952.215401156,264749.523729278,2977.33099787177,3408.66900212823,NA,NA
100,1.5,0.6,0.4,3,0.5,50,1,0.02,0.94,0.04,94776.12,11837.32,52565.9295484388,2696.86485734371,50,0.896484284131327,NA,1,0.00353925927164624,0.104954435896378,0.837829083111618,0.979385029651026,79837.0481161236,109715.191883876,11070.879487846,12603.760512154,NA,NA
100,1.5,0.6,0.4,3,1,50,0.92,0.02,0.9,0,250447.086956522,9835,109338.708200573,0,46,0.448259050724568,NA,1,0.00353925927164624,0.104954435896378,0.786397685625204,0.95652423506811,217977.498589317,282916.675323727,9835,9835,NA,NA
100,1.5,0.6,0.4,3,1.5,50,0.4,0,0.38,0.02,254616.65,9835,107043.096786331,0,20,NA,NA,0,6.93889390390723e-18,0.0713475991333587,0.258627893101936,0.51849553069007,204518.938596195,304714.361403805,9835,9835,NA,NA
100,1.5,0.6,0.4,5,0.5,50,1,0.04,0.94,0.02,148788.66,24106,83883.3385162819,0,50,0.67240070362175,0.316943102040843,2,0.0110388843276198,0.13460090687507,0.837829083111618,0.979385029651026,124949.278965189,172628.041034811,24106,24106,-2.17522008817124,3.52002149541474
100,1.5,0.6,0.4,5,1,50,0.5,0.02,0.48,0,255786.92,18532.24,109208.203900058,4266.52123397974,25,0.896513320325129,NA,1,0.00353925927164624,0.104954435896378,0.347971352865781,0.614882551099554,210707.989010538,300865.850989462,16771.1065924068,20293.3734075932,NA,NA
100,1.5,0.6,0.4,5,1.5,50,0.22,0.02,0.2,0,269537.636363636,18563.9090909091,115027.149347685,4393.90804306475,11,0.896513320325129,NA,1,0.00353925927164624,0.104954435896378,0.112437500157761,0.330371059322254,192261.345949326,346813.926777946,15612.0415021251,21515.7766796931,NA,NA
100,1.5,0.6,0.4,10,0.5,50,0.88,0.06,0.82,0,237590.636363636,37741,111038.046614263,0,44,0.448286264508531,0,3,0.020614970348974,0.162170916888382,0.692039463256992,0.902298073297658,203831.984634978,271349.288092294,37741,37741,0.448286264508531,0.448286264508531
100,1.5,0.6,0.4,10,1,50,0.18,0.02,0.16,0,258982.333333333,37741,131321.663522246,0,9,1.34479958483366,NA,1,0.00353925927164624,0.104954435896378,0.0833742067803341,0.28514216063035,158039.566958603,359925.099708063,37741,37741,NA,NA
100,1.5,0.6,0.4,10,1.5,50,0.1,0.02,0.08,0,192633,37741,126876.800485747,0,5,1.34479958483366,NA,1,0.00353925927164624,0.104954435896378,0.031549514088593,0.188382469183428,35094.6446295661,350171.355370434,37741,37741,NA,NA
100,1.5,0.7,0.2,0.001,0.5,50,1,0,1,0,673.48,71,90.3991692213948,0,50,NA,NA,0,6.93889390390723e-18,0.0713475991333587,0.928652400866641,1,647.788840367853,699.171159632147,71,71,NA,NA
100,1.5,0.7,0.2,0.001,1,50,1,0,1,0,969,71,228.155067210609,0,50,NA,NA,0,6.93889390390723e-18,0.0713475991333587,0.928652400866641,1,904.159047333328,1033.84095266667,71,71,NA,NA
100,1.5,0.7,0.2,0.001,1.5,50,1,0,1,0,2222.6,71,587.095827104981,0,50,NA,NA,0,6.93889390390723e-18,0.0713475991333587,0.928652400866641,1,2055.7492120621,2389.4507879379,71,71,NA,NA
100,1.5,0.7,0.2,0.01,0.5,50,1,0,1,0,1129.7,71,256.423457967321,0,50,NA,NA,0,6.93889390390723e-18,0.0713475991333587,0.928652400866641,1,1056.82525957035,1202.57474042965,71,71,NA,NA
100,1.5,0.7,0.2,0.01,1,50,1,0,1,0,1797.52,71,507.460594227648,0,50,NA,NA,0,6.93889390390723e-18,0.0713475991333587,0.928652400866641,1,1653.30129483251,1941.73870516749,71,71,NA,NA
100,1.5,0.7,0.2,0.01,1.5,50,1,0,1,0,4158.6,71,1138.37381328609,0,50,NA,NA,0,6.93889390390723e-18,0.0713475991333587,0.928652400866641,1,3835.07774188541,4482.12225811459,71,71,NA,NA
100,1.5,0.7,0.2,0.1,0.5,50,1,0,1,0,2256.12,174,764.580173983723,0,50,NA,NA,0,6.93889390390723e-18,0.0713475991333587,0.928652400866641,1,2038.82871877945,2473.41128122055,174,174,NA,NA
100,1.5,0.7,0.2,0.1,1,50,1,0.02,0.98,0,4203.08,174,1394.56296775026,0,50,0.449525097902195,NA,1,0.00353925927164624,0.104954435896378,0.895045564103622,0.996460740728354,3806.74958977458,4599.41041022542,174,174,NA,NA
100,1.5,0.7,0.2,0.1,1.5,50,1,0,1,0,9188.46,177.92,2958.78333524068,19.3989690447714,50,NA,NA,0,6.93889390390723e-18,0.0713475991333587,0.928652400866641,1,8347.58308003143,10029.3369199686,172.406873997617,183.433126002383,NA,NA
100,1.5,0.7,0.2,0.5,0.5,50,1,0.1,0.82,0.08,3508,1637,1469.14448241284,0,50,0.447891932746267,0,5,0.0434757649318904,0.213602314374797,0.692039463256992,0.902298073297658,3090.47375782937,3925.52624217063,1637,1637,0.447891932746267,0.447891932746267
100,1.5,0.7,0.2,0.5,1,50,1,0.04,0.94,0.02,6587.7,1637,3065.32652487164,0,50,1.79371138994665,1.26908553274843,2,0.0110388843276198,0.13460090687507,0.837829083111618,0.979385029651026,5716.54384056383,7458.85615943617,1637,1637,-9.60856973353529,13.1959925134286
100,1.5,0.7,0.2,0.5,1.5,50,1,0.02,0.98,0,12658.14,1589.72,5353.29366480419,161.962081730161,50,1.34383656414251,NA,1,0.00353925927164624,0.104954435896378,0.895045564103622,0.996460740728354,11136.7507739174,14179.5292260826,1543.69088566275,1635.74911433725,NA,NA
100,1.5,0.7,0.2,1,0.5,50,1,0.3,0.34,0.36,4153.66,4012,1801.61069216478,0,50,0.806649617579659,0.386229794178659,15,0.191035535008809,0.437503504644534,0.224369492225001,0.478461739497674,3641.64790645928,4665.67209354072,4012,4012,0.59276268676112,1.0205365483982
100,1.5,0.7,0.2,1,1,50,1,0.08,0.82,0.1,7693.52,3316.48,3512.04097437861,731.269799731946,50,1.34503615030485,1.21476059631404,4,0.031549514088593,0.188382469183428,0.692039463256992,0.902298073297658,6695.40899870944,8691.63100129056,3108.65542239719,3524.30457760281,-0.587919035467075,3.27799133607678
100,1.5,0.7,0.2,1,1.5,50,1,0.02,0.98,0,14969.58,3258.52,7396.88108318469,731.269799731946,50,1.79214971313545,NA,1,0.00353925927164624,0.104954435896378,0.895045564103622,0.996460740728354,12867.4096556831,17071.7503443169,3050.69542239719,3466.34457760281,NA,NA
100,1.5,0.7,0.2,3,0.5,50,1,0.8,0.1,0.1,7029.02,13617.16,3993.07312214233,2620.88154167833,50,1.09821535560546,0.63349428119648,40,0.669628940677746,0.887562499842239,0.0434757649318904,0.213602314374797,5894.20117492263,8163.83882507737,12872.3137072282,14362.0062927718,0.895614055502814,1.30081665570811
100,1.5,0.7,0.2,3,1,50,1,0.26,0.38,0.36,11608.6,9835,7192.53953051071,0,50,1.10354617319084,1.13754795162547,13,0.158715274935524,0.395531572648488,0.258627893101936,0.51849553069007,9564.50288240012,13652.6971175999,9835,9835,0.416132825825728,1.79095952055595
100,1.5,0.7,0.2,3,1.5,50,1,0.06,0.72,0.22,19230.28,9835,10631.8113649364,0,50,1.34447893968122,1.55229838242667,3,0.020614970348974,0.162170916888382,0.583348763040434,0.825258293340888,16208.7526418613,22251.8073581387,9835,9835,-2.51164401199391,5.20060189135635
100,1.5,0.7,0.2,5,0.5,50,1,0.98,0,0.02,8966.26,24106,5330.3368726487,0,50,1.2441555609678,0.744829942674375,49,0.895045564103622,0.996460740728354,6.93889390390723e-18,0.0713475991333587,7451.3950220603,10481.1249779397,24106,24106,1.03021542221632,1.45809569971928
100,1.5,0.7,0.2,5,1,50,1,0.54,0.1,0.36,14297.36,19751.5,8521.50832140864,4398.7092552526,50,1.1456080077111,0.965906672310013,27,0.403988713991575,0.670303478077756,0.0434757649318904,0.213602314374797,11875.574130975,16719.145869025,18501.4006614172,21001.5993385828,0.763508054053351,1.52770796136885
100,1.5,0.7,0.2,5,1.5,50,1,0.26,0.48,0.26,23043.64,16964.62,14099.8733382066,3379.85782148738,50,0.827461836975376,0.855101874841187,13,0.158715274935524,0.395531572648488,0.347971352865781,0.614882551099554,19036.5003343936,27050.7796656064,16004.0750351106,17925.1649648894,0.310728945598947,1.3441947283518
100,1.5,0.7,0.2,10,0.5,50,1,0.96,0,0.04,13320.6,38594.88,9216.75374477569,4225.61012447689,50,1.4475375653955,0.916488341709824,48,0.86539909312493,0.98896111567238,6.93889390390723e-18,0.0713475991333587,10701.2275678563,15939.9724321437,37393.9748900727,39795.7851099273,1.18141709142878,1.71365803936222
100,1.5,0.7,0.2,10,1,50,1,0.76,0.06,0.18,21197.18,37741,14693.5974265762,0,50,1.23868243134073,1.02360170322456,38,0.625873162420571,0.857026086030083,0.020614970348974,0.162170916888382,17021.3058154469,25373.0541845531,37741,37741,0.902232923695972,1.57513193898549
100,1.5,0.7,0.2,10,1.5,50,1,0.72,0.18,0.1,30404.46,37741,24891.4860833407,0,50,0.90898072074923,0.730459911603217,36,0.583348763040434,0.825258293340888,0.0977019267023418,0.307960536743008,23330.3779264989,37478.5420735012,37741,37741,0.661828644446774,1.15613279705169
100,1.5,0.7,0.3,0.001,0.5,50,1,0,1,0,896.98,71,229.336531084334,0,50,NA,NA,0,6.93889390390723e-18,0.0713475991333587,0.928652400866641,1,831.803279015534,962.156720984466,71,71,NA,NA
100,1.5,0.7,0.3,0.001,1,50,1,0,0.98,0.02,1306.88,71,366.046146304656,0,50,NA,NA,0,6.93889390390723e-18,0.0713475991333587,0.895045564103622,0.996460740728354,1202.85083625389,1410.90916374611,71,71,NA,NA
100,1.5,0.7,0.3,0.001,1.5,50,1,0,1,0,3324.84,71,892.324740924125,0,50,NA,NA,0,6.93889390390723e-18,0.0713475991333587,0.928652400866641,1,3071.24411454832,3578.43588545168,71,71,NA,NA
100,1.5,0.7,0.3,0.01,0.5,50,1,0,1,0,1470.96,71,295.441831700197,0,50,NA,NA,0,6.93889390390723e-18,0.0713475991333587,0.928652400866641,1,1386.99636044891,1554.92363955109,71,71,NA,NA
100,1.5,0.7,0.3,0.01,1,50,1,0,0.98,0.02,2337.56,71,590.344318761414,0,50,NA,NA,0,6.93889390390723e-18,0.0713475991333587,0.895045564103622,0.996460740728354,2169.78600094824,2505.33399905176,71,71,NA,NA
100,1.5,0.7,0.3,0.01,1.5,50,1,0,1,0,5483.82,71,1638.71454960955,0,50,NA,NA,0,6.93889390390723e-18,0.0713475991333587,0.928652400866641,1,5018.10247794586,5949.53752205414,71,71,NA,NA
100,1.5,0.7,0.3,0.1,0.5,50,1,0,1,0,3144.44,174,1020.17369789539,0,50,NA,NA,0,6.93889390390723e-18,0.0713475991333587,0.928652400866641,1,2854.50984299868,3434.37015700132,174,174,NA,NA
100,1.5,0.7,0.3,0.1,1,50,1,0.02,0.98,0,5846.76,174,1869.86914919254,0,50,0.896375422173214,NA,1,0.00353925927164624,0.104954435896378,0.895045564103622,0.996460740728354,5315.34906761101,6378.170932389,174,174,NA,NA
100,1.5,0.7,0.3,0.1,1.5,50,1,0,1,0,12705.78,174,3953.64298704114,0,50,NA,NA,0,6.93889390390723e-18,0.0713475991333587,0.928652400866641,1,11582.1670953302,13829.3929046698,174,174,NA,NA
100,1.5,0.7,0.3,0.5,0.5,50,1,0,0.94,0.06,5386,1637,2308.06033062308,0,50,NA,NA,0,6.93889390390723e-18,0.0713475991333587,0.837829083111618,0.979385029651026,4730.05651174249,6041.94348825751,1637,1637,NA,NA
100,1.5,0.7,0.3,0.5,1,50,1,0.04,0.96,0,10148.4,1625.18,3744.21290058377,83.5800215362499,50,2.01713655208215,1.58505642721587,2,0.0110388843276198,0.13460090687507,0.86539909312493,0.98896111567238,9084.30646734755,11212.4935326525,1601.42682069713,1648.93317930287,-12.2240304247065,16.2583035288708
100,1.5,0.7,0.3,0.5,1.5,50,1,0,1,0,20959.68,1625.18,9726.39632374348,83.5800215362499,50,NA,NA,0,6.93889390390723e-18,0.0713475991333587,0.928652400866641,1,18195.4687494869,23723.8912505131,1601.42682069713,1648.93317930287,NA,NA
100,1.5,0.7,0.3,1,0.5,50,1,0.1,0.76,0.14,7514.14,4012,3662.62175536284,0,50,0.717099312113517,0.245551224529606,5,0.0434757649318904,0.213602314374797,0.625873162420571,0.857026086030083,6473.23441425563,8555.04558574437,4012,4012,0.412207196900256,1.02199142732678
100,1.5,0.7,0.3,1,1,50,1,0.06,0.94,0,12186.38,3490.36,4982.80192421075,702.581297786954,50,1.79289392549916,1.95405791363466,3,0.020614970348974,0.162170916888382,0.837829083111618,0.979385029651026,10770.2833615812,13602.4766384188,3290.68860443884,3690.03139556116,-3.06125502870487,6.64704287970319
100,1.5,0.7,0.3,1,1.5,50,1,0,1,0,24679.54,3142.6,11555.0662361951,717.069034333515,50,NA,NA,0,6.93889390390723e-18,0.0713475991333587,0.928652400866641,1,21395.6265106285,27963.4534893715,2938.81123526906,3346.38876473094,NA,NA
100,1.5,0.7,0.3,3,0.5,50,1,0.42,0.26,0.32,13447.64,13950.88,6762.47037568674,2464.45266217098,50,0.853813438758173,0.565341084410983,21,0.29375003354712,0.557665582314218,0.158715274935524,0.395531572648488,11525.7671838468,15369.5128161532,13250.4903028929,14651.2696971071,0.596473262442696,1.11115361507365
100,1.5,0.7,0.3,3,1,50,1,0.06,0.84,0.1,21630.4,9835,11714.5674338947,0,50,2.83892198147974,1.86640307330684,3,0.020614970348974,0.162170916888382,0.71485783936965,0.916625793219666,18301.1567717944,24959.6432282056,9835,9835,-1.7974802782485,7.47532424120798
100,1.5,0.7,0.3,3,1.5,50,1,0.04,0.96,0,37981.76,9946.24,22135.8232436907,786.585583391916,50,0.448259050724568,0,2,0.0110388843276198,0.13460090687507,0.86539909312493,0.98896111567238,31690.8286403338,44272.6913596662,9722.69485062174,10169.7851493783,0.448259050724568,0.448259050724568
100,1.5,0.7,0.3,5,0.5,50,1,0.56,0.08,0.36,17882.36,24106,9169.9469492156,0,50,0.912545328894343,0.615863265746941,28,0.423060280216569,0.688378007887428,0.031549514088593,0.188382469183428,15276.2899119703,20488.4300880297,24106,24106,0.673738484624025,1.15135217316466
100,1.5,0.7,0.3,5,1,50,1,0.2,0.62,0.18,29026.06,19925.68,16745.2617476206,4395.18887913424,50,1.47924848937384,1.73031274240421,10,0.112437500157761,0.330371059322254,0.48150446930993,0.741372106898064,24267.1092668733,33785.0107331267,18676.5811412402,21174.7788587598,0.241457319605949,2.71703965914173
100,1.5,0.7,0.3,5,1.5,50,1,0.06,0.8,0.14,50038.3,16964.62,37066.5366280968,3379.85782148738,50,0.597665868152152,0.258784341264823,3,0.020614970348974,0.162170916888382,0.669628940677746,0.887562499842239,39504.1068461776,60572.4931538224,16004.0750351106,17925.1649648894,-0.0451900731942622,1.24052180949857
100,1.5,0.7,0.3,10,0.5,50,1,0.5,0.16,0.34,31359.52,38594.88,15999.7993893546,4225.61012447689,50,0.950355924835088,0.831820148942922,25,0.366445143168286,0.633554856831714,0.0833742067803341,0.28514216063035,26812.4273249829,35906.6126750171,37393.9748900727,39795.7851099273,0.606997443047787,1.29371440662239
100,1.5,0.7,0.3,10,1,50,1,0.3,0.52,0.18,48261.54,37741,28674.8112861146,0,50,1.31492859232778,1.62036689296594,15,0.191035535008809,0.437503504644534,0.385117448900446,0.652028647134219,40112.2488005528,56410.8311994472,37741,37741,0.417599316440426,2.21225786821513
100,1.5,0.7,0.3,10,1.5,50,1,0.18,0.54,0.28,69376.18,37741,47062.7607201234,0,50,0.747127795429998,0.501167976693016,9,0.0977019267023418,0.307960536743008,0.403988713991575,0.670303478077756,56001.091392393,82751.268607607,37741,37741,0.361895986534665,1.13235960432533
100,1.5,0.7,0.4,0.001,0.5,50,1,0,1,0,1115.38,71,386.944645621968,0,50,NA,NA,0,6.93889390390723e-18,0.0713475991333587,0.928652400866641,1,1005.41154846333,1225.34845153667,71,71,NA,NA
100,1.5,0.7,0.4,0.001,1,50,1,0,1,0,1880.92,71,528.724489035757,0,50,NA,NA,0,6.93889390390723e-18,0.0713475991333587,0.928652400866641,1,1730.65816279245,2031.18183720755,71,71,NA,NA
100,1.5,0.7,0.4,0.001,1.5,50,1,0,1,0,5015.16,71,1796.80394669456,0,50,NA,NA,0,6.93889390390723e-18,0.0713475991333587,0.928652400866641,1,4504.51396840709,5525.80603159291,71,71,NA,NA
100,1.5,0.7,0.4,0.01,0.5,50,1,0,1,0,1812.12,71,562.034483654096,0,50,NA,NA,0,6.93889390390723e-18,0.0713475991333587,0.928652400866641,1,1652.39156706534,1971.84843293466,71,71,NA,NA
100,1.5,0.7,0.4,0.01,1,50,1,0,1,0,3316.48,71,731.269799731946,0,50,NA,NA,0,6.93889390390723e-18,0.0713475991333587,0.928652400866641,1,3108.65542239719,3524.30457760281,71,71,NA,NA
100,1.5,0.7,0.4,0.01,1.5,50,1,0,1,0,7277.54,71,2170.64439045089,0,50,NA,NA,0,6.93889390390723e-18,0.0713475991333587,0.928652400866641,1,6660.64968983441,7894.43031016559,71,71,NA,NA
100,1.5,0.7,0.4,0.1,0.5,50,1,0,1,0,4596,174,1407.66242764524,0,50,NA,NA,0,6.93889390390723e-18,0.0713475991333587,0.928652400866641,1,4195.94676446374,4996.05323553626,174,174,NA,NA
100,1.5,0.7,0.4,0.1,1,50,1,0,1,0,9219.98,174,2606.07991239638,0,50,NA,NA,0,6.93889390390723e-18,0.0713475991333587,0.928652400866641,1,8479.34028372636,9960.61971627364,174,174,NA,NA
100,1.5,0.7,0.4,0.1,1.5,50,1,0,1,0,20874.26,179.88,5952.56067968283,23.5099978732453,50,NA,NA,0,6.93889390390723e-18,0.0713475991333587,0.928652400866641,1,19182.5609726866,22565.9590273134,173.198532531712,186.561467468288,NA,NA
100,1.5,0.7,0.4,0.5,0.5,50,1,0.02,0.98,0,9175.94,1637,3500.56915727971,0,50,0.447891932746267,NA,1,0.00353925927164624,0.104954435896378,0.895045564103622,0.996460740728354,8181.08925305577,10170.7907469442,1637,1637,NA,NA
100,1.5,0.7,0.4,0.5,1,50,1,0,1,0,19679.06,1625.18,6918.26106914276,83.5800215362499,50,NA,NA,0,6.93889390390723e-18,0.0713475991333587,0.928652400866641,1,17712.9119586511,21645.2080413489,1601.42682069713,1648.93317930287,NA,NA
100,1.5,0.7,0.4,0.5,1.5,50,1,0,1,0,40650.52,1625.18,15012.5262925087,83.5800215362499,50,NA,NA,0,6.93889390390723e-18,0.0713475991333587,0.928652400866641,1,36384.0072346221,44917.0327653779,1601.42682069713,1648.93317930287,NA,NA
100,1.5,0.7,0.4,1,0.5,50,1,0.02,0.98,0,13652.54,4012,5958.37852278758,0,50,1.34431650445696,NA,1,0.00353925927164624,0.104954435896378,0.895045564103622,0.996460740728354,11959.1875599705,15345.8924400295,4012,4012,NA,NA
100,1.5,0.7,0.4,1,1,50,1,0,0.96,0.04,28244.04,3490.36,11243.3538807672,702.581297786954,50,NA,NA,0,6.93889390390723e-18,0.0713475991333587,0.86539909312493,0.98896111567238,25048.7141818603,31439.3658181398,3290.68860443884,3690.03139556116,NA,NA
100,1.5,0.7,0.4,1,1.5,50,1,0,1,0,57673.46,3142.6,28683.9915299493,717.069034333515,50,NA,NA,0,6.93889390390723e-18,0.0713475991333587,0.928652400866641,1,49521.5598041223,65825.3601958777,2938.81123526906,3346.38876473094,NA,NA
100,1.5,0.7,0.4,3,0.5,50,1,0.06,0.78,0.16,28344.28,13950.88,12448.6606066513,2464.45266217098,50,1.19522786791213,1.29381722980528,3,0.020614970348974,0.162170916888382,0.647584504187463,0.872460840297856,24806.4098004561,31882.1501995439,13250.4903028929,14651.2696971071,-2.01879230475951,4.40924804058377
100,1.5,0.7,0.4,3,1,50,1,0.02,0.96,0.02,56244.98,9835,28053.0580547662,0,50,0.896657581741333,NA,1,0.00353925927164624,0.104954435896378,0.86539909312493,0.98896111567238,48272.3891137963,64217.5708862037,9835,9835,NA,NA
100,1.5,0.7,0.4,3,1.5,50,1,0.02,0.98,0,105451.4,9835,52188.2123218159,0,50,0.448259050724568,NA,1,0.00353925927164624,0.104954435896378,0.895045564103622,0.996460740728354,90619.6741641964,120283.125835804,9835,9835,NA,NA
100,1.5,0.7,0.4,5,0.5,50,1,0.08,0.7,0.22,41744.46,24106,20750.3540979966,0,50,1.12058791681963,1.34459965980253,4,0.031549514088593,0.188382469183428,0.562496495355466,0.808964464991191,35847.2746149264,47641.6453850736,24106,24106,-1.01897019289252,3.26014602653178
100,1.5,0.7,0.4,5,1,50,1,0.04,0.88,0.08,85833.34,20448.22,45805.3846623485,4342.04074699575,50,1.3448421111958,0.634032656451628,2,0.0110388843276198,0.13460090687507,0.76195182616797,0.943823998490677,72815.5937141882,98851.0862858118,19214.2256732695,21682.2143267305,-4.35171529472854,7.04139951712014
100,1.5,0.7,0.4,5,1.5,50,1,0.02,0.96,0.02,150032.06,17312.98,94743.0500186323,3644.29809870775,50,1.3447723710497,NA,1,0.00353925927164624,0.104954435896378,0.86539909312493,0.98896111567238,123106.38310463,176957.73689537,16277.2819398582,18348.6780601418,NA,NA
100,1.5,0.7,0.4,10,0.5,50,1,0.08,0.72,0.2,78502.94,38594.88,38398.7581609412,4225.61012447689,50,1.34472877710073,1.50890166693804,4,0.031549514088593,0.188382469183428,0.583348763040434,0.825258293340888,67590.1336757195,89415.7463242805,37393.9748900727,39795.7851099273,-1.05627049039097,3.74572804459243
100,1.5,0.7,0.4,10,1,50,1,0.04,0.92,0.04,162039.34,37741,92543.1884318178,0,50,1.79312837570433,0.634032656451628,2,0.0110388843276198,0.13460090687507,0.811617530816572,0.968450485911407,135738.856850129,188339.823149871,37741,37741,-3.90342903022001,7.48968578162867
100,1.5,0.7,0.4,10,1.5,50,0.86,0.04,0.8,0.02,191415.325581395,37741,115079.687257243,0,43,1.12067245003338,0.950897662721553,2,0.0110388843276198,0.13460090687507,0.669628940677746,0.887562499842239,155999.025396616,226831.625766174,37741,37741,-7.42280408502089,9.66414898508765
