"mu","sigma","item_overlap","class_overlap","n_preferred","seed","ob_alpha","ow_alpha"
10,0.5,0.5,0.2,50,1,0.001,0.237137370566165
10,0.5,0.5,0.2,50,2,0.001,0.237137370566165
10,0.5,0.5,0.2,50,3,0.001,0.237137370566165
10,0.5,0.5,0.2,50,4,0.001,0.237137370566165
10,0.5,0.5,0.2,50,5,0.001,0.237137370566165
10,0.5,0.5,0.2,50,6,0.001,0.237137370566165
10,0.5,0.5,0.2,50,7,0.001,0.237137370566165
10,0.5,0.5,0.2,50,8,0.001,0.237137370566165
10,0.5,0.5,0.2,50,9,0.001,0.237137370566165
10,0.5,0.5,0.2,50,10,0.001,0.237137370566165
10,0.5,0.5,0.2,50,11,0.001,0.237137370566165
10,0.5,0.5,0.2,50,12,0.001,0.237137370566165
10,0.5,0.5,0.2,50,13,0.001,0.237137370566165
10,0.5,0.5,0.2,50,14,0.001,0.237137370566165
10,0.5,0.5,0.2,50,15,0.001,0.237137370566165
10,0.5,0.5,0.2,50,16,0.001,0.237137370566165
10,0.5,0.5,0.2,50,17,0.001,0.237137370566165
10,0.5,0.5,0.2,50,18,0.001,0.237137370566165
10,0.5,0.5,0.2,50,19,0.001,0.237137370566165
10,0.5,0.5,0.2,50,20,0.001,0.237137370566165
10,0.5,0.5,0.2,50,21,0.001,0.237137370566165
10,0.5,0.5,0.2,50,22,0.001,0.237137370566165
10,0.5,0.5,0.2,50,23,0.001,0.237137370566165
10,0.5,0.5,0.2,50,24,0.001,0.237137370566165
10,0.5,0.5,0.2,50,25,0.001,0.237137370566165
10,0.5,0.5,0.2,50,26,0.001,0.237137370566165
10,0.5,0.5,0.2,50,27,0.001,0.237137370566165
10,0.5,0.5,0.2,50,28,0.001,0.237137370566165
10,0.5,0.5,0.2,50,29,0.001,0.237137370566165
10,0.5,0.5,0.2,50,30,0.001,0.237137370566165
10,0.5,0.5,0.2,50,31,0.001,0.237137370566165
10,0.5,0.5,0.2,50,32,0.001,0.237137370566165
10,0.5,0.5,0.2,50,33,0.001,0.237137370566165
10,0.5,0.5,0.2,50,34,0.001,0.237137370566165
10,0.5,0.5,0.2,50,35,0.001,0.237137370566165
10,0.5,0.5,0.2,50,36,0.001,0.237137370566165
10,0.5,0.5,0.2,50,37,0.001,0.237137370566165
10,0.5,0.5,0.2,50,38,0.001,0.237137370566165
10,0.5,0.5,0.2,50,39,0.001,0.237137370566165
10,0.5,0.5,0.2,50,40,0.001,0.237137370566165
10,0.5,0.5,0.2,50,41,0.001,0.237137370566165
10,0.5,0.5,0.2,50,42,0.001,0.237137370566165
10,0.5,0.5,0.2,50,43,0.001,0.237137370566165
10,0.5,0.5,0.2,50,44,0.001,0.237137370566165
10,0.5,0.5,0.2,50,45,0.001,0.237137370566165
10,0.5,0.5,0.2,50,46,0.001,0.237137370566165
10,0.5,0.5,0.2,50,47,0.001,0.237137370566165
10,0.5,0.5,0.2,50,48,0.001,0.237137370566165
10,0.5,0.5,0.2,50,49,0.001,0.237137370566165
10,0.5,0.5,0.2,50,50,0.001,0.237137370566165
30,0.5,0.5,0.2,50,1,0.001,0.133352143216332
30,0.5,0.5,0.2,50,2,0.001,0.133352143216332
30,0.5,0.5,0.2,50,3,0.001,0.133352143216332
30,0.5,0.5,0.2,50,4,0.001,0.133352143216332
30,0.5,0.5,0.2,50,5,0.001,0.133352143216332
30,0.5,0.5,0.2,50,6,0.001,0.133352143216332
30,0.5,0.5,0.2,50,7,0.001,0.133352143216332
30,0.5,0.5,0.2,50,8,0.001,0.133352143216332
30,0.5,0.5,0.2,50,9,0.001,0.133352143216332
30,0.5,0.5,0.2,50,10,0.001,0.133352143216332
30,0.5,0.5,0.2,50,11,0.001,0.133352143216332
30,0.5,0.5,0.2,50,12,0.001,0.133352143216332
30,0.5,0.5,0.2,50,13,0.001,0.133352143216332
30,0.5,0.5,0.2,50,14,0.001,0.133352143216332
30,0.5,0.5,0.2,50,15,0.001,0.133352143216332
30,0.5,0.5,0.2,50,16,0.001,0.133352143216332
30,0.5,0.5,0.2,50,17,0.001,0.133352143216332
30,0.5,0.5,0.2,50,18,0.001,0.133352143216332
30,0.5,0.5,0.2,50,19,0.001,0.133352143216332
30,0.5,0.5,0.2,50,20,0.001,0.133352143216332
30,0.5,0.5,0.2,50,21,0.001,0.133352143216332
30,0.5,0.5,0.2,50,22,0.001,0.133352143216332
30,0.5,0.5,0.2,50,23,0.001,0.133352143216332
30,0.5,0.5,0.2,50,24,0.001,0.133352143216332
30,0.5,0.5,0.2,50,25,0.001,0.133352143216332
30,0.5,0.5,0.2,50,26,0.001,0.133352143216332
30,0.5,0.5,0.2,50,27,0.001,0.133352143216332
30,0.5,0.5,0.2,50,28,0.001,0.133352143216332
30,0.5,0.5,0.2,50,29,0.001,0.133352143216332
30,0.5,0.5,0.2,50,30,0.001,0.133352143216332
30,0.5,0.5,0.2,50,31,0.001,0.133352143216332
30,0.5,0.5,0.2,50,32,0.001,0.133352143216332
30,0.5,0.5,0.2,50,33,0.001,0.133352143216332
30,0.5,0.5,0.2,50,34,0.001,0.133352143216332
30,0.5,0.5,0.2,50,35,0.001,0.133352143216332
30,0.5,0.5,0.2,50,36,0.001,0.133352143216332
30,0.5,0.5,0.2,50,37,0.001,0.133352143216332
30,0.5,0.5,0.2,50,38,0.001,0.133352143216332
30,0.5,0.5,0.2,50,39,0.001,0.133352143216332
30,0.5,0.5,0.2,50,40,0.001,0.133352143216332
30,0.5,0.5,0.2,50,41,0.001,0.133352143216332
30,0.5,0.5,0.2,50,42,0.001,0.133352143216332
30,0.5,0.5,0.2,50,43,0.001,0.133352143216332
30,0.5,0.5,0.2,50,44,0.001,0.133352143216332
30,0.5,0.5,0.2,50,45,0.001,0.133352143216332
30,0.5,0.5,0.2,50,46,0.001,0.133352143216332
30,0.5,0.5,0.2,50,47,0.001,0.133352143216332
30,0.5,0.5,0.2,50,48,0.001,0.133352143216332
30,0.5,0.5,0.2,50,49,0.001,0.133352143216332
30,0.5,0.5,0.2,50,50,0.001,0.133352143216332
60,0.5,0.5,0.2,50,1,0.001,0.1
60,0.5,0.5,0.2,50,2,0.001,0.1
60,0.5,0.5,0.2,50,3,0.001,0.1
60,0.5,0.5,0.2,50,4,0.001,0.1
60,0.5,0.5,0.2,50,5,0.001,0.1
60,0.5,0.5,0.2,50,6,0.001,0.1
60,0.5,0.5,0.2,50,7,0.001,0.1
60,0.5,0.5,0.2,50,8,0.001,0.1
60,0.5,0.5,0.2,50,9,0.001,0.1
60,0.5,0.5,0.2,50,10,0.001,0.1
60,0.5,0.5,0.2,50,11,0.001,0.1
60,0.5,0.5,0.2,50,12,0.001,0.1
60,0.5,0.5,0.2,50,13,0.001,0.1
60,0.5,0.5,0.2,50,14,0.001,0.1
60,0.5,0.5,0.2,50,15,0.001,0.1
60,0.5,0.5,0.2,50,16,0.001,0.1
60,0.5,0.5,0.2,50,17,0.001,0.1
60,0.5,0.5,0.2,50,18,0.001,0.1
60,0.5,0.5,0.2,50,19,0.001,0.1
60,0.5,0.5,0.2,50,20,0.001,0.1
60,0.5,0.5,0.2,50,21,0.001,0.1
60,0.5,0.5,0.2,50,22,0.001,0.1
60,0.5,0.5,0.2,50,23,0.001,0.1
60,0.5,0.5,0.2,50,24,0.001,0.1
60,0.5,0.5,0.2,50,25,0.001,0.1
60,0.5,0.5,0.2,50,26,0.001,0.1
60,0.5,0.5,0.2,50,27,0.001,0.1
60,0.5,0.5,0.2,50,28,0.001,0.1
60,0.5,0.5,0.2,50,29,0.001,0.1
60,0.5,0.5,0.2,50,30,0.001,0.1
60,0.5,0.5,0.2,50,31,0.001,0.1
60,0.5,0.5,0.2,50,32,0.001,0.1
60,0.5,0.5,0.2,50,33,0.001,0.1
60,0.5,0.5,0.2,50,34,0.001,0.1
60,0.5,0.5,0.2,50,35,0.001,0.1
60,0.5,0.5,0.2,50,36,0.001,0.1
60,0.5,0.5,0.2,50,37,0.001,0.1
60,0.5,0.5,0.2,50,38,0.001,0.1
60,0.5,0.5,0.2,50,39,0.001,0.1
60,0.5,0.5,0.2,50,40,0.001,0.1
60,0.5,0.5,0.2,50,41,0.001,0.1
60,0.5,0.5,0.2,50,42,0.001,0.1
60,0.5,0.5,0.2,50,43,0.001,0.1
60,0.5,0.5,0.2,50,44,0.001,0.1
60,0.5,0.5,0.2,50,45,0.001,0.1
60,0.5,0.5,0.2,50,46,0.001,0.1
60,0.5,0.5,0.2,50,47,0.001,0.1
60,0.5,0.5,0.2,50,48,0.001,0.1
60,0.5,0.5,0.2,50,49,0.001,0.1
60,0.5,0.5,0.2,50,50,0.001,0.1
100,0.5,0.5,0.2,50,1,0.001,0.1
100,0.5,0.5,0.2,50,2,0.001,0.1
100,0.5,0.5,0.2,50,3,0.001,0.1
100,0.5,0.5,0.2,50,4,0.001,0.1
100,0.5,0.5,0.2,50,5,0.001,0.1
100,0.5,0.5,0.2,50,6,0.001,0.1
100,0.5,0.5,0.2,50,7,0.001,0.1
100,0.5,0.5,0.2,50,8,0.001,0.1
100,0.5,0.5,0.2,50,9,0.001,0.1
100,0.5,0.5,0.2,50,10,0.001,0.1
100,0.5,0.5,0.2,50,11,0.001,0.1
100,0.5,0.5,0.2,50,12,0.001,0.1
100,0.5,0.5,0.2,50,13,0.001,0.1
100,0.5,0.5,0.2,50,14,0.001,0.1
100,0.5,0.5,0.2,50,15,0.001,0.1
100,0.5,0.5,0.2,50,16,0.001,0.1
100,0.5,0.5,0.2,50,17,0.001,0.1
100,0.5,0.5,0.2,50,18,0.001,0.1
100,0.5,0.5,0.2,50,19,0.001,0.1
100,0.5,0.5,0.2,50,20,0.001,0.1
100,0.5,0.5,0.2,50,21,0.001,0.1
100,0.5,0.5,0.2,50,22,0.001,0.1
100,0.5,0.5,0.2,50,23,0.001,0.1
100,0.5,0.5,0.2,50,24,0.001,0.1
100,0.5,0.5,0.2,50,25,0.001,0.1
100,0.5,0.5,0.2,50,26,0.001,0.1
100,0.5,0.5,0.2,50,27,0.001,0.1
100,0.5,0.5,0.2,50,28,0.001,0.1
100,0.5,0.5,0.2,50,29,0.001,0.1
100,0.5,0.5,0.2,50,30,0.001,0.1
100,0.5,0.5,0.2,50,31,0.001,0.1
100,0.5,0.5,0.2,50,32,0.001,0.1
100,0.5,0.5,0.2,50,33,0.001,0.1
100,0.5,0.5,0.2,50,34,0.001,0.1
100,0.5,0.5,0.2,50,35,0.001,0.1
100,0.5,0.5,0.2,50,36,0.001,0.1
100,0.5,0.5,0.2,50,37,0.001,0.1
100,0.5,0.5,0.2,50,38,0.001,0.1
100,0.5,0.5,0.2,50,39,0.001,0.1
100,0.5,0.5,0.2,50,40,0.001,0.1
100,0.5,0.5,0.2,50,41,0.001,0.1
100,0.5,0.5,0.2,50,42,0.001,0.1
100,0.5,0.5,0.2,50,43,0.001,0.1
100,0.5,0.5,0.2,50,44,0.001,0.1
100,0.5,0.5,0.2,50,45,0.001,0.1
100,0.5,0.5,0.2,50,46,0.001,0.1
100,0.5,0.5,0.2,50,47,0.001,0.1
100,0.5,0.5,0.2,50,48,0.001,0.1
100,0.5,0.5,0.2,50,49,0.001,0.1
100,0.5,0.5,0.2,50,50,0.001,0.1
10,1,0.5,0.2,50,1,0.001,0.177827941003892
10,1,0.5,0.2,50,2,0.001,0.177827941003892
10,1,0.5,0.2,50,3,0.001,0.177827941003892
10,1,0.5,0.2,50,4,0.001,0.177827941003892
10,1,0.5,0.2,50,5,0.001,0.177827941003892
10,1,0.5,0.2,50,6,0.001,0.177827941003892
10,1,0.5,0.2,50,7,0.001,0.177827941003892
10,1,0.5,0.2,50,8,0.001,0.177827941003892
10,1,0.5,0.2,50,9,0.001,0.177827941003892
10,1,0.5,0.2,50,10,0.001,0.177827941003892
10,1,0.5,0.2,50,11,0.001,0.177827941003892
10,1,0.5,0.2,50,12,0.001,0.177827941003892
10,1,0.5,0.2,50,13,0.001,0.177827941003892
10,1,0.5,0.2,50,14,0.001,0.177827941003892
10,1,0.5,0.2,50,15,0.001,0.177827941003892
10,1,0.5,0.2,50,16,0.001,0.177827941003892
10,1,0.5,0.2,50,17,0.001,0.177827941003892
10,1,0.5,0.2,50,18,0.001,0.177827941003892
10,1,0.5,0.2,50,19,0.001,0.177827941003892
10,1,0.5,0.2,50,20,0.001,0.177827941003892
10,1,0.5,0.2,50,21,0.001,0.177827941003892
10,1,0.5,0.2,50,22,0.001,0.177827941003892
10,1,0.5,0.2,50,23,0.001,0.177827941003892
10,1,0.5,0.2,50,24,0.001,0.177827941003892
10,1,0.5,0.2,50,25,0.001,0.177827941003892
10,1,0.5,0.2,50,26,0.001,0.177827941003892
10,1,0.5,0.2,50,27,0.001,0.177827941003892
10,1,0.5,0.2,50,28,0.001,0.177827941003892
10,1,0.5,0.2,50,29,0.001,0.177827941003892
10,1,0.5,0.2,50,30,0.001,0.177827941003892
10,1,0.5,0.2,50,31,0.001,0.177827941003892
10,1,0.5,0.2,50,32,0.001,0.177827941003892
10,1,0.5,0.2,50,33,0.001,0.177827941003892
10,1,0.5,0.2,50,34,0.001,0.177827941003892
10,1,0.5,0.2,50,35,0.001,0.177827941003892
10,1,0.5,0.2,50,36,0.001,0.177827941003892
10,1,0.5,0.2,50,37,0.001,0.177827941003892
10,1,0.5,0.2,50,38,0.001,0.177827941003892
10,1,0.5,0.2,50,39,0.001,0.177827941003892
10,1,0.5,0.2,50,40,0.001,0.177827941003892
10,1,0.5,0.2,50,41,0.001,0.177827941003892
10,1,0.5,0.2,50,42,0.001,0.177827941003892
10,1,0.5,0.2,50,43,0.001,0.177827941003892
10,1,0.5,0.2,50,44,0.001,0.177827941003892
10,1,0.5,0.2,50,45,0.001,0.177827941003892
10,1,0.5,0.2,50,46,0.001,0.177827941003892
10,1,0.5,0.2,50,47,0.001,0.177827941003892
10,1,0.5,0.2,50,48,0.001,0.177827941003892
10,1,0.5,0.2,50,49,0.001,0.177827941003892
10,1,0.5,0.2,50,50,0.001,0.177827941003892
30,1,0.5,0.2,50,1,0.001,0.1
30,1,0.5,0.2,50,2,0.001,0.1
30,1,0.5,0.2,50,3,0.001,0.1
30,1,0.5,0.2,50,4,0.001,0.1
30,1,0.5,0.2,50,5,0.001,0.1
30,1,0.5,0.2,50,6,0.001,0.1
30,1,0.5,0.2,50,7,0.001,0.1
30,1,0.5,0.2,50,8,0.001,0.1
30,1,0.5,0.2,50,9,0.001,0.1
30,1,0.5,0.2,50,10,0.001,0.1
30,1,0.5,0.2,50,11,0.001,0.1
30,1,0.5,0.2,50,12,0.001,0.1
30,1,0.5,0.2,50,13,0.001,0.1
30,1,0.5,0.2,50,14,0.001,0.1
30,1,0.5,0.2,50,15,0.001,0.1
30,1,0.5,0.2,50,16,0.001,0.1
30,1,0.5,0.2,50,17,0.001,0.1
30,1,0.5,0.2,50,18,0.001,0.1
30,1,0.5,0.2,50,19,0.001,0.1
30,1,0.5,0.2,50,20,0.001,0.1
30,1,0.5,0.2,50,21,0.001,0.1
30,1,0.5,0.2,50,22,0.001,0.1
30,1,0.5,0.2,50,23,0.001,0.1
30,1,0.5,0.2,50,24,0.001,0.1
30,1,0.5,0.2,50,25,0.001,0.1
30,1,0.5,0.2,50,26,0.001,0.1
30,1,0.5,0.2,50,27,0.001,0.1
30,1,0.5,0.2,50,28,0.001,0.1
30,1,0.5,0.2,50,29,0.001,0.1
30,1,0.5,0.2,50,30,0.001,0.1
30,1,0.5,0.2,50,31,0.001,0.1
30,1,0.5,0.2,50,32,0.001,0.1
30,1,0.5,0.2,50,33,0.001,0.1
30,1,0.5,0.2,50,34,0.001,0.1
30,1,0.5,0.2,50,35,0.001,0.1
30,1,0.5,0.2,50,36,0.001,0.1
30,1,0.5,0.2,50,37,0.001,0.1
30,1,0.5,0.2,50,38,0.001,0.1
30,1,0.5,0.2,50,39,0.001,0.1
30,1,0.5,0.2,50,40,0.001,0.1
30,1,0.5,0.2,50,41,0.001,0.1
30,1,0.5,0.2,50,42,0.001,0.1
30,1,0.5,0.2,50,43,0.001,0.1
30,1,0.5,0.2,50,44,0.001,0.1
30,1,0.5,0.2,50,45,0.001,0.1
30,1,0.5,0.2,50,46,0.001,0.1
30,1,0.5,0.2,50,47,0.001,0.1
30,1,0.5,0.2,50,48,0.001,0.1
30,1,0.5,0.2,50,49,0.001,0.1
30,1,0.5,0.2,50,50,0.001,0.1
60,1,0.5,0.2,50,1,0.001,0.0749894209332456
60,1,0.5,0.2,50,2,0.001,0.0749894209332456
60,1,0.5,0.2,50,3,0.001,0.0749894209332456
60,1,0.5,0.2,50,4,0.001,0.0749894209332456
60,1,0.5,0.2,50,5,0.001,0.0749894209332456
60,1,0.5,0.2,50,6,0.001,0.0749894209332456
60,1,0.5,0.2,50,7,0.001,0.0749894209332456
60,1,0.5,0.2,50,8,0.001,0.0749894209332456
60,1,0.5,0.2,50,9,0.001,0.0749894209332456
60,1,0.5,0.2,50,10,0.001,0.0749894209332456
60,1,0.5,0.2,50,11,0.001,0.0749894209332456
60,1,0.5,0.2,50,12,0.001,0.0749894209332456
60,1,0.5,0.2,50,13,0.001,0.0749894209332456
60,1,0.5,0.2,50,14,0.001,0.0749894209332456
60,1,0.5,0.2,50,15,0.001,0.0749894209332456
60,1,0.5,0.2,50,16,0.001,0.0749894209332456
60,1,0.5,0.2,50,17,0.001,0.0749894209332456
60,1,0.5,0.2,50,18,0.001,0.0749894209332456
60,1,0.5,0.2,50,19,0.001,0.0749894209332456
60,1,0.5,0.2,50,20,0.001,0.0749894209332456
60,1,0.5,0.2,50,21,0.001,0.0749894209332456
60,1,0.5,0.2,50,22,0.001,0.0749894209332456
60,1,0.5,0.2,50,23,0.001,0.0749894209332456
60,1,0.5,0.2,50,24,0.001,0.0749894209332456
60,1,0.5,0.2,50,25,0.001,0.0749894209332456
60,1,0.5,0.2,50,26,0.001,0.0749894209332456
60,1,0.5,0.2,50,27,0.001,0.0749894209332456
60,1,0.5,0.2,50,28,0.001,0.0749894209332456
60,1,0.5,0.2,50,29,0.001,0.0749894209332456
60,1,0.5,0.2,50,30,0.001,0.0749894209332456
60,1,0.5,0.2,50,31,0.001,0.0749894209332456
60,1,0.5,0.2,50,32,0.001,0.0749894209332456
60,1,0.5,0.2,50,33,0.001,0.0749894209332456
60,1,0.5,0.2,50,34,0.001,0.0749894209332456
60,1,0.5,0.2,50,35,0.001,0.0749894209332456
60,1,0.5,0.2,50,36,0.001,0.0749894209332456
60,1,0.5,0.2,50,37,0.001,0.0749894209332456
60,1,0.5,0.2,50,38,0.001,0.0749894209332456
60,1,0.5,0.2,50,39,0.001,0.0749894209332456
60,1,0.5,0.2,50,40,0.001,0.0749894209332456
60,1,0.5,0.2,50,41,0.001,0.0749894209332456
60,1,0.5,0.2,50,42,0.001,0.0749894209332456
60,1,0.5,0.2,50,43,0.001,0.0749894209332456
60,1,0.5,0.2,50,44,0.001,0.0749894209332456
60,1,0.5,0.2,50,45,0.001,0.0749894209332456
60,1,0.5,0.2,50,46,0.001,0.0749894209332456
60,1,0.5,0.2,50,47,0.001,0.0749894209332456
60,1,0.5,0.2,50,48,0.001,0.0749894209332456
60,1,0.5,0.2,50,49,0.001,0.0749894209332456
60,1,0.5,0.2,50,50,0.001,0.0749894209332456
100,1,0.5,0.2,50,1,0.001,0.0749894209332456
100,1,0.5,0.2,50,2,0.001,0.0749894209332456
100,1,0.5,0.2,50,3,0.001,0.0749894209332456
100,1,0.5,0.2,50,4,0.001,0.0749894209332456
100,1,0.5,0.2,50,5,0.001,0.0749894209332456
100,1,0.5,0.2,50,6,0.001,0.0749894209332456
100,1,0.5,0.2,50,7,0.001,0.0749894209332456
100,1,0.5,0.2,50,8,0.001,0.0749894209332456
100,1,0.5,0.2,50,9,0.001,0.0749894209332456
100,1,0.5,0.2,50,10,0.001,0.0749894209332456
100,1,0.5,0.2,50,11,0.001,0.0749894209332456
100,1,0.5,0.2,50,12,0.001,0.0749894209332456
100,1,0.5,0.2,50,13,0.001,0.0749894209332456
100,1,0.5,0.2,50,14,0.001,0.0749894209332456
100,1,0.5,0.2,50,15,0.001,0.0749894209332456
100,1,0.5,0.2,50,16,0.001,0.0749894209332456
100,1,0.5,0.2,50,17,0.001,0.0749894209332456
100,1,0.5,0.2,50,18,0.001,0.0749894209332456
100,1,0.5,0.2,50,19,0.001,0.0749894209332456
100,1,0.5,0.2,50,20,0.001,0.0749894209332456
100,1,0.5,0.2,50,21,0.001,0.0749894209332456
100,1,0.5,0.2,50,22,0.001,0.0749894209332456
100,1,0.5,0.2,50,23,0.001,0.0749894209332456
100,1,0.5,0.2,50,24,0.001,0.0749894209332456
100,1,0.5,0.2,50,25,0.001,0.0749894209332456
100,1,0.5,0.2,50,26,0.001,0.0749894209332456
100,1,0.5,0.2,50,27,0.001,0.0749894209332456
100,1,0.5,0.2,50,28,0.001,0.0749894209332456
100,1,0.5,0.2,50,29,0.001,0.0749894209332456
100,1,0.5,0.2,50,30,0.001,0.0749894209332456
100,1,0.5,0.2,50,31,0.001,0.0749894209332456
100,1,0.5,0.2,50,32,0.001,0.0749894209332456
100,1,0.5,0.2,50,33,0.001,0.0749894209332456
100,1,0.5,0.2,50,34,0.001,0.0749894209332456
100,1,0.5,0.2,50,35,0.001,0.0749894209332456
100,1,0.5,0.2,50,36,0.001,0.0749894209332456
100,1,0.5,0.2,50,37,0.001,0.0749894209332456
100,1,0.5,0.2,50,38,0.001,0.0749894209332456
100,1,0.5,0.2,50,39,0.001,0.0749894209332456
100,1,0.5,0.2,50,40,0.001,0.0749894209332456
100,1,0.5,0.2,50,41,0.001,0.0749894209332456
100,1,0.5,0.2,50,42,0.001,0.0749894209332456
100,1,0.5,0.2,50,43,0.001,0.0749894209332456
100,1,0.5,0.2,50,44,0.001,0.0749894209332456
100,1,0.5,0.2,50,45,0.001,0.0749894209332456
100,1,0.5,0.2,50,46,0.001,0.0749894209332456
100,1,0.5,0.2,50,47,0.001,0.0749894209332456
100,1,0.5,0.2,50,48,0.001,0.0749894209332456
100,1,0.5,0.2,50,49,0.001,0.0749894209332456
100,1,0.5,0.2,50,50,0.001,0.0749894209332456
10,1.5,0.5,0.2,50,1,0.1,0.133352143216332
10,1.5,0.5,0.2,50,2,0.177827941003892,0.133352143216332
10,1.5,0.5,0.2,50,3,0.0562341325190349,0.133352143216332
10,1.5,0.5,0.2,50,4,0.0749894209332456,0.133352143216332
10,1.5,0.5,0.2,50,5,0.237137370566165,0.133352143216332
10,1.5,0.5,0.2,50,6,0.237137370566165,0.133352143216332
10,1.5,0.5,0.2,50,7,0.177827941003892,0.133352143216332
10,1.5,0.5,0.2,50,8,0.0562341325190349,0.133352143216332
10,1.5,0.5,0.2,50,9,0.0562341325190349,0.133352143216332
10,1.5,0.5,0.2,50,10,0.0749894209332456,0.133352143216332
10,1.5,0.5,0.2,50,11,0.133352143216332,0.133352143216332
10,1.5,0.5,0.2,50,12,0.0749894209332456,0.133352143216332
10,1.5,0.5,0.2,50,13,0.316227766016838,0.133352143216332
10,1.5,0.5,0.2,50,14,0.177827941003892,0.133352143216332
10,1.5,0.5,0.2,50,15,0.237137370566165,0.133352143216332
10,1.5,0.5,0.2,50,16,0.177827941003892,0.133352143216332
10,1.5,0.5,0.2,50,17,0.0749894209332456,0.133352143216332
10,1.5,0.5,0.2,50,18,0.133352143216332,0.133352143216332
10,1.5,0.5,0.2,50,19,0.1,0.133352143216332
10,1.5,0.5,0.2,50,20,0.0749894209332456,0.133352143216332
10,1.5,0.5,0.2,50,21,0.237137370566165,0.133352143216332
10,1.5,0.5,0.2,50,22,0.177827941003892,0.133352143216332
10,1.5,0.5,0.2,50,23,0.0421696503428582,0.133352143216332
10,1.5,0.5,0.2,50,24,0.316227766016838,0.133352143216332
10,1.5,0.5,0.2,50,25,0.237137370566165,0.133352143216332
10,1.5,0.5,0.2,50,26,0.0749894209332456,0.133352143216332
10,1.5,0.5,0.2,50,27,0.177827941003892,0.133352143216332
10,1.5,0.5,0.2,50,28,0.001,0.133352143216332
10,1.5,0.5,0.2,50,29,0.133352143216332,0.133352143216332
10,1.5,0.5,0.2,50,30,0.0421696503428582,0.133352143216332
10,1.5,0.5,0.2,50,31,0.1,0.133352143216332
10,1.5,0.5,0.2,50,32,0.177827941003892,0.133352143216332
10,1.5,0.5,0.2,50,33,0.237137370566165,0.133352143216332
10,1.5,0.5,0.2,50,34,0.237137370566165,0.133352143216332
10,1.5,0.5,0.2,50,35,0.177827941003892,0.133352143216332
10,1.5,0.5,0.2,50,36,0.0749894209332456,0.133352143216332
10,1.5,0.5,0.2,50,37,0.0749894209332456,0.133352143216332
10,1.5,0.5,0.2,50,38,0.0421696503428582,0.133352143216332
10,1.5,0.5,0.2,50,39,0.1,0.133352143216332
10,1.5,0.5,0.2,50,40,0.0421696503428582,0.133352143216332
10,1.5,0.5,0.2,50,41,0.316227766016838,0.133352143216332
10,1.5,0.5,0.2,50,42,0.0562341325190349,0.133352143216332
10,1.5,0.5,0.2,50,43,0.0749894209332456,0.133352143216332
10,1.5,0.5,0.2,50,44,0.0562341325190349,0.133352143216332
10,1.5,0.5,0.2,50,45,0.316227766016838,0.133352143216332
10,1.5,0.5,0.2,50,46,0.1,0.133352143216332
10,1.5,0.5,0.2,50,47,0.0237137370566166,0.133352143216332
10,1.5,0.5,0.2,50,48,0.0749894209332456,0.133352143216332
10,1.5,0.5,0.2,50,49,0.1,0.133352143216332
10,1.5,0.5,0.2,50,50,0.0562341325190349,0.133352143216332
30,1.5,0.5,0.2,50,1,0.0237137370566166,0.0749894209332456
30,1.5,0.5,0.2,50,2,0.0316227766016838,0.0749894209332456
30,1.5,0.5,0.2,50,3,0.00421696503428582,0.0749894209332456
30,1.5,0.5,0.2,50,4,0.0133352143216332,0.0749894209332456
30,1.5,0.5,0.2,50,5,0.0421696503428582,0.0749894209332456
30,1.5,0.5,0.2,50,6,0.0421696503428582,0.0749894209332456
30,1.5,0.5,0.2,50,7,0.0316227766016838,0.0749894209332456
30,1.5,0.5,0.2,50,8,0.00562341325190349,0.0749894209332456
30,1.5,0.5,0.2,50,9,0.00749894209332456,0.0749894209332456
30,1.5,0.5,0.2,50,10,0.0177827941003892,0.0749894209332456
30,1.5,0.5,0.2,50,11,0.0237137370566166,0.0749894209332456
30,1.5,0.5,0.2,50,12,0.0177827941003892,0.0749894209332456
30,1.5,0.5,0.2,50,13,0.0421696503428582,0.0749894209332456
30,1.5,0.5,0.2,50,14,0.0316227766016838,0.0749894209332456
30,1.5,0.5,0.2,50,15,0.0237137370566166,0.0749894209332456
30,1.5,0.5,0.2,50,16,0.0316227766016838,0.0749894209332456
30,1.5,0.5,0.2,50,17,0.0177827941003892,0.0749894209332456
30,1.5,0.5,0.2,50,18,0.0237137370566166,0.0749894209332456
30,1.5,0.5,0.2,50,19,0.0177827941003892,0.0749894209332456
30,1.5,0.5,0.2,50,20,0.01,0.0749894209332456
30,1.5,0.5,0.2,50,21,0.0316227766016838,0.0749894209332456
30,1.5,0.5,0.2,50,22,0.0316227766016838,0.0749894209332456
30,1.5,0.5,0.2,50,23,0.00177827941003892,0.0749894209332456
30,1.5,0.5,0.2,50,24,0.0421696503428582,0.0749894209332456
30,1.5,0.5,0.2,50,25,0.0237137370566166,0.0749894209332456
30,1.5,0.5,0.2,50,26,0.01,0.0749894209332456
30,1.5,0.5,0.2,50,27,0.0316227766016838,0.0749894209332456
30,1.5,0.5,0.2,50,28,0.001,0.0749894209332456
30,1.5,0.5,0.2,50,29,0.0133352143216332,0.0749894209332456
30,1.5,0.5,0.2,50,30,0.001,0.0749894209332456
30,1.5,0.5,0.2,50,31,0.0177827941003892,0.0749894209332456
30,1.5,0.5,0.2,50,32,0.0237137370566166,0.0749894209332456
30,1.5,0.5,0.2,50,33,0.0316227766016838,0.0749894209332456
30,1.5,0.5,0.2,50,34,0.0237137370566166,0.0749894209332456
30,1.5,0.5,0.2,50,35,0.0237137370566166,0.0749894209332456
30,1.5,0.5,0.2,50,36,0.00749894209332456,0.0749894209332456
30,1.5,0.5,0.2,50,37,0.01,0.0749894209332456
30,1.5,0.5,0.2,50,38,0.00562341325190349,0.0749894209332456
30,1.5,0.5,0.2,50,39,0.00562341325190349,0.0749894209332456
30,1.5,0.5,0.2,50,40,0.00421696503428582,0.0749894209332456
30,1.5,0.5,0.2,50,41,0.0421696503428582,0.0749894209332456
30,1.5,0.5,0.2,50,42,0.00749894209332456,0.0749894209332456
30,1.5,0.5,0.2,50,43,0.0133352143216332,0.0749894209332456
30,1.5,0.5,0.2,50,44,0.00133352143216332,0.0749894209332456
30,1.5,0.5,0.2,50,45,0.0562341325190349,0.0749894209332456
30,1.5,0.5,0.2,50,46,0.0133352143216332,0.0749894209332456
30,1.5,0.5,0.2,50,47,0.001,0.0749894209332456
30,1.5,0.5,0.2,50,48,0.01,0.0749894209332456
30,1.5,0.5,0.2,50,49,0.0237137370566166,0.0749894209332456
30,1.5,0.5,0.2,50,50,0.00749894209332456,0.0749894209332456
60,1.5,0.5,0.2,50,1,0.01,0.0562341325190349
60,1.5,0.5,0.2,50,2,0.0133352143216332,0.0562341325190349
60,1.5,0.5,0.2,50,3,0.001,0.0562341325190349
60,1.5,0.5,0.2,50,4,0.00749894209332456,0.0749894209332456
60,1.5,0.5,0.2,50,5,0.0177827941003892,0.0562341325190349
60,1.5,0.5,0.2,50,6,0.0177827941003892,0.0562341325190349
60,1.5,0.5,0.2,50,7,0.0177827941003892,0.0562341325190349
60,1.5,0.5,0.2,50,8,0.001,0.0562341325190349
60,1.5,0.5,0.2,50,9,0.00237137370566166,0.0562341325190349
60,1.5,0.5,0.2,50,10,0.00562341325190349,0.0562341325190349
60,1.5,0.5,0.2,50,11,0.01,0.0562341325190349
60,1.5,0.5,0.2,50,12,0.01,0.0562341325190349
60,1.5,0.5,0.2,50,13,0.0177827941003892,0.0562341325190349
60,1.5,0.5,0.2,50,14,0.0133352143216332,0.0562341325190349
60,1.5,0.5,0.2,50,15,0.00749894209332456,0.0562341325190349
60,1.5,0.5,0.2,50,16,0.0177827941003892,0.0562341325190349
60,1.5,0.5,0.2,50,17,0.00749894209332456,0.0562341325190349
60,1.5,0.5,0.2,50,18,0.00749894209332456,0.0562341325190349
60,1.5,0.5,0.2,50,19,0.00749894209332456,0.0562341325190349
60,1.5,0.5,0.2,50,20,0.00237137370566166,0.0562341325190349
60,1.5,0.5,0.2,50,21,0.0133352143216332,0.0562341325190349
60,1.5,0.5,0.2,50,22,0.01,0.0562341325190349
60,1.5,0.5,0.2,50,23,0.001,0.0562341325190349
60,1.5,0.5,0.2,50,24,0.0177827941003892,0.0562341325190349
60,1.5,0.5,0.2,50,25,0.00749894209332456,0.0562341325190349
60,1.5,0.5,0.2,50,26,0.00316227766016838,0.0562341325190349
60,1.5,0.5,0.2,50,27,0.0133352143216332,0.0562341325190349
60,1.5,0.5,0.2,50,28,0.001,0.0562341325190349
60,1.5,0.5,0.2,50,29,0.00562341325190349,0.0562341325190349
60,1.5,0.5,0.2,50,30,0.001,0.0562341325190349
60,1.5,0.5,0.2,50,31,0.00749894209332456,0.0562341325190349
60,1.5,0.5,0.2,50,32,0.01,0.0562341325190349
60,1.5,0.5,0.2,50,33,0.0133352143216332,0.0562341325190349
60,1.5,0.5,0.2,50,34,0.01,0.0562341325190349
60,1.5,0.5,0.2,50,35,0.01,0.0562341325190349
60,1.5,0.5,0.2,50,36,0.001,0.0562341325190349
60,1.5,0.5,0.2,50,37,0.00177827941003892,0.0562341325190349
60,1.5,0.5,0.2,50,38,0.001,0.0562341325190349
60,1.5,0.5,0.2,50,39,0.00316227766016838,0.0562341325190349
60,1.5,0.5,0.2,50,40,0.00133352143216332,0.0562341325190349
60,1.5,0.5,0.2,50,41,0.0237137370566166,0.0562341325190349
60,1.5,0.5,0.2,50,42,0.00237137370566166,0.0562341325190349
60,1.5,0.5,0.2,50,43,0.00562341325190349,0.0562341325190349
60,1.5,0.5,0.2,50,44,0.001,0.0562341325190349
60,1.5,0.5,0.2,50,45,0.0316227766016838,0.0562341325190349
60,1.5,0.5,0.2,50,46,0.00316227766016838,0.0562341325190349
60,1.5,0.5,0.2,50,47,0.001,0.0562341325190349
60,1.5,0.5,0.2,50,48,0.00177827941003892,0.0562341325190349
60,1.5,0.5,0.2,50,49,0.0133352143216332,0.0562341325190349
60,1.5,0.5,0.2,50,50,0.001,0.0749894209332456
100,1.5,0.5,0.2,50,1,0.00562341325190349,0.0562341325190349
100,1.5,0.5,0.2,50,2,0.00562341325190349,0.0562341325190349
100,1.5,0.5,0.2,50,3,0.001,0.0562341325190349
100,1.5,0.5,0.2,50,4,0.00421696503428582,0.0562341325190349
100,1.5,0.5,0.2,50,5,0.0133352143216332,0.0562341325190349
100,1.5,0.5,0.2,50,6,0.00749894209332456,0.0562341325190349
100,1.5,0.5,0.2,50,7,0.0133352143216332,0.0562341325190349
100,1.5,0.5,0.2,50,8,0.001,0.0562341325190349
100,1.5,0.5,0.2,50,9,0.001,0.0562341325190349
100,1.5,0.5,0.2,50,10,0.00316227766016838,0.0562341325190349
100,1.5,0.5,0.2,50,11,0.00316227766016838,0.0562341325190349
100,1.5,0.5,0.2,50,12,0.00562341325190349,0.0562341325190349
100,1.5,0.5,0.2,50,13,0.0133352143216332,0.0562341325190349
100,1.5,0.5,0.2,50,14,0.00749894209332456,0.0562341325190349
100,1.5,0.5,0.2,50,15,0.00562341325190349,0.0562341325190349
100,1.5,0.5,0.2,50,16,0.0133352143216332,0.0562341325190349
100,1.5,0.5,0.2,50,17,0.00562341325190349,0.0562341325190349
100,1.5,0.5,0.2,50,18,0.00562341325190349,0.0562341325190349
100,1.5,0.5,0.2,50,19,0.00421696503428582,0.0562341325190349
100,1.5,0.5,0.2,50,20,0.001,0.0562341325190349
100,1.5,0.5,0.2,50,21,0.01,0.0562341325190349
100,1.5,0.5,0.2,50,22,0.00749894209332456,0.0562341325190349
100,1.5,0.5,0.2,50,23,0.001,0.0562341325190349
100,1.5,0.5,0.2,50,24,0.0133352143216332,0.0562341325190349
100,1.5,0.5,0.2,50,25,0.00421696503428582,0.0562341325190349
100,1.5,0.5,0.2,50,26,0.001,0.0562341325190349
100,1.5,0.5,0.2,50,27,0.00749894209332456,0.0562341325190349
100,1.5,0.5,0.2,50,28,0.001,0.0562341325190349
100,1.5,0.5,0.2,50,29,0.00316227766016838,0.0562341325190349
100,1.5,0.5,0.2,50,30,0.001,0.0562341325190349
100,1.5,0.5,0.2,50,31,0.00421696503428582,0.0562341325190349
100,1.5,0.5,0.2,50,32,0.00749894209332456,0.0562341325190349
100,1.5,0.5,0.2,50,33,0.00749894209332456,0.0562341325190349
100,1.5,0.5,0.2,50,34,0.00421696503428582,0.0562341325190349
100,1.5,0.5,0.2,50,35,0.00562341325190349,0.0562341325190349
100,1.5,0.5,0.2,50,36,0.001,0.0562341325190349
100,1.5,0.5,0.2,50,37,0.001,0.0562341325190349
100,1.5,0.5,0.2,50,38,0.001,0.0562341325190349
100,1.5,0.5,0.2,50,39,0.001,0.0562341325190349
100,1.5,0.5,0.2,50,40,0.001,0.0562341325190349
100,1.5,0.5,0.2,50,41,0.0133352143216332,0.0562341325190349
100,1.5,0.5,0.2,50,42,0.001,0.0562341325190349
100,1.5,0.5,0.2,50,43,0.00237137370566166,0.0562341325190349
100,1.5,0.5,0.2,50,44,0.001,0.0562341325190349
100,1.5,0.5,0.2,50,45,0.0177827941003892,0.0562341325190349
100,1.5,0.5,0.2,50,46,0.001,0.0562341325190349
100,1.5,0.5,0.2,50,47,0.001,0.0562341325190349
100,1.5,0.5,0.2,50,48,0.001,0.0562341325190349
100,1.5,0.5,0.2,50,49,0.01,0.0562341325190349
100,1.5,0.5,0.2,50,50,0.001,0.0562341325190349
10,0.5,0.6,0.2,50,1,0.001,0.316227766016838
10,0.5,0.6,0.2,50,2,0.001,0.316227766016838
10,0.5,0.6,0.2,50,3,0.001,0.316227766016838
10,0.5,0.6,0.2,50,4,0.001,0.316227766016838
10,0.5,0.6,0.2,50,5,0.001,0.316227766016838
10,0.5,0.6,0.2,50,6,0.001,0.316227766016838
10,0.5,0.6,0.2,50,7,0.001,0.316227766016838
10,0.5,0.6,0.2,50,8,0.001,0.316227766016838
10,0.5,0.6,0.2,50,9,0.001,0.316227766016838
10,0.5,0.6,0.2,50,10,0.001,0.316227766016838
10,0.5,0.6,0.2,50,11,0.001,0.316227766016838
10,0.5,0.6,0.2,50,12,0.001,0.316227766016838
10,0.5,0.6,0.2,50,13,0.001,0.316227766016838
10,0.5,0.6,0.2,50,14,0.001,0.316227766016838
10,0.5,0.6,0.2,50,15,0.001,0.316227766016838
10,0.5,0.6,0.2,50,16,0.001,0.316227766016838
10,0.5,0.6,0.2,50,17,0.001,0.316227766016838
10,0.5,0.6,0.2,50,18,0.001,0.316227766016838
10,0.5,0.6,0.2,50,19,0.001,0.316227766016838
10,0.5,0.6,0.2,50,20,0.001,0.316227766016838
10,0.5,0.6,0.2,50,21,0.001,0.316227766016838
10,0.5,0.6,0.2,50,22,0.001,0.316227766016838
10,0.5,0.6,0.2,50,23,0.001,0.316227766016838
10,0.5,0.6,0.2,50,24,0.001,0.316227766016838
10,0.5,0.6,0.2,50,25,0.001,0.316227766016838
10,0.5,0.6,0.2,50,26,0.001,0.316227766016838
10,0.5,0.6,0.2,50,27,0.001,0.316227766016838
10,0.5,0.6,0.2,50,28,0.001,0.316227766016838
10,0.5,0.6,0.2,50,29,0.001,0.316227766016838
10,0.5,0.6,0.2,50,30,0.001,0.316227766016838
10,0.5,0.6,0.2,50,31,0.001,0.316227766016838
10,0.5,0.6,0.2,50,32,0.001,0.316227766016838
10,0.5,0.6,0.2,50,33,0.001,0.316227766016838
10,0.5,0.6,0.2,50,34,0.001,0.316227766016838
10,0.5,0.6,0.2,50,35,0.001,0.316227766016838
10,0.5,0.6,0.2,50,36,0.001,0.316227766016838
10,0.5,0.6,0.2,50,37,0.001,0.316227766016838
10,0.5,0.6,0.2,50,38,0.001,0.316227766016838
10,0.5,0.6,0.2,50,39,0.001,0.316227766016838
10,0.5,0.6,0.2,50,40,0.001,0.316227766016838
10,0.5,0.6,0.2,50,41,0.001,0.316227766016838
10,0.5,0.6,0.2,50,42,0.001,0.316227766016838
10,0.5,0.6,0.2,50,43,0.001,0.316227766016838
10,0.5,0.6,0.2,50,44,0.001,0.316227766016838
10,0.5,0.6,0.2,50,45,0.001,0.316227766016838
10,0.5,0.6,0.2,50,46,0.001,0.316227766016838
10,0.5,0.6,0.2,50,47,0.001,0.316227766016838
10,0.5,0.6,0.2,50,48,0.001,0.316227766016838
10,0.5,0.6,0.2,50,49,0.001,0.316227766016838
10,0.5,0.6,0.2,50,50,0.001,0.316227766016838
30,0.5,0.6,0.2,50,1,0.001,0.177827941003892
30,0.5,0.6,0.2,50,2,0.001,0.133352143216332
30,0.5,0.6,0.2,50,3,0.001,0.133352143216332
30,0.5,0.6,0.2,50,4,0.001,0.177827941003892
30,0.5,0.6,0.2,50,5,0.001,0.133352143216332
30,0.5,0.6,0.2,50,6,0.001,0.133352143216332
30,0.5,0.6,0.2,50,7,0.001,0.177827941003892
30,0.5,0.6,0.2,50,8,0.001,0.133352143216332
30,0.5,0.6,0.2,50,9,0.001,0.133352143216332
30,0.5,0.6,0.2,50,10,0.001,0.177827941003892
30,0.5,0.6,0.2,50,11,0.001,0.133352143216332
30,0.5,0.6,0.2,50,12,0.001,0.177827941003892
30,0.5,0.6,0.2,50,13,0.001,0.133352143216332
30,0.5,0.6,0.2,50,14,0.001,0.133352143216332
30,0.5,0.6,0.2,50,15,0.001,0.133352143216332
30,0.5,0.6,0.2,50,16,0.001,0.177827941003892
30,0.5,0.6,0.2,50,17,0.001,0.177827941003892
30,0.5,0.6,0.2,50,18,0.001,0.133352143216332
30,0.5,0.6,0.2,50,19,0.001,0.133352143216332
30,0.5,0.6,0.2,50,20,0.001,0.133352143216332
30,0.5,0.6,0.2,50,21,0.001,0.133352143216332
30,0.5,0.6,0.2,50,22,0.001,0.133352143216332
30,0.5,0.6,0.2,50,23,0.001,0.177827941003892
30,0.5,0.6,0.2,50,24,0.001,0.177827941003892
30,0.5,0.6,0.2,50,25,0.001,0.177827941003892
30,0.5,0.6,0.2,50,26,0.001,0.133352143216332
30,0.5,0.6,0.2,50,27,0.001,0.133352143216332
30,0.5,0.6,0.2,50,28,0.001,0.177827941003892
30,0.5,0.6,0.2,50,29,0.001,0.177827941003892
30,0.5,0.6,0.2,50,30,0.001,0.133352143216332
30,0.5,0.6,0.2,50,31,0.001,0.133352143216332
30,0.5,0.6,0.2,50,32,0.001,0.177827941003892
30,0.5,0.6,0.2,50,33,0.001,0.133352143216332
30,0.5,0.6,0.2,50,34,0.001,0.133352143216332
30,0.5,0.6,0.2,50,35,0.001,0.177827941003892
30,0.5,0.6,0.2,50,36,0.001,0.133352143216332
30,0.5,0.6,0.2,50,37,0.001,0.177827941003892
30,0.5,0.6,0.2,50,38,0.001,0.133352143216332
30,0.5,0.6,0.2,50,39,0.001,0.177827941003892
30,0.5,0.6,0.2,50,40,0.001,0.133352143216332
30,0.5,0.6,0.2,50,41,0.001,0.133352143216332
30,0.5,0.6,0.2,50,42,0.001,0.133352143216332
30,0.5,0.6,0.2,50,43,0.001,0.133352143216332
30,0.5,0.6,0.2,50,44,0.001,0.177827941003892
30,0.5,0.6,0.2,50,45,0.001,0.133352143216332
30,0.5,0.6,0.2,50,46,0.001,0.133352143216332
30,0.5,0.6,0.2,50,47,0.001,0.133352143216332
30,0.5,0.6,0.2,50,48,0.001,0.133352143216332
30,0.5,0.6,0.2,50,49,0.001,0.133352143216332
30,0.5,0.6,0.2,50,50,0.001,0.177827941003892
60,0.5,0.6,0.2,50,1,0.001,0.133352143216332
60,0.5,0.6,0.2,50,2,0.001,0.133352143216332
60,0.5,0.6,0.2,50,3,0.001,0.133352143216332
60,0.5,0.6,0.2,50,4,0.001,0.133352143216332
60,0.5,0.6,0.2,50,5,0.001,0.133352143216332
60,0.5,0.6,0.2,50,6,0.001,0.133352143216332
60,0.5,0.6,0.2,50,7,0.001,0.133352143216332
60,0.5,0.6,0.2,50,8,0.001,0.133352143216332
60,0.5,0.6,0.2,50,9,0.001,0.133352143216332
60,0.5,0.6,0.2,50,10,0.001,0.133352143216332
60,0.5,0.6,0.2,50,11,0.001,0.133352143216332
60,0.5,0.6,0.2,50,12,0.001,0.133352143216332
60,0.5,0.6,0.2,50,13,0.001,0.133352143216332
60,0.5,0.6,0.2,50,14,0.001,0.133352143216332
60,0.5,0.6,0.2,50,15,0.001,0.133352143216332
60,0.5,0.6,0.2,50,16,0.001,0.133352143216332
60,0.5,0.6,0.2,50,17,0.001,0.133352143216332
60,0.5,0.6,0.2,50,18,0.001,0.133352143216332
60,0.5,0.6,0.2,50,19,0.001,0.133352143216332
60,0.5,0.6,0.2,50,20,0.001,0.133352143216332
60,0.5,0.6,0.2,50,21,0.001,0.133352143216332
60,0.5,0.6,0.2,50,22,0.001,0.133352143216332
60,0.5,0.6,0.2,50,23,0.001,0.133352143216332
60,0.5,0.6,0.2,50,24,0.001,0.133352143216332
60,0.5,0.6,0.2,50,25,0.001,0.133352143216332
60,0.5,0.6,0.2,50,26,0.001,0.133352143216332
60,0.5,0.6,0.2,50,27,0.001,0.133352143216332
60,0.5,0.6,0.2,50,28,0.001,0.133352143216332
60,0.5,0.6,0.2,50,29,0.001,0.133352143216332
60,0.5,0.6,0.2,50,30,0.001,0.133352143216332
60,0.5,0.6,0.2,50,31,0.001,0.133352143216332
60,0.5,0.6,0.2,50,32,0.001,0.133352143216332
60,0.5,0.6,0.2,50,33,0.001,0.133352143216332
60,0.5,0.6,0.2,50,34,0.001,0.133352143216332
60,0.5,0.6,0.2,50,35,0.001,0.133352143216332
60,0.5,0.6,0.2,50,36,0.001,0.133352143216332
60,0.5,0.6,0.2,50,37,0.001,0.133352143216332
60,0.5,0.6,0.2,50,38,0.001,0.133352143216332
60,0.5,0.6,0.2,50,39,0.001,0.133352143216332
60,0.5,0.6,0.2,50,40,0.001,0.133352143216332
60,0.5,0.6,0.2,50,41,0.001,0.133352143216332
60,0.5,0.6,0.2,50,42,0.001,0.133352143216332
60,0.5,0.6,0.2,50,43,0.001,0.133352143216332
60,0.5,0.6,0.2,50,44,0.001,0.133352143216332
60,0.5,0.6,0.2,50,45,0.001,0.133352143216332
60,0.5,0.6,0.2,50,46,0.001,0.133352143216332
60,0.5,0.6,0.2,50,47,0.001,0.133352143216332
60,0.5,0.6,0.2,50,48,0.001,0.133352143216332
60,0.5,0.6,0.2,50,49,0.001,0.133352143216332
60,0.5,0.6,0.2,50,50,0.001,0.133352143216332
100,0.5,0.6,0.2,50,1,0.001,0.1
100,0.5,0.6,0.2,50,2,0.001,0.1
100,0.5,0.6,0.2,50,3,0.001,0.1
100,0.5,0.6,0.2,50,4,0.001,0.1
100,0.5,0.6,0.2,50,5,0.001,0.1
100,0.5,0.6,0.2,50,6,0.001,0.1
100,0.5,0.6,0.2,50,7,0.001,0.1
100,0.5,0.6,0.2,50,8,0.001,0.1
100,0.5,0.6,0.2,50,9,0.001,0.1
100,0.5,0.6,0.2,50,10,0.001,0.1
100,0.5,0.6,0.2,50,11,0.001,0.1
100,0.5,0.6,0.2,50,12,0.001,0.1
100,0.5,0.6,0.2,50,13,0.001,0.1
100,0.5,0.6,0.2,50,14,0.001,0.1
100,0.5,0.6,0.2,50,15,0.001,0.1
100,0.5,0.6,0.2,50,16,0.001,0.1
100,0.5,0.6,0.2,50,17,0.001,0.1
100,0.5,0.6,0.2,50,18,0.001,0.1
100,0.5,0.6,0.2,50,19,0.001,0.1
100,0.5,0.6,0.2,50,20,0.001,0.1
100,0.5,0.6,0.2,50,21,0.001,0.1
100,0.5,0.6,0.2,50,22,0.001,0.1
100,0.5,0.6,0.2,50,23,0.001,0.1
100,0.5,0.6,0.2,50,24,0.001,0.1
100,0.5,0.6,0.2,50,25,0.001,0.1
100,0.5,0.6,0.2,50,26,0.001,0.1
100,0.5,0.6,0.2,50,27,0.001,0.1
100,0.5,0.6,0.2,50,28,0.001,0.1
100,0.5,0.6,0.2,50,29,0.001,0.1
100,0.5,0.6,0.2,50,30,0.001,0.1
100,0.5,0.6,0.2,50,31,0.001,0.1
100,0.5,0.6,0.2,50,32,0.001,0.1
100,0.5,0.6,0.2,50,33,0.001,0.1
100,0.5,0.6,0.2,50,34,0.001,0.1
100,0.5,0.6,0.2,50,35,0.001,0.1
100,0.5,0.6,0.2,50,36,0.001,0.1
100,0.5,0.6,0.2,50,37,0.001,0.1
100,0.5,0.6,0.2,50,38,0.001,0.1
100,0.5,0.6,0.2,50,39,0.001,0.1
100,0.5,0.6,0.2,50,40,0.001,0.1
100,0.5,0.6,0.2,50,41,0.001,0.1
100,0.5,0.6,0.2,50,42,0.001,0.1
100,0.5,0.6,0.2,50,43,0.001,0.1
100,0.5,0.6,0.2,50,44,0.001,0.1
100,0.5,0.6,0.2,50,45,0.001,0.1
100,0.5,0.6,0.2,50,46,0.001,0.1
100,0.5,0.6,0.2,50,47,0.001,0.1
100,0.5,0.6,0.2,50,48,0.001,0.1
100,0.5,0.6,0.2,50,49,0.001,0.1
100,0.5,0.6,0.2,50,50,0.001,0.1
10,1,0.6,0.2,50,1,0.001,0.177827941003892
10,1,0.6,0.2,50,2,0.001,0.177827941003892
10,1,0.6,0.2,50,3,0.001,0.177827941003892
10,1,0.6,0.2,50,4,0.001,0.177827941003892
10,1,0.6,0.2,50,5,0.001,0.177827941003892
10,1,0.6,0.2,50,6,0.001,0.177827941003892
10,1,0.6,0.2,50,7,0.001,0.177827941003892
10,1,0.6,0.2,50,8,0.001,0.177827941003892
10,1,0.6,0.2,50,9,0.001,0.177827941003892
10,1,0.6,0.2,50,10,0.001,0.177827941003892
10,1,0.6,0.2,50,11,0.001,0.177827941003892
10,1,0.6,0.2,50,12,0.001,0.177827941003892
10,1,0.6,0.2,50,13,0.001,0.177827941003892
10,1,0.6,0.2,50,14,0.001,0.177827941003892
10,1,0.6,0.2,50,15,0.001,0.177827941003892
10,1,0.6,0.2,50,16,0.001,0.177827941003892
10,1,0.6,0.2,50,17,0.001,0.177827941003892
10,1,0.6,0.2,50,18,0.001,0.177827941003892
10,1,0.6,0.2,50,19,0.001,0.177827941003892
10,1,0.6,0.2,50,20,0.001,0.177827941003892
10,1,0.6,0.2,50,21,0.001,0.177827941003892
10,1,0.6,0.2,50,22,0.001,0.177827941003892
10,1,0.6,0.2,50,23,0.001,0.177827941003892
10,1,0.6,0.2,50,24,0.001,0.177827941003892
10,1,0.6,0.2,50,25,0.001,0.177827941003892
10,1,0.6,0.2,50,26,0.001,0.177827941003892
10,1,0.6,0.2,50,27,0.001,0.177827941003892
10,1,0.6,0.2,50,28,0.001,0.177827941003892
10,1,0.6,0.2,50,29,0.001,0.177827941003892
10,1,0.6,0.2,50,30,0.001,0.177827941003892
10,1,0.6,0.2,50,31,0.001,0.177827941003892
10,1,0.6,0.2,50,32,0.001,0.177827941003892
10,1,0.6,0.2,50,33,0.001,0.177827941003892
10,1,0.6,0.2,50,34,0.001,0.177827941003892
10,1,0.6,0.2,50,35,0.001,0.177827941003892
10,1,0.6,0.2,50,36,0.001,0.177827941003892
10,1,0.6,0.2,50,37,0.001,0.177827941003892
10,1,0.6,0.2,50,38,0.001,0.177827941003892
10,1,0.6,0.2,50,39,0.001,0.177827941003892
10,1,0.6,0.2,50,40,0.001,0.177827941003892
10,1,0.6,0.2,50,41,0.001,0.177827941003892
10,1,0.6,0.2,50,42,0.001,0.177827941003892
10,1,0.6,0.2,50,43,0.001,0.177827941003892
10,1,0.6,0.2,50,44,0.001,0.177827941003892
10,1,0.6,0.2,50,45,0.001,0.177827941003892
10,1,0.6,0.2,50,46,0.001,0.177827941003892
10,1,0.6,0.2,50,47,0.001,0.177827941003892
10,1,0.6,0.2,50,48,0.001,0.177827941003892
10,1,0.6,0.2,50,49,0.001,0.177827941003892
10,1,0.6,0.2,50,50,0.001,0.177827941003892
30,1,0.6,0.2,50,1,0.001,0.1
30,1,0.6,0.2,50,2,0.001,0.1
30,1,0.6,0.2,50,3,0.001,0.1
30,1,0.6,0.2,50,4,0.001,0.1
30,1,0.6,0.2,50,5,0.001,0.1
30,1,0.6,0.2,50,6,0.001,0.1
30,1,0.6,0.2,50,7,0.001,0.1
30,1,0.6,0.2,50,8,0.001,0.1
30,1,0.6,0.2,50,9,0.001,0.1
30,1,0.6,0.2,50,10,0.001,0.1
30,1,0.6,0.2,50,11,0.001,0.1
30,1,0.6,0.2,50,12,0.001,0.1
30,1,0.6,0.2,50,13,0.001,0.1
30,1,0.6,0.2,50,14,0.001,0.1
30,1,0.6,0.2,50,15,0.001,0.1
30,1,0.6,0.2,50,16,0.001,0.1
30,1,0.6,0.2,50,17,0.001,0.1
30,1,0.6,0.2,50,18,0.001,0.1
30,1,0.6,0.2,50,19,0.001,0.1
30,1,0.6,0.2,50,20,0.001,0.1
30,1,0.6,0.2,50,21,0.001,0.1
30,1,0.6,0.2,50,22,0.001,0.1
30,1,0.6,0.2,50,23,0.001,0.1
30,1,0.6,0.2,50,24,0.001,0.1
30,1,0.6,0.2,50,25,0.001,0.1
30,1,0.6,0.2,50,26,0.001,0.1
30,1,0.6,0.2,50,27,0.001,0.1
30,1,0.6,0.2,50,28,0.001,0.1
30,1,0.6,0.2,50,29,0.001,0.1
30,1,0.6,0.2,50,30,0.001,0.1
30,1,0.6,0.2,50,31,0.001,0.1
30,1,0.6,0.2,50,32,0.001,0.1
30,1,0.6,0.2,50,33,0.001,0.1
30,1,0.6,0.2,50,34,0.001,0.1
30,1,0.6,0.2,50,35,0.001,0.1
30,1,0.6,0.2,50,36,0.001,0.1
30,1,0.6,0.2,50,37,0.001,0.1
30,1,0.6,0.2,50,38,0.001,0.1
30,1,0.6,0.2,50,39,0.001,0.1
30,1,0.6,0.2,50,40,0.001,0.1
30,1,0.6,0.2,50,41,0.001,0.1
30,1,0.6,0.2,50,42,0.001,0.1
30,1,0.6,0.2,50,43,0.001,0.1
30,1,0.6,0.2,50,44,0.001,0.1
30,1,0.6,0.2,50,45,0.001,0.1
30,1,0.6,0.2,50,46,0.001,0.1
30,1,0.6,0.2,50,47,0.001,0.1
30,1,0.6,0.2,50,48,0.001,0.1
30,1,0.6,0.2,50,49,0.001,0.1
30,1,0.6,0.2,50,50,0.001,0.1
60,1,0.6,0.2,50,1,0.001,0.1
60,1,0.6,0.2,50,2,0.001,0.1
60,1,0.6,0.2,50,3,0.001,0.0749894209332456
60,1,0.6,0.2,50,4,0.001,0.1
60,1,0.6,0.2,50,5,0.001,0.0749894209332456
60,1,0.6,0.2,50,6,0.001,0.0749894209332456
60,1,0.6,0.2,50,7,0.001,0.1
60,1,0.6,0.2,50,8,0.001,0.1
60,1,0.6,0.2,50,9,0.001,0.0749894209332456
60,1,0.6,0.2,50,10,0.001,0.1
60,1,0.6,0.2,50,11,0.001,0.0749894209332456
60,1,0.6,0.2,50,12,0.001,0.1
60,1,0.6,0.2,50,13,0.001,0.0749894209332456
60,1,0.6,0.2,50,14,0.001,0.1
60,1,0.6,0.2,50,15,0.001,0.1
60,1,0.6,0.2,50,16,0.001,0.1
60,1,0.6,0.2,50,17,0.001,0.1
60,1,0.6,0.2,50,18,0.001,0.0749894209332456
60,1,0.6,0.2,50,19,0.001,0.0749894209332456
60,1,0.6,0.2,50,20,0.001,0.1
60,1,0.6,0.2,50,21,0.001,0.1
60,1,0.6,0.2,50,22,0.001,0.1
60,1,0.6,0.2,50,23,0.001,0.1
60,1,0.6,0.2,50,24,0.001,0.1
60,1,0.6,0.2,50,25,0.001,0.1
60,1,0.6,0.2,50,26,0.001,0.1
60,1,0.6,0.2,50,27,0.001,0.0749894209332456
60,1,0.6,0.2,50,28,0.001,0.1
60,1,0.6,0.2,50,29,0.001,0.1
60,1,0.6,0.2,50,30,0.001,0.1
60,1,0.6,0.2,50,31,0.001,0.1
60,1,0.6,0.2,50,32,0.001,0.1
60,1,0.6,0.2,50,33,0.001,0.0749894209332456
60,1,0.6,0.2,50,34,0.001,0.1
60,1,0.6,0.2,50,35,0.001,0.1
60,1,0.6,0.2,50,36,0.001,0.1
60,1,0.6,0.2,50,37,0.001,0.1
60,1,0.6,0.2,50,38,0.001,0.1
60,1,0.6,0.2,50,39,0.001,0.1
60,1,0.6,0.2,50,40,0.001,0.0749894209332456
60,1,0.6,0.2,50,41,0.001,0.1
60,1,0.6,0.2,50,42,0.001,0.0749894209332456
60,1,0.6,0.2,50,43,0.001,0.1
60,1,0.6,0.2,50,44,0.001,0.1
60,1,0.6,0.2,50,45,0.001,0.1
60,1,0.6,0.2,50,46,0.001,0.0749894209332456
60,1,0.6,0.2,50,47,0.001,0.1
60,1,0.6,0.2,50,48,0.001,0.1
60,1,0.6,0.2,50,49,0.001,0.1
60,1,0.6,0.2,50,50,0.001,0.1
100,1,0.6,0.2,50,1,0.001,0.0749894209332456
100,1,0.6,0.2,50,2,0.001,0.0749894209332456
100,1,0.6,0.2,50,3,0.001,0.0749894209332456
100,1,0.6,0.2,50,4,0.001,0.0749894209332456
100,1,0.6,0.2,50,5,0.001,0.0749894209332456
100,1,0.6,0.2,50,6,0.001,0.0749894209332456
100,1,0.6,0.2,50,7,0.001,0.0749894209332456
100,1,0.6,0.2,50,8,0.001,0.0749894209332456
100,1,0.6,0.2,50,9,0.001,0.0749894209332456
100,1,0.6,0.2,50,10,0.001,0.0749894209332456
100,1,0.6,0.2,50,11,0.001,0.0749894209332456
100,1,0.6,0.2,50,12,0.001,0.0749894209332456
100,1,0.6,0.2,50,13,0.001,0.0749894209332456
100,1,0.6,0.2,50,14,0.001,0.0749894209332456
100,1,0.6,0.2,50,15,0.001,0.0749894209332456
100,1,0.6,0.2,50,16,0.001,0.0749894209332456
100,1,0.6,0.2,50,17,0.001,0.0749894209332456
100,1,0.6,0.2,50,18,0.001,0.0749894209332456
100,1,0.6,0.2,50,19,0.001,0.0749894209332456
100,1,0.6,0.2,50,20,0.001,0.0749894209332456
100,1,0.6,0.2,50,21,0.001,0.0749894209332456
100,1,0.6,0.2,50,22,0.001,0.0749894209332456
100,1,0.6,0.2,50,23,0.001,0.0749894209332456
100,1,0.6,0.2,50,24,0.001,0.0749894209332456
100,1,0.6,0.2,50,25,0.001,0.0749894209332456
100,1,0.6,0.2,50,26,0.001,0.0749894209332456
100,1,0.6,0.2,50,27,0.001,0.0749894209332456
100,1,0.6,0.2,50,28,0.001,0.0749894209332456
100,1,0.6,0.2,50,29,0.001,0.0749894209332456
100,1,0.6,0.2,50,30,0.001,0.0749894209332456
100,1,0.6,0.2,50,31,0.001,0.0749894209332456
100,1,0.6,0.2,50,32,0.001,0.0749894209332456
100,1,0.6,0.2,50,33,0.001,0.0749894209332456
100,1,0.6,0.2,50,34,0.001,0.0749894209332456
100,1,0.6,0.2,50,35,0.001,0.0749894209332456
100,1,0.6,0.2,50,36,0.001,0.0749894209332456
100,1,0.6,0.2,50,37,0.001,0.0749894209332456
100,1,0.6,0.2,50,38,0.001,0.0749894209332456
100,1,0.6,0.2,50,39,0.001,0.0749894209332456
100,1,0.6,0.2,50,40,0.001,0.0749894209332456
100,1,0.6,0.2,50,41,0.001,0.0749894209332456
100,1,0.6,0.2,50,42,0.001,0.0749894209332456
100,1,0.6,0.2,50,43,0.001,0.0749894209332456
100,1,0.6,0.2,50,44,0.001,0.0749894209332456
100,1,0.6,0.2,50,45,0.001,0.0749894209332456
100,1,0.6,0.2,50,46,0.001,0.0749894209332456
100,1,0.6,0.2,50,47,0.001,0.0749894209332456
100,1,0.6,0.2,50,48,0.001,0.0749894209332456
100,1,0.6,0.2,50,49,0.001,0.0749894209332456
100,1,0.6,0.2,50,50,0.001,0.0749894209332456
10,1.5,0.6,0.2,50,1,0.0421696503428582,0.133352143216332
10,1.5,0.6,0.2,50,2,0.1,0.133352143216332
10,1.5,0.6,0.2,50,3,0.0562341325190349,0.133352143216332
10,1.5,0.6,0.2,50,4,0.001,0.133352143216332
10,1.5,0.6,0.2,50,5,0.1,0.133352143216332
10,1.5,0.6,0.2,50,6,0.0421696503428582,0.133352143216332
10,1.5,0.6,0.2,50,7,0.0749894209332456,0.133352143216332
10,1.5,0.6,0.2,50,8,0.0562341325190349,0.133352143216332
10,1.5,0.6,0.2,50,9,0.0421696503428582,0.133352143216332
10,1.5,0.6,0.2,50,10,0.0562341325190349,0.133352143216332
10,1.5,0.6,0.2,50,11,0.0749894209332456,0.133352143216332
10,1.5,0.6,0.2,50,12,0.001,0.133352143216332
10,1.5,0.6,0.2,50,13,0.001,0.133352143216332
10,1.5,0.6,0.2,50,14,0.0421696503428582,0.133352143216332
10,1.5,0.6,0.2,50,15,0.0749894209332456,0.133352143216332
10,1.5,0.6,0.2,50,16,0.0237137370566166,0.133352143216332
10,1.5,0.6,0.2,50,17,0.0562341325190349,0.133352143216332
10,1.5,0.6,0.2,50,18,0.0421696503428582,0.133352143216332
10,1.5,0.6,0.2,50,19,0.0749894209332456,0.133352143216332
10,1.5,0.6,0.2,50,20,0.0237137370566166,0.133352143216332
10,1.5,0.6,0.2,50,21,0.0562341325190349,0.133352143216332
10,1.5,0.6,0.2,50,22,0.00749894209332456,0.133352143216332
10,1.5,0.6,0.2,50,23,0.00562341325190349,0.133352143216332
10,1.5,0.6,0.2,50,24,0.0749894209332456,0.133352143216332
10,1.5,0.6,0.2,50,25,0.00749894209332456,0.133352143216332
10,1.5,0.6,0.2,50,26,0.0749894209332456,0.133352143216332
10,1.5,0.6,0.2,50,27,0.00749894209332456,0.133352143216332
10,1.5,0.6,0.2,50,28,0.0421696503428582,0.133352143216332
10,1.5,0.6,0.2,50,29,0.0237137370566166,0.133352143216332
10,1.5,0.6,0.2,50,30,0.0133352143216332,0.133352143216332
10,1.5,0.6,0.2,50,31,0.0562341325190349,0.133352143216332
10,1.5,0.6,0.2,50,32,0.0562341325190349,0.133352143216332
10,1.5,0.6,0.2,50,33,0.1,0.133352143216332
10,1.5,0.6,0.2,50,34,0.0421696503428582,0.133352143216332
10,1.5,0.6,0.2,50,35,0.00749894209332456,0.133352143216332
10,1.5,0.6,0.2,50,36,0.001,0.133352143216332
10,1.5,0.6,0.2,50,37,0.0421696503428582,0.133352143216332
10,1.5,0.6,0.2,50,38,0.0421696503428582,0.133352143216332
10,1.5,0.6,0.2,50,39,0.0562341325190349,0.133352143216332
10,1.5,0.6,0.2,50,40,0.0562341325190349,0.133352143216332
10,1.5,0.6,0.2,50,41,0.0562341325190349,0.133352143216332
10,1.5,0.6,0.2,50,42,0.0421696503428582,0.133352143216332
10,1.5,0.6,0.2,50,43,0.0421696503428582,0.133352143216332
10,1.5,0.6,0.2,50,44,0.00562341325190349,0.133352143216332
10,1.5,0.6,0.2,50,45,0.0316227766016838,0.133352143216332
10,1.5,0.6,0.2,50,46,0.001,0.133352143216332
10,1.5,0.6,0.2,50,47,0.001,0.133352143216332
10,1.5,0.6,0.2,50,48,0.1,0.133352143216332
10,1.5,0.6,0.2,50,49,0.00749894209332456,0.133352143216332
10,1.5,0.6,0.2,50,50,0.0177827941003892,0.177827941003892
30,1.5,0.6,0.2,50,1,0.00237137370566166,0.0749894209332456
30,1.5,0.6,0.2,50,2,0.0177827941003892,0.0749894209332456
30,1.5,0.6,0.2,50,3,0.00749894209332456,0.0749894209332456
30,1.5,0.6,0.2,50,4,0.001,0.0749894209332456
30,1.5,0.6,0.2,50,5,0.0133352143216332,0.0749894209332456
30,1.5,0.6,0.2,50,6,0.01,0.0749894209332456
30,1.5,0.6,0.2,50,7,0.0133352143216332,0.0749894209332456
30,1.5,0.6,0.2,50,8,0.00749894209332456,0.0749894209332456
30,1.5,0.6,0.2,50,9,0.00749894209332456,0.0749894209332456
30,1.5,0.6,0.2,50,10,0.00749894209332456,0.0749894209332456
30,1.5,0.6,0.2,50,11,0.01,0.0749894209332456
30,1.5,0.6,0.2,50,12,0.001,0.0749894209332456
30,1.5,0.6,0.2,50,13,0.001,0.0749894209332456
30,1.5,0.6,0.2,50,14,0.00133352143216332,0.0749894209332456
30,1.5,0.6,0.2,50,15,0.00316227766016838,0.0749894209332456
30,1.5,0.6,0.2,50,16,0.001,0.0749894209332456
30,1.5,0.6,0.2,50,17,0.01,0.0749894209332456
30,1.5,0.6,0.2,50,18,0.00133352143216332,0.0749894209332456
30,1.5,0.6,0.2,50,19,0.0133352143216332,0.0749894209332456
30,1.5,0.6,0.2,50,20,0.00177827941003892,0.0749894209332456
30,1.5,0.6,0.2,50,21,0.00749894209332456,0.0749894209332456
30,1.5,0.6,0.2,50,22,0.001,0.0749894209332456
30,1.5,0.6,0.2,50,23,0.001,0.0749894209332456
30,1.5,0.6,0.2,50,24,0.0177827941003892,0.0749894209332456
30,1.5,0.6,0.2,50,25,0.001,0.0749894209332456
30,1.5,0.6,0.2,50,26,0.01,0.0749894209332456
30,1.5,0.6,0.2,50,27,0.001,0.0749894209332456
30,1.5,0.6,0.2,50,28,0.00562341325190349,0.0749894209332456
30,1.5,0.6,0.2,50,29,0.001,0.0749894209332456
30,1.5,0.6,0.2,50,30,0.001,0.0749894209332456
30,1.5,0.6,0.2,50,31,0.01,0.0749894209332456
30,1.5,0.6,0.2,50,32,0.00749894209332456,0.0749894209332456
30,1.5,0.6,0.2,50,33,0.00749894209332456,0.0749894209332456
30,1.5,0.6,0.2,50,34,0.00421696503428582,0.0749894209332456
30,1.5,0.6,0.2,50,35,0.001,0.0749894209332456
30,1.5,0.6,0.2,50,36,0.001,0.0749894209332456
30,1.5,0.6,0.2,50,37,0.00316227766016838,0.0749894209332456
30,1.5,0.6,0.2,50,38,0.00237137370566166,0.0749894209332456
30,1.5,0.6,0.2,50,39,0.001,0.0749894209332456
30,1.5,0.6,0.2,50,40,0.00749894209332456,0.0749894209332456
30,1.5,0.6,0.2,50,41,0.0133352143216332,0.0749894209332456
30,1.5,0.6,0.2,50,42,0.00749894209332456,0.0749894209332456
30,1.5,0.6,0.2,50,43,0.01,0.0749894209332456
30,1.5,0.6,0.2,50,44,0.001,0.0749894209332456
30,1.5,0.6,0.2,50,45,0.001,0.0749894209332456
30,1.5,0.6,0.2,50,46,0.001,0.0749894209332456
30,1.5,0.6,0.2,50,47,0.001,0.0749894209332456
30,1.5,0.6,0.2,50,48,0.0133352143216332,0.0749894209332456
30,1.5,0.6,0.2,50,49,0.001,0.0749894209332456
30,1.5,0.6,0.2,50,50,0.001,0.1
60,1.5,0.6,0.2,50,1,0.001,0.0749894209332456
60,1.5,0.6,0.2,50,2,0.00749894209332456,0.0749894209332456
60,1.5,0.6,0.2,50,3,0.00316227766016838,0.0562341325190349
60,1.5,0.6,0.2,50,4,0.001,0.0749894209332456
60,1.5,0.6,0.2,50,5,0.00562341325190349,0.0562341325190349
60,1.5,0.6,0.2,50,6,0.00421696503428582,0.0562341325190349
60,1.5,0.6,0.2,50,7,0.00316227766016838,0.0749894209332456
60,1.5,0.6,0.2,50,8,0.00237137370566166,0.0749894209332456
60,1.5,0.6,0.2,50,9,0.00237137370566166,0.0562341325190349
60,1.5,0.6,0.2,50,10,0.00237137370566166,0.0749894209332456
60,1.5,0.6,0.2,50,11,0.00421696503428582,0.0562341325190349
60,1.5,0.6,0.2,50,12,0.001,0.0749894209332456
60,1.5,0.6,0.2,50,13,0.001,0.0562341325190349
60,1.5,0.6,0.2,50,14,0.001,0.0749894209332456
60,1.5,0.6,0.2,50,15,0.001,0.0749894209332456
60,1.5,0.6,0.2,50,16,0.001,0.0562341325190349
60,1.5,0.6,0.2,50,17,0.00562341325190349,0.0749894209332456
60,1.5,0.6,0.2,50,18,0.001,0.0562341325190349
60,1.5,0.6,0.2,50,19,0.00749894209332456,0.0562341325190349
60,1.5,0.6,0.2,50,20,0.001,0.0749894209332456
60,1.5,0.6,0.2,50,21,0.00316227766016838,0.0749894209332456
60,1.5,0.6,0.2,50,22,0.001,0.0749894209332456
60,1.5,0.6,0.2,50,23,0.001,0.0749894209332456
60,1.5,0.6,0.2,50,24,0.00562341325190349,0.0749894209332456
60,1.5,0.6,0.2,50,25,0.001,0.0749894209332456
60,1.5,0.6,0.2,50,26,0.00237137370566166,0.0749894209332456
60,1.5,0.6,0.2,50,27,0.001,0.0562341325190349
60,1.5,0.6,0.2,50,28,0.00177827941003892,0.0749894209332456
60,1.5,0.6,0.2,50,29,0.001,0.0749894209332456
60,1.5,0.6,0.2,50,30,0.001,0.0749894209332456
60,1.5,0.6,0.2,50,31,0.00316227766016838,0.0749894209332456
60,1.5,0.6,0.2,50,32,0.00237137370566166,0.0749894209332456
60,1.5,0.6,0.2,50,33,0.00237137370566166,0.0562341325190349
60,1.5,0.6,0.2,50,34,0.001,0.0749894209332456
60,1.5,0.6,0.2,50,35,0.001,0.0749894209332456
60,1.5,0.6,0.2,50,36,0.001,0.0749894209332456
60,1.5,0.6,0.2,50,37,0.001,0.0749894209332456
60,1.5,0.6,0.2,50,38,0.001,0.0749894209332456
60,1.5,0.6,0.2,50,39,0.001,0.0749894209332456
60,1.5,0.6,0.2,50,40,0.001,0.0562341325190349
60,1.5,0.6,0.2,50,41,0.00562341325190349,0.0562341325190349
60,1.5,0.6,0.2,50,42,0.00133352143216332,0.0562341325190349
60,1.5,0.6,0.2,50,43,0.00316227766016838,0.0562341325190349
60,1.5,0.6,0.2,50,44,0.001,0.0562341325190349
60,1.5,0.6,0.2,50,45,0.001,0.0749894209332456
60,1.5,0.6,0.2,50,46,0.001,0.0562341325190349
60,1.5,0.6,0.2,50,47,0.001,0.0562341325190349
60,1.5,0.6,0.2,50,48,0.00749894209332456,0.0749894209332456
60,1.5,0.6,0.2,50,49,0.001,0.0749894209332456
60,1.5,0.6,0.2,50,50,0.001,0.0749894209332456
100,1.5,0.6,0.2,50,1,0.001,0.0562341325190349
100,1.5,0.6,0.2,50,2,0.00562341325190349,0.0562341325190349
100,1.5,0.6,0.2,50,3,0.00133352143216332,0.0562341325190349
100,1.5,0.6,0.2,50,4,0.001,0.0562341325190349
100,1.5,0.6,0.2,50,5,0.00237137370566166,0.0562341325190349
100,1.5,0.6,0.2,50,6,0.00316227766016838,0.0562341325190349
100,1.5,0.6,0.2,50,7,0.00177827941003892,0.0562341325190349
100,1.5,0.6,0.2,50,8,0.001,0.0562341325190349
100,1.5,0.6,0.2,50,9,0.001,0.0562341325190349
100,1.5,0.6,0.2,50,10,0.001,0.0562341325190349
100,1.5,0.6,0.2,50,11,0.00237137370566166,0.0562341325190349
100,1.5,0.6,0.2,50,12,0.001,0.0562341325190349
100,1.5,0.6,0.2,50,13,0.001,0.0562341325190349
100,1.5,0.6,0.2,50,14,0.001,0.0562341325190349
100,1.5,0.6,0.2,50,15,0.001,0.0562341325190349
100,1.5,0.6,0.2,50,16,0.001,0.0562341325190349
100,1.5,0.6,0.2,50,17,0.00316227766016838,0.0562341325190349
100,1.5,0.6,0.2,50,18,0.001,0.0562341325190349
100,1.5,0.6,0.2,50,19,0.00562341325190349,0.0562341325190349
100,1.5,0.6,0.2,50,20,0.001,0.0562341325190349
100,1.5,0.6,0.2,50,21,0.00177827941003892,0.0562341325190349
100,1.5,0.6,0.2,50,22,0.001,0.0562341325190349
100,1.5,0.6,0.2,50,23,0.001,0.0562341325190349
100,1.5,0.6,0.2,50,24,0.00316227766016838,0.0562341325190349
100,1.5,0.6,0.2,50,25,0.001,0.0562341325190349
100,1.5,0.6,0.2,50,26,0.001,0.0562341325190349
100,1.5,0.6,0.2,50,27,0.001,0.0562341325190349
100,1.5,0.6,0.2,50,28,0.001,0.0562341325190349
100,1.5,0.6,0.2,50,29,0.001,0.0562341325190349
100,1.5,0.6,0.2,50,30,0.001,0.0562341325190349
100,1.5,0.6,0.2,50,31,0.00177827941003892,0.0562341325190349
100,1.5,0.6,0.2,50,32,0.001,0.0562341325190349
100,1.5,0.6,0.2,50,33,0.001,0.0562341325190349
100,1.5,0.6,0.2,50,34,0.001,0.0562341325190349
100,1.5,0.6,0.2,50,35,0.001,0.0562341325190349
100,1.5,0.6,0.2,50,36,0.001,0.0562341325190349
100,1.5,0.6,0.2,50,37,0.001,0.0562341325190349
100,1.5,0.6,0.2,50,38,0.001,0.0562341325190349
100,1.5,0.6,0.2,50,39,0.001,0.0562341325190349
100,1.5,0.6,0.2,50,40,0.001,0.0562341325190349
100,1.5,0.6,0.2,50,41,0.00316227766016838,0.0562341325190349
100,1.5,0.6,0.2,50,42,0.001,0.0562341325190349
100,1.5,0.6,0.2,50,43,0.00177827941003892,0.0562341325190349
100,1.5,0.6,0.2,50,44,0.001,0.0562341325190349
100,1.5,0.6,0.2,50,45,0.001,0.0562341325190349
100,1.5,0.6,0.2,50,46,0.001,0.0562341325190349
100,1.5,0.6,0.2,50,47,0.001,0.0562341325190349
100,1.5,0.6,0.2,50,48,0.00316227766016838,0.0562341325190349
100,1.5,0.6,0.2,50,49,0.001,0.0562341325190349
100,1.5,0.6,0.2,50,50,0.001,0.0562341325190349
10,0.5,0.7,0.2,50,1,0.001,0.316227766016838
10,0.5,0.7,0.2,50,2,0.001,0.316227766016838
10,0.5,0.7,0.2,50,3,0.001,0.316227766016838
10,0.5,0.7,0.2,50,4,0.001,0.316227766016838
10,0.5,0.7,0.2,50,5,0.001,0.316227766016838
10,0.5,0.7,0.2,50,6,0.001,0.316227766016838
10,0.5,0.7,0.2,50,7,0.001,0.316227766016838
10,0.5,0.7,0.2,50,8,0.001,0.316227766016838
10,0.5,0.7,0.2,50,9,0.001,0.316227766016838
10,0.5,0.7,0.2,50,10,0.001,0.316227766016838
10,0.5,0.7,0.2,50,11,0.001,0.316227766016838
10,0.5,0.7,0.2,50,12,0.001,0.316227766016838
10,0.5,0.7,0.2,50,13,0.001,0.316227766016838
10,0.5,0.7,0.2,50,14,0.001,0.316227766016838
10,0.5,0.7,0.2,50,15,0.001,0.316227766016838
10,0.5,0.7,0.2,50,16,0.001,0.316227766016838
10,0.5,0.7,0.2,50,17,0.001,0.316227766016838
10,0.5,0.7,0.2,50,18,0.001,0.316227766016838
10,0.5,0.7,0.2,50,19,0.001,0.316227766016838
10,0.5,0.7,0.2,50,20,0.001,0.316227766016838
10,0.5,0.7,0.2,50,21,0.001,0.316227766016838
10,0.5,0.7,0.2,50,22,0.001,0.316227766016838
10,0.5,0.7,0.2,50,23,0.001,0.316227766016838
10,0.5,0.7,0.2,50,24,0.001,0.316227766016838
10,0.5,0.7,0.2,50,25,0.001,0.316227766016838
10,0.5,0.7,0.2,50,26,0.001,0.316227766016838
10,0.5,0.7,0.2,50,27,0.001,0.316227766016838
10,0.5,0.7,0.2,50,28,0.001,0.316227766016838
10,0.5,0.7,0.2,50,29,0.001,0.316227766016838
10,0.5,0.7,0.2,50,30,0.001,0.316227766016838
10,0.5,0.7,0.2,50,31,0.001,0.316227766016838
10,0.5,0.7,0.2,50,32,0.001,0.316227766016838
10,0.5,0.7,0.2,50,33,0.001,0.316227766016838
10,0.5,0.7,0.2,50,34,0.001,0.316227766016838
10,0.5,0.7,0.2,50,35,0.001,0.316227766016838
10,0.5,0.7,0.2,50,36,0.001,0.316227766016838
10,0.5,0.7,0.2,50,37,0.001,0.316227766016838
10,0.5,0.7,0.2,50,38,0.001,0.316227766016838
10,0.5,0.7,0.2,50,39,0.001,0.316227766016838
10,0.5,0.7,0.2,50,40,0.001,0.316227766016838
10,0.5,0.7,0.2,50,41,0.001,0.316227766016838
10,0.5,0.7,0.2,50,42,0.001,0.316227766016838
10,0.5,0.7,0.2,50,43,0.001,0.316227766016838
10,0.5,0.7,0.2,50,44,0.001,0.316227766016838
10,0.5,0.7,0.2,50,45,0.001,0.316227766016838
10,0.5,0.7,0.2,50,46,0.001,0.316227766016838
10,0.5,0.7,0.2,50,47,0.001,0.316227766016838
10,0.5,0.7,0.2,50,48,0.001,0.316227766016838
10,0.5,0.7,0.2,50,49,0.001,0.316227766016838
10,0.5,0.7,0.2,50,50,0.001,0.316227766016838
30,0.5,0.7,0.2,50,1,0.001,0.177827941003892
30,0.5,0.7,0.2,50,2,0.001,0.177827941003892
30,0.5,0.7,0.2,50,3,0.001,0.177827941003892
30,0.5,0.7,0.2,50,4,0.001,0.177827941003892
30,0.5,0.7,0.2,50,5,0.001,0.177827941003892
30,0.5,0.7,0.2,50,6,0.001,0.177827941003892
30,0.5,0.7,0.2,50,7,0.001,0.177827941003892
30,0.5,0.7,0.2,50,8,0.001,0.177827941003892
30,0.5,0.7,0.2,50,9,0.001,0.177827941003892
30,0.5,0.7,0.2,50,10,0.001,0.177827941003892
30,0.5,0.7,0.2,50,11,0.001,0.177827941003892
30,0.5,0.7,0.2,50,12,0.001,0.177827941003892
30,0.5,0.7,0.2,50,13,0.001,0.177827941003892
30,0.5,0.7,0.2,50,14,0.001,0.177827941003892
30,0.5,0.7,0.2,50,15,0.001,0.177827941003892
30,0.5,0.7,0.2,50,16,0.001,0.177827941003892
30,0.5,0.7,0.2,50,17,0.001,0.177827941003892
30,0.5,0.7,0.2,50,18,0.001,0.177827941003892
30,0.5,0.7,0.2,50,19,0.001,0.177827941003892
30,0.5,0.7,0.2,50,20,0.001,0.177827941003892
30,0.5,0.7,0.2,50,21,0.001,0.177827941003892
30,0.5,0.7,0.2,50,22,0.001,0.177827941003892
30,0.5,0.7,0.2,50,23,0.001,0.177827941003892
30,0.5,0.7,0.2,50,24,0.001,0.177827941003892
30,0.5,0.7,0.2,50,25,0.001,0.177827941003892
30,0.5,0.7,0.2,50,26,0.001,0.177827941003892
30,0.5,0.7,0.2,50,27,0.001,0.177827941003892
30,0.5,0.7,0.2,50,28,0.001,0.177827941003892
30,0.5,0.7,0.2,50,29,0.001,0.177827941003892
30,0.5,0.7,0.2,50,30,0.001,0.177827941003892
30,0.5,0.7,0.2,50,31,0.001,0.177827941003892
30,0.5,0.7,0.2,50,32,0.001,0.177827941003892
30,0.5,0.7,0.2,50,33,0.001,0.177827941003892
30,0.5,0.7,0.2,50,34,0.001,0.177827941003892
30,0.5,0.7,0.2,50,35,0.001,0.177827941003892
30,0.5,0.7,0.2,50,36,0.001,0.177827941003892
30,0.5,0.7,0.2,50,37,0.001,0.177827941003892
30,0.5,0.7,0.2,50,38,0.001,0.177827941003892
30,0.5,0.7,0.2,50,39,0.001,0.177827941003892
30,0.5,0.7,0.2,50,40,0.001,0.177827941003892
30,0.5,0.7,0.2,50,41,0.001,0.177827941003892
30,0.5,0.7,0.2,50,42,0.001,0.177827941003892
30,0.5,0.7,0.2,50,43,0.001,0.177827941003892
30,0.5,0.7,0.2,50,44,0.001,0.177827941003892
30,0.5,0.7,0.2,50,45,0.001,0.177827941003892
30,0.5,0.7,0.2,50,46,0.001,0.177827941003892
30,0.5,0.7,0.2,50,47,0.001,0.177827941003892
30,0.5,0.7,0.2,50,48,0.001,0.177827941003892
30,0.5,0.7,0.2,50,49,0.001,0.177827941003892
30,0.5,0.7,0.2,50,50,0.001,0.177827941003892
60,0.5,0.7,0.2,50,1,0.001,0.133352143216332
60,0.5,0.7,0.2,50,2,0.001,0.133352143216332
60,0.5,0.7,0.2,50,3,0.001,0.133352143216332
60,0.5,0.7,0.2,50,4,0.001,0.133352143216332
60,0.5,0.7,0.2,50,5,0.001,0.133352143216332
60,0.5,0.7,0.2,50,6,0.001,0.133352143216332
60,0.5,0.7,0.2,50,7,0.001,0.133352143216332
60,0.5,0.7,0.2,50,8,0.001,0.133352143216332
60,0.5,0.7,0.2,50,9,0.001,0.133352143216332
60,0.5,0.7,0.2,50,10,0.001,0.133352143216332
60,0.5,0.7,0.2,50,11,0.001,0.133352143216332
60,0.5,0.7,0.2,50,12,0.001,0.133352143216332
60,0.5,0.7,0.2,50,13,0.001,0.133352143216332
60,0.5,0.7,0.2,50,14,0.001,0.133352143216332
60,0.5,0.7,0.2,50,15,0.001,0.133352143216332
60,0.5,0.7,0.2,50,16,0.001,0.133352143216332
60,0.5,0.7,0.2,50,17,0.001,0.133352143216332
60,0.5,0.7,0.2,50,18,0.001,0.133352143216332
60,0.5,0.7,0.2,50,19,0.001,0.133352143216332
60,0.5,0.7,0.2,50,20,0.001,0.133352143216332
60,0.5,0.7,0.2,50,21,0.001,0.133352143216332
60,0.5,0.7,0.2,50,22,0.001,0.133352143216332
60,0.5,0.7,0.2,50,23,0.001,0.133352143216332
60,0.5,0.7,0.2,50,24,0.001,0.133352143216332
60,0.5,0.7,0.2,50,25,0.001,0.133352143216332
60,0.5,0.7,0.2,50,26,0.001,0.133352143216332
60,0.5,0.7,0.2,50,27,0.001,0.133352143216332
60,0.5,0.7,0.2,50,28,0.001,0.133352143216332
60,0.5,0.7,0.2,50,29,0.001,0.133352143216332
60,0.5,0.7,0.2,50,30,0.001,0.133352143216332
60,0.5,0.7,0.2,50,31,0.001,0.133352143216332
60,0.5,0.7,0.2,50,32,0.001,0.133352143216332
60,0.5,0.7,0.2,50,33,0.001,0.133352143216332
60,0.5,0.7,0.2,50,34,0.001,0.133352143216332
60,0.5,0.7,0.2,50,35,0.001,0.133352143216332
60,0.5,0.7,0.2,50,36,0.001,0.133352143216332
60,0.5,0.7,0.2,50,37,0.001,0.133352143216332
60,0.5,0.7,0.2,50,38,0.001,0.133352143216332
60,0.5,0.7,0.2,50,39,0.001,0.133352143216332
60,0.5,0.7,0.2,50,40,0.001,0.133352143216332
60,0.5,0.7,0.2,50,41,0.001,0.133352143216332
60,0.5,0.7,0.2,50,42,0.001,0.133352143216332
60,0.5,0.7,0.2,50,43,0.001,0.133352143216332
60,0.5,0.7,0.2,50,44,0.001,0.133352143216332
60,0.5,0.7,0.2,50,45,0.001,0.133352143216332
60,0.5,0.7,0.2,50,46,0.001,0.133352143216332
60,0.5,0.7,0.2,50,47,0.001,0.133352143216332
60,0.5,0.7,0.2,50,48,0.001,0.133352143216332
60,0.5,0.7,0.2,50,49,0.001,0.133352143216332
60,0.5,0.7,0.2,50,50,0.001,0.133352143216332
100,0.5,0.7,0.2,50,1,0.001,0.133352143216332
100,0.5,0.7,0.2,50,2,0.001,0.133352143216332
100,0.5,0.7,0.2,50,3,0.001,0.133352143216332
100,0.5,0.7,0.2,50,4,0.001,0.133352143216332
100,0.5,0.7,0.2,50,5,0.001,0.133352143216332
100,0.5,0.7,0.2,50,6,0.001,0.133352143216332
100,0.5,0.7,0.2,50,7,0.001,0.133352143216332
100,0.5,0.7,0.2,50,8,0.001,0.133352143216332
100,0.5,0.7,0.2,50,9,0.001,0.133352143216332
100,0.5,0.7,0.2,50,10,0.001,0.133352143216332
100,0.5,0.7,0.2,50,11,0.001,0.133352143216332
100,0.5,0.7,0.2,50,12,0.001,0.133352143216332
100,0.5,0.7,0.2,50,13,0.001,0.133352143216332
100,0.5,0.7,0.2,50,14,0.001,0.133352143216332
100,0.5,0.7,0.2,50,15,0.001,0.133352143216332
100,0.5,0.7,0.2,50,16,0.001,0.133352143216332
100,0.5,0.7,0.2,50,17,0.001,0.133352143216332
100,0.5,0.7,0.2,50,18,0.001,0.133352143216332
100,0.5,0.7,0.2,50,19,0.001,0.133352143216332
100,0.5,0.7,0.2,50,20,0.001,0.133352143216332
100,0.5,0.7,0.2,50,21,0.001,0.133352143216332
100,0.5,0.7,0.2,50,22,0.001,0.133352143216332
100,0.5,0.7,0.2,50,23,0.001,0.133352143216332
100,0.5,0.7,0.2,50,24,0.001,0.133352143216332
100,0.5,0.7,0.2,50,25,0.001,0.133352143216332
100,0.5,0.7,0.2,50,26,0.001,0.133352143216332
100,0.5,0.7,0.2,50,27,0.001,0.133352143216332
100,0.5,0.7,0.2,50,28,0.001,0.133352143216332
100,0.5,0.7,0.2,50,29,0.001,0.133352143216332
100,0.5,0.7,0.2,50,30,0.001,0.133352143216332
100,0.5,0.7,0.2,50,31,0.001,0.133352143216332
100,0.5,0.7,0.2,50,32,0.001,0.133352143216332
100,0.5,0.7,0.2,50,33,0.001,0.133352143216332
100,0.5,0.7,0.2,50,34,0.001,0.133352143216332
100,0.5,0.7,0.2,50,35,0.001,0.133352143216332
100,0.5,0.7,0.2,50,36,0.001,0.133352143216332
100,0.5,0.7,0.2,50,37,0.001,0.133352143216332
100,0.5,0.7,0.2,50,38,0.001,0.133352143216332
100,0.5,0.7,0.2,50,39,0.001,0.133352143216332
100,0.5,0.7,0.2,50,40,0.001,0.133352143216332
100,0.5,0.7,0.2,50,41,0.001,0.133352143216332
100,0.5,0.7,0.2,50,42,0.001,0.133352143216332
100,0.5,0.7,0.2,50,43,0.001,0.133352143216332
100,0.5,0.7,0.2,50,44,0.001,0.133352143216332
100,0.5,0.7,0.2,50,45,0.001,0.133352143216332
100,0.5,0.7,0.2,50,46,0.001,0.133352143216332
100,0.5,0.7,0.2,50,47,0.001,0.133352143216332
100,0.5,0.7,0.2,50,48,0.001,0.133352143216332
100,0.5,0.7,0.2,50,49,0.001,0.133352143216332
100,0.5,0.7,0.2,50,50,0.001,0.133352143216332
10,1,0.7,0.2,50,1,0.001,0.237137370566165
10,1,0.7,0.2,50,2,0.001,0.177827941003892
10,1,0.7,0.2,50,3,0.001,0.177827941003892
10,1,0.7,0.2,50,4,0.001,0.177827941003892
10,1,0.7,0.2,50,5,0.001,0.177827941003892
10,1,0.7,0.2,50,6,0.001,0.177827941003892
10,1,0.7,0.2,50,7,0.001,0.177827941003892
10,1,0.7,0.2,50,8,0.001,0.177827941003892
10,1,0.7,0.2,50,9,0.001,0.177827941003892
10,1,0.7,0.2,50,10,0.001,0.237137370566165
10,1,0.7,0.2,50,11,0.001,0.177827941003892
10,1,0.7,0.2,50,12,0.001,0.237137370566165
10,1,0.7,0.2,50,13,0.001,0.177827941003892
10,1,0.7,0.2,50,14,0.001,0.177827941003892
10,1,0.7,0.2,50,15,0.001,0.237137370566165
10,1,0.7,0.2,50,16,0.001,0.237137370566165
10,1,0.7,0.2,50,17,0.001,0.237137370566165
10,1,0.7,0.2,50,18,0.001,0.237137370566165
10,1,0.7,0.2,50,19,0.001,0.177827941003892
10,1,0.7,0.2,50,20,0.001,0.237137370566165
10,1,0.7,0.2,50,21,0.001,0.177827941003892
10,1,0.7,0.2,50,22,0.001,0.237137370566165
10,1,0.7,0.2,50,23,0.001,0.237137370566165
10,1,0.7,0.2,50,24,0.001,0.237137370566165
10,1,0.7,0.2,50,25,0.001,0.237137370566165
10,1,0.7,0.2,50,26,0.001,0.177827941003892
10,1,0.7,0.2,50,27,0.001,0.237137370566165
10,1,0.7,0.2,50,28,0.001,0.237137370566165
10,1,0.7,0.2,50,29,0.001,0.177827941003892
10,1,0.7,0.2,50,30,0.001,0.237137370566165
10,1,0.7,0.2,50,31,0.001,0.237137370566165
10,1,0.7,0.2,50,32,0.001,0.177827941003892
10,1,0.7,0.2,50,33,0.001,0.237137370566165
10,1,0.7,0.2,50,34,0.001,0.177827941003892
10,1,0.7,0.2,50,35,0.001,0.177827941003892
10,1,0.7,0.2,50,36,0.001,0.237137370566165
10,1,0.7,0.2,50,37,0.001,0.177827941003892
10,1,0.7,0.2,50,38,0.001,0.237137370566165
10,1,0.7,0.2,50,39,0.001,0.177827941003892
10,1,0.7,0.2,50,40,0.001,0.177827941003892
10,1,0.7,0.2,50,41,0.001,0.177827941003892
10,1,0.7,0.2,50,42,0.001,0.177827941003892
10,1,0.7,0.2,50,43,0.001,0.177827941003892
10,1,0.7,0.2,50,44,0.001,0.177827941003892
10,1,0.7,0.2,50,45,0.001,0.177827941003892
10,1,0.7,0.2,50,46,0.001,0.177827941003892
10,1,0.7,0.2,50,47,0.001,0.177827941003892
10,1,0.7,0.2,50,48,0.001,0.177827941003892
10,1,0.7,0.2,50,49,0.001,0.237137370566165
10,1,0.7,0.2,50,50,0.001,0.237137370566165
30,1,0.7,0.2,50,1,0.001,0.133352143216332
30,1,0.7,0.2,50,2,0.001,0.1
30,1,0.7,0.2,50,3,0.001,0.1
30,1,0.7,0.2,50,4,0.001,0.1
30,1,0.7,0.2,50,5,0.001,0.1
30,1,0.7,0.2,50,6,0.001,0.1
30,1,0.7,0.2,50,7,0.001,0.1
30,1,0.7,0.2,50,8,0.001,0.1
30,1,0.7,0.2,50,9,0.001,0.1
30,1,0.7,0.2,50,10,0.001,0.133352143216332
30,1,0.7,0.2,50,11,0.001,0.1
30,1,0.7,0.2,50,12,0.001,0.133352143216332
30,1,0.7,0.2,50,13,0.001,0.1
30,1,0.7,0.2,50,14,0.001,0.1
30,1,0.7,0.2,50,15,0.001,0.133352143216332
30,1,0.7,0.2,50,16,0.001,0.1
30,1,0.7,0.2,50,17,0.001,0.133352143216332
30,1,0.7,0.2,50,18,0.001,0.133352143216332
30,1,0.7,0.2,50,19,0.001,0.1
30,1,0.7,0.2,50,20,0.001,0.133352143216332
30,1,0.7,0.2,50,21,0.001,0.1
30,1,0.7,0.2,50,22,0.001,0.133352143216332
30,1,0.7,0.2,50,23,0.001,0.133352143216332
30,1,0.7,0.2,50,24,0.001,0.133352143216332
30,1,0.7,0.2,50,25,0.001,0.133352143216332
30,1,0.7,0.2,50,26,0.001,0.1
30,1,0.7,0.2,50,27,0.001,0.1
30,1,0.7,0.2,50,28,0.001,0.133352143216332
30,1,0.7,0.2,50,29,0.001,0.1
30,1,0.7,0.2,50,30,0.001,0.133352143216332
30,1,0.7,0.2,50,31,0.001,0.133352143216332
30,1,0.7,0.2,50,32,0.001,0.1
30,1,0.7,0.2,50,33,0.001,0.133352143216332
30,1,0.7,0.2,50,34,0.001,0.133352143216332
30,1,0.7,0.2,50,35,0.001,0.1
30,1,0.7,0.2,50,36,0.001,0.133352143216332
30,1,0.7,0.2,50,37,0.001,0.1
30,1,0.7,0.2,50,38,0.001,0.133352143216332
30,1,0.7,0.2,50,39,0.001,0.1
30,1,0.7,0.2,50,40,0.001,0.1
30,1,0.7,0.2,50,41,0.001,0.1
30,1,0.7,0.2,50,42,0.001,0.1
30,1,0.7,0.2,50,43,0.001,0.1
30,1,0.7,0.2,50,44,0.001,0.1
30,1,0.7,0.2,50,45,0.001,0.1
30,1,0.7,0.2,50,46,0.001,0.1
30,1,0.7,0.2,50,47,0.001,0.1
30,1,0.7,0.2,50,48,0.001,0.1
30,1,0.7,0.2,50,49,0.001,0.133352143216332
30,1,0.7,0.2,50,50,0.001,0.133352143216332
60,1,0.7,0.2,50,1,0.001,0.1
60,1,0.7,0.2,50,2,0.001,0.1
60,1,0.7,0.2,50,3,0.001,0.1
60,1,0.7,0.2,50,4,0.001,0.1
60,1,0.7,0.2,50,5,0.001,0.1
60,1,0.7,0.2,50,6,0.001,0.1
60,1,0.7,0.2,50,7,0.001,0.1
60,1,0.7,0.2,50,8,0.001,0.1
60,1,0.7,0.2,50,9,0.001,0.1
60,1,0.7,0.2,50,10,0.001,0.1
60,1,0.7,0.2,50,11,0.001,0.1
60,1,0.7,0.2,50,12,0.001,0.1
60,1,0.7,0.2,50,13,0.001,0.1
60,1,0.7,0.2,50,14,0.001,0.1
60,1,0.7,0.2,50,15,0.001,0.1
60,1,0.7,0.2,50,16,0.001,0.1
60,1,0.7,0.2,50,17,0.001,0.1
60,1,0.7,0.2,50,18,0.001,0.1
60,1,0.7,0.2,50,19,0.001,0.1
60,1,0.7,0.2,50,20,0.001,0.1
60,1,0.7,0.2,50,21,0.001,0.1
60,1,0.7,0.2,50,22,0.001,0.1
60,1,0.7,0.2,50,23,0.001,0.1
60,1,0.7,0.2,50,24,0.001,0.1
60,1,0.7,0.2,50,25,0.001,0.1
60,1,0.7,0.2,50,26,0.001,0.1
60,1,0.7,0.2,50,27,0.001,0.1
60,1,0.7,0.2,50,28,0.001,0.1
60,1,0.7,0.2,50,29,0.001,0.1
60,1,0.7,0.2,50,30,0.001,0.1
60,1,0.7,0.2,50,31,0.001,0.1
60,1,0.7,0.2,50,32,0.001,0.1
60,1,0.7,0.2,50,33,0.001,0.1
60,1,0.7,0.2,50,34,0.001,0.1
60,1,0.7,0.2,50,35,0.001,0.1
60,1,0.7,0.2,50,36,0.001,0.1
60,1,0.7,0.2,50,37,0.001,0.1
60,1,0.7,0.2,50,38,0.001,0.1
60,1,0.7,0.2,50,39,0.001,0.1
60,1,0.7,0.2,50,40,0.001,0.1
60,1,0.7,0.2,50,41,0.001,0.1
60,1,0.7,0.2,50,42,0.001,0.1
60,1,0.7,0.2,50,43,0.001,0.1
60,1,0.7,0.2,50,44,0.001,0.1
60,1,0.7,0.2,50,45,0.001,0.1
60,1,0.7,0.2,50,46,0.001,0.1
60,1,0.7,0.2,50,47,0.001,0.1
60,1,0.7,0.2,50,48,0.001,0.1
60,1,0.7,0.2,50,49,0.001,0.1
60,1,0.7,0.2,50,50,0.001,0.1
100,1,0.7,0.2,50,1,0.001,0.0749894209332456
100,1,0.7,0.2,50,2,0.001,0.0749894209332456
100,1,0.7,0.2,50,3,0.001,0.0749894209332456
100,1,0.7,0.2,50,4,0.001,0.0749894209332456
100,1,0.7,0.2,50,5,0.001,0.0749894209332456
100,1,0.7,0.2,50,6,0.001,0.0749894209332456
100,1,0.7,0.2,50,7,0.001,0.0749894209332456
100,1,0.7,0.2,50,8,0.001,0.0749894209332456
100,1,0.7,0.2,50,9,0.001,0.0749894209332456
100,1,0.7,0.2,50,10,0.001,0.0749894209332456
100,1,0.7,0.2,50,11,0.001,0.0749894209332456
100,1,0.7,0.2,50,12,0.001,0.0749894209332456
100,1,0.7,0.2,50,13,0.001,0.0749894209332456
100,1,0.7,0.2,50,14,0.001,0.0749894209332456
100,1,0.7,0.2,50,15,0.001,0.0749894209332456
100,1,0.7,0.2,50,16,0.001,0.0749894209332456
100,1,0.7,0.2,50,17,0.001,0.0749894209332456
100,1,0.7,0.2,50,18,0.001,0.0749894209332456
100,1,0.7,0.2,50,19,0.001,0.0749894209332456
100,1,0.7,0.2,50,20,0.001,0.0749894209332456
100,1,0.7,0.2,50,21,0.001,0.0749894209332456
100,1,0.7,0.2,50,22,0.001,0.0749894209332456
100,1,0.7,0.2,50,23,0.001,0.0749894209332456
100,1,0.7,0.2,50,24,0.001,0.0749894209332456
100,1,0.7,0.2,50,25,0.001,0.0749894209332456
100,1,0.7,0.2,50,26,0.001,0.0749894209332456
100,1,0.7,0.2,50,27,0.001,0.0749894209332456
100,1,0.7,0.2,50,28,0.001,0.0749894209332456
100,1,0.7,0.2,50,29,0.001,0.0749894209332456
100,1,0.7,0.2,50,30,0.001,0.0749894209332456
100,1,0.7,0.2,50,31,0.001,0.0749894209332456
100,1,0.7,0.2,50,32,0.001,0.0749894209332456
100,1,0.7,0.2,50,33,0.001,0.1
100,1,0.7,0.2,50,34,0.001,0.0749894209332456
100,1,0.7,0.2,50,35,0.001,0.0749894209332456
100,1,0.7,0.2,50,36,0.001,0.0749894209332456
100,1,0.7,0.2,50,37,0.001,0.0749894209332456
100,1,0.7,0.2,50,38,0.001,0.0749894209332456
100,1,0.7,0.2,50,39,0.001,0.0749894209332456
100,1,0.7,0.2,50,40,0.001,0.0749894209332456
100,1,0.7,0.2,50,41,0.001,0.0749894209332456
100,1,0.7,0.2,50,42,0.001,0.0749894209332456
100,1,0.7,0.2,50,43,0.001,0.0749894209332456
100,1,0.7,0.2,50,44,0.001,0.0749894209332456
100,1,0.7,0.2,50,45,0.001,0.0749894209332456
100,1,0.7,0.2,50,46,0.001,0.0749894209332456
100,1,0.7,0.2,50,47,0.001,0.0749894209332456
100,1,0.7,0.2,50,48,0.001,0.0749894209332456
100,1,0.7,0.2,50,49,0.001,0.0749894209332456
100,1,0.7,0.2,50,50,0.001,0.0749894209332456
10,1.5,0.7,0.2,50,1,0.00562341325190349,0.133352143216332
10,1.5,0.7,0.2,50,2,0.00749894209332456,0.133352143216332
10,1.5,0.7,0.2,50,3,0.001,0.133352143216332
10,1.5,0.7,0.2,50,4,0.0421696503428582,0.133352143216332
10,1.5,0.7,0.2,50,5,0.0177827941003892,0.133352143216332
10,1.5,0.7,0.2,50,6,0.0133352143216332,0.133352143216332
10,1.5,0.7,0.2,50,7,0.0316227766016838,0.133352143216332
10,1.5,0.7,0.2,50,8,0.0316227766016838,0.133352143216332
10,1.5,0.7,0.2,50,9,0.001,0.133352143216332
10,1.5,0.7,0.2,50,10,0.0133352143216332,0.133352143216332
10,1.5,0.7,0.2,50,11,0.01,0.133352143216332
10,1.5,0.7,0.2,50,12,0.00316227766016838,0.133352143216332
10,1.5,0.7,0.2,50,13,0.01,0.133352143216332
10,1.5,0.7,0.2,50,14,0.00316227766016838,0.133352143216332
10,1.5,0.7,0.2,50,15,0.0177827941003892,0.133352143216332
10,1.5,0.7,0.2,50,16,0.0177827941003892,0.133352143216332
10,1.5,0.7,0.2,50,17,0.001,0.133352143216332
10,1.5,0.7,0.2,50,18,0.00749894209332456,0.133352143216332
10,1.5,0.7,0.2,50,19,0.0177827941003892,0.133352143216332
10,1.5,0.7,0.2,50,20,0.0177827941003892,0.133352143216332
10,1.5,0.7,0.2,50,21,0.001,0.133352143216332
10,1.5,0.7,0.2,50,22,0.0316227766016838,0.133352143216332
10,1.5,0.7,0.2,50,23,0.0237137370566166,0.133352143216332
10,1.5,0.7,0.2,50,24,0.001,0.133352143216332
10,1.5,0.7,0.2,50,25,0.0133352143216332,0.133352143216332
10,1.5,0.7,0.2,50,26,0.0177827941003892,0.133352143216332
10,1.5,0.7,0.2,50,27,0.0421696503428582,0.133352143216332
10,1.5,0.7,0.2,50,28,0.001,0.133352143216332
10,1.5,0.7,0.2,50,29,0.0133352143216332,0.133352143216332
10,1.5,0.7,0.2,50,30,0.01,0.133352143216332
10,1.5,0.7,0.2,50,31,0.001,0.133352143216332
10,1.5,0.7,0.2,50,32,0.01,0.133352143216332
10,1.5,0.7,0.2,50,33,0.01,0.177827941003892
10,1.5,0.7,0.2,50,34,0.001,0.133352143216332
10,1.5,0.7,0.2,50,35,0.0177827941003892,0.133352143216332
10,1.5,0.7,0.2,50,36,0.001,0.133352143216332
10,1.5,0.7,0.2,50,37,0.0421696503428582,0.133352143216332
10,1.5,0.7,0.2,50,38,0.0177827941003892,0.133352143216332
10,1.5,0.7,0.2,50,39,0.0421696503428582,0.133352143216332
10,1.5,0.7,0.2,50,40,0.0421696503428582,0.133352143216332
10,1.5,0.7,0.2,50,41,0.0177827941003892,0.133352143216332
10,1.5,0.7,0.2,50,42,0.00749894209332456,0.133352143216332
10,1.5,0.7,0.2,50,43,0.0316227766016838,0.133352143216332
10,1.5,0.7,0.2,50,44,0.0562341325190349,0.133352143216332
10,1.5,0.7,0.2,50,45,0.001,0.133352143216332
10,1.5,0.7,0.2,50,46,0.001,0.133352143216332
10,1.5,0.7,0.2,50,47,0.00562341325190349,0.133352143216332
10,1.5,0.7,0.2,50,48,0.0316227766016838,0.133352143216332
10,1.5,0.7,0.2,50,49,0.001,0.177827941003892
10,1.5,0.7,0.2,50,50,0.001,0.133352143216332
30,1.5,0.7,0.2,50,1,0.001,0.0749894209332456
30,1.5,0.7,0.2,50,2,0.001,0.0749894209332456
30,1.5,0.7,0.2,50,3,0.001,0.0749894209332456
30,1.5,0.7,0.2,50,4,0.00316227766016838,0.0749894209332456
30,1.5,0.7,0.2,50,5,0.001,0.0749894209332456
30,1.5,0.7,0.2,50,6,0.001,0.0749894209332456
30,1.5,0.7,0.2,50,7,0.001,0.0749894209332456
30,1.5,0.7,0.2,50,8,0.00316227766016838,0.0749894209332456
30,1.5,0.7,0.2,50,9,0.001,0.0749894209332456
30,1.5,0.7,0.2,50,10,0.001,0.0749894209332456
30,1.5,0.7,0.2,50,11,0.001,0.0749894209332456
30,1.5,0.7,0.2,50,12,0.001,0.0749894209332456
30,1.5,0.7,0.2,50,13,0.001,0.0749894209332456
30,1.5,0.7,0.2,50,14,0.001,0.0749894209332456
30,1.5,0.7,0.2,50,15,0.001,0.0749894209332456
30,1.5,0.7,0.2,50,16,0.001,0.0749894209332456
30,1.5,0.7,0.2,50,17,0.001,0.0749894209332456
30,1.5,0.7,0.2,50,18,0.001,0.0749894209332456
30,1.5,0.7,0.2,50,19,0.001,0.0749894209332456
30,1.5,0.7,0.2,50,20,0.001,0.0749894209332456
30,1.5,0.7,0.2,50,21,0.001,0.0749894209332456
30,1.5,0.7,0.2,50,22,0.00421696503428582,0.0749894209332456
30,1.5,0.7,0.2,50,23,0.00133352143216332,0.0749894209332456
30,1.5,0.7,0.2,50,24,0.001,0.0749894209332456
30,1.5,0.7,0.2,50,25,0.001,0.0749894209332456
30,1.5,0.7,0.2,50,26,0.001,0.0749894209332456
30,1.5,0.7,0.2,50,27,0.00562341325190349,0.0749894209332456
30,1.5,0.7,0.2,50,28,0.001,0.0749894209332456
30,1.5,0.7,0.2,50,29,0.001,0.0749894209332456
30,1.5,0.7,0.2,50,30,0.001,0.0749894209332456
30,1.5,0.7,0.2,50,31,0.001,0.0749894209332456
30,1.5,0.7,0.2,50,32,0.001,0.0749894209332456
30,1.5,0.7,0.2,50,33,0.001,0.1
30,1.5,0.7,0.2,50,34,0.001,0.0749894209332456
30,1.5,0.7,0.2,50,35,0.001,0.0749894209332456
30,1.5,0.7,0.2,50,36,0.001,0.0749894209332456
30,1.5,0.7,0.2,50,37,0.001,0.0749894209332456
30,1.5,0.7,0.2,50,38,0.001,0.0749894209332456
30,1.5,0.7,0.2,50,39,0.00421696503428582,0.0749894209332456
30,1.5,0.7,0.2,50,40,0.00421696503428582,0.0749894209332456
30,1.5,0.7,0.2,50,41,0.001,0.0749894209332456
30,1.5,0.7,0.2,50,42,0.001,0.0749894209332456
30,1.5,0.7,0.2,50,43,0.00316227766016838,0.0749894209332456
30,1.5,0.7,0.2,50,44,0.00749894209332456,0.0749894209332456
30,1.5,0.7,0.2,50,45,0.001,0.0749894209332456
30,1.5,0.7,0.2,50,46,0.001,0.0749894209332456
30,1.5,0.7,0.2,50,47,0.001,0.0749894209332456
30,1.5,0.7,0.2,50,48,0.00237137370566166,0.0749894209332456
30,1.5,0.7,0.2,50,49,0.001,0.1
30,1.5,0.7,0.2,50,50,0.001,0.0749894209332456
60,1.5,0.7,0.2,50,1,0.001,0.0749894209332456
60,1.5,0.7,0.2,50,2,0.001,0.0749894209332456
60,1.5,0.7,0.2,50,3,0.001,0.0749894209332456
60,1.5,0.7,0.2,50,4,0.001,0.0749894209332456
60,1.5,0.7,0.2,50,5,0.001,0.0749894209332456
60,1.5,0.7,0.2,50,6,0.001,0.0562341325190349
60,1.5,0.7,0.2,50,7,0.001,0.0749894209332456
60,1.5,0.7,0.2,50,8,0.001,0.0562341325190349
60,1.5,0.7,0.2,50,9,0.001,0.0749894209332456
60,1.5,0.7,0.2,50,10,0.001,0.0749894209332456
60,1.5,0.7,0.2,50,11,0.001,0.0562341325190349
60,1.5,0.7,0.2,50,12,0.001,0.0749894209332456
60,1.5,0.7,0.2,50,13,0.001,0.0749894209332456
60,1.5,0.7,0.2,50,14,0.001,0.0749894209332456
60,1.5,0.7,0.2,50,15,0.001,0.0749894209332456
60,1.5,0.7,0.2,50,16,0.001,0.0749894209332456
60,1.5,0.7,0.2,50,17,0.001,0.0749894209332456
60,1.5,0.7,0.2,50,18,0.001,0.0749894209332456
60,1.5,0.7,0.2,50,19,0.001,0.0749894209332456
60,1.5,0.7,0.2,50,20,0.001,0.0749894209332456
60,1.5,0.7,0.2,50,21,0.001,0.0749894209332456
60,1.5,0.7,0.2,50,22,0.001,0.0749894209332456
60,1.5,0.7,0.2,50,23,0.001,0.0749894209332456
60,1.5,0.7,0.2,50,24,0.001,0.0749894209332456
60,1.5,0.7,0.2,50,25,0.001,0.0749894209332456
60,1.5,0.7,0.2,50,26,0.001,0.0749894209332456
60,1.5,0.7,0.2,50,27,0.00133352143216332,0.0749894209332456
60,1.5,0.7,0.2,50,28,0.001,0.0749894209332456
60,1.5,0.7,0.2,50,29,0.001,0.0749894209332456
60,1.5,0.7,0.2,50,30,0.001,0.0749894209332456
60,1.5,0.7,0.2,50,31,0.001,0.0749894209332456
60,1.5,0.7,0.2,50,32,0.001,0.0749894209332456
60,1.5,0.7,0.2,50,33,0.001,0.0749894209332456
60,1.5,0.7,0.2,50,34,0.001,0.0749894209332456
60,1.5,0.7,0.2,50,35,0.001,0.0562341325190349
60,1.5,0.7,0.2,50,36,0.001,0.0749894209332456
60,1.5,0.7,0.2,50,37,0.001,0.0562341325190349
60,1.5,0.7,0.2,50,38,0.001,0.0749894209332456
60,1.5,0.7,0.2,50,39,0.001,0.0749894209332456
60,1.5,0.7,0.2,50,40,0.001,0.0562341325190349
60,1.5,0.7,0.2,50,41,0.001,0.0749894209332456
60,1.5,0.7,0.2,50,42,0.001,0.0749894209332456
60,1.5,0.7,0.2,50,43,0.001,0.0749894209332456
60,1.5,0.7,0.2,50,44,0.00237137370566166,0.0749894209332456
60,1.5,0.7,0.2,50,45,0.001,0.0562341325190349
60,1.5,0.7,0.2,50,46,0.001,0.0749894209332456
60,1.5,0.7,0.2,50,47,0.001,0.0749894209332456
60,1.5,0.7,0.2,50,48,0.001,0.0749894209332456
60,1.5,0.7,0.2,50,49,0.001,0.0749894209332456
60,1.5,0.7,0.2,50,50,0.001,0.0749894209332456
100,1.5,0.7,0.2,50,1,0.001,0.0562341325190349
100,1.5,0.7,0.2,50,2,0.001,0.0562341325190349
100,1.5,0.7,0.2,50,3,0.001,0.0562341325190349
100,1.5,0.7,0.2,50,4,0.001,0.0562341325190349
100,1.5,0.7,0.2,50,5,0.001,0.0562341325190349
100,1.5,0.7,0.2,50,6,0.001,0.0562341325190349
100,1.5,0.7,0.2,50,7,0.001,0.0562341325190349
100,1.5,0.7,0.2,50,8,0.001,0.0562341325190349
100,1.5,0.7,0.2,50,9,0.001,0.0562341325190349
100,1.5,0.7,0.2,50,10,0.001,0.0562341325190349
100,1.5,0.7,0.2,50,11,0.001,0.0562341325190349
100,1.5,0.7,0.2,50,12,0.001,0.0562341325190349
100,1.5,0.7,0.2,50,13,0.001,0.0562341325190349
100,1.5,0.7,0.2,50,14,0.001,0.0562341325190349
100,1.5,0.7,0.2,50,15,0.001,0.0562341325190349
100,1.5,0.7,0.2,50,16,0.001,0.0562341325190349
100,1.5,0.7,0.2,50,17,0.001,0.0562341325190349
100,1.5,0.7,0.2,50,18,0.001,0.0562341325190349
100,1.5,0.7,0.2,50,19,0.001,0.0562341325190349
100,1.5,0.7,0.2,50,20,0.001,0.0562341325190349
100,1.5,0.7,0.2,50,21,0.001,0.0562341325190349
100,1.5,0.7,0.2,50,22,0.001,0.0562341325190349
100,1.5,0.7,0.2,50,23,0.001,0.0562341325190349
100,1.5,0.7,0.2,50,24,0.001,0.0562341325190349
100,1.5,0.7,0.2,50,25,0.001,0.0562341325190349
100,1.5,0.7,0.2,50,26,0.001,0.0562341325190349
100,1.5,0.7,0.2,50,27,0.001,0.0562341325190349
100,1.5,0.7,0.2,50,28,0.001,0.0562341325190349
100,1.5,0.7,0.2,50,29,0.001,0.0562341325190349
100,1.5,0.7,0.2,50,30,0.001,0.0562341325190349
100,1.5,0.7,0.2,50,31,0.001,0.0562341325190349
100,1.5,0.7,0.2,50,32,0.001,0.0562341325190349
100,1.5,0.7,0.2,50,33,0.001,0.0562341325190349
100,1.5,0.7,0.2,50,34,0.001,0.0562341325190349
100,1.5,0.7,0.2,50,35,0.001,0.0562341325190349
100,1.5,0.7,0.2,50,36,0.001,0.0562341325190349
100,1.5,0.7,0.2,50,37,0.001,0.0562341325190349
100,1.5,0.7,0.2,50,38,0.001,0.0562341325190349
100,1.5,0.7,0.2,50,39,0.001,0.0562341325190349
100,1.5,0.7,0.2,50,40,0.001,0.0562341325190349
100,1.5,0.7,0.2,50,41,0.001,0.0562341325190349
100,1.5,0.7,0.2,50,42,0.001,0.0562341325190349
100,1.5,0.7,0.2,50,43,0.001,0.0562341325190349
100,1.5,0.7,0.2,50,44,0.001,0.0562341325190349
100,1.5,0.7,0.2,50,45,0.001,0.0562341325190349
100,1.5,0.7,0.2,50,46,0.001,0.0562341325190349
100,1.5,0.7,0.2,50,47,0.001,0.0562341325190349
100,1.5,0.7,0.2,50,48,0.001,0.0562341325190349
100,1.5,0.7,0.2,50,49,0.001,0.0562341325190349
100,1.5,0.7,0.2,50,50,0.001,0.0562341325190349
10,0.5,0.5,0.3,50,1,0.001,0.237137370566165
10,0.5,0.5,0.3,50,2,0.001,0.237137370566165
10,0.5,0.5,0.3,50,3,0.001,0.237137370566165
10,0.5,0.5,0.3,50,4,0.001,0.237137370566165
10,0.5,0.5,0.3,50,5,0.001,0.237137370566165
10,0.5,0.5,0.3,50,6,0.001,0.237137370566165
10,0.5,0.5,0.3,50,7,0.001,0.237137370566165
10,0.5,0.5,0.3,50,8,0.001,0.237137370566165
10,0.5,0.5,0.3,50,9,0.001,0.237137370566165
10,0.5,0.5,0.3,50,10,0.001,0.237137370566165
10,0.5,0.5,0.3,50,11,0.001,0.237137370566165
10,0.5,0.5,0.3,50,12,0.001,0.237137370566165
10,0.5,0.5,0.3,50,13,0.001,0.237137370566165
10,0.5,0.5,0.3,50,14,0.001,0.237137370566165
10,0.5,0.5,0.3,50,15,0.001,0.237137370566165
10,0.5,0.5,0.3,50,16,0.001,0.237137370566165
10,0.5,0.5,0.3,50,17,0.001,0.237137370566165
10,0.5,0.5,0.3,50,18,0.001,0.237137370566165
10,0.5,0.5,0.3,50,19,0.001,0.237137370566165
10,0.5,0.5,0.3,50,20,0.001,0.237137370566165
10,0.5,0.5,0.3,50,21,0.001,0.237137370566165
10,0.5,0.5,0.3,50,22,0.001,0.237137370566165
10,0.5,0.5,0.3,50,23,0.001,0.237137370566165
10,0.5,0.5,0.3,50,24,0.001,0.237137370566165
10,0.5,0.5,0.3,50,25,0.001,0.237137370566165
10,0.5,0.5,0.3,50,26,0.001,0.237137370566165
10,0.5,0.5,0.3,50,27,0.001,0.237137370566165
10,0.5,0.5,0.3,50,28,0.001,0.237137370566165
10,0.5,0.5,0.3,50,29,0.001,0.237137370566165
10,0.5,0.5,0.3,50,30,0.001,0.237137370566165
10,0.5,0.5,0.3,50,31,0.001,0.237137370566165
10,0.5,0.5,0.3,50,32,0.001,0.237137370566165
10,0.5,0.5,0.3,50,33,0.001,0.237137370566165
10,0.5,0.5,0.3,50,34,0.001,0.237137370566165
10,0.5,0.5,0.3,50,35,0.001,0.237137370566165
10,0.5,0.5,0.3,50,36,0.001,0.237137370566165
10,0.5,0.5,0.3,50,37,0.001,0.237137370566165
10,0.5,0.5,0.3,50,38,0.001,0.237137370566165
10,0.5,0.5,0.3,50,39,0.001,0.237137370566165
10,0.5,0.5,0.3,50,40,0.001,0.237137370566165
10,0.5,0.5,0.3,50,41,0.001,0.237137370566165
10,0.5,0.5,0.3,50,42,0.001,0.237137370566165
10,0.5,0.5,0.3,50,43,0.001,0.237137370566165
10,0.5,0.5,0.3,50,44,0.001,0.237137370566165
10,0.5,0.5,0.3,50,45,0.001,0.237137370566165
10,0.5,0.5,0.3,50,46,0.001,0.237137370566165
10,0.5,0.5,0.3,50,47,0.001,0.237137370566165
10,0.5,0.5,0.3,50,48,0.001,0.237137370566165
10,0.5,0.5,0.3,50,49,0.001,0.237137370566165
10,0.5,0.5,0.3,50,50,0.001,0.237137370566165
30,0.5,0.5,0.3,50,1,0.001,0.133352143216332
30,0.5,0.5,0.3,50,2,0.001,0.133352143216332
30,0.5,0.5,0.3,50,3,0.001,0.133352143216332
30,0.5,0.5,0.3,50,4,0.001,0.133352143216332
30,0.5,0.5,0.3,50,5,0.001,0.133352143216332
30,0.5,0.5,0.3,50,6,0.001,0.133352143216332
30,0.5,0.5,0.3,50,7,0.001,0.133352143216332
30,0.5,0.5,0.3,50,8,0.001,0.133352143216332
30,0.5,0.5,0.3,50,9,0.001,0.133352143216332
30,0.5,0.5,0.3,50,10,0.001,0.133352143216332
30,0.5,0.5,0.3,50,11,0.001,0.133352143216332
30,0.5,0.5,0.3,50,12,0.001,0.133352143216332
30,0.5,0.5,0.3,50,13,0.001,0.133352143216332
30,0.5,0.5,0.3,50,14,0.001,0.133352143216332
30,0.5,0.5,0.3,50,15,0.001,0.133352143216332
30,0.5,0.5,0.3,50,16,0.001,0.133352143216332
30,0.5,0.5,0.3,50,17,0.001,0.133352143216332
30,0.5,0.5,0.3,50,18,0.001,0.133352143216332
30,0.5,0.5,0.3,50,19,0.001,0.133352143216332
30,0.5,0.5,0.3,50,20,0.001,0.133352143216332
30,0.5,0.5,0.3,50,21,0.001,0.133352143216332
30,0.5,0.5,0.3,50,22,0.001,0.133352143216332
30,0.5,0.5,0.3,50,23,0.001,0.133352143216332
30,0.5,0.5,0.3,50,24,0.001,0.133352143216332
30,0.5,0.5,0.3,50,25,0.001,0.133352143216332
30,0.5,0.5,0.3,50,26,0.001,0.133352143216332
30,0.5,0.5,0.3,50,27,0.001,0.133352143216332
30,0.5,0.5,0.3,50,28,0.001,0.133352143216332
30,0.5,0.5,0.3,50,29,0.001,0.133352143216332
30,0.5,0.5,0.3,50,30,0.001,0.133352143216332
30,0.5,0.5,0.3,50,31,0.001,0.133352143216332
30,0.5,0.5,0.3,50,32,0.001,0.133352143216332
30,0.5,0.5,0.3,50,33,0.001,0.133352143216332
30,0.5,0.5,0.3,50,34,0.001,0.133352143216332
30,0.5,0.5,0.3,50,35,0.001,0.133352143216332
30,0.5,0.5,0.3,50,36,0.001,0.133352143216332
30,0.5,0.5,0.3,50,37,0.001,0.133352143216332
30,0.5,0.5,0.3,50,38,0.001,0.133352143216332
30,0.5,0.5,0.3,50,39,0.001,0.133352143216332
30,0.5,0.5,0.3,50,40,0.001,0.133352143216332
30,0.5,0.5,0.3,50,41,0.001,0.133352143216332
30,0.5,0.5,0.3,50,42,0.001,0.133352143216332
30,0.5,0.5,0.3,50,43,0.001,0.133352143216332
30,0.5,0.5,0.3,50,44,0.001,0.133352143216332
30,0.5,0.5,0.3,50,45,0.001,0.133352143216332
30,0.5,0.5,0.3,50,46,0.001,0.133352143216332
30,0.5,0.5,0.3,50,47,0.001,0.133352143216332
30,0.5,0.5,0.3,50,48,0.001,0.133352143216332
30,0.5,0.5,0.3,50,49,0.001,0.133352143216332
30,0.5,0.5,0.3,50,50,0.001,0.133352143216332
60,0.5,0.5,0.3,50,1,0.001,0.1
60,0.5,0.5,0.3,50,2,0.001,0.1
60,0.5,0.5,0.3,50,3,0.001,0.1
60,0.5,0.5,0.3,50,4,0.001,0.1
60,0.5,0.5,0.3,50,5,0.001,0.1
60,0.5,0.5,0.3,50,6,0.001,0.1
60,0.5,0.5,0.3,50,7,0.001,0.1
60,0.5,0.5,0.3,50,8,0.001,0.1
60,0.5,0.5,0.3,50,9,0.001,0.1
60,0.5,0.5,0.3,50,10,0.001,0.1
60,0.5,0.5,0.3,50,11,0.001,0.1
60,0.5,0.5,0.3,50,12,0.001,0.1
60,0.5,0.5,0.3,50,13,0.001,0.1
60,0.5,0.5,0.3,50,14,0.001,0.1
60,0.5,0.5,0.3,50,15,0.001,0.1
60,0.5,0.5,0.3,50,16,0.001,0.1
60,0.5,0.5,0.3,50,17,0.001,0.1
60,0.5,0.5,0.3,50,18,0.001,0.1
60,0.5,0.5,0.3,50,19,0.001,0.1
60,0.5,0.5,0.3,50,20,0.001,0.1
60,0.5,0.5,0.3,50,21,0.001,0.1
60,0.5,0.5,0.3,50,22,0.001,0.1
60,0.5,0.5,0.3,50,23,0.001,0.1
60,0.5,0.5,0.3,50,24,0.001,0.1
60,0.5,0.5,0.3,50,25,0.001,0.1
60,0.5,0.5,0.3,50,26,0.001,0.1
60,0.5,0.5,0.3,50,27,0.001,0.1
60,0.5,0.5,0.3,50,28,0.001,0.1
60,0.5,0.5,0.3,50,29,0.001,0.1
60,0.5,0.5,0.3,50,30,0.001,0.1
60,0.5,0.5,0.3,50,31,0.001,0.1
60,0.5,0.5,0.3,50,32,0.001,0.1
60,0.5,0.5,0.3,50,33,0.001,0.1
60,0.5,0.5,0.3,50,34,0.001,0.1
60,0.5,0.5,0.3,50,35,0.001,0.1
60,0.5,0.5,0.3,50,36,0.001,0.1
60,0.5,0.5,0.3,50,37,0.001,0.1
60,0.5,0.5,0.3,50,38,0.001,0.1
60,0.5,0.5,0.3,50,39,0.001,0.1
60,0.5,0.5,0.3,50,40,0.001,0.1
60,0.5,0.5,0.3,50,41,0.001,0.1
60,0.5,0.5,0.3,50,42,0.001,0.1
60,0.5,0.5,0.3,50,43,0.001,0.1
60,0.5,0.5,0.3,50,44,0.001,0.1
60,0.5,0.5,0.3,50,45,0.001,0.1
60,0.5,0.5,0.3,50,46,0.001,0.1
60,0.5,0.5,0.3,50,47,0.001,0.1
60,0.5,0.5,0.3,50,48,0.001,0.1
60,0.5,0.5,0.3,50,49,0.001,0.1
60,0.5,0.5,0.3,50,50,0.001,0.1
100,0.5,0.5,0.3,50,1,0.001,0.1
100,0.5,0.5,0.3,50,2,0.001,0.1
100,0.5,0.5,0.3,50,3,0.001,0.1
100,0.5,0.5,0.3,50,4,0.001,0.1
100,0.5,0.5,0.3,50,5,0.001,0.1
100,0.5,0.5,0.3,50,6,0.001,0.1
100,0.5,0.5,0.3,50,7,0.001,0.1
100,0.5,0.5,0.3,50,8,0.001,0.1
100,0.5,0.5,0.3,50,9,0.001,0.1
100,0.5,0.5,0.3,50,10,0.001,0.1
100,0.5,0.5,0.3,50,11,0.001,0.1
100,0.5,0.5,0.3,50,12,0.001,0.1
100,0.5,0.5,0.3,50,13,0.001,0.1
100,0.5,0.5,0.3,50,14,0.001,0.1
100,0.5,0.5,0.3,50,15,0.001,0.1
100,0.5,0.5,0.3,50,16,0.001,0.1
100,0.5,0.5,0.3,50,17,0.001,0.1
100,0.5,0.5,0.3,50,18,0.001,0.1
100,0.5,0.5,0.3,50,19,0.001,0.1
100,0.5,0.5,0.3,50,20,0.001,0.1
100,0.5,0.5,0.3,50,21,0.001,0.1
100,0.5,0.5,0.3,50,22,0.001,0.1
100,0.5,0.5,0.3,50,23,0.001,0.1
100,0.5,0.5,0.3,50,24,0.001,0.1
100,0.5,0.5,0.3,50,25,0.001,0.1
100,0.5,0.5,0.3,50,26,0.001,0.1
100,0.5,0.5,0.3,50,27,0.001,0.1
100,0.5,0.5,0.3,50,28,0.001,0.1
100,0.5,0.5,0.3,50,29,0.001,0.1
100,0.5,0.5,0.3,50,30,0.001,0.1
100,0.5,0.5,0.3,50,31,0.001,0.1
100,0.5,0.5,0.3,50,32,0.001,0.1
100,0.5,0.5,0.3,50,33,0.001,0.1
100,0.5,0.5,0.3,50,34,0.001,0.1
100,0.5,0.5,0.3,50,35,0.001,0.1
100,0.5,0.5,0.3,50,36,0.001,0.1
100,0.5,0.5,0.3,50,37,0.001,0.1
100,0.5,0.5,0.3,50,38,0.001,0.1
100,0.5,0.5,0.3,50,39,0.001,0.1
100,0.5,0.5,0.3,50,40,0.001,0.1
100,0.5,0.5,0.3,50,41,0.001,0.1
100,0.5,0.5,0.3,50,42,0.001,0.1
100,0.5,0.5,0.3,50,43,0.001,0.1
100,0.5,0.5,0.3,50,44,0.001,0.1
100,0.5,0.5,0.3,50,45,0.001,0.1
100,0.5,0.5,0.3,50,46,0.001,0.1
100,0.5,0.5,0.3,50,47,0.001,0.1
100,0.5,0.5,0.3,50,48,0.001,0.1
100,0.5,0.5,0.3,50,49,0.001,0.1
100,0.5,0.5,0.3,50,50,0.001,0.1
10,1,0.5,0.3,50,1,0.001,0.177827941003892
10,1,0.5,0.3,50,2,0.001,0.177827941003892
10,1,0.5,0.3,50,3,0.001,0.177827941003892
10,1,0.5,0.3,50,4,0.001,0.177827941003892
10,1,0.5,0.3,50,5,0.0133352143216332,0.177827941003892
10,1,0.5,0.3,50,6,0.0237137370566166,0.177827941003892
10,1,0.5,0.3,50,7,0.001,0.177827941003892
10,1,0.5,0.3,50,8,0.00133352143216332,0.177827941003892
10,1,0.5,0.3,50,9,0.001,0.177827941003892
10,1,0.5,0.3,50,10,0.001,0.177827941003892
10,1,0.5,0.3,50,11,0.001,0.177827941003892
10,1,0.5,0.3,50,12,0.001,0.177827941003892
10,1,0.5,0.3,50,13,0.001,0.177827941003892
10,1,0.5,0.3,50,14,0.01,0.177827941003892
10,1,0.5,0.3,50,15,0.00562341325190349,0.177827941003892
10,1,0.5,0.3,50,16,0.001,0.177827941003892
10,1,0.5,0.3,50,17,0.001,0.177827941003892
10,1,0.5,0.3,50,18,0.001,0.177827941003892
10,1,0.5,0.3,50,19,0.00421696503428582,0.177827941003892
10,1,0.5,0.3,50,20,0.001,0.177827941003892
10,1,0.5,0.3,50,21,0.001,0.177827941003892
10,1,0.5,0.3,50,22,0.001,0.177827941003892
10,1,0.5,0.3,50,23,0.001,0.177827941003892
10,1,0.5,0.3,50,24,0.01,0.177827941003892
10,1,0.5,0.3,50,25,0.001,0.177827941003892
10,1,0.5,0.3,50,26,0.001,0.177827941003892
10,1,0.5,0.3,50,27,0.001,0.177827941003892
10,1,0.5,0.3,50,28,0.001,0.177827941003892
10,1,0.5,0.3,50,29,0.001,0.177827941003892
10,1,0.5,0.3,50,30,0.001,0.177827941003892
10,1,0.5,0.3,50,31,0.001,0.177827941003892
10,1,0.5,0.3,50,32,0.0133352143216332,0.177827941003892
10,1,0.5,0.3,50,33,0.00562341325190349,0.177827941003892
10,1,0.5,0.3,50,34,0.001,0.177827941003892
10,1,0.5,0.3,50,35,0.00562341325190349,0.177827941003892
10,1,0.5,0.3,50,36,0.001,0.177827941003892
10,1,0.5,0.3,50,37,0.001,0.177827941003892
10,1,0.5,0.3,50,38,0.001,0.177827941003892
10,1,0.5,0.3,50,39,0.001,0.177827941003892
10,1,0.5,0.3,50,40,0.001,0.177827941003892
10,1,0.5,0.3,50,41,0.001,0.177827941003892
10,1,0.5,0.3,50,42,0.001,0.177827941003892
10,1,0.5,0.3,50,43,0.001,0.177827941003892
10,1,0.5,0.3,50,44,0.01,0.177827941003892
10,1,0.5,0.3,50,45,0.001,0.177827941003892
10,1,0.5,0.3,50,46,0.001,0.177827941003892
10,1,0.5,0.3,50,47,0.001,0.177827941003892
10,1,0.5,0.3,50,48,0.001,0.177827941003892
10,1,0.5,0.3,50,49,0.001,0.177827941003892
10,1,0.5,0.3,50,50,0.001,0.177827941003892
30,1,0.5,0.3,50,1,0.001,0.1
30,1,0.5,0.3,50,2,0.001,0.1
30,1,0.5,0.3,50,3,0.001,0.1
30,1,0.5,0.3,50,4,0.001,0.1
30,1,0.5,0.3,50,5,0.001,0.1
30,1,0.5,0.3,50,6,0.001,0.1
30,1,0.5,0.3,50,7,0.001,0.1
30,1,0.5,0.3,50,8,0.001,0.1
30,1,0.5,0.3,50,9,0.001,0.1
30,1,0.5,0.3,50,10,0.001,0.1
30,1,0.5,0.3,50,11,0.001,0.1
30,1,0.5,0.3,50,12,0.001,0.1
30,1,0.5,0.3,50,13,0.001,0.1
30,1,0.5,0.3,50,14,0.001,0.1
30,1,0.5,0.3,50,15,0.001,0.1
30,1,0.5,0.3,50,16,0.001,0.1
30,1,0.5,0.3,50,17,0.001,0.1
30,1,0.5,0.3,50,18,0.001,0.1
30,1,0.5,0.3,50,19,0.001,0.1
30,1,0.5,0.3,50,20,0.001,0.1
30,1,0.5,0.3,50,21,0.001,0.1
30,1,0.5,0.3,50,22,0.001,0.1
30,1,0.5,0.3,50,23,0.001,0.1
30,1,0.5,0.3,50,24,0.001,0.1
30,1,0.5,0.3,50,25,0.001,0.1
30,1,0.5,0.3,50,26,0.001,0.1
30,1,0.5,0.3,50,27,0.001,0.1
30,1,0.5,0.3,50,28,0.001,0.1
30,1,0.5,0.3,50,29,0.001,0.1
30,1,0.5,0.3,50,30,0.001,0.1
30,1,0.5,0.3,50,31,0.001,0.1
30,1,0.5,0.3,50,32,0.001,0.1
30,1,0.5,0.3,50,33,0.001,0.1
30,1,0.5,0.3,50,34,0.001,0.1
30,1,0.5,0.3,50,35,0.001,0.1
30,1,0.5,0.3,50,36,0.001,0.1
30,1,0.5,0.3,50,37,0.001,0.1
30,1,0.5,0.3,50,38,0.001,0.1
30,1,0.5,0.3,50,39,0.001,0.1
30,1,0.5,0.3,50,40,0.001,0.1
30,1,0.5,0.3,50,41,0.001,0.1
30,1,0.5,0.3,50,42,0.001,0.1
30,1,0.5,0.3,50,43,0.001,0.1
30,1,0.5,0.3,50,44,0.001,0.1
30,1,0.5,0.3,50,45,0.001,0.1
30,1,0.5,0.3,50,46,0.001,0.1
30,1,0.5,0.3,50,47,0.001,0.1
30,1,0.5,0.3,50,48,0.001,0.1
30,1,0.5,0.3,50,49,0.001,0.1
30,1,0.5,0.3,50,50,0.001,0.1
60,1,0.5,0.3,50,1,0.001,0.0749894209332456
60,1,0.5,0.3,50,2,0.001,0.0749894209332456
60,1,0.5,0.3,50,3,0.001,0.0749894209332456
60,1,0.5,0.3,50,4,0.001,0.0749894209332456
60,1,0.5,0.3,50,5,0.001,0.0749894209332456
60,1,0.5,0.3,50,6,0.001,0.0749894209332456
60,1,0.5,0.3,50,7,0.001,0.0749894209332456
60,1,0.5,0.3,50,8,0.001,0.0749894209332456
60,1,0.5,0.3,50,9,0.001,0.0749894209332456
60,1,0.5,0.3,50,10,0.001,0.0749894209332456
60,1,0.5,0.3,50,11,0.001,0.0749894209332456
60,1,0.5,0.3,50,12,0.001,0.0749894209332456
60,1,0.5,0.3,50,13,0.001,0.0749894209332456
60,1,0.5,0.3,50,14,0.001,0.0749894209332456
60,1,0.5,0.3,50,15,0.001,0.0749894209332456
60,1,0.5,0.3,50,16,0.001,0.0749894209332456
60,1,0.5,0.3,50,17,0.001,0.0749894209332456
60,1,0.5,0.3,50,18,0.001,0.0749894209332456
60,1,0.5,0.3,50,19,0.001,0.0749894209332456
60,1,0.5,0.3,50,20,0.001,0.0749894209332456
60,1,0.5,0.3,50,21,0.001,0.0749894209332456
60,1,0.5,0.3,50,22,0.001,0.0749894209332456
60,1,0.5,0.3,50,23,0.001,0.0749894209332456
60,1,0.5,0.3,50,24,0.001,0.0749894209332456
60,1,0.5,0.3,50,25,0.001,0.0749894209332456
60,1,0.5,0.3,50,26,0.001,0.0749894209332456
60,1,0.5,0.3,50,27,0.001,0.0749894209332456
60,1,0.5,0.3,50,28,0.001,0.0749894209332456
60,1,0.5,0.3,50,29,0.001,0.0749894209332456
60,1,0.5,0.3,50,30,0.001,0.0749894209332456
60,1,0.5,0.3,50,31,0.001,0.0749894209332456
60,1,0.5,0.3,50,32,0.001,0.0749894209332456
60,1,0.5,0.3,50,33,0.001,0.0749894209332456
60,1,0.5,0.3,50,34,0.001,0.0749894209332456
60,1,0.5,0.3,50,35,0.001,0.0749894209332456
60,1,0.5,0.3,50,36,0.001,0.0749894209332456
60,1,0.5,0.3,50,37,0.001,0.0749894209332456
60,1,0.5,0.3,50,38,0.001,0.0749894209332456
60,1,0.5,0.3,50,39,0.001,0.0749894209332456
60,1,0.5,0.3,50,40,0.001,0.0749894209332456
60,1,0.5,0.3,50,41,0.001,0.0749894209332456
60,1,0.5,0.3,50,42,0.001,0.0749894209332456
60,1,0.5,0.3,50,43,0.001,0.0749894209332456
60,1,0.5,0.3,50,44,0.001,0.0749894209332456
60,1,0.5,0.3,50,45,0.001,0.0749894209332456
60,1,0.5,0.3,50,46,0.001,0.0749894209332456
60,1,0.5,0.3,50,47,0.001,0.0749894209332456
60,1,0.5,0.3,50,48,0.001,0.0749894209332456
60,1,0.5,0.3,50,49,0.001,0.0749894209332456
60,1,0.5,0.3,50,50,0.001,0.0749894209332456
100,1,0.5,0.3,50,1,0.001,0.0749894209332456
100,1,0.5,0.3,50,2,0.001,0.0749894209332456
100,1,0.5,0.3,50,3,0.001,0.0749894209332456
100,1,0.5,0.3,50,4,0.001,0.0749894209332456
100,1,0.5,0.3,50,5,0.001,0.0749894209332456
100,1,0.5,0.3,50,6,0.001,0.0749894209332456
100,1,0.5,0.3,50,7,0.001,0.0749894209332456
100,1,0.5,0.3,50,8,0.001,0.0749894209332456
100,1,0.5,0.3,50,9,0.001,0.0749894209332456
100,1,0.5,0.3,50,10,0.001,0.0749894209332456
100,1,0.5,0.3,50,11,0.001,0.0749894209332456
100,1,0.5,0.3,50,12,0.001,0.0749894209332456
100,1,0.5,0.3,50,13,0.001,0.0749894209332456
100,1,0.5,0.3,50,14,0.001,0.0749894209332456
100,1,0.5,0.3,50,15,0.001,0.0749894209332456
100,1,0.5,0.3,50,16,0.001,0.0749894209332456
100,1,0.5,0.3,50,17,0.001,0.0749894209332456
100,1,0.5,0.3,50,18,0.001,0.0749894209332456
100,1,0.5,0.3,50,19,0.001,0.0749894209332456
100,1,0.5,0.3,50,20,0.001,0.0749894209332456
100,1,0.5,0.3,50,21,0.001,0.0749894209332456
100,1,0.5,0.3,50,22,0.001,0.0749894209332456
100,1,0.5,0.3,50,23,0.001,0.0749894209332456
100,1,0.5,0.3,50,24,0.001,0.0749894209332456
100,1,0.5,0.3,50,25,0.001,0.0749894209332456
100,1,0.5,0.3,50,26,0.001,0.0749894209332456
100,1,0.5,0.3,50,27,0.001,0.0749894209332456
100,1,0.5,0.3,50,28,0.001,0.0749894209332456
100,1,0.5,0.3,50,29,0.001,0.0749894209332456
100,1,0.5,0.3,50,30,0.001,0.0749894209332456
100,1,0.5,0.3,50,31,0.001,0.0749894209332456
100,1,0.5,0.3,50,32,0.001,0.0749894209332456
100,1,0.5,0.3,50,33,0.001,0.0749894209332456
100,1,0.5,0.3,50,34,0.001,0.0749894209332456
100,1,0.5,0.3,50,35,0.001,0.0749894209332456
100,1,0.5,0.3,50,36,0.001,0.0749894209332456
100,1,0.5,0.3,50,37,0.001,0.0749894209332456
100,1,0.5,0.3,50,38,0.001,0.0749894209332456
100,1,0.5,0.3,50,39,0.001,0.0749894209332456
100,1,0.5,0.3,50,40,0.001,0.0749894209332456
100,1,0.5,0.3,50,41,0.001,0.0749894209332456
100,1,0.5,0.3,50,42,0.001,0.0749894209332456
100,1,0.5,0.3,50,43,0.001,0.0749894209332456
100,1,0.5,0.3,50,44,0.001,0.0749894209332456
100,1,0.5,0.3,50,45,0.001,0.0749894209332456
100,1,0.5,0.3,50,46,0.001,0.0749894209332456
100,1,0.5,0.3,50,47,0.001,0.0749894209332456
100,1,0.5,0.3,50,48,0.001,0.0749894209332456
100,1,0.5,0.3,50,49,0.001,0.0749894209332456
100,1,0.5,0.3,50,50,0.001,0.0749894209332456
10,1.5,0.5,0.3,50,1,0.421696503428582,0.133352143216332
10,1.5,0.5,0.3,50,2,0.562341325190349,0.133352143216332
10,1.5,0.5,0.3,50,3,0.0749894209332456,0.133352143216332
10,1.5,0.5,0.3,50,4,0.0421696503428582,0.133352143216332
10,1.5,0.5,0.3,50,5,1,0.133352143216332
10,1.5,0.5,0.3,50,6,NA,0.133352143216332
10,1.5,0.5,0.3,50,7,0.237137370566165,0.133352143216332
10,1.5,0.5,0.3,50,8,NA,0.133352143216332
10,1.5,0.5,0.3,50,9,0.421696503428582,0.133352143216332
10,1.5,0.5,0.3,50,10,0.1,0.133352143216332
10,1.5,0.5,0.3,50,11,0.421696503428582,0.133352143216332
10,1.5,0.5,0.3,50,12,0.237137370566165,0.133352143216332
10,1.5,0.5,0.3,50,13,0.316227766016838,0.133352143216332
10,1.5,0.5,0.3,50,14,0.749894209332455,0.133352143216332
10,1.5,0.5,0.3,50,15,0.749894209332455,0.133352143216332
10,1.5,0.5,0.3,50,16,0.421696503428582,0.133352143216332
10,1.5,0.5,0.3,50,17,0.562341325190349,0.133352143216332
10,1.5,0.5,0.3,50,18,0.562341325190349,0.133352143216332
10,1.5,0.5,0.3,50,19,0.749894209332455,0.133352143216332
10,1.5,0.5,0.3,50,20,0.177827941003892,0.133352143216332
10,1.5,0.5,0.3,50,21,0.562341325190349,0.133352143216332
10,1.5,0.5,0.3,50,22,0.562341325190349,0.133352143216332
10,1.5,0.5,0.3,50,23,0.133352143216332,0.133352143216332
10,1.5,0.5,0.3,50,24,0.749894209332455,0.133352143216332
10,1.5,0.5,0.3,50,25,0.421696503428582,0.133352143216332
10,1.5,0.5,0.3,50,26,0.421696503428582,0.133352143216332
10,1.5,0.5,0.3,50,27,0.237137370566165,0.133352143216332
10,1.5,0.5,0.3,50,28,0.562341325190349,0.133352143216332
10,1.5,0.5,0.3,50,29,0.421696503428582,0.133352143216332
10,1.5,0.5,0.3,50,30,0.0237137370566166,0.133352143216332
10,1.5,0.5,0.3,50,31,0.749894209332455,0.133352143216332
10,1.5,0.5,0.3,50,32,NA,0.133352143216332
10,1.5,0.5,0.3,50,33,0.749894209332455,0.133352143216332
10,1.5,0.5,0.3,50,34,0.421696503428582,0.133352143216332
10,1.5,0.5,0.3,50,35,0.749894209332455,0.133352143216332
10,1.5,0.5,0.3,50,36,0.562341325190349,0.133352143216332
10,1.5,0.5,0.3,50,37,1,0.133352143216332
10,1.5,0.5,0.3,50,38,0.133352143216332,0.133352143216332
10,1.5,0.5,0.3,50,39,0.237137370566165,0.133352143216332
10,1.5,0.5,0.3,50,40,0.237137370566165,0.133352143216332
10,1.5,0.5,0.3,50,41,0.316227766016838,0.133352143216332
10,1.5,0.5,0.3,50,42,0.421696503428582,0.133352143216332
10,1.5,0.5,0.3,50,43,0.177827941003892,0.133352143216332
10,1.5,0.5,0.3,50,44,0.749894209332455,0.133352143216332
10,1.5,0.5,0.3,50,45,0.316227766016838,0.133352143216332
10,1.5,0.5,0.3,50,46,0.316227766016838,0.133352143216332
10,1.5,0.5,0.3,50,47,0.316227766016838,0.133352143216332
10,1.5,0.5,0.3,50,48,0.421696503428582,0.133352143216332
10,1.5,0.5,0.3,50,49,NA,0.133352143216332
10,1.5,0.5,0.3,50,50,0.237137370566165,0.133352143216332
30,1.5,0.5,0.3,50,1,0.0562341325190349,0.0749894209332456
30,1.5,0.5,0.3,50,2,0.0562341325190349,0.0749894209332456
30,1.5,0.5,0.3,50,3,0.00237137370566166,0.0749894209332456
30,1.5,0.5,0.3,50,4,0.00316227766016838,0.0749894209332456
30,1.5,0.5,0.3,50,5,0.133352143216332,0.0749894209332456
30,1.5,0.5,0.3,50,6,0.133352143216332,0.0749894209332456
30,1.5,0.5,0.3,50,7,0.0316227766016838,0.0749894209332456
30,1.5,0.5,0.3,50,8,0.0749894209332456,0.0749894209332456
30,1.5,0.5,0.3,50,9,0.0562341325190349,0.0749894209332456
30,1.5,0.5,0.3,50,10,0.0237137370566166,0.0749894209332456
30,1.5,0.5,0.3,50,11,0.0562341325190349,0.0749894209332456
30,1.5,0.5,0.3,50,12,0.0421696503428582,0.0749894209332456
30,1.5,0.5,0.3,50,13,0.0421696503428582,0.0749894209332456
30,1.5,0.5,0.3,50,14,0.1,0.0749894209332456
30,1.5,0.5,0.3,50,15,0.0749894209332456,0.0749894209332456
30,1.5,0.5,0.3,50,16,0.0749894209332456,0.0749894209332456
30,1.5,0.5,0.3,50,17,0.0562341325190349,0.0749894209332456
30,1.5,0.5,0.3,50,18,0.0749894209332456,0.0749894209332456
30,1.5,0.5,0.3,50,19,0.1,0.0749894209332456
30,1.5,0.5,0.3,50,20,0.0237137370566166,0.0749894209332456
30,1.5,0.5,0.3,50,21,0.0562341325190349,0.0749894209332456
30,1.5,0.5,0.3,50,22,0.0562341325190349,0.0749894209332456
30,1.5,0.5,0.3,50,23,0.01,0.0749894209332456
30,1.5,0.5,0.3,50,24,0.1,0.0749894209332456
30,1.5,0.5,0.3,50,25,0.0562341325190349,0.0749894209332456
30,1.5,0.5,0.3,50,26,0.0421696503428582,0.0749894209332456
30,1.5,0.5,0.3,50,27,0.0237137370566166,0.0749894209332456
30,1.5,0.5,0.3,50,28,0.0749894209332456,0.0749894209332456
30,1.5,0.5,0.3,50,29,0.0562341325190349,0.0749894209332456
30,1.5,0.5,0.3,50,30,0.001,0.0749894209332456
30,1.5,0.5,0.3,50,31,0.0749894209332456,0.0749894209332456
30,1.5,0.5,0.3,50,32,0.133352143216332,0.0749894209332456
30,1.5,0.5,0.3,50,33,0.1,0.0749894209332456
30,1.5,0.5,0.3,50,34,0.0562341325190349,0.0749894209332456
30,1.5,0.5,0.3,50,35,0.0749894209332456,0.0749894209332456
30,1.5,0.5,0.3,50,36,0.0562341325190349,0.0749894209332456
30,1.5,0.5,0.3,50,37,0.0749894209332456,0.0749894209332456
30,1.5,0.5,0.3,50,38,0.0177827941003892,0.0749894209332456
30,1.5,0.5,0.3,50,39,0.0237137370566166,0.0749894209332456
30,1.5,0.5,0.3,50,40,0.0421696503428582,0.0749894209332456
30,1.5,0.5,0.3,50,41,0.0421696503428582,0.0749894209332456
30,1.5,0.5,0.3,50,42,0.0749894209332456,0.0749894209332456
30,1.5,0.5,0.3,50,43,0.0316227766016838,0.0749894209332456
30,1.5,0.5,0.3,50,44,0.0749894209332456,0.0749894209332456
30,1.5,0.5,0.3,50,45,0.0421696503428582,0.0749894209332456
30,1.5,0.5,0.3,50,46,0.0421696503428582,0.0749894209332456
30,1.5,0.5,0.3,50,47,0.0421696503428582,0.0749894209332456
30,1.5,0.5,0.3,50,48,0.0749894209332456,0.0749894209332456
30,1.5,0.5,0.3,50,49,0.1,0.0749894209332456
30,1.5,0.5,0.3,50,50,0.0421696503428582,0.0749894209332456
60,1.5,0.5,0.3,50,1,0.0316227766016838,0.0562341325190349
60,1.5,0.5,0.3,50,2,0.0237137370566166,0.0562341325190349
60,1.5,0.5,0.3,50,3,0.001,0.0562341325190349
60,1.5,0.5,0.3,50,4,0.001,0.0749894209332456
60,1.5,0.5,0.3,50,5,0.0421696503428582,0.0562341325190349
60,1.5,0.5,0.3,50,6,0.0562341325190349,0.0562341325190349
60,1.5,0.5,0.3,50,7,0.0133352143216332,0.0562341325190349
60,1.5,0.5,0.3,50,8,0.0316227766016838,0.0562341325190349
60,1.5,0.5,0.3,50,9,0.0177827941003892,0.0562341325190349
60,1.5,0.5,0.3,50,10,0.01,0.0749894209332456
60,1.5,0.5,0.3,50,11,0.0237137370566166,0.0562341325190349
60,1.5,0.5,0.3,50,12,0.0237137370566166,0.0562341325190349
60,1.5,0.5,0.3,50,13,0.0237137370566166,0.0562341325190349
60,1.5,0.5,0.3,50,14,0.0316227766016838,0.0562341325190349
60,1.5,0.5,0.3,50,15,0.0421696503428582,0.0749894209332456
60,1.5,0.5,0.3,50,16,0.0316227766016838,0.0562341325190349
60,1.5,0.5,0.3,50,17,0.0237137370566166,0.0562341325190349
60,1.5,0.5,0.3,50,18,0.0316227766016838,0.0562341325190349
60,1.5,0.5,0.3,50,19,0.0421696503428582,0.0562341325190349
60,1.5,0.5,0.3,50,20,0.01,0.0562341325190349
60,1.5,0.5,0.3,50,21,0.0237137370566166,0.0562341325190349
60,1.5,0.5,0.3,50,22,0.0237137370566166,0.0562341325190349
60,1.5,0.5,0.3,50,23,0.00237137370566166,0.0562341325190349
60,1.5,0.5,0.3,50,24,0.0562341325190349,0.0562341325190349
60,1.5,0.5,0.3,50,25,0.0316227766016838,0.0562341325190349
60,1.5,0.5,0.3,50,26,0.0133352143216332,0.0749894209332456
60,1.5,0.5,0.3,50,27,0.0133352143216332,0.0562341325190349
60,1.5,0.5,0.3,50,28,0.0316227766016838,0.0749894209332456
60,1.5,0.5,0.3,50,29,0.0237137370566166,0.0562341325190349
60,1.5,0.5,0.3,50,30,0.001,0.0562341325190349
60,1.5,0.5,0.3,50,31,0.0237137370566166,0.0562341325190349
60,1.5,0.5,0.3,50,32,0.0562341325190349,0.0562341325190349
60,1.5,0.5,0.3,50,33,0.0421696503428582,0.0562341325190349
60,1.5,0.5,0.3,50,34,0.0177827941003892,0.0562341325190349
60,1.5,0.5,0.3,50,35,0.0316227766016838,0.0562341325190349
60,1.5,0.5,0.3,50,36,0.0237137370566166,0.0562341325190349
60,1.5,0.5,0.3,50,37,0.0421696503428582,0.0749894209332456
60,1.5,0.5,0.3,50,38,0.01,0.0562341325190349
60,1.5,0.5,0.3,50,39,0.01,0.0562341325190349
60,1.5,0.5,0.3,50,40,0.0177827941003892,0.0562341325190349
60,1.5,0.5,0.3,50,41,0.0237137370566166,0.0562341325190349
60,1.5,0.5,0.3,50,42,0.0316227766016838,0.0562341325190349
60,1.5,0.5,0.3,50,43,0.0177827941003892,0.0562341325190349
60,1.5,0.5,0.3,50,44,0.0316227766016838,0.0562341325190349
60,1.5,0.5,0.3,50,45,0.0237137370566166,0.0562341325190349
60,1.5,0.5,0.3,50,46,0.0237137370566166,0.0562341325190349
60,1.5,0.5,0.3,50,47,0.0177827941003892,0.0562341325190349
60,1.5,0.5,0.3,50,48,0.0421696503428582,0.0562341325190349
60,1.5,0.5,0.3,50,49,0.0316227766016838,0.0749894209332456
60,1.5,0.5,0.3,50,50,0.0237137370566166,0.0749894209332456
100,1.5,0.5,0.3,50,1,0.0237137370566166,0.0562341325190349
100,1.5,0.5,0.3,50,2,0.0133352143216332,0.0562341325190349
100,1.5,0.5,0.3,50,3,0.001,0.0562341325190349
100,1.5,0.5,0.3,50,4,0.001,0.0562341325190349
100,1.5,0.5,0.3,50,5,0.0316227766016838,0.0562341325190349
100,1.5,0.5,0.3,50,6,0.0316227766016838,0.0562341325190349
100,1.5,0.5,0.3,50,7,0.00749894209332456,0.0562341325190349
100,1.5,0.5,0.3,50,8,0.0237137370566166,0.0562341325190349
100,1.5,0.5,0.3,50,9,0.0133352143216332,0.0562341325190349
100,1.5,0.5,0.3,50,10,0.00316227766016838,0.0562341325190349
100,1.5,0.5,0.3,50,11,0.0177827941003892,0.0562341325190349
100,1.5,0.5,0.3,50,12,0.0177827941003892,0.0562341325190349
100,1.5,0.5,0.3,50,13,0.0177827941003892,0.0562341325190349
100,1.5,0.5,0.3,50,14,0.0177827941003892,0.0562341325190349
100,1.5,0.5,0.3,50,15,0.0237137370566166,0.0562341325190349
100,1.5,0.5,0.3,50,16,0.0177827941003892,0.0562341325190349
100,1.5,0.5,0.3,50,17,0.0133352143216332,0.0562341325190349
100,1.5,0.5,0.3,50,18,0.0237137370566166,0.0562341325190349
100,1.5,0.5,0.3,50,19,0.0316227766016838,0.0562341325190349
100,1.5,0.5,0.3,50,20,0.00562341325190349,0.0562341325190349
100,1.5,0.5,0.3,50,21,0.0133352143216332,0.0562341325190349
100,1.5,0.5,0.3,50,22,0.0177827941003892,0.0562341325190349
100,1.5,0.5,0.3,50,23,0.001,0.0562341325190349
100,1.5,0.5,0.3,50,24,0.0421696503428582,0.0562341325190349
100,1.5,0.5,0.3,50,25,0.0177827941003892,0.0562341325190349
100,1.5,0.5,0.3,50,26,0.00749894209332456,0.0562341325190349
100,1.5,0.5,0.3,50,27,0.00749894209332456,0.0562341325190349
100,1.5,0.5,0.3,50,28,0.0237137370566166,0.0562341325190349
100,1.5,0.5,0.3,50,29,0.0133352143216332,0.0562341325190349
100,1.5,0.5,0.3,50,30,0.001,0.0562341325190349
100,1.5,0.5,0.3,50,31,0.0177827941003892,0.0562341325190349
100,1.5,0.5,0.3,50,32,0.0316227766016838,0.0562341325190349
100,1.5,0.5,0.3,50,33,0.0237137370566166,0.0562341325190349
100,1.5,0.5,0.3,50,34,0.01,0.0562341325190349
100,1.5,0.5,0.3,50,35,0.0237137370566166,0.0562341325190349
100,1.5,0.5,0.3,50,36,0.0133352143216332,0.0562341325190349
100,1.5,0.5,0.3,50,37,0.0177827941003892,0.0562341325190349
100,1.5,0.5,0.3,50,38,0.01,0.0562341325190349
100,1.5,0.5,0.3,50,39,0.00749894209332456,0.0562341325190349
100,1.5,0.5,0.3,50,40,0.0133352143216332,0.0562341325190349
100,1.5,0.5,0.3,50,41,0.0133352143216332,0.0562341325190349
100,1.5,0.5,0.3,50,42,0.0177827941003892,0.0562341325190349
100,1.5,0.5,0.3,50,43,0.0133352143216332,0.0562341325190349
100,1.5,0.5,0.3,50,44,0.0237137370566166,0.0562341325190349
100,1.5,0.5,0.3,50,45,0.0133352143216332,0.0562341325190349
100,1.5,0.5,0.3,50,46,0.0133352143216332,0.0562341325190349
100,1.5,0.5,0.3,50,47,0.00749894209332456,0.0562341325190349
100,1.5,0.5,0.3,50,48,0.0316227766016838,0.0562341325190349
100,1.5,0.5,0.3,50,49,0.0177827941003892,0.0562341325190349
100,1.5,0.5,0.3,50,50,0.0133352143216332,0.0562341325190349
10,0.5,0.6,0.3,50,1,0.001,0.316227766016838
10,0.5,0.6,0.3,50,2,0.001,0.316227766016838
10,0.5,0.6,0.3,50,3,0.001,0.316227766016838
10,0.5,0.6,0.3,50,4,0.001,0.316227766016838
10,0.5,0.6,0.3,50,5,0.001,0.316227766016838
10,0.5,0.6,0.3,50,6,0.001,0.316227766016838
10,0.5,0.6,0.3,50,7,0.001,0.316227766016838
10,0.5,0.6,0.3,50,8,0.001,0.316227766016838
10,0.5,0.6,0.3,50,9,0.001,0.316227766016838
10,0.5,0.6,0.3,50,10,0.001,0.316227766016838
10,0.5,0.6,0.3,50,11,0.001,0.316227766016838
10,0.5,0.6,0.3,50,12,0.001,0.316227766016838
10,0.5,0.6,0.3,50,13,0.001,0.316227766016838
10,0.5,0.6,0.3,50,14,0.001,0.316227766016838
10,0.5,0.6,0.3,50,15,0.001,0.316227766016838
10,0.5,0.6,0.3,50,16,0.001,0.316227766016838
10,0.5,0.6,0.3,50,17,0.001,0.316227766016838
10,0.5,0.6,0.3,50,18,0.001,0.316227766016838
10,0.5,0.6,0.3,50,19,0.001,0.316227766016838
10,0.5,0.6,0.3,50,20,0.001,0.316227766016838
10,0.5,0.6,0.3,50,21,0.001,0.316227766016838
10,0.5,0.6,0.3,50,22,0.001,0.316227766016838
10,0.5,0.6,0.3,50,23,0.001,0.316227766016838
10,0.5,0.6,0.3,50,24,0.001,0.316227766016838
10,0.5,0.6,0.3,50,25,0.001,0.316227766016838
10,0.5,0.6,0.3,50,26,0.001,0.316227766016838
10,0.5,0.6,0.3,50,27,0.001,0.316227766016838
10,0.5,0.6,0.3,50,28,0.001,0.316227766016838
10,0.5,0.6,0.3,50,29,0.001,0.316227766016838
10,0.5,0.6,0.3,50,30,0.001,0.316227766016838
10,0.5,0.6,0.3,50,31,0.001,0.316227766016838
10,0.5,0.6,0.3,50,32,0.001,0.316227766016838
10,0.5,0.6,0.3,50,33,0.001,0.316227766016838
10,0.5,0.6,0.3,50,34,0.001,0.316227766016838
10,0.5,0.6,0.3,50,35,0.001,0.316227766016838
10,0.5,0.6,0.3,50,36,0.001,0.316227766016838
10,0.5,0.6,0.3,50,37,0.001,0.316227766016838
10,0.5,0.6,0.3,50,38,0.001,0.316227766016838
10,0.5,0.6,0.3,50,39,0.001,0.316227766016838
10,0.5,0.6,0.3,50,40,0.001,0.316227766016838
10,0.5,0.6,0.3,50,41,0.001,0.316227766016838
10,0.5,0.6,0.3,50,42,0.001,0.316227766016838
10,0.5,0.6,0.3,50,43,0.001,0.316227766016838
10,0.5,0.6,0.3,50,44,0.001,0.316227766016838
10,0.5,0.6,0.3,50,45,0.001,0.316227766016838
10,0.5,0.6,0.3,50,46,0.001,0.316227766016838
10,0.5,0.6,0.3,50,47,0.001,0.316227766016838
10,0.5,0.6,0.3,50,48,0.001,0.316227766016838
10,0.5,0.6,0.3,50,49,0.001,0.316227766016838
10,0.5,0.6,0.3,50,50,0.001,0.316227766016838
30,0.5,0.6,0.3,50,1,0.001,0.133352143216332
30,0.5,0.6,0.3,50,2,0.001,0.133352143216332
30,0.5,0.6,0.3,50,3,0.001,0.133352143216332
30,0.5,0.6,0.3,50,4,0.001,0.177827941003892
30,0.5,0.6,0.3,50,5,0.001,0.133352143216332
30,0.5,0.6,0.3,50,6,0.001,0.133352143216332
30,0.5,0.6,0.3,50,7,0.001,0.133352143216332
30,0.5,0.6,0.3,50,8,0.001,0.177827941003892
30,0.5,0.6,0.3,50,9,0.001,0.133352143216332
30,0.5,0.6,0.3,50,10,0.001,0.133352143216332
30,0.5,0.6,0.3,50,11,0.001,0.133352143216332
30,0.5,0.6,0.3,50,12,0.001,0.133352143216332
30,0.5,0.6,0.3,50,13,0.001,0.133352143216332
30,0.5,0.6,0.3,50,14,0.001,0.133352143216332
30,0.5,0.6,0.3,50,15,0.001,0.133352143216332
30,0.5,0.6,0.3,50,16,0.001,0.133352143216332
30,0.5,0.6,0.3,50,17,0.001,0.177827941003892
30,0.5,0.6,0.3,50,18,0.001,0.133352143216332
30,0.5,0.6,0.3,50,19,0.001,0.133352143216332
30,0.5,0.6,0.3,50,20,0.001,0.133352143216332
30,0.5,0.6,0.3,50,21,0.001,0.177827941003892
30,0.5,0.6,0.3,50,22,0.001,0.133352143216332
30,0.5,0.6,0.3,50,23,0.001,0.177827941003892
30,0.5,0.6,0.3,50,24,0.001,0.177827941003892
30,0.5,0.6,0.3,50,25,0.001,0.133352143216332
30,0.5,0.6,0.3,50,26,0.001,0.133352143216332
30,0.5,0.6,0.3,50,27,0.001,0.133352143216332
30,0.5,0.6,0.3,50,28,0.001,0.133352143216332
30,0.5,0.6,0.3,50,29,0.001,0.133352143216332
30,0.5,0.6,0.3,50,30,0.001,0.133352143216332
30,0.5,0.6,0.3,50,31,0.001,0.133352143216332
30,0.5,0.6,0.3,50,32,0.001,0.133352143216332
30,0.5,0.6,0.3,50,33,0.001,0.133352143216332
30,0.5,0.6,0.3,50,34,0.001,0.133352143216332
30,0.5,0.6,0.3,50,35,0.001,0.133352143216332
30,0.5,0.6,0.3,50,36,0.001,0.133352143216332
30,0.5,0.6,0.3,50,37,0.001,0.133352143216332
30,0.5,0.6,0.3,50,38,0.001,0.133352143216332
30,0.5,0.6,0.3,50,39,0.001,0.133352143216332
30,0.5,0.6,0.3,50,40,0.001,0.133352143216332
30,0.5,0.6,0.3,50,41,0.001,0.133352143216332
30,0.5,0.6,0.3,50,42,0.001,0.133352143216332
30,0.5,0.6,0.3,50,43,0.001,0.133352143216332
30,0.5,0.6,0.3,50,44,0.001,0.133352143216332
30,0.5,0.6,0.3,50,45,0.001,0.133352143216332
30,0.5,0.6,0.3,50,46,0.001,0.133352143216332
30,0.5,0.6,0.3,50,47,0.001,0.177827941003892
30,0.5,0.6,0.3,50,48,0.001,0.133352143216332
30,0.5,0.6,0.3,50,49,0.001,0.177827941003892
30,0.5,0.6,0.3,50,50,0.001,0.133352143216332
60,0.5,0.6,0.3,50,1,0.001,0.133352143216332
60,0.5,0.6,0.3,50,2,0.001,0.133352143216332
60,0.5,0.6,0.3,50,3,0.001,0.133352143216332
60,0.5,0.6,0.3,50,4,0.001,0.133352143216332
60,0.5,0.6,0.3,50,5,0.001,0.133352143216332
60,0.5,0.6,0.3,50,6,0.001,0.133352143216332
60,0.5,0.6,0.3,50,7,0.001,0.133352143216332
60,0.5,0.6,0.3,50,8,0.001,0.133352143216332
60,0.5,0.6,0.3,50,9,0.001,0.133352143216332
60,0.5,0.6,0.3,50,10,0.001,0.133352143216332
60,0.5,0.6,0.3,50,11,0.001,0.133352143216332
60,0.5,0.6,0.3,50,12,0.001,0.133352143216332
60,0.5,0.6,0.3,50,13,0.001,0.133352143216332
60,0.5,0.6,0.3,50,14,0.001,0.133352143216332
60,0.5,0.6,0.3,50,15,0.001,0.133352143216332
60,0.5,0.6,0.3,50,16,0.001,0.133352143216332
60,0.5,0.6,0.3,50,17,0.001,0.133352143216332
60,0.5,0.6,0.3,50,18,0.001,0.133352143216332
60,0.5,0.6,0.3,50,19,0.001,0.133352143216332
60,0.5,0.6,0.3,50,20,0.001,0.133352143216332
60,0.5,0.6,0.3,50,21,0.001,0.133352143216332
60,0.5,0.6,0.3,50,22,0.001,0.133352143216332
60,0.5,0.6,0.3,50,23,0.001,0.133352143216332
60,0.5,0.6,0.3,50,24,0.001,0.133352143216332
60,0.5,0.6,0.3,50,25,0.001,0.133352143216332
60,0.5,0.6,0.3,50,26,0.001,0.133352143216332
60,0.5,0.6,0.3,50,27,0.001,0.133352143216332
60,0.5,0.6,0.3,50,28,0.001,0.133352143216332
60,0.5,0.6,0.3,50,29,0.001,0.133352143216332
60,0.5,0.6,0.3,50,30,0.001,0.133352143216332
60,0.5,0.6,0.3,50,31,0.001,0.133352143216332
60,0.5,0.6,0.3,50,32,0.001,0.133352143216332
60,0.5,0.6,0.3,50,33,0.001,0.133352143216332
60,0.5,0.6,0.3,50,34,0.001,0.133352143216332
60,0.5,0.6,0.3,50,35,0.001,0.133352143216332
60,0.5,0.6,0.3,50,36,0.001,0.133352143216332
60,0.5,0.6,0.3,50,37,0.001,0.133352143216332
60,0.5,0.6,0.3,50,38,0.001,0.133352143216332
60,0.5,0.6,0.3,50,39,0.001,0.133352143216332
60,0.5,0.6,0.3,50,40,0.001,0.133352143216332
60,0.5,0.6,0.3,50,41,0.001,0.133352143216332
60,0.5,0.6,0.3,50,42,0.001,0.133352143216332
60,0.5,0.6,0.3,50,43,0.001,0.133352143216332
60,0.5,0.6,0.3,50,44,0.001,0.133352143216332
60,0.5,0.6,0.3,50,45,0.001,0.133352143216332
60,0.5,0.6,0.3,50,46,0.001,0.133352143216332
60,0.5,0.6,0.3,50,47,0.001,0.133352143216332
60,0.5,0.6,0.3,50,48,0.001,0.133352143216332
60,0.5,0.6,0.3,50,49,0.001,0.133352143216332
60,0.5,0.6,0.3,50,50,0.001,0.133352143216332
100,0.5,0.6,0.3,50,1,0.001,0.1
100,0.5,0.6,0.3,50,2,0.001,0.1
100,0.5,0.6,0.3,50,3,0.001,0.1
100,0.5,0.6,0.3,50,4,0.001,0.1
100,0.5,0.6,0.3,50,5,0.001,0.1
100,0.5,0.6,0.3,50,6,0.001,0.1
100,0.5,0.6,0.3,50,7,0.001,0.1
100,0.5,0.6,0.3,50,8,0.001,0.1
100,0.5,0.6,0.3,50,9,0.001,0.1
100,0.5,0.6,0.3,50,10,0.001,0.1
100,0.5,0.6,0.3,50,11,0.001,0.1
100,0.5,0.6,0.3,50,12,0.001,0.1
100,0.5,0.6,0.3,50,13,0.001,0.1
100,0.5,0.6,0.3,50,14,0.001,0.1
100,0.5,0.6,0.3,50,15,0.001,0.1
100,0.5,0.6,0.3,50,16,0.001,0.1
100,0.5,0.6,0.3,50,17,0.001,0.1
100,0.5,0.6,0.3,50,18,0.001,0.1
100,0.5,0.6,0.3,50,19,0.001,0.1
100,0.5,0.6,0.3,50,20,0.001,0.1
100,0.5,0.6,0.3,50,21,0.001,0.1
100,0.5,0.6,0.3,50,22,0.001,0.1
100,0.5,0.6,0.3,50,23,0.001,0.1
100,0.5,0.6,0.3,50,24,0.001,0.1
100,0.5,0.6,0.3,50,25,0.001,0.1
100,0.5,0.6,0.3,50,26,0.001,0.1
100,0.5,0.6,0.3,50,27,0.001,0.1
100,0.5,0.6,0.3,50,28,0.001,0.1
100,0.5,0.6,0.3,50,29,0.001,0.1
100,0.5,0.6,0.3,50,30,0.001,0.1
100,0.5,0.6,0.3,50,31,0.001,0.1
100,0.5,0.6,0.3,50,32,0.001,0.1
100,0.5,0.6,0.3,50,33,0.001,0.1
100,0.5,0.6,0.3,50,34,0.001,0.1
100,0.5,0.6,0.3,50,35,0.001,0.1
100,0.5,0.6,0.3,50,36,0.001,0.1
100,0.5,0.6,0.3,50,37,0.001,0.1
100,0.5,0.6,0.3,50,38,0.001,0.1
100,0.5,0.6,0.3,50,39,0.001,0.1
100,0.5,0.6,0.3,50,40,0.001,0.1
100,0.5,0.6,0.3,50,41,0.001,0.1
100,0.5,0.6,0.3,50,42,0.001,0.1
100,0.5,0.6,0.3,50,43,0.001,0.1
100,0.5,0.6,0.3,50,44,0.001,0.1
100,0.5,0.6,0.3,50,45,0.001,0.1
100,0.5,0.6,0.3,50,46,0.001,0.1
100,0.5,0.6,0.3,50,47,0.001,0.1
100,0.5,0.6,0.3,50,48,0.001,0.1
100,0.5,0.6,0.3,50,49,0.001,0.1
100,0.5,0.6,0.3,50,50,0.001,0.1
10,1,0.6,0.3,50,1,0.001,0.177827941003892
10,1,0.6,0.3,50,2,0.001,0.177827941003892
10,1,0.6,0.3,50,3,0.001,0.177827941003892
10,1,0.6,0.3,50,4,0.001,0.177827941003892
10,1,0.6,0.3,50,5,0.001,0.177827941003892
10,1,0.6,0.3,50,6,0.001,0.177827941003892
10,1,0.6,0.3,50,7,0.001,0.177827941003892
10,1,0.6,0.3,50,8,0.001,0.177827941003892
10,1,0.6,0.3,50,9,0.001,0.177827941003892
10,1,0.6,0.3,50,10,0.001,0.177827941003892
10,1,0.6,0.3,50,11,0.001,0.177827941003892
10,1,0.6,0.3,50,12,0.001,0.177827941003892
10,1,0.6,0.3,50,13,0.001,0.177827941003892
10,1,0.6,0.3,50,14,0.001,0.177827941003892
10,1,0.6,0.3,50,15,0.001,0.177827941003892
10,1,0.6,0.3,50,16,0.001,0.177827941003892
10,1,0.6,0.3,50,17,0.001,0.177827941003892
10,1,0.6,0.3,50,18,0.001,0.177827941003892
10,1,0.6,0.3,50,19,0.001,0.177827941003892
10,1,0.6,0.3,50,20,0.001,0.177827941003892
10,1,0.6,0.3,50,21,0.001,0.177827941003892
10,1,0.6,0.3,50,22,0.001,0.177827941003892
10,1,0.6,0.3,50,23,0.001,0.177827941003892
10,1,0.6,0.3,50,24,0.001,0.177827941003892
10,1,0.6,0.3,50,25,0.001,0.177827941003892
10,1,0.6,0.3,50,26,0.001,0.177827941003892
10,1,0.6,0.3,50,27,0.001,0.177827941003892
10,1,0.6,0.3,50,28,0.001,0.177827941003892
10,1,0.6,0.3,50,29,0.001,0.177827941003892
10,1,0.6,0.3,50,30,0.001,0.177827941003892
10,1,0.6,0.3,50,31,0.001,0.177827941003892
10,1,0.6,0.3,50,32,0.001,0.177827941003892
10,1,0.6,0.3,50,33,0.001,0.177827941003892
10,1,0.6,0.3,50,34,0.001,0.177827941003892
10,1,0.6,0.3,50,35,0.001,0.177827941003892
10,1,0.6,0.3,50,36,0.001,0.177827941003892
10,1,0.6,0.3,50,37,0.001,0.177827941003892
10,1,0.6,0.3,50,38,0.001,0.177827941003892
10,1,0.6,0.3,50,39,0.001,0.177827941003892
10,1,0.6,0.3,50,40,0.001,0.177827941003892
10,1,0.6,0.3,50,41,0.001,0.177827941003892
10,1,0.6,0.3,50,42,0.001,0.177827941003892
10,1,0.6,0.3,50,43,0.001,0.177827941003892
10,1,0.6,0.3,50,44,0.001,0.177827941003892
10,1,0.6,0.3,50,45,0.001,0.177827941003892
10,1,0.6,0.3,50,46,0.001,0.177827941003892
10,1,0.6,0.3,50,47,0.001,0.177827941003892
10,1,0.6,0.3,50,48,0.001,0.177827941003892
10,1,0.6,0.3,50,49,0.001,0.177827941003892
10,1,0.6,0.3,50,50,0.001,0.177827941003892
30,1,0.6,0.3,50,1,0.001,0.1
30,1,0.6,0.3,50,2,0.001,0.1
30,1,0.6,0.3,50,3,0.001,0.1
30,1,0.6,0.3,50,4,0.001,0.1
30,1,0.6,0.3,50,5,0.001,0.1
30,1,0.6,0.3,50,6,0.001,0.1
30,1,0.6,0.3,50,7,0.001,0.1
30,1,0.6,0.3,50,8,0.001,0.1
30,1,0.6,0.3,50,9,0.001,0.1
30,1,0.6,0.3,50,10,0.001,0.1
30,1,0.6,0.3,50,11,0.001,0.1
30,1,0.6,0.3,50,12,0.001,0.1
30,1,0.6,0.3,50,13,0.001,0.1
30,1,0.6,0.3,50,14,0.001,0.1
30,1,0.6,0.3,50,15,0.001,0.1
30,1,0.6,0.3,50,16,0.001,0.1
30,1,0.6,0.3,50,17,0.001,0.1
30,1,0.6,0.3,50,18,0.001,0.1
30,1,0.6,0.3,50,19,0.001,0.1
30,1,0.6,0.3,50,20,0.001,0.1
30,1,0.6,0.3,50,21,0.001,0.1
30,1,0.6,0.3,50,22,0.001,0.1
30,1,0.6,0.3,50,23,0.001,0.1
30,1,0.6,0.3,50,24,0.001,0.1
30,1,0.6,0.3,50,25,0.001,0.1
30,1,0.6,0.3,50,26,0.001,0.1
30,1,0.6,0.3,50,27,0.001,0.1
30,1,0.6,0.3,50,28,0.001,0.1
30,1,0.6,0.3,50,29,0.001,0.1
30,1,0.6,0.3,50,30,0.001,0.1
30,1,0.6,0.3,50,31,0.001,0.1
30,1,0.6,0.3,50,32,0.001,0.1
30,1,0.6,0.3,50,33,0.001,0.1
30,1,0.6,0.3,50,34,0.001,0.1
30,1,0.6,0.3,50,35,0.001,0.1
30,1,0.6,0.3,50,36,0.001,0.1
30,1,0.6,0.3,50,37,0.001,0.1
30,1,0.6,0.3,50,38,0.001,0.1
30,1,0.6,0.3,50,39,0.001,0.1
30,1,0.6,0.3,50,40,0.001,0.1
30,1,0.6,0.3,50,41,0.001,0.1
30,1,0.6,0.3,50,42,0.001,0.1
30,1,0.6,0.3,50,43,0.001,0.1
30,1,0.6,0.3,50,44,0.001,0.1
30,1,0.6,0.3,50,45,0.001,0.1
30,1,0.6,0.3,50,46,0.001,0.1
30,1,0.6,0.3,50,47,0.001,0.1
30,1,0.6,0.3,50,48,0.001,0.1
30,1,0.6,0.3,50,49,0.001,0.1
30,1,0.6,0.3,50,50,0.001,0.1
60,1,0.6,0.3,50,1,0.001,0.1
60,1,0.6,0.3,50,2,0.001,0.0749894209332456
60,1,0.6,0.3,50,3,0.001,0.0749894209332456
60,1,0.6,0.3,50,4,0.001,0.1
60,1,0.6,0.3,50,5,0.001,0.1
60,1,0.6,0.3,50,6,0.001,0.0749894209332456
60,1,0.6,0.3,50,7,0.001,0.0749894209332456
60,1,0.6,0.3,50,8,0.001,0.1
60,1,0.6,0.3,50,9,0.001,0.0749894209332456
60,1,0.6,0.3,50,10,0.001,0.0749894209332456
60,1,0.6,0.3,50,11,0.001,0.0749894209332456
60,1,0.6,0.3,50,12,0.001,0.1
60,1,0.6,0.3,50,13,0.001,0.0749894209332456
60,1,0.6,0.3,50,14,0.001,0.1
60,1,0.6,0.3,50,15,0.001,0.1
60,1,0.6,0.3,50,16,0.001,0.0749894209332456
60,1,0.6,0.3,50,17,0.001,0.1
60,1,0.6,0.3,50,18,0.001,0.1
60,1,0.6,0.3,50,19,0.001,0.0749894209332456
60,1,0.6,0.3,50,20,0.001,0.1
60,1,0.6,0.3,50,21,0.001,0.1
60,1,0.6,0.3,50,22,0.001,0.1
60,1,0.6,0.3,50,23,0.001,0.1
60,1,0.6,0.3,50,24,0.001,0.1
60,1,0.6,0.3,50,25,0.001,0.0749894209332456
60,1,0.6,0.3,50,26,0.001,0.1
60,1,0.6,0.3,50,27,0.001,0.0749894209332456
60,1,0.6,0.3,50,28,0.001,0.1
60,1,0.6,0.3,50,29,0.001,0.1
60,1,0.6,0.3,50,30,0.001,0.1
60,1,0.6,0.3,50,31,0.001,0.1
60,1,0.6,0.3,50,32,0.001,0.1
60,1,0.6,0.3,50,33,0.001,0.1
60,1,0.6,0.3,50,34,0.001,0.1
60,1,0.6,0.3,50,35,0.001,0.0749894209332456
60,1,0.6,0.3,50,36,0.001,0.1
60,1,0.6,0.3,50,37,0.001,0.0749894209332456
60,1,0.6,0.3,50,38,0.001,0.1
60,1,0.6,0.3,50,39,0.001,0.0749894209332456
60,1,0.6,0.3,50,40,0.001,0.0749894209332456
60,1,0.6,0.3,50,41,0.001,0.1
60,1,0.6,0.3,50,42,0.001,0.1
60,1,0.6,0.3,50,43,0.001,0.1
60,1,0.6,0.3,50,44,0.001,0.0749894209332456
60,1,0.6,0.3,50,45,0.001,0.1
60,1,0.6,0.3,50,46,0.001,0.0749894209332456
60,1,0.6,0.3,50,47,0.001,0.1
60,1,0.6,0.3,50,48,0.001,0.1
60,1,0.6,0.3,50,49,0.001,0.1
60,1,0.6,0.3,50,50,0.001,0.0749894209332456
100,1,0.6,0.3,50,1,0.001,0.0749894209332456
100,1,0.6,0.3,50,2,0.001,0.0749894209332456
100,1,0.6,0.3,50,3,0.001,0.0749894209332456
100,1,0.6,0.3,50,4,0.001,0.0749894209332456
100,1,0.6,0.3,50,5,0.001,0.0749894209332456
100,1,0.6,0.3,50,6,0.001,0.0749894209332456
100,1,0.6,0.3,50,7,0.001,0.0749894209332456
100,1,0.6,0.3,50,8,0.001,0.0749894209332456
100,1,0.6,0.3,50,9,0.001,0.0749894209332456
100,1,0.6,0.3,50,10,0.001,0.0749894209332456
100,1,0.6,0.3,50,11,0.001,0.0749894209332456
100,1,0.6,0.3,50,12,0.001,0.0749894209332456
100,1,0.6,0.3,50,13,0.001,0.0749894209332456
100,1,0.6,0.3,50,14,0.001,0.0749894209332456
100,1,0.6,0.3,50,15,0.001,0.0749894209332456
100,1,0.6,0.3,50,16,0.001,0.0749894209332456
100,1,0.6,0.3,50,17,0.001,0.0749894209332456
100,1,0.6,0.3,50,18,0.001,0.0749894209332456
100,1,0.6,0.3,50,19,0.001,0.0749894209332456
100,1,0.6,0.3,50,20,0.001,0.0749894209332456
100,1,0.6,0.3,50,21,0.001,0.0749894209332456
100,1,0.6,0.3,50,22,0.001,0.0749894209332456
100,1,0.6,0.3,50,23,0.001,0.0749894209332456
100,1,0.6,0.3,50,24,0.001,0.0749894209332456
100,1,0.6,0.3,50,25,0.001,0.0749894209332456
100,1,0.6,0.3,50,26,0.001,0.0749894209332456
100,1,0.6,0.3,50,27,0.001,0.0749894209332456
100,1,0.6,0.3,50,28,0.001,0.0749894209332456
100,1,0.6,0.3,50,29,0.001,0.0749894209332456
100,1,0.6,0.3,50,30,0.001,0.0749894209332456
100,1,0.6,0.3,50,31,0.001,0.0749894209332456
100,1,0.6,0.3,50,32,0.001,0.0749894209332456
100,1,0.6,0.3,50,33,0.001,0.0749894209332456
100,1,0.6,0.3,50,34,0.001,0.0749894209332456
100,1,0.6,0.3,50,35,0.001,0.0749894209332456
100,1,0.6,0.3,50,36,0.001,0.0749894209332456
100,1,0.6,0.3,50,37,0.001,0.0749894209332456
100,1,0.6,0.3,50,38,0.001,0.0749894209332456
100,1,0.6,0.3,50,39,0.001,0.0749894209332456
100,1,0.6,0.3,50,40,0.001,0.0749894209332456
100,1,0.6,0.3,50,41,0.001,0.0749894209332456
100,1,0.6,0.3,50,42,0.001,0.0749894209332456
100,1,0.6,0.3,50,43,0.001,0.0749894209332456
100,1,0.6,0.3,50,44,0.001,0.0749894209332456
100,1,0.6,0.3,50,45,0.001,0.0749894209332456
100,1,0.6,0.3,50,46,0.001,0.0749894209332456
100,1,0.6,0.3,50,47,0.001,0.0749894209332456
100,1,0.6,0.3,50,48,0.001,0.0749894209332456
100,1,0.6,0.3,50,49,0.001,0.0749894209332456
100,1,0.6,0.3,50,50,0.001,0.0749894209332456
10,1.5,0.6,0.3,50,1,0.177827941003892,0.133352143216332
10,1.5,0.6,0.3,50,2,0.237137370566165,0.133352143216332
10,1.5,0.6,0.3,50,3,0.1,0.133352143216332
10,1.5,0.6,0.3,50,4,0.0133352143216332,0.133352143216332
10,1.5,0.6,0.3,50,5,0.237137370566165,0.133352143216332
10,1.5,0.6,0.3,50,6,0.177827941003892,0.133352143216332
10,1.5,0.6,0.3,50,7,0.0562341325190349,0.133352143216332
10,1.5,0.6,0.3,50,8,0.0562341325190349,0.133352143216332
10,1.5,0.6,0.3,50,9,0.133352143216332,0.133352143216332
10,1.5,0.6,0.3,50,10,0.1,0.133352143216332
10,1.5,0.6,0.3,50,11,0.177827941003892,0.133352143216332
10,1.5,0.6,0.3,50,12,0.0749894209332456,0.133352143216332
10,1.5,0.6,0.3,50,13,0.0749894209332456,0.133352143216332
10,1.5,0.6,0.3,50,14,0.0562341325190349,0.133352143216332
10,1.5,0.6,0.3,50,15,0.177827941003892,0.133352143216332
10,1.5,0.6,0.3,50,16,0.177827941003892,0.133352143216332
10,1.5,0.6,0.3,50,17,0.001,0.133352143216332
10,1.5,0.6,0.3,50,18,0.237137370566165,0.133352143216332
10,1.5,0.6,0.3,50,19,0.133352143216332,0.133352143216332
10,1.5,0.6,0.3,50,20,0.0133352143216332,0.133352143216332
10,1.5,0.6,0.3,50,21,0.0749894209332456,0.133352143216332
10,1.5,0.6,0.3,50,22,0.133352143216332,0.133352143216332
10,1.5,0.6,0.3,50,23,0.0177827941003892,0.133352143216332
10,1.5,0.6,0.3,50,24,0.133352143216332,0.133352143216332
10,1.5,0.6,0.3,50,25,0.177827941003892,0.133352143216332
10,1.5,0.6,0.3,50,26,0.0749894209332456,0.133352143216332
10,1.5,0.6,0.3,50,27,0.133352143216332,0.133352143216332
10,1.5,0.6,0.3,50,28,0.0562341325190349,0.133352143216332
10,1.5,0.6,0.3,50,29,0.0749894209332456,0.133352143216332
10,1.5,0.6,0.3,50,30,0.001,0.133352143216332
10,1.5,0.6,0.3,50,31,0.133352143216332,0.133352143216332
10,1.5,0.6,0.3,50,32,0.177827941003892,0.133352143216332
10,1.5,0.6,0.3,50,33,0.133352143216332,0.177827941003892
10,1.5,0.6,0.3,50,34,0.237137370566165,0.133352143216332
10,1.5,0.6,0.3,50,35,0.177827941003892,0.133352143216332
10,1.5,0.6,0.3,50,36,0.1,0.133352143216332
10,1.5,0.6,0.3,50,37,0.0421696503428582,0.133352143216332
10,1.5,0.6,0.3,50,38,0.0421696503428582,0.133352143216332
10,1.5,0.6,0.3,50,39,0.0316227766016838,0.133352143216332
10,1.5,0.6,0.3,50,40,0.0237137370566166,0.133352143216332
10,1.5,0.6,0.3,50,41,0.1,0.133352143216332
10,1.5,0.6,0.3,50,42,0.0749894209332456,0.133352143216332
10,1.5,0.6,0.3,50,43,0.0749894209332456,0.133352143216332
10,1.5,0.6,0.3,50,44,0.1,0.133352143216332
10,1.5,0.6,0.3,50,45,0.0562341325190349,0.133352143216332
10,1.5,0.6,0.3,50,46,0.0562341325190349,0.133352143216332
10,1.5,0.6,0.3,50,47,0.0237137370566166,0.133352143216332
10,1.5,0.6,0.3,50,48,0.1,0.133352143216332
10,1.5,0.6,0.3,50,49,0.133352143216332,0.177827941003892
10,1.5,0.6,0.3,50,50,0.1,0.133352143216332
30,1.5,0.6,0.3,50,1,0.0237137370566166,0.0749894209332456
30,1.5,0.6,0.3,50,2,0.0316227766016838,0.0749894209332456
30,1.5,0.6,0.3,50,3,0.01,0.0749894209332456
30,1.5,0.6,0.3,50,4,0.001,0.0749894209332456
30,1.5,0.6,0.3,50,5,0.0421696503428582,0.0749894209332456
30,1.5,0.6,0.3,50,6,0.0316227766016838,0.0749894209332456
30,1.5,0.6,0.3,50,7,0.00133352143216332,0.0749894209332456
30,1.5,0.6,0.3,50,8,0.00749894209332456,0.0749894209332456
30,1.5,0.6,0.3,50,9,0.0177827941003892,0.0749894209332456
30,1.5,0.6,0.3,50,10,0.0177827941003892,0.0749894209332456
30,1.5,0.6,0.3,50,11,0.0316227766016838,0.0749894209332456
30,1.5,0.6,0.3,50,12,0.0177827941003892,0.0749894209332456
30,1.5,0.6,0.3,50,13,0.0177827941003892,0.0749894209332456
30,1.5,0.6,0.3,50,14,0.01,0.0749894209332456
30,1.5,0.6,0.3,50,15,0.0237137370566166,0.0749894209332456
30,1.5,0.6,0.3,50,16,0.0316227766016838,0.0749894209332456
30,1.5,0.6,0.3,50,17,0.001,0.0749894209332456
30,1.5,0.6,0.3,50,18,0.0421696503428582,0.0749894209332456
30,1.5,0.6,0.3,50,19,0.0316227766016838,0.0749894209332456
30,1.5,0.6,0.3,50,20,0.001,0.0749894209332456
30,1.5,0.6,0.3,50,21,0.01,0.0749894209332456
30,1.5,0.6,0.3,50,22,0.0133352143216332,0.0749894209332456
30,1.5,0.6,0.3,50,23,0.001,0.0749894209332456
30,1.5,0.6,0.3,50,24,0.0133352143216332,0.0749894209332456
30,1.5,0.6,0.3,50,25,0.0237137370566166,0.0749894209332456
30,1.5,0.6,0.3,50,26,0.00749894209332456,0.0749894209332456
30,1.5,0.6,0.3,50,27,0.0237137370566166,0.0749894209332456
30,1.5,0.6,0.3,50,28,0.0133352143216332,0.0749894209332456
30,1.5,0.6,0.3,50,29,0.01,0.0749894209332456
30,1.5,0.6,0.3,50,30,0.001,0.0749894209332456
30,1.5,0.6,0.3,50,31,0.0237137370566166,0.0749894209332456
30,1.5,0.6,0.3,50,32,0.0237137370566166,0.0749894209332456
30,1.5,0.6,0.3,50,33,0.0177827941003892,0.0749894209332456
30,1.5,0.6,0.3,50,34,0.0316227766016838,0.0749894209332456
30,1.5,0.6,0.3,50,35,0.0316227766016838,0.0749894209332456
30,1.5,0.6,0.3,50,36,0.0133352143216332,0.0749894209332456
30,1.5,0.6,0.3,50,37,0.001,0.0749894209332456
30,1.5,0.6,0.3,50,38,0.00133352143216332,0.0749894209332456
30,1.5,0.6,0.3,50,39,0.001,0.0749894209332456
30,1.5,0.6,0.3,50,40,0.00237137370566166,0.0749894209332456
30,1.5,0.6,0.3,50,41,0.0177827941003892,0.0749894209332456
30,1.5,0.6,0.3,50,42,0.0133352143216332,0.0749894209332456
30,1.5,0.6,0.3,50,43,0.00749894209332456,0.0749894209332456
30,1.5,0.6,0.3,50,44,0.01,0.0749894209332456
30,1.5,0.6,0.3,50,45,0.00316227766016838,0.0749894209332456
30,1.5,0.6,0.3,50,46,0.00316227766016838,0.0749894209332456
30,1.5,0.6,0.3,50,47,0.001,0.0749894209332456
30,1.5,0.6,0.3,50,48,0.0133352143216332,0.0749894209332456
30,1.5,0.6,0.3,50,49,0.0177827941003892,0.0749894209332456
30,1.5,0.6,0.3,50,50,0.00749894209332456,0.0749894209332456
60,1.5,0.6,0.3,50,1,0.01,0.0749894209332456
60,1.5,0.6,0.3,50,2,0.0133352143216332,0.0562341325190349
60,1.5,0.6,0.3,50,3,0.00421696503428582,0.0562341325190349
60,1.5,0.6,0.3,50,4,0.001,0.0749894209332456
60,1.5,0.6,0.3,50,5,0.0177827941003892,0.0749894209332456
60,1.5,0.6,0.3,50,6,0.01,0.0562341325190349
60,1.5,0.6,0.3,50,7,0.001,0.0562341325190349
60,1.5,0.6,0.3,50,8,0.001,0.0749894209332456
60,1.5,0.6,0.3,50,9,0.01,0.0562341325190349
60,1.5,0.6,0.3,50,10,0.00749894209332456,0.0562341325190349
60,1.5,0.6,0.3,50,11,0.0133352143216332,0.0562341325190349
60,1.5,0.6,0.3,50,12,0.01,0.0562341325190349
60,1.5,0.6,0.3,50,13,0.00749894209332456,0.0562341325190349
60,1.5,0.6,0.3,50,14,0.00316227766016838,0.0749894209332456
60,1.5,0.6,0.3,50,15,0.01,0.0749894209332456
60,1.5,0.6,0.3,50,16,0.0177827941003892,0.0562341325190349
60,1.5,0.6,0.3,50,17,0.001,0.0749894209332456
60,1.5,0.6,0.3,50,18,0.0237137370566166,0.0562341325190349
60,1.5,0.6,0.3,50,19,0.0177827941003892,0.0562341325190349
60,1.5,0.6,0.3,50,20,0.001,0.0749894209332456
60,1.5,0.6,0.3,50,21,0.00316227766016838,0.0749894209332456
60,1.5,0.6,0.3,50,22,0.00749894209332456,0.0749894209332456
60,1.5,0.6,0.3,50,23,0.001,0.0749894209332456
60,1.5,0.6,0.3,50,24,0.00421696503428582,0.0749894209332456
60,1.5,0.6,0.3,50,25,0.01,0.0562341325190349
60,1.5,0.6,0.3,50,26,0.001,0.0749894209332456
60,1.5,0.6,0.3,50,27,0.01,0.0562341325190349
60,1.5,0.6,0.3,50,28,0.00562341325190349,0.0749894209332456
60,1.5,0.6,0.3,50,29,0.00237137370566166,0.0749894209332456
60,1.5,0.6,0.3,50,30,0.001,0.0749894209332456
60,1.5,0.6,0.3,50,31,0.01,0.0749894209332456
60,1.5,0.6,0.3,50,32,0.00749894209332456,0.0749894209332456
60,1.5,0.6,0.3,50,33,0.00421696503428582,0.0749894209332456
60,1.5,0.6,0.3,50,34,0.01,0.0562341325190349
60,1.5,0.6,0.3,50,35,0.0133352143216332,0.0562341325190349
60,1.5,0.6,0.3,50,36,0.00316227766016838,0.0749894209332456
60,1.5,0.6,0.3,50,37,0.001,0.0562341325190349
60,1.5,0.6,0.3,50,38,0.001,0.0749894209332456
60,1.5,0.6,0.3,50,39,0.001,0.0562341325190349
60,1.5,0.6,0.3,50,40,0.001,0.0562341325190349
60,1.5,0.6,0.3,50,41,0.00749894209332456,0.0562341325190349
60,1.5,0.6,0.3,50,42,0.00421696503428582,0.0749894209332456
60,1.5,0.6,0.3,50,43,0.00237137370566166,0.0749894209332456
60,1.5,0.6,0.3,50,44,0.001,0.0562341325190349
60,1.5,0.6,0.3,50,45,0.001,0.0562341325190349
60,1.5,0.6,0.3,50,46,0.001,0.0562341325190349
60,1.5,0.6,0.3,50,47,0.001,0.0749894209332456
60,1.5,0.6,0.3,50,48,0.00421696503428582,0.0562341325190349
60,1.5,0.6,0.3,50,49,0.00749894209332456,0.0749894209332456
60,1.5,0.6,0.3,50,50,0.00177827941003892,0.0562341325190349
100,1.5,0.6,0.3,50,1,0.01,0.0562341325190349
100,1.5,0.6,0.3,50,2,0.01,0.0562341325190349
100,1.5,0.6,0.3,50,3,0.00177827941003892,0.0562341325190349
100,1.5,0.6,0.3,50,4,0.001,0.0562341325190349
100,1.5,0.6,0.3,50,5,0.0133352143216332,0.0562341325190349
100,1.5,0.6,0.3,50,6,0.00421696503428582,0.0562341325190349
100,1.5,0.6,0.3,50,7,0.001,0.0562341325190349
100,1.5,0.6,0.3,50,8,0.001,0.0562341325190349
100,1.5,0.6,0.3,50,9,0.00749894209332456,0.0562341325190349
100,1.5,0.6,0.3,50,10,0.00562341325190349,0.0562341325190349
100,1.5,0.6,0.3,50,11,0.01,0.0562341325190349
100,1.5,0.6,0.3,50,12,0.00749894209332456,0.0562341325190349
100,1.5,0.6,0.3,50,13,0.00421696503428582,0.0562341325190349
100,1.5,0.6,0.3,50,14,0.00133352143216332,0.0562341325190349
100,1.5,0.6,0.3,50,15,0.00562341325190349,0.0562341325190349
100,1.5,0.6,0.3,50,16,0.0133352143216332,0.0562341325190349
100,1.5,0.6,0.3,50,17,0.001,0.0562341325190349
100,1.5,0.6,0.3,50,18,0.0177827941003892,0.0562341325190349
100,1.5,0.6,0.3,50,19,0.0133352143216332,0.0562341325190349
100,1.5,0.6,0.3,50,20,0.001,0.0562341325190349
100,1.5,0.6,0.3,50,21,0.001,0.0562341325190349
100,1.5,0.6,0.3,50,22,0.00421696503428582,0.0562341325190349
100,1.5,0.6,0.3,50,23,0.001,0.0562341325190349
100,1.5,0.6,0.3,50,24,0.00237137370566166,0.0562341325190349
100,1.5,0.6,0.3,50,25,0.00749894209332456,0.0562341325190349
100,1.5,0.6,0.3,50,26,0.001,0.0562341325190349
100,1.5,0.6,0.3,50,27,0.00749894209332456,0.0562341325190349
100,1.5,0.6,0.3,50,28,0.00421696503428582,0.0562341325190349
100,1.5,0.6,0.3,50,29,0.001,0.0562341325190349
100,1.5,0.6,0.3,50,30,0.001,0.0562341325190349
100,1.5,0.6,0.3,50,31,0.00562341325190349,0.0562341325190349
100,1.5,0.6,0.3,50,32,0.00316227766016838,0.0562341325190349
100,1.5,0.6,0.3,50,33,0.00133352143216332,0.0562341325190349
100,1.5,0.6,0.3,50,34,0.00749894209332456,0.0562341325190349
100,1.5,0.6,0.3,50,35,0.01,0.0562341325190349
100,1.5,0.6,0.3,50,36,0.00133352143216332,0.0562341325190349
100,1.5,0.6,0.3,50,37,0.001,0.0562341325190349
100,1.5,0.6,0.3,50,38,0.001,0.0562341325190349
100,1.5,0.6,0.3,50,39,0.001,0.0562341325190349
100,1.5,0.6,0.3,50,40,0.001,0.0562341325190349
100,1.5,0.6,0.3,50,41,0.00316227766016838,0.0562341325190349
100,1.5,0.6,0.3,50,42,0.00177827941003892,0.0562341325190349
100,1.5,0.6,0.3,50,43,0.001,0.0562341325190349
100,1.5,0.6,0.3,50,44,0.001,0.0562341325190349
100,1.5,0.6,0.3,50,45,0.001,0.0562341325190349
100,1.5,0.6,0.3,50,46,0.001,0.0562341325190349
100,1.5,0.6,0.3,50,47,0.001,0.0562341325190349
100,1.5,0.6,0.3,50,48,0.00177827941003892,0.0562341325190349
100,1.5,0.6,0.3,50,49,0.00316227766016838,0.0562341325190349
100,1.5,0.6,0.3,50,50,0.001,0.0562341325190349
10,0.5,0.7,0.3,50,1,0.001,0.316227766016838
10,0.5,0.7,0.3,50,2,0.001,0.316227766016838
10,0.5,0.7,0.3,50,3,0.001,0.316227766016838
10,0.5,0.7,0.3,50,4,0.001,0.316227766016838
10,0.5,0.7,0.3,50,5,0.001,0.316227766016838
10,0.5,0.7,0.3,50,6,0.001,0.316227766016838
10,0.5,0.7,0.3,50,7,0.001,0.316227766016838
10,0.5,0.7,0.3,50,8,0.001,0.316227766016838
10,0.5,0.7,0.3,50,9,0.001,0.316227766016838
10,0.5,0.7,0.3,50,10,0.001,0.316227766016838
10,0.5,0.7,0.3,50,11,0.001,0.316227766016838
10,0.5,0.7,0.3,50,12,0.001,0.316227766016838
10,0.5,0.7,0.3,50,13,0.001,0.316227766016838
10,0.5,0.7,0.3,50,14,0.001,0.316227766016838
10,0.5,0.7,0.3,50,15,0.001,0.316227766016838
10,0.5,0.7,0.3,50,16,0.001,0.316227766016838
10,0.5,0.7,0.3,50,17,0.001,0.316227766016838
10,0.5,0.7,0.3,50,18,0.001,0.316227766016838
10,0.5,0.7,0.3,50,19,0.001,0.316227766016838
10,0.5,0.7,0.3,50,20,0.001,0.316227766016838
10,0.5,0.7,0.3,50,21,0.001,0.316227766016838
10,0.5,0.7,0.3,50,22,0.001,0.316227766016838
10,0.5,0.7,0.3,50,23,0.001,0.316227766016838
10,0.5,0.7,0.3,50,24,0.001,0.316227766016838
10,0.5,0.7,0.3,50,25,0.001,0.316227766016838
10,0.5,0.7,0.3,50,26,0.001,0.316227766016838
10,0.5,0.7,0.3,50,27,0.001,0.316227766016838
10,0.5,0.7,0.3,50,28,0.001,0.316227766016838
10,0.5,0.7,0.3,50,29,0.001,0.316227766016838
10,0.5,0.7,0.3,50,30,0.001,0.316227766016838
10,0.5,0.7,0.3,50,31,0.001,0.316227766016838
10,0.5,0.7,0.3,50,32,0.001,0.316227766016838
10,0.5,0.7,0.3,50,33,0.001,0.316227766016838
10,0.5,0.7,0.3,50,34,0.001,0.316227766016838
10,0.5,0.7,0.3,50,35,0.001,0.316227766016838
10,0.5,0.7,0.3,50,36,0.001,0.316227766016838
10,0.5,0.7,0.3,50,37,0.001,0.316227766016838
10,0.5,0.7,0.3,50,38,0.001,0.316227766016838
10,0.5,0.7,0.3,50,39,0.001,0.316227766016838
10,0.5,0.7,0.3,50,40,0.001,0.316227766016838
10,0.5,0.7,0.3,50,41,0.001,0.316227766016838
10,0.5,0.7,0.3,50,42,0.001,0.316227766016838
10,0.5,0.7,0.3,50,43,0.001,0.316227766016838
10,0.5,0.7,0.3,50,44,0.001,0.316227766016838
10,0.5,0.7,0.3,50,45,0.001,0.316227766016838
10,0.5,0.7,0.3,50,46,0.001,0.316227766016838
10,0.5,0.7,0.3,50,47,0.001,0.316227766016838
10,0.5,0.7,0.3,50,48,0.001,0.316227766016838
10,0.5,0.7,0.3,50,49,0.001,0.316227766016838
10,0.5,0.7,0.3,50,50,0.001,0.316227766016838
30,0.5,0.7,0.3,50,1,0.001,0.177827941003892
30,0.5,0.7,0.3,50,2,0.001,0.177827941003892
30,0.5,0.7,0.3,50,3,0.001,0.177827941003892
30,0.5,0.7,0.3,50,4,0.001,0.177827941003892
30,0.5,0.7,0.3,50,5,0.001,0.177827941003892
30,0.5,0.7,0.3,50,6,0.001,0.177827941003892
30,0.5,0.7,0.3,50,7,0.001,0.177827941003892
30,0.5,0.7,0.3,50,8,0.001,0.177827941003892
30,0.5,0.7,0.3,50,9,0.001,0.177827941003892
30,0.5,0.7,0.3,50,10,0.001,0.177827941003892
30,0.5,0.7,0.3,50,11,0.001,0.177827941003892
30,0.5,0.7,0.3,50,12,0.001,0.177827941003892
30,0.5,0.7,0.3,50,13,0.001,0.177827941003892
30,0.5,0.7,0.3,50,14,0.001,0.177827941003892
30,0.5,0.7,0.3,50,15,0.001,0.177827941003892
30,0.5,0.7,0.3,50,16,0.001,0.177827941003892
30,0.5,0.7,0.3,50,17,0.001,0.177827941003892
30,0.5,0.7,0.3,50,18,0.001,0.177827941003892
30,0.5,0.7,0.3,50,19,0.001,0.177827941003892
30,0.5,0.7,0.3,50,20,0.001,0.177827941003892
30,0.5,0.7,0.3,50,21,0.001,0.177827941003892
30,0.5,0.7,0.3,50,22,0.001,0.177827941003892
30,0.5,0.7,0.3,50,23,0.001,0.177827941003892
30,0.5,0.7,0.3,50,24,0.001,0.177827941003892
30,0.5,0.7,0.3,50,25,0.001,0.177827941003892
30,0.5,0.7,0.3,50,26,0.001,0.177827941003892
30,0.5,0.7,0.3,50,27,0.001,0.177827941003892
30,0.5,0.7,0.3,50,28,0.001,0.177827941003892
30,0.5,0.7,0.3,50,29,0.001,0.177827941003892
30,0.5,0.7,0.3,50,30,0.001,0.177827941003892
30,0.5,0.7,0.3,50,31,0.001,0.177827941003892
30,0.5,0.7,0.3,50,32,0.001,0.177827941003892
30,0.5,0.7,0.3,50,33,0.001,0.177827941003892
30,0.5,0.7,0.3,50,34,0.001,0.177827941003892
30,0.5,0.7,0.3,50,35,0.001,0.177827941003892
30,0.5,0.7,0.3,50,36,0.001,0.177827941003892
30,0.5,0.7,0.3,50,37,0.001,0.177827941003892
30,0.5,0.7,0.3,50,38,0.001,0.177827941003892
30,0.5,0.7,0.3,50,39,0.001,0.177827941003892
30,0.5,0.7,0.3,50,40,0.001,0.177827941003892
30,0.5,0.7,0.3,50,41,0.001,0.177827941003892
30,0.5,0.7,0.3,50,42,0.001,0.177827941003892
30,0.5,0.7,0.3,50,43,0.001,0.177827941003892
30,0.5,0.7,0.3,50,44,0.001,0.177827941003892
30,0.5,0.7,0.3,50,45,0.001,0.177827941003892
30,0.5,0.7,0.3,50,46,0.001,0.177827941003892
30,0.5,0.7,0.3,50,47,0.001,0.177827941003892
30,0.5,0.7,0.3,50,48,0.001,0.177827941003892
30,0.5,0.7,0.3,50,49,0.001,0.177827941003892
30,0.5,0.7,0.3,50,50,0.001,0.177827941003892
60,0.5,0.7,0.3,50,1,0.001,0.133352143216332
60,0.5,0.7,0.3,50,2,0.001,0.133352143216332
60,0.5,0.7,0.3,50,3,0.001,0.133352143216332
60,0.5,0.7,0.3,50,4,0.001,0.133352143216332
60,0.5,0.7,0.3,50,5,0.001,0.133352143216332
60,0.5,0.7,0.3,50,6,0.001,0.133352143216332
60,0.5,0.7,0.3,50,7,0.001,0.133352143216332
60,0.5,0.7,0.3,50,8,0.001,0.133352143216332
60,0.5,0.7,0.3,50,9,0.001,0.133352143216332
60,0.5,0.7,0.3,50,10,0.001,0.133352143216332
60,0.5,0.7,0.3,50,11,0.001,0.133352143216332
60,0.5,0.7,0.3,50,12,0.001,0.133352143216332
60,0.5,0.7,0.3,50,13,0.001,0.133352143216332
60,0.5,0.7,0.3,50,14,0.001,0.133352143216332
60,0.5,0.7,0.3,50,15,0.001,0.133352143216332
60,0.5,0.7,0.3,50,16,0.001,0.133352143216332
60,0.5,0.7,0.3,50,17,0.001,0.133352143216332
60,0.5,0.7,0.3,50,18,0.001,0.133352143216332
60,0.5,0.7,0.3,50,19,0.001,0.133352143216332
60,0.5,0.7,0.3,50,20,0.001,0.133352143216332
60,0.5,0.7,0.3,50,21,0.001,0.133352143216332
60,0.5,0.7,0.3,50,22,0.001,0.133352143216332
60,0.5,0.7,0.3,50,23,0.001,0.133352143216332
60,0.5,0.7,0.3,50,24,0.001,0.133352143216332
60,0.5,0.7,0.3,50,25,0.001,0.133352143216332
60,0.5,0.7,0.3,50,26,0.001,0.133352143216332
60,0.5,0.7,0.3,50,27,0.001,0.133352143216332
60,0.5,0.7,0.3,50,28,0.001,0.133352143216332
60,0.5,0.7,0.3,50,29,0.001,0.133352143216332
60,0.5,0.7,0.3,50,30,0.001,0.133352143216332
60,0.5,0.7,0.3,50,31,0.001,0.133352143216332
60,0.5,0.7,0.3,50,32,0.001,0.133352143216332
60,0.5,0.7,0.3,50,33,0.001,0.133352143216332
60,0.5,0.7,0.3,50,34,0.001,0.133352143216332
60,0.5,0.7,0.3,50,35,0.001,0.133352143216332
60,0.5,0.7,0.3,50,36,0.001,0.133352143216332
60,0.5,0.7,0.3,50,37,0.001,0.133352143216332
60,0.5,0.7,0.3,50,38,0.001,0.133352143216332
60,0.5,0.7,0.3,50,39,0.001,0.133352143216332
60,0.5,0.7,0.3,50,40,0.001,0.133352143216332
60,0.5,0.7,0.3,50,41,0.001,0.133352143216332
60,0.5,0.7,0.3,50,42,0.001,0.133352143216332
60,0.5,0.7,0.3,50,43,0.001,0.133352143216332
60,0.5,0.7,0.3,50,44,0.001,0.133352143216332
60,0.5,0.7,0.3,50,45,0.001,0.133352143216332
60,0.5,0.7,0.3,50,46,0.001,0.133352143216332
60,0.5,0.7,0.3,50,47,0.001,0.133352143216332
60,0.5,0.7,0.3,50,48,0.001,0.133352143216332
60,0.5,0.7,0.3,50,49,0.001,0.133352143216332
60,0.5,0.7,0.3,50,50,0.001,0.133352143216332
100,0.5,0.7,0.3,50,1,0.001,0.133352143216332
100,0.5,0.7,0.3,50,2,0.001,0.133352143216332
100,0.5,0.7,0.3,50,3,0.001,0.133352143216332
100,0.5,0.7,0.3,50,4,0.001,0.133352143216332
100,0.5,0.7,0.3,50,5,0.001,0.133352143216332
100,0.5,0.7,0.3,50,6,0.001,0.133352143216332
100,0.5,0.7,0.3,50,7,0.001,0.133352143216332
100,0.5,0.7,0.3,50,8,0.001,0.133352143216332
100,0.5,0.7,0.3,50,9,0.001,0.133352143216332
100,0.5,0.7,0.3,50,10,0.001,0.133352143216332
100,0.5,0.7,0.3,50,11,0.001,0.133352143216332
100,0.5,0.7,0.3,50,12,0.001,0.133352143216332
100,0.5,0.7,0.3,50,13,0.001,0.133352143216332
100,0.5,0.7,0.3,50,14,0.001,0.133352143216332
100,0.5,0.7,0.3,50,15,0.001,0.133352143216332
100,0.5,0.7,0.3,50,16,0.001,0.133352143216332
100,0.5,0.7,0.3,50,17,0.001,0.133352143216332
100,0.5,0.7,0.3,50,18,0.001,0.133352143216332
100,0.5,0.7,0.3,50,19,0.001,0.133352143216332
100,0.5,0.7,0.3,50,20,0.001,0.133352143216332
100,0.5,0.7,0.3,50,21,0.001,0.133352143216332
100,0.5,0.7,0.3,50,22,0.001,0.133352143216332
100,0.5,0.7,0.3,50,23,0.001,0.133352143216332
100,0.5,0.7,0.3,50,24,0.001,0.133352143216332
100,0.5,0.7,0.3,50,25,0.001,0.133352143216332
100,0.5,0.7,0.3,50,26,0.001,0.133352143216332
100,0.5,0.7,0.3,50,27,0.001,0.133352143216332
100,0.5,0.7,0.3,50,28,0.001,0.133352143216332
100,0.5,0.7,0.3,50,29,0.001,0.133352143216332
100,0.5,0.7,0.3,50,30,0.001,0.133352143216332
100,0.5,0.7,0.3,50,31,0.001,0.133352143216332
100,0.5,0.7,0.3,50,32,0.001,0.133352143216332
100,0.5,0.7,0.3,50,33,0.001,0.133352143216332
100,0.5,0.7,0.3,50,34,0.001,0.133352143216332
100,0.5,0.7,0.3,50,35,0.001,0.133352143216332
100,0.5,0.7,0.3,50,36,0.001,0.133352143216332
100,0.5,0.7,0.3,50,37,0.001,0.133352143216332
100,0.5,0.7,0.3,50,38,0.001,0.133352143216332
100,0.5,0.7,0.3,50,39,0.001,0.133352143216332
100,0.5,0.7,0.3,50,40,0.001,0.133352143216332
100,0.5,0.7,0.3,50,41,0.001,0.133352143216332
100,0.5,0.7,0.3,50,42,0.001,0.133352143216332
100,0.5,0.7,0.3,50,43,0.001,0.133352143216332
100,0.5,0.7,0.3,50,44,0.001,0.133352143216332
100,0.5,0.7,0.3,50,45,0.001,0.133352143216332
100,0.5,0.7,0.3,50,46,0.001,0.133352143216332
100,0.5,0.7,0.3,50,47,0.001,0.133352143216332
100,0.5,0.7,0.3,50,48,0.001,0.133352143216332
100,0.5,0.7,0.3,50,49,0.001,0.133352143216332
100,0.5,0.7,0.3,50,50,0.001,0.133352143216332
10,1,0.7,0.3,50,1,0.001,0.177827941003892
10,1,0.7,0.3,50,2,0.001,0.177827941003892
10,1,0.7,0.3,50,3,0.001,0.177827941003892
10,1,0.7,0.3,50,4,0.001,0.177827941003892
10,1,0.7,0.3,50,5,0.001,0.177827941003892
10,1,0.7,0.3,50,6,0.001,0.177827941003892
10,1,0.7,0.3,50,7,0.001,0.237137370566165
10,1,0.7,0.3,50,8,0.001,0.237137370566165
10,1,0.7,0.3,50,9,0.001,0.177827941003892
10,1,0.7,0.3,50,10,0.001,0.177827941003892
10,1,0.7,0.3,50,11,0.001,0.177827941003892
10,1,0.7,0.3,50,12,0.001,0.237137370566165
10,1,0.7,0.3,50,13,0.001,0.177827941003892
10,1,0.7,0.3,50,14,0.001,0.237137370566165
10,1,0.7,0.3,50,15,0.001,0.237137370566165
10,1,0.7,0.3,50,16,0.001,0.177827941003892
10,1,0.7,0.3,50,17,0.001,0.177827941003892
10,1,0.7,0.3,50,18,0.001,0.237137370566165
10,1,0.7,0.3,50,19,0.001,0.237137370566165
10,1,0.7,0.3,50,20,0.001,0.237137370566165
10,1,0.7,0.3,50,21,0.001,0.237137370566165
10,1,0.7,0.3,50,22,0.001,0.237137370566165
10,1,0.7,0.3,50,23,0.001,0.237137370566165
10,1,0.7,0.3,50,24,0.001,0.177827941003892
10,1,0.7,0.3,50,25,0.001,0.237137370566165
10,1,0.7,0.3,50,26,0.001,0.237137370566165
10,1,0.7,0.3,50,27,0.001,0.177827941003892
10,1,0.7,0.3,50,28,0.001,0.237137370566165
10,1,0.7,0.3,50,29,0.001,0.177827941003892
10,1,0.7,0.3,50,30,0.001,0.237137370566165
10,1,0.7,0.3,50,31,0.001,0.237137370566165
10,1,0.7,0.3,50,32,0.001,0.237137370566165
10,1,0.7,0.3,50,33,0.001,0.177827941003892
10,1,0.7,0.3,50,34,0.001,0.177827941003892
10,1,0.7,0.3,50,35,0.001,0.237137370566165
10,1,0.7,0.3,50,36,0.001,0.177827941003892
10,1,0.7,0.3,50,37,0.001,0.237137370566165
10,1,0.7,0.3,50,38,0.001,0.177827941003892
10,1,0.7,0.3,50,39,0.001,0.177827941003892
10,1,0.7,0.3,50,40,0.001,0.177827941003892
10,1,0.7,0.3,50,41,0.001,0.237137370566165
10,1,0.7,0.3,50,42,0.001,0.177827941003892
10,1,0.7,0.3,50,43,0.001,0.177827941003892
10,1,0.7,0.3,50,44,0.001,0.177827941003892
10,1,0.7,0.3,50,45,0.001,0.177827941003892
10,1,0.7,0.3,50,46,0.001,0.177827941003892
10,1,0.7,0.3,50,47,0.001,0.177827941003892
10,1,0.7,0.3,50,48,0.001,0.177827941003892
10,1,0.7,0.3,50,49,0.001,0.177827941003892
10,1,0.7,0.3,50,50,0.001,0.237137370566165
30,1,0.7,0.3,50,1,0.001,0.1
30,1,0.7,0.3,50,2,0.001,0.1
30,1,0.7,0.3,50,3,0.001,0.1
30,1,0.7,0.3,50,4,0.001,0.1
30,1,0.7,0.3,50,5,0.001,0.1
30,1,0.7,0.3,50,6,0.001,0.1
30,1,0.7,0.3,50,7,0.001,0.133352143216332
30,1,0.7,0.3,50,8,0.001,0.1
30,1,0.7,0.3,50,9,0.001,0.1
30,1,0.7,0.3,50,10,0.001,0.1
30,1,0.7,0.3,50,11,0.001,0.1
30,1,0.7,0.3,50,12,0.001,0.133352143216332
30,1,0.7,0.3,50,13,0.001,0.1
30,1,0.7,0.3,50,14,0.001,0.133352143216332
30,1,0.7,0.3,50,15,0.001,0.133352143216332
30,1,0.7,0.3,50,16,0.001,0.1
30,1,0.7,0.3,50,17,0.001,0.1
30,1,0.7,0.3,50,18,0.001,0.1
30,1,0.7,0.3,50,19,0.001,0.133352143216332
30,1,0.7,0.3,50,20,0.001,0.133352143216332
30,1,0.7,0.3,50,21,0.001,0.133352143216332
30,1,0.7,0.3,50,22,0.001,0.133352143216332
30,1,0.7,0.3,50,23,0.001,0.133352143216332
30,1,0.7,0.3,50,24,0.001,0.1
30,1,0.7,0.3,50,25,0.001,0.133352143216332
30,1,0.7,0.3,50,26,0.001,0.133352143216332
30,1,0.7,0.3,50,27,0.001,0.1
30,1,0.7,0.3,50,28,0.001,0.133352143216332
30,1,0.7,0.3,50,29,0.001,0.1
30,1,0.7,0.3,50,30,0.001,0.133352143216332
30,1,0.7,0.3,50,31,0.001,0.133352143216332
30,1,0.7,0.3,50,32,0.001,0.133352143216332
30,1,0.7,0.3,50,33,0.001,0.1
30,1,0.7,0.3,50,34,0.001,0.1
30,1,0.7,0.3,50,35,0.001,0.133352143216332
30,1,0.7,0.3,50,36,0.001,0.1
30,1,0.7,0.3,50,37,0.001,0.133352143216332
30,1,0.7,0.3,50,38,0.001,0.1
30,1,0.7,0.3,50,39,0.001,0.1
30,1,0.7,0.3,50,40,0.001,0.1
30,1,0.7,0.3,50,41,0.001,0.133352143216332
30,1,0.7,0.3,50,42,0.001,0.1
30,1,0.7,0.3,50,43,0.001,0.1
30,1,0.7,0.3,50,44,0.001,0.1
30,1,0.7,0.3,50,45,0.001,0.1
30,1,0.7,0.3,50,46,0.001,0.1
30,1,0.7,0.3,50,47,0.001,0.1
30,1,0.7,0.3,50,48,0.001,0.1
30,1,0.7,0.3,50,49,0.001,0.1
30,1,0.7,0.3,50,50,0.001,0.133352143216332
60,1,0.7,0.3,50,1,0.001,0.1
60,1,0.7,0.3,50,2,0.001,0.1
60,1,0.7,0.3,50,3,0.001,0.1
60,1,0.7,0.3,50,4,0.001,0.1
60,1,0.7,0.3,50,5,0.001,0.1
60,1,0.7,0.3,50,6,0.001,0.1
60,1,0.7,0.3,50,7,0.001,0.1
60,1,0.7,0.3,50,8,0.001,0.1
60,1,0.7,0.3,50,9,0.001,0.1
60,1,0.7,0.3,50,10,0.001,0.1
60,1,0.7,0.3,50,11,0.001,0.1
60,1,0.7,0.3,50,12,0.001,0.1
60,1,0.7,0.3,50,13,0.001,0.1
60,1,0.7,0.3,50,14,0.001,0.1
60,1,0.7,0.3,50,15,0.001,0.1
60,1,0.7,0.3,50,16,0.001,0.1
60,1,0.7,0.3,50,17,0.001,0.1
60,1,0.7,0.3,50,18,0.001,0.1
60,1,0.7,0.3,50,19,0.001,0.1
60,1,0.7,0.3,50,20,0.001,0.1
60,1,0.7,0.3,50,21,0.001,0.1
60,1,0.7,0.3,50,22,0.001,0.1
60,1,0.7,0.3,50,23,0.001,0.1
60,1,0.7,0.3,50,24,0.001,0.1
60,1,0.7,0.3,50,25,0.001,0.1
60,1,0.7,0.3,50,26,0.001,0.1
60,1,0.7,0.3,50,27,0.001,0.1
60,1,0.7,0.3,50,28,0.001,0.1
60,1,0.7,0.3,50,29,0.001,0.1
60,1,0.7,0.3,50,30,0.001,0.1
60,1,0.7,0.3,50,31,0.001,0.1
60,1,0.7,0.3,50,32,0.001,0.1
60,1,0.7,0.3,50,33,0.001,0.1
60,1,0.7,0.3,50,34,0.001,0.1
60,1,0.7,0.3,50,35,0.001,0.1
60,1,0.7,0.3,50,36,0.001,0.1
60,1,0.7,0.3,50,37,0.001,0.1
60,1,0.7,0.3,50,38,0.001,0.1
60,1,0.7,0.3,50,39,0.001,0.1
60,1,0.7,0.3,50,40,0.001,0.1
60,1,0.7,0.3,50,41,0.001,0.1
60,1,0.7,0.3,50,42,0.001,0.1
60,1,0.7,0.3,50,43,0.001,0.1
60,1,0.7,0.3,50,44,0.001,0.1
60,1,0.7,0.3,50,45,0.001,0.1
60,1,0.7,0.3,50,46,0.001,0.1
60,1,0.7,0.3,50,47,0.001,0.1
60,1,0.7,0.3,50,48,0.001,0.1
60,1,0.7,0.3,50,49,0.001,0.1
60,1,0.7,0.3,50,50,0.001,0.1
100,1,0.7,0.3,50,1,0.001,0.0749894209332456
100,1,0.7,0.3,50,2,0.001,0.0749894209332456
100,1,0.7,0.3,50,3,0.001,0.0749894209332456
100,1,0.7,0.3,50,4,0.001,0.0749894209332456
100,1,0.7,0.3,50,5,0.001,0.0749894209332456
100,1,0.7,0.3,50,6,0.001,0.0749894209332456
100,1,0.7,0.3,50,7,0.001,0.0749894209332456
100,1,0.7,0.3,50,8,0.001,0.0749894209332456
100,1,0.7,0.3,50,9,0.001,0.0749894209332456
100,1,0.7,0.3,50,10,0.001,0.0749894209332456
100,1,0.7,0.3,50,11,0.001,0.0749894209332456
100,1,0.7,0.3,50,12,0.001,0.0749894209332456
100,1,0.7,0.3,50,13,0.001,0.0749894209332456
100,1,0.7,0.3,50,14,0.001,0.0749894209332456
100,1,0.7,0.3,50,15,0.001,0.0749894209332456
100,1,0.7,0.3,50,16,0.001,0.0749894209332456
100,1,0.7,0.3,50,17,0.001,0.0749894209332456
100,1,0.7,0.3,50,18,0.001,0.0749894209332456
100,1,0.7,0.3,50,19,0.001,0.0749894209332456
100,1,0.7,0.3,50,20,0.001,0.0749894209332456
100,1,0.7,0.3,50,21,0.001,0.0749894209332456
100,1,0.7,0.3,50,22,0.001,0.0749894209332456
100,1,0.7,0.3,50,23,0.001,0.0749894209332456
100,1,0.7,0.3,50,24,0.001,0.0749894209332456
100,1,0.7,0.3,50,25,0.001,0.0749894209332456
100,1,0.7,0.3,50,26,0.001,0.0749894209332456
100,1,0.7,0.3,50,27,0.001,0.0749894209332456
100,1,0.7,0.3,50,28,0.001,0.0749894209332456
100,1,0.7,0.3,50,29,0.001,0.0749894209332456
100,1,0.7,0.3,50,30,0.001,0.0749894209332456
100,1,0.7,0.3,50,31,0.001,0.0749894209332456
100,1,0.7,0.3,50,32,0.001,0.0749894209332456
100,1,0.7,0.3,50,33,0.001,0.0749894209332456
100,1,0.7,0.3,50,34,0.001,0.0749894209332456
100,1,0.7,0.3,50,35,0.001,0.0749894209332456
100,1,0.7,0.3,50,36,0.001,0.0749894209332456
100,1,0.7,0.3,50,37,0.001,0.0749894209332456
100,1,0.7,0.3,50,38,0.001,0.0749894209332456
100,1,0.7,0.3,50,39,0.001,0.0749894209332456
100,1,0.7,0.3,50,40,0.001,0.0749894209332456
100,1,0.7,0.3,50,41,0.001,0.0749894209332456
100,1,0.7,0.3,50,42,0.001,0.0749894209332456
100,1,0.7,0.3,50,43,0.001,0.0749894209332456
100,1,0.7,0.3,50,44,0.001,0.0749894209332456
100,1,0.7,0.3,50,45,0.001,0.0749894209332456
100,1,0.7,0.3,50,46,0.001,0.0749894209332456
100,1,0.7,0.3,50,47,0.001,0.0749894209332456
100,1,0.7,0.3,50,48,0.001,0.0749894209332456
100,1,0.7,0.3,50,49,0.001,0.0749894209332456
100,1,0.7,0.3,50,50,0.001,0.0749894209332456
10,1.5,0.7,0.3,50,1,0.001,0.133352143216332
10,1.5,0.7,0.3,50,2,0.1,0.133352143216332
10,1.5,0.7,0.3,50,3,0.0177827941003892,0.133352143216332
10,1.5,0.7,0.3,50,4,0.0749894209332456,0.133352143216332
10,1.5,0.7,0.3,50,5,0.1,0.133352143216332
10,1.5,0.7,0.3,50,6,0.0237137370566166,0.133352143216332
10,1.5,0.7,0.3,50,7,0.0562341325190349,0.133352143216332
10,1.5,0.7,0.3,50,8,0.0749894209332456,0.133352143216332
10,1.5,0.7,0.3,50,9,0.0749894209332456,0.133352143216332
10,1.5,0.7,0.3,50,10,0.0562341325190349,0.133352143216332
10,1.5,0.7,0.3,50,11,0.0562341325190349,0.133352143216332
10,1.5,0.7,0.3,50,12,0.0316227766016838,0.133352143216332
10,1.5,0.7,0.3,50,13,0.1,0.133352143216332
10,1.5,0.7,0.3,50,14,0.0316227766016838,0.133352143216332
10,1.5,0.7,0.3,50,15,0.0749894209332456,0.133352143216332
10,1.5,0.7,0.3,50,16,0.0749894209332456,0.133352143216332
10,1.5,0.7,0.3,50,17,0.0562341325190349,0.133352143216332
10,1.5,0.7,0.3,50,18,0.0316227766016838,0.133352143216332
10,1.5,0.7,0.3,50,19,0.0421696503428582,0.133352143216332
10,1.5,0.7,0.3,50,20,0.0237137370566166,0.133352143216332
10,1.5,0.7,0.3,50,21,0.0562341325190349,0.133352143216332
10,1.5,0.7,0.3,50,22,0.0421696503428582,0.133352143216332
10,1.5,0.7,0.3,50,23,0.0177827941003892,0.133352143216332
10,1.5,0.7,0.3,50,24,0.0749894209332456,0.133352143216332
10,1.5,0.7,0.3,50,25,0.0316227766016838,0.133352143216332
10,1.5,0.7,0.3,50,26,0.0316227766016838,0.133352143216332
10,1.5,0.7,0.3,50,27,0.0749894209332456,0.133352143216332
10,1.5,0.7,0.3,50,28,0.001,0.133352143216332
10,1.5,0.7,0.3,50,29,0.0316227766016838,0.133352143216332
10,1.5,0.7,0.3,50,30,0.0562341325190349,0.133352143216332
10,1.5,0.7,0.3,50,31,0.0237137370566166,0.177827941003892
10,1.5,0.7,0.3,50,32,0.001,0.133352143216332
10,1.5,0.7,0.3,50,33,0.0562341325190349,0.133352143216332
10,1.5,0.7,0.3,50,34,0.0562341325190349,0.133352143216332
10,1.5,0.7,0.3,50,35,0.0133352143216332,0.133352143216332
10,1.5,0.7,0.3,50,36,0.0749894209332456,0.133352143216332
10,1.5,0.7,0.3,50,37,0.0562341325190349,0.133352143216332
10,1.5,0.7,0.3,50,38,0.001,0.133352143216332
10,1.5,0.7,0.3,50,39,0.0421696503428582,0.133352143216332
10,1.5,0.7,0.3,50,40,0.0177827941003892,0.133352143216332
10,1.5,0.7,0.3,50,41,0.0421696503428582,0.133352143216332
10,1.5,0.7,0.3,50,42,0.0749894209332456,0.133352143216332
10,1.5,0.7,0.3,50,43,0.0562341325190349,0.133352143216332
10,1.5,0.7,0.3,50,44,0.0316227766016838,0.133352143216332
10,1.5,0.7,0.3,50,45,0.0237137370566166,0.133352143216332
10,1.5,0.7,0.3,50,46,0.0562341325190349,0.133352143216332
10,1.5,0.7,0.3,50,47,0.0316227766016838,0.133352143216332
10,1.5,0.7,0.3,50,48,0.0562341325190349,0.133352143216332
10,1.5,0.7,0.3,50,49,0.0316227766016838,0.133352143216332
10,1.5,0.7,0.3,50,50,0.0316227766016838,0.177827941003892
30,1.5,0.7,0.3,50,1,0.001,0.0749894209332456
30,1.5,0.7,0.3,50,2,0.0177827941003892,0.0749894209332456
30,1.5,0.7,0.3,50,3,0.00177827941003892,0.0749894209332456
30,1.5,0.7,0.3,50,4,0.01,0.0749894209332456
30,1.5,0.7,0.3,50,5,0.0133352143216332,0.0749894209332456
30,1.5,0.7,0.3,50,6,0.001,0.0749894209332456
30,1.5,0.7,0.3,50,7,0.0133352143216332,0.0749894209332456
30,1.5,0.7,0.3,50,8,0.0133352143216332,0.0749894209332456
30,1.5,0.7,0.3,50,9,0.0133352143216332,0.0749894209332456
30,1.5,0.7,0.3,50,10,0.00749894209332456,0.0749894209332456
30,1.5,0.7,0.3,50,11,0.00562341325190349,0.0749894209332456
30,1.5,0.7,0.3,50,12,0.00421696503428582,0.0749894209332456
30,1.5,0.7,0.3,50,13,0.0177827941003892,0.0749894209332456
30,1.5,0.7,0.3,50,14,0.001,0.0749894209332456
30,1.5,0.7,0.3,50,15,0.00749894209332456,0.0749894209332456
30,1.5,0.7,0.3,50,16,0.0133352143216332,0.0749894209332456
30,1.5,0.7,0.3,50,17,0.01,0.0749894209332456
30,1.5,0.7,0.3,50,18,0.00421696503428582,0.0749894209332456
30,1.5,0.7,0.3,50,19,0.00562341325190349,0.0749894209332456
30,1.5,0.7,0.3,50,20,0.00316227766016838,0.0749894209332456
30,1.5,0.7,0.3,50,21,0.01,0.0749894209332456
30,1.5,0.7,0.3,50,22,0.00237137370566166,0.0749894209332456
30,1.5,0.7,0.3,50,23,0.001,0.0749894209332456
30,1.5,0.7,0.3,50,24,0.0133352143216332,0.0749894209332456
30,1.5,0.7,0.3,50,25,0.00316227766016838,0.0749894209332456
30,1.5,0.7,0.3,50,26,0.00133352143216332,0.0749894209332456
30,1.5,0.7,0.3,50,27,0.01,0.0749894209332456
30,1.5,0.7,0.3,50,28,0.001,0.0749894209332456
30,1.5,0.7,0.3,50,29,0.001,0.0749894209332456
30,1.5,0.7,0.3,50,30,0.00749894209332456,0.0749894209332456
30,1.5,0.7,0.3,50,31,0.001,0.1
30,1.5,0.7,0.3,50,32,0.001,0.0749894209332456
30,1.5,0.7,0.3,50,33,0.00749894209332456,0.0749894209332456
30,1.5,0.7,0.3,50,34,0.0133352143216332,0.0749894209332456
30,1.5,0.7,0.3,50,35,0.001,0.0749894209332456
30,1.5,0.7,0.3,50,36,0.00316227766016838,0.0749894209332456
30,1.5,0.7,0.3,50,37,0.00421696503428582,0.0749894209332456
30,1.5,0.7,0.3,50,38,0.001,0.0749894209332456
30,1.5,0.7,0.3,50,39,0.00421696503428582,0.0749894209332456
30,1.5,0.7,0.3,50,40,0.00237137370566166,0.0749894209332456
30,1.5,0.7,0.3,50,41,0.00749894209332456,0.0749894209332456
30,1.5,0.7,0.3,50,42,0.00421696503428582,0.0749894209332456
30,1.5,0.7,0.3,50,43,0.01,0.0749894209332456
30,1.5,0.7,0.3,50,44,0.00421696503428582,0.0749894209332456
30,1.5,0.7,0.3,50,45,0.00316227766016838,0.0749894209332456
30,1.5,0.7,0.3,50,46,0.00562341325190349,0.0749894209332456
30,1.5,0.7,0.3,50,47,0.00133352143216332,0.0749894209332456
30,1.5,0.7,0.3,50,48,0.01,0.0749894209332456
30,1.5,0.7,0.3,50,49,0.00562341325190349,0.0749894209332456
30,1.5,0.7,0.3,50,50,0.00421696503428582,0.1
60,1.5,0.7,0.3,50,1,0.001,0.0749894209332456
60,1.5,0.7,0.3,50,2,0.00562341325190349,0.0749894209332456
60,1.5,0.7,0.3,50,3,0.001,0.0749894209332456
60,1.5,0.7,0.3,50,4,0.00316227766016838,0.0749894209332456
60,1.5,0.7,0.3,50,5,0.00562341325190349,0.0749894209332456
60,1.5,0.7,0.3,50,6,0.001,0.0562341325190349
60,1.5,0.7,0.3,50,7,0.00421696503428582,0.0749894209332456
60,1.5,0.7,0.3,50,8,0.00562341325190349,0.0749894209332456
60,1.5,0.7,0.3,50,9,0.00749894209332456,0.0749894209332456
60,1.5,0.7,0.3,50,10,0.001,0.0749894209332456
60,1.5,0.7,0.3,50,11,0.001,0.0749894209332456
60,1.5,0.7,0.3,50,12,0.001,0.0749894209332456
60,1.5,0.7,0.3,50,13,0.00749894209332456,0.0562341325190349
60,1.5,0.7,0.3,50,14,0.001,0.0749894209332456
60,1.5,0.7,0.3,50,15,0.00237137370566166,0.0749894209332456
60,1.5,0.7,0.3,50,16,0.00562341325190349,0.0749894209332456
60,1.5,0.7,0.3,50,17,0.00421696503428582,0.0749894209332456
60,1.5,0.7,0.3,50,18,0.001,0.0749894209332456
60,1.5,0.7,0.3,50,19,0.001,0.0749894209332456
60,1.5,0.7,0.3,50,20,0.001,0.0749894209332456
60,1.5,0.7,0.3,50,21,0.00316227766016838,0.0749894209332456
60,1.5,0.7,0.3,50,22,0.001,0.0749894209332456
60,1.5,0.7,0.3,50,23,0.001,0.0749894209332456
60,1.5,0.7,0.3,50,24,0.00421696503428582,0.0749894209332456
60,1.5,0.7,0.3,50,25,0.001,0.0749894209332456
60,1.5,0.7,0.3,50,26,0.001,0.0749894209332456
60,1.5,0.7,0.3,50,27,0.00421696503428582,0.0749894209332456
60,1.5,0.7,0.3,50,28,0.001,0.0749894209332456
60,1.5,0.7,0.3,50,29,0.001,0.0749894209332456
60,1.5,0.7,0.3,50,30,0.00237137370566166,0.0749894209332456
60,1.5,0.7,0.3,50,31,0.001,0.0749894209332456
60,1.5,0.7,0.3,50,32,0.001,0.0749894209332456
60,1.5,0.7,0.3,50,33,0.001,0.0749894209332456
60,1.5,0.7,0.3,50,34,0.00562341325190349,0.0749894209332456
60,1.5,0.7,0.3,50,35,0.001,0.0749894209332456
60,1.5,0.7,0.3,50,36,0.001,0.0749894209332456
60,1.5,0.7,0.3,50,37,0.00133352143216332,0.0749894209332456
60,1.5,0.7,0.3,50,38,0.001,0.0749894209332456
60,1.5,0.7,0.3,50,39,0.001,0.0749894209332456
60,1.5,0.7,0.3,50,40,0.001,0.0749894209332456
60,1.5,0.7,0.3,50,41,0.00316227766016838,0.0749894209332456
60,1.5,0.7,0.3,50,42,0.001,0.0749894209332456
60,1.5,0.7,0.3,50,43,0.00421696503428582,0.0749894209332456
60,1.5,0.7,0.3,50,44,0.001,0.0749894209332456
60,1.5,0.7,0.3,50,45,0.001,0.0562341325190349
60,1.5,0.7,0.3,50,46,0.00177827941003892,0.0749894209332456
60,1.5,0.7,0.3,50,47,0.001,0.0749894209332456
60,1.5,0.7,0.3,50,48,0.00421696503428582,0.0749894209332456
60,1.5,0.7,0.3,50,49,0.00177827941003892,0.0749894209332456
60,1.5,0.7,0.3,50,50,0.001,0.0749894209332456
100,1.5,0.7,0.3,50,1,0.001,0.0562341325190349
100,1.5,0.7,0.3,50,2,0.00316227766016838,0.0562341325190349
100,1.5,0.7,0.3,50,3,0.001,0.0562341325190349
100,1.5,0.7,0.3,50,4,0.001,0.0562341325190349
100,1.5,0.7,0.3,50,5,0.00237137370566166,0.0562341325190349
100,1.5,0.7,0.3,50,6,0.001,0.0562341325190349
100,1.5,0.7,0.3,50,7,0.00237137370566166,0.0562341325190349
100,1.5,0.7,0.3,50,8,0.00316227766016838,0.0562341325190349
100,1.5,0.7,0.3,50,9,0.00562341325190349,0.0562341325190349
100,1.5,0.7,0.3,50,10,0.001,0.0562341325190349
100,1.5,0.7,0.3,50,11,0.001,0.0562341325190349
100,1.5,0.7,0.3,50,12,0.001,0.0562341325190349
100,1.5,0.7,0.3,50,13,0.00421696503428582,0.0562341325190349
100,1.5,0.7,0.3,50,14,0.001,0.0562341325190349
100,1.5,0.7,0.3,50,15,0.001,0.0562341325190349
100,1.5,0.7,0.3,50,16,0.00421696503428582,0.0562341325190349
100,1.5,0.7,0.3,50,17,0.00237137370566166,0.0562341325190349
100,1.5,0.7,0.3,50,18,0.001,0.0562341325190349
100,1.5,0.7,0.3,50,19,0.001,0.0562341325190349
100,1.5,0.7,0.3,50,20,0.001,0.0562341325190349
100,1.5,0.7,0.3,50,21,0.00133352143216332,0.0562341325190349
100,1.5,0.7,0.3,50,22,0.001,0.0562341325190349
100,1.5,0.7,0.3,50,23,0.001,0.0562341325190349
100,1.5,0.7,0.3,50,24,0.00133352143216332,0.0562341325190349
100,1.5,0.7,0.3,50,25,0.001,0.0562341325190349
100,1.5,0.7,0.3,50,26,0.001,0.0562341325190349
100,1.5,0.7,0.3,50,27,0.00133352143216332,0.0562341325190349
100,1.5,0.7,0.3,50,28,0.001,0.0562341325190349
100,1.5,0.7,0.3,50,29,0.001,0.0562341325190349
100,1.5,0.7,0.3,50,30,0.001,0.0562341325190349
100,1.5,0.7,0.3,50,31,0.001,0.0562341325190349
100,1.5,0.7,0.3,50,32,0.001,0.0562341325190349
100,1.5,0.7,0.3,50,33,0.001,0.0562341325190349
100,1.5,0.7,0.3,50,34,0.00316227766016838,0.0562341325190349
100,1.5,0.7,0.3,50,35,0.001,0.0562341325190349
100,1.5,0.7,0.3,50,36,0.001,0.0562341325190349
100,1.5,0.7,0.3,50,37,0.001,0.0562341325190349
100,1.5,0.7,0.3,50,38,0.001,0.0562341325190349
100,1.5,0.7,0.3,50,39,0.001,0.0562341325190349
100,1.5,0.7,0.3,50,40,0.001,0.0562341325190349
100,1.5,0.7,0.3,50,41,0.00177827941003892,0.0562341325190349
100,1.5,0.7,0.3,50,42,0.001,0.0562341325190349
100,1.5,0.7,0.3,50,43,0.00316227766016838,0.0562341325190349
100,1.5,0.7,0.3,50,44,0.001,0.0562341325190349
100,1.5,0.7,0.3,50,45,0.001,0.0562341325190349
100,1.5,0.7,0.3,50,46,0.001,0.0562341325190349
100,1.5,0.7,0.3,50,47,0.001,0.0562341325190349
100,1.5,0.7,0.3,50,48,0.00133352143216332,0.0562341325190349
100,1.5,0.7,0.3,50,49,0.001,0.0562341325190349
100,1.5,0.7,0.3,50,50,0.001,0.0562341325190349
10,0.5,0.5,0.4,50,1,0.001,0.237137370566165
10,0.5,0.5,0.4,50,2,0.001,0.237137370566165
10,0.5,0.5,0.4,50,3,0.001,0.237137370566165
10,0.5,0.5,0.4,50,4,0.001,0.237137370566165
10,0.5,0.5,0.4,50,5,0.001,0.237137370566165
10,0.5,0.5,0.4,50,6,0.001,0.237137370566165
10,0.5,0.5,0.4,50,7,0.001,0.237137370566165
10,0.5,0.5,0.4,50,8,0.001,0.237137370566165
10,0.5,0.5,0.4,50,9,0.001,0.237137370566165
10,0.5,0.5,0.4,50,10,0.001,0.237137370566165
10,0.5,0.5,0.4,50,11,0.001,0.237137370566165
10,0.5,0.5,0.4,50,12,0.001,0.237137370566165
10,0.5,0.5,0.4,50,13,0.001,0.237137370566165
10,0.5,0.5,0.4,50,14,0.001,0.237137370566165
10,0.5,0.5,0.4,50,15,0.001,0.237137370566165
10,0.5,0.5,0.4,50,16,0.001,0.237137370566165
10,0.5,0.5,0.4,50,17,0.001,0.237137370566165
10,0.5,0.5,0.4,50,18,0.001,0.237137370566165
10,0.5,0.5,0.4,50,19,0.001,0.237137370566165
10,0.5,0.5,0.4,50,20,0.001,0.237137370566165
10,0.5,0.5,0.4,50,21,0.001,0.237137370566165
10,0.5,0.5,0.4,50,22,0.001,0.237137370566165
10,0.5,0.5,0.4,50,23,0.001,0.237137370566165
10,0.5,0.5,0.4,50,24,0.001,0.237137370566165
10,0.5,0.5,0.4,50,25,0.001,0.237137370566165
10,0.5,0.5,0.4,50,26,0.001,0.237137370566165
10,0.5,0.5,0.4,50,27,0.001,0.237137370566165
10,0.5,0.5,0.4,50,28,0.001,0.237137370566165
10,0.5,0.5,0.4,50,29,0.001,0.237137370566165
10,0.5,0.5,0.4,50,30,0.001,0.237137370566165
10,0.5,0.5,0.4,50,31,0.001,0.237137370566165
10,0.5,0.5,0.4,50,32,0.001,0.237137370566165
10,0.5,0.5,0.4,50,33,0.001,0.237137370566165
10,0.5,0.5,0.4,50,34,0.001,0.237137370566165
10,0.5,0.5,0.4,50,35,0.001,0.237137370566165
10,0.5,0.5,0.4,50,36,0.001,0.237137370566165
10,0.5,0.5,0.4,50,37,0.001,0.237137370566165
10,0.5,0.5,0.4,50,38,0.001,0.237137370566165
10,0.5,0.5,0.4,50,39,0.001,0.237137370566165
10,0.5,0.5,0.4,50,40,0.001,0.237137370566165
10,0.5,0.5,0.4,50,41,0.001,0.237137370566165
10,0.5,0.5,0.4,50,42,0.001,0.237137370566165
10,0.5,0.5,0.4,50,43,0.001,0.237137370566165
10,0.5,0.5,0.4,50,44,0.001,0.237137370566165
10,0.5,0.5,0.4,50,45,0.001,0.237137370566165
10,0.5,0.5,0.4,50,46,0.001,0.237137370566165
10,0.5,0.5,0.4,50,47,0.001,0.237137370566165
10,0.5,0.5,0.4,50,48,0.001,0.237137370566165
10,0.5,0.5,0.4,50,49,0.001,0.237137370566165
10,0.5,0.5,0.4,50,50,0.001,0.237137370566165
30,0.5,0.5,0.4,50,1,0.001,0.133352143216332
30,0.5,0.5,0.4,50,2,0.001,0.133352143216332
30,0.5,0.5,0.4,50,3,0.001,0.133352143216332
30,0.5,0.5,0.4,50,4,0.001,0.133352143216332
30,0.5,0.5,0.4,50,5,0.001,0.133352143216332
30,0.5,0.5,0.4,50,6,0.001,0.133352143216332
30,0.5,0.5,0.4,50,7,0.001,0.133352143216332
30,0.5,0.5,0.4,50,8,0.001,0.133352143216332
30,0.5,0.5,0.4,50,9,0.001,0.133352143216332
30,0.5,0.5,0.4,50,10,0.001,0.133352143216332
30,0.5,0.5,0.4,50,11,0.001,0.133352143216332
30,0.5,0.5,0.4,50,12,0.001,0.133352143216332
30,0.5,0.5,0.4,50,13,0.001,0.133352143216332
30,0.5,0.5,0.4,50,14,0.001,0.133352143216332
30,0.5,0.5,0.4,50,15,0.001,0.133352143216332
30,0.5,0.5,0.4,50,16,0.001,0.133352143216332
30,0.5,0.5,0.4,50,17,0.001,0.133352143216332
30,0.5,0.5,0.4,50,18,0.001,0.133352143216332
30,0.5,0.5,0.4,50,19,0.001,0.133352143216332
30,0.5,0.5,0.4,50,20,0.001,0.133352143216332
30,0.5,0.5,0.4,50,21,0.001,0.133352143216332
30,0.5,0.5,0.4,50,22,0.001,0.133352143216332
30,0.5,0.5,0.4,50,23,0.001,0.133352143216332
30,0.5,0.5,0.4,50,24,0.001,0.133352143216332
30,0.5,0.5,0.4,50,25,0.001,0.133352143216332
30,0.5,0.5,0.4,50,26,0.001,0.133352143216332
30,0.5,0.5,0.4,50,27,0.001,0.133352143216332
30,0.5,0.5,0.4,50,28,0.001,0.133352143216332
30,0.5,0.5,0.4,50,29,0.001,0.133352143216332
30,0.5,0.5,0.4,50,30,0.001,0.133352143216332
30,0.5,0.5,0.4,50,31,0.001,0.133352143216332
30,0.5,0.5,0.4,50,32,0.001,0.133352143216332
30,0.5,0.5,0.4,50,33,0.001,0.133352143216332
30,0.5,0.5,0.4,50,34,0.001,0.133352143216332
30,0.5,0.5,0.4,50,35,0.001,0.133352143216332
30,0.5,0.5,0.4,50,36,0.001,0.133352143216332
30,0.5,0.5,0.4,50,37,0.001,0.133352143216332
30,0.5,0.5,0.4,50,38,0.001,0.133352143216332
30,0.5,0.5,0.4,50,39,0.001,0.133352143216332
30,0.5,0.5,0.4,50,40,0.001,0.133352143216332
30,0.5,0.5,0.4,50,41,0.001,0.133352143216332
30,0.5,0.5,0.4,50,42,0.001,0.133352143216332
30,0.5,0.5,0.4,50,43,0.001,0.133352143216332
30,0.5,0.5,0.4,50,44,0.001,0.133352143216332
30,0.5,0.5,0.4,50,45,0.001,0.133352143216332
30,0.5,0.5,0.4,50,46,0.001,0.133352143216332
30,0.5,0.5,0.4,50,47,0.001,0.133352143216332
30,0.5,0.5,0.4,50,48,0.001,0.133352143216332
30,0.5,0.5,0.4,50,49,0.001,0.133352143216332
30,0.5,0.5,0.4,50,50,0.001,0.133352143216332
60,0.5,0.5,0.4,50,1,0.001,0.1
60,0.5,0.5,0.4,50,2,0.001,0.1
60,0.5,0.5,0.4,50,3,0.001,0.1
60,0.5,0.5,0.4,50,4,0.001,0.1
60,0.5,0.5,0.4,50,5,0.001,0.1
60,0.5,0.5,0.4,50,6,0.001,0.1
60,0.5,0.5,0.4,50,7,0.001,0.1
60,0.5,0.5,0.4,50,8,0.001,0.1
60,0.5,0.5,0.4,50,9,0.001,0.1
60,0.5,0.5,0.4,50,10,0.001,0.1
60,0.5,0.5,0.4,50,11,0.001,0.1
60,0.5,0.5,0.4,50,12,0.001,0.1
60,0.5,0.5,0.4,50,13,0.001,0.1
60,0.5,0.5,0.4,50,14,0.001,0.1
60,0.5,0.5,0.4,50,15,0.001,0.1
60,0.5,0.5,0.4,50,16,0.001,0.1
60,0.5,0.5,0.4,50,17,0.001,0.1
60,0.5,0.5,0.4,50,18,0.001,0.1
60,0.5,0.5,0.4,50,19,0.001,0.1
60,0.5,0.5,0.4,50,20,0.001,0.1
60,0.5,0.5,0.4,50,21,0.001,0.1
60,0.5,0.5,0.4,50,22,0.001,0.1
60,0.5,0.5,0.4,50,23,0.001,0.1
60,0.5,0.5,0.4,50,24,0.001,0.1
60,0.5,0.5,0.4,50,25,0.001,0.1
60,0.5,0.5,0.4,50,26,0.001,0.1
60,0.5,0.5,0.4,50,27,0.001,0.1
60,0.5,0.5,0.4,50,28,0.001,0.1
60,0.5,0.5,0.4,50,29,0.001,0.1
60,0.5,0.5,0.4,50,30,0.001,0.1
60,0.5,0.5,0.4,50,31,0.001,0.1
60,0.5,0.5,0.4,50,32,0.001,0.1
60,0.5,0.5,0.4,50,33,0.001,0.1
60,0.5,0.5,0.4,50,34,0.001,0.1
60,0.5,0.5,0.4,50,35,0.001,0.1
60,0.5,0.5,0.4,50,36,0.001,0.1
60,0.5,0.5,0.4,50,37,0.001,0.1
60,0.5,0.5,0.4,50,38,0.001,0.1
60,0.5,0.5,0.4,50,39,0.001,0.1
60,0.5,0.5,0.4,50,40,0.001,0.1
60,0.5,0.5,0.4,50,41,0.001,0.1
60,0.5,0.5,0.4,50,42,0.001,0.1
60,0.5,0.5,0.4,50,43,0.001,0.1
60,0.5,0.5,0.4,50,44,0.001,0.1
60,0.5,0.5,0.4,50,45,0.001,0.1
60,0.5,0.5,0.4,50,46,0.001,0.1
60,0.5,0.5,0.4,50,47,0.001,0.1
60,0.5,0.5,0.4,50,48,0.001,0.1
60,0.5,0.5,0.4,50,49,0.001,0.1
60,0.5,0.5,0.4,50,50,0.001,0.1
100,0.5,0.5,0.4,50,1,0.001,0.1
100,0.5,0.5,0.4,50,2,0.001,0.1
100,0.5,0.5,0.4,50,3,0.001,0.1
100,0.5,0.5,0.4,50,4,0.001,0.1
100,0.5,0.5,0.4,50,5,0.001,0.1
100,0.5,0.5,0.4,50,6,0.001,0.1
100,0.5,0.5,0.4,50,7,0.001,0.1
100,0.5,0.5,0.4,50,8,0.001,0.1
100,0.5,0.5,0.4,50,9,0.001,0.1
100,0.5,0.5,0.4,50,10,0.001,0.1
100,0.5,0.5,0.4,50,11,0.001,0.1
100,0.5,0.5,0.4,50,12,0.001,0.1
100,0.5,0.5,0.4,50,13,0.001,0.1
100,0.5,0.5,0.4,50,14,0.001,0.1
100,0.5,0.5,0.4,50,15,0.001,0.1
100,0.5,0.5,0.4,50,16,0.001,0.1
100,0.5,0.5,0.4,50,17,0.001,0.1
100,0.5,0.5,0.4,50,18,0.001,0.1
100,0.5,0.5,0.4,50,19,0.001,0.1
100,0.5,0.5,0.4,50,20,0.001,0.1
100,0.5,0.5,0.4,50,21,0.001,0.1
100,0.5,0.5,0.4,50,22,0.001,0.1
100,0.5,0.5,0.4,50,23,0.001,0.1
100,0.5,0.5,0.4,50,24,0.001,0.1
100,0.5,0.5,0.4,50,25,0.001,0.1
100,0.5,0.5,0.4,50,26,0.001,0.1
100,0.5,0.5,0.4,50,27,0.001,0.1
100,0.5,0.5,0.4,50,28,0.001,0.1
100,0.5,0.5,0.4,50,29,0.001,0.1
100,0.5,0.5,0.4,50,30,0.001,0.1
100,0.5,0.5,0.4,50,31,0.001,0.1
100,0.5,0.5,0.4,50,32,0.001,0.1
100,0.5,0.5,0.4,50,33,0.001,0.1
100,0.5,0.5,0.4,50,34,0.001,0.1
100,0.5,0.5,0.4,50,35,0.001,0.1
100,0.5,0.5,0.4,50,36,0.001,0.1
100,0.5,0.5,0.4,50,37,0.001,0.1
100,0.5,0.5,0.4,50,38,0.001,0.1
100,0.5,0.5,0.4,50,39,0.001,0.1
100,0.5,0.5,0.4,50,40,0.001,0.1
100,0.5,0.5,0.4,50,41,0.001,0.1
100,0.5,0.5,0.4,50,42,0.001,0.1
100,0.5,0.5,0.4,50,43,0.001,0.1
100,0.5,0.5,0.4,50,44,0.001,0.1
100,0.5,0.5,0.4,50,45,0.001,0.1
100,0.5,0.5,0.4,50,46,0.001,0.1
100,0.5,0.5,0.4,50,47,0.001,0.1
100,0.5,0.5,0.4,50,48,0.001,0.1
100,0.5,0.5,0.4,50,49,0.001,0.1
100,0.5,0.5,0.4,50,50,0.001,0.1
10,1,0.5,0.4,50,1,0.1,0.177827941003892
10,1,0.5,0.4,50,2,0.316227766016838,0.177827941003892
10,1,0.5,0.4,50,3,0.0749894209332456,0.177827941003892
10,1,0.5,0.4,50,4,0.1,0.177827941003892
10,1,0.5,0.4,50,5,0.177827941003892,0.177827941003892
10,1,0.5,0.4,50,6,0.237137370566165,0.177827941003892
10,1,0.5,0.4,50,7,0.133352143216332,0.177827941003892
10,1,0.5,0.4,50,8,0.0749894209332456,0.177827941003892
10,1,0.5,0.4,50,9,0.0421696503428582,0.177827941003892
10,1,0.5,0.4,50,10,0.0237137370566166,0.177827941003892
10,1,0.5,0.4,50,11,0.177827941003892,0.177827941003892
10,1,0.5,0.4,50,12,0.0177827941003892,0.177827941003892
10,1,0.5,0.4,50,13,0.177827941003892,0.177827941003892
10,1,0.5,0.4,50,14,0.0749894209332456,0.177827941003892
10,1,0.5,0.4,50,15,0.133352143216332,0.177827941003892
10,1,0.5,0.4,50,16,0.0421696503428582,0.177827941003892
10,1,0.5,0.4,50,17,0.001,0.177827941003892
10,1,0.5,0.4,50,18,0.177827941003892,0.177827941003892
10,1,0.5,0.4,50,19,0.237137370566165,0.177827941003892
10,1,0.5,0.4,50,20,0.0749894209332456,0.177827941003892
10,1,0.5,0.4,50,21,0.133352143216332,0.177827941003892
10,1,0.5,0.4,50,22,0.177827941003892,0.177827941003892
10,1,0.5,0.4,50,23,0.0562341325190349,0.177827941003892
10,1,0.5,0.4,50,24,0.133352143216332,0.177827941003892
10,1,0.5,0.4,50,25,0.0177827941003892,0.177827941003892
10,1,0.5,0.4,50,26,0.0562341325190349,0.177827941003892
10,1,0.5,0.4,50,27,0.237137370566165,0.177827941003892
10,1,0.5,0.4,50,28,0.001,0.177827941003892
10,1,0.5,0.4,50,29,0.133352143216332,0.177827941003892
10,1,0.5,0.4,50,30,0.0316227766016838,0.177827941003892
10,1,0.5,0.4,50,31,0.133352143216332,0.177827941003892
10,1,0.5,0.4,50,32,0.133352143216332,0.177827941003892
10,1,0.5,0.4,50,33,0.133352143216332,0.177827941003892
10,1,0.5,0.4,50,34,0.1,0.177827941003892
10,1,0.5,0.4,50,35,0.133352143216332,0.177827941003892
10,1,0.5,0.4,50,36,0.0749894209332456,0.177827941003892
10,1,0.5,0.4,50,37,0.133352143216332,0.177827941003892
10,1,0.5,0.4,50,38,0.177827941003892,0.177827941003892
10,1,0.5,0.4,50,39,0.177827941003892,0.177827941003892
10,1,0.5,0.4,50,40,0.0237137370566166,0.177827941003892
10,1,0.5,0.4,50,41,0.133352143216332,0.177827941003892
10,1,0.5,0.4,50,42,0.0749894209332456,0.177827941003892
10,1,0.5,0.4,50,43,0.0749894209332456,0.177827941003892
10,1,0.5,0.4,50,44,0.133352143216332,0.177827941003892
10,1,0.5,0.4,50,45,0.421696503428582,0.177827941003892
10,1,0.5,0.4,50,46,0.1,0.177827941003892
10,1,0.5,0.4,50,47,0.1,0.177827941003892
10,1,0.5,0.4,50,48,0.316227766016838,0.177827941003892
10,1,0.5,0.4,50,49,0.0562341325190349,0.177827941003892
10,1,0.5,0.4,50,50,0.001,0.177827941003892
30,1,0.5,0.4,50,1,0.0133352143216332,0.1
30,1,0.5,0.4,50,2,0.0562341325190349,0.1
30,1,0.5,0.4,50,3,0.0133352143216332,0.1
30,1,0.5,0.4,50,4,0.01,0.1
30,1,0.5,0.4,50,5,0.0421696503428582,0.1
30,1,0.5,0.4,50,6,0.0421696503428582,0.1
30,1,0.5,0.4,50,7,0.0237137370566166,0.1
30,1,0.5,0.4,50,8,0.0177827941003892,0.1
30,1,0.5,0.4,50,9,0.001,0.1
30,1,0.5,0.4,50,10,0.001,0.1
30,1,0.5,0.4,50,11,0.0421696503428582,0.1
30,1,0.5,0.4,50,12,0.00133352143216332,0.1
30,1,0.5,0.4,50,13,0.0237137370566166,0.1
30,1,0.5,0.4,50,14,0.00562341325190349,0.1
30,1,0.5,0.4,50,15,0.00562341325190349,0.1
30,1,0.5,0.4,50,16,0.00749894209332456,0.1
30,1,0.5,0.4,50,17,0.001,0.1
30,1,0.5,0.4,50,18,0.0316227766016838,0.1
30,1,0.5,0.4,50,19,0.0316227766016838,0.1
30,1,0.5,0.4,50,20,0.00177827941003892,0.1
30,1,0.5,0.4,50,21,0.0316227766016838,0.1
30,1,0.5,0.4,50,22,0.01,0.1
30,1,0.5,0.4,50,23,0.001,0.1
30,1,0.5,0.4,50,24,0.0177827941003892,0.1
30,1,0.5,0.4,50,25,0.001,0.1
30,1,0.5,0.4,50,26,0.00562341325190349,0.1
30,1,0.5,0.4,50,27,0.0421696503428582,0.1
30,1,0.5,0.4,50,28,0.001,0.1
30,1,0.5,0.4,50,29,0.0177827941003892,0.1
30,1,0.5,0.4,50,30,0.001,0.1
30,1,0.5,0.4,50,31,0.0177827941003892,0.1
30,1,0.5,0.4,50,32,0.0316227766016838,0.1
30,1,0.5,0.4,50,33,0.0177827941003892,0.1
30,1,0.5,0.4,50,34,0.00316227766016838,0.1
30,1,0.5,0.4,50,35,0.0133352143216332,0.1
30,1,0.5,0.4,50,36,0.00749894209332456,0.1
30,1,0.5,0.4,50,37,0.0177827941003892,0.1
30,1,0.5,0.4,50,38,0.0316227766016838,0.1
30,1,0.5,0.4,50,39,0.0133352143216332,0.1
30,1,0.5,0.4,50,40,0.001,0.1
30,1,0.5,0.4,50,41,0.0237137370566166,0.1
30,1,0.5,0.4,50,42,0.00421696503428582,0.1
30,1,0.5,0.4,50,43,0.0177827941003892,0.1
30,1,0.5,0.4,50,44,0.0316227766016838,0.1
30,1,0.5,0.4,50,45,0.0562341325190349,0.1
30,1,0.5,0.4,50,46,0.01,0.1
30,1,0.5,0.4,50,47,0.001,0.1
30,1,0.5,0.4,50,48,0.0749894209332456,0.1
30,1,0.5,0.4,50,49,0.0133352143216332,0.1
30,1,0.5,0.4,50,50,0.001,0.1
60,1,0.5,0.4,50,1,0.00177827941003892,0.0749894209332456
60,1,0.5,0.4,50,2,0.0316227766016838,0.0749894209332456
60,1,0.5,0.4,50,3,0.00562341325190349,0.0749894209332456
60,1,0.5,0.4,50,4,0.00316227766016838,0.0749894209332456
60,1,0.5,0.4,50,5,0.0177827941003892,0.0749894209332456
60,1,0.5,0.4,50,6,0.0237137370566166,0.0749894209332456
60,1,0.5,0.4,50,7,0.0133352143216332,0.0749894209332456
60,1,0.5,0.4,50,8,0.00237137370566166,0.0749894209332456
60,1,0.5,0.4,50,9,0.001,0.0749894209332456
60,1,0.5,0.4,50,10,0.001,0.0749894209332456
60,1,0.5,0.4,50,11,0.0177827941003892,0.0749894209332456
60,1,0.5,0.4,50,12,0.001,0.0749894209332456
60,1,0.5,0.4,50,13,0.00749894209332456,0.0749894209332456
60,1,0.5,0.4,50,14,0.001,0.0749894209332456
60,1,0.5,0.4,50,15,0.001,0.0749894209332456
60,1,0.5,0.4,50,16,0.00237137370566166,0.0749894209332456
60,1,0.5,0.4,50,17,0.001,0.0749894209332456
60,1,0.5,0.4,50,18,0.0133352143216332,0.0749894209332456
60,1,0.5,0.4,50,19,0.0177827941003892,0.0749894209332456
60,1,0.5,0.4,50,20,0.001,0.0749894209332456
60,1,0.5,0.4,50,21,0.01,0.0749894209332456
60,1,0.5,0.4,50,22,0.001,0.0749894209332456
60,1,0.5,0.4,50,23,0.001,0.0749894209332456
60,1,0.5,0.4,50,24,0.01,0.0749894209332456
60,1,0.5,0.4,50,25,0.001,0.0749894209332456
60,1,0.5,0.4,50,26,0.001,0.0749894209332456
60,1,0.5,0.4,50,27,0.0177827941003892,0.0749894209332456
60,1,0.5,0.4,50,28,0.001,0.0749894209332456
60,1,0.5,0.4,50,29,0.01,0.0749894209332456
60,1,0.5,0.4,50,30,0.001,0.0749894209332456
60,1,0.5,0.4,50,31,0.01,0.0749894209332456
60,1,0.5,0.4,50,32,0.0177827941003892,0.0749894209332456
60,1,0.5,0.4,50,33,0.00562341325190349,0.0749894209332456
60,1,0.5,0.4,50,34,0.001,0.0749894209332456
60,1,0.5,0.4,50,35,0.00421696503428582,0.0749894209332456
60,1,0.5,0.4,50,36,0.001,0.0749894209332456
60,1,0.5,0.4,50,37,0.00749894209332456,0.0749894209332456
60,1,0.5,0.4,50,38,0.0133352143216332,0.0749894209332456
60,1,0.5,0.4,50,39,0.00237137370566166,0.0749894209332456
60,1,0.5,0.4,50,40,0.001,0.0749894209332456
60,1,0.5,0.4,50,41,0.0133352143216332,0.0749894209332456
60,1,0.5,0.4,50,42,0.00133352143216332,0.0749894209332456
60,1,0.5,0.4,50,43,0.01,0.0749894209332456
60,1,0.5,0.4,50,44,0.0133352143216332,0.0749894209332456
60,1,0.5,0.4,50,45,0.0316227766016838,0.0749894209332456
60,1,0.5,0.4,50,46,0.00133352143216332,0.0749894209332456
60,1,0.5,0.4,50,47,0.001,0.0749894209332456
60,1,0.5,0.4,50,48,0.0421696503428582,0.0749894209332456
60,1,0.5,0.4,50,49,0.00562341325190349,0.0749894209332456
60,1,0.5,0.4,50,50,0.001,0.0749894209332456
100,1,0.5,0.4,50,1,0.001,0.0749894209332456
100,1,0.5,0.4,50,2,0.0237137370566166,0.0749894209332456
100,1,0.5,0.4,50,3,0.00316227766016838,0.0749894209332456
100,1,0.5,0.4,50,4,0.00177827941003892,0.0749894209332456
100,1,0.5,0.4,50,5,0.0133352143216332,0.0749894209332456
100,1,0.5,0.4,50,6,0.0177827941003892,0.0749894209332456
100,1,0.5,0.4,50,7,0.00749894209332456,0.0749894209332456
100,1,0.5,0.4,50,8,0.001,0.0749894209332456
100,1,0.5,0.4,50,9,0.001,0.0749894209332456
100,1,0.5,0.4,50,10,0.001,0.0749894209332456
100,1,0.5,0.4,50,11,0.0133352143216332,0.0749894209332456
100,1,0.5,0.4,50,12,0.001,0.0749894209332456
100,1,0.5,0.4,50,13,0.00421696503428582,0.0749894209332456
100,1,0.5,0.4,50,14,0.001,0.0749894209332456
100,1,0.5,0.4,50,15,0.001,0.0749894209332456
100,1,0.5,0.4,50,16,0.001,0.0749894209332456
100,1,0.5,0.4,50,17,0.001,0.0749894209332456
100,1,0.5,0.4,50,18,0.01,0.0749894209332456
100,1,0.5,0.4,50,19,0.00749894209332456,0.0749894209332456
100,1,0.5,0.4,50,20,0.001,0.0749894209332456
100,1,0.5,0.4,50,21,0.00749894209332456,0.0749894209332456
100,1,0.5,0.4,50,22,0.001,0.0749894209332456
100,1,0.5,0.4,50,23,0.001,0.0749894209332456
100,1,0.5,0.4,50,24,0.00562341325190349,0.0749894209332456
100,1,0.5,0.4,50,25,0.001,0.0749894209332456
100,1,0.5,0.4,50,26,0.001,0.0749894209332456
100,1,0.5,0.4,50,27,0.0133352143216332,0.0749894209332456
100,1,0.5,0.4,50,28,0.001,0.0749894209332456
100,1,0.5,0.4,50,29,0.00562341325190349,0.0749894209332456
100,1,0.5,0.4,50,30,0.001,0.0749894209332456
100,1,0.5,0.4,50,31,0.00562341325190349,0.0749894209332456
100,1,0.5,0.4,50,32,0.0133352143216332,0.0749894209332456
100,1,0.5,0.4,50,33,0.00316227766016838,0.0749894209332456
100,1,0.5,0.4,50,34,0.001,0.0749894209332456
100,1,0.5,0.4,50,35,0.001,0.0749894209332456
100,1,0.5,0.4,50,36,0.001,0.0749894209332456
100,1,0.5,0.4,50,37,0.00316227766016838,0.0749894209332456
100,1,0.5,0.4,50,38,0.00749894209332456,0.0749894209332456
100,1,0.5,0.4,50,39,0.001,0.0749894209332456
100,1,0.5,0.4,50,40,0.001,0.0749894209332456
100,1,0.5,0.4,50,41,0.00749894209332456,0.0749894209332456
100,1,0.5,0.4,50,42,0.00237137370566166,0.0749894209332456
100,1,0.5,0.4,50,43,0.00749894209332456,0.0749894209332456
100,1,0.5,0.4,50,44,0.01,0.0749894209332456
100,1,0.5,0.4,50,45,0.0237137370566166,0.0749894209332456
100,1,0.5,0.4,50,46,0.001,0.0749894209332456
100,1,0.5,0.4,50,47,0.001,0.0749894209332456
100,1,0.5,0.4,50,48,0.0237137370566166,0.0749894209332456
100,1,0.5,0.4,50,49,0.00562341325190349,0.0749894209332456
100,1,0.5,0.4,50,50,0.001,0.0749894209332456
10,1.5,0.5,0.4,50,1,NA,0.133352143216332
10,1.5,0.5,0.4,50,2,NA,0.133352143216332
10,1.5,0.5,0.4,50,3,NA,0.133352143216332
10,1.5,0.5,0.4,50,4,NA,0.133352143216332
10,1.5,0.5,0.4,50,5,NA,0.133352143216332
10,1.5,0.5,0.4,50,6,NA,0.133352143216332
10,1.5,0.5,0.4,50,7,NA,0.133352143216332
10,1.5,0.5,0.4,50,8,NA,0.133352143216332
10,1.5,0.5,0.4,50,9,NA,0.133352143216332
10,1.5,0.5,0.4,50,10,NA,0.133352143216332
10,1.5,0.5,0.4,50,11,NA,0.133352143216332
10,1.5,0.5,0.4,50,12,NA,0.133352143216332
10,1.5,0.5,0.4,50,13,NA,0.133352143216332
10,1.5,0.5,0.4,50,14,NA,0.133352143216332
10,1.5,0.5,0.4,50,15,NA,0.133352143216332
10,1.5,0.5,0.4,50,16,NA,0.133352143216332
10,1.5,0.5,0.4,50,17,0.001,0.133352143216332
10,1.5,0.5,0.4,50,18,NA,0.133352143216332
10,1.5,0.5,0.4,50,19,NA,0.133352143216332
10,1.5,0.5,0.4,50,20,NA,0.133352143216332
10,1.5,0.5,0.4,50,21,NA,0.133352143216332
10,1.5,0.5,0.4,50,22,NA,0.133352143216332
10,1.5,0.5,0.4,50,23,NA,0.133352143216332
10,1.5,0.5,0.4,50,24,NA,0.133352143216332
10,1.5,0.5,0.4,50,25,NA,0.133352143216332
10,1.5,0.5,0.4,50,26,NA,0.133352143216332
10,1.5,0.5,0.4,50,27,NA,0.133352143216332
10,1.5,0.5,0.4,50,28,0.177827941003892,0.133352143216332
10,1.5,0.5,0.4,50,29,NA,0.133352143216332
10,1.5,0.5,0.4,50,30,1,0.133352143216332
10,1.5,0.5,0.4,50,31,NA,0.133352143216332
10,1.5,0.5,0.4,50,32,NA,0.133352143216332
10,1.5,0.5,0.4,50,33,NA,0.133352143216332
10,1.5,0.5,0.4,50,34,NA,0.133352143216332
10,1.5,0.5,0.4,50,35,NA,0.133352143216332
10,1.5,0.5,0.4,50,36,NA,0.133352143216332
10,1.5,0.5,0.4,50,37,NA,0.133352143216332
10,1.5,0.5,0.4,50,38,NA,0.133352143216332
10,1.5,0.5,0.4,50,39,NA,0.133352143216332
10,1.5,0.5,0.4,50,40,NA,0.133352143216332
10,1.5,0.5,0.4,50,41,NA,0.133352143216332
10,1.5,0.5,0.4,50,42,NA,0.133352143216332
10,1.5,0.5,0.4,50,43,NA,0.133352143216332
10,1.5,0.5,0.4,50,44,NA,0.133352143216332
10,1.5,0.5,0.4,50,45,NA,0.133352143216332
10,1.5,0.5,0.4,50,46,NA,0.133352143216332
10,1.5,0.5,0.4,50,47,NA,0.133352143216332
10,1.5,0.5,0.4,50,48,NA,0.133352143216332
10,1.5,0.5,0.4,50,49,NA,0.133352143216332
10,1.5,0.5,0.4,50,50,0.421696503428582,0.133352143216332
30,1.5,0.5,0.4,50,1,0.562341325190349,0.0749894209332456
30,1.5,0.5,0.4,50,2,NA,0.0749894209332456
30,1.5,0.5,0.4,50,3,0.316227766016838,0.0749894209332456
30,1.5,0.5,0.4,50,4,0.421696503428582,0.0749894209332456
30,1.5,0.5,0.4,50,5,1,0.0749894209332456
30,1.5,0.5,0.4,50,6,1,0.0749894209332456
30,1.5,0.5,0.4,50,7,0.562341325190349,0.0749894209332456
30,1.5,0.5,0.4,50,8,0.421696503428582,0.0749894209332456
30,1.5,0.5,0.4,50,9,0.237137370566165,0.0749894209332456
30,1.5,0.5,0.4,50,10,0.133352143216332,0.0749894209332456
30,1.5,0.5,0.4,50,11,0.749894209332455,0.0749894209332456
30,1.5,0.5,0.4,50,12,0.177827941003892,0.0749894209332456
30,1.5,0.5,0.4,50,13,0.749894209332455,0.0749894209332456
30,1.5,0.5,0.4,50,14,0.237137370566165,0.0749894209332456
30,1.5,0.5,0.4,50,15,0.749894209332455,0.0749894209332456
30,1.5,0.5,0.4,50,16,0.237137370566165,0.0749894209332456
30,1.5,0.5,0.4,50,17,0.001,0.0749894209332456
30,1.5,0.5,0.4,50,18,0.749894209332455,0.0749894209332456
30,1.5,0.5,0.4,50,19,1,0.0749894209332456
30,1.5,0.5,0.4,50,20,0.237137370566165,0.0749894209332456
30,1.5,0.5,0.4,50,21,1,0.0749894209332456
30,1.5,0.5,0.4,50,22,0.562341325190349,0.0749894209332456
30,1.5,0.5,0.4,50,23,0.177827941003892,0.0749894209332456
30,1.5,0.5,0.4,50,24,0.562341325190349,0.0749894209332456
30,1.5,0.5,0.4,50,25,0.133352143216332,0.0749894209332456
30,1.5,0.5,0.4,50,26,0.177827941003892,0.0749894209332456
30,1.5,0.5,0.4,50,27,1,0.0749894209332456
30,1.5,0.5,0.4,50,28,0.1,0.0749894209332456
30,1.5,0.5,0.4,50,29,0.562341325190349,0.0749894209332456
30,1.5,0.5,0.4,50,30,0.177827941003892,0.0749894209332456
30,1.5,0.5,0.4,50,31,0.421696503428582,0.0749894209332456
30,1.5,0.5,0.4,50,32,0.562341325190349,0.0749894209332456
30,1.5,0.5,0.4,50,33,0.749894209332455,0.0749894209332456
30,1.5,0.5,0.4,50,34,0.316227766016838,0.0749894209332456
30,1.5,0.5,0.4,50,35,0.749894209332455,0.0749894209332456
30,1.5,0.5,0.4,50,36,0.316227766016838,0.0749894209332456
30,1.5,0.5,0.4,50,37,0.562341325190349,0.0749894209332456
30,1.5,0.5,0.4,50,38,0.749894209332455,0.0749894209332456
30,1.5,0.5,0.4,50,39,0.749894209332455,0.0749894209332456
30,1.5,0.5,0.4,50,40,0.133352143216332,0.0749894209332456
30,1.5,0.5,0.4,50,41,0.562341325190349,0.0749894209332456
30,1.5,0.5,0.4,50,42,0.421696503428582,0.0749894209332456
30,1.5,0.5,0.4,50,43,0.421696503428582,0.0749894209332456
30,1.5,0.5,0.4,50,44,0.749894209332455,0.0749894209332456
30,1.5,0.5,0.4,50,45,NA,0.0749894209332456
30,1.5,0.5,0.4,50,46,0.421696503428582,0.0749894209332456
30,1.5,0.5,0.4,50,47,0.421696503428582,0.0749894209332456
30,1.5,0.5,0.4,50,48,NA,0.0749894209332456
30,1.5,0.5,0.4,50,49,0.237137370566165,0.0749894209332456
30,1.5,0.5,0.4,50,50,0.0562341325190349,0.0749894209332456
60,1.5,0.5,0.4,50,1,0.177827941003892,0.0562341325190349
60,1.5,0.5,0.4,50,2,0.562341325190349,0.0562341325190349
60,1.5,0.5,0.4,50,3,0.133352143216332,0.0562341325190349
60,1.5,0.5,0.4,50,4,0.133352143216332,0.0749894209332456
60,1.5,0.5,0.4,50,5,0.316227766016838,0.0562341325190349
60,1.5,0.5,0.4,50,6,0.316227766016838,0.0562341325190349
60,1.5,0.5,0.4,50,7,0.237137370566165,0.0562341325190349
60,1.5,0.5,0.4,50,8,0.133352143216332,0.0562341325190349
60,1.5,0.5,0.4,50,9,0.1,0.0562341325190349
60,1.5,0.5,0.4,50,10,0.0562341325190349,0.0562341325190349
60,1.5,0.5,0.4,50,11,0.316227766016838,0.0562341325190349
60,1.5,0.5,0.4,50,12,0.1,0.0562341325190349
60,1.5,0.5,0.4,50,13,0.177827941003892,0.0562341325190349
60,1.5,0.5,0.4,50,14,0.1,0.0562341325190349
60,1.5,0.5,0.4,50,15,0.133352143216332,0.0562341325190349
60,1.5,0.5,0.4,50,16,0.1,0.0562341325190349
60,1.5,0.5,0.4,50,17,0.00316227766016838,0.0562341325190349
60,1.5,0.5,0.4,50,18,0.316227766016838,0.0562341325190349
60,1.5,0.5,0.4,50,19,0.316227766016838,0.0562341325190349
60,1.5,0.5,0.4,50,20,0.0749894209332456,0.0562341325190349
60,1.5,0.5,0.4,50,21,0.237137370566165,0.0562341325190349
60,1.5,0.5,0.4,50,22,0.133352143216332,0.0562341325190349
60,1.5,0.5,0.4,50,23,0.0749894209332456,0.0749894209332456
60,1.5,0.5,0.4,50,24,0.177827941003892,0.0562341325190349
60,1.5,0.5,0.4,50,25,0.0749894209332456,0.0562341325190349
60,1.5,0.5,0.4,50,26,0.0749894209332456,0.0562341325190349
60,1.5,0.5,0.4,50,27,0.237137370566165,0.0562341325190349
60,1.5,0.5,0.4,50,28,0.0749894209332456,0.0562341325190349
60,1.5,0.5,0.4,50,29,0.177827941003892,0.0562341325190349
60,1.5,0.5,0.4,50,30,0.0749894209332456,0.0562341325190349
60,1.5,0.5,0.4,50,31,0.177827941003892,0.0562341325190349
60,1.5,0.5,0.4,50,32,0.237137370566165,0.0562341325190349
60,1.5,0.5,0.4,50,33,0.177827941003892,0.0562341325190349
60,1.5,0.5,0.4,50,34,0.1,0.0562341325190349
60,1.5,0.5,0.4,50,35,0.177827941003892,0.0562341325190349
60,1.5,0.5,0.4,50,36,0.1,0.0562341325190349
60,1.5,0.5,0.4,50,37,0.177827941003892,0.0749894209332456
60,1.5,0.5,0.4,50,38,0.237137370566165,0.0749894209332456
60,1.5,0.5,0.4,50,39,0.177827941003892,0.0562341325190349
60,1.5,0.5,0.4,50,40,0.0749894209332456,0.0562341325190349
60,1.5,0.5,0.4,50,41,0.237137370566165,0.0562341325190349
60,1.5,0.5,0.4,50,42,0.133352143216332,0.0562341325190349
60,1.5,0.5,0.4,50,43,0.133352143216332,0.0562341325190349
60,1.5,0.5,0.4,50,44,0.237137370566165,0.0562341325190349
60,1.5,0.5,0.4,50,45,0.562341325190349,0.0562341325190349
60,1.5,0.5,0.4,50,46,0.133352143216332,0.0562341325190349
60,1.5,0.5,0.4,50,47,0.1,0.0562341325190349
60,1.5,0.5,0.4,50,48,0.562341325190349,0.0562341325190349
60,1.5,0.5,0.4,50,49,0.133352143216332,0.0562341325190349
60,1.5,0.5,0.4,50,50,0.0316227766016838,0.0562341325190349
100,1.5,0.5,0.4,50,1,0.1,0.0562341325190349
100,1.5,0.5,0.4,50,2,0.316227766016838,0.0562341325190349
100,1.5,0.5,0.4,50,3,0.0749894209332456,0.0562341325190349
100,1.5,0.5,0.4,50,4,0.0749894209332456,0.0562341325190349
100,1.5,0.5,0.4,50,5,0.177827941003892,0.0562341325190349
100,1.5,0.5,0.4,50,6,0.177827941003892,0.0562341325190349
100,1.5,0.5,0.4,50,7,0.133352143216332,0.0562341325190349
100,1.5,0.5,0.4,50,8,0.0749894209332456,0.0562341325190349
100,1.5,0.5,0.4,50,9,0.0749894209332456,0.0562341325190349
100,1.5,0.5,0.4,50,10,0.0316227766016838,0.0562341325190349
100,1.5,0.5,0.4,50,11,0.177827941003892,0.0562341325190349
100,1.5,0.5,0.4,50,12,0.0749894209332456,0.0562341325190349
100,1.5,0.5,0.4,50,13,0.1,0.0562341325190349
100,1.5,0.5,0.4,50,14,0.0749894209332456,0.0562341325190349
100,1.5,0.5,0.4,50,15,0.0749894209332456,0.0562341325190349
100,1.5,0.5,0.4,50,16,0.0749894209332456,0.0562341325190349
100,1.5,0.5,0.4,50,17,0.00562341325190349,0.0562341325190349
100,1.5,0.5,0.4,50,18,0.133352143216332,0.0562341325190349
100,1.5,0.5,0.4,50,19,0.177827941003892,0.0562341325190349
100,1.5,0.5,0.4,50,20,0.0421696503428582,0.0562341325190349
100,1.5,0.5,0.4,50,21,0.133352143216332,0.0562341325190349
100,1.5,0.5,0.4,50,22,0.0749894209332456,0.0562341325190349
100,1.5,0.5,0.4,50,23,0.0421696503428582,0.0562341325190349
100,1.5,0.5,0.4,50,24,0.1,0.0562341325190349
100,1.5,0.5,0.4,50,25,0.0421696503428582,0.0562341325190349
100,1.5,0.5,0.4,50,26,0.0562341325190349,0.0562341325190349
100,1.5,0.5,0.4,50,27,0.177827941003892,0.0562341325190349
100,1.5,0.5,0.4,50,28,0.0562341325190349,0.0562341325190349
100,1.5,0.5,0.4,50,29,0.1,0.0562341325190349
100,1.5,0.5,0.4,50,30,0.0421696503428582,0.0562341325190349
100,1.5,0.5,0.4,50,31,0.1,0.0562341325190349
100,1.5,0.5,0.4,50,32,0.177827941003892,0.0562341325190349
100,1.5,0.5,0.4,50,33,0.1,0.0562341325190349
100,1.5,0.5,0.4,50,34,0.0562341325190349,0.0562341325190349
100,1.5,0.5,0.4,50,35,0.1,0.0562341325190349
100,1.5,0.5,0.4,50,36,0.0749894209332456,0.0562341325190349
100,1.5,0.5,0.4,50,37,0.1,0.0562341325190349
100,1.5,0.5,0.4,50,38,0.133352143216332,0.0562341325190349
100,1.5,0.5,0.4,50,39,0.1,0.0562341325190349
100,1.5,0.5,0.4,50,40,0.0421696503428582,0.0562341325190349
100,1.5,0.5,0.4,50,41,0.133352143216332,0.0562341325190349
100,1.5,0.5,0.4,50,42,0.0749894209332456,0.0562341325190349
100,1.5,0.5,0.4,50,43,0.1,0.0562341325190349
100,1.5,0.5,0.4,50,44,0.133352143216332,0.0562341325190349
100,1.5,0.5,0.4,50,45,0.316227766016838,0.0562341325190349
100,1.5,0.5,0.4,50,46,0.0749894209332456,0.0562341325190349
100,1.5,0.5,0.4,50,47,0.0749894209332456,0.0562341325190349
100,1.5,0.5,0.4,50,48,0.316227766016838,0.0562341325190349
100,1.5,0.5,0.4,50,49,0.1,0.0562341325190349
100,1.5,0.5,0.4,50,50,0.0237137370566166,0.0562341325190349
10,0.5,0.6,0.4,50,1,0.001,0.316227766016838
10,0.5,0.6,0.4,50,2,0.001,0.316227766016838
10,0.5,0.6,0.4,50,3,0.001,0.316227766016838
10,0.5,0.6,0.4,50,4,0.001,0.316227766016838
10,0.5,0.6,0.4,50,5,0.001,0.316227766016838
10,0.5,0.6,0.4,50,6,0.001,0.316227766016838
10,0.5,0.6,0.4,50,7,0.001,0.316227766016838
10,0.5,0.6,0.4,50,8,0.001,0.316227766016838
10,0.5,0.6,0.4,50,9,0.001,0.316227766016838
10,0.5,0.6,0.4,50,10,0.001,0.316227766016838
10,0.5,0.6,0.4,50,11,0.001,0.316227766016838
10,0.5,0.6,0.4,50,12,0.001,0.316227766016838
10,0.5,0.6,0.4,50,13,0.001,0.316227766016838
10,0.5,0.6,0.4,50,14,0.001,0.316227766016838
10,0.5,0.6,0.4,50,15,0.001,0.316227766016838
10,0.5,0.6,0.4,50,16,0.001,0.316227766016838
10,0.5,0.6,0.4,50,17,0.001,0.316227766016838
10,0.5,0.6,0.4,50,18,0.001,0.316227766016838
10,0.5,0.6,0.4,50,19,0.001,0.316227766016838
10,0.5,0.6,0.4,50,20,0.001,0.316227766016838
10,0.5,0.6,0.4,50,21,0.001,0.316227766016838
10,0.5,0.6,0.4,50,22,0.001,0.316227766016838
10,0.5,0.6,0.4,50,23,0.001,0.316227766016838
10,0.5,0.6,0.4,50,24,0.001,0.316227766016838
10,0.5,0.6,0.4,50,25,0.001,0.316227766016838
10,0.5,0.6,0.4,50,26,0.001,0.316227766016838
10,0.5,0.6,0.4,50,27,0.001,0.316227766016838
10,0.5,0.6,0.4,50,28,0.001,0.316227766016838
10,0.5,0.6,0.4,50,29,0.001,0.316227766016838
10,0.5,0.6,0.4,50,30,0.001,0.316227766016838
10,0.5,0.6,0.4,50,31,0.001,0.316227766016838
10,0.5,0.6,0.4,50,32,0.001,0.316227766016838
10,0.5,0.6,0.4,50,33,0.001,0.316227766016838
10,0.5,0.6,0.4,50,34,0.001,0.316227766016838
10,0.5,0.6,0.4,50,35,0.001,0.316227766016838
10,0.5,0.6,0.4,50,36,0.001,0.316227766016838
10,0.5,0.6,0.4,50,37,0.001,0.316227766016838
10,0.5,0.6,0.4,50,38,0.001,0.316227766016838
10,0.5,0.6,0.4,50,39,0.001,0.316227766016838
10,0.5,0.6,0.4,50,40,0.001,0.316227766016838
10,0.5,0.6,0.4,50,41,0.001,0.316227766016838
10,0.5,0.6,0.4,50,42,0.001,0.316227766016838
10,0.5,0.6,0.4,50,43,0.001,0.316227766016838
10,0.5,0.6,0.4,50,44,0.001,0.316227766016838
10,0.5,0.6,0.4,50,45,0.001,0.316227766016838
10,0.5,0.6,0.4,50,46,0.001,0.316227766016838
10,0.5,0.6,0.4,50,47,0.001,0.316227766016838
10,0.5,0.6,0.4,50,48,0.001,0.316227766016838
10,0.5,0.6,0.4,50,49,0.001,0.316227766016838
10,0.5,0.6,0.4,50,50,0.001,0.316227766016838
30,0.5,0.6,0.4,50,1,0.001,0.133352143216332
30,0.5,0.6,0.4,50,2,0.001,0.133352143216332
30,0.5,0.6,0.4,50,3,0.001,0.133352143216332
30,0.5,0.6,0.4,50,4,0.001,0.177827941003892
30,0.5,0.6,0.4,50,5,0.001,0.133352143216332
30,0.5,0.6,0.4,50,6,0.001,0.133352143216332
30,0.5,0.6,0.4,50,7,0.001,0.133352143216332
30,0.5,0.6,0.4,50,8,0.001,0.133352143216332
30,0.5,0.6,0.4,50,9,0.001,0.133352143216332
30,0.5,0.6,0.4,50,10,0.001,0.133352143216332
30,0.5,0.6,0.4,50,11,0.001,0.133352143216332
30,0.5,0.6,0.4,50,12,0.001,0.133352143216332
30,0.5,0.6,0.4,50,13,0.001,0.133352143216332
30,0.5,0.6,0.4,50,14,0.001,0.133352143216332
30,0.5,0.6,0.4,50,15,0.001,0.177827941003892
30,0.5,0.6,0.4,50,16,0.001,0.133352143216332
30,0.5,0.6,0.4,50,17,0.001,0.177827941003892
30,0.5,0.6,0.4,50,18,0.001,0.133352143216332
30,0.5,0.6,0.4,50,19,0.001,0.133352143216332
30,0.5,0.6,0.4,50,20,0.001,0.133352143216332
30,0.5,0.6,0.4,50,21,0.001,0.133352143216332
30,0.5,0.6,0.4,50,22,0.001,0.177827941003892
30,0.5,0.6,0.4,50,23,0.001,0.177827941003892
30,0.5,0.6,0.4,50,24,0.001,0.177827941003892
30,0.5,0.6,0.4,50,25,0.001,0.133352143216332
30,0.5,0.6,0.4,50,26,0.001,0.133352143216332
30,0.5,0.6,0.4,50,27,0.001,0.133352143216332
30,0.5,0.6,0.4,50,28,0.001,0.133352143216332
30,0.5,0.6,0.4,50,29,0.001,0.133352143216332
30,0.5,0.6,0.4,50,30,0.001,0.177827941003892
30,0.5,0.6,0.4,50,31,0.001,0.133352143216332
30,0.5,0.6,0.4,50,32,0.001,0.177827941003892
30,0.5,0.6,0.4,50,33,0.001,0.133352143216332
30,0.5,0.6,0.4,50,34,0.001,0.133352143216332
30,0.5,0.6,0.4,50,35,0.001,0.133352143216332
30,0.5,0.6,0.4,50,36,0.001,0.133352143216332
30,0.5,0.6,0.4,50,37,0.001,0.133352143216332
30,0.5,0.6,0.4,50,38,0.001,0.177827941003892
30,0.5,0.6,0.4,50,39,0.001,0.133352143216332
30,0.5,0.6,0.4,50,40,0.001,0.133352143216332
30,0.5,0.6,0.4,50,41,0.001,0.133352143216332
30,0.5,0.6,0.4,50,42,0.001,0.133352143216332
30,0.5,0.6,0.4,50,43,0.001,0.133352143216332
30,0.5,0.6,0.4,50,44,0.001,0.177827941003892
30,0.5,0.6,0.4,50,45,0.001,0.133352143216332
30,0.5,0.6,0.4,50,46,0.001,0.133352143216332
30,0.5,0.6,0.4,50,47,0.001,0.133352143216332
30,0.5,0.6,0.4,50,48,0.001,0.133352143216332
30,0.5,0.6,0.4,50,49,0.001,0.177827941003892
30,0.5,0.6,0.4,50,50,0.001,0.133352143216332
60,0.5,0.6,0.4,50,1,0.001,0.133352143216332
60,0.5,0.6,0.4,50,2,0.001,0.133352143216332
60,0.5,0.6,0.4,50,3,0.001,0.133352143216332
60,0.5,0.6,0.4,50,4,0.001,0.133352143216332
60,0.5,0.6,0.4,50,5,0.001,0.133352143216332
60,0.5,0.6,0.4,50,6,0.001,0.133352143216332
60,0.5,0.6,0.4,50,7,0.001,0.133352143216332
60,0.5,0.6,0.4,50,8,0.001,0.133352143216332
60,0.5,0.6,0.4,50,9,0.001,0.133352143216332
60,0.5,0.6,0.4,50,10,0.001,0.133352143216332
60,0.5,0.6,0.4,50,11,0.001,0.133352143216332
60,0.5,0.6,0.4,50,12,0.001,0.133352143216332
60,0.5,0.6,0.4,50,13,0.001,0.133352143216332
60,0.5,0.6,0.4,50,14,0.001,0.133352143216332
60,0.5,0.6,0.4,50,15,0.001,0.133352143216332
60,0.5,0.6,0.4,50,16,0.001,0.133352143216332
60,0.5,0.6,0.4,50,17,0.001,0.133352143216332
60,0.5,0.6,0.4,50,18,0.001,0.133352143216332
60,0.5,0.6,0.4,50,19,0.001,0.133352143216332
60,0.5,0.6,0.4,50,20,0.001,0.133352143216332
60,0.5,0.6,0.4,50,21,0.001,0.133352143216332
60,0.5,0.6,0.4,50,22,0.001,0.133352143216332
60,0.5,0.6,0.4,50,23,0.001,0.133352143216332
60,0.5,0.6,0.4,50,24,0.001,0.133352143216332
60,0.5,0.6,0.4,50,25,0.001,0.133352143216332
60,0.5,0.6,0.4,50,26,0.001,0.133352143216332
60,0.5,0.6,0.4,50,27,0.001,0.133352143216332
60,0.5,0.6,0.4,50,28,0.001,0.133352143216332
60,0.5,0.6,0.4,50,29,0.001,0.133352143216332
60,0.5,0.6,0.4,50,30,0.001,0.133352143216332
60,0.5,0.6,0.4,50,31,0.001,0.133352143216332
60,0.5,0.6,0.4,50,32,0.001,0.133352143216332
60,0.5,0.6,0.4,50,33,0.001,0.133352143216332
60,0.5,0.6,0.4,50,34,0.001,0.133352143216332
60,0.5,0.6,0.4,50,35,0.001,0.133352143216332
60,0.5,0.6,0.4,50,36,0.001,0.133352143216332
60,0.5,0.6,0.4,50,37,0.001,0.133352143216332
60,0.5,0.6,0.4,50,38,0.001,0.133352143216332
60,0.5,0.6,0.4,50,39,0.001,0.133352143216332
60,0.5,0.6,0.4,50,40,0.001,0.133352143216332
60,0.5,0.6,0.4,50,41,0.001,0.133352143216332
60,0.5,0.6,0.4,50,42,0.001,0.133352143216332
60,0.5,0.6,0.4,50,43,0.001,0.133352143216332
60,0.5,0.6,0.4,50,44,0.001,0.133352143216332
60,0.5,0.6,0.4,50,45,0.001,0.133352143216332
60,0.5,0.6,0.4,50,46,0.001,0.133352143216332
60,0.5,0.6,0.4,50,47,0.001,0.133352143216332
60,0.5,0.6,0.4,50,48,0.001,0.133352143216332
60,0.5,0.6,0.4,50,49,0.001,0.133352143216332
60,0.5,0.6,0.4,50,50,0.001,0.133352143216332
100,0.5,0.6,0.4,50,1,0.001,0.1
100,0.5,0.6,0.4,50,2,0.001,0.1
100,0.5,0.6,0.4,50,3,0.001,0.1
100,0.5,0.6,0.4,50,4,0.001,0.1
100,0.5,0.6,0.4,50,5,0.001,0.1
100,0.5,0.6,0.4,50,6,0.001,0.1
100,0.5,0.6,0.4,50,7,0.001,0.1
100,0.5,0.6,0.4,50,8,0.001,0.1
100,0.5,0.6,0.4,50,9,0.001,0.1
100,0.5,0.6,0.4,50,10,0.001,0.1
100,0.5,0.6,0.4,50,11,0.001,0.1
100,0.5,0.6,0.4,50,12,0.001,0.1
100,0.5,0.6,0.4,50,13,0.001,0.1
100,0.5,0.6,0.4,50,14,0.001,0.1
100,0.5,0.6,0.4,50,15,0.001,0.1
100,0.5,0.6,0.4,50,16,0.001,0.1
100,0.5,0.6,0.4,50,17,0.001,0.1
100,0.5,0.6,0.4,50,18,0.001,0.1
100,0.5,0.6,0.4,50,19,0.001,0.1
100,0.5,0.6,0.4,50,20,0.001,0.1
100,0.5,0.6,0.4,50,21,0.001,0.1
100,0.5,0.6,0.4,50,22,0.001,0.1
100,0.5,0.6,0.4,50,23,0.001,0.1
100,0.5,0.6,0.4,50,24,0.001,0.1
100,0.5,0.6,0.4,50,25,0.001,0.1
100,0.5,0.6,0.4,50,26,0.001,0.1
100,0.5,0.6,0.4,50,27,0.001,0.1
100,0.5,0.6,0.4,50,28,0.001,0.1
100,0.5,0.6,0.4,50,29,0.001,0.1
100,0.5,0.6,0.4,50,30,0.001,0.1
100,0.5,0.6,0.4,50,31,0.001,0.1
100,0.5,0.6,0.4,50,32,0.001,0.1
100,0.5,0.6,0.4,50,33,0.001,0.1
100,0.5,0.6,0.4,50,34,0.001,0.1
100,0.5,0.6,0.4,50,35,0.001,0.1
100,0.5,0.6,0.4,50,36,0.001,0.1
100,0.5,0.6,0.4,50,37,0.001,0.1
100,0.5,0.6,0.4,50,38,0.001,0.1
100,0.5,0.6,0.4,50,39,0.001,0.1
100,0.5,0.6,0.4,50,40,0.001,0.1
100,0.5,0.6,0.4,50,41,0.001,0.1
100,0.5,0.6,0.4,50,42,0.001,0.1
100,0.5,0.6,0.4,50,43,0.001,0.1
100,0.5,0.6,0.4,50,44,0.001,0.1
100,0.5,0.6,0.4,50,45,0.001,0.1
100,0.5,0.6,0.4,50,46,0.001,0.1
100,0.5,0.6,0.4,50,47,0.001,0.1
100,0.5,0.6,0.4,50,48,0.001,0.1
100,0.5,0.6,0.4,50,49,0.001,0.1
100,0.5,0.6,0.4,50,50,0.001,0.1
10,1,0.6,0.4,50,1,0.001,0.177827941003892
10,1,0.6,0.4,50,2,0.01,0.177827941003892
10,1,0.6,0.4,50,3,0.001,0.177827941003892
10,1,0.6,0.4,50,4,0.001,0.177827941003892
10,1,0.6,0.4,50,5,0.0177827941003892,0.177827941003892
10,1,0.6,0.4,50,6,0.00421696503428582,0.177827941003892
10,1,0.6,0.4,50,7,0.00562341325190349,0.177827941003892
10,1,0.6,0.4,50,8,0.001,0.177827941003892
10,1,0.6,0.4,50,9,0.001,0.177827941003892
10,1,0.6,0.4,50,10,0.001,0.177827941003892
10,1,0.6,0.4,50,11,0.001,0.177827941003892
10,1,0.6,0.4,50,12,0.001,0.177827941003892
10,1,0.6,0.4,50,13,0.001,0.177827941003892
10,1,0.6,0.4,50,14,0.001,0.177827941003892
10,1,0.6,0.4,50,15,0.001,0.177827941003892
10,1,0.6,0.4,50,16,0.001,0.177827941003892
10,1,0.6,0.4,50,17,0.001,0.177827941003892
10,1,0.6,0.4,50,18,0.001,0.177827941003892
10,1,0.6,0.4,50,19,0.001,0.177827941003892
10,1,0.6,0.4,50,20,0.001,0.177827941003892
10,1,0.6,0.4,50,21,0.001,0.177827941003892
10,1,0.6,0.4,50,22,0.001,0.177827941003892
10,1,0.6,0.4,50,23,0.001,0.177827941003892
10,1,0.6,0.4,50,24,0.01,0.177827941003892
10,1,0.6,0.4,50,25,0.001,0.177827941003892
10,1,0.6,0.4,50,26,0.001,0.177827941003892
10,1,0.6,0.4,50,27,0.001,0.177827941003892
10,1,0.6,0.4,50,28,0.001,0.177827941003892
10,1,0.6,0.4,50,29,0.001,0.177827941003892
10,1,0.6,0.4,50,30,0.001,0.177827941003892
10,1,0.6,0.4,50,31,0.001,0.177827941003892
10,1,0.6,0.4,50,32,0.00421696503428582,0.177827941003892
10,1,0.6,0.4,50,33,0.00237137370566166,0.177827941003892
10,1,0.6,0.4,50,34,0.001,0.177827941003892
10,1,0.6,0.4,50,35,0.001,0.177827941003892
10,1,0.6,0.4,50,36,0.001,0.177827941003892
10,1,0.6,0.4,50,37,0.001,0.177827941003892
10,1,0.6,0.4,50,38,0.001,0.177827941003892
10,1,0.6,0.4,50,39,0.001,0.177827941003892
10,1,0.6,0.4,50,40,0.001,0.177827941003892
10,1,0.6,0.4,50,41,0.001,0.177827941003892
10,1,0.6,0.4,50,42,0.001,0.177827941003892
10,1,0.6,0.4,50,43,0.001,0.177827941003892
10,1,0.6,0.4,50,44,0.00749894209332456,0.177827941003892
10,1,0.6,0.4,50,45,0.001,0.177827941003892
10,1,0.6,0.4,50,46,0.001,0.177827941003892
10,1,0.6,0.4,50,47,0.001,0.177827941003892
10,1,0.6,0.4,50,48,0.001,0.177827941003892
10,1,0.6,0.4,50,49,0.00421696503428582,0.177827941003892
10,1,0.6,0.4,50,50,0.001,0.177827941003892
30,1,0.6,0.4,50,1,0.001,0.1
30,1,0.6,0.4,50,2,0.001,0.1
30,1,0.6,0.4,50,3,0.001,0.1
30,1,0.6,0.4,50,4,0.001,0.1
30,1,0.6,0.4,50,5,0.001,0.1
30,1,0.6,0.4,50,6,0.001,0.1
30,1,0.6,0.4,50,7,0.001,0.1
30,1,0.6,0.4,50,8,0.001,0.1
30,1,0.6,0.4,50,9,0.001,0.1
30,1,0.6,0.4,50,10,0.001,0.1
30,1,0.6,0.4,50,11,0.001,0.1
30,1,0.6,0.4,50,12,0.001,0.1
30,1,0.6,0.4,50,13,0.001,0.1
30,1,0.6,0.4,50,14,0.001,0.1
30,1,0.6,0.4,50,15,0.001,0.1
30,1,0.6,0.4,50,16,0.001,0.1
30,1,0.6,0.4,50,17,0.001,0.1
30,1,0.6,0.4,50,18,0.001,0.1
30,1,0.6,0.4,50,19,0.001,0.1
30,1,0.6,0.4,50,20,0.001,0.1
30,1,0.6,0.4,50,21,0.001,0.1
30,1,0.6,0.4,50,22,0.001,0.1
30,1,0.6,0.4,50,23,0.001,0.1
30,1,0.6,0.4,50,24,0.001,0.1
30,1,0.6,0.4,50,25,0.001,0.1
30,1,0.6,0.4,50,26,0.001,0.1
30,1,0.6,0.4,50,27,0.001,0.1
30,1,0.6,0.4,50,28,0.001,0.1
30,1,0.6,0.4,50,29,0.001,0.1
30,1,0.6,0.4,50,30,0.001,0.1
30,1,0.6,0.4,50,31,0.001,0.1
30,1,0.6,0.4,50,32,0.001,0.1
30,1,0.6,0.4,50,33,0.001,0.1
30,1,0.6,0.4,50,34,0.001,0.1
30,1,0.6,0.4,50,35,0.001,0.1
30,1,0.6,0.4,50,36,0.001,0.1
30,1,0.6,0.4,50,37,0.001,0.1
30,1,0.6,0.4,50,38,0.001,0.1
30,1,0.6,0.4,50,39,0.001,0.1
30,1,0.6,0.4,50,40,0.001,0.1
30,1,0.6,0.4,50,41,0.001,0.1
30,1,0.6,0.4,50,42,0.001,0.1
30,1,0.6,0.4,50,43,0.001,0.1
30,1,0.6,0.4,50,44,0.001,0.1
30,1,0.6,0.4,50,45,0.001,0.1
30,1,0.6,0.4,50,46,0.001,0.1
30,1,0.6,0.4,50,47,0.001,0.1
30,1,0.6,0.4,50,48,0.001,0.1
30,1,0.6,0.4,50,49,0.001,0.1
30,1,0.6,0.4,50,50,0.001,0.1
60,1,0.6,0.4,50,1,0.001,0.1
60,1,0.6,0.4,50,2,0.001,0.1
60,1,0.6,0.4,50,3,0.001,0.0749894209332456
60,1,0.6,0.4,50,4,0.001,0.1
60,1,0.6,0.4,50,5,0.001,0.0749894209332456
60,1,0.6,0.4,50,6,0.001,0.0749894209332456
60,1,0.6,0.4,50,7,0.001,0.1
60,1,0.6,0.4,50,8,0.001,0.0749894209332456
60,1,0.6,0.4,50,9,0.001,0.1
60,1,0.6,0.4,50,10,0.001,0.1
60,1,0.6,0.4,50,11,0.001,0.0749894209332456
60,1,0.6,0.4,50,12,0.001,0.0749894209332456
60,1,0.6,0.4,50,13,0.001,0.0749894209332456
60,1,0.6,0.4,50,14,0.001,0.1
60,1,0.6,0.4,50,15,0.001,0.1
60,1,0.6,0.4,50,16,0.001,0.0749894209332456
60,1,0.6,0.4,50,17,0.001,0.1
60,1,0.6,0.4,50,18,0.001,0.1
60,1,0.6,0.4,50,19,0.001,0.0749894209332456
60,1,0.6,0.4,50,20,0.001,0.1
60,1,0.6,0.4,50,21,0.001,0.1
60,1,0.6,0.4,50,22,0.001,0.1
60,1,0.6,0.4,50,23,0.001,0.1
60,1,0.6,0.4,50,24,0.001,0.1
60,1,0.6,0.4,50,25,0.001,0.0749894209332456
60,1,0.6,0.4,50,26,0.001,0.1
60,1,0.6,0.4,50,27,0.001,0.0749894209332456
60,1,0.6,0.4,50,28,0.001,0.1
60,1,0.6,0.4,50,29,0.001,0.1
60,1,0.6,0.4,50,30,0.001,0.1
60,1,0.6,0.4,50,31,0.001,0.1
60,1,0.6,0.4,50,32,0.001,0.1
60,1,0.6,0.4,50,33,0.001,0.0749894209332456
60,1,0.6,0.4,50,34,0.001,0.1
60,1,0.6,0.4,50,35,0.001,0.0749894209332456
60,1,0.6,0.4,50,36,0.001,0.1
60,1,0.6,0.4,50,37,0.001,0.0749894209332456
60,1,0.6,0.4,50,38,0.001,0.1
60,1,0.6,0.4,50,39,0.001,0.0749894209332456
60,1,0.6,0.4,50,40,0.001,0.0749894209332456
60,1,0.6,0.4,50,41,0.001,0.1
60,1,0.6,0.4,50,42,0.001,0.1
60,1,0.6,0.4,50,43,0.001,0.1
60,1,0.6,0.4,50,44,0.001,0.1
60,1,0.6,0.4,50,45,0.001,0.0749894209332456
60,1,0.6,0.4,50,46,0.001,0.0749894209332456
60,1,0.6,0.4,50,47,0.001,0.0749894209332456
60,1,0.6,0.4,50,48,0.001,0.1
60,1,0.6,0.4,50,49,0.001,0.1
60,1,0.6,0.4,50,50,0.001,0.0749894209332456
100,1,0.6,0.4,50,1,0.001,0.0749894209332456
100,1,0.6,0.4,50,2,0.001,0.0749894209332456
100,1,0.6,0.4,50,3,0.001,0.0749894209332456
100,1,0.6,0.4,50,4,0.001,0.0749894209332456
100,1,0.6,0.4,50,5,0.001,0.0749894209332456
100,1,0.6,0.4,50,6,0.001,0.0749894209332456
100,1,0.6,0.4,50,7,0.001,0.0749894209332456
100,1,0.6,0.4,50,8,0.001,0.0749894209332456
100,1,0.6,0.4,50,9,0.001,0.0749894209332456
100,1,0.6,0.4,50,10,0.001,0.0749894209332456
100,1,0.6,0.4,50,11,0.001,0.0749894209332456
100,1,0.6,0.4,50,12,0.001,0.0749894209332456
100,1,0.6,0.4,50,13,0.001,0.0749894209332456
100,1,0.6,0.4,50,14,0.001,0.0749894209332456
100,1,0.6,0.4,50,15,0.001,0.0749894209332456
100,1,0.6,0.4,50,16,0.001,0.0749894209332456
100,1,0.6,0.4,50,17,0.001,0.0749894209332456
100,1,0.6,0.4,50,18,0.001,0.0749894209332456
100,1,0.6,0.4,50,19,0.001,0.0749894209332456
100,1,0.6,0.4,50,20,0.001,0.0749894209332456
100,1,0.6,0.4,50,21,0.001,0.0749894209332456
100,1,0.6,0.4,50,22,0.001,0.0749894209332456
100,1,0.6,0.4,50,23,0.001,0.0749894209332456
100,1,0.6,0.4,50,24,0.001,0.0749894209332456
100,1,0.6,0.4,50,25,0.001,0.0749894209332456
100,1,0.6,0.4,50,26,0.001,0.0749894209332456
100,1,0.6,0.4,50,27,0.001,0.0749894209332456
100,1,0.6,0.4,50,28,0.001,0.0749894209332456
100,1,0.6,0.4,50,29,0.001,0.0749894209332456
100,1,0.6,0.4,50,30,0.001,0.0749894209332456
100,1,0.6,0.4,50,31,0.001,0.0749894209332456
100,1,0.6,0.4,50,32,0.001,0.0749894209332456
100,1,0.6,0.4,50,33,0.001,0.0749894209332456
100,1,0.6,0.4,50,34,0.001,0.0749894209332456
100,1,0.6,0.4,50,35,0.001,0.0749894209332456
100,1,0.6,0.4,50,36,0.001,0.0749894209332456
100,1,0.6,0.4,50,37,0.001,0.0749894209332456
100,1,0.6,0.4,50,38,0.001,0.0749894209332456
100,1,0.6,0.4,50,39,0.001,0.0749894209332456
100,1,0.6,0.4,50,40,0.001,0.0749894209332456
100,1,0.6,0.4,50,41,0.001,0.0749894209332456
100,1,0.6,0.4,50,42,0.001,0.0749894209332456
100,1,0.6,0.4,50,43,0.001,0.0749894209332456
100,1,0.6,0.4,50,44,0.001,0.0749894209332456
100,1,0.6,0.4,50,45,0.001,0.0749894209332456
100,1,0.6,0.4,50,46,0.001,0.0749894209332456
100,1,0.6,0.4,50,47,0.001,0.0749894209332456
100,1,0.6,0.4,50,48,0.001,0.0749894209332456
100,1,0.6,0.4,50,49,0.001,0.0749894209332456
100,1,0.6,0.4,50,50,0.001,0.0749894209332456
10,1.5,0.6,0.4,50,1,1,0.133352143216332
10,1.5,0.6,0.4,50,2,1,0.133352143216332
10,1.5,0.6,0.4,50,3,0.0749894209332456,0.133352143216332
10,1.5,0.6,0.4,50,4,0.316227766016838,0.133352143216332
10,1.5,0.6,0.4,50,5,NA,0.133352143216332
10,1.5,0.6,0.4,50,6,0.562341325190349,0.133352143216332
10,1.5,0.6,0.4,50,7,0.749894209332455,0.133352143216332
10,1.5,0.6,0.4,50,8,0.562341325190349,0.133352143216332
10,1.5,0.6,0.4,50,9,0.562341325190349,0.133352143216332
10,1.5,0.6,0.4,50,10,0.562341325190349,0.133352143216332
10,1.5,0.6,0.4,50,11,0.316227766016838,0.133352143216332
10,1.5,0.6,0.4,50,12,0.421696503428582,0.133352143216332
10,1.5,0.6,0.4,50,13,0.237137370566165,0.133352143216332
10,1.5,0.6,0.4,50,14,0.316227766016838,0.133352143216332
10,1.5,0.6,0.4,50,15,0.562341325190349,0.133352143216332
10,1.5,0.6,0.4,50,16,0.133352143216332,0.133352143216332
10,1.5,0.6,0.4,50,17,0.001,0.133352143216332
10,1.5,0.6,0.4,50,18,0.562341325190349,0.133352143216332
10,1.5,0.6,0.4,50,19,0.421696503428582,0.133352143216332
10,1.5,0.6,0.4,50,20,0.316227766016838,0.133352143216332
10,1.5,0.6,0.4,50,21,0.316227766016838,0.133352143216332
10,1.5,0.6,0.4,50,22,0.1,0.133352143216332
10,1.5,0.6,0.4,50,23,0.1,0.133352143216332
10,1.5,0.6,0.4,50,24,NA,0.133352143216332
10,1.5,0.6,0.4,50,25,0.237137370566165,0.133352143216332
10,1.5,0.6,0.4,50,26,0.562341325190349,0.133352143216332
10,1.5,0.6,0.4,50,27,0.237137370566165,0.133352143216332
10,1.5,0.6,0.4,50,28,0.421696503428582,0.133352143216332
10,1.5,0.6,0.4,50,29,0.562341325190349,0.133352143216332
10,1.5,0.6,0.4,50,30,0.0133352143216332,0.133352143216332
10,1.5,0.6,0.4,50,31,0.316227766016838,0.133352143216332
10,1.5,0.6,0.4,50,32,0.749894209332455,0.133352143216332
10,1.5,0.6,0.4,50,33,1,0.133352143216332
10,1.5,0.6,0.4,50,34,0.00177827941003892,0.133352143216332
10,1.5,0.6,0.4,50,35,0.562341325190349,0.133352143216332
10,1.5,0.6,0.4,50,36,0.421696503428582,0.133352143216332
10,1.5,0.6,0.4,50,37,0.133352143216332,0.133352143216332
10,1.5,0.6,0.4,50,38,0.562341325190349,0.133352143216332
10,1.5,0.6,0.4,50,39,0.237137370566165,0.133352143216332
10,1.5,0.6,0.4,50,40,0.177827941003892,0.133352143216332
10,1.5,0.6,0.4,50,41,0.562341325190349,0.133352143216332
10,1.5,0.6,0.4,50,42,0.749894209332455,0.133352143216332
10,1.5,0.6,0.4,50,43,0.316227766016838,0.133352143216332
10,1.5,0.6,0.4,50,44,0.749894209332455,0.133352143216332
10,1.5,0.6,0.4,50,45,0.562341325190349,0.133352143216332
10,1.5,0.6,0.4,50,46,0.177827941003892,0.133352143216332
10,1.5,0.6,0.4,50,47,0.237137370566165,0.133352143216332
10,1.5,0.6,0.4,50,48,0.749894209332455,0.133352143216332
10,1.5,0.6,0.4,50,49,NA,0.177827941003892
10,1.5,0.6,0.4,50,50,0.0133352143216332,0.133352143216332
30,1.5,0.6,0.4,50,1,0.1,0.0749894209332456
30,1.5,0.6,0.4,50,2,0.133352143216332,0.0749894209332456
30,1.5,0.6,0.4,50,3,0.00749894209332456,0.0749894209332456
30,1.5,0.6,0.4,50,4,0.0562341325190349,0.0749894209332456
30,1.5,0.6,0.4,50,5,0.177827941003892,0.0749894209332456
30,1.5,0.6,0.4,50,6,0.1,0.0749894209332456
30,1.5,0.6,0.4,50,7,0.1,0.0749894209332456
30,1.5,0.6,0.4,50,8,0.0562341325190349,0.0749894209332456
30,1.5,0.6,0.4,50,9,0.0749894209332456,0.0749894209332456
30,1.5,0.6,0.4,50,10,0.0749894209332456,0.0749894209332456
30,1.5,0.6,0.4,50,11,0.0421696503428582,0.0749894209332456
30,1.5,0.6,0.4,50,12,0.0562341325190349,0.0749894209332456
30,1.5,0.6,0.4,50,13,0.0237137370566166,0.0749894209332456
30,1.5,0.6,0.4,50,14,0.0562341325190349,0.0749894209332456
30,1.5,0.6,0.4,50,15,0.0749894209332456,0.0749894209332456
30,1.5,0.6,0.4,50,16,0.0237137370566166,0.0749894209332456
30,1.5,0.6,0.4,50,17,0.001,0.0749894209332456
30,1.5,0.6,0.4,50,18,0.0749894209332456,0.0749894209332456
30,1.5,0.6,0.4,50,19,0.0421696503428582,0.0749894209332456
30,1.5,0.6,0.4,50,20,0.0562341325190349,0.0749894209332456
30,1.5,0.6,0.4,50,21,0.0421696503428582,0.0749894209332456
30,1.5,0.6,0.4,50,22,0.0133352143216332,0.0749894209332456
30,1.5,0.6,0.4,50,23,0.0177827941003892,0.0749894209332456
30,1.5,0.6,0.4,50,24,0.1,0.0749894209332456
30,1.5,0.6,0.4,50,25,0.0421696503428582,0.0749894209332456
30,1.5,0.6,0.4,50,26,0.0749894209332456,0.0749894209332456
30,1.5,0.6,0.4,50,27,0.0421696503428582,0.0749894209332456
30,1.5,0.6,0.4,50,28,0.0749894209332456,0.0749894209332456
30,1.5,0.6,0.4,50,29,0.0562341325190349,0.0749894209332456
30,1.5,0.6,0.4,50,30,0.001,0.0749894209332456
30,1.5,0.6,0.4,50,31,0.0749894209332456,0.0749894209332456
30,1.5,0.6,0.4,50,32,0.1,0.0749894209332456
30,1.5,0.6,0.4,50,33,0.0562341325190349,0.0749894209332456
30,1.5,0.6,0.4,50,34,0.001,0.0749894209332456
30,1.5,0.6,0.4,50,35,0.0749894209332456,0.0749894209332456
30,1.5,0.6,0.4,50,36,0.0562341325190349,0.0749894209332456
30,1.5,0.6,0.4,50,37,0.00749894209332456,0.0749894209332456
30,1.5,0.6,0.4,50,38,0.0562341325190349,0.0749894209332456
30,1.5,0.6,0.4,50,39,0.0316227766016838,0.0749894209332456
30,1.5,0.6,0.4,50,40,0.0421696503428582,0.0749894209332456
30,1.5,0.6,0.4,50,41,0.0749894209332456,0.0749894209332456
30,1.5,0.6,0.4,50,42,0.0749894209332456,0.0749894209332456
30,1.5,0.6,0.4,50,43,0.0562341325190349,0.0749894209332456
30,1.5,0.6,0.4,50,44,0.1,0.0749894209332456
30,1.5,0.6,0.4,50,45,0.0749894209332456,0.0749894209332456
30,1.5,0.6,0.4,50,46,0.0237137370566166,0.0749894209332456
30,1.5,0.6,0.4,50,47,0.0562341325190349,0.0749894209332456
30,1.5,0.6,0.4,50,48,0.1,0.0749894209332456
30,1.5,0.6,0.4,50,49,0.1,0.1
30,1.5,0.6,0.4,50,50,0.001,0.0749894209332456
60,1.5,0.6,0.4,50,1,0.0316227766016838,0.0749894209332456
60,1.5,0.6,0.4,50,2,0.0562341325190349,0.0749894209332456
60,1.5,0.6,0.4,50,3,0.001,0.0562341325190349
60,1.5,0.6,0.4,50,4,0.0237137370566166,0.0749894209332456
60,1.5,0.6,0.4,50,5,0.0749894209332456,0.0562341325190349
60,1.5,0.6,0.4,50,6,0.0421696503428582,0.0562341325190349
60,1.5,0.6,0.4,50,7,0.0421696503428582,0.0749894209332456
60,1.5,0.6,0.4,50,8,0.0237137370566166,0.0562341325190349
60,1.5,0.6,0.4,50,9,0.0316227766016838,0.0562341325190349
60,1.5,0.6,0.4,50,10,0.0316227766016838,0.0749894209332456
60,1.5,0.6,0.4,50,11,0.0177827941003892,0.0562341325190349
60,1.5,0.6,0.4,50,12,0.0316227766016838,0.0562341325190349
60,1.5,0.6,0.4,50,13,0.01,0.0562341325190349
60,1.5,0.6,0.4,50,14,0.0237137370566166,0.0749894209332456
60,1.5,0.6,0.4,50,15,0.0316227766016838,0.0749894209332456
60,1.5,0.6,0.4,50,16,0.01,0.0562341325190349
60,1.5,0.6,0.4,50,17,0.001,0.0749894209332456
60,1.5,0.6,0.4,50,18,0.0316227766016838,0.0562341325190349
60,1.5,0.6,0.4,50,19,0.0237137370566166,0.0562341325190349
60,1.5,0.6,0.4,50,20,0.0316227766016838,0.0749894209332456
60,1.5,0.6,0.4,50,21,0.0177827941003892,0.0749894209332456
60,1.5,0.6,0.4,50,22,0.00421696503428582,0.0749894209332456
60,1.5,0.6,0.4,50,23,0.01,0.0749894209332456
60,1.5,0.6,0.4,50,24,0.0421696503428582,0.0749894209332456
60,1.5,0.6,0.4,50,25,0.0237137370566166,0.0562341325190349
60,1.5,0.6,0.4,50,26,0.0237137370566166,0.0749894209332456
60,1.5,0.6,0.4,50,27,0.01,0.0562341325190349
60,1.5,0.6,0.4,50,28,0.0316227766016838,0.0749894209332456
60,1.5,0.6,0.4,50,29,0.0177827941003892,0.0562341325190349
60,1.5,0.6,0.4,50,30,0.001,0.0749894209332456
60,1.5,0.6,0.4,50,31,0.0316227766016838,0.0749894209332456
60,1.5,0.6,0.4,50,32,0.0421696503428582,0.0749894209332456
60,1.5,0.6,0.4,50,33,0.0316227766016838,0.0562341325190349
60,1.5,0.6,0.4,50,34,0.001,0.0562341325190349
60,1.5,0.6,0.4,50,35,0.0316227766016838,0.0562341325190349
60,1.5,0.6,0.4,50,36,0.0237137370566166,0.0749894209332456
60,1.5,0.6,0.4,50,37,0.00133352143216332,0.0562341325190349
60,1.5,0.6,0.4,50,38,0.0177827941003892,0.0749894209332456
60,1.5,0.6,0.4,50,39,0.0133352143216332,0.0562341325190349
60,1.5,0.6,0.4,50,40,0.0237137370566166,0.0562341325190349
60,1.5,0.6,0.4,50,41,0.0316227766016838,0.0562341325190349
60,1.5,0.6,0.4,50,42,0.0316227766016838,0.0749894209332456
60,1.5,0.6,0.4,50,43,0.0237137370566166,0.0749894209332456
60,1.5,0.6,0.4,50,44,0.0421696503428582,0.0562341325190349
60,1.5,0.6,0.4,50,45,0.0237137370566166,0.0562341325190349
60,1.5,0.6,0.4,50,46,0.01,0.0562341325190349
60,1.5,0.6,0.4,50,47,0.0237137370566166,0.0562341325190349
60,1.5,0.6,0.4,50,48,0.0316227766016838,0.0562341325190349
60,1.5,0.6,0.4,50,49,0.0421696503428582,0.0749894209332456
60,1.5,0.6,0.4,50,50,0.001,0.0562341325190349
100,1.5,0.6,0.4,50,1,0.0237137370566166,0.0562341325190349
100,1.5,0.6,0.4,50,2,0.0421696503428582,0.0562341325190349
100,1.5,0.6,0.4,50,3,0.001,0.0562341325190349
100,1.5,0.6,0.4,50,4,0.0177827941003892,0.0562341325190349
100,1.5,0.6,0.4,50,5,0.0562341325190349,0.0562341325190349
100,1.5,0.6,0.4,50,6,0.0316227766016838,0.0562341325190349
100,1.5,0.6,0.4,50,7,0.0316227766016838,0.0562341325190349
100,1.5,0.6,0.4,50,8,0.0177827941003892,0.0562341325190349
100,1.5,0.6,0.4,50,9,0.0237137370566166,0.0562341325190349
100,1.5,0.6,0.4,50,10,0.0237137370566166,0.0562341325190349
100,1.5,0.6,0.4,50,11,0.0133352143216332,0.0562341325190349
100,1.5,0.6,0.4,50,12,0.0237137370566166,0.0562341325190349
100,1.5,0.6,0.4,50,13,0.00562341325190349,0.0562341325190349
100,1.5,0.6,0.4,50,14,0.0177827941003892,0.0562341325190349
100,1.5,0.6,0.4,50,15,0.0237137370566166,0.0562341325190349
100,1.5,0.6,0.4,50,16,0.00749894209332456,0.0562341325190349
100,1.5,0.6,0.4,50,17,0.001,0.0562341325190349
100,1.5,0.6,0.4,50,18,0.0237137370566166,0.0562341325190349
100,1.5,0.6,0.4,50,19,0.0133352143216332,0.0562341325190349
100,1.5,0.6,0.4,50,20,0.0237137370566166,0.0562341325190349
100,1.5,0.6,0.4,50,21,0.0133352143216332,0.0562341325190349
100,1.5,0.6,0.4,50,22,0.001,0.0562341325190349
100,1.5,0.6,0.4,50,23,0.00749894209332456,0.0562341325190349
100,1.5,0.6,0.4,50,24,0.0316227766016838,0.0562341325190349
100,1.5,0.6,0.4,50,25,0.0133352143216332,0.0562341325190349
100,1.5,0.6,0.4,50,26,0.0133352143216332,0.0562341325190349
100,1.5,0.6,0.4,50,27,0.00749894209332456,0.0562341325190349
100,1.5,0.6,0.4,50,28,0.0237137370566166,0.0562341325190349
100,1.5,0.6,0.4,50,29,0.0133352143216332,0.0562341325190349
100,1.5,0.6,0.4,50,30,0.001,0.0562341325190349
100,1.5,0.6,0.4,50,31,0.0237137370566166,0.0562341325190349
100,1.5,0.6,0.4,50,32,0.0316227766016838,0.0562341325190349
100,1.5,0.6,0.4,50,33,0.0177827941003892,0.0562341325190349
100,1.5,0.6,0.4,50,34,0.001,0.0562341325190349
100,1.5,0.6,0.4,50,35,0.0237137370566166,0.0562341325190349
100,1.5,0.6,0.4,50,36,0.0133352143216332,0.0562341325190349
100,1.5,0.6,0.4,50,37,0.001,0.0562341325190349
100,1.5,0.6,0.4,50,38,0.0133352143216332,0.0562341325190349
100,1.5,0.6,0.4,50,39,0.01,0.0562341325190349
100,1.5,0.6,0.4,50,40,0.0177827941003892,0.0562341325190349
100,1.5,0.6,0.4,50,41,0.0177827941003892,0.0562341325190349
100,1.5,0.6,0.4,50,42,0.0177827941003892,0.0562341325190349
100,1.5,0.6,0.4,50,43,0.01,0.0562341325190349
100,1.5,0.6,0.4,50,44,0.0316227766016838,0.0562341325190349
100,1.5,0.6,0.4,50,45,0.0133352143216332,0.0562341325190349
100,1.5,0.6,0.4,50,46,0.00749894209332456,0.0562341325190349
100,1.5,0.6,0.4,50,47,0.0133352143216332,0.0562341325190349
100,1.5,0.6,0.4,50,48,0.0237137370566166,0.0562341325190349
100,1.5,0.6,0.4,50,49,0.0177827941003892,0.0562341325190349
100,1.5,0.6,0.4,50,50,0.001,0.0562341325190349
10,0.5,0.7,0.4,50,1,0.001,0.316227766016838
10,0.5,0.7,0.4,50,2,0.001,0.316227766016838
10,0.5,0.7,0.4,50,3,0.001,0.316227766016838
10,0.5,0.7,0.4,50,4,0.001,0.316227766016838
10,0.5,0.7,0.4,50,5,0.001,0.316227766016838
10,0.5,0.7,0.4,50,6,0.001,0.316227766016838
10,0.5,0.7,0.4,50,7,0.001,0.316227766016838
10,0.5,0.7,0.4,50,8,0.001,0.316227766016838
10,0.5,0.7,0.4,50,9,0.001,0.316227766016838
10,0.5,0.7,0.4,50,10,0.001,0.316227766016838
10,0.5,0.7,0.4,50,11,0.001,0.316227766016838
10,0.5,0.7,0.4,50,12,0.001,0.316227766016838
10,0.5,0.7,0.4,50,13,0.001,0.316227766016838
10,0.5,0.7,0.4,50,14,0.001,0.316227766016838
10,0.5,0.7,0.4,50,15,0.001,0.316227766016838
10,0.5,0.7,0.4,50,16,0.001,0.316227766016838
10,0.5,0.7,0.4,50,17,0.001,0.316227766016838
10,0.5,0.7,0.4,50,18,0.001,0.316227766016838
10,0.5,0.7,0.4,50,19,0.001,0.316227766016838
10,0.5,0.7,0.4,50,20,0.001,0.316227766016838
10,0.5,0.7,0.4,50,21,0.001,0.316227766016838
10,0.5,0.7,0.4,50,22,0.001,0.316227766016838
10,0.5,0.7,0.4,50,23,0.001,0.316227766016838
10,0.5,0.7,0.4,50,24,0.001,0.316227766016838
10,0.5,0.7,0.4,50,25,0.001,0.316227766016838
10,0.5,0.7,0.4,50,26,0.001,0.316227766016838
10,0.5,0.7,0.4,50,27,0.001,0.316227766016838
10,0.5,0.7,0.4,50,28,0.001,0.316227766016838
10,0.5,0.7,0.4,50,29,0.001,0.316227766016838
10,0.5,0.7,0.4,50,30,0.001,0.316227766016838
10,0.5,0.7,0.4,50,31,0.001,0.316227766016838
10,0.5,0.7,0.4,50,32,0.001,0.316227766016838
10,0.5,0.7,0.4,50,33,0.001,0.316227766016838
10,0.5,0.7,0.4,50,34,0.001,0.316227766016838
10,0.5,0.7,0.4,50,35,0.001,0.316227766016838
10,0.5,0.7,0.4,50,36,0.001,0.316227766016838
10,0.5,0.7,0.4,50,37,0.001,0.316227766016838
10,0.5,0.7,0.4,50,38,0.001,0.316227766016838
10,0.5,0.7,0.4,50,39,0.001,0.316227766016838
10,0.5,0.7,0.4,50,40,0.001,0.316227766016838
10,0.5,0.7,0.4,50,41,0.001,0.316227766016838
10,0.5,0.7,0.4,50,42,0.001,0.316227766016838
10,0.5,0.7,0.4,50,43,0.001,0.316227766016838
10,0.5,0.7,0.4,50,44,0.001,0.316227766016838
10,0.5,0.7,0.4,50,45,0.001,0.316227766016838
10,0.5,0.7,0.4,50,46,0.001,0.316227766016838
10,0.5,0.7,0.4,50,47,0.001,0.316227766016838
10,0.5,0.7,0.4,50,48,0.001,0.316227766016838
10,0.5,0.7,0.4,50,49,0.001,0.316227766016838
10,0.5,0.7,0.4,50,50,0.001,0.316227766016838
30,0.5,0.7,0.4,50,1,0.001,0.177827941003892
30,0.5,0.7,0.4,50,2,0.001,0.177827941003892
30,0.5,0.7,0.4,50,3,0.001,0.177827941003892
30,0.5,0.7,0.4,50,4,0.001,0.177827941003892
30,0.5,0.7,0.4,50,5,0.001,0.177827941003892
30,0.5,0.7,0.4,50,6,0.001,0.177827941003892
30,0.5,0.7,0.4,50,7,0.001,0.177827941003892
30,0.5,0.7,0.4,50,8,0.001,0.177827941003892
30,0.5,0.7,0.4,50,9,0.001,0.177827941003892
30,0.5,0.7,0.4,50,10,0.001,0.177827941003892
30,0.5,0.7,0.4,50,11,0.001,0.177827941003892
30,0.5,0.7,0.4,50,12,0.001,0.177827941003892
30,0.5,0.7,0.4,50,13,0.001,0.177827941003892
30,0.5,0.7,0.4,50,14,0.001,0.177827941003892
30,0.5,0.7,0.4,50,15,0.001,0.177827941003892
30,0.5,0.7,0.4,50,16,0.001,0.177827941003892
30,0.5,0.7,0.4,50,17,0.001,0.177827941003892
30,0.5,0.7,0.4,50,18,0.001,0.177827941003892
30,0.5,0.7,0.4,50,19,0.001,0.177827941003892
30,0.5,0.7,0.4,50,20,0.001,0.177827941003892
30,0.5,0.7,0.4,50,21,0.001,0.177827941003892
30,0.5,0.7,0.4,50,22,0.001,0.177827941003892
30,0.5,0.7,0.4,50,23,0.001,0.177827941003892
30,0.5,0.7,0.4,50,24,0.001,0.177827941003892
30,0.5,0.7,0.4,50,25,0.001,0.177827941003892
30,0.5,0.7,0.4,50,26,0.001,0.177827941003892
30,0.5,0.7,0.4,50,27,0.001,0.177827941003892
30,0.5,0.7,0.4,50,28,0.001,0.177827941003892
30,0.5,0.7,0.4,50,29,0.001,0.177827941003892
30,0.5,0.7,0.4,50,30,0.001,0.177827941003892
30,0.5,0.7,0.4,50,31,0.001,0.177827941003892
30,0.5,0.7,0.4,50,32,0.001,0.177827941003892
30,0.5,0.7,0.4,50,33,0.001,0.177827941003892
30,0.5,0.7,0.4,50,34,0.001,0.177827941003892
30,0.5,0.7,0.4,50,35,0.001,0.177827941003892
30,0.5,0.7,0.4,50,36,0.001,0.177827941003892
30,0.5,0.7,0.4,50,37,0.001,0.177827941003892
30,0.5,0.7,0.4,50,38,0.001,0.177827941003892
30,0.5,0.7,0.4,50,39,0.001,0.177827941003892
30,0.5,0.7,0.4,50,40,0.001,0.177827941003892
30,0.5,0.7,0.4,50,41,0.001,0.177827941003892
30,0.5,0.7,0.4,50,42,0.001,0.177827941003892
30,0.5,0.7,0.4,50,43,0.001,0.177827941003892
30,0.5,0.7,0.4,50,44,0.001,0.177827941003892
30,0.5,0.7,0.4,50,45,0.001,0.177827941003892
30,0.5,0.7,0.4,50,46,0.001,0.177827941003892
30,0.5,0.7,0.4,50,47,0.001,0.177827941003892
30,0.5,0.7,0.4,50,48,0.001,0.177827941003892
30,0.5,0.7,0.4,50,49,0.001,0.177827941003892
30,0.5,0.7,0.4,50,50,0.001,0.177827941003892
60,0.5,0.7,0.4,50,1,0.001,0.133352143216332
60,0.5,0.7,0.4,50,2,0.001,0.133352143216332
60,0.5,0.7,0.4,50,3,0.001,0.133352143216332
60,0.5,0.7,0.4,50,4,0.001,0.133352143216332
60,0.5,0.7,0.4,50,5,0.001,0.133352143216332
60,0.5,0.7,0.4,50,6,0.001,0.133352143216332
60,0.5,0.7,0.4,50,7,0.001,0.133352143216332
60,0.5,0.7,0.4,50,8,0.001,0.133352143216332
60,0.5,0.7,0.4,50,9,0.001,0.133352143216332
60,0.5,0.7,0.4,50,10,0.001,0.133352143216332
60,0.5,0.7,0.4,50,11,0.001,0.133352143216332
60,0.5,0.7,0.4,50,12,0.001,0.133352143216332
60,0.5,0.7,0.4,50,13,0.001,0.133352143216332
60,0.5,0.7,0.4,50,14,0.001,0.133352143216332
60,0.5,0.7,0.4,50,15,0.001,0.133352143216332
60,0.5,0.7,0.4,50,16,0.001,0.133352143216332
60,0.5,0.7,0.4,50,17,0.001,0.133352143216332
60,0.5,0.7,0.4,50,18,0.001,0.133352143216332
60,0.5,0.7,0.4,50,19,0.001,0.133352143216332
60,0.5,0.7,0.4,50,20,0.001,0.133352143216332
60,0.5,0.7,0.4,50,21,0.001,0.133352143216332
60,0.5,0.7,0.4,50,22,0.001,0.133352143216332
60,0.5,0.7,0.4,50,23,0.001,0.133352143216332
60,0.5,0.7,0.4,50,24,0.001,0.133352143216332
60,0.5,0.7,0.4,50,25,0.001,0.133352143216332
60,0.5,0.7,0.4,50,26,0.001,0.133352143216332
60,0.5,0.7,0.4,50,27,0.001,0.133352143216332
60,0.5,0.7,0.4,50,28,0.001,0.133352143216332
60,0.5,0.7,0.4,50,29,0.001,0.133352143216332
60,0.5,0.7,0.4,50,30,0.001,0.133352143216332
60,0.5,0.7,0.4,50,31,0.001,0.133352143216332
60,0.5,0.7,0.4,50,32,0.001,0.133352143216332
60,0.5,0.7,0.4,50,33,0.001,0.133352143216332
60,0.5,0.7,0.4,50,34,0.001,0.133352143216332
60,0.5,0.7,0.4,50,35,0.001,0.133352143216332
60,0.5,0.7,0.4,50,36,0.001,0.133352143216332
60,0.5,0.7,0.4,50,37,0.001,0.133352143216332
60,0.5,0.7,0.4,50,38,0.001,0.133352143216332
60,0.5,0.7,0.4,50,39,0.001,0.133352143216332
60,0.5,0.7,0.4,50,40,0.001,0.133352143216332
60,0.5,0.7,0.4,50,41,0.001,0.133352143216332
60,0.5,0.7,0.4,50,42,0.001,0.133352143216332
60,0.5,0.7,0.4,50,43,0.001,0.133352143216332
60,0.5,0.7,0.4,50,44,0.001,0.133352143216332
60,0.5,0.7,0.4,50,45,0.001,0.133352143216332
60,0.5,0.7,0.4,50,46,0.001,0.133352143216332
60,0.5,0.7,0.4,50,47,0.001,0.133352143216332
60,0.5,0.7,0.4,50,48,0.001,0.133352143216332
60,0.5,0.7,0.4,50,49,0.001,0.133352143216332
60,0.5,0.7,0.4,50,50,0.001,0.133352143216332
100,0.5,0.7,0.4,50,1,0.001,0.133352143216332
100,0.5,0.7,0.4,50,2,0.001,0.133352143216332
100,0.5,0.7,0.4,50,3,0.001,0.133352143216332
100,0.5,0.7,0.4,50,4,0.001,0.133352143216332
100,0.5,0.7,0.4,50,5,0.001,0.133352143216332
100,0.5,0.7,0.4,50,6,0.001,0.133352143216332
100,0.5,0.7,0.4,50,7,0.001,0.133352143216332
100,0.5,0.7,0.4,50,8,0.001,0.133352143216332
100,0.5,0.7,0.4,50,9,0.001,0.133352143216332
100,0.5,0.7,0.4,50,10,0.001,0.133352143216332
100,0.5,0.7,0.4,50,11,0.001,0.133352143216332
100,0.5,0.7,0.4,50,12,0.001,0.133352143216332
100,0.5,0.7,0.4,50,13,0.001,0.133352143216332
100,0.5,0.7,0.4,50,14,0.001,0.133352143216332
100,0.5,0.7,0.4,50,15,0.001,0.133352143216332
100,0.5,0.7,0.4,50,16,0.001,0.133352143216332
100,0.5,0.7,0.4,50,17,0.001,0.133352143216332
100,0.5,0.7,0.4,50,18,0.001,0.133352143216332
100,0.5,0.7,0.4,50,19,0.001,0.133352143216332
100,0.5,0.7,0.4,50,20,0.001,0.133352143216332
100,0.5,0.7,0.4,50,21,0.001,0.133352143216332
100,0.5,0.7,0.4,50,22,0.001,0.133352143216332
100,0.5,0.7,0.4,50,23,0.001,0.133352143216332
100,0.5,0.7,0.4,50,24,0.001,0.133352143216332
100,0.5,0.7,0.4,50,25,0.001,0.133352143216332
100,0.5,0.7,0.4,50,26,0.001,0.133352143216332
100,0.5,0.7,0.4,50,27,0.001,0.133352143216332
100,0.5,0.7,0.4,50,28,0.001,0.133352143216332
100,0.5,0.7,0.4,50,29,0.001,0.133352143216332
100,0.5,0.7,0.4,50,30,0.001,0.133352143216332
100,0.5,0.7,0.4,50,31,0.001,0.133352143216332
100,0.5,0.7,0.4,50,32,0.001,0.133352143216332
100,0.5,0.7,0.4,50,33,0.001,0.133352143216332
100,0.5,0.7,0.4,50,34,0.001,0.133352143216332
100,0.5,0.7,0.4,50,35,0.001,0.133352143216332
100,0.5,0.7,0.4,50,36,0.001,0.133352143216332
100,0.5,0.7,0.4,50,37,0.001,0.133352143216332
100,0.5,0.7,0.4,50,38,0.001,0.133352143216332
100,0.5,0.7,0.4,50,39,0.001,0.133352143216332
100,0.5,0.7,0.4,50,40,0.001,0.133352143216332
100,0.5,0.7,0.4,50,41,0.001,0.133352143216332
100,0.5,0.7,0.4,50,42,0.001,0.133352143216332
100,0.5,0.7,0.4,50,43,0.001,0.133352143216332
100,0.5,0.7,0.4,50,44,0.001,0.133352143216332
100,0.5,0.7,0.4,50,45,0.001,0.133352143216332
100,0.5,0.7,0.4,50,46,0.001,0.133352143216332
100,0.5,0.7,0.4,50,47,0.001,0.133352143216332
100,0.5,0.7,0.4,50,48,0.001,0.133352143216332
100,0.5,0.7,0.4,50,49,0.001,0.133352143216332
100,0.5,0.7,0.4,50,50,0.001,0.133352143216332
10,1,0.7,0.4,50,1,0.001,0.237137370566165
10,1,0.7,0.4,50,2,0.001,0.177827941003892
10,1,0.7,0.4,50,3,0.001,0.177827941003892
10,1,0.7,0.4,50,4,0.001,0.237137370566165
10,1,0.7,0.4,50,5,0.001,0.177827941003892
10,1,0.7,0.4,50,6,0.001,0.177827941003892
10,1,0.7,0.4,50,7,0.001,0.237137370566165
10,1,0.7,0.4,50,8,0.001,0.177827941003892
10,1,0.7,0.4,50,9,0.001,0.177827941003892
10,1,0.7,0.4,50,10,0.001,0.177827941003892
10,1,0.7,0.4,50,11,0.001,0.177827941003892
10,1,0.7,0.4,50,12,0.001,0.237137370566165
10,1,0.7,0.4,50,13,0.001,0.177827941003892
10,1,0.7,0.4,50,14,0.001,0.177827941003892
10,1,0.7,0.4,50,15,0.001,0.237137370566165
10,1,0.7,0.4,50,16,0.001,0.237137370566165
10,1,0.7,0.4,50,17,0.001,0.177827941003892
10,1,0.7,0.4,50,18,0.001,0.177827941003892
10,1,0.7,0.4,50,19,0.001,0.237137370566165
10,1,0.7,0.4,50,20,0.001,0.237137370566165
10,1,0.7,0.4,50,21,0.001,0.177827941003892
10,1,0.7,0.4,50,22,0.001,0.237137370566165
10,1,0.7,0.4,50,23,0.001,0.237137370566165
10,1,0.7,0.4,50,24,0.001,0.237137370566165
10,1,0.7,0.4,50,25,0.001,0.237137370566165
10,1,0.7,0.4,50,26,0.001,0.237137370566165
10,1,0.7,0.4,50,27,0.001,0.177827941003892
10,1,0.7,0.4,50,28,0.001,0.237137370566165
10,1,0.7,0.4,50,29,0.001,0.177827941003892
10,1,0.7,0.4,50,30,0.001,0.177827941003892
10,1,0.7,0.4,50,31,0.001,0.237137370566165
10,1,0.7,0.4,50,32,0.001,0.177827941003892
10,1,0.7,0.4,50,33,0.001,0.237137370566165
10,1,0.7,0.4,50,34,0.001,0.177827941003892
10,1,0.7,0.4,50,35,0.001,0.177827941003892
10,1,0.7,0.4,50,36,0.001,0.237137370566165
10,1,0.7,0.4,50,37,0.001,0.237137370566165
10,1,0.7,0.4,50,38,0.001,0.177827941003892
10,1,0.7,0.4,50,39,0.001,0.177827941003892
10,1,0.7,0.4,50,40,0.001,0.177827941003892
10,1,0.7,0.4,50,41,0.001,0.237137370566165
10,1,0.7,0.4,50,42,0.001,0.177827941003892
10,1,0.7,0.4,50,43,0.001,0.177827941003892
10,1,0.7,0.4,50,44,0.001,0.177827941003892
10,1,0.7,0.4,50,45,0.001,0.177827941003892
10,1,0.7,0.4,50,46,0.001,0.177827941003892
10,1,0.7,0.4,50,47,0.001,0.177827941003892
10,1,0.7,0.4,50,48,0.001,0.177827941003892
10,1,0.7,0.4,50,49,0.001,0.237137370566165
10,1,0.7,0.4,50,50,0.001,0.237137370566165
30,1,0.7,0.4,50,1,0.001,0.1
30,1,0.7,0.4,50,2,0.001,0.1
30,1,0.7,0.4,50,3,0.001,0.1
30,1,0.7,0.4,50,4,0.001,0.133352143216332
30,1,0.7,0.4,50,5,0.001,0.1
30,1,0.7,0.4,50,6,0.001,0.1
30,1,0.7,0.4,50,7,0.001,0.133352143216332
30,1,0.7,0.4,50,8,0.001,0.1
30,1,0.7,0.4,50,9,0.001,0.1
30,1,0.7,0.4,50,10,0.001,0.1
30,1,0.7,0.4,50,11,0.001,0.1
30,1,0.7,0.4,50,12,0.001,0.1
30,1,0.7,0.4,50,13,0.001,0.1
30,1,0.7,0.4,50,14,0.001,0.1
30,1,0.7,0.4,50,15,0.001,0.133352143216332
30,1,0.7,0.4,50,16,0.001,0.133352143216332
30,1,0.7,0.4,50,17,0.001,0.1
30,1,0.7,0.4,50,18,0.001,0.1
30,1,0.7,0.4,50,19,0.001,0.1
30,1,0.7,0.4,50,20,0.001,0.133352143216332
30,1,0.7,0.4,50,21,0.001,0.1
30,1,0.7,0.4,50,22,0.001,0.133352143216332
30,1,0.7,0.4,50,23,0.001,0.133352143216332
30,1,0.7,0.4,50,24,0.001,0.1
30,1,0.7,0.4,50,25,0.001,0.133352143216332
30,1,0.7,0.4,50,26,0.001,0.133352143216332
30,1,0.7,0.4,50,27,0.001,0.1
30,1,0.7,0.4,50,28,0.001,0.133352143216332
30,1,0.7,0.4,50,29,0.001,0.1
30,1,0.7,0.4,50,30,0.001,0.1
30,1,0.7,0.4,50,31,0.001,0.133352143216332
30,1,0.7,0.4,50,32,0.001,0.1
30,1,0.7,0.4,50,33,0.001,0.133352143216332
30,1,0.7,0.4,50,34,0.001,0.1
30,1,0.7,0.4,50,35,0.001,0.1
30,1,0.7,0.4,50,36,0.001,0.133352143216332
30,1,0.7,0.4,50,37,0.001,0.1
30,1,0.7,0.4,50,38,0.001,0.1
30,1,0.7,0.4,50,39,0.001,0.1
30,1,0.7,0.4,50,40,0.001,0.1
30,1,0.7,0.4,50,41,0.001,0.133352143216332
30,1,0.7,0.4,50,42,0.001,0.1
30,1,0.7,0.4,50,43,0.001,0.1
30,1,0.7,0.4,50,44,0.001,0.1
30,1,0.7,0.4,50,45,0.001,0.1
30,1,0.7,0.4,50,46,0.001,0.1
30,1,0.7,0.4,50,47,0.001,0.1
30,1,0.7,0.4,50,48,0.001,0.1
30,1,0.7,0.4,50,49,0.001,0.133352143216332
30,1,0.7,0.4,50,50,0.001,0.133352143216332
60,1,0.7,0.4,50,1,0.001,0.1
60,1,0.7,0.4,50,2,0.001,0.1
60,1,0.7,0.4,50,3,0.001,0.1
60,1,0.7,0.4,50,4,0.001,0.1
60,1,0.7,0.4,50,5,0.001,0.1
60,1,0.7,0.4,50,6,0.001,0.1
60,1,0.7,0.4,50,7,0.001,0.1
60,1,0.7,0.4,50,8,0.001,0.1
60,1,0.7,0.4,50,9,0.001,0.1
60,1,0.7,0.4,50,10,0.001,0.1
60,1,0.7,0.4,50,11,0.001,0.1
60,1,0.7,0.4,50,12,0.001,0.1
60,1,0.7,0.4,50,13,0.001,0.1
60,1,0.7,0.4,50,14,0.001,0.1
60,1,0.7,0.4,50,15,0.001,0.1
60,1,0.7,0.4,50,16,0.001,0.1
60,1,0.7,0.4,50,17,0.001,0.1
60,1,0.7,0.4,50,18,0.001,0.1
60,1,0.7,0.4,50,19,0.001,0.1
60,1,0.7,0.4,50,20,0.001,0.1
60,1,0.7,0.4,50,21,0.001,0.1
60,1,0.7,0.4,50,22,0.001,0.1
60,1,0.7,0.4,50,23,0.001,0.1
60,1,0.7,0.4,50,24,0.001,0.1
60,1,0.7,0.4,50,25,0.001,0.1
60,1,0.7,0.4,50,26,0.001,0.1
60,1,0.7,0.4,50,27,0.001,0.1
60,1,0.7,0.4,50,28,0.001,0.1
60,1,0.7,0.4,50,29,0.001,0.1
60,1,0.7,0.4,50,30,0.001,0.1
60,1,0.7,0.4,50,31,0.001,0.1
60,1,0.7,0.4,50,32,0.001,0.1
60,1,0.7,0.4,50,33,0.001,0.1
60,1,0.7,0.4,50,34,0.001,0.1
60,1,0.7,0.4,50,35,0.001,0.1
60,1,0.7,0.4,50,36,0.001,0.1
60,1,0.7,0.4,50,37,0.001,0.1
60,1,0.7,0.4,50,38,0.001,0.1
60,1,0.7,0.4,50,39,0.001,0.1
60,1,0.7,0.4,50,40,0.001,0.1
60,1,0.7,0.4,50,41,0.001,0.1
60,1,0.7,0.4,50,42,0.001,0.1
60,1,0.7,0.4,50,43,0.001,0.1
60,1,0.7,0.4,50,44,0.001,0.1
60,1,0.7,0.4,50,45,0.001,0.1
60,1,0.7,0.4,50,46,0.001,0.1
60,1,0.7,0.4,50,47,0.001,0.1
60,1,0.7,0.4,50,48,0.001,0.1
60,1,0.7,0.4,50,49,0.001,0.1
60,1,0.7,0.4,50,50,0.001,0.1
100,1,0.7,0.4,50,1,0.001,0.0749894209332456
100,1,0.7,0.4,50,2,0.001,0.0749894209332456
100,1,0.7,0.4,50,3,0.001,0.0749894209332456
100,1,0.7,0.4,50,4,0.001,0.0749894209332456
100,1,0.7,0.4,50,5,0.001,0.0749894209332456
100,1,0.7,0.4,50,6,0.001,0.0749894209332456
100,1,0.7,0.4,50,7,0.001,0.0749894209332456
100,1,0.7,0.4,50,8,0.001,0.0749894209332456
100,1,0.7,0.4,50,9,0.001,0.0749894209332456
100,1,0.7,0.4,50,10,0.001,0.0749894209332456
100,1,0.7,0.4,50,11,0.001,0.0749894209332456
100,1,0.7,0.4,50,12,0.001,0.0749894209332456
100,1,0.7,0.4,50,13,0.001,0.0749894209332456
100,1,0.7,0.4,50,14,0.001,0.0749894209332456
100,1,0.7,0.4,50,15,0.001,0.0749894209332456
100,1,0.7,0.4,50,16,0.001,0.0749894209332456
100,1,0.7,0.4,50,17,0.001,0.0749894209332456
100,1,0.7,0.4,50,18,0.001,0.0749894209332456
100,1,0.7,0.4,50,19,0.001,0.0749894209332456
100,1,0.7,0.4,50,20,0.001,0.0749894209332456
100,1,0.7,0.4,50,21,0.001,0.0749894209332456
100,1,0.7,0.4,50,22,0.001,0.0749894209332456
100,1,0.7,0.4,50,23,0.001,0.0749894209332456
100,1,0.7,0.4,50,24,0.001,0.0749894209332456
100,1,0.7,0.4,50,25,0.001,0.0749894209332456
100,1,0.7,0.4,50,26,0.001,0.0749894209332456
100,1,0.7,0.4,50,27,0.001,0.0749894209332456
100,1,0.7,0.4,50,28,0.001,0.0749894209332456
100,1,0.7,0.4,50,29,0.001,0.0749894209332456
100,1,0.7,0.4,50,30,0.001,0.0749894209332456
100,1,0.7,0.4,50,31,0.001,0.0749894209332456
100,1,0.7,0.4,50,32,0.001,0.0749894209332456
100,1,0.7,0.4,50,33,0.001,0.0749894209332456
100,1,0.7,0.4,50,34,0.001,0.0749894209332456
100,1,0.7,0.4,50,35,0.001,0.0749894209332456
100,1,0.7,0.4,50,36,0.001,0.0749894209332456
100,1,0.7,0.4,50,37,0.001,0.0749894209332456
100,1,0.7,0.4,50,38,0.001,0.0749894209332456
100,1,0.7,0.4,50,39,0.001,0.0749894209332456
100,1,0.7,0.4,50,40,0.001,0.0749894209332456
100,1,0.7,0.4,50,41,0.001,0.0749894209332456
100,1,0.7,0.4,50,42,0.001,0.0749894209332456
100,1,0.7,0.4,50,43,0.001,0.0749894209332456
100,1,0.7,0.4,50,44,0.001,0.0749894209332456
100,1,0.7,0.4,50,45,0.001,0.0749894209332456
100,1,0.7,0.4,50,46,0.001,0.0749894209332456
100,1,0.7,0.4,50,47,0.001,0.0749894209332456
100,1,0.7,0.4,50,48,0.001,0.0749894209332456
100,1,0.7,0.4,50,49,0.001,0.0749894209332456
100,1,0.7,0.4,50,50,0.001,0.0749894209332456
10,1.5,0.7,0.4,50,1,0.237137370566165,0.133352143216332
10,1.5,0.7,0.4,50,2,0.237137370566165,0.133352143216332
10,1.5,0.7,0.4,50,3,0.133352143216332,0.133352143216332
10,1.5,0.7,0.4,50,4,0.1,0.133352143216332
10,1.5,0.7,0.4,50,5,0.316227766016838,0.133352143216332
10,1.5,0.7,0.4,50,6,0.133352143216332,0.133352143216332
10,1.5,0.7,0.4,50,7,0.0749894209332456,0.133352143216332
10,1.5,0.7,0.4,50,8,0.0749894209332456,0.133352143216332
10,1.5,0.7,0.4,50,9,0.316227766016838,0.133352143216332
10,1.5,0.7,0.4,50,10,0.237137370566165,0.133352143216332
10,1.5,0.7,0.4,50,11,0.0133352143216332,0.133352143216332
10,1.5,0.7,0.4,50,12,0.0562341325190349,0.133352143216332
10,1.5,0.7,0.4,50,13,0.133352143216332,0.133352143216332
10,1.5,0.7,0.4,50,14,0.0749894209332456,0.133352143216332
10,1.5,0.7,0.4,50,15,0.133352143216332,0.133352143216332
10,1.5,0.7,0.4,50,16,0.1,0.133352143216332
10,1.5,0.7,0.4,50,17,0.1,0.133352143216332
10,1.5,0.7,0.4,50,18,0.1,0.133352143216332
10,1.5,0.7,0.4,50,19,0.0749894209332456,0.133352143216332
10,1.5,0.7,0.4,50,20,0.0562341325190349,0.133352143216332
10,1.5,0.7,0.4,50,21,0.0749894209332456,0.133352143216332
10,1.5,0.7,0.4,50,22,0.1,0.133352143216332
10,1.5,0.7,0.4,50,23,0.0562341325190349,0.133352143216332
10,1.5,0.7,0.4,50,24,0.0316227766016838,0.133352143216332
10,1.5,0.7,0.4,50,25,0.133352143216332,0.133352143216332
10,1.5,0.7,0.4,50,26,0.1,0.133352143216332
10,1.5,0.7,0.4,50,27,0.177827941003892,0.133352143216332
10,1.5,0.7,0.4,50,28,0.001,0.133352143216332
10,1.5,0.7,0.4,50,29,0.1,0.133352143216332
10,1.5,0.7,0.4,50,30,0.1,0.133352143216332
10,1.5,0.7,0.4,50,31,0.001,0.133352143216332
10,1.5,0.7,0.4,50,32,0.0421696503428582,0.133352143216332
10,1.5,0.7,0.4,50,33,0.177827941003892,0.177827941003892
10,1.5,0.7,0.4,50,34,0.237137370566165,0.133352143216332
10,1.5,0.7,0.4,50,35,0.0562341325190349,0.133352143216332
10,1.5,0.7,0.4,50,36,0.0421696503428582,0.133352143216332
10,1.5,0.7,0.4,50,37,0.237137370566165,0.133352143216332
10,1.5,0.7,0.4,50,38,0.0421696503428582,0.133352143216332
10,1.5,0.7,0.4,50,39,0.0749894209332456,0.133352143216332
10,1.5,0.7,0.4,50,40,0.237137370566165,0.133352143216332
10,1.5,0.7,0.4,50,41,0.177827941003892,0.133352143216332
10,1.5,0.7,0.4,50,42,0.421696503428582,0.133352143216332
10,1.5,0.7,0.4,50,43,0.133352143216332,0.133352143216332
10,1.5,0.7,0.4,50,44,0.177827941003892,0.133352143216332
10,1.5,0.7,0.4,50,45,0.001,0.133352143216332
10,1.5,0.7,0.4,50,46,0.237137370566165,0.133352143216332
10,1.5,0.7,0.4,50,47,0.133352143216332,0.133352143216332
10,1.5,0.7,0.4,50,48,0.0562341325190349,0.133352143216332
10,1.5,0.7,0.4,50,49,0.1,0.177827941003892
10,1.5,0.7,0.4,50,50,0.001,0.133352143216332
30,1.5,0.7,0.4,50,1,0.0316227766016838,0.0749894209332456
30,1.5,0.7,0.4,50,2,0.0421696503428582,0.0749894209332456
30,1.5,0.7,0.4,50,3,0.0237137370566166,0.0749894209332456
30,1.5,0.7,0.4,50,4,0.0177827941003892,0.0749894209332456
30,1.5,0.7,0.4,50,5,0.0562341325190349,0.0749894209332456
30,1.5,0.7,0.4,50,6,0.0237137370566166,0.0749894209332456
30,1.5,0.7,0.4,50,7,0.01,0.0749894209332456
30,1.5,0.7,0.4,50,8,0.0133352143216332,0.0749894209332456
30,1.5,0.7,0.4,50,9,0.0562341325190349,0.0749894209332456
30,1.5,0.7,0.4,50,10,0.0316227766016838,0.0749894209332456
30,1.5,0.7,0.4,50,11,0.001,0.0749894209332456
30,1.5,0.7,0.4,50,12,0.0133352143216332,0.0749894209332456
30,1.5,0.7,0.4,50,13,0.0237137370566166,0.0749894209332456
30,1.5,0.7,0.4,50,14,0.00749894209332456,0.0749894209332456
30,1.5,0.7,0.4,50,15,0.0237137370566166,0.0749894209332456
30,1.5,0.7,0.4,50,16,0.0133352143216332,0.0749894209332456
30,1.5,0.7,0.4,50,17,0.0177827941003892,0.0749894209332456
30,1.5,0.7,0.4,50,18,0.0177827941003892,0.0749894209332456
30,1.5,0.7,0.4,50,19,0.0133352143216332,0.0749894209332456
30,1.5,0.7,0.4,50,20,0.01,0.0749894209332456
30,1.5,0.7,0.4,50,21,0.0133352143216332,0.0749894209332456
30,1.5,0.7,0.4,50,22,0.0177827941003892,0.0749894209332456
30,1.5,0.7,0.4,50,23,0.00316227766016838,0.0749894209332456
30,1.5,0.7,0.4,50,24,0.00316227766016838,0.0749894209332456
30,1.5,0.7,0.4,50,25,0.0133352143216332,0.0749894209332456
30,1.5,0.7,0.4,50,26,0.0133352143216332,0.0749894209332456
30,1.5,0.7,0.4,50,27,0.0316227766016838,0.0749894209332456
30,1.5,0.7,0.4,50,28,0.001,0.0749894209332456
30,1.5,0.7,0.4,50,29,0.001,0.0749894209332456
30,1.5,0.7,0.4,50,30,0.0177827941003892,0.0749894209332456
30,1.5,0.7,0.4,50,31,0.001,0.0749894209332456
30,1.5,0.7,0.4,50,32,0.00562341325190349,0.0749894209332456
30,1.5,0.7,0.4,50,33,0.0237137370566166,0.1
30,1.5,0.7,0.4,50,34,0.0421696503428582,0.0749894209332456
30,1.5,0.7,0.4,50,35,0.00749894209332456,0.0749894209332456
30,1.5,0.7,0.4,50,36,0.00749894209332456,0.0749894209332456
30,1.5,0.7,0.4,50,37,0.0421696503428582,0.0749894209332456
30,1.5,0.7,0.4,50,38,0.00562341325190349,0.0749894209332456
30,1.5,0.7,0.4,50,39,0.0133352143216332,0.0749894209332456
30,1.5,0.7,0.4,50,40,0.0421696503428582,0.0749894209332456
30,1.5,0.7,0.4,50,41,0.0316227766016838,0.0749894209332456
30,1.5,0.7,0.4,50,42,0.0562341325190349,0.0749894209332456
30,1.5,0.7,0.4,50,43,0.0237137370566166,0.0749894209332456
30,1.5,0.7,0.4,50,44,0.0316227766016838,0.0749894209332456
30,1.5,0.7,0.4,50,45,0.001,0.0749894209332456
30,1.5,0.7,0.4,50,46,0.0316227766016838,0.0749894209332456
30,1.5,0.7,0.4,50,47,0.0237137370566166,0.0749894209332456
30,1.5,0.7,0.4,50,48,0.0133352143216332,0.0749894209332456
30,1.5,0.7,0.4,50,49,0.0133352143216332,0.1
30,1.5,0.7,0.4,50,50,0.001,0.0749894209332456
60,1.5,0.7,0.4,50,1,0.0133352143216332,0.0749894209332456
60,1.5,0.7,0.4,50,2,0.0177827941003892,0.0749894209332456
60,1.5,0.7,0.4,50,3,0.0133352143216332,0.0749894209332456
60,1.5,0.7,0.4,50,4,0.01,0.0749894209332456
60,1.5,0.7,0.4,50,5,0.0177827941003892,0.0749894209332456
60,1.5,0.7,0.4,50,6,0.01,0.0562341325190349
60,1.5,0.7,0.4,50,7,0.00316227766016838,0.0749894209332456
60,1.5,0.7,0.4,50,8,0.01,0.0562341325190349
60,1.5,0.7,0.4,50,9,0.0316227766016838,0.0749894209332456
60,1.5,0.7,0.4,50,10,0.01,0.0562341325190349
60,1.5,0.7,0.4,50,11,0.001,0.0562341325190349
60,1.5,0.7,0.4,50,12,0.00749894209332456,0.0749894209332456
60,1.5,0.7,0.4,50,13,0.01,0.0749894209332456
60,1.5,0.7,0.4,50,14,0.001,0.0749894209332456
60,1.5,0.7,0.4,50,15,0.0133352143216332,0.0749894209332456
60,1.5,0.7,0.4,50,16,0.00421696503428582,0.0749894209332456
60,1.5,0.7,0.4,50,17,0.00749894209332456,0.0749894209332456
60,1.5,0.7,0.4,50,18,0.00749894209332456,0.0749894209332456
60,1.5,0.7,0.4,50,19,0.00562341325190349,0.0749894209332456
60,1.5,0.7,0.4,50,20,0.00421696503428582,0.0749894209332456
60,1.5,0.7,0.4,50,21,0.00749894209332456,0.0749894209332456
60,1.5,0.7,0.4,50,22,0.00749894209332456,0.0749894209332456
60,1.5,0.7,0.4,50,23,0.001,0.0749894209332456
60,1.5,0.7,0.4,50,24,0.001,0.0749894209332456
60,1.5,0.7,0.4,50,25,0.00316227766016838,0.0749894209332456
60,1.5,0.7,0.4,50,26,0.00421696503428582,0.0749894209332456
60,1.5,0.7,0.4,50,27,0.0133352143216332,0.0749894209332456
60,1.5,0.7,0.4,50,28,0.001,0.0749894209332456
60,1.5,0.7,0.4,50,29,0.001,0.0749894209332456
60,1.5,0.7,0.4,50,30,0.00749894209332456,0.0749894209332456
60,1.5,0.7,0.4,50,31,0.001,0.0749894209332456
60,1.5,0.7,0.4,50,32,0.00421696503428582,0.0749894209332456
60,1.5,0.7,0.4,50,33,0.01,0.0749894209332456
60,1.5,0.7,0.4,50,34,0.0133352143216332,0.0749894209332456
60,1.5,0.7,0.4,50,35,0.00316227766016838,0.0562341325190349
60,1.5,0.7,0.4,50,36,0.001,0.0749894209332456
60,1.5,0.7,0.4,50,37,0.0177827941003892,0.0749894209332456
60,1.5,0.7,0.4,50,38,0.00133352143216332,0.0749894209332456
60,1.5,0.7,0.4,50,39,0.00562341325190349,0.0749894209332456
60,1.5,0.7,0.4,50,40,0.0177827941003892,0.0562341325190349
60,1.5,0.7,0.4,50,41,0.0133352143216332,0.0749894209332456
60,1.5,0.7,0.4,50,42,0.0237137370566166,0.0749894209332456
60,1.5,0.7,0.4,50,43,0.0133352143216332,0.0749894209332456
60,1.5,0.7,0.4,50,44,0.0133352143216332,0.0749894209332456
60,1.5,0.7,0.4,50,45,0.001,0.0562341325190349
60,1.5,0.7,0.4,50,46,0.0133352143216332,0.0749894209332456
60,1.5,0.7,0.4,50,47,0.01,0.0749894209332456
60,1.5,0.7,0.4,50,48,0.00562341325190349,0.0749894209332456
60,1.5,0.7,0.4,50,49,0.001,0.0749894209332456
60,1.5,0.7,0.4,50,50,0.001,0.0749894209332456
100,1.5,0.7,0.4,50,1,0.00749894209332456,0.0562341325190349
100,1.5,0.7,0.4,50,2,0.0133352143216332,0.0562341325190349
100,1.5,0.7,0.4,50,3,0.01,0.0562341325190349
100,1.5,0.7,0.4,50,4,0.00749894209332456,0.0562341325190349
100,1.5,0.7,0.4,50,5,0.0133352143216332,0.0562341325190349
100,1.5,0.7,0.4,50,6,0.00749894209332456,0.0562341325190349
100,1.5,0.7,0.4,50,7,0.00177827941003892,0.0562341325190349
100,1.5,0.7,0.4,50,8,0.00749894209332456,0.0562341325190349
100,1.5,0.7,0.4,50,9,0.0177827941003892,0.0562341325190349
100,1.5,0.7,0.4,50,10,0.00749894209332456,0.0562341325190349
100,1.5,0.7,0.4,50,11,0.001,0.0562341325190349
100,1.5,0.7,0.4,50,12,0.00316227766016838,0.0562341325190349
100,1.5,0.7,0.4,50,13,0.00749894209332456,0.0562341325190349
100,1.5,0.7,0.4,50,14,0.001,0.0562341325190349
100,1.5,0.7,0.4,50,15,0.01,0.0562341325190349
100,1.5,0.7,0.4,50,16,0.00177827941003892,0.0562341325190349
100,1.5,0.7,0.4,50,17,0.00562341325190349,0.0562341325190349
100,1.5,0.7,0.4,50,18,0.00562341325190349,0.0562341325190349
100,1.5,0.7,0.4,50,19,0.00421696503428582,0.0562341325190349
100,1.5,0.7,0.4,50,20,0.00237137370566166,0.0562341325190349
100,1.5,0.7,0.4,50,21,0.00562341325190349,0.0562341325190349
100,1.5,0.7,0.4,50,22,0.00562341325190349,0.0562341325190349
100,1.5,0.7,0.4,50,23,0.001,0.0562341325190349
100,1.5,0.7,0.4,50,24,0.001,0.0562341325190349
100,1.5,0.7,0.4,50,25,0.001,0.0562341325190349
100,1.5,0.7,0.4,50,26,0.00133352143216332,0.0562341325190349
100,1.5,0.7,0.4,50,27,0.01,0.0562341325190349
100,1.5,0.7,0.4,50,28,0.001,0.0562341325190349
100,1.5,0.7,0.4,50,29,0.001,0.0562341325190349
100,1.5,0.7,0.4,50,30,0.00562341325190349,0.0562341325190349
100,1.5,0.7,0.4,50,31,0.001,0.0562341325190349
100,1.5,0.7,0.4,50,32,0.00316227766016838,0.0562341325190349
100,1.5,0.7,0.4,50,33,0.00562341325190349,0.0562341325190349
100,1.5,0.7,0.4,50,34,0.00562341325190349,0.0562341325190349
100,1.5,0.7,0.4,50,35,0.00133352143216332,0.0562341325190349
100,1.5,0.7,0.4,50,36,0.001,0.0562341325190349
100,1.5,0.7,0.4,50,37,0.01,0.0562341325190349
100,1.5,0.7,0.4,50,38,0.001,0.0562341325190349
100,1.5,0.7,0.4,50,39,0.00237137370566166,0.0562341325190349
100,1.5,0.7,0.4,50,40,0.0133352143216332,0.0562341325190349
100,1.5,0.7,0.4,50,41,0.01,0.0562341325190349
100,1.5,0.7,0.4,50,42,0.0133352143216332,0.0562341325190349
100,1.5,0.7,0.4,50,43,0.01,0.0562341325190349
100,1.5,0.7,0.4,50,44,0.01,0.0562341325190349
100,1.5,0.7,0.4,50,45,0.001,0.0562341325190349
100,1.5,0.7,0.4,50,46,0.01,0.0562341325190349
100,1.5,0.7,0.4,50,47,0.00562341325190349,0.0562341325190349
100,1.5,0.7,0.4,50,48,0.00316227766016838,0.0562341325190349
100,1.5,0.7,0.4,50,49,0.001,0.0562341325190349
100,1.5,0.7,0.4,50,50,0.001,0.0562341325190349
